
  .   ____          _            __ _ _
 /\\ / ___'_ __ _ _(_)_ __  __ _ \ \ \ \
( ( )\___ | '_ | '_| | '_ \/ _` | \ \ \ \
 \\/  ___)| |_)| | | | | || (_| |  ) ) ) )
  '  |____| .__|_| |_|_| |_\__, | / / / /
 =========|_|==============|___/=/_/_/_/

 :: Spring Boot ::                (v3.4.1)

2026-08-28T22:37:08.979+05:30  INFO 12968 --- [api-gateway] [           main] com.bmp.gateway.ApiGatewayApplication    : Starting ApiGatewayApplication using Java 21.0.11 with PID 12968 (C:\BMP -PRJ\BMP\api-gateway\target\classes started by Lenovo in C:\BMP -PRJ\BMP\api-gateway)
2026-08-28T22:37:08.984+05:30  INFO 12968 --- [api-gateway] [           main] com.bmp.gateway.ApiGatewayApplication    : No active profile set, falling back to 1 default profile: "default"
2026-08-28T22:37:09.080+05:30  INFO 12968 --- [api-gateway] [           main] o.s.c.c.c.ConfigServerConfigDataLoader   : Fetching config from server at : http://localhost:8888
2026-08-28T22:37:09.080+05:30  INFO 12968 --- [api-gateway] [           main] o.s.c.c.c.ConfigServerConfigDataLoader   : Located environment: name=api-gateway, profiles=[default], label=null, version=e49a1a5dcfcb36643a08d9529e85f702a6d4d502, state=
2026-08-28T22:37:12.272+05:30  INFO 12968 --- [api-gateway] [           main] faultConfiguringBeanFactoryPostProcessor : No bean named 'errorChannel' has been explicitly defined. Therefore, a default PublishSubscribeChannel will be created.
2026-08-28T22:37:12.300+05:30  INFO 12968 --- [api-gateway] [           main] faultConfiguringBeanFactoryPostProcessor : No bean named 'integrationHeaderChannelRegistry' has been explicitly defined. Therefore, a default DefaultHeaderChannelRegistry will be created.
2026-08-28T22:37:12.684+05:30  INFO 12968 --- [api-gateway] [           main] o.s.cloud.context.scope.GenericScope     : BeanFactory id=c8769c04-4054-3385-bc3f-8119bf18370f
2026-08-28T22:37:15.762+05:30  INFO 12968 --- [api-gateway] [           main] o.s.c.g.r.RouteDefinitionRouteLocator    : Loaded RoutePredicateFactory [After]
2026-08-28T22:37:15.763+05:30  INFO 12968 --- [api-gateway] [           main] o.s.c.g.r.RouteDefinitionRouteLocator    : Loaded RoutePredicateFactory [Before]
2026-08-28T22:37:15.764+05:30  INFO 12968 --- [api-gateway] [           main] o.s.c.g.r.RouteDefinitionRouteLocator    : Loaded RoutePredicateFactory [Between]
2026-08-28T22:37:15.764+05:30  INFO 12968 --- [api-gateway] [           main] o.s.c.g.r.RouteDefinitionRouteLocator    : Loaded RoutePredicateFactory [Cookie]
2026-08-28T22:37:15.764+05:30  INFO 12968 --- [api-gateway] [           main] o.s.c.g.r.RouteDefinitionRouteLocator    : Loaded RoutePredicateFactory [Header]
2026-08-28T22:37:15.764+05:30  INFO 12968 --- [api-gateway] [           main] o.s.c.g.r.RouteDefinitionRouteLocator    : Loaded RoutePredicateFactory [Host]
2026-08-28T22:37:15.765+05:30  INFO 12968 --- [api-gateway] [           main] o.s.c.g.r.RouteDefinitionRouteLocator    : Loaded RoutePredicateFactory [Method]
2026-08-28T22:37:15.766+05:30  INFO 12968 --- [api-gateway] [           main] o.s.c.g.r.RouteDefinitionRouteLocator    : Loaded RoutePredicateFactory [Path]
2026-08-28T22:37:15.767+05:30  INFO 12968 --- [api-gateway] [           main] o.s.c.g.r.RouteDefinitionRouteLocator    : Loaded RoutePredicateFactory [Query]
2026-08-28T22:37:15.767+05:30  INFO 12968 --- [api-gateway] [           main] o.s.c.g.r.RouteDefinitionRouteLocator    : Loaded RoutePredicateFactory [ReadBody]
2026-08-28T22:37:15.767+05:30  INFO 12968 --- [api-gateway] [           main] o.s.c.g.r.RouteDefinitionRouteLocator    : Loaded RoutePredicateFactory [RemoteAddr]
2026-08-28T22:37:15.768+05:30  INFO 12968 --- [api-gateway] [           main] o.s.c.g.r.RouteDefinitionRouteLocator    : Loaded RoutePredicateFactory [XForwardedRemoteAddr]
2026-08-28T22:37:15.769+05:30  INFO 12968 --- [api-gateway] [           main] o.s.c.g.r.RouteDefinitionRouteLocator    : Loaded RoutePredicateFactory [Weight]
2026-08-28T22:37:15.770+05:30  INFO 12968 --- [api-gateway] [           main] o.s.c.g.r.RouteDefinitionRouteLocator    : Loaded RoutePredicateFactory [CloudFoundryRouteService]
2026-08-28T22:37:16.558+05:30  INFO 12968 --- [api-gateway] [           main] o.s.b.a.e.web.EndpointLinksResolver      : Exposing 4 endpoints beneath base path '/actuator'
2026-08-28T22:37:17.592+05:30  INFO 12968 --- [api-gateway] [           main] o.s.c.s.m.DirectWithAttributesChannel    : Channel 'api-gateway.springCloudBusInput' has 1 subscriber(s).
2026-08-28T22:37:18.449+05:30  INFO 12968 --- [api-gateway] [           main] DiscoveryClientOptionalArgsConfiguration : Eureka HTTP Client uses RestTemplate.
2026-08-28T22:37:18.556+05:30  WARN 12968 --- [api-gateway] [           main] iguration$LoadBalancerCaffeineWarnLogger : Spring Cloud LoadBalancer is currently working with the default cache. While this cache implementation is useful for development and tests, it's recommended to use Caffeine cache in production.You can switch to using Caffeine cache, by adding it and org.springframework.cache.caffeine.CaffeineCacheManager to the classpath.
2026-08-28T22:37:18.853+05:30  INFO 12968 --- [api-gateway] [           main] o.s.i.endpoint.EventDrivenConsumer       : Adding {logging-channel-adapter:_org.springframework.integration.errorLogger} as a subscriber to the 'errorChannel' channel
2026-08-28T22:37:18.854+05:30  INFO 12968 --- [api-gateway] [           main] o.s.i.channel.PublishSubscribeChannel    : Channel 'api-gateway.errorChannel' has 1 subscriber(s).
2026-08-28T22:37:18.855+05:30  INFO 12968 --- [api-gateway] [           main] o.s.i.endpoint.EventDrivenConsumer       : started bean '_org.springframework.integration.errorLogger'
2026-08-28T22:37:18.893+05:30  INFO 12968 --- [api-gateway] [           main] o.s.c.n.eureka.InstanceInfoFactory       : Setting initial instance status as: STARTING
2026-08-28T22:37:18.952+05:30  INFO 12968 --- [api-gateway] [           main] com.netflix.discovery.DiscoveryClient    : Initializing Eureka in region us-east-1
2026-08-28T22:37:18.962+05:30  INFO 12968 --- [api-gateway] [           main] c.n.d.s.r.aws.ConfigClusterResolver      : Resolving eureka endpoints via configuration
2026-08-28T22:37:18.984+05:30  INFO 12968 --- [api-gateway] [           main] com.netflix.discovery.DiscoveryClient    : Disable delta property : false
2026-08-28T22:37:18.985+05:30  INFO 12968 --- [api-gateway] [           main] com.netflix.discovery.DiscoveryClient    : Single vip registry refresh property : null
2026-08-28T22:37:18.985+05:30  INFO 12968 --- [api-gateway] [           main] com.netflix.discovery.DiscoveryClient    : Force full registry fetch : false
2026-08-28T22:37:18.985+05:30  INFO 12968 --- [api-gateway] [           main] com.netflix.discovery.DiscoveryClient    : Application is null : false
2026-08-28T22:37:18.985+05:30  INFO 12968 --- [api-gateway] [           main] com.netflix.discovery.DiscoveryClient    : Registered Applications size is zero : true
2026-08-28T22:37:18.985+05:30  INFO 12968 --- [api-gateway] [           main] com.netflix.discovery.DiscoveryClient    : Application version is -1: true
2026-08-28T22:37:18.985+05:30  INFO 12968 --- [api-gateway] [           main] com.netflix.discovery.DiscoveryClient    : Getting all instance registry info from the eureka server
2026-08-28T22:37:19.863+05:30  INFO 12968 --- [api-gateway] [           main] com.netflix.discovery.DiscoveryClient    : The response status is 200
2026-08-28T22:37:19.867+05:30  INFO 12968 --- [api-gateway] [           main] com.netflix.discovery.DiscoveryClient    : Starting heartbeat executor: renew interval is: 30
2026-08-28T22:37:19.870+05:30  INFO 12968 --- [api-gateway] [           main] c.n.discovery.InstanceInfoReplicator     : InstanceInfoReplicator onDemand update allowed rate per min is 4
2026-08-28T22:37:19.873+05:30  INFO 12968 --- [api-gateway] [           main] com.netflix.discovery.DiscoveryClient    : Discovery Client initialized at timestamp 1787936839872 with initial instances count: 11
2026-08-28T22:37:19.877+05:30  INFO 12968 --- [api-gateway] [           main] o.s.c.n.e.s.EurekaServiceRegistry        : Registering application API-GATEWAY with eureka with status UP
2026-08-28T22:37:19.881+05:30  INFO 12968 --- [api-gateway] [           main] com.netflix.discovery.DiscoveryClient    : Saw local status change event StatusChangeEvent [timestamp=1787936839880, current=UP, previous=STARTING]
2026-08-28T22:37:19.885+05:30  INFO 12968 --- [api-gateway] [foReplicator-%d] com.netflix.discovery.DiscoveryClient    : DiscoveryClient_API-GATEWAY/Darshan.mshome.net:api-gateway:8080: registering service...
2026-08-28T22:37:19.989+05:30  INFO 12968 --- [api-gateway] [foReplicator-%d] com.netflix.discovery.DiscoveryClient    : DiscoveryClient_API-GATEWAY/Darshan.mshome.net:api-gateway:8080 - registration status: 204
2026-08-28T22:37:20.396+05:30  INFO 12968 --- [api-gateway] [           main] o.s.b.web.embedded.netty.NettyWebServer  : Netty started on port 8080 (http)
2026-08-28T22:37:20.400+05:30  INFO 12968 --- [api-gateway] [           main] .s.c.n.e.s.EurekaAutoServiceRegistration : Updating port to 8080
2026-08-28T22:37:20.422+05:30  INFO 12968 --- [api-gateway] [           main] o.s.c.s.binder.DefaultBinderFactory      : Creating binder: kafka
2026-08-28T22:37:20.423+05:30  INFO 12968 --- [api-gateway] [           main] o.s.c.s.binder.DefaultBinderFactory      : Constructing binder child context for kafka
2026-08-28T22:37:21.098+05:30  INFO 12968 --- [api-gateway] [           main] o.s.c.s.binder.DefaultBinderFactory      : Caching the binder: kafka
2026-08-28T22:37:21.188+05:30  INFO 12968 --- [api-gateway] [           main] o.a.k.clients.admin.AdminClientConfig    : AdminClientConfig values: 
	auto.include.jmx.reporter = true
	bootstrap.controllers = []
	bootstrap.servers = [localhost:9092]
	client.dns.lookup = use_all_dns_ips
	client.id = 
	connections.max.idle.ms = 300000
	default.api.timeout.ms = 60000
	enable.metrics.push = true
	metadata.max.age.ms = 300000
	metadata.recovery.strategy = none
	metric.reporters = []
	metrics.num.samples = 2
	metrics.recording.level = INFO
	metrics.sample.window.ms = 30000
	receive.buffer.bytes = 65536
	reconnect.backoff.max.ms = 1000
	reconnect.backoff.ms = 50
	request.timeout.ms = 30000
	retries = 2147483647
	retry.backoff.max.ms = 1000
	retry.backoff.ms = 100
	sasl.client.callback.handler.class = null
	sasl.jaas.config = null
	sasl.kerberos.kinit.cmd = /usr/bin/kinit
	sasl.kerberos.min.time.before.relogin = 60000
	sasl.kerberos.service.name = null
	sasl.kerberos.ticket.renew.jitter = 0.05
	sasl.kerberos.ticket.renew.window.factor = 0.8
	sasl.login.callback.handler.class = null
	sasl.login.class = null
	sasl.login.connect.timeout.ms = null
	sasl.login.read.timeout.ms = null
	sasl.login.refresh.buffer.seconds = 300
	sasl.login.refresh.min.period.seconds = 60
	sasl.login.refresh.window.factor = 0.8
	sasl.login.refresh.window.jitter = 0.05
	sasl.login.retry.backoff.max.ms = 10000
	sasl.login.retry.backoff.ms = 100
	sasl.mechanism = GSSAPI
	sasl.oauthbearer.clock.skew.seconds = 30
	sasl.oauthbearer.expected.audience = null
	sasl.oauthbearer.expected.issuer = null
	sasl.oauthbearer.jwks.endpoint.refresh.ms = 3600000
	sasl.oauthbearer.jwks.endpoint.retry.backoff.max.ms = 10000
	sasl.oauthbearer.jwks.endpoint.retry.backoff.ms = 100
	sasl.oauthbearer.jwks.endpoint.url = null
	sasl.oauthbearer.scope.claim.name = scope
	sasl.oauthbearer.sub.claim.name = sub
	sasl.oauthbearer.token.endpoint.url = null
	security.protocol = PLAINTEXT
	security.providers = null
	send.buffer.bytes = 131072
	socket.connection.setup.timeout.max.ms = 30000
	socket.connection.setup.timeout.ms = 10000
	ssl.cipher.suites = null
	ssl.enabled.protocols = [TLSv1.2, TLSv1.3]
	ssl.endpoint.identification.algorithm = https
	ssl.engine.factory.class = null
	ssl.key.password = null
	ssl.keymanager.algorithm = SunX509
	ssl.keystore.certificate.chain = null
	ssl.keystore.key = null
	ssl.keystore.location = null
	ssl.keystore.password = null
	ssl.keystore.type = JKS
	ssl.protocol = TLSv1.3
	ssl.provider = null
	ssl.secure.random.implementation = null
	ssl.trustmanager.algorithm = PKIX
	ssl.truststore.certificates = null
	ssl.truststore.location = null
	ssl.truststore.password = null
	ssl.truststore.type = JKS

2026-08-28T22:37:21.497+05:30  INFO 12968 --- [api-gateway] [           main] o.a.kafka.common.utils.AppInfoParser     : Kafka version: 3.8.1
2026-08-28T22:37:21.498+05:30  INFO 12968 --- [api-gateway] [           main] o.a.kafka.common.utils.AppInfoParser     : Kafka commitId: 70d6ff42debf7e17
2026-08-28T22:37:21.498+05:30  INFO 12968 --- [api-gateway] [           main] o.a.kafka.common.utils.AppInfoParser     : Kafka startTimeMs: 1787936841491
2026-08-28T22:37:22.689+05:30  INFO 12968 --- [api-gateway] [| adminclient-1] o.a.kafka.common.utils.AppInfoParser     : App info kafka.admin.client for adminclient-1 unregistered
2026-08-28T22:37:22.712+05:30  INFO 12968 --- [api-gateway] [| adminclient-1] o.apache.kafka.common.metrics.Metrics    : Metrics scheduler closed
2026-08-28T22:37:22.712+05:30  INFO 12968 --- [api-gateway] [| adminclient-1] o.apache.kafka.common.metrics.Metrics    : Closing reporter org.apache.kafka.common.metrics.JmxReporter
2026-08-28T22:37:22.712+05:30  INFO 12968 --- [api-gateway] [| adminclient-1] o.apache.kafka.common.metrics.Metrics    : Metrics reporters closed
2026-08-28T22:37:22.745+05:30  INFO 12968 --- [api-gateway] [           main] o.a.k.clients.consumer.ConsumerConfig    : ConsumerConfig values: 
	allow.auto.create.topics = true
	auto.commit.interval.ms = 100
	auto.include.jmx.reporter = true
	auto.offset.reset = latest
	bootstrap.servers = [localhost:9092]
	check.crcs = true
	client.dns.lookup = use_all_dns_ips
	client.id = consumer-anonymous.d608ff14-825d-4caa-8131-47b66c50a5c0-1
	client.rack = 
	connections.max.idle.ms = 540000
	default.api.timeout.ms = 60000
	enable.auto.commit = false
	enable.metrics.push = true
	exclude.internal.topics = true
	fetch.max.bytes = 52428800
	fetch.max.wait.ms = 500
	fetch.min.bytes = 1
	group.id = anonymous.d608ff14-825d-4caa-8131-47b66c50a5c0
	group.instance.id = null
	group.protocol = classic
	group.remote.assignor = null
	heartbeat.interval.ms = 3000
	interceptor.classes = []
	internal.leave.group.on.close = true
	internal.throw.on.fetch.stable.offset.unsupported = false
	isolation.level = read_uncommitted
	key.deserializer = class org.apache.kafka.common.serialization.ByteArrayDeserializer
	max.partition.fetch.bytes = 1048576
	max.poll.interval.ms = 300000
	max.poll.records = 500
	metadata.max.age.ms = 300000
	metadata.recovery.strategy = none
	metric.reporters = []
	metrics.num.samples = 2
	metrics.recording.level = INFO
	metrics.sample.window.ms = 30000
	partition.assignment.strategy = [class org.apache.kafka.clients.consumer.RangeAssignor, class org.apache.kafka.clients.consumer.CooperativeStickyAssignor]
	receive.buffer.bytes = 65536
	reconnect.backoff.max.ms = 1000
	reconnect.backoff.ms = 50
	request.timeout.ms = 30000
	retry.backoff.max.ms = 1000
	retry.backoff.ms = 100
	sasl.client.callback.handler.class = null
	sasl.jaas.config = null
	sasl.kerberos.kinit.cmd = /usr/bin/kinit
	sasl.kerberos.min.time.before.relogin = 60000
	sasl.kerberos.service.name = null
	sasl.kerberos.ticket.renew.jitter = 0.05
	sasl.kerberos.ticket.renew.window.factor = 0.8
	sasl.login.callback.handler.class = null
	sasl.login.class = null
	sasl.login.connect.timeout.ms = null
	sasl.login.read.timeout.ms = null
	sasl.login.refresh.buffer.seconds = 300
	sasl.login.refresh.min.period.seconds = 60
	sasl.login.refresh.window.factor = 0.8
	sasl.login.refresh.window.jitter = 0.05
	sasl.login.retry.backoff.max.ms = 10000
	sasl.login.retry.backoff.ms = 100
	sasl.mechanism = GSSAPI
	sasl.oauthbearer.clock.skew.seconds = 30
	sasl.oauthbearer.expected.audience = null
	sasl.oauthbearer.expected.issuer = null
	sasl.oauthbearer.jwks.endpoint.refresh.ms = 3600000
	sasl.oauthbearer.jwks.endpoint.retry.backoff.max.ms = 10000
	sasl.oauthbearer.jwks.endpoint.retry.backoff.ms = 100
	sasl.oauthbearer.jwks.endpoint.url = null
	sasl.oauthbearer.scope.claim.name = scope
	sasl.oauthbearer.sub.claim.name = sub
	sasl.oauthbearer.token.endpoint.url = null
	security.protocol = PLAINTEXT
	security.providers = null
	send.buffer.bytes = 131072
	session.timeout.ms = 45000
	socket.connection.setup.timeout.max.ms = 30000
	socket.connection.setup.timeout.ms = 10000
	ssl.cipher.suites = null
	ssl.enabled.protocols = [TLSv1.2, TLSv1.3]
	ssl.endpoint.identification.algorithm = https
	ssl.engine.factory.class = null
	ssl.key.password = null
	ssl.keymanager.algorithm = SunX509
	ssl.keystore.certificate.chain = null
	ssl.keystore.key = null
	ssl.keystore.location = null
	ssl.keystore.password = null
	ssl.keystore.type = JKS
	ssl.protocol = TLSv1.3
	ssl.provider = null
	ssl.secure.random.implementation = null
	ssl.trustmanager.algorithm = PKIX
	ssl.truststore.certificates = null
	ssl.truststore.location = null
	ssl.truststore.password = null
	ssl.truststore.type = JKS
	value.deserializer = class org.apache.kafka.common.serialization.ByteArrayDeserializer

2026-08-28T22:37:22.847+05:30  INFO 12968 --- [api-gateway] [           main] o.a.k.c.t.i.KafkaMetricsCollector        : initializing Kafka metrics collector
2026-08-28T22:37:22.995+05:30  INFO 12968 --- [api-gateway] [           main] o.a.kafka.common.utils.AppInfoParser     : Kafka version: 3.8.1
2026-08-28T22:37:22.995+05:30  INFO 12968 --- [api-gateway] [           main] o.a.kafka.common.utils.AppInfoParser     : Kafka commitId: 70d6ff42debf7e17
2026-08-28T22:37:22.995+05:30  INFO 12968 --- [api-gateway] [           main] o.a.kafka.common.utils.AppInfoParser     : Kafka startTimeMs: 1787936842995
2026-08-28T22:37:23.087+05:30  INFO 12968 --- [api-gateway] [           main] org.apache.kafka.clients.Metadata        : [Consumer clientId=consumer-anonymous.d608ff14-825d-4caa-8131-47b66c50a5c0-1, groupId=anonymous.d608ff14-825d-4caa-8131-47b66c50a5c0] Cluster ID: 5L6g3nShT-eMCtK--X86sw
2026-08-28T22:37:23.099+05:30  INFO 12968 --- [api-gateway] [           main] o.a.k.c.c.internals.ConsumerCoordinator  : [Consumer clientId=consumer-anonymous.d608ff14-825d-4caa-8131-47b66c50a5c0-1, groupId=anonymous.d608ff14-825d-4caa-8131-47b66c50a5c0] Resetting generation and member id due to: consumer pro-actively leaving the group
2026-08-28T22:37:23.100+05:30  INFO 12968 --- [api-gateway] [           main] o.a.k.c.c.internals.ConsumerCoordinator  : [Consumer clientId=consumer-anonymous.d608ff14-825d-4caa-8131-47b66c50a5c0-1, groupId=anonymous.d608ff14-825d-4caa-8131-47b66c50a5c0] Request joining group due to: consumer pro-actively leaving the group
2026-08-28T22:37:23.115+05:30  INFO 12968 --- [api-gateway] [           main] o.apache.kafka.common.metrics.Metrics    : Metrics scheduler closed
2026-08-28T22:37:23.116+05:30  INFO 12968 --- [api-gateway] [           main] o.apache.kafka.common.metrics.Metrics    : Closing reporter org.apache.kafka.common.metrics.JmxReporter
2026-08-28T22:37:23.116+05:30  INFO 12968 --- [api-gateway] [           main] o.apache.kafka.common.metrics.Metrics    : Closing reporter org.apache.kafka.common.telemetry.internals.ClientTelemetryReporter
2026-08-28T22:37:23.116+05:30  INFO 12968 --- [api-gateway] [           main] o.apache.kafka.common.metrics.Metrics    : Metrics reporters closed
2026-08-28T22:37:23.132+05:30  INFO 12968 --- [api-gateway] [           main] o.a.kafka.common.utils.AppInfoParser     : App info kafka.consumer for consumer-anonymous.d608ff14-825d-4caa-8131-47b66c50a5c0-1 unregistered
2026-08-28T22:37:23.215+05:30  INFO 12968 --- [api-gateway] [           main] o.s.c.stream.binder.BinderErrorChannel   : Channel 'kafka-437499329.springCloudBusInput.errors' has 1 subscriber(s).
2026-08-28T22:37:23.217+05:30  INFO 12968 --- [api-gateway] [           main] o.s.c.stream.binder.BinderErrorChannel   : Channel 'kafka-437499329.springCloudBusInput.errors' has 0 subscriber(s).
2026-08-28T22:37:23.217+05:30  INFO 12968 --- [api-gateway] [           main] o.s.c.stream.binder.BinderErrorChannel   : Channel 'kafka-437499329.springCloudBusInput.errors' has 1 subscriber(s).
2026-08-28T22:37:23.217+05:30  INFO 12968 --- [api-gateway] [           main] o.s.c.stream.binder.BinderErrorChannel   : Channel 'kafka-437499329.springCloudBusInput.errors' has 2 subscriber(s).
2026-08-28T22:37:23.268+05:30  INFO 12968 --- [api-gateway] [           main] o.a.k.clients.consumer.ConsumerConfig    : ConsumerConfig values: 
	allow.auto.create.topics = true
	auto.commit.interval.ms = 100
	auto.include.jmx.reporter = true
	auto.offset.reset = latest
	bootstrap.servers = [localhost:9092]
	check.crcs = true
	client.dns.lookup = use_all_dns_ips
	client.id = consumer-anonymous.d608ff14-825d-4caa-8131-47b66c50a5c0-2
	client.rack = 
	connections.max.idle.ms = 540000
	default.api.timeout.ms = 60000
	enable.auto.commit = false
	enable.metrics.push = true
	exclude.internal.topics = true
	fetch.max.bytes = 52428800
	fetch.max.wait.ms = 500
	fetch.min.bytes = 1
	group.id = anonymous.d608ff14-825d-4caa-8131-47b66c50a5c0
	group.instance.id = null
	group.protocol = classic
	group.remote.assignor = null
	heartbeat.interval.ms = 3000
	interceptor.classes = []
	internal.leave.group.on.close = true
	internal.throw.on.fetch.stable.offset.unsupported = false
	isolation.level = read_uncommitted
	key.deserializer = class org.apache.kafka.common.serialization.ByteArrayDeserializer
	max.partition.fetch.bytes = 1048576
	max.poll.interval.ms = 300000
	max.poll.records = 500
	metadata.max.age.ms = 300000
	metadata.recovery.strategy = none
	metric.reporters = []
	metrics.num.samples = 2
	metrics.recording.level = INFO
	metrics.sample.window.ms = 30000
	partition.assignment.strategy = [class org.apache.kafka.clients.consumer.RangeAssignor, class org.apache.kafka.clients.consumer.CooperativeStickyAssignor]
	receive.buffer.bytes = 65536
	reconnect.backoff.max.ms = 1000
	reconnect.backoff.ms = 50
	request.timeout.ms = 30000
	retry.backoff.max.ms = 1000
	retry.backoff.ms = 100
	sasl.client.callback.handler.class = null
	sasl.jaas.config = null
	sasl.kerberos.kinit.cmd = /usr/bin/kinit
	sasl.kerberos.min.time.before.relogin = 60000
	sasl.kerberos.service.name = null
	sasl.kerberos.ticket.renew.jitter = 0.05
	sasl.kerberos.ticket.renew.window.factor = 0.8
	sasl.login.callback.handler.class = null
	sasl.login.class = null
	sasl.login.connect.timeout.ms = null
	sasl.login.read.timeout.ms = null
	sasl.login.refresh.buffer.seconds = 300
	sasl.login.refresh.min.period.seconds = 60
	sasl.login.refresh.window.factor = 0.8
	sasl.login.refresh.window.jitter = 0.05
	sasl.login.retry.backoff.max.ms = 10000
	sasl.login.retry.backoff.ms = 100
	sasl.mechanism = GSSAPI
	sasl.oauthbearer.clock.skew.seconds = 30
	sasl.oauthbearer.expected.audience = null
	sasl.oauthbearer.expected.issuer = null
	sasl.oauthbearer.jwks.endpoint.refresh.ms = 3600000
	sasl.oauthbearer.jwks.endpoint.retry.backoff.max.ms = 10000
	sasl.oauthbearer.jwks.endpoint.retry.backoff.ms = 100
	sasl.oauthbearer.jwks.endpoint.url = null
	sasl.oauthbearer.scope.claim.name = scope
	sasl.oauthbearer.sub.claim.name = sub
	sasl.oauthbearer.token.endpoint.url = null
	security.protocol = PLAINTEXT
	security.providers = null
	send.buffer.bytes = 131072
	session.timeout.ms = 45000
	socket.connection.setup.timeout.max.ms = 30000
	socket.connection.setup.timeout.ms = 10000
	ssl.cipher.suites = null
	ssl.enabled.protocols = [TLSv1.2, TLSv1.3]
	ssl.endpoint.identification.algorithm = https
	ssl.engine.factory.class = null
	ssl.key.password = null
	ssl.keymanager.algorithm = SunX509
	ssl.keystore.certificate.chain = null
	ssl.keystore.key = null
	ssl.keystore.location = null
	ssl.keystore.password = null
	ssl.keystore.type = JKS
	ssl.protocol = TLSv1.3
	ssl.provider = null
	ssl.secure.random.implementation = null
	ssl.trustmanager.algorithm = PKIX
	ssl.truststore.certificates = null
	ssl.truststore.location = null
	ssl.truststore.password = null
	ssl.truststore.type = JKS
	value.deserializer = class org.apache.kafka.common.serialization.ByteArrayDeserializer

2026-08-28T22:37:23.269+05:30  INFO 12968 --- [api-gateway] [           main] o.a.k.c.t.i.KafkaMetricsCollector        : initializing Kafka metrics collector
2026-08-28T22:37:23.298+05:30  INFO 12968 --- [api-gateway] [           main] o.a.kafka.common.utils.AppInfoParser     : Kafka version: 3.8.1
2026-08-28T22:37:23.299+05:30  INFO 12968 --- [api-gateway] [           main] o.a.kafka.common.utils.AppInfoParser     : Kafka commitId: 70d6ff42debf7e17
2026-08-28T22:37:23.299+05:30  INFO 12968 --- [api-gateway] [           main] o.a.kafka.common.utils.AppInfoParser     : Kafka startTimeMs: 1787936843298
2026-08-28T22:37:23.320+05:30  INFO 12968 --- [api-gateway] [           main] o.a.k.c.c.internals.LegacyKafkaConsumer  : [Consumer clientId=consumer-anonymous.d608ff14-825d-4caa-8131-47b66c50a5c0-2, groupId=anonymous.d608ff14-825d-4caa-8131-47b66c50a5c0] Subscribed to topic(s): springCloudBus
2026-08-28T22:37:23.339+05:30  INFO 12968 --- [api-gateway] [           main] s.i.k.i.KafkaMessageDrivenChannelAdapter : started org.springframework.integration.kafka.inbound.KafkaMessageDrivenChannelAdapter@30942f54
2026-08-28T22:37:23.380+05:30  INFO 12968 --- [api-gateway] [container-0-C-1] org.apache.kafka.clients.Metadata        : [Consumer clientId=consumer-anonymous.d608ff14-825d-4caa-8131-47b66c50a5c0-2, groupId=anonymous.d608ff14-825d-4caa-8131-47b66c50a5c0] Cluster ID: 5L6g3nShT-eMCtK--X86sw
2026-08-28T22:37:23.382+05:30  INFO 12968 --- [api-gateway] [container-0-C-1] o.a.k.c.c.internals.ConsumerCoordinator  : [Consumer clientId=consumer-anonymous.d608ff14-825d-4caa-8131-47b66c50a5c0-2, groupId=anonymous.d608ff14-825d-4caa-8131-47b66c50a5c0] Discovered group coordinator localhost:9092 (id: 2147483646 rack: null)
2026-08-28T22:37:23.391+05:30  INFO 12968 --- [api-gateway] [container-0-C-1] o.a.k.c.c.internals.ConsumerCoordinator  : [Consumer clientId=consumer-anonymous.d608ff14-825d-4caa-8131-47b66c50a5c0-2, groupId=anonymous.d608ff14-825d-4caa-8131-47b66c50a5c0] (Re-)joining group
2026-08-28T22:37:23.452+05:30  INFO 12968 --- [api-gateway] [container-0-C-1] o.a.k.c.c.internals.ConsumerCoordinator  : [Consumer clientId=consumer-anonymous.d608ff14-825d-4caa-8131-47b66c50a5c0-2, groupId=anonymous.d608ff14-825d-4caa-8131-47b66c50a5c0] Request joining group due to: need to re-join with the given member-id: consumer-anonymous.d608ff14-825d-4caa-8131-47b66c50a5c0-2-19c64d5d-87eb-4547-ab27-75b48dc33fc2
2026-08-28T22:37:23.453+05:30  INFO 12968 --- [api-gateway] [container-0-C-1] o.a.k.c.c.internals.ConsumerCoordinator  : [Consumer clientId=consumer-anonymous.d608ff14-825d-4caa-8131-47b66c50a5c0-2, groupId=anonymous.d608ff14-825d-4caa-8131-47b66c50a5c0] (Re-)joining group
2026-08-28T22:37:23.491+05:30  INFO 12968 --- [api-gateway] [           main] com.bmp.gateway.ApiGatewayApplication    : Started ApiGatewayApplication in 17.654 seconds (process running for 18.148)
2026-08-28T22:37:24.361+05:30  INFO 12968 --- [api-gateway] [pool-4-thread-1] o.a.k.clients.consumer.ConsumerConfig    : ConsumerConfig values: 
	allow.auto.create.topics = true
	auto.commit.interval.ms = 5000
	auto.include.jmx.reporter = true
	auto.offset.reset = latest
	bootstrap.servers = [localhost:9092]
	check.crcs = true
	client.dns.lookup = use_all_dns_ips
	client.id = consumer-anonymous.d608ff14-825d-4caa-8131-47b66c50a5c0-3
	client.rack = 
	connections.max.idle.ms = 540000
	default.api.timeout.ms = 60000
	enable.auto.commit = true
	enable.metrics.push = true
	exclude.internal.topics = true
	fetch.max.bytes = 52428800
	fetch.max.wait.ms = 500
	fetch.min.bytes = 1
	group.id = anonymous.d608ff14-825d-4caa-8131-47b66c50a5c0
	group.instance.id = null
	group.protocol = classic
	group.remote.assignor = null
	heartbeat.interval.ms = 3000
	interceptor.classes = []
	internal.leave.group.on.close = true
	internal.throw.on.fetch.stable.offset.unsupported = false
	isolation.level = read_uncommitted
	key.deserializer = class org.apache.kafka.common.serialization.ByteArrayDeserializer
	max.partition.fetch.bytes = 1048576
	max.poll.interval.ms = 300000
	max.poll.records = 500
	metadata.max.age.ms = 300000
	metadata.recovery.strategy = none
	metric.reporters = []
	metrics.num.samples = 2
	metrics.recording.level = INFO
	metrics.sample.window.ms = 30000
	partition.assignment.strategy = [class org.apache.kafka.clients.consumer.RangeAssignor, class org.apache.kafka.clients.consumer.CooperativeStickyAssignor]
	receive.buffer.bytes = 65536
	reconnect.backoff.max.ms = 1000
	reconnect.backoff.ms = 50
	request.timeout.ms = 30000
	retry.backoff.max.ms = 1000
	retry.backoff.ms = 100
	sasl.client.callback.handler.class = null
	sasl.jaas.config = null
	sasl.kerberos.kinit.cmd = /usr/bin/kinit
	sasl.kerberos.min.time.before.relogin = 60000
	sasl.kerberos.service.name = null
	sasl.kerberos.ticket.renew.jitter = 0.05
	sasl.kerberos.ticket.renew.window.factor = 0.8
	sasl.login.callback.handler.class = null
	sasl.login.class = null
	sasl.login.connect.timeout.ms = null
	sasl.login.read.timeout.ms = null
	sasl.login.refresh.buffer.seconds = 300
	sasl.login.refresh.min.period.seconds = 60
	sasl.login.refresh.window.factor = 0.8
	sasl.login.refresh.window.jitter = 0.05
	sasl.login.retry.backoff.max.ms = 10000
	sasl.login.retry.backoff.ms = 100
	sasl.mechanism = GSSAPI
	sasl.oauthbearer.clock.skew.seconds = 30
	sasl.oauthbearer.expected.audience = null
	sasl.oauthbearer.expected.issuer = null
	sasl.oauthbearer.jwks.endpoint.refresh.ms = 3600000
	sasl.oauthbearer.jwks.endpoint.retry.backoff.max.ms = 10000
	sasl.oauthbearer.jwks.endpoint.retry.backoff.ms = 100
	sasl.oauthbearer.jwks.endpoint.url = null
	sasl.oauthbearer.scope.claim.name = scope
	sasl.oauthbearer.sub.claim.name = sub
	sasl.oauthbearer.token.endpoint.url = null
	security.protocol = PLAINTEXT
	security.providers = null
	send.buffer.bytes = 131072
	session.timeout.ms = 45000
	socket.connection.setup.timeout.max.ms = 30000
	socket.connection.setup.timeout.ms = 10000
	ssl.cipher.suites = null
	ssl.enabled.protocols = [TLSv1.2, TLSv1.3]
	ssl.endpoint.identification.algorithm = https
	ssl.engine.factory.class = null
	ssl.key.password = null
	ssl.keymanager.algorithm = SunX509
	ssl.keystore.certificate.chain = null
	ssl.keystore.key = null
	ssl.keystore.location = null
	ssl.keystore.password = null
	ssl.keystore.type = JKS
	ssl.protocol = TLSv1.3
	ssl.provider = null
	ssl.secure.random.implementation = null
	ssl.trustmanager.algorithm = PKIX
	ssl.truststore.certificates = null
	ssl.truststore.location = null
	ssl.truststore.password = null
	ssl.truststore.type = JKS
	value.deserializer = class org.apache.kafka.common.serialization.ByteArrayDeserializer

2026-08-28T22:37:24.361+05:30  INFO 12968 --- [api-gateway] [pool-4-thread-1] o.a.k.c.t.i.KafkaMetricsCollector        : initializing Kafka metrics collector
2026-08-28T22:37:24.376+05:30  INFO 12968 --- [api-gateway] [pool-4-thread-1] o.a.kafka.common.utils.AppInfoParser     : Kafka version: 3.8.1
2026-08-28T22:37:24.377+05:30  INFO 12968 --- [api-gateway] [pool-4-thread-1] o.a.kafka.common.utils.AppInfoParser     : Kafka commitId: 70d6ff42debf7e17
2026-08-28T22:37:24.377+05:30  INFO 12968 --- [api-gateway] [pool-4-thread-1] o.a.kafka.common.utils.AppInfoParser     : Kafka startTimeMs: 1787936844376
2026-08-28T22:37:24.388+05:30  INFO 12968 --- [api-gateway] [pool-4-thread-1] org.apache.kafka.clients.Metadata        : [Consumer clientId=consumer-anonymous.d608ff14-825d-4caa-8131-47b66c50a5c0-3, groupId=anonymous.d608ff14-825d-4caa-8131-47b66c50a5c0] Cluster ID: 5L6g3nShT-eMCtK--X86sw
2026-08-28T22:37:24.423+05:30  INFO 12968 --- [api-gateway] [pool-4-thread-1] o.a.k.c.c.internals.ConsumerCoordinator  : [Consumer clientId=consumer-anonymous.d608ff14-825d-4caa-8131-47b66c50a5c0-3, groupId=anonymous.d608ff14-825d-4caa-8131-47b66c50a5c0] Discovered group coordinator localhost:9092 (id: 2147483646 rack: null)
2026-08-28T22:37:24.438+05:30  INFO 12968 --- [api-gateway] [pool-4-thread-1] o.a.k.c.c.internals.ConsumerCoordinator  : [Consumer clientId=consumer-anonymous.d608ff14-825d-4caa-8131-47b66c50a5c0-3, groupId=anonymous.d608ff14-825d-4caa-8131-47b66c50a5c0] Found no committed offset for partition springCloudBus-0
2026-08-28T22:37:26.463+05:30  INFO 12968 --- [api-gateway] [container-0-C-1] o.a.k.c.c.internals.ConsumerCoordinator  : [Consumer clientId=consumer-anonymous.d608ff14-825d-4caa-8131-47b66c50a5c0-2, groupId=anonymous.d608ff14-825d-4caa-8131-47b66c50a5c0] Successfully joined group with generation Generation{generationId=1, memberId='consumer-anonymous.d608ff14-825d-4caa-8131-47b66c50a5c0-2-19c64d5d-87eb-4547-ab27-75b48dc33fc2', protocol='range'}
2026-08-28T22:37:26.470+05:30  INFO 12968 --- [api-gateway] [container-0-C-1] o.a.k.c.c.internals.ConsumerCoordinator  : [Consumer clientId=consumer-anonymous.d608ff14-825d-4caa-8131-47b66c50a5c0-2, groupId=anonymous.d608ff14-825d-4caa-8131-47b66c50a5c0] Finished assignment for group at generation 1: {consumer-anonymous.d608ff14-825d-4caa-8131-47b66c50a5c0-2-19c64d5d-87eb-4547-ab27-75b48dc33fc2=Assignment(partitions=[springCloudBus-0])}
2026-08-28T22:37:26.478+05:30  INFO 12968 --- [api-gateway] [container-0-C-1] o.a.k.c.c.internals.ConsumerCoordinator  : [Consumer clientId=consumer-anonymous.d608ff14-825d-4caa-8131-47b66c50a5c0-2, groupId=anonymous.d608ff14-825d-4caa-8131-47b66c50a5c0] Successfully synced group in generation Generation{generationId=1, memberId='consumer-anonymous.d608ff14-825d-4caa-8131-47b66c50a5c0-2-19c64d5d-87eb-4547-ab27-75b48dc33fc2', protocol='range'}
2026-08-28T22:37:26.479+05:30  INFO 12968 --- [api-gateway] [container-0-C-1] o.a.k.c.c.internals.ConsumerCoordinator  : [Consumer clientId=consumer-anonymous.d608ff14-825d-4caa-8131-47b66c50a5c0-2, groupId=anonymous.d608ff14-825d-4caa-8131-47b66c50a5c0] Notifying assignor about the new Assignment(partitions=[springCloudBus-0])
2026-08-28T22:37:26.482+05:30  INFO 12968 --- [api-gateway] [container-0-C-1] k.c.c.i.ConsumerRebalanceListenerInvoker : [Consumer clientId=consumer-anonymous.d608ff14-825d-4caa-8131-47b66c50a5c0-2, groupId=anonymous.d608ff14-825d-4caa-8131-47b66c50a5c0] Adding newly assigned partitions: springCloudBus-0
2026-08-28T22:37:26.486+05:30  INFO 12968 --- [api-gateway] [container-0-C-1] o.a.k.c.c.internals.ConsumerCoordinator  : [Consumer clientId=consumer-anonymous.d608ff14-825d-4caa-8131-47b66c50a5c0-2, groupId=anonymous.d608ff14-825d-4caa-8131-47b66c50a5c0] Found no committed offset for partition springCloudBus-0
2026-08-28T22:37:26.492+05:30  INFO 12968 --- [api-gateway] [container-0-C-1] o.a.k.c.c.internals.ConsumerCoordinator  : [Consumer clientId=consumer-anonymous.d608ff14-825d-4caa-8131-47b66c50a5c0-2, groupId=anonymous.d608ff14-825d-4caa-8131-47b66c50a5c0] Found no committed offset for partition springCloudBus-0
2026-08-28T22:37:26.500+05:30  INFO 12968 --- [api-gateway] [container-0-C-1] o.a.k.c.c.internals.SubscriptionState    : [Consumer clientId=consumer-anonymous.d608ff14-825d-4caa-8131-47b66c50a5c0-2, groupId=anonymous.d608ff14-825d-4caa-8131-47b66c50a5c0] Resetting offset for partition springCloudBus-0 to position FetchPosition{offset=0, offsetEpoch=Optional.empty, currentLeader=LeaderAndEpoch{leader=Optional[localhost:9092 (id: 1 rack: null)], epoch=0}}.
2026-08-28T22:37:26.506+05:30  INFO 12968 --- [api-gateway] [container-0-C-1] o.s.c.s.b.k.KafkaMessageChannelBinder$2  : anonymous.d608ff14-825d-4caa-8131-47b66c50a5c0: partitions assigned: [springCloudBus-0]
2026-08-28T22:37:33.875+05:30  INFO 12968 --- [api-gateway] [binder-health-1] o.a.k.clients.consumer.ConsumerConfig    : ConsumerConfig values: 
	allow.auto.create.topics = true
	auto.commit.interval.ms = 5000
	auto.include.jmx.reporter = true
	auto.offset.reset = latest
	bootstrap.servers = [localhost:9092]
	check.crcs = true
	client.dns.lookup = use_all_dns_ips
	client.id = consumer-null-4
	client.rack = 
	connections.max.idle.ms = 540000
	default.api.timeout.ms = 60000
	enable.auto.commit = false
	enable.metrics.push = true
	exclude.internal.topics = true
	fetch.max.bytes = 52428800
	fetch.max.wait.ms = 500
	fetch.min.bytes = 1
	group.id = null
	group.instance.id = null
	group.protocol = classic
	group.remote.assignor = null
	heartbeat.interval.ms = 3000
	interceptor.classes = []
	internal.leave.group.on.close = true
	internal.throw.on.fetch.stable.offset.unsupported = false
	isolation.level = read_uncommitted
	key.deserializer = class org.apache.kafka.common.serialization.ByteArrayDeserializer
	max.partition.fetch.bytes = 1048576
	max.poll.interval.ms = 300000
	max.poll.records = 500
	metadata.max.age.ms = 300000
	metadata.recovery.strategy = none
	metric.reporters = []
	metrics.num.samples = 2
	metrics.recording.level = INFO
	metrics.sample.window.ms = 30000
	partition.assignment.strategy = [class org.apache.kafka.clients.consumer.RangeAssignor, class org.apache.kafka.clients.consumer.CooperativeStickyAssignor]
	receive.buffer.bytes = 65536
	reconnect.backoff.max.ms = 1000
	reconnect.backoff.ms = 50
	request.timeout.ms = 30000
	retry.backoff.max.ms = 1000
	retry.backoff.ms = 100
	sasl.client.callback.handler.class = null
	sasl.jaas.config = null
	sasl.kerberos.kinit.cmd = /usr/bin/kinit
	sasl.kerberos.min.time.before.relogin = 60000
	sasl.kerberos.service.name = null
	sasl.kerberos.ticket.renew.jitter = 0.05
	sasl.kerberos.ticket.renew.window.factor = 0.8
	sasl.login.callback.handler.class = null
	sasl.login.class = null
	sasl.login.connect.timeout.ms = null
	sasl.login.read.timeout.ms = null
	sasl.login.refresh.buffer.seconds = 300
	sasl.login.refresh.min.period.seconds = 60
	sasl.login.refresh.window.factor = 0.8
	sasl.login.refresh.window.jitter = 0.05
	sasl.login.retry.backoff.max.ms = 10000
	sasl.login.retry.backoff.ms = 100
	sasl.mechanism = GSSAPI
	sasl.oauthbearer.clock.skew.seconds = 30
	sasl.oauthbearer.expected.audience = null
	sasl.oauthbearer.expected.issuer = null
	sasl.oauthbearer.jwks.endpoint.refresh.ms = 3600000
	sasl.oauthbearer.jwks.endpoint.retry.backoff.max.ms = 10000
	sasl.oauthbearer.jwks.endpoint.retry.backoff.ms = 100
	sasl.oauthbearer.jwks.endpoint.url = null
	sasl.oauthbearer.scope.claim.name = scope
	sasl.oauthbearer.sub.claim.name = sub
	sasl.oauthbearer.token.endpoint.url = null
	security.protocol = PLAINTEXT
	security.providers = null
	send.buffer.bytes = 131072
	session.timeout.ms = 45000
	socket.connection.setup.timeout.max.ms = 30000
	socket.connection.setup.timeout.ms = 10000
	ssl.cipher.suites = null
	ssl.enabled.protocols = [TLSv1.2, TLSv1.3]
	ssl.endpoint.identification.algorithm = https
	ssl.engine.factory.class = null
	ssl.key.password = null
	ssl.keymanager.algorithm = SunX509
	ssl.keystore.certificate.chain = null
	ssl.keystore.key = null
	ssl.keystore.location = null
	ssl.keystore.password = null
	ssl.keystore.type = JKS
	ssl.protocol = TLSv1.3
	ssl.provider = null
	ssl.secure.random.implementation = null
	ssl.trustmanager.algorithm = PKIX
	ssl.truststore.certificates = null
	ssl.truststore.location = null
	ssl.truststore.password = null
	ssl.truststore.type = JKS
	value.deserializer = class org.apache.kafka.common.serialization.ByteArrayDeserializer

2026-08-28T22:37:33.878+05:30  INFO 12968 --- [api-gateway] [binder-health-1] o.a.k.c.t.i.KafkaMetricsCollector        : initializing Kafka metrics collector
2026-08-28T22:37:33.891+05:30  INFO 12968 --- [api-gateway] [binder-health-1] o.a.kafka.common.utils.AppInfoParser     : Kafka version: 3.8.1
2026-08-28T22:37:33.891+05:30  INFO 12968 --- [api-gateway] [binder-health-1] o.a.kafka.common.utils.AppInfoParser     : Kafka commitId: 70d6ff42debf7e17
2026-08-28T22:37:33.891+05:30  INFO 12968 --- [api-gateway] [binder-health-1] o.a.kafka.common.utils.AppInfoParser     : Kafka startTimeMs: 1787936853891
2026-08-28T22:37:33.906+05:30  INFO 12968 --- [api-gateway] [binder-health-1] org.apache.kafka.clients.Metadata        : [Consumer clientId=consumer-null-4, groupId=null] Cluster ID: 5L6g3nShT-eMCtK--X86sw
2026-08-28T22:42:18.994+05:30  INFO 12968 --- [api-gateway] [rap-executor-%d] c.n.d.s.r.aws.ConfigClusterResolver      : Resolving eureka endpoints via configuration
2026-08-28T22:46:23.767+05:30  INFO 12968 --- [api-gateway] [container-0-C-1] org.apache.kafka.clients.NetworkClient   : [Consumer clientId=consumer-anonymous.d608ff14-825d-4caa-8131-47b66c50a5c0-2, groupId=anonymous.d608ff14-825d-4caa-8131-47b66c50a5c0] Node -1 disconnected.
2026-08-28T22:46:24.590+05:30  INFO 12968 --- [api-gateway] [pool-4-thread-1] org.apache.kafka.clients.NetworkClient   : [Consumer clientId=consumer-anonymous.d608ff14-825d-4caa-8131-47b66c50a5c0-3, groupId=anonymous.d608ff14-825d-4caa-8131-47b66c50a5c0] Node -1 disconnected.
2026-08-28T22:46:48.770+05:30  INFO 12968 --- [api-gateway] [binder-health-1] org.apache.kafka.clients.NetworkClient   : [Consumer clientId=consumer-null-4, groupId=null] Node -1 disconnected.
2026-08-28T22:47:19.028+05:30  INFO 12968 --- [api-gateway] [rap-executor-%d] c.n.d.s.r.aws.ConfigClusterResolver      : Resolving eureka endpoints via configuration
2026-08-28T22:52:19.047+05:30  INFO 12968 --- [api-gateway] [rap-executor-%d] c.n.d.s.r.aws.ConfigClusterResolver      : Resolving eureka endpoints via configuration
2026-08-28T22:56:23.478+05:30  INFO 12968 --- [api-gateway] [container-0-C-1] org.apache.kafka.clients.NetworkClient   : [Consumer clientId=consumer-anonymous.d608ff14-825d-4caa-8131-47b66c50a5c0-2, groupId=anonymous.d608ff14-825d-4caa-8131-47b66c50a5c0] Node -1 disconnected.
2026-08-28T22:56:24.829+05:30  INFO 12968 --- [api-gateway] [pool-4-thread-1] org.apache.kafka.clients.NetworkClient   : [Consumer clientId=consumer-anonymous.d608ff14-825d-4caa-8131-47b66c50a5c0-3, groupId=anonymous.d608ff14-825d-4caa-8131-47b66c50a5c0] Node -1 disconnected.
2026-08-28T22:57:19.058+05:30  INFO 12968 --- [api-gateway] [rap-executor-%d] c.n.d.s.r.aws.ConfigClusterResolver      : Resolving eureka endpoints via configuration
2026-08-28T22:57:28.765+05:30  INFO 12968 --- [api-gateway] [binder-health-1] org.apache.kafka.clients.NetworkClient   : [Consumer clientId=consumer-null-4, groupId=null] Node -1 disconnected.
2026-08-28T23:02:19.073+05:30  INFO 12968 --- [api-gateway] [rap-executor-%d] c.n.d.s.r.aws.ConfigClusterResolver      : Resolving eureka endpoints via configuration
2026-08-28T23:07:19.099+05:30  INFO 12968 --- [api-gateway] [rap-executor-%d] c.n.d.s.r.aws.ConfigClusterResolver      : Resolving eureka endpoints via configuration
2026-08-28T23:12:19.124+05:30  INFO 12968 --- [api-gateway] [rap-executor-%d] c.n.d.s.r.aws.ConfigClusterResolver      : Resolving eureka endpoints via configuration
2026-08-28T23:17:19.158+05:30  INFO 12968 --- [api-gateway] [rap-executor-%d] c.n.d.s.r.aws.ConfigClusterResolver      : Resolving eureka endpoints via configuration
2026-08-28T23:22:19.186+05:30  INFO 12968 --- [api-gateway] [rap-executor-%d] c.n.d.s.r.aws.ConfigClusterResolver      : Resolving eureka endpoints via configuration
2026-08-28T23:27:19.221+05:30  INFO 12968 --- [api-gateway] [rap-executor-%d] c.n.d.s.r.aws.ConfigClusterResolver      : Resolving eureka endpoints via configuration
2026-08-28T23:32:19.248+05:30  INFO 12968 --- [api-gateway] [rap-executor-%d] c.n.d.s.r.aws.ConfigClusterResolver      : Resolving eureka endpoints via configuration
2026-08-28T23:37:19.262+05:30  INFO 12968 --- [api-gateway] [rap-executor-%d] c.n.d.s.r.aws.ConfigClusterResolver      : Resolving eureka endpoints via configuration
2026-08-28T23:42:19.266+05:30  INFO 12968 --- [api-gateway] [rap-executor-%d] c.n.d.s.r.aws.ConfigClusterResolver      : Resolving eureka endpoints via configuration
2026-08-28T23:47:19.283+05:30  INFO 12968 --- [api-gateway] [rap-executor-%d] c.n.d.s.r.aws.ConfigClusterResolver      : Resolving eureka endpoints via configuration
2026-08-28T23:52:19.316+05:30  INFO 12968 --- [api-gateway] [rap-executor-%d] c.n.d.s.r.aws.ConfigClusterResolver      : Resolving eureka endpoints via configuration
2026-08-28T23:57:19.323+05:30  INFO 12968 --- [api-gateway] [rap-executor-%d] c.n.d.s.r.aws.ConfigClusterResolver      : Resolving eureka endpoints via configuration
2026-08-29T00:02:19.341+05:30  INFO 12968 --- [api-gateway] [rap-executor-%d] c.n.d.s.r.aws.ConfigClusterResolver      : Resolving eureka endpoints via configuration
2026-08-29T00:07:19.362+05:30  INFO 12968 --- [api-gateway] [rap-executor-%d] c.n.d.s.r.aws.ConfigClusterResolver      : Resolving eureka endpoints via configuration
2026-08-29T00:12:19.370+05:30  INFO 12968 --- [api-gateway] [rap-executor-%d] c.n.d.s.r.aws.ConfigClusterResolver      : Resolving eureka endpoints via configuration
2026-08-29T00:17:19.385+05:30  INFO 12968 --- [api-gateway] [rap-executor-%d] c.n.d.s.r.aws.ConfigClusterResolver      : Resolving eureka endpoints via configuration
2026-08-29T00:22:19.395+05:30  INFO 12968 --- [api-gateway] [rap-executor-%d] c.n.d.s.r.aws.ConfigClusterResolver      : Resolving eureka endpoints via configuration
2026-08-29T00:27:19.399+05:30  INFO 12968 --- [api-gateway] [rap-executor-%d] c.n.d.s.r.aws.ConfigClusterResolver      : Resolving eureka endpoints via configuration
2026-08-29T00:32:19.399+05:30  INFO 12968 --- [api-gateway] [rap-executor-%d] c.n.d.s.r.aws.ConfigClusterResolver      : Resolving eureka endpoints via configuration
2026-08-29T00:37:19.403+05:30  INFO 12968 --- [api-gateway] [rap-executor-%d] c.n.d.s.r.aws.ConfigClusterResolver      : Resolving eureka endpoints via configuration
2026-08-29T03:40:15.042+05:30  INFO 12968 --- [api-gateway] [container-0-C-1] org.apache.kafka.clients.NetworkClient   : [Consumer clientId=consumer-anonymous.d608ff14-825d-4caa-8131-47b66c50a5c0-2, groupId=anonymous.d608ff14-825d-4caa-8131-47b66c50a5c0] Node 1 disconnected.
2026-08-29T03:40:15.042+05:30  INFO 12968 --- [api-gateway] [binder-health-1] org.apache.kafka.clients.NetworkClient   : [Consumer clientId=consumer-null-4, groupId=null] Node 1 disconnected.
2026-08-29T03:40:15.048+05:30  INFO 12968 --- [api-gateway] [binder-health-1] org.apache.kafka.clients.NetworkClient   : [Consumer clientId=consumer-null-4, groupId=null] Cancelled in-flight METADATA request with correlation id 421 due to node 1 being disconnected (elapsed time since creation: 10796285ms, elapsed time since send: 10796285ms, throttle time: 0ms, request timeout: 30000ms)
2026-08-29T03:40:15.048+05:30  INFO 12968 --- [api-gateway] [container-0-C-1] org.apache.kafka.clients.NetworkClient   : [Consumer clientId=consumer-anonymous.d608ff14-825d-4caa-8131-47b66c50a5c0-2, groupId=anonymous.d608ff14-825d-4caa-8131-47b66c50a5c0] Cancelled in-flight FETCH request with correlation id 17076 due to node 1 being disconnected (elapsed time since creation: 10802933ms, elapsed time since send: 10802933ms, throttle time: 0ms, request timeout: 30000ms)
2026-08-29T03:40:15.694+05:30  INFO 12968 --- [api-gateway] [container-0-C-1] org.apache.kafka.clients.NetworkClient   : [Consumer clientId=consumer-anonymous.d608ff14-825d-4caa-8131-47b66c50a5c0-2, groupId=anonymous.d608ff14-825d-4caa-8131-47b66c50a5c0] Disconnecting from node 2147483646 due to request timeout.
2026-08-29T03:40:15.694+05:30  INFO 12968 --- [api-gateway] [container-0-C-1] org.apache.kafka.clients.NetworkClient   : [Consumer clientId=consumer-anonymous.d608ff14-825d-4caa-8131-47b66c50a5c0-2, groupId=anonymous.d608ff14-825d-4caa-8131-47b66c50a5c0] Cancelled in-flight HEARTBEAT request with correlation id 17077 due to node 2147483646 being disconnected (elapsed time since creation: 10801355ms, elapsed time since send: 10801355ms, throttle time: 0ms, request timeout: 30000ms)
2026-08-29T03:40:15.728+05:30  INFO 12968 --- [api-gateway] [container-0-C-1] org.apache.kafka.clients.NetworkClient   : [Consumer clientId=consumer-anonymous.d608ff14-825d-4caa-8131-47b66c50a5c0-2, groupId=anonymous.d608ff14-825d-4caa-8131-47b66c50a5c0] Cancelled in-flight HEARTBEAT request with correlation id 17078 due to node 2147483646 being disconnected (elapsed time since creation: 10798349ms, elapsed time since send: 10798348ms, throttle time: 0ms, request timeout: 30000ms)
2026-08-29T03:40:15.729+05:30  INFO 12968 --- [api-gateway] [container-0-C-1] org.apache.kafka.clients.NetworkClient   : [Consumer clientId=consumer-anonymous.d608ff14-825d-4caa-8131-47b66c50a5c0-2, groupId=anonymous.d608ff14-825d-4caa-8131-47b66c50a5c0] Cancelled in-flight HEARTBEAT request with correlation id 17079 due to node 2147483646 being disconnected (elapsed time since creation: 10795338ms, elapsed time since send: 10795338ms, throttle time: 0ms, request timeout: 30000ms)
2026-08-29T03:40:15.730+05:30  INFO 12968 --- [api-gateway] [container-0-C-1] org.apache.kafka.clients.NetworkClient   : [Consumer clientId=consumer-anonymous.d608ff14-825d-4caa-8131-47b66c50a5c0-2, groupId=anonymous.d608ff14-825d-4caa-8131-47b66c50a5c0] Cancelled in-flight HEARTBEAT request with correlation id 17080 due to node 2147483646 being disconnected (elapsed time since creation: 10792323ms, elapsed time since send: 10792323ms, throttle time: 0ms, request timeout: 30000ms)
2026-08-29T03:40:15.905+05:30  INFO 12968 --- [api-gateway] [31-47b66c50a5c0] o.a.k.c.c.internals.ConsumerCoordinator  : [Consumer clientId=consumer-anonymous.d608ff14-825d-4caa-8131-47b66c50a5c0-2, groupId=anonymous.d608ff14-825d-4caa-8131-47b66c50a5c0] Group coordinator localhost:9092 (id: 2147483646 rack: null) is unavailable or invalid due to cause: null. isDisconnected: true. Rediscovery will be attempted.
2026-08-29T03:40:16.184+05:30  INFO 12968 --- [api-gateway] [pool-4-thread-1] org.apache.kafka.clients.NetworkClient   : [Consumer clientId=consumer-anonymous.d608ff14-825d-4caa-8131-47b66c50a5c0-3, groupId=anonymous.d608ff14-825d-4caa-8131-47b66c50a5c0] Node 2147483646 disconnected.
2026-08-29T11:13:21.594+05:30  INFO 12968 --- [api-gateway] [31-47b66c50a5c0] org.apache.kafka.clients.NetworkClient   : [Consumer clientId=consumer-anonymous.d608ff14-825d-4caa-8131-47b66c50a5c0-2, groupId=anonymous.d608ff14-825d-4caa-8131-47b66c50a5c0] Node 1 disconnected.
2026-08-29T11:13:23.183+05:30  INFO 12968 --- [api-gateway] [31-47b66c50a5c0] org.apache.kafka.clients.NetworkClient   : [Consumer clientId=consumer-anonymous.d608ff14-825d-4caa-8131-47b66c50a5c0-2, groupId=anonymous.d608ff14-825d-4caa-8131-47b66c50a5c0] Cancelled in-flight API_VERSIONS request with correlation id 17082 due to node 1 being disconnected (elapsed time since creation: 27185043ms, elapsed time since send: 27185043ms, throttle time: 0ms, request timeout: 30000ms)
2026-08-29T11:13:23.728+05:30  INFO 12968 --- [api-gateway] [pool-4-thread-1] org.apache.kafka.clients.NetworkClient   : [Consumer clientId=consumer-anonymous.d608ff14-825d-4caa-8131-47b66c50a5c0-3, groupId=anonymous.d608ff14-825d-4caa-8131-47b66c50a5c0] Node 1 disconnected.
2026-08-29T11:13:23.729+05:30  INFO 12968 --- [api-gateway] [pool-4-thread-1] org.apache.kafka.clients.NetworkClient   : [Consumer clientId=consumer-anonymous.d608ff14-825d-4caa-8131-47b66c50a5c0-3, groupId=anonymous.d608ff14-825d-4caa-8131-47b66c50a5c0] Disconnecting from node 2147483646 due to request timeout.
2026-08-29T11:13:23.729+05:30  INFO 12968 --- [api-gateway] [pool-4-thread-1] org.apache.kafka.clients.NetworkClient   : [Consumer clientId=consumer-anonymous.d608ff14-825d-4caa-8131-47b66c50a5c0-3, groupId=anonymous.d608ff14-825d-4caa-8131-47b66c50a5c0] Cancelled in-flight API_VERSIONS request with correlation id 431 due to node 2147483646 being disconnected (elapsed time since creation: 27185984ms, elapsed time since send: 27185984ms, throttle time: 0ms, request timeout: 30000ms)
2026-08-29T11:13:23.730+05:30  INFO 12968 --- [api-gateway] [pool-4-thread-1] o.a.k.c.c.internals.ConsumerCoordinator  : [Consumer clientId=consumer-anonymous.d608ff14-825d-4caa-8131-47b66c50a5c0-3, groupId=anonymous.d608ff14-825d-4caa-8131-47b66c50a5c0] Group coordinator localhost:9092 (id: 2147483646 rack: null) is unavailable or invalid due to cause: null. isDisconnected: true. Rediscovery will be attempted.
2026-08-29T03:40:15.891+05:30  INFO 12968 --- [api-gateway] [container-0-C-1] o.a.kafka.clients.FetchSessionHandler    : [Consumer clientId=consumer-anonymous.d608ff14-825d-4caa-8131-47b66c50a5c0-2, groupId=anonymous.d608ff14-825d-4caa-8131-47b66c50a5c0] Error sending fetch request (sessionId=452863859, epoch=14566) to node 1:

org.apache.kafka.common.errors.DisconnectException: null

2026-08-29T11:13:26.984+05:30  INFO 12968 --- [api-gateway] [container-0-C-1] o.a.k.c.c.internals.ConsumerCoordinator  : [Consumer clientId=consumer-anonymous.d608ff14-825d-4caa-8131-47b66c50a5c0-2, groupId=anonymous.d608ff14-825d-4caa-8131-47b66c50a5c0] Discovered group coordinator localhost:9092 (id: 2147483646 rack: null)
2026-08-29T11:13:27.038+05:30  INFO 12968 --- [api-gateway] [container-0-C-1] o.a.k.c.c.internals.ConsumerCoordinator  : [Consumer clientId=consumer-anonymous.d608ff14-825d-4caa-8131-47b66c50a5c0-2, groupId=anonymous.d608ff14-825d-4caa-8131-47b66c50a5c0] Discovered group coordinator localhost:9092 (id: 2147483646 rack: null)
2026-08-29T11:13:27.039+05:30  INFO 12968 --- [api-gateway] [container-0-C-1] o.a.k.c.c.internals.ConsumerCoordinator  : [Consumer clientId=consumer-anonymous.d608ff14-825d-4caa-8131-47b66c50a5c0-2, groupId=anonymous.d608ff14-825d-4caa-8131-47b66c50a5c0] Discovered group coordinator localhost:9092 (id: 2147483646 rack: null)
2026-08-29T11:14:23.837+05:30  INFO 12968 --- [api-gateway] [pool-4-thread-1] o.a.k.c.c.internals.ConsumerCoordinator  : [Consumer clientId=consumer-anonymous.d608ff14-825d-4caa-8131-47b66c50a5c0-3, groupId=anonymous.d608ff14-825d-4caa-8131-47b66c50a5c0] Discovered group coordinator localhost:9092 (id: 2147483646 rack: null)
2026-08-29T11:15:11.144+05:30  INFO 12968 --- [api-gateway] [rap-executor-%d] c.n.d.s.r.aws.ConfigClusterResolver      : Resolving eureka endpoints via configuration
2026-08-29T11:20:11.161+05:30  INFO 12968 --- [api-gateway] [rap-executor-%d] c.n.d.s.r.aws.ConfigClusterResolver      : Resolving eureka endpoints via configuration
2026-08-29T11:25:11.164+05:30  INFO 12968 --- [api-gateway] [rap-executor-%d] c.n.d.s.r.aws.ConfigClusterResolver      : Resolving eureka endpoints via configuration
2026-08-29T11:30:11.176+05:30  INFO 12968 --- [api-gateway] [rap-executor-%d] c.n.d.s.r.aws.ConfigClusterResolver      : Resolving eureka endpoints via configuration
2026-08-29T11:35:11.185+05:30  INFO 12968 --- [api-gateway] [rap-executor-%d] c.n.d.s.r.aws.ConfigClusterResolver      : Resolving eureka endpoints via configuration
2026-08-29T11:58:08.667+05:30  INFO 12968 --- [api-gateway] [31-47b66c50a5c0] org.apache.kafka.clients.NetworkClient   : [Consumer clientId=consumer-anonymous.d608ff14-825d-4caa-8131-47b66c50a5c0-2, groupId=anonymous.d608ff14-825d-4caa-8131-47b66c50a5c0] Node 1 disconnected.
2026-08-29T11:58:08.669+05:30  INFO 12968 --- [api-gateway] [31-47b66c50a5c0] org.apache.kafka.clients.NetworkClient   : [Consumer clientId=consumer-anonymous.d608ff14-825d-4caa-8131-47b66c50a5c0-2, groupId=anonymous.d608ff14-825d-4caa-8131-47b66c50a5c0] Cancelled in-flight FETCH request with correlation id 20269 due to node 1 being disconnected (elapsed time since creation: 1306871ms, elapsed time since send: 1306871ms, throttle time: 0ms, request timeout: 30000ms)
2026-08-29T11:58:08.669+05:30  INFO 12968 --- [api-gateway] [31-47b66c50a5c0] org.apache.kafka.clients.NetworkClient   : [Consumer clientId=consumer-anonymous.d608ff14-825d-4caa-8131-47b66c50a5c0-2, groupId=anonymous.d608ff14-825d-4caa-8131-47b66c50a5c0] Cancelled in-flight METADATA request with correlation id 20275 due to node 1 being disconnected (elapsed time since creation: 1116ms, elapsed time since send: 1116ms, throttle time: 0ms, request timeout: 30000ms)
2026-08-29T11:58:08.671+05:30  INFO 12968 --- [api-gateway] [31-47b66c50a5c0] org.apache.kafka.clients.NetworkClient   : [Consumer clientId=consumer-anonymous.d608ff14-825d-4caa-8131-47b66c50a5c0-2, groupId=anonymous.d608ff14-825d-4caa-8131-47b66c50a5c0] Disconnecting from node 2147483646 due to request timeout.
2026-08-29T11:58:08.671+05:30  INFO 12968 --- [api-gateway] [31-47b66c50a5c0] org.apache.kafka.clients.NetworkClient   : [Consumer clientId=consumer-anonymous.d608ff14-825d-4caa-8131-47b66c50a5c0-2, groupId=anonymous.d608ff14-825d-4caa-8131-47b66c50a5c0] Cancelled in-flight HEARTBEAT request with correlation id 20271 due to node 2147483646 being disconnected (elapsed time since creation: 1303742ms, elapsed time since send: 1303742ms, throttle time: 0ms, request timeout: 30000ms)
2026-08-29T11:58:08.671+05:30  INFO 12968 --- [api-gateway] [31-47b66c50a5c0] org.apache.kafka.clients.NetworkClient   : [Consumer clientId=consumer-anonymous.d608ff14-825d-4caa-8131-47b66c50a5c0-2, groupId=anonymous.d608ff14-825d-4caa-8131-47b66c50a5c0] Cancelled in-flight HEARTBEAT request with correlation id 20272 due to node 2147483646 being disconnected (elapsed time since creation: 1300741ms, elapsed time since send: 1300741ms, throttle time: 0ms, request timeout: 30000ms)
2026-08-29T11:58:08.671+05:30  INFO 12968 --- [api-gateway] [31-47b66c50a5c0] org.apache.kafka.clients.NetworkClient   : [Consumer clientId=consumer-anonymous.d608ff14-825d-4caa-8131-47b66c50a5c0-2, groupId=anonymous.d608ff14-825d-4caa-8131-47b66c50a5c0] Cancelled in-flight HEARTBEAT request with correlation id 20273 due to node 2147483646 being disconnected (elapsed time since creation: 1297727ms, elapsed time since send: 1297727ms, throttle time: 0ms, request timeout: 30000ms)
2026-08-29T11:58:08.671+05:30  INFO 12968 --- [api-gateway] [31-47b66c50a5c0] org.apache.kafka.clients.NetworkClient   : [Consumer clientId=consumer-anonymous.d608ff14-825d-4caa-8131-47b66c50a5c0-2, groupId=anonymous.d608ff14-825d-4caa-8131-47b66c50a5c0] Cancelled in-flight HEARTBEAT request with correlation id 20274 due to node 2147483646 being disconnected (elapsed time since creation: 1294720ms, elapsed time since send: 1294720ms, throttle time: 0ms, request timeout: 30000ms)
2026-08-29T11:58:08.673+05:30  INFO 12968 --- [api-gateway] [31-47b66c50a5c0] o.a.kafka.clients.FetchSessionHandler    : [Consumer clientId=consumer-anonymous.d608ff14-825d-4caa-8131-47b66c50a5c0-2, groupId=anonymous.d608ff14-825d-4caa-8131-47b66c50a5c0] Error sending fetch request (sessionId=1053095981, epoch=2710) to node 1:

org.apache.kafka.common.errors.DisconnectException: null

2026-08-29T11:58:08.684+05:30  INFO 12968 --- [api-gateway] [31-47b66c50a5c0] o.a.k.c.c.internals.ConsumerCoordinator  : [Consumer clientId=consumer-anonymous.d608ff14-825d-4caa-8131-47b66c50a5c0-2, groupId=anonymous.d608ff14-825d-4caa-8131-47b66c50a5c0] Group coordinator localhost:9092 (id: 2147483646 rack: null) is unavailable or invalid due to cause: null. isDisconnected: true. Rediscovery will be attempted.
2026-08-29T11:58:09.520+05:30  INFO 12968 --- [api-gateway] [pool-4-thread-1] org.apache.kafka.clients.NetworkClient   : [Consumer clientId=consumer-anonymous.d608ff14-825d-4caa-8131-47b66c50a5c0-3, groupId=anonymous.d608ff14-825d-4caa-8131-47b66c50a5c0] Node 2147483646 disconnected.
2026-08-29T11:58:09.521+05:30  INFO 12968 --- [api-gateway] [pool-4-thread-1] org.apache.kafka.clients.NetworkClient   : [Consumer clientId=consumer-anonymous.d608ff14-825d-4caa-8131-47b66c50a5c0-3, groupId=anonymous.d608ff14-825d-4caa-8131-47b66c50a5c0] Disconnecting from node 1 due to request timeout.
2026-08-29T11:58:09.521+05:30  INFO 12968 --- [api-gateway] [pool-4-thread-1] org.apache.kafka.clients.NetworkClient   : [Consumer clientId=consumer-anonymous.d608ff14-825d-4caa-8131-47b66c50a5c0-3, groupId=anonymous.d608ff14-825d-4caa-8131-47b66c50a5c0] Cancelled in-flight LIST_OFFSETS request with correlation id 511 due to node 1 being disconnected (elapsed time since creation: 1305256ms, elapsed time since send: 1305256ms, throttle time: 0ms, request timeout: 30000ms)
2026-08-29T11:58:10.280+05:30  INFO 12968 --- [api-gateway] [container-0-C-1] o.a.k.c.c.internals.ConsumerCoordinator  : [Consumer clientId=consumer-anonymous.d608ff14-825d-4caa-8131-47b66c50a5c0-2, groupId=anonymous.d608ff14-825d-4caa-8131-47b66c50a5c0] Discovered group coordinator localhost:9092 (id: 2147483646 rack: null)
2026-08-29T12:01:44.351+05:30  INFO 12968 --- [api-gateway] [rap-executor-%d] c.n.d.s.r.aws.ConfigClusterResolver      : Resolving eureka endpoints via configuration
2026-08-29T12:06:44.368+05:30  INFO 12968 --- [api-gateway] [rap-executor-%d] c.n.d.s.r.aws.ConfigClusterResolver      : Resolving eureka endpoints via configuration
2026-08-29T12:11:44.375+05:30  INFO 12968 --- [api-gateway] [rap-executor-%d] c.n.d.s.r.aws.ConfigClusterResolver      : Resolving eureka endpoints via configuration
2026-08-29T12:16:44.383+05:30  INFO 12968 --- [api-gateway] [rap-executor-%d] c.n.d.s.r.aws.ConfigClusterResolver      : Resolving eureka endpoints via configuration
2026-08-29T12:21:44.398+05:30  INFO 12968 --- [api-gateway] [rap-executor-%d] c.n.d.s.r.aws.ConfigClusterResolver      : Resolving eureka endpoints via configuration
2026-08-29T12:26:44.412+05:30  INFO 12968 --- [api-gateway] [rap-executor-%d] c.n.d.s.r.aws.ConfigClusterResolver      : Resolving eureka endpoints via configuration
2026-08-29T12:31:44.425+05:30  INFO 12968 --- [api-gateway] [rap-executor-%d] c.n.d.s.r.aws.ConfigClusterResolver      : Resolving eureka endpoints via configuration
2026-08-29T12:36:44.439+05:30  INFO 12968 --- [api-gateway] [rap-executor-%d] c.n.d.s.r.aws.ConfigClusterResolver      : Resolving eureka endpoints via configuration
2026-08-29T12:41:44.448+05:30  INFO 12968 --- [api-gateway] [rap-executor-%d] c.n.d.s.r.aws.ConfigClusterResolver      : Resolving eureka endpoints via configuration
2026-08-29T12:46:44.466+05:30  INFO 12968 --- [api-gateway] [rap-executor-%d] c.n.d.s.r.aws.ConfigClusterResolver      : Resolving eureka endpoints via configuration
2026-08-29T12:51:44.478+05:30  INFO 12968 --- [api-gateway] [rap-executor-%d] c.n.d.s.r.aws.ConfigClusterResolver      : Resolving eureka endpoints via configuration
2026-08-29T12:56:44.485+05:30  INFO 12968 --- [api-gateway] [rap-executor-%d] c.n.d.s.r.aws.ConfigClusterResolver      : Resolving eureka endpoints via configuration
2026-08-29T13:01:44.487+05:30  INFO 12968 --- [api-gateway] [rap-executor-%d] c.n.d.s.r.aws.ConfigClusterResolver      : Resolving eureka endpoints via configuration
2026-08-29T14:26:53.555+05:30  INFO 12968 --- [api-gateway] [31-47b66c50a5c0] org.apache.kafka.clients.NetworkClient   : [Consumer clientId=consumer-anonymous.d608ff14-825d-4caa-8131-47b66c50a5c0-2, groupId=anonymous.d608ff14-825d-4caa-8131-47b66c50a5c0] Node 1 disconnected.
2026-08-29T14:26:53.556+05:30  INFO 12968 --- [api-gateway] [31-47b66c50a5c0] org.apache.kafka.clients.NetworkClient   : [Consumer clientId=consumer-anonymous.d608ff14-825d-4caa-8131-47b66c50a5c0-2, groupId=anonymous.d608ff14-825d-4caa-8131-47b66c50a5c0] Cancelled in-flight FETCH request with correlation id 29069 due to node 1 being disconnected (elapsed time since creation: 5101035ms, elapsed time since send: 5101035ms, throttle time: 0ms, request timeout: 30000ms)
2026-08-29T14:26:53.556+05:30  INFO 12968 --- [api-gateway] [31-47b66c50a5c0] org.apache.kafka.clients.NetworkClient   : [Consumer clientId=consumer-anonymous.d608ff14-825d-4caa-8131-47b66c50a5c0-2, groupId=anonymous.d608ff14-825d-4caa-8131-47b66c50a5c0] Cancelled in-flight METADATA request with correlation id 29074 due to node 1 being disconnected (elapsed time since creation: 1009ms, elapsed time since send: 1009ms, throttle time: 0ms, request timeout: 30000ms)
2026-08-29T14:26:53.558+05:30  INFO 12968 --- [api-gateway] [31-47b66c50a5c0] org.apache.kafka.clients.NetworkClient   : [Consumer clientId=consumer-anonymous.d608ff14-825d-4caa-8131-47b66c50a5c0-2, groupId=anonymous.d608ff14-825d-4caa-8131-47b66c50a5c0] Disconnecting from node 2147483646 due to request timeout.
2026-08-29T14:26:53.558+05:30  INFO 12968 --- [api-gateway] [31-47b66c50a5c0] org.apache.kafka.clients.NetworkClient   : [Consumer clientId=consumer-anonymous.d608ff14-825d-4caa-8131-47b66c50a5c0-2, groupId=anonymous.d608ff14-825d-4caa-8131-47b66c50a5c0] Cancelled in-flight HEARTBEAT request with correlation id 29070 due to node 2147483646 being disconnected (elapsed time since creation: 5098147ms, elapsed time since send: 5098147ms, throttle time: 0ms, request timeout: 30000ms)
2026-08-29T14:26:53.558+05:30  INFO 12968 --- [api-gateway] [31-47b66c50a5c0] org.apache.kafka.clients.NetworkClient   : [Consumer clientId=consumer-anonymous.d608ff14-825d-4caa-8131-47b66c50a5c0-2, groupId=anonymous.d608ff14-825d-4caa-8131-47b66c50a5c0] Cancelled in-flight HEARTBEAT request with correlation id 29071 due to node 2147483646 being disconnected (elapsed time since creation: 5095145ms, elapsed time since send: 5095145ms, throttle time: 0ms, request timeout: 30000ms)
2026-08-29T14:26:53.558+05:30  INFO 12968 --- [api-gateway] [31-47b66c50a5c0] org.apache.kafka.clients.NetworkClient   : [Consumer clientId=consumer-anonymous.d608ff14-825d-4caa-8131-47b66c50a5c0-2, groupId=anonymous.d608ff14-825d-4caa-8131-47b66c50a5c0] Cancelled in-flight HEARTBEAT request with correlation id 29072 due to node 2147483646 being disconnected (elapsed time since creation: 5092135ms, elapsed time since send: 5092134ms, throttle time: 0ms, request timeout: 30000ms)
2026-08-29T14:26:53.558+05:30  INFO 12968 --- [api-gateway] [31-47b66c50a5c0] org.apache.kafka.clients.NetworkClient   : [Consumer clientId=consumer-anonymous.d608ff14-825d-4caa-8131-47b66c50a5c0-2, groupId=anonymous.d608ff14-825d-4caa-8131-47b66c50a5c0] Cancelled in-flight HEARTBEAT request with correlation id 29073 due to node 2147483646 being disconnected (elapsed time since creation: 5089110ms, elapsed time since send: 5089110ms, throttle time: 0ms, request timeout: 30000ms)
2026-08-29T14:26:53.558+05:30  INFO 12968 --- [api-gateway] [31-47b66c50a5c0] o.a.kafka.clients.FetchSessionHandler    : [Consumer clientId=consumer-anonymous.d608ff14-825d-4caa-8131-47b66c50a5c0-2, groupId=anonymous.d608ff14-825d-4caa-8131-47b66c50a5c0] Error sending fetch request (sessionId=2026036515, epoch=7492) to node 1:

org.apache.kafka.common.errors.DisconnectException: null

2026-08-29T14:26:53.591+05:30  INFO 12968 --- [api-gateway] [31-47b66c50a5c0] o.a.k.c.c.internals.ConsumerCoordinator  : [Consumer clientId=consumer-anonymous.d608ff14-825d-4caa-8131-47b66c50a5c0-2, groupId=anonymous.d608ff14-825d-4caa-8131-47b66c50a5c0] Group coordinator localhost:9092 (id: 2147483646 rack: null) is unavailable or invalid due to cause: null. isDisconnected: true. Rediscovery will be attempted.
2026-08-29T14:26:55.538+05:30  INFO 12968 --- [api-gateway] [binder-health-1] org.apache.kafka.clients.NetworkClient   : [Consumer clientId=consumer-null-4, groupId=null] Node 1 disconnected.
2026-08-29T14:26:55.640+05:30  INFO 12968 --- [api-gateway] [binder-health-1] org.apache.kafka.clients.NetworkClient   : [Consumer clientId=consumer-null-4, groupId=null] Cancelled in-flight METADATA request with correlation id 721 due to node 1 being disconnected (elapsed time since creation: 5102046ms, elapsed time since send: 5102046ms, throttle time: 0ms, request timeout: 30000ms)
2026-08-29T14:26:56.516+05:30  INFO 12968 --- [api-gateway] [container-0-C-1] o.a.k.c.c.internals.ConsumerCoordinator  : [Consumer clientId=consumer-anonymous.d608ff14-825d-4caa-8131-47b66c50a5c0-2, groupId=anonymous.d608ff14-825d-4caa-8131-47b66c50a5c0] Discovered group coordinator localhost:9092 (id: 2147483646 rack: null)
2026-08-29T14:26:58.817+05:30  INFO 12968 --- [api-gateway] [pool-4-thread-1] org.apache.kafka.clients.NetworkClient   : [Consumer clientId=consumer-anonymous.d608ff14-825d-4caa-8131-47b66c50a5c0-3, groupId=anonymous.d608ff14-825d-4caa-8131-47b66c50a5c0] Node 2147483646 disconnected.
2026-08-29T14:31:31.389+05:30  INFO 12968 --- [api-gateway] [rap-executor-%d] c.n.d.s.r.aws.ConfigClusterResolver      : Resolving eureka endpoints via configuration
2026-08-29T14:36:31.424+05:30  INFO 12968 --- [api-gateway] [rap-executor-%d] c.n.d.s.r.aws.ConfigClusterResolver      : Resolving eureka endpoints via configuration
2026-08-29T14:41:31.462+05:30  INFO 12968 --- [api-gateway] [rap-executor-%d] c.n.d.s.r.aws.ConfigClusterResolver      : Resolving eureka endpoints via configuration
2026-08-29T14:46:31.467+05:30  INFO 12968 --- [api-gateway] [rap-executor-%d] c.n.d.s.r.aws.ConfigClusterResolver      : Resolving eureka endpoints via configuration
2026-08-29T14:51:31.469+05:30  INFO 12968 --- [api-gateway] [rap-executor-%d] c.n.d.s.r.aws.ConfigClusterResolver      : Resolving eureka endpoints via configuration
2026-08-29T14:56:31.471+05:30  INFO 12968 --- [api-gateway] [rap-executor-%d] c.n.d.s.r.aws.ConfigClusterResolver      : Resolving eureka endpoints via configuration
2026-08-29T15:01:31.479+05:30  INFO 12968 --- [api-gateway] [rap-executor-%d] c.n.d.s.r.aws.ConfigClusterResolver      : Resolving eureka endpoints via configuration
2026-08-29T15:06:31.493+05:30  INFO 12968 --- [api-gateway] [rap-executor-%d] c.n.d.s.r.aws.ConfigClusterResolver      : Resolving eureka endpoints via configuration
2026-08-29T15:11:31.506+05:30  INFO 12968 --- [api-gateway] [rap-executor-%d] c.n.d.s.r.aws.ConfigClusterResolver      : Resolving eureka endpoints via configuration
2026-08-29T15:16:31.531+05:30  INFO 12968 --- [api-gateway] [rap-executor-%d] c.n.d.s.r.aws.ConfigClusterResolver      : Resolving eureka endpoints via configuration
2026-08-29T15:21:31.549+05:30  INFO 12968 --- [api-gateway] [rap-executor-%d] c.n.d.s.r.aws.ConfigClusterResolver      : Resolving eureka endpoints via configuration
2026-08-29T15:26:31.550+05:30  INFO 12968 --- [api-gateway] [rap-executor-%d] c.n.d.s.r.aws.ConfigClusterResolver      : Resolving eureka endpoints via configuration
2026-08-29T15:31:31.564+05:30  INFO 12968 --- [api-gateway] [rap-executor-%d] c.n.d.s.r.aws.ConfigClusterResolver      : Resolving eureka endpoints via configuration
2026-08-29T15:36:31.567+05:30  INFO 12968 --- [api-gateway] [rap-executor-%d] c.n.d.s.r.aws.ConfigClusterResolver      : Resolving eureka endpoints via configuration
2026-08-29T15:41:31.575+05:30  INFO 12968 --- [api-gateway] [rap-executor-%d] c.n.d.s.r.aws.ConfigClusterResolver      : Resolving eureka endpoints via configuration
2026-08-29T16:37:27.235+05:30  INFO 12968 --- [api-gateway] [container-0-C-1] org.apache.kafka.clients.NetworkClient   : [Consumer clientId=consumer-anonymous.d608ff14-825d-4caa-8131-47b66c50a5c0-2, groupId=anonymous.d608ff14-825d-4caa-8131-47b66c50a5c0] Node 1 disconnected.
2026-08-29T16:37:27.152+05:30  INFO 12968 --- [api-gateway] [binder-health-1] org.apache.kafka.clients.NetworkClient   : [Consumer clientId=consumer-null-4, groupId=null] Node 1 disconnected.
2026-08-29T16:37:27.310+05:30  INFO 12968 --- [api-gateway] [container-0-C-1] org.apache.kafka.clients.NetworkClient   : [Consumer clientId=consumer-anonymous.d608ff14-825d-4caa-8131-47b66c50a5c0-2, groupId=anonymous.d608ff14-825d-4caa-8131-47b66c50a5c0] Cancelled in-flight FETCH request with correlation id 39389 due to node 1 being disconnected (elapsed time since creation: 3364449ms, elapsed time since send: 3364449ms, throttle time: 0ms, request timeout: 30000ms)
2026-08-29T16:37:27.399+05:30  INFO 12968 --- [api-gateway] [binder-health-1] org.apache.kafka.clients.NetworkClient   : [Consumer clientId=consumer-null-4, groupId=null] Cancelled in-flight METADATA request with correlation id 977 due to node 1 being disconnected (elapsed time since creation: 3359652ms, elapsed time since send: 3359652ms, throttle time: 0ms, request timeout: 30000ms)
2026-08-29T16:37:27.315+05:30  INFO 12968 --- [api-gateway] [container-0-C-1] org.apache.kafka.clients.NetworkClient   : [Consumer clientId=consumer-anonymous.d608ff14-825d-4caa-8131-47b66c50a5c0-2, groupId=anonymous.d608ff14-825d-4caa-8131-47b66c50a5c0] Disconnecting from node 2147483646 due to request timeout.
2026-08-29T16:37:27.404+05:30  INFO 12968 --- [api-gateway] [container-0-C-1] org.apache.kafka.clients.NetworkClient   : [Consumer clientId=consumer-anonymous.d608ff14-825d-4caa-8131-47b66c50a5c0-2, groupId=anonymous.d608ff14-825d-4caa-8131-47b66c50a5c0] Cancelled in-flight HEARTBEAT request with correlation id 39390 due to node 2147483646 being disconnected (elapsed time since creation: 3362717ms, elapsed time since send: 3362717ms, throttle time: 0ms, request timeout: 30000ms)
2026-08-29T16:37:27.404+05:30  INFO 12968 --- [api-gateway] [container-0-C-1] org.apache.kafka.clients.NetworkClient   : [Consumer clientId=consumer-anonymous.d608ff14-825d-4caa-8131-47b66c50a5c0-2, groupId=anonymous.d608ff14-825d-4caa-8131-47b66c50a5c0] Cancelled in-flight HEARTBEAT request with correlation id 39391 due to node 2147483646 being disconnected (elapsed time since creation: 3359709ms, elapsed time since send: 3359709ms, throttle time: 0ms, request timeout: 30000ms)
2026-08-29T16:37:27.404+05:30  INFO 12968 --- [api-gateway] [container-0-C-1] org.apache.kafka.clients.NetworkClient   : [Consumer clientId=consumer-anonymous.d608ff14-825d-4caa-8131-47b66c50a5c0-2, groupId=anonymous.d608ff14-825d-4caa-8131-47b66c50a5c0] Cancelled in-flight HEARTBEAT request with correlation id 39392 due to node 2147483646 being disconnected (elapsed time since creation: 3356707ms, elapsed time since send: 3356707ms, throttle time: 0ms, request timeout: 30000ms)
2026-08-29T16:37:27.404+05:30  INFO 12968 --- [api-gateway] [container-0-C-1] org.apache.kafka.clients.NetworkClient   : [Consumer clientId=consumer-anonymous.d608ff14-825d-4caa-8131-47b66c50a5c0-2, groupId=anonymous.d608ff14-825d-4caa-8131-47b66c50a5c0] Cancelled in-flight HEARTBEAT request with correlation id 39393 due to node 2147483646 being disconnected (elapsed time since creation: 3353703ms, elapsed time since send: 3353703ms, throttle time: 0ms, request timeout: 30000ms)
2026-08-29T16:37:27.412+05:30  INFO 12968 --- [api-gateway] [31-47b66c50a5c0] o.a.k.c.c.internals.ConsumerCoordinator  : [Consumer clientId=consumer-anonymous.d608ff14-825d-4caa-8131-47b66c50a5c0-2, groupId=anonymous.d608ff14-825d-4caa-8131-47b66c50a5c0] Group coordinator localhost:9092 (id: 2147483646 rack: null) is unavailable or invalid due to cause: null. isDisconnected: true. Rediscovery will be attempted.
2026-08-29T16:37:27.407+05:30  INFO 12968 --- [api-gateway] [container-0-C-1] o.a.kafka.clients.FetchSessionHandler    : [Consumer clientId=consumer-anonymous.d608ff14-825d-4caa-8131-47b66c50a5c0-2, groupId=anonymous.d608ff14-825d-4caa-8131-47b66c50a5c0] Error sending fetch request (sessionId=2076997663, epoch=8795) to node 1:

org.apache.kafka.common.errors.DisconnectException: null

2026-08-29T16:37:29.677+05:30  INFO 12968 --- [api-gateway] [container-0-C-1] o.a.k.c.c.internals.ConsumerCoordinator  : [Consumer clientId=consumer-anonymous.d608ff14-825d-4caa-8131-47b66c50a5c0-2, groupId=anonymous.d608ff14-825d-4caa-8131-47b66c50a5c0] Discovered group coordinator localhost:9092 (id: 2147483646 rack: null)
2026-08-29T16:37:29.717+05:30  INFO 12968 --- [api-gateway] [container-0-C-1] o.a.k.c.c.internals.ConsumerCoordinator  : [Consumer clientId=consumer-anonymous.d608ff14-825d-4caa-8131-47b66c50a5c0-2, groupId=anonymous.d608ff14-825d-4caa-8131-47b66c50a5c0] Discovered group coordinator localhost:9092 (id: 2147483646 rack: null)
2026-08-29T16:37:51.201+05:30  INFO 12968 --- [api-gateway] [pool-4-thread-1] org.apache.kafka.clients.NetworkClient   : [Consumer clientId=consumer-anonymous.d608ff14-825d-4caa-8131-47b66c50a5c0-3, groupId=anonymous.d608ff14-825d-4caa-8131-47b66c50a5c0] Node 2147483646 disconnected.
2026-08-29T16:42:21.514+05:30  INFO 12968 --- [api-gateway] [rap-executor-%d] c.n.d.s.r.aws.ConfigClusterResolver      : Resolving eureka endpoints via configuration
2026-08-29T16:47:21.551+05:30  INFO 12968 --- [api-gateway] [rap-executor-%d] c.n.d.s.r.aws.ConfigClusterResolver      : Resolving eureka endpoints via configuration
2026-08-29T16:52:21.558+05:30  INFO 12968 --- [api-gateway] [rap-executor-%d] c.n.d.s.r.aws.ConfigClusterResolver      : Resolving eureka endpoints via configuration
2026-08-29T16:57:21.567+05:30  INFO 12968 --- [api-gateway] [rap-executor-%d] c.n.d.s.r.aws.ConfigClusterResolver      : Resolving eureka endpoints via configuration
2026-08-29T17:02:21.578+05:30  INFO 12968 --- [api-gateway] [rap-executor-%d] c.n.d.s.r.aws.ConfigClusterResolver      : Resolving eureka endpoints via configuration
2026-08-29T17:07:21.592+05:30  INFO 12968 --- [api-gateway] [rap-executor-%d] c.n.d.s.r.aws.ConfigClusterResolver      : Resolving eureka endpoints via configuration
2026-08-29T17:12:21.605+05:30  INFO 12968 --- [api-gateway] [rap-executor-%d] c.n.d.s.r.aws.ConfigClusterResolver      : Resolving eureka endpoints via configuration
2026-08-29T17:17:21.611+05:30  INFO 12968 --- [api-gateway] [rap-executor-%d] c.n.d.s.r.aws.ConfigClusterResolver      : Resolving eureka endpoints via configuration
2026-08-29T17:22:21.619+05:30  INFO 12968 --- [api-gateway] [rap-executor-%d] c.n.d.s.r.aws.ConfigClusterResolver      : Resolving eureka endpoints via configuration
2026-08-29T17:27:21.626+05:30  INFO 12968 --- [api-gateway] [rap-executor-%d] c.n.d.s.r.aws.ConfigClusterResolver      : Resolving eureka endpoints via configuration
2026-08-29T17:32:21.636+05:30  INFO 12968 --- [api-gateway] [rap-executor-%d] c.n.d.s.r.aws.ConfigClusterResolver      : Resolving eureka endpoints via configuration
2026-08-29T17:37:21.652+05:30  INFO 12968 --- [api-gateway] [rap-executor-%d] c.n.d.s.r.aws.ConfigClusterResolver      : Resolving eureka endpoints via configuration
2026-08-29T17:42:21.663+05:30  INFO 12968 --- [api-gateway] [rap-executor-%d] c.n.d.s.r.aws.ConfigClusterResolver      : Resolving eureka endpoints via configuration
2026-08-29T17:56:52.724+05:30  INFO 12968 --- [api-gateway] [container-0-C-1] org.apache.kafka.clients.NetworkClient   : [Consumer clientId=consumer-anonymous.d608ff14-825d-4caa-8131-47b66c50a5c0-2, groupId=anonymous.d608ff14-825d-4caa-8131-47b66c50a5c0] Node 1 disconnected.
2026-08-29T17:56:52.763+05:30  INFO 12968 --- [api-gateway] [container-0-C-1] org.apache.kafka.clients.NetworkClient   : [Consumer clientId=consumer-anonymous.d608ff14-825d-4caa-8131-47b66c50a5c0-2, groupId=anonymous.d608ff14-825d-4caa-8131-47b66c50a5c0] Cancelled in-flight FETCH request with correlation id 48435 due to node 1 being disconnected (elapsed time since creation: 827999ms, elapsed time since send: 827999ms, throttle time: 0ms, request timeout: 30000ms)
2026-08-29T17:56:52.918+05:30  INFO 12968 --- [api-gateway] [binder-health-1] org.apache.kafka.clients.NetworkClient   : [Consumer clientId=consumer-null-4, groupId=null] Node 1 disconnected.
2026-08-29T17:56:52.920+05:30  INFO 12968 --- [api-gateway] [binder-health-1] org.apache.kafka.clients.NetworkClient   : [Consumer clientId=consumer-null-4, groupId=null] Cancelled in-flight METADATA request with correlation id 1201 due to node 1 being disconnected (elapsed time since creation: 823865ms, elapsed time since send: 823865ms, throttle time: 0ms, request timeout: 30000ms)
2026-08-29T17:56:52.921+05:30  INFO 12968 --- [api-gateway] [container-0-C-1] org.apache.kafka.clients.NetworkClient   : [Consumer clientId=consumer-anonymous.d608ff14-825d-4caa-8131-47b66c50a5c0-2, groupId=anonymous.d608ff14-825d-4caa-8131-47b66c50a5c0] Disconnecting from node 2147483646 due to request timeout.
2026-08-29T17:56:52.921+05:30  INFO 12968 --- [api-gateway] [container-0-C-1] org.apache.kafka.clients.NetworkClient   : [Consumer clientId=consumer-anonymous.d608ff14-825d-4caa-8131-47b66c50a5c0-2, groupId=anonymous.d608ff14-825d-4caa-8131-47b66c50a5c0] Cancelled in-flight HEARTBEAT request with correlation id 48436 due to node 2147483646 being disconnected (elapsed time since creation: 827141ms, elapsed time since send: 827141ms, throttle time: 0ms, request timeout: 30000ms)
2026-08-29T17:56:52.921+05:30  INFO 12968 --- [api-gateway] [container-0-C-1] org.apache.kafka.clients.NetworkClient   : [Consumer clientId=consumer-anonymous.d608ff14-825d-4caa-8131-47b66c50a5c0-2, groupId=anonymous.d608ff14-825d-4caa-8131-47b66c50a5c0] Cancelled in-flight HEARTBEAT request with correlation id 48437 due to node 2147483646 being disconnected (elapsed time since creation: 824132ms, elapsed time since send: 824132ms, throttle time: 0ms, request timeout: 30000ms)
2026-08-29T17:56:52.921+05:30  INFO 12968 --- [api-gateway] [container-0-C-1] org.apache.kafka.clients.NetworkClient   : [Consumer clientId=consumer-anonymous.d608ff14-825d-4caa-8131-47b66c50a5c0-2, groupId=anonymous.d608ff14-825d-4caa-8131-47b66c50a5c0] Cancelled in-flight HEARTBEAT request with correlation id 48438 due to node 2147483646 being disconnected (elapsed time since creation: 821124ms, elapsed time since send: 821124ms, throttle time: 0ms, request timeout: 30000ms)
2026-08-29T17:56:52.921+05:30  INFO 12968 --- [api-gateway] [container-0-C-1] org.apache.kafka.clients.NetworkClient   : [Consumer clientId=consumer-anonymous.d608ff14-825d-4caa-8131-47b66c50a5c0-2, groupId=anonymous.d608ff14-825d-4caa-8131-47b66c50a5c0] Cancelled in-flight HEARTBEAT request with correlation id 48439 due to node 2147483646 being disconnected (elapsed time since creation: 818108ms, elapsed time since send: 818108ms, throttle time: 0ms, request timeout: 30000ms)
2026-08-29T17:56:52.922+05:30  INFO 12968 --- [api-gateway] [31-47b66c50a5c0] o.a.k.c.c.internals.ConsumerCoordinator  : [Consumer clientId=consumer-anonymous.d608ff14-825d-4caa-8131-47b66c50a5c0-2, groupId=anonymous.d608ff14-825d-4caa-8131-47b66c50a5c0] Group coordinator localhost:9092 (id: 2147483646 rack: null) is unavailable or invalid due to cause: null. isDisconnected: true. Rediscovery will be attempted.
2026-08-29T17:56:52.922+05:30  INFO 12968 --- [api-gateway] [container-0-C-1] o.a.kafka.clients.FetchSessionHandler    : [Consumer clientId=consumer-anonymous.d608ff14-825d-4caa-8131-47b66c50a5c0-2, groupId=anonymous.d608ff14-825d-4caa-8131-47b66c50a5c0] Error sending fetch request (sessionId=1831477298, epoch=7701) to node 1:

org.apache.kafka.common.errors.DisconnectException: null

2026-08-29T17:56:54.462+05:30  INFO 12968 --- [api-gateway] [container-0-C-1] o.a.k.c.c.internals.ConsumerCoordinator  : [Consumer clientId=consumer-anonymous.d608ff14-825d-4caa-8131-47b66c50a5c0-2, groupId=anonymous.d608ff14-825d-4caa-8131-47b66c50a5c0] Discovered group coordinator localhost:9092 (id: 2147483646 rack: null)
2026-08-29T17:57:27.188+05:30  INFO 12968 --- [api-gateway] [pool-4-thread-1] org.apache.kafka.clients.NetworkClient   : [Consumer clientId=consumer-anonymous.d608ff14-825d-4caa-8131-47b66c50a5c0-3, groupId=anonymous.d608ff14-825d-4caa-8131-47b66c50a5c0] Node 2147483646 disconnected.
2026-08-29T17:57:27.193+05:30  INFO 12968 --- [api-gateway] [pool-4-thread-1] o.a.k.c.c.internals.ConsumerCoordinator  : [Consumer clientId=consumer-anonymous.d608ff14-825d-4caa-8131-47b66c50a5c0-3, groupId=anonymous.d608ff14-825d-4caa-8131-47b66c50a5c0] Group coordinator localhost:9092 (id: 2147483646 rack: null) is unavailable or invalid due to cause: coordinator unavailable. isDisconnected: true. Rediscovery will be attempted.
2026-08-29T17:57:27.195+05:30  INFO 12968 --- [api-gateway] [pool-4-thread-1] o.a.k.c.c.internals.ConsumerCoordinator  : [Consumer clientId=consumer-anonymous.d608ff14-825d-4caa-8131-47b66c50a5c0-3, groupId=anonymous.d608ff14-825d-4caa-8131-47b66c50a5c0] Discovered group coordinator localhost:9092 (id: 2147483646 rack: null)
2026-08-29T17:57:27.195+05:30  INFO 12968 --- [api-gateway] [pool-4-thread-1] o.a.k.c.c.internals.ConsumerCoordinator  : [Consumer clientId=consumer-anonymous.d608ff14-825d-4caa-8131-47b66c50a5c0-3, groupId=anonymous.d608ff14-825d-4caa-8131-47b66c50a5c0] Group coordinator localhost:9092 (id: 2147483646 rack: null) is unavailable or invalid due to cause: coordinator unavailable. isDisconnected: false. Rediscovery will be attempted.
2026-08-29T17:57:27.195+05:30  INFO 12968 --- [api-gateway] [pool-4-thread-1] o.a.k.c.c.internals.ConsumerCoordinator  : [Consumer clientId=consumer-anonymous.d608ff14-825d-4caa-8131-47b66c50a5c0-3, groupId=anonymous.d608ff14-825d-4caa-8131-47b66c50a5c0] Requesting disconnect from last known coordinator localhost:9092 (id: 2147483646 rack: null)
2026-08-29T17:57:27.298+05:30  INFO 12968 --- [api-gateway] [pool-4-thread-1] o.a.k.c.c.internals.ConsumerCoordinator  : [Consumer clientId=consumer-anonymous.d608ff14-825d-4caa-8131-47b66c50a5c0-3, groupId=anonymous.d608ff14-825d-4caa-8131-47b66c50a5c0] Discovered group coordinator localhost:9092 (id: 2147483646 rack: null)
2026-08-29T18:00:07.035+05:30  INFO 12968 --- [api-gateway] [container-0-C-1] org.apache.kafka.clients.NetworkClient   : [Consumer clientId=consumer-anonymous.d608ff14-825d-4caa-8131-47b66c50a5c0-2, groupId=anonymous.d608ff14-825d-4caa-8131-47b66c50a5c0] Disconnecting from node 1 due to request timeout.
2026-08-29T18:00:07.036+05:30  INFO 12968 --- [api-gateway] [container-0-C-1] org.apache.kafka.clients.NetworkClient   : [Consumer clientId=consumer-anonymous.d608ff14-825d-4caa-8131-47b66c50a5c0-2, groupId=anonymous.d608ff14-825d-4caa-8131-47b66c50a5c0] Cancelled in-flight FETCH request with correlation id 48796 due to node 1 being disconnected (elapsed time since creation: 39805ms, elapsed time since send: 39805ms, throttle time: 0ms, request timeout: 30000ms)
2026-08-29T18:00:07.036+05:30  INFO 12968 --- [api-gateway] [container-0-C-1] org.apache.kafka.clients.NetworkClient   : [Consumer clientId=consumer-anonymous.d608ff14-825d-4caa-8131-47b66c50a5c0-2, groupId=anonymous.d608ff14-825d-4caa-8131-47b66c50a5c0] Disconnecting from node 2147483646 due to request timeout.
2026-08-29T18:00:07.036+05:30  INFO 12968 --- [api-gateway] [container-0-C-1] org.apache.kafka.clients.NetworkClient   : [Consumer clientId=consumer-anonymous.d608ff14-825d-4caa-8131-47b66c50a5c0-2, groupId=anonymous.d608ff14-825d-4caa-8131-47b66c50a5c0] Cancelled in-flight HEARTBEAT request with correlation id 48797 due to node 2147483646 being disconnected (elapsed time since creation: 39155ms, elapsed time since send: 39155ms, throttle time: 0ms, request timeout: 30000ms)
2026-08-29T18:00:07.036+05:30  INFO 12968 --- [api-gateway] [container-0-C-1] org.apache.kafka.clients.NetworkClient   : [Consumer clientId=consumer-anonymous.d608ff14-825d-4caa-8131-47b66c50a5c0-2, groupId=anonymous.d608ff14-825d-4caa-8131-47b66c50a5c0] Cancelled in-flight HEARTBEAT request with correlation id 48798 due to node 2147483646 being disconnected (elapsed time since creation: 36152ms, elapsed time since send: 36152ms, throttle time: 0ms, request timeout: 30000ms)
2026-08-29T18:00:07.036+05:30  INFO 12968 --- [api-gateway] [container-0-C-1] org.apache.kafka.clients.NetworkClient   : [Consumer clientId=consumer-anonymous.d608ff14-825d-4caa-8131-47b66c50a5c0-2, groupId=anonymous.d608ff14-825d-4caa-8131-47b66c50a5c0] Cancelled in-flight HEARTBEAT request with correlation id 48799 due to node 2147483646 being disconnected (elapsed time since creation: 33137ms, elapsed time since send: 33137ms, throttle time: 0ms, request timeout: 30000ms)
2026-08-29T18:00:07.036+05:30  INFO 12968 --- [api-gateway] [container-0-C-1] org.apache.kafka.clients.NetworkClient   : [Consumer clientId=consumer-anonymous.d608ff14-825d-4caa-8131-47b66c50a5c0-2, groupId=anonymous.d608ff14-825d-4caa-8131-47b66c50a5c0] Cancelled in-flight HEARTBEAT request with correlation id 48800 due to node 2147483646 being disconnected (elapsed time since creation: 30130ms, elapsed time since send: 30130ms, throttle time: 0ms, request timeout: 30000ms)
2026-08-29T18:00:07.036+05:30  INFO 12968 --- [api-gateway] [31-47b66c50a5c0] o.a.k.c.c.internals.ConsumerCoordinator  : [Consumer clientId=consumer-anonymous.d608ff14-825d-4caa-8131-47b66c50a5c0-2, groupId=anonymous.d608ff14-825d-4caa-8131-47b66c50a5c0] Group coordinator localhost:9092 (id: 2147483646 rack: null) is unavailable or invalid due to cause: null. isDisconnected: true. Rediscovery will be attempted.
2026-08-29T18:00:07.036+05:30  INFO 12968 --- [api-gateway] [container-0-C-1] o.a.kafka.clients.FetchSessionHandler    : [Consumer clientId=consumer-anonymous.d608ff14-825d-4caa-8131-47b66c50a5c0-2, groupId=anonymous.d608ff14-825d-4caa-8131-47b66c50a5c0] Error sending fetch request (sessionId=1285095321, epoch=300) to node 1:

org.apache.kafka.common.errors.DisconnectException: null

2026-08-29T18:00:07.942+05:30  INFO 12968 --- [api-gateway] [container-0-C-1] o.a.k.c.c.internals.ConsumerCoordinator  : [Consumer clientId=consumer-anonymous.d608ff14-825d-4caa-8131-47b66c50a5c0-2, groupId=anonymous.d608ff14-825d-4caa-8131-47b66c50a5c0] Discovered group coordinator localhost:9092 (id: 2147483646 rack: null)
2026-08-29T18:01:22.781+05:30  INFO 12968 --- [api-gateway] [rap-executor-%d] c.n.d.s.r.aws.ConfigClusterResolver      : Resolving eureka endpoints via configuration
2026-08-29T18:06:22.800+05:30  INFO 12968 --- [api-gateway] [rap-executor-%d] c.n.d.s.r.aws.ConfigClusterResolver      : Resolving eureka endpoints via configuration
2026-08-29T18:11:22.814+05:30  INFO 12968 --- [api-gateway] [rap-executor-%d] c.n.d.s.r.aws.ConfigClusterResolver      : Resolving eureka endpoints via configuration
2026-08-29T18:16:22.822+05:30  INFO 12968 --- [api-gateway] [rap-executor-%d] c.n.d.s.r.aws.ConfigClusterResolver      : Resolving eureka endpoints via configuration
2026-08-29T19:23:53.345+05:30  INFO 12968 --- [api-gateway] [container-0-C-1] org.apache.kafka.clients.NetworkClient   : [Consumer clientId=consumer-anonymous.d608ff14-825d-4caa-8131-47b66c50a5c0-2, groupId=anonymous.d608ff14-825d-4caa-8131-47b66c50a5c0] Node 1 disconnected.
2026-08-29T19:23:53.384+05:30  INFO 12968 --- [api-gateway] [container-0-C-1] org.apache.kafka.clients.NetworkClient   : [Consumer clientId=consumer-anonymous.d608ff14-825d-4caa-8131-47b66c50a5c0-2, groupId=anonymous.d608ff14-825d-4caa-8131-47b66c50a5c0] Cancelled in-flight FETCH request with correlation id 51125 due to node 1 being disconnected (elapsed time since creation: 4024373ms, elapsed time since send: 4024373ms, throttle time: 0ms, request timeout: 30000ms)
2026-08-29T19:23:53.434+05:30  INFO 12968 --- [api-gateway] [container-0-C-1] org.apache.kafka.clients.NetworkClient   : [Consumer clientId=consumer-anonymous.d608ff14-825d-4caa-8131-47b66c50a5c0-2, groupId=anonymous.d608ff14-825d-4caa-8131-47b66c50a5c0] Disconnecting from node 2147483646 due to request timeout.
2026-08-29T19:23:53.434+05:30  INFO 12968 --- [api-gateway] [container-0-C-1] org.apache.kafka.clients.NetworkClient   : [Consumer clientId=consumer-anonymous.d608ff14-825d-4caa-8131-47b66c50a5c0-2, groupId=anonymous.d608ff14-825d-4caa-8131-47b66c50a5c0] Cancelled in-flight HEARTBEAT request with correlation id 51126 due to node 2147483646 being disconnected (elapsed time since creation: 4023524ms, elapsed time since send: 4023524ms, throttle time: 0ms, request timeout: 30000ms)
2026-08-29T19:23:53.440+05:30  INFO 12968 --- [api-gateway] [31-47b66c50a5c0] o.a.k.c.c.internals.ConsumerCoordinator  : [Consumer clientId=consumer-anonymous.d608ff14-825d-4caa-8131-47b66c50a5c0-2, groupId=anonymous.d608ff14-825d-4caa-8131-47b66c50a5c0] Group coordinator localhost:9092 (id: 2147483646 rack: null) is unavailable or invalid due to cause: null. isDisconnected: true. Rediscovery will be attempted.
2026-08-29T19:23:53.438+05:30  INFO 12968 --- [api-gateway] [container-0-C-1] o.a.kafka.clients.FetchSessionHandler    : [Consumer clientId=consumer-anonymous.d608ff14-825d-4caa-8131-47b66c50a5c0-2, groupId=anonymous.d608ff14-825d-4caa-8131-47b66c50a5c0] Error sending fetch request (sessionId=1744121729, epoch=1981) to node 1:

org.apache.kafka.common.errors.DisconnectException: null

2026-08-29T19:23:54.896+05:30  INFO 12968 --- [api-gateway] [container-0-C-1] o.a.k.c.c.internals.ConsumerCoordinator  : [Consumer clientId=consumer-anonymous.d608ff14-825d-4caa-8131-47b66c50a5c0-2, groupId=anonymous.d608ff14-825d-4caa-8131-47b66c50a5c0] Discovered group coordinator localhost:9092 (id: 2147483646 rack: null)
2026-08-29T19:23:54.918+05:30  INFO 12968 --- [api-gateway] [pool-4-thread-1] org.apache.kafka.clients.NetworkClient   : [Consumer clientId=consumer-anonymous.d608ff14-825d-4caa-8131-47b66c50a5c0-3, groupId=anonymous.d608ff14-825d-4caa-8131-47b66c50a5c0] Node 2147483646 disconnected.
2026-08-29T19:28:23.288+05:30  INFO 12968 --- [api-gateway] [rap-executor-%d] c.n.d.s.r.aws.ConfigClusterResolver      : Resolving eureka endpoints via configuration
2026-08-29T19:33:23.318+05:30  INFO 12968 --- [api-gateway] [rap-executor-%d] c.n.d.s.r.aws.ConfigClusterResolver      : Resolving eureka endpoints via configuration
2026-08-29T19:38:23.342+05:30  INFO 12968 --- [api-gateway] [rap-executor-%d] c.n.d.s.r.aws.ConfigClusterResolver      : Resolving eureka endpoints via configuration
2026-08-29T19:43:23.359+05:30  INFO 12968 --- [api-gateway] [rap-executor-%d] c.n.d.s.r.aws.ConfigClusterResolver      : Resolving eureka endpoints via configuration
2026-08-29T19:48:23.370+05:30  INFO 12968 --- [api-gateway] [rap-executor-%d] c.n.d.s.r.aws.ConfigClusterResolver      : Resolving eureka endpoints via configuration
2026-08-29T19:53:23.385+05:30  INFO 12968 --- [api-gateway] [rap-executor-%d] c.n.d.s.r.aws.ConfigClusterResolver      : Resolving eureka endpoints via configuration
2026-08-29T19:58:23.399+05:30  INFO 12968 --- [api-gateway] [rap-executor-%d] c.n.d.s.r.aws.ConfigClusterResolver      : Resolving eureka endpoints via configuration
2026-08-29T20:03:00.955+05:30  INFO 12968 --- [api-gateway] [container-0-C-1] org.apache.kafka.clients.NetworkClient   : [Consumer clientId=consumer-anonymous.d608ff14-825d-4caa-8131-47b66c50a5c0-2, groupId=anonymous.d608ff14-825d-4caa-8131-47b66c50a5c0] Disconnecting from node 1 due to request timeout.
2026-08-29T20:03:00.970+05:30  INFO 12968 --- [api-gateway] [container-0-C-1] org.apache.kafka.clients.NetworkClient   : [Consumer clientId=consumer-anonymous.d608ff14-825d-4caa-8131-47b66c50a5c0-2, groupId=anonymous.d608ff14-825d-4caa-8131-47b66c50a5c0] Cancelled in-flight FETCH request with correlation id 55922 due to node 1 being disconnected (elapsed time since creation: 278170ms, elapsed time since send: 278170ms, throttle time: 0ms, request timeout: 30000ms)
2026-08-29T20:03:00.978+05:30  INFO 12968 --- [api-gateway] [container-0-C-1] org.apache.kafka.clients.NetworkClient   : [Consumer clientId=consumer-anonymous.d608ff14-825d-4caa-8131-47b66c50a5c0-2, groupId=anonymous.d608ff14-825d-4caa-8131-47b66c50a5c0] Disconnecting from node 2147483646 due to request timeout.
2026-08-29T20:03:00.978+05:30  INFO 12968 --- [api-gateway] [container-0-C-1] org.apache.kafka.clients.NetworkClient   : [Consumer clientId=consumer-anonymous.d608ff14-825d-4caa-8131-47b66c50a5c0-2, groupId=anonymous.d608ff14-825d-4caa-8131-47b66c50a5c0] Cancelled in-flight HEARTBEAT request with correlation id 55923 due to node 2147483646 being disconnected (elapsed time since creation: 276498ms, elapsed time since send: 276498ms, throttle time: 0ms, request timeout: 30000ms)
2026-08-29T20:03:00.978+05:30  INFO 12968 --- [api-gateway] [container-0-C-1] org.apache.kafka.clients.NetworkClient   : [Consumer clientId=consumer-anonymous.d608ff14-825d-4caa-8131-47b66c50a5c0-2, groupId=anonymous.d608ff14-825d-4caa-8131-47b66c50a5c0] Cancelled in-flight HEARTBEAT request with correlation id 55924 due to node 2147483646 being disconnected (elapsed time since creation: 273486ms, elapsed time since send: 273486ms, throttle time: 0ms, request timeout: 30000ms)
2026-08-29T20:03:00.978+05:30  INFO 12968 --- [api-gateway] [container-0-C-1] org.apache.kafka.clients.NetworkClient   : [Consumer clientId=consumer-anonymous.d608ff14-825d-4caa-8131-47b66c50a5c0-2, groupId=anonymous.d608ff14-825d-4caa-8131-47b66c50a5c0] Cancelled in-flight HEARTBEAT request with correlation id 55925 due to node 2147483646 being disconnected (elapsed time since creation: 270473ms, elapsed time since send: 270473ms, throttle time: 0ms, request timeout: 30000ms)
2026-08-29T20:03:00.978+05:30  INFO 12968 --- [api-gateway] [container-0-C-1] org.apache.kafka.clients.NetworkClient   : [Consumer clientId=consumer-anonymous.d608ff14-825d-4caa-8131-47b66c50a5c0-2, groupId=anonymous.d608ff14-825d-4caa-8131-47b66c50a5c0] Cancelled in-flight HEARTBEAT request with correlation id 55926 due to node 2147483646 being disconnected (elapsed time since creation: 267464ms, elapsed time since send: 267464ms, throttle time: 0ms, request timeout: 30000ms)
2026-08-29T20:03:00.983+05:30  INFO 12968 --- [api-gateway] [31-47b66c50a5c0] o.a.k.c.c.internals.ConsumerCoordinator  : [Consumer clientId=consumer-anonymous.d608ff14-825d-4caa-8131-47b66c50a5c0-2, groupId=anonymous.d608ff14-825d-4caa-8131-47b66c50a5c0] Group coordinator localhost:9092 (id: 2147483646 rack: null) is unavailable or invalid due to cause: null. isDisconnected: true. Rediscovery will be attempted.
2026-08-29T20:03:00.991+05:30  INFO 12968 --- [api-gateway] [container-0-C-1] o.a.kafka.clients.FetchSessionHandler    : [Consumer clientId=consumer-anonymous.d608ff14-825d-4caa-8131-47b66c50a5c0-2, groupId=anonymous.d608ff14-825d-4caa-8131-47b66c50a5c0] Error sending fetch request (sessionId=1291653843, epoch=4090) to node 1:

org.apache.kafka.common.errors.DisconnectException: null

2026-08-29T20:03:01.706+05:30  INFO 12968 --- [api-gateway] [container-0-C-1] o.a.k.c.c.internals.ConsumerCoordinator  : [Consumer clientId=consumer-anonymous.d608ff14-825d-4caa-8131-47b66c50a5c0-2, groupId=anonymous.d608ff14-825d-4caa-8131-47b66c50a5c0] Discovered group coordinator localhost:9092 (id: 2147483646 rack: null)
2026-08-29T20:07:47.850+05:30  INFO 12968 --- [api-gateway] [rap-executor-%d] c.n.d.s.r.aws.ConfigClusterResolver      : Resolving eureka endpoints via configuration
2026-08-29T20:12:47.881+05:30  INFO 12968 --- [api-gateway] [rap-executor-%d] c.n.d.s.r.aws.ConfigClusterResolver      : Resolving eureka endpoints via configuration
2026-08-29T20:17:47.888+05:30  INFO 12968 --- [api-gateway] [rap-executor-%d] c.n.d.s.r.aws.ConfigClusterResolver      : Resolving eureka endpoints via configuration
2026-08-29T20:22:47.907+05:30  INFO 12968 --- [api-gateway] [rap-executor-%d] c.n.d.s.r.aws.ConfigClusterResolver      : Resolving eureka endpoints via configuration
2026-08-29T20:27:47.909+05:30  INFO 12968 --- [api-gateway] [rap-executor-%d] c.n.d.s.r.aws.ConfigClusterResolver      : Resolving eureka endpoints via configuration
2026-08-29T20:32:47.917+05:30  INFO 12968 --- [api-gateway] [rap-executor-%d] c.n.d.s.r.aws.ConfigClusterResolver      : Resolving eureka endpoints via configuration
2026-08-29T20:37:47.935+05:30  INFO 12968 --- [api-gateway] [rap-executor-%d] c.n.d.s.r.aws.ConfigClusterResolver      : Resolving eureka endpoints via configuration
2026-08-29T20:49:18.635+05:30  INFO 12968 --- [api-gateway] [31-47b66c50a5c0] org.apache.kafka.clients.NetworkClient   : [Consumer clientId=consumer-anonymous.d608ff14-825d-4caa-8131-47b66c50a5c0-2, groupId=anonymous.d608ff14-825d-4caa-8131-47b66c50a5c0] Node 1 disconnected.
2026-08-29T20:49:18.646+05:30  INFO 12968 --- [api-gateway] [31-47b66c50a5c0] org.apache.kafka.clients.NetworkClient   : [Consumer clientId=consumer-anonymous.d608ff14-825d-4caa-8131-47b66c50a5c0-2, groupId=anonymous.d608ff14-825d-4caa-8131-47b66c50a5c0] Cancelled in-flight FETCH request with correlation id 61088 due to node 1 being disconnected (elapsed time since creation: 551111ms, elapsed time since send: 551111ms, throttle time: 0ms, request timeout: 30000ms)
2026-08-29T20:49:18.647+05:30  INFO 12968 --- [api-gateway] [31-47b66c50a5c0] org.apache.kafka.clients.NetworkClient   : [Consumer clientId=consumer-anonymous.d608ff14-825d-4caa-8131-47b66c50a5c0-2, groupId=anonymous.d608ff14-825d-4caa-8131-47b66c50a5c0] Cancelled in-flight METADATA request with correlation id 61093 due to node 1 being disconnected (elapsed time since creation: 1072ms, elapsed time since send: 1072ms, throttle time: 0ms, request timeout: 30000ms)
2026-08-29T20:49:18.650+05:30  INFO 12968 --- [api-gateway] [31-47b66c50a5c0] org.apache.kafka.clients.NetworkClient   : [Consumer clientId=consumer-anonymous.d608ff14-825d-4caa-8131-47b66c50a5c0-2, groupId=anonymous.d608ff14-825d-4caa-8131-47b66c50a5c0] Disconnecting from node 2147483646 due to request timeout.
2026-08-29T20:49:18.650+05:30  INFO 12968 --- [api-gateway] [31-47b66c50a5c0] org.apache.kafka.clients.NetworkClient   : [Consumer clientId=consumer-anonymous.d608ff14-825d-4caa-8131-47b66c50a5c0-2, groupId=anonymous.d608ff14-825d-4caa-8131-47b66c50a5c0] Cancelled in-flight HEARTBEAT request with correlation id 61089 due to node 2147483646 being disconnected (elapsed time since creation: 550242ms, elapsed time since send: 550242ms, throttle time: 0ms, request timeout: 30000ms)
2026-08-29T20:49:18.650+05:30  INFO 12968 --- [api-gateway] [31-47b66c50a5c0] org.apache.kafka.clients.NetworkClient   : [Consumer clientId=consumer-anonymous.d608ff14-825d-4caa-8131-47b66c50a5c0-2, groupId=anonymous.d608ff14-825d-4caa-8131-47b66c50a5c0] Cancelled in-flight HEARTBEAT request with correlation id 61090 due to node 2147483646 being disconnected (elapsed time since creation: 547229ms, elapsed time since send: 547229ms, throttle time: 0ms, request timeout: 30000ms)
2026-08-29T20:49:18.650+05:30  INFO 12968 --- [api-gateway] [31-47b66c50a5c0] org.apache.kafka.clients.NetworkClient   : [Consumer clientId=consumer-anonymous.d608ff14-825d-4caa-8131-47b66c50a5c0-2, groupId=anonymous.d608ff14-825d-4caa-8131-47b66c50a5c0] Cancelled in-flight HEARTBEAT request with correlation id 61091 due to node 2147483646 being disconnected (elapsed time since creation: 544226ms, elapsed time since send: 544226ms, throttle time: 0ms, request timeout: 30000ms)
2026-08-29T20:49:18.650+05:30  INFO 12968 --- [api-gateway] [31-47b66c50a5c0] org.apache.kafka.clients.NetworkClient   : [Consumer clientId=consumer-anonymous.d608ff14-825d-4caa-8131-47b66c50a5c0-2, groupId=anonymous.d608ff14-825d-4caa-8131-47b66c50a5c0] Cancelled in-flight HEARTBEAT request with correlation id 61092 due to node 2147483646 being disconnected (elapsed time since creation: 541226ms, elapsed time since send: 541226ms, throttle time: 0ms, request timeout: 30000ms)
2026-08-29T20:49:18.653+05:30  INFO 12968 --- [api-gateway] [31-47b66c50a5c0] o.a.kafka.clients.FetchSessionHandler    : [Consumer clientId=consumer-anonymous.d608ff14-825d-4caa-8131-47b66c50a5c0-2, groupId=anonymous.d608ff14-825d-4caa-8131-47b66c50a5c0] Error sending fetch request (sessionId=38875693, epoch=4402) to node 1:

org.apache.kafka.common.errors.DisconnectException: null

2026-08-29T20:49:18.678+05:30  INFO 12968 --- [api-gateway] [31-47b66c50a5c0] o.a.k.c.c.internals.ConsumerCoordinator  : [Consumer clientId=consumer-anonymous.d608ff14-825d-4caa-8131-47b66c50a5c0-2, groupId=anonymous.d608ff14-825d-4caa-8131-47b66c50a5c0] Group coordinator localhost:9092 (id: 2147483646 rack: null) is unavailable or invalid due to cause: null. isDisconnected: true. Rediscovery will be attempted.
2026-08-29T20:49:19.195+05:30  INFO 12968 --- [api-gateway] [pool-4-thread-1] org.apache.kafka.clients.NetworkClient   : [Consumer clientId=consumer-anonymous.d608ff14-825d-4caa-8131-47b66c50a5c0-3, groupId=anonymous.d608ff14-825d-4caa-8131-47b66c50a5c0] Node 2147483646 disconnected.
2026-08-29T20:49:20.774+05:30  INFO 12968 --- [api-gateway] [container-0-C-1] o.a.k.c.c.internals.ConsumerCoordinator  : [Consumer clientId=consumer-anonymous.d608ff14-825d-4caa-8131-47b66c50a5c0-2, groupId=anonymous.d608ff14-825d-4caa-8131-47b66c50a5c0] Discovered group coordinator localhost:9092 (id: 2147483646 rack: null)
2026-08-29T20:51:45.363+05:30  INFO 12968 --- [api-gateway] [rap-executor-%d] c.n.d.s.r.aws.ConfigClusterResolver      : Resolving eureka endpoints via configuration
2026-08-29T20:56:45.380+05:30  INFO 12968 --- [api-gateway] [rap-executor-%d] c.n.d.s.r.aws.ConfigClusterResolver      : Resolving eureka endpoints via configuration
2026-08-29T21:23:27.024+05:30  INFO 12968 --- [api-gateway] [container-0-C-1] org.apache.kafka.clients.NetworkClient   : [Consumer clientId=consumer-anonymous.d608ff14-825d-4caa-8131-47b66c50a5c0-2, groupId=anonymous.d608ff14-825d-4caa-8131-47b66c50a5c0] Node 1 disconnected.
2026-08-29T21:23:27.147+05:30  INFO 12968 --- [api-gateway] [container-0-C-1] org.apache.kafka.clients.NetworkClient   : [Consumer clientId=consumer-anonymous.d608ff14-825d-4caa-8131-47b66c50a5c0-2, groupId=anonymous.d608ff14-825d-4caa-8131-47b66c50a5c0] Cancelled in-flight FETCH request with correlation id 62689 due to node 1 being disconnected (elapsed time since creation: 1360207ms, elapsed time since send: 1360207ms, throttle time: 0ms, request timeout: 30000ms)
2026-08-29T21:23:27.149+05:30  INFO 12968 --- [api-gateway] [container-0-C-1] org.apache.kafka.clients.NetworkClient   : [Consumer clientId=consumer-anonymous.d608ff14-825d-4caa-8131-47b66c50a5c0-2, groupId=anonymous.d608ff14-825d-4caa-8131-47b66c50a5c0] Disconnecting from node 2147483646 due to request timeout.
2026-08-29T21:23:27.149+05:30  INFO 12968 --- [api-gateway] [container-0-C-1] org.apache.kafka.clients.NetworkClient   : [Consumer clientId=consumer-anonymous.d608ff14-825d-4caa-8131-47b66c50a5c0-2, groupId=anonymous.d608ff14-825d-4caa-8131-47b66c50a5c0] Cancelled in-flight HEARTBEAT request with correlation id 62690 due to node 2147483646 being disconnected (elapsed time since creation: 1357358ms, elapsed time since send: 1357358ms, throttle time: 0ms, request timeout: 30000ms)
2026-08-29T21:23:27.150+05:30  INFO 12968 --- [api-gateway] [container-0-C-1] org.apache.kafka.clients.NetworkClient   : [Consumer clientId=consumer-anonymous.d608ff14-825d-4caa-8131-47b66c50a5c0-2, groupId=anonymous.d608ff14-825d-4caa-8131-47b66c50a5c0] Cancelled in-flight HEARTBEAT request with correlation id 62691 due to node 2147483646 being disconnected (elapsed time since creation: 1354346ms, elapsed time since send: 1354346ms, throttle time: 0ms, request timeout: 30000ms)
2026-08-29T21:23:27.150+05:30  INFO 12968 --- [api-gateway] [container-0-C-1] org.apache.kafka.clients.NetworkClient   : [Consumer clientId=consumer-anonymous.d608ff14-825d-4caa-8131-47b66c50a5c0-2, groupId=anonymous.d608ff14-825d-4caa-8131-47b66c50a5c0] Cancelled in-flight HEARTBEAT request with correlation id 62692 due to node 2147483646 being disconnected (elapsed time since creation: 1351344ms, elapsed time since send: 1351344ms, throttle time: 0ms, request timeout: 30000ms)
2026-08-29T21:23:27.153+05:30  INFO 12968 --- [api-gateway] [31-47b66c50a5c0] o.a.k.c.c.internals.ConsumerCoordinator  : [Consumer clientId=consumer-anonymous.d608ff14-825d-4caa-8131-47b66c50a5c0-2, groupId=anonymous.d608ff14-825d-4caa-8131-47b66c50a5c0] Group coordinator localhost:9092 (id: 2147483646 rack: null) is unavailable or invalid due to cause: null. isDisconnected: true. Rediscovery will be attempted.
2026-08-29T21:23:27.153+05:30  INFO 12968 --- [api-gateway] [container-0-C-1] o.a.kafka.clients.FetchSessionHandler    : [Consumer clientId=consumer-anonymous.d608ff14-825d-4caa-8131-47b66c50a5c0-2, groupId=anonymous.d608ff14-825d-4caa-8131-47b66c50a5c0] Error sending fetch request (sessionId=637427343, epoch=1357) to node 1:

org.apache.kafka.common.errors.DisconnectException: null

2026-08-29T21:23:27.633+05:30  INFO 12968 --- [api-gateway] [container-0-C-1] o.a.k.c.c.internals.ConsumerCoordinator  : [Consumer clientId=consumer-anonymous.d608ff14-825d-4caa-8131-47b66c50a5c0-2, groupId=anonymous.d608ff14-825d-4caa-8131-47b66c50a5c0] Discovered group coordinator localhost:9092 (id: 2147483646 rack: null)
2026-08-29T21:23:47.157+05:30  INFO 12968 --- [api-gateway] [pool-4-thread-1] org.apache.kafka.clients.NetworkClient   : [Consumer clientId=consumer-anonymous.d608ff14-825d-4caa-8131-47b66c50a5c0-3, groupId=anonymous.d608ff14-825d-4caa-8131-47b66c50a5c0] Node 2147483646 disconnected.
2026-08-29T21:23:47.162+05:30  INFO 12968 --- [api-gateway] [pool-4-thread-1] o.a.k.c.c.internals.ConsumerCoordinator  : [Consumer clientId=consumer-anonymous.d608ff14-825d-4caa-8131-47b66c50a5c0-3, groupId=anonymous.d608ff14-825d-4caa-8131-47b66c50a5c0] Group coordinator localhost:9092 (id: 2147483646 rack: null) is unavailable or invalid due to cause: coordinator unavailable. isDisconnected: true. Rediscovery will be attempted.
2026-08-29T21:23:47.166+05:30  INFO 12968 --- [api-gateway] [pool-4-thread-1] o.a.k.c.c.internals.ConsumerCoordinator  : [Consumer clientId=consumer-anonymous.d608ff14-825d-4caa-8131-47b66c50a5c0-3, groupId=anonymous.d608ff14-825d-4caa-8131-47b66c50a5c0] Discovered group coordinator localhost:9092 (id: 2147483646 rack: null)
2026-08-29T21:23:47.167+05:30  INFO 12968 --- [api-gateway] [pool-4-thread-1] o.a.k.c.c.internals.ConsumerCoordinator  : [Consumer clientId=consumer-anonymous.d608ff14-825d-4caa-8131-47b66c50a5c0-3, groupId=anonymous.d608ff14-825d-4caa-8131-47b66c50a5c0] Group coordinator localhost:9092 (id: 2147483646 rack: null) is unavailable or invalid due to cause: coordinator unavailable. isDisconnected: false. Rediscovery will be attempted.
2026-08-29T21:23:47.168+05:30  INFO 12968 --- [api-gateway] [pool-4-thread-1] o.a.k.c.c.internals.ConsumerCoordinator  : [Consumer clientId=consumer-anonymous.d608ff14-825d-4caa-8131-47b66c50a5c0-3, groupId=anonymous.d608ff14-825d-4caa-8131-47b66c50a5c0] Requesting disconnect from last known coordinator localhost:9092 (id: 2147483646 rack: null)
2026-08-29T21:23:47.281+05:30  INFO 12968 --- [api-gateway] [pool-4-thread-1] o.a.k.c.c.internals.ConsumerCoordinator  : [Consumer clientId=consumer-anonymous.d608ff14-825d-4caa-8131-47b66c50a5c0-3, groupId=anonymous.d608ff14-825d-4caa-8131-47b66c50a5c0] Discovered group coordinator localhost:9092 (id: 2147483646 rack: null)
2026-08-29T21:24:12.354+05:30  INFO 12968 --- [api-gateway] [rap-executor-%d] c.n.d.s.r.aws.ConfigClusterResolver      : Resolving eureka endpoints via configuration
2026-08-29T21:29:12.370+05:30  INFO 12968 --- [api-gateway] [rap-executor-%d] c.n.d.s.r.aws.ConfigClusterResolver      : Resolving eureka endpoints via configuration
2026-08-29T21:34:12.410+05:30  INFO 12968 --- [api-gateway] [rap-executor-%d] c.n.d.s.r.aws.ConfigClusterResolver      : Resolving eureka endpoints via configuration
2026-08-29T21:39:12.423+05:30  INFO 12968 --- [api-gateway] [rap-executor-%d] c.n.d.s.r.aws.ConfigClusterResolver      : Resolving eureka endpoints via configuration
2026-08-29T21:44:12.438+05:30  INFO 12968 --- [api-gateway] [rap-executor-%d] c.n.d.s.r.aws.ConfigClusterResolver      : Resolving eureka endpoints via configuration
2026-08-29T21:49:12.451+05:30  INFO 12968 --- [api-gateway] [rap-executor-%d] c.n.d.s.r.aws.ConfigClusterResolver      : Resolving eureka endpoints via configuration
2026-08-29T21:54:12.457+05:30  INFO 12968 --- [api-gateway] [rap-executor-%d] c.n.d.s.r.aws.ConfigClusterResolver      : Resolving eureka endpoints via configuration
2026-08-29T21:59:12.465+05:30  INFO 12968 --- [api-gateway] [rap-executor-%d] c.n.d.s.r.aws.ConfigClusterResolver      : Resolving eureka endpoints via configuration
2026-08-29T22:04:12.475+05:30  INFO 12968 --- [api-gateway] [rap-executor-%d] c.n.d.s.r.aws.ConfigClusterResolver      : Resolving eureka endpoints via configuration
2026-08-29T22:09:12.479+05:30  INFO 12968 --- [api-gateway] [rap-executor-%d] c.n.d.s.r.aws.ConfigClusterResolver      : Resolving eureka endpoints via configuration
2026-08-29T22:14:12.485+05:30  INFO 12968 --- [api-gateway] [rap-executor-%d] c.n.d.s.r.aws.ConfigClusterResolver      : Resolving eureka endpoints via configuration
2026-08-29T22:19:12.488+05:30  INFO 12968 --- [api-gateway] [rap-executor-%d] c.n.d.s.r.aws.ConfigClusterResolver      : Resolving eureka endpoints via configuration
2026-08-29T22:24:12.507+05:30  INFO 12968 --- [api-gateway] [rap-executor-%d] c.n.d.s.r.aws.ConfigClusterResolver      : Resolving eureka endpoints via configuration
2026-08-29T22:29:12.520+05:30  INFO 12968 --- [api-gateway] [rap-executor-%d] c.n.d.s.r.aws.ConfigClusterResolver      : Resolving eureka endpoints via configuration
2026-08-29T22:34:12.528+05:30  INFO 12968 --- [api-gateway] [rap-executor-%d] c.n.d.s.r.aws.ConfigClusterResolver      : Resolving eureka endpoints via configuration
2026-08-29T22:39:12.543+05:30  INFO 12968 --- [api-gateway] [rap-executor-%d] c.n.d.s.r.aws.ConfigClusterResolver      : Resolving eureka endpoints via configuration
2026-08-29T22:44:12.549+05:30  INFO 12968 --- [api-gateway] [rap-executor-%d] c.n.d.s.r.aws.ConfigClusterResolver      : Resolving eureka endpoints via configuration
2026-08-29T22:49:12.562+05:30  INFO 12968 --- [api-gateway] [rap-executor-%d] c.n.d.s.r.aws.ConfigClusterResolver      : Resolving eureka endpoints via configuration
2026-08-29T22:54:12.566+05:30  INFO 12968 --- [api-gateway] [rap-executor-%d] c.n.d.s.r.aws.ConfigClusterResolver      : Resolving eureka endpoints via configuration
2026-08-29T22:59:12.580+05:30  INFO 12968 --- [api-gateway] [rap-executor-%d] c.n.d.s.r.aws.ConfigClusterResolver      : Resolving eureka endpoints via configuration
2026-08-29T23:04:12.597+05:30  INFO 12968 --- [api-gateway] [rap-executor-%d] c.n.d.s.r.aws.ConfigClusterResolver      : Resolving eureka endpoints via configuration
2026-08-29T23:09:12.607+05:30  INFO 12968 --- [api-gateway] [rap-executor-%d] c.n.d.s.r.aws.ConfigClusterResolver      : Resolving eureka endpoints via configuration
2026-08-29T23:14:12.624+05:30  INFO 12968 --- [api-gateway] [rap-executor-%d] c.n.d.s.r.aws.ConfigClusterResolver      : Resolving eureka endpoints via configuration
2026-08-29T23:19:12.629+05:30  INFO 12968 --- [api-gateway] [rap-executor-%d] c.n.d.s.r.aws.ConfigClusterResolver      : Resolving eureka endpoints via configuration
2026-08-29T23:24:12.637+05:30  INFO 12968 --- [api-gateway] [rap-executor-%d] c.n.d.s.r.aws.ConfigClusterResolver      : Resolving eureka endpoints via configuration
2026-08-29T23:29:12.644+05:30  INFO 12968 --- [api-gateway] [rap-executor-%d] c.n.d.s.r.aws.ConfigClusterResolver      : Resolving eureka endpoints via configuration
2026-08-29T23:34:12.660+05:30  INFO 12968 --- [api-gateway] [rap-executor-%d] c.n.d.s.r.aws.ConfigClusterResolver      : Resolving eureka endpoints via configuration
2026-08-29T23:39:12.664+05:30  INFO 12968 --- [api-gateway] [rap-executor-%d] c.n.d.s.r.aws.ConfigClusterResolver      : Resolving eureka endpoints via configuration
2026-08-29T23:44:12.673+05:30  INFO 12968 --- [api-gateway] [rap-executor-%d] c.n.d.s.r.aws.ConfigClusterResolver      : Resolving eureka endpoints via configuration
2026-08-29T23:49:12.683+05:30  INFO 12968 --- [api-gateway] [rap-executor-%d] c.n.d.s.r.aws.ConfigClusterResolver      : Resolving eureka endpoints via configuration
2026-08-30T00:04:37.680+05:30  INFO 12968 --- [api-gateway] [31-47b66c50a5c0] org.apache.kafka.clients.NetworkClient   : [Consumer clientId=consumer-anonymous.d608ff14-825d-4caa-8131-47b66c50a5c0-2, groupId=anonymous.d608ff14-825d-4caa-8131-47b66c50a5c0] Node 1 disconnected.
2026-08-30T00:04:37.691+05:30  INFO 12968 --- [api-gateway] [31-47b66c50a5c0] org.apache.kafka.clients.NetworkClient   : [Consumer clientId=consumer-anonymous.d608ff14-825d-4caa-8131-47b66c50a5c0-2, groupId=anonymous.d608ff14-825d-4caa-8131-47b66c50a5c0] Cancelled in-flight FETCH request with correlation id 83169 due to node 1 being disconnected (elapsed time since creation: 826668ms, elapsed time since send: 826668ms, throttle time: 0ms, request timeout: 30000ms)
2026-08-30T00:04:37.691+05:30  INFO 12968 --- [api-gateway] [31-47b66c50a5c0] org.apache.kafka.clients.NetworkClient   : [Consumer clientId=consumer-anonymous.d608ff14-825d-4caa-8131-47b66c50a5c0-2, groupId=anonymous.d608ff14-825d-4caa-8131-47b66c50a5c0] Cancelled in-flight METADATA request with correlation id 83171 due to node 1 being disconnected (elapsed time since creation: 1146ms, elapsed time since send: 1146ms, throttle time: 0ms, request timeout: 30000ms)
2026-08-30T00:04:37.736+05:30  INFO 12968 --- [api-gateway] [31-47b66c50a5c0] org.apache.kafka.clients.NetworkClient   : [Consumer clientId=consumer-anonymous.d608ff14-825d-4caa-8131-47b66c50a5c0-2, groupId=anonymous.d608ff14-825d-4caa-8131-47b66c50a5c0] Disconnecting from node 2147483646 due to request timeout.
2026-08-30T00:04:37.739+05:30  INFO 12968 --- [api-gateway] [31-47b66c50a5c0] org.apache.kafka.clients.NetworkClient   : [Consumer clientId=consumer-anonymous.d608ff14-825d-4caa-8131-47b66c50a5c0-2, groupId=anonymous.d608ff14-825d-4caa-8131-47b66c50a5c0] Cancelled in-flight HEARTBEAT request with correlation id 83170 due to node 2147483646 being disconnected (elapsed time since creation: 825356ms, elapsed time since send: 825356ms, throttle time: 0ms, request timeout: 30000ms)
2026-08-30T00:04:37.744+05:30  INFO 12968 --- [api-gateway] [31-47b66c50a5c0] o.a.kafka.clients.FetchSessionHandler    : [Consumer clientId=consumer-anonymous.d608ff14-825d-4caa-8131-47b66c50a5c0-2, groupId=anonymous.d608ff14-825d-4caa-8131-47b66c50a5c0] Error sending fetch request (sessionId=697478799, epoch=17473) to node 1:

org.apache.kafka.common.errors.DisconnectException: null

2026-08-30T00:04:37.772+05:30  INFO 12968 --- [api-gateway] [31-47b66c50a5c0] o.a.k.c.c.internals.ConsumerCoordinator  : [Consumer clientId=consumer-anonymous.d608ff14-825d-4caa-8131-47b66c50a5c0-2, groupId=anonymous.d608ff14-825d-4caa-8131-47b66c50a5c0] Group coordinator localhost:9092 (id: 2147483646 rack: null) is unavailable or invalid due to cause: null. isDisconnected: true. Rediscovery will be attempted.
2026-08-30T00:04:40.412+05:30  INFO 12968 --- [api-gateway] [container-0-C-1] o.a.k.c.c.internals.ConsumerCoordinator  : [Consumer clientId=consumer-anonymous.d608ff14-825d-4caa-8131-47b66c50a5c0-2, groupId=anonymous.d608ff14-825d-4caa-8131-47b66c50a5c0] Discovered group coordinator localhost:9092 (id: 2147483646 rack: null)
2026-08-30T00:05:32.614+05:30  INFO 12968 --- [api-gateway] [pool-4-thread-1] org.apache.kafka.clients.NetworkClient   : [Consumer clientId=consumer-anonymous.d608ff14-825d-4caa-8131-47b66c50a5c0-3, groupId=anonymous.d608ff14-825d-4caa-8131-47b66c50a5c0] Node 2147483646 disconnected.
2026-08-30T00:07:55.203+05:30  INFO 12968 --- [api-gateway] [rap-executor-%d] c.n.d.s.r.aws.ConfigClusterResolver      : Resolving eureka endpoints via configuration
2026-08-30T00:12:55.226+05:30  INFO 12968 --- [api-gateway] [rap-executor-%d] c.n.d.s.r.aws.ConfigClusterResolver      : Resolving eureka endpoints via configuration
2026-08-30T00:17:55.241+05:30  INFO 12968 --- [api-gateway] [rap-executor-%d] c.n.d.s.r.aws.ConfigClusterResolver      : Resolving eureka endpoints via configuration
2026-08-30T00:23:20.104+05:30  INFO 12968 --- [api-gateway] [rap-executor-%d] c.n.d.s.r.aws.ConfigClusterResolver      : Resolving eureka endpoints via configuration
2026-08-30T00:28:20.119+05:30  INFO 12968 --- [api-gateway] [rap-executor-%d] c.n.d.s.r.aws.ConfigClusterResolver      : Resolving eureka endpoints via configuration
2026-08-30T00:33:20.132+05:30  INFO 12968 --- [api-gateway] [rap-executor-%d] c.n.d.s.r.aws.ConfigClusterResolver      : Resolving eureka endpoints via configuration
2026-08-30T00:38:20.134+05:30  INFO 12968 --- [api-gateway] [rap-executor-%d] c.n.d.s.r.aws.ConfigClusterResolver      : Resolving eureka endpoints via configuration
2026-08-30T00:40:35.753+05:30  INFO 12968 --- [api-gateway] [container-0-C-1] org.apache.kafka.clients.NetworkClient   : [Consumer clientId=consumer-anonymous.d608ff14-825d-4caa-8131-47b66c50a5c0-2, groupId=anonymous.d608ff14-825d-4caa-8131-47b66c50a5c0] Disconnecting from node 1 due to request timeout.
2026-08-30T00:40:35.842+05:30  INFO 12968 --- [api-gateway] [container-0-C-1] org.apache.kafka.clients.NetworkClient   : [Consumer clientId=consumer-anonymous.d608ff14-825d-4caa-8131-47b66c50a5c0-2, groupId=anonymous.d608ff14-825d-4caa-8131-47b66c50a5c0] Cancelled in-flight FETCH request with correlation id 87809 due to node 1 being disconnected (elapsed time since creation: 127256ms, elapsed time since send: 127256ms, throttle time: 0ms, request timeout: 30000ms)
2026-08-30T00:40:35.843+05:30  INFO 12968 --- [api-gateway] [container-0-C-1] org.apache.kafka.clients.NetworkClient   : [Consumer clientId=consumer-anonymous.d608ff14-825d-4caa-8131-47b66c50a5c0-2, groupId=anonymous.d608ff14-825d-4caa-8131-47b66c50a5c0] Disconnecting from node 2147483646 due to request timeout.
2026-08-30T00:40:35.844+05:30  INFO 12968 --- [api-gateway] [container-0-C-1] org.apache.kafka.clients.NetworkClient   : [Consumer clientId=consumer-anonymous.d608ff14-825d-4caa-8131-47b66c50a5c0-2, groupId=anonymous.d608ff14-825d-4caa-8131-47b66c50a5c0] Cancelled in-flight HEARTBEAT request with correlation id 87810 due to node 2147483646 being disconnected (elapsed time since creation: 126953ms, elapsed time since send: 126953ms, throttle time: 0ms, request timeout: 30000ms)
2026-08-30T00:40:35.844+05:30  INFO 12968 --- [api-gateway] [31-47b66c50a5c0] o.a.k.c.c.internals.ConsumerCoordinator  : [Consumer clientId=consumer-anonymous.d608ff14-825d-4caa-8131-47b66c50a5c0-2, groupId=anonymous.d608ff14-825d-4caa-8131-47b66c50a5c0] Group coordinator localhost:9092 (id: 2147483646 rack: null) is unavailable or invalid due to cause: null. isDisconnected: true. Rediscovery will be attempted.
2026-08-30T00:40:35.844+05:30  INFO 12968 --- [api-gateway] [container-0-C-1] o.a.kafka.clients.FetchSessionHandler    : [Consumer clientId=consumer-anonymous.d608ff14-825d-4caa-8131-47b66c50a5c0-2, groupId=anonymous.d608ff14-825d-4caa-8131-47b66c50a5c0] Error sending fetch request (sessionId=2137606705, epoch=3953) to node 1:

org.apache.kafka.common.errors.DisconnectException: null

2026-08-30T00:40:36.666+05:30  INFO 12968 --- [api-gateway] [container-0-C-1] o.a.k.c.c.internals.ConsumerCoordinator  : [Consumer clientId=consumer-anonymous.d608ff14-825d-4caa-8131-47b66c50a5c0-2, groupId=anonymous.d608ff14-825d-4caa-8131-47b66c50a5c0] Discovered group coordinator localhost:9092 (id: 2147483646 rack: null)
2026-08-30T00:45:23.902+05:30  INFO 12968 --- [api-gateway] [rap-executor-%d] c.n.d.s.r.aws.ConfigClusterResolver      : Resolving eureka endpoints via configuration
2026-08-30T00:50:23.905+05:30  INFO 12968 --- [api-gateway] [rap-executor-%d] c.n.d.s.r.aws.ConfigClusterResolver      : Resolving eureka endpoints via configuration
2026-08-30T00:55:23.916+05:30  INFO 12968 --- [api-gateway] [rap-executor-%d] c.n.d.s.r.aws.ConfigClusterResolver      : Resolving eureka endpoints via configuration
2026-08-30T01:00:23.926+05:30  INFO 12968 --- [api-gateway] [rap-executor-%d] c.n.d.s.r.aws.ConfigClusterResolver      : Resolving eureka endpoints via configuration
2026-08-30T01:05:23.933+05:30  INFO 12968 --- [api-gateway] [rap-executor-%d] c.n.d.s.r.aws.ConfigClusterResolver      : Resolving eureka endpoints via configuration
2026-08-30T01:10:23.938+05:30  INFO 12968 --- [api-gateway] [rap-executor-%d] c.n.d.s.r.aws.ConfigClusterResolver      : Resolving eureka endpoints via configuration
2026-08-30T01:15:23.952+05:30  INFO 12968 --- [api-gateway] [rap-executor-%d] c.n.d.s.r.aws.ConfigClusterResolver      : Resolving eureka endpoints via configuration
2026-08-30T04:15:49.092+05:30  INFO 12968 --- [api-gateway] [container-0-C-1] org.apache.kafka.clients.NetworkClient   : [Consumer clientId=consumer-anonymous.d608ff14-825d-4caa-8131-47b66c50a5c0-2, groupId=anonymous.d608ff14-825d-4caa-8131-47b66c50a5c0] Node 2147483646 disconnected.
2026-08-30T04:15:49.355+05:30  INFO 12968 --- [api-gateway] [container-0-C-1] org.apache.kafka.clients.NetworkClient   : [Consumer clientId=consumer-anonymous.d608ff14-825d-4caa-8131-47b66c50a5c0-2, groupId=anonymous.d608ff14-825d-4caa-8131-47b66c50a5c0] Disconnecting from node 1 due to request timeout.
2026-08-30T04:15:49.365+05:30  INFO 12968 --- [api-gateway] [container-0-C-1] org.apache.kafka.clients.NetworkClient   : [Consumer clientId=consumer-anonymous.d608ff14-825d-4caa-8131-47b66c50a5c0-2, groupId=anonymous.d608ff14-825d-4caa-8131-47b66c50a5c0] Cancelled in-flight FETCH request with correlation id 92663 due to node 1 being disconnected (elapsed time since creation: 10802919ms, elapsed time since send: 10802919ms, throttle time: 0ms, request timeout: 30000ms)
2026-08-30T04:15:49.369+05:30  INFO 12968 --- [api-gateway] [31-47b66c50a5c0] o.a.k.c.c.internals.ConsumerCoordinator  : [Consumer clientId=consumer-anonymous.d608ff14-825d-4caa-8131-47b66c50a5c0-2, groupId=anonymous.d608ff14-825d-4caa-8131-47b66c50a5c0] Group coordinator localhost:9092 (id: 2147483646 rack: null) is unavailable or invalid due to cause: session timed out without receiving a heartbeat response. isDisconnected: false. Rediscovery will be attempted.
2026-08-30T04:15:49.369+05:30  INFO 12968 --- [api-gateway] [31-47b66c50a5c0] o.a.k.c.c.internals.ConsumerCoordinator  : [Consumer clientId=consumer-anonymous.d608ff14-825d-4caa-8131-47b66c50a5c0-2, groupId=anonymous.d608ff14-825d-4caa-8131-47b66c50a5c0] Requesting disconnect from last known coordinator localhost:9092 (id: 2147483646 rack: null)
2026-08-30T04:15:49.458+05:30  INFO 12968 --- [api-gateway] [container-0-C-1] o.a.kafka.clients.FetchSessionHandler    : [Consumer clientId=consumer-anonymous.d608ff14-825d-4caa-8131-47b66c50a5c0-2, groupId=anonymous.d608ff14-825d-4caa-8131-47b66c50a5c0] Error sending fetch request (sessionId=2047092544, epoch=4131) to node 1:

org.apache.kafka.common.errors.DisconnectException: null

2026-08-30T04:15:51.382+05:30  INFO 12968 --- [api-gateway] [container-0-C-1] o.a.k.c.c.internals.ConsumerCoordinator  : [Consumer clientId=consumer-anonymous.d608ff14-825d-4caa-8131-47b66c50a5c0-2, groupId=anonymous.d608ff14-825d-4caa-8131-47b66c50a5c0] Discovered group coordinator localhost:9092 (id: 2147483646 rack: null)
2026-08-30T04:15:51.406+05:30  INFO 12968 --- [api-gateway] [container-0-C-1] o.a.k.c.c.internals.ConsumerCoordinator  : [Consumer clientId=consumer-anonymous.d608ff14-825d-4caa-8131-47b66c50a5c0-2, groupId=anonymous.d608ff14-825d-4caa-8131-47b66c50a5c0] Discovered group coordinator localhost:9092 (id: 2147483646 rack: null)
2026-08-30T04:16:01.775+05:30  INFO 12968 --- [api-gateway] [pool-4-thread-1] org.apache.kafka.clients.NetworkClient   : [Consumer clientId=consumer-anonymous.d608ff14-825d-4caa-8131-47b66c50a5c0-3, groupId=anonymous.d608ff14-825d-4caa-8131-47b66c50a5c0] Node 2147483646 disconnected.
2026-08-30T11:51:21.999+05:30  INFO 12968 --- [api-gateway] [container-0-C-1] org.apache.kafka.clients.NetworkClient   : [Consumer clientId=consumer-anonymous.d608ff14-825d-4caa-8131-47b66c50a5c0-2, groupId=anonymous.d608ff14-825d-4caa-8131-47b66c50a5c0] Node 2147483646 disconnected.
2026-08-30T11:51:21.999+05:30  INFO 12968 --- [api-gateway] [container-0-C-1] org.apache.kafka.clients.NetworkClient   : [Consumer clientId=consumer-anonymous.d608ff14-825d-4caa-8131-47b66c50a5c0-2, groupId=anonymous.d608ff14-825d-4caa-8131-47b66c50a5c0] Disconnecting from node 1 due to request timeout.
2026-08-30T11:51:22.000+05:30  INFO 12968 --- [api-gateway] [container-0-C-1] org.apache.kafka.clients.NetworkClient   : [Consumer clientId=consumer-anonymous.d608ff14-825d-4caa-8131-47b66c50a5c0-2, groupId=anonymous.d608ff14-825d-4caa-8131-47b66c50a5c0] Cancelled in-flight FETCH request with correlation id 92690 due to node 1 being disconnected (elapsed time since creation: 27321022ms, elapsed time since send: 27321022ms, throttle time: 0ms, request timeout: 30000ms)
2026-08-30T11:51:22.791+05:30  INFO 12968 --- [api-gateway] [container-0-C-1] o.a.kafka.clients.FetchSessionHandler    : [Consumer clientId=consumer-anonymous.d608ff14-825d-4caa-8131-47b66c50a5c0-2, groupId=anonymous.d608ff14-825d-4caa-8131-47b66c50a5c0] Error sending fetch request (sessionId=806519570, epoch=16) to node 1:

org.apache.kafka.common.errors.DisconnectException: null

2026-08-30T11:51:22.805+05:30  INFO 12968 --- [api-gateway] [31-47b66c50a5c0] o.a.k.c.c.internals.ConsumerCoordinator  : [Consumer clientId=consumer-anonymous.d608ff14-825d-4caa-8131-47b66c50a5c0-2, groupId=anonymous.d608ff14-825d-4caa-8131-47b66c50a5c0] Group coordinator localhost:9092 (id: 2147483646 rack: null) is unavailable or invalid due to cause: session timed out without receiving a heartbeat response. isDisconnected: false. Rediscovery will be attempted.
2026-08-30T11:51:22.805+05:30  INFO 12968 --- [api-gateway] [31-47b66c50a5c0] o.a.k.c.c.internals.ConsumerCoordinator  : [Consumer clientId=consumer-anonymous.d608ff14-825d-4caa-8131-47b66c50a5c0-2, groupId=anonymous.d608ff14-825d-4caa-8131-47b66c50a5c0] Requesting disconnect from last known coordinator localhost:9092 (id: 2147483646 rack: null)
2026-08-30T11:51:23.383+05:30  INFO 12968 --- [api-gateway] [pool-4-thread-1] org.apache.kafka.clients.NetworkClient   : [Consumer clientId=consumer-anonymous.d608ff14-825d-4caa-8131-47b66c50a5c0-3, groupId=anonymous.d608ff14-825d-4caa-8131-47b66c50a5c0] Node 1 disconnected.
2026-08-30T11:51:23.384+05:30  INFO 12968 --- [api-gateway] [pool-4-thread-1] org.apache.kafka.clients.NetworkClient   : [Consumer clientId=consumer-anonymous.d608ff14-825d-4caa-8131-47b66c50a5c0-3, groupId=anonymous.d608ff14-825d-4caa-8131-47b66c50a5c0] Cancelled in-flight METADATA request with correlation id 2311 due to node 1 being disconnected (elapsed time since creation: 27321611ms, elapsed time since send: 27321611ms, throttle time: 0ms, request timeout: 30000ms)
2026-08-30T11:51:23.384+05:30  INFO 12968 --- [api-gateway] [pool-4-thread-1] org.apache.kafka.clients.NetworkClient   : [Consumer clientId=consumer-anonymous.d608ff14-825d-4caa-8131-47b66c50a5c0-3, groupId=anonymous.d608ff14-825d-4caa-8131-47b66c50a5c0] Cancelled in-flight LIST_OFFSETS request with correlation id 2310 due to node 1 being disconnected (elapsed time since creation: 27321611ms, elapsed time since send: 27321606ms, throttle time: 0ms, request timeout: 30000ms)
2026-08-30T11:51:26.986+05:30  INFO 12968 --- [api-gateway] [container-0-C-1] o.a.k.c.c.internals.ConsumerCoordinator  : [Consumer clientId=consumer-anonymous.d608ff14-825d-4caa-8131-47b66c50a5c0-2, groupId=anonymous.d608ff14-825d-4caa-8131-47b66c50a5c0] Discovered group coordinator localhost:9092 (id: 2147483646 rack: null)
2026-08-30T11:56:08.756+05:30  INFO 12968 --- [api-gateway] [container-0-C-1] org.apache.kafka.clients.NetworkClient   : [Consumer clientId=consumer-anonymous.d608ff14-825d-4caa-8131-47b66c50a5c0-2, groupId=anonymous.d608ff14-825d-4caa-8131-47b66c50a5c0] Disconnecting from node 1 due to request timeout.
2026-08-30T11:56:08.757+05:30  INFO 12968 --- [api-gateway] [container-0-C-1] org.apache.kafka.clients.NetworkClient   : [Consumer clientId=consumer-anonymous.d608ff14-825d-4caa-8131-47b66c50a5c0-2, groupId=anonymous.d608ff14-825d-4caa-8131-47b66c50a5c0] Cancelled in-flight FETCH request with correlation id 92761 due to node 1 being disconnected (elapsed time since creation: 253096ms, elapsed time since send: 253096ms, throttle time: 0ms, request timeout: 30000ms)
2026-08-30T11:56:08.757+05:30  INFO 12968 --- [api-gateway] [container-0-C-1] org.apache.kafka.clients.NetworkClient   : [Consumer clientId=consumer-anonymous.d608ff14-825d-4caa-8131-47b66c50a5c0-2, groupId=anonymous.d608ff14-825d-4caa-8131-47b66c50a5c0] Disconnecting from node 2147483646 due to request timeout.
2026-08-30T11:56:08.758+05:30  INFO 12968 --- [api-gateway] [container-0-C-1] org.apache.kafka.clients.NetworkClient   : [Consumer clientId=consumer-anonymous.d608ff14-825d-4caa-8131-47b66c50a5c0-2, groupId=anonymous.d608ff14-825d-4caa-8131-47b66c50a5c0] Cancelled in-flight HEARTBEAT request with correlation id 92762 due to node 2147483646 being disconnected (elapsed time since creation: 251583ms, elapsed time since send: 251583ms, throttle time: 0ms, request timeout: 30000ms)
2026-08-30T11:56:08.758+05:30  INFO 12968 --- [api-gateway] [container-0-C-1] o.a.kafka.clients.FetchSessionHandler    : [Consumer clientId=consumer-anonymous.d608ff14-825d-4caa-8131-47b66c50a5c0-2, groupId=anonymous.d608ff14-825d-4caa-8131-47b66c50a5c0] Error sending fetch request (sessionId=1084133587, epoch=55) to node 1:

org.apache.kafka.common.errors.DisconnectException: null

2026-08-30T11:56:08.759+05:30  INFO 12968 --- [api-gateway] [31-47b66c50a5c0] o.a.k.c.c.internals.ConsumerCoordinator  : [Consumer clientId=consumer-anonymous.d608ff14-825d-4caa-8131-47b66c50a5c0-2, groupId=anonymous.d608ff14-825d-4caa-8131-47b66c50a5c0] Group coordinator localhost:9092 (id: 2147483646 rack: null) is unavailable or invalid due to cause: null. isDisconnected: true. Rediscovery will be attempted.
2026-08-30T11:56:09.143+05:30  INFO 12968 --- [api-gateway] [container-0-C-1] o.a.k.c.c.internals.ConsumerCoordinator  : [Consumer clientId=consumer-anonymous.d608ff14-825d-4caa-8131-47b66c50a5c0-2, groupId=anonymous.d608ff14-825d-4caa-8131-47b66c50a5c0] Discovered group coordinator localhost:9092 (id: 2147483646 rack: null)
2026-08-30T11:59:50.004+05:30  INFO 12968 --- [api-gateway] [rap-executor-%d] c.n.d.s.r.aws.ConfigClusterResolver      : Resolving eureka endpoints via configuration
2026-08-30T12:04:50.050+05:30  INFO 12968 --- [api-gateway] [rap-executor-%d] c.n.d.s.r.aws.ConfigClusterResolver      : Resolving eureka endpoints via configuration
2026-08-30T12:09:50.074+05:30  INFO 12968 --- [api-gateway] [rap-executor-%d] c.n.d.s.r.aws.ConfigClusterResolver      : Resolving eureka endpoints via configuration
2026-08-30T12:14:50.086+05:30  INFO 12968 --- [api-gateway] [rap-executor-%d] c.n.d.s.r.aws.ConfigClusterResolver      : Resolving eureka endpoints via configuration
2026-08-30T12:19:50.102+05:30  INFO 12968 --- [api-gateway] [rap-executor-%d] c.n.d.s.r.aws.ConfigClusterResolver      : Resolving eureka endpoints via configuration
2026-08-30T12:24:50.110+05:30  INFO 12968 --- [api-gateway] [rap-executor-%d] c.n.d.s.r.aws.ConfigClusterResolver      : Resolving eureka endpoints via configuration
2026-08-30T12:29:50.114+05:30  INFO 12968 --- [api-gateway] [rap-executor-%d] c.n.d.s.r.aws.ConfigClusterResolver      : Resolving eureka endpoints via configuration
2026-08-30T12:34:50.118+05:30  INFO 12968 --- [api-gateway] [rap-executor-%d] c.n.d.s.r.aws.ConfigClusterResolver      : Resolving eureka endpoints via configuration
2026-08-30T12:39:50.132+05:30  INFO 12968 --- [api-gateway] [rap-executor-%d] c.n.d.s.r.aws.ConfigClusterResolver      : Resolving eureka endpoints via configuration
2026-08-30T12:44:50.134+05:30  INFO 12968 --- [api-gateway] [rap-executor-%d] c.n.d.s.r.aws.ConfigClusterResolver      : Resolving eureka endpoints via configuration
2026-08-30T12:49:50.142+05:30  INFO 12968 --- [api-gateway] [rap-executor-%d] c.n.d.s.r.aws.ConfigClusterResolver      : Resolving eureka endpoints via configuration
2026-08-30T12:54:50.154+05:30  INFO 12968 --- [api-gateway] [rap-executor-%d] c.n.d.s.r.aws.ConfigClusterResolver      : Resolving eureka endpoints via configuration
2026-08-30T12:59:50.172+05:30  INFO 12968 --- [api-gateway] [rap-executor-%d] c.n.d.s.r.aws.ConfigClusterResolver      : Resolving eureka endpoints via configuration
2026-08-30T13:04:50.194+05:30  INFO 12968 --- [api-gateway] [rap-executor-%d] c.n.d.s.r.aws.ConfigClusterResolver      : Resolving eureka endpoints via configuration
2026-08-30T13:09:50.198+05:30  INFO 12968 --- [api-gateway] [rap-executor-%d] c.n.d.s.r.aws.ConfigClusterResolver      : Resolving eureka endpoints via configuration
2026-08-30T13:14:50.209+05:30  INFO 12968 --- [api-gateway] [rap-executor-%d] c.n.d.s.r.aws.ConfigClusterResolver      : Resolving eureka endpoints via configuration
2026-08-30T13:19:50.212+05:30  INFO 12968 --- [api-gateway] [rap-executor-%d] c.n.d.s.r.aws.ConfigClusterResolver      : Resolving eureka endpoints via configuration
2026-08-30T13:24:50.218+05:30  INFO 12968 --- [api-gateway] [rap-executor-%d] c.n.d.s.r.aws.ConfigClusterResolver      : Resolving eureka endpoints via configuration
2026-08-30T13:29:50.235+05:30  INFO 12968 --- [api-gateway] [rap-executor-%d] c.n.d.s.r.aws.ConfigClusterResolver      : Resolving eureka endpoints via configuration
2026-08-30T13:34:50.249+05:30  INFO 12968 --- [api-gateway] [rap-executor-%d] c.n.d.s.r.aws.ConfigClusterResolver      : Resolving eureka endpoints via configuration
2026-08-30T13:39:50.253+05:30  INFO 12968 --- [api-gateway] [rap-executor-%d] c.n.d.s.r.aws.ConfigClusterResolver      : Resolving eureka endpoints via configuration
2026-08-30T13:44:50.258+05:30  INFO 12968 --- [api-gateway] [rap-executor-%d] c.n.d.s.r.aws.ConfigClusterResolver      : Resolving eureka endpoints via configuration
2026-08-30T13:49:50.270+05:30  INFO 12968 --- [api-gateway] [rap-executor-%d] c.n.d.s.r.aws.ConfigClusterResolver      : Resolving eureka endpoints via configuration
2026-08-30T13:54:50.281+05:30  INFO 12968 --- [api-gateway] [rap-executor-%d] c.n.d.s.r.aws.ConfigClusterResolver      : Resolving eureka endpoints via configuration
2026-08-30T13:59:50.286+05:30  INFO 12968 --- [api-gateway] [rap-executor-%d] c.n.d.s.r.aws.ConfigClusterResolver      : Resolving eureka endpoints via configuration
2026-08-30T14:04:50.308+05:30  INFO 12968 --- [api-gateway] [rap-executor-%d] c.n.d.s.r.aws.ConfigClusterResolver      : Resolving eureka endpoints via configuration
2026-08-30T14:09:50.314+05:30  INFO 12968 --- [api-gateway] [rap-executor-%d] c.n.d.s.r.aws.ConfigClusterResolver      : Resolving eureka endpoints via configuration
2026-08-30T14:14:50.322+05:30  INFO 12968 --- [api-gateway] [rap-executor-%d] c.n.d.s.r.aws.ConfigClusterResolver      : Resolving eureka endpoints via configuration
2026-08-30T14:19:50.324+05:30  INFO 12968 --- [api-gateway] [rap-executor-%d] c.n.d.s.r.aws.ConfigClusterResolver      : Resolving eureka endpoints via configuration
2026-08-30T14:24:50.345+05:30  INFO 12968 --- [api-gateway] [rap-executor-%d] c.n.d.s.r.aws.ConfigClusterResolver      : Resolving eureka endpoints via configuration
2026-08-30T14:29:50.355+05:30  INFO 12968 --- [api-gateway] [rap-executor-%d] c.n.d.s.r.aws.ConfigClusterResolver      : Resolving eureka endpoints via configuration
2026-08-30T14:34:50.358+05:30  INFO 12968 --- [api-gateway] [rap-executor-%d] c.n.d.s.r.aws.ConfigClusterResolver      : Resolving eureka endpoints via configuration
2026-08-30T14:39:50.382+05:30  INFO 12968 --- [api-gateway] [rap-executor-%d] c.n.d.s.r.aws.ConfigClusterResolver      : Resolving eureka endpoints via configuration
2026-08-30T17:42:16.561+05:30  INFO 12968 --- [api-gateway] [container-0-C-1] org.apache.kafka.clients.NetworkClient   : [Consumer clientId=consumer-anonymous.d608ff14-825d-4caa-8131-47b66c50a5c0-2, groupId=anonymous.d608ff14-825d-4caa-8131-47b66c50a5c0] Node 1 disconnected.
2026-08-30T17:42:16.808+05:30  INFO 12968 --- [api-gateway] [container-0-C-1] org.apache.kafka.clients.NetworkClient   : [Consumer clientId=consumer-anonymous.d608ff14-825d-4caa-8131-47b66c50a5c0-2, groupId=anonymous.d608ff14-825d-4caa-8131-47b66c50a5c0] Cancelled in-flight FETCH request with correlation id 115786 due to node 1 being disconnected (elapsed time since creation: 10804002ms, elapsed time since send: 10804002ms, throttle time: 0ms, request timeout: 30000ms)
2026-08-30T17:42:16.853+05:30  INFO 12968 --- [api-gateway] [container-0-C-1] org.apache.kafka.clients.NetworkClient   : [Consumer clientId=consumer-anonymous.d608ff14-825d-4caa-8131-47b66c50a5c0-2, groupId=anonymous.d608ff14-825d-4caa-8131-47b66c50a5c0] Disconnecting from node 2147483646 due to request timeout.
2026-08-30T17:42:16.863+05:30  INFO 12968 --- [api-gateway] [container-0-C-1] org.apache.kafka.clients.NetworkClient   : [Consumer clientId=consumer-anonymous.d608ff14-825d-4caa-8131-47b66c50a5c0-2, groupId=anonymous.d608ff14-825d-4caa-8131-47b66c50a5c0] Cancelled in-flight HEARTBEAT request with correlation id 115787 due to node 2147483646 being disconnected (elapsed time since creation: 10802771ms, elapsed time since send: 10802770ms, throttle time: 0ms, request timeout: 30000ms)
2026-08-30T17:42:16.922+05:30  INFO 12968 --- [api-gateway] [31-47b66c50a5c0] o.a.k.c.c.internals.ConsumerCoordinator  : [Consumer clientId=consumer-anonymous.d608ff14-825d-4caa-8131-47b66c50a5c0-2, groupId=anonymous.d608ff14-825d-4caa-8131-47b66c50a5c0] Group coordinator localhost:9092 (id: 2147483646 rack: null) is unavailable or invalid due to cause: null. isDisconnected: true. Rediscovery will be attempted.
2026-08-30T17:42:16.920+05:30  INFO 12968 --- [api-gateway] [container-0-C-1] o.a.kafka.clients.FetchSessionHandler    : [Consumer clientId=consumer-anonymous.d608ff14-825d-4caa-8131-47b66c50a5c0-2, groupId=anonymous.d608ff14-825d-4caa-8131-47b66c50a5c0] Error sending fetch request (sessionId=799136570, epoch=19640) to node 1:

org.apache.kafka.common.errors.DisconnectException: null

2026-08-30T17:42:18.455+05:30  INFO 12968 --- [api-gateway] [container-0-C-1] o.a.k.c.c.internals.ConsumerCoordinator  : [Consumer clientId=consumer-anonymous.d608ff14-825d-4caa-8131-47b66c50a5c0-2, groupId=anonymous.d608ff14-825d-4caa-8131-47b66c50a5c0] Discovered group coordinator localhost:9092 (id: 2147483646 rack: null)
2026-08-30T17:42:18.509+05:30  INFO 12968 --- [api-gateway] [container-0-C-1] o.a.k.c.c.internals.ConsumerCoordinator  : [Consumer clientId=consumer-anonymous.d608ff14-825d-4caa-8131-47b66c50a5c0-2, groupId=anonymous.d608ff14-825d-4caa-8131-47b66c50a5c0] Discovered group coordinator localhost:9092 (id: 2147483646 rack: null)
2026-08-30T17:42:18.514+05:30  INFO 12968 --- [api-gateway] [container-0-C-1] o.a.k.c.c.internals.ConsumerCoordinator  : [Consumer clientId=consumer-anonymous.d608ff14-825d-4caa-8131-47b66c50a5c0-2, groupId=anonymous.d608ff14-825d-4caa-8131-47b66c50a5c0] Discovered group coordinator localhost:9092 (id: 2147483646 rack: null)
2026-08-31T00:05:56.878+05:30  INFO 12968 --- [api-gateway] [container-0-C-1] org.apache.kafka.clients.NetworkClient   : [Consumer clientId=consumer-anonymous.d608ff14-825d-4caa-8131-47b66c50a5c0-2, groupId=anonymous.d608ff14-825d-4caa-8131-47b66c50a5c0] Node 2147483646 disconnected.
2026-08-31T00:05:56.883+05:30  INFO 12968 --- [api-gateway] [container-0-C-1] org.apache.kafka.clients.NetworkClient   : [Consumer clientId=consumer-anonymous.d608ff14-825d-4caa-8131-47b66c50a5c0-2, groupId=anonymous.d608ff14-825d-4caa-8131-47b66c50a5c0] Disconnecting from node 1 due to request timeout.
2026-08-31T00:05:56.883+05:30  INFO 12968 --- [api-gateway] [container-0-C-1] org.apache.kafka.clients.NetworkClient   : [Consumer clientId=consumer-anonymous.d608ff14-825d-4caa-8131-47b66c50a5c0-2, groupId=anonymous.d608ff14-825d-4caa-8131-47b66c50a5c0] Cancelled in-flight FETCH request with correlation id 115810 due to node 1 being disconnected (elapsed time since creation: 23011965ms, elapsed time since send: 23011965ms, throttle time: 0ms, request timeout: 30000ms)
2026-08-31T00:05:56.983+05:30  INFO 12968 --- [api-gateway] [container-0-C-1] o.a.kafka.clients.FetchSessionHandler    : [Consumer clientId=consumer-anonymous.d608ff14-825d-4caa-8131-47b66c50a5c0-2, groupId=anonymous.d608ff14-825d-4caa-8131-47b66c50a5c0] Error sending fetch request (sessionId=604832912, epoch=12) to node 1:

org.apache.kafka.common.errors.DisconnectException: null

2026-08-31T00:05:56.984+05:30  INFO 12968 --- [api-gateway] [31-47b66c50a5c0] o.a.k.c.c.internals.ConsumerCoordinator  : [Consumer clientId=consumer-anonymous.d608ff14-825d-4caa-8131-47b66c50a5c0-2, groupId=anonymous.d608ff14-825d-4caa-8131-47b66c50a5c0] Group coordinator localhost:9092 (id: 2147483646 rack: null) is unavailable or invalid due to cause: session timed out without receiving a heartbeat response. isDisconnected: false. Rediscovery will be attempted.
2026-08-31T00:05:56.984+05:30  INFO 12968 --- [api-gateway] [31-47b66c50a5c0] o.a.k.c.c.internals.ConsumerCoordinator  : [Consumer clientId=consumer-anonymous.d608ff14-825d-4caa-8131-47b66c50a5c0-2, groupId=anonymous.d608ff14-825d-4caa-8131-47b66c50a5c0] Requesting disconnect from last known coordinator localhost:9092 (id: 2147483646 rack: null)
2026-08-31T00:05:58.470+05:30  INFO 12968 --- [api-gateway] [container-0-C-1] o.a.k.c.c.internals.ConsumerCoordinator  : [Consumer clientId=consumer-anonymous.d608ff14-825d-4caa-8131-47b66c50a5c0-2, groupId=anonymous.d608ff14-825d-4caa-8131-47b66c50a5c0] Discovered group coordinator localhost:9092 (id: 2147483646 rack: null)
2026-08-31T00:06:03.800+05:30  INFO 12968 --- [api-gateway] [pool-4-thread-1] org.apache.kafka.clients.NetworkClient   : [Consumer clientId=consumer-anonymous.d608ff14-825d-4caa-8131-47b66c50a5c0-3, groupId=anonymous.d608ff14-825d-4caa-8131-47b66c50a5c0] Node 2147483646 disconnected.
2026-08-31T00:08:19.041+05:30  INFO 12968 --- [api-gateway] [rap-executor-%d] c.n.d.s.r.aws.ConfigClusterResolver      : Resolving eureka endpoints via configuration
2026-08-31T00:13:19.066+05:30  INFO 12968 --- [api-gateway] [rap-executor-%d] c.n.d.s.r.aws.ConfigClusterResolver      : Resolving eureka endpoints via configuration
2026-08-31T00:18:19.076+05:30  INFO 12968 --- [api-gateway] [rap-executor-%d] c.n.d.s.r.aws.ConfigClusterResolver      : Resolving eureka endpoints via configuration
2026-08-31T00:23:19.080+05:30  INFO 12968 --- [api-gateway] [rap-executor-%d] c.n.d.s.r.aws.ConfigClusterResolver      : Resolving eureka endpoints via configuration
2026-08-31T00:28:19.093+05:30  INFO 12968 --- [api-gateway] [rap-executor-%d] c.n.d.s.r.aws.ConfigClusterResolver      : Resolving eureka endpoints via configuration
2026-08-31T00:33:19.099+05:30  INFO 12968 --- [api-gateway] [rap-executor-%d] c.n.d.s.r.aws.ConfigClusterResolver      : Resolving eureka endpoints via configuration
2026-08-31T00:38:19.107+05:30  INFO 12968 --- [api-gateway] [rap-executor-%d] c.n.d.s.r.aws.ConfigClusterResolver      : Resolving eureka endpoints via configuration
2026-08-31T00:43:19.119+05:30  INFO 12968 --- [api-gateway] [rap-executor-%d] c.n.d.s.r.aws.ConfigClusterResolver      : Resolving eureka endpoints via configuration
2026-08-31T00:48:19.128+05:30  INFO 12968 --- [api-gateway] [rap-executor-%d] c.n.d.s.r.aws.ConfigClusterResolver      : Resolving eureka endpoints via configuration
2026-08-31T00:53:19.137+05:30  INFO 12968 --- [api-gateway] [rap-executor-%d] c.n.d.s.r.aws.ConfigClusterResolver      : Resolving eureka endpoints via configuration
2026-08-31T03:54:52.107+05:30  INFO 12968 --- [api-gateway] [31-47b66c50a5c0] org.apache.kafka.clients.NetworkClient   : [Consumer clientId=consumer-anonymous.d608ff14-825d-4caa-8131-47b66c50a5c0-2, groupId=anonymous.d608ff14-825d-4caa-8131-47b66c50a5c0] Node 1 disconnected.
2026-08-31T03:54:52.247+05:30  INFO 12968 --- [api-gateway] [31-47b66c50a5c0] org.apache.kafka.clients.NetworkClient   : [Consumer clientId=consumer-anonymous.d608ff14-825d-4caa-8131-47b66c50a5c0-2, groupId=anonymous.d608ff14-825d-4caa-8131-47b66c50a5c0] Cancelled in-flight FETCH request with correlation id 122594 due to node 1 being disconnected (elapsed time since creation: 10803178ms, elapsed time since send: 10803178ms, throttle time: 0ms, request timeout: 30000ms)
2026-08-31T03:54:52.248+05:30  INFO 12968 --- [api-gateway] [31-47b66c50a5c0] org.apache.kafka.clients.NetworkClient   : [Consumer clientId=consumer-anonymous.d608ff14-825d-4caa-8131-47b66c50a5c0-2, groupId=anonymous.d608ff14-825d-4caa-8131-47b66c50a5c0] Cancelled in-flight METADATA request with correlation id 122596 due to node 1 being disconnected (elapsed time since creation: 1451ms, elapsed time since send: 1451ms, throttle time: 0ms, request timeout: 30000ms)
2026-08-31T03:54:52.314+05:30  INFO 12968 --- [api-gateway] [31-47b66c50a5c0] org.apache.kafka.clients.NetworkClient   : [Consumer clientId=consumer-anonymous.d608ff14-825d-4caa-8131-47b66c50a5c0-2, groupId=anonymous.d608ff14-825d-4caa-8131-47b66c50a5c0] Disconnecting from node 2147483646 due to request timeout.
2026-08-31T03:54:52.315+05:30  INFO 12968 --- [api-gateway] [31-47b66c50a5c0] org.apache.kafka.clients.NetworkClient   : [Consumer clientId=consumer-anonymous.d608ff14-825d-4caa-8131-47b66c50a5c0-2, groupId=anonymous.d608ff14-825d-4caa-8131-47b66c50a5c0] Cancelled in-flight HEARTBEAT request with correlation id 122595 due to node 2147483646 being disconnected (elapsed time since creation: 10800746ms, elapsed time since send: 10800746ms, throttle time: 0ms, request timeout: 30000ms)
2026-08-31T03:54:52.360+05:30  INFO 12968 --- [api-gateway] [31-47b66c50a5c0] o.a.kafka.clients.FetchSessionHandler    : [Consumer clientId=consumer-anonymous.d608ff14-825d-4caa-8131-47b66c50a5c0-2, groupId=anonymous.d608ff14-825d-4caa-8131-47b66c50a5c0] Error sending fetch request (sessionId=2131110740, epoch=5785) to node 1:

org.apache.kafka.common.errors.DisconnectException: null

2026-08-31T03:54:53.334+05:30  INFO 12968 --- [api-gateway] [31-47b66c50a5c0] o.a.k.c.c.internals.ConsumerCoordinator  : [Consumer clientId=consumer-anonymous.d608ff14-825d-4caa-8131-47b66c50a5c0-2, groupId=anonymous.d608ff14-825d-4caa-8131-47b66c50a5c0] Group coordinator localhost:9092 (id: 2147483646 rack: null) is unavailable or invalid due to cause: null. isDisconnected: true. Rediscovery will be attempted.
2026-08-31T03:54:53.778+05:30  INFO 12968 --- [api-gateway] [container-0-C-1] o.a.k.c.c.internals.ConsumerCoordinator  : [Consumer clientId=consumer-anonymous.d608ff14-825d-4caa-8131-47b66c50a5c0-2, groupId=anonymous.d608ff14-825d-4caa-8131-47b66c50a5c0] Discovered group coordinator localhost:9092 (id: 2147483646 rack: null)
2026-08-31T10:17:02.107+05:30  INFO 12968 --- [api-gateway] [container-0-C-1] org.apache.kafka.clients.NetworkClient   : [Consumer clientId=consumer-anonymous.d608ff14-825d-4caa-8131-47b66c50a5c0-2, groupId=anonymous.d608ff14-825d-4caa-8131-47b66c50a5c0] Node 2147483646 disconnected.
2026-08-31T10:17:02.747+05:30  INFO 12968 --- [api-gateway] [container-0-C-1] org.apache.kafka.clients.NetworkClient   : [Consumer clientId=consumer-anonymous.d608ff14-825d-4caa-8131-47b66c50a5c0-2, groupId=anonymous.d608ff14-825d-4caa-8131-47b66c50a5c0] Disconnecting from node 1 due to request timeout.
2026-08-31T10:17:02.747+05:30  INFO 12968 --- [api-gateway] [container-0-C-1] org.apache.kafka.clients.NetworkClient   : [Consumer clientId=consumer-anonymous.d608ff14-825d-4caa-8131-47b66c50a5c0-2, groupId=anonymous.d608ff14-825d-4caa-8131-47b66c50a5c0] Cancelled in-flight FETCH request with correlation id 122613 due to node 1 being disconnected (elapsed time since creation: 22924196ms, elapsed time since send: 22924196ms, throttle time: 0ms, request timeout: 30000ms)
2026-08-31T10:17:02.788+05:30  INFO 12968 --- [api-gateway] [31-47b66c50a5c0] o.a.k.c.c.internals.ConsumerCoordinator  : [Consumer clientId=consumer-anonymous.d608ff14-825d-4caa-8131-47b66c50a5c0-2, groupId=anonymous.d608ff14-825d-4caa-8131-47b66c50a5c0] Group coordinator localhost:9092 (id: 2147483646 rack: null) is unavailable or invalid due to cause: session timed out without receiving a heartbeat response. isDisconnected: false. Rediscovery will be attempted.
2026-08-31T10:17:02.797+05:30  INFO 12968 --- [api-gateway] [31-47b66c50a5c0] o.a.k.c.c.internals.ConsumerCoordinator  : [Consumer clientId=consumer-anonymous.d608ff14-825d-4caa-8131-47b66c50a5c0-2, groupId=anonymous.d608ff14-825d-4caa-8131-47b66c50a5c0] Requesting disconnect from last known coordinator localhost:9092 (id: 2147483646 rack: null)
2026-08-31T10:17:02.747+05:30  INFO 12968 --- [api-gateway] [container-0-C-1] o.a.kafka.clients.FetchSessionHandler    : [Consumer clientId=consumer-anonymous.d608ff14-825d-4caa-8131-47b66c50a5c0-2, groupId=anonymous.d608ff14-825d-4caa-8131-47b66c50a5c0] Error sending fetch request (sessionId=1551976562, epoch=8) to node 1:

org.apache.kafka.common.errors.DisconnectException: null

2026-08-31T10:17:04.116+05:30  INFO 12968 --- [api-gateway] [container-0-C-1] o.a.k.c.c.internals.ConsumerCoordinator  : [Consumer clientId=consumer-anonymous.d608ff14-825d-4caa-8131-47b66c50a5c0-2, groupId=anonymous.d608ff14-825d-4caa-8131-47b66c50a5c0] Discovered group coordinator localhost:9092 (id: 2147483646 rack: null)
2026-08-31T10:17:06.255+05:30  INFO 12968 --- [api-gateway] [pool-4-thread-1] org.apache.kafka.clients.NetworkClient   : [Consumer clientId=consumer-anonymous.d608ff14-825d-4caa-8131-47b66c50a5c0-3, groupId=anonymous.d608ff14-825d-4caa-8131-47b66c50a5c0] Node 2147483646 disconnected.
2026-08-31T10:20:20.528+05:30  INFO 12968 --- [api-gateway] [rap-executor-%d] c.n.d.s.r.aws.ConfigClusterResolver      : Resolving eureka endpoints via configuration
2026-08-31T10:25:20.557+05:30  INFO 12968 --- [api-gateway] [rap-executor-%d] c.n.d.s.r.aws.ConfigClusterResolver      : Resolving eureka endpoints via configuration
2026-08-31T10:30:20.562+05:30  INFO 12968 --- [api-gateway] [rap-executor-%d] c.n.d.s.r.aws.ConfigClusterResolver      : Resolving eureka endpoints via configuration
2026-08-31T10:35:20.575+05:30  INFO 12968 --- [api-gateway] [rap-executor-%d] c.n.d.s.r.aws.ConfigClusterResolver      : Resolving eureka endpoints via configuration
2026-08-31T10:40:20.591+05:30  INFO 12968 --- [api-gateway] [rap-executor-%d] c.n.d.s.r.aws.ConfigClusterResolver      : Resolving eureka endpoints via configuration
2026-08-31T10:45:20.601+05:30  INFO 12968 --- [api-gateway] [rap-executor-%d] c.n.d.s.r.aws.ConfigClusterResolver      : Resolving eureka endpoints via configuration
2026-08-31T10:50:20.605+05:30  INFO 12968 --- [api-gateway] [rap-executor-%d] c.n.d.s.r.aws.ConfigClusterResolver      : Resolving eureka endpoints via configuration
2026-08-31T10:55:20.613+05:30  INFO 12968 --- [api-gateway] [rap-executor-%d] c.n.d.s.r.aws.ConfigClusterResolver      : Resolving eureka endpoints via configuration
2026-08-31T11:00:20.616+05:30  INFO 12968 --- [api-gateway] [rap-executor-%d] c.n.d.s.r.aws.ConfigClusterResolver      : Resolving eureka endpoints via configuration
2026-08-31T11:05:20.622+05:30  INFO 12968 --- [api-gateway] [rap-executor-%d] c.n.d.s.r.aws.ConfigClusterResolver      : Resolving eureka endpoints via configuration
2026-08-31T11:10:20.624+05:30  INFO 12968 --- [api-gateway] [rap-executor-%d] c.n.d.s.r.aws.ConfigClusterResolver      : Resolving eureka endpoints via configuration
2026-08-31T11:15:20.642+05:30  INFO 12968 --- [api-gateway] [rap-executor-%d] c.n.d.s.r.aws.ConfigClusterResolver      : Resolving eureka endpoints via configuration
2026-08-31T11:20:20.651+05:30  INFO 12968 --- [api-gateway] [rap-executor-%d] c.n.d.s.r.aws.ConfigClusterResolver      : Resolving eureka endpoints via configuration
2026-08-31T11:25:20.666+05:30  INFO 12968 --- [api-gateway] [rap-executor-%d] c.n.d.s.r.aws.ConfigClusterResolver      : Resolving eureka endpoints via configuration
2026-08-31T11:30:20.683+05:30  INFO 12968 --- [api-gateway] [rap-executor-%d] c.n.d.s.r.aws.ConfigClusterResolver      : Resolving eureka endpoints via configuration
2026-08-31T11:35:20.689+05:30  INFO 12968 --- [api-gateway] [rap-executor-%d] c.n.d.s.r.aws.ConfigClusterResolver      : Resolving eureka endpoints via configuration
2026-08-31T11:40:20.694+05:30  INFO 12968 --- [api-gateway] [rap-executor-%d] c.n.d.s.r.aws.ConfigClusterResolver      : Resolving eureka endpoints via configuration
2026-08-31T11:45:20.710+05:30  INFO 12968 --- [api-gateway] [rap-executor-%d] c.n.d.s.r.aws.ConfigClusterResolver      : Resolving eureka endpoints via configuration
2026-08-31T11:50:20.721+05:30  INFO 12968 --- [api-gateway] [rap-executor-%d] c.n.d.s.r.aws.ConfigClusterResolver      : Resolving eureka endpoints via configuration
2026-08-31T11:55:20.724+05:30  INFO 12968 --- [api-gateway] [rap-executor-%d] c.n.d.s.r.aws.ConfigClusterResolver      : Resolving eureka endpoints via configuration
2026-08-31T12:00:20.739+05:30  INFO 12968 --- [api-gateway] [rap-executor-%d] c.n.d.s.r.aws.ConfigClusterResolver      : Resolving eureka endpoints via configuration
2026-08-31T12:05:20.752+05:30  INFO 12968 --- [api-gateway] [rap-executor-%d] c.n.d.s.r.aws.ConfigClusterResolver      : Resolving eureka endpoints via configuration
2026-08-31T12:10:20.759+05:30  INFO 12968 --- [api-gateway] [rap-executor-%d] c.n.d.s.r.aws.ConfigClusterResolver      : Resolving eureka endpoints via configuration
2026-08-31T12:15:20.772+05:30  INFO 12968 --- [api-gateway] [rap-executor-%d] c.n.d.s.r.aws.ConfigClusterResolver      : Resolving eureka endpoints via configuration
2026-08-31T15:16:01.027+05:30  INFO 12968 --- [api-gateway] [container-0-C-1] org.apache.kafka.clients.NetworkClient   : [Consumer clientId=consumer-anonymous.d608ff14-825d-4caa-8131-47b66c50a5c0-2, groupId=anonymous.d608ff14-825d-4caa-8131-47b66c50a5c0] Node 1 disconnected.
2026-08-31T15:16:01.186+05:30  INFO 12968 --- [api-gateway] [container-0-C-1] org.apache.kafka.clients.NetworkClient   : [Consumer clientId=consumer-anonymous.d608ff14-825d-4caa-8131-47b66c50a5c0-2, groupId=anonymous.d608ff14-825d-4caa-8131-47b66c50a5c0] Cancelled in-flight FETCH request with correlation id 139093 due to node 1 being disconnected (elapsed time since creation: 10803976ms, elapsed time since send: 10803976ms, throttle time: 0ms, request timeout: 30000ms)
2026-08-31T15:16:01.394+05:30  INFO 12968 --- [api-gateway] [container-0-C-1] org.apache.kafka.clients.NetworkClient   : [Consumer clientId=consumer-anonymous.d608ff14-825d-4caa-8131-47b66c50a5c0-2, groupId=anonymous.d608ff14-825d-4caa-8131-47b66c50a5c0] Disconnecting from node 2147483646 due to request timeout.
2026-08-31T15:16:01.394+05:30  INFO 12968 --- [api-gateway] [container-0-C-1] org.apache.kafka.clients.NetworkClient   : [Consumer clientId=consumer-anonymous.d608ff14-825d-4caa-8131-47b66c50a5c0-2, groupId=anonymous.d608ff14-825d-4caa-8131-47b66c50a5c0] Cancelled in-flight HEARTBEAT request with correlation id 139094 due to node 2147483646 being disconnected (elapsed time since creation: 10802861ms, elapsed time since send: 10802861ms, throttle time: 0ms, request timeout: 30000ms)
2026-08-31T15:16:01.402+05:30  INFO 12968 --- [api-gateway] [31-47b66c50a5c0] o.a.k.c.c.internals.ConsumerCoordinator  : [Consumer clientId=consumer-anonymous.d608ff14-825d-4caa-8131-47b66c50a5c0-2, groupId=anonymous.d608ff14-825d-4caa-8131-47b66c50a5c0] Group coordinator localhost:9092 (id: 2147483646 rack: null) is unavailable or invalid due to cause: null. isDisconnected: true. Rediscovery will be attempted.
2026-08-31T15:16:01.401+05:30  INFO 12968 --- [api-gateway] [container-0-C-1] o.a.kafka.clients.FetchSessionHandler    : [Consumer clientId=consumer-anonymous.d608ff14-825d-4caa-8131-47b66c50a5c0-2, groupId=anonymous.d608ff14-825d-4caa-8131-47b66c50a5c0] Error sending fetch request (sessionId=394369317, epoch=14057) to node 1:

org.apache.kafka.common.errors.DisconnectException: null

2026-08-31T15:16:04.110+05:30  INFO 12968 --- [api-gateway] [container-0-C-1] o.a.k.c.c.internals.ConsumerCoordinator  : [Consumer clientId=consumer-anonymous.d608ff14-825d-4caa-8131-47b66c50a5c0-2, groupId=anonymous.d608ff14-825d-4caa-8131-47b66c50a5c0] Discovered group coordinator localhost:9092 (id: 2147483646 rack: null)
2026-08-31T15:16:04.229+05:30  INFO 12968 --- [api-gateway] [container-0-C-1] o.a.k.c.c.internals.ConsumerCoordinator  : [Consumer clientId=consumer-anonymous.d608ff14-825d-4caa-8131-47b66c50a5c0-2, groupId=anonymous.d608ff14-825d-4caa-8131-47b66c50a5c0] Discovered group coordinator localhost:9092 (id: 2147483646 rack: null)
2026-08-31T15:16:08.758+05:30  INFO 12968 --- [api-gateway] [pool-4-thread-1] org.apache.kafka.clients.NetworkClient   : [Consumer clientId=consumer-anonymous.d608ff14-825d-4caa-8131-47b66c50a5c0-3, groupId=anonymous.d608ff14-825d-4caa-8131-47b66c50a5c0] Node 2147483646 disconnected.
2026-08-31T22:21:30.515+05:30  INFO 12968 --- [api-gateway] [31-47b66c50a5c0] org.apache.kafka.clients.NetworkClient   : [Consumer clientId=consumer-anonymous.d608ff14-825d-4caa-8131-47b66c50a5c0-2, groupId=anonymous.d608ff14-825d-4caa-8131-47b66c50a5c0] Node 1 disconnected.
2026-08-31T22:21:30.516+05:30  INFO 12968 --- [api-gateway] [31-47b66c50a5c0] org.apache.kafka.clients.NetworkClient   : [Consumer clientId=consumer-anonymous.d608ff14-825d-4caa-8131-47b66c50a5c0-2, groupId=anonymous.d608ff14-825d-4caa-8131-47b66c50a5c0] Cancelled in-flight FETCH request with correlation id 139113 due to node 1 being disconnected (elapsed time since creation: 25520702ms, elapsed time since send: 25520702ms, throttle time: 0ms, request timeout: 30000ms)
2026-08-31T22:21:30.516+05:30  INFO 12968 --- [api-gateway] [31-47b66c50a5c0] org.apache.kafka.clients.NetworkClient   : [Consumer clientId=consumer-anonymous.d608ff14-825d-4caa-8131-47b66c50a5c0-2, groupId=anonymous.d608ff14-825d-4caa-8131-47b66c50a5c0] Cancelled in-flight METADATA request with correlation id 139115 due to node 1 being disconnected (elapsed time since creation: 0ms, elapsed time since send: 0ms, throttle time: 0ms, request timeout: 30000ms)
2026-08-31T22:21:30.516+05:30  INFO 12968 --- [api-gateway] [31-47b66c50a5c0] o.a.kafka.clients.FetchSessionHandler    : [Consumer clientId=consumer-anonymous.d608ff14-825d-4caa-8131-47b66c50a5c0-2, groupId=anonymous.d608ff14-825d-4caa-8131-47b66c50a5c0] Error sending fetch request (sessionId=879621990, epoch=10) to node 1:

org.apache.kafka.common.errors.DisconnectException: null

2026-08-31T22:21:31.890+05:30  INFO 12968 --- [api-gateway] [31-47b66c50a5c0] o.a.k.c.c.internals.ConsumerCoordinator  : [Consumer clientId=consumer-anonymous.d608ff14-825d-4caa-8131-47b66c50a5c0-2, groupId=anonymous.d608ff14-825d-4caa-8131-47b66c50a5c0] Group coordinator localhost:9092 (id: 2147483646 rack: null) is unavailable or invalid due to cause: session timed out without receiving a heartbeat response. isDisconnected: false. Rediscovery will be attempted.
2026-08-31T22:21:31.890+05:30  INFO 12968 --- [api-gateway] [31-47b66c50a5c0] o.a.k.c.c.internals.ConsumerCoordinator  : [Consumer clientId=consumer-anonymous.d608ff14-825d-4caa-8131-47b66c50a5c0-2, groupId=anonymous.d608ff14-825d-4caa-8131-47b66c50a5c0] Requesting disconnect from last known coordinator localhost:9092 (id: 2147483646 rack: null)
2026-08-31T22:21:31.892+05:30  INFO 12968 --- [api-gateway] [31-47b66c50a5c0] org.apache.kafka.clients.NetworkClient   : [Consumer clientId=consumer-anonymous.d608ff14-825d-4caa-8131-47b66c50a5c0-2, groupId=anonymous.d608ff14-825d-4caa-8131-47b66c50a5c0] Client requested disconnect from node 2147483646
2026-08-31T22:21:34.693+05:30  INFO 12968 --- [api-gateway] [container-0-C-1] o.a.k.c.c.internals.ConsumerCoordinator  : [Consumer clientId=consumer-anonymous.d608ff14-825d-4caa-8131-47b66c50a5c0-2, groupId=anonymous.d608ff14-825d-4caa-8131-47b66c50a5c0] Discovered group coordinator localhost:9092 (id: 2147483646 rack: null)
2026-08-31T22:22:27.670+05:30  INFO 12968 --- [api-gateway] [pool-4-thread-1] org.apache.kafka.clients.NetworkClient   : [Consumer clientId=consumer-anonymous.d608ff14-825d-4caa-8131-47b66c50a5c0-3, groupId=anonymous.d608ff14-825d-4caa-8131-47b66c50a5c0] Node 2147483646 disconnected.
2026-08-31T22:22:27.694+05:30  INFO 12968 --- [api-gateway] [pool-4-thread-1] o.a.k.c.c.internals.ConsumerCoordinator  : [Consumer clientId=consumer-anonymous.d608ff14-825d-4caa-8131-47b66c50a5c0-3, groupId=anonymous.d608ff14-825d-4caa-8131-47b66c50a5c0] Group coordinator localhost:9092 (id: 2147483646 rack: null) is unavailable or invalid due to cause: coordinator unavailable. isDisconnected: true. Rediscovery will be attempted.
2026-08-31T22:22:27.711+05:30  INFO 12968 --- [api-gateway] [pool-4-thread-1] o.a.k.c.c.internals.ConsumerCoordinator  : [Consumer clientId=consumer-anonymous.d608ff14-825d-4caa-8131-47b66c50a5c0-3, groupId=anonymous.d608ff14-825d-4caa-8131-47b66c50a5c0] Discovered group coordinator localhost:9092 (id: 2147483646 rack: null)
2026-08-31T22:25:38.894+05:30  INFO 12968 --- [api-gateway] [rap-executor-%d] c.n.d.s.r.aws.ConfigClusterResolver      : Resolving eureka endpoints via configuration
2026-08-31T22:30:38.928+05:30  INFO 12968 --- [api-gateway] [rap-executor-%d] c.n.d.s.r.aws.ConfigClusterResolver      : Resolving eureka endpoints via configuration
2026-08-31T22:38:19.690+05:30  INFO 12968 --- [api-gateway] [container-0-C-1] org.apache.kafka.clients.NetworkClient   : [Consumer clientId=consumer-anonymous.d608ff14-825d-4caa-8131-47b66c50a5c0-2, groupId=anonymous.d608ff14-825d-4caa-8131-47b66c50a5c0] Disconnecting from node 1 due to request timeout.
2026-08-31T22:38:19.736+05:30  INFO 12968 --- [api-gateway] [container-0-C-1] org.apache.kafka.clients.NetworkClient   : [Consumer clientId=consumer-anonymous.d608ff14-825d-4caa-8131-47b66c50a5c0-2, groupId=anonymous.d608ff14-825d-4caa-8131-47b66c50a5c0] Cancelled in-flight FETCH request with correlation id 140530 due to node 1 being disconnected (elapsed time since creation: 393258ms, elapsed time since send: 393258ms, throttle time: 0ms, request timeout: 30000ms)
2026-08-31T22:38:19.768+05:30  INFO 12968 --- [api-gateway] [31-47b66c50a5c0] o.a.k.c.c.internals.ConsumerCoordinator  : [Consumer clientId=consumer-anonymous.d608ff14-825d-4caa-8131-47b66c50a5c0-2, groupId=anonymous.d608ff14-825d-4caa-8131-47b66c50a5c0] Group coordinator localhost:9092 (id: 2147483646 rack: null) is unavailable or invalid due to cause: session timed out without receiving a heartbeat response. isDisconnected: false. Rediscovery will be attempted.
2026-08-31T22:38:19.769+05:30  INFO 12968 --- [api-gateway] [31-47b66c50a5c0] o.a.k.c.c.internals.ConsumerCoordinator  : [Consumer clientId=consumer-anonymous.d608ff14-825d-4caa-8131-47b66c50a5c0-2, groupId=anonymous.d608ff14-825d-4caa-8131-47b66c50a5c0] Requesting disconnect from last known coordinator localhost:9092 (id: 2147483646 rack: null)
2026-08-31T22:38:19.772+05:30  INFO 12968 --- [api-gateway] [31-47b66c50a5c0] org.apache.kafka.clients.NetworkClient   : [Consumer clientId=consumer-anonymous.d608ff14-825d-4caa-8131-47b66c50a5c0-2, groupId=anonymous.d608ff14-825d-4caa-8131-47b66c50a5c0] Client requested disconnect from node 2147483646
2026-08-31T22:38:19.765+05:30  INFO 12968 --- [api-gateway] [container-0-C-1] o.a.kafka.clients.FetchSessionHandler    : [Consumer clientId=consumer-anonymous.d608ff14-825d-4caa-8131-47b66c50a5c0-2, groupId=anonymous.d608ff14-825d-4caa-8131-47b66c50a5c0] Error sending fetch request (sessionId=827388973, epoch=1201) to node 1:

org.apache.kafka.common.errors.DisconnectException: null

2026-08-31T22:38:19.962+05:30  INFO 12968 --- [api-gateway] [container-0-C-1] o.a.k.c.c.internals.ConsumerCoordinator  : [Consumer clientId=consumer-anonymous.d608ff14-825d-4caa-8131-47b66c50a5c0-2, groupId=anonymous.d608ff14-825d-4caa-8131-47b66c50a5c0] Discovered group coordinator localhost:9092 (id: 2147483646 rack: null)
2026-08-31T22:38:19.991+05:30  INFO 12968 --- [api-gateway] [container-0-C-1] o.a.k.c.c.internals.ConsumerCoordinator  : [Consumer clientId=consumer-anonymous.d608ff14-825d-4caa-8131-47b66c50a5c0-2, groupId=anonymous.d608ff14-825d-4caa-8131-47b66c50a5c0] Discovered group coordinator localhost:9092 (id: 2147483646 rack: null)
2026-08-31T22:42:07.117+05:30  INFO 12968 --- [api-gateway] [rap-executor-%d] c.n.d.s.r.aws.ConfigClusterResolver      : Resolving eureka endpoints via configuration
2026-08-31T22:47:07.118+05:30  INFO 12968 --- [api-gateway] [rap-executor-%d] c.n.d.s.r.aws.ConfigClusterResolver      : Resolving eureka endpoints via configuration
2026-08-31T22:52:07.147+05:30  INFO 12968 --- [api-gateway] [rap-executor-%d] c.n.d.s.r.aws.ConfigClusterResolver      : Resolving eureka endpoints via configuration
2026-08-31T22:57:07.186+05:30  INFO 12968 --- [api-gateway] [rap-executor-%d] c.n.d.s.r.aws.ConfigClusterResolver      : Resolving eureka endpoints via configuration
2026-08-31T23:02:07.192+05:30  INFO 12968 --- [api-gateway] [rap-executor-%d] c.n.d.s.r.aws.ConfigClusterResolver      : Resolving eureka endpoints via configuration
2026-08-31T23:07:07.205+05:30  INFO 12968 --- [api-gateway] [rap-executor-%d] c.n.d.s.r.aws.ConfigClusterResolver      : Resolving eureka endpoints via configuration
2026-08-31T23:12:07.230+05:30  INFO 12968 --- [api-gateway] [rap-executor-%d] c.n.d.s.r.aws.ConfigClusterResolver      : Resolving eureka endpoints via configuration
2026-08-31T23:17:07.258+05:30  INFO 12968 --- [api-gateway] [rap-executor-%d] c.n.d.s.r.aws.ConfigClusterResolver      : Resolving eureka endpoints via configuration
2026-08-31T23:22:07.283+05:30  INFO 12968 --- [api-gateway] [rap-executor-%d] c.n.d.s.r.aws.ConfigClusterResolver      : Resolving eureka endpoints via configuration
2026-08-31T23:27:07.310+05:30  INFO 12968 --- [api-gateway] [rap-executor-%d] c.n.d.s.r.aws.ConfigClusterResolver      : Resolving eureka endpoints via configuration
2026-08-31T23:32:07.326+05:30  INFO 12968 --- [api-gateway] [rap-executor-%d] c.n.d.s.r.aws.ConfigClusterResolver      : Resolving eureka endpoints via configuration
2026-08-31T23:37:07.352+05:30  INFO 12968 --- [api-gateway] [rap-executor-%d] c.n.d.s.r.aws.ConfigClusterResolver      : Resolving eureka endpoints via configuration
2026-08-31T23:42:07.367+05:30  INFO 12968 --- [api-gateway] [rap-executor-%d] c.n.d.s.r.aws.ConfigClusterResolver      : Resolving eureka endpoints via configuration
2026-08-31T23:47:07.375+05:30  INFO 12968 --- [api-gateway] [rap-executor-%d] c.n.d.s.r.aws.ConfigClusterResolver      : Resolving eureka endpoints via configuration
2026-08-31T23:55:24.724+05:30  INFO 12968 --- [api-gateway] [31-47b66c50a5c0] org.apache.kafka.clients.NetworkClient   : [Consumer clientId=consumer-anonymous.d608ff14-825d-4caa-8131-47b66c50a5c0-2, groupId=anonymous.d608ff14-825d-4caa-8131-47b66c50a5c0] Disconnecting from node 1 due to request timeout.
2026-08-31T23:55:24.800+05:30  INFO 12968 --- [api-gateway] [31-47b66c50a5c0] org.apache.kafka.clients.NetworkClient   : [Consumer clientId=consumer-anonymous.d608ff14-825d-4caa-8131-47b66c50a5c0-2, groupId=anonymous.d608ff14-825d-4caa-8131-47b66c50a5c0] Cancelled in-flight FETCH request with correlation id 150545 due to node 1 being disconnected (elapsed time since creation: 303428ms, elapsed time since send: 303428ms, throttle time: 0ms, request timeout: 30000ms)
2026-08-31T23:55:24.802+05:30  INFO 12968 --- [api-gateway] [31-47b66c50a5c0] org.apache.kafka.clients.NetworkClient   : [Consumer clientId=consumer-anonymous.d608ff14-825d-4caa-8131-47b66c50a5c0-2, groupId=anonymous.d608ff14-825d-4caa-8131-47b66c50a5c0] Disconnecting from node 2147483646 due to request timeout.
2026-08-31T23:55:24.802+05:30  INFO 12968 --- [api-gateway] [31-47b66c50a5c0] org.apache.kafka.clients.NetworkClient   : [Consumer clientId=consumer-anonymous.d608ff14-825d-4caa-8131-47b66c50a5c0-2, groupId=anonymous.d608ff14-825d-4caa-8131-47b66c50a5c0] Cancelled in-flight HEARTBEAT request with correlation id 150546 due to node 2147483646 being disconnected (elapsed time since creation: 301121ms, elapsed time since send: 301121ms, throttle time: 0ms, request timeout: 30000ms)
2026-08-31T23:55:24.856+05:30  INFO 12968 --- [api-gateway] [31-47b66c50a5c0] o.a.kafka.clients.FetchSessionHandler    : [Consumer clientId=consumer-anonymous.d608ff14-825d-4caa-8131-47b66c50a5c0-2, groupId=anonymous.d608ff14-825d-4caa-8131-47b66c50a5c0] Error sending fetch request (sessionId=889518190, epoch=8543) to node 1:

org.apache.kafka.common.errors.DisconnectException: null

2026-08-31T23:55:24.977+05:30  INFO 12968 --- [api-gateway] [31-47b66c50a5c0] o.a.k.c.c.internals.ConsumerCoordinator  : [Consumer clientId=consumer-anonymous.d608ff14-825d-4caa-8131-47b66c50a5c0-2, groupId=anonymous.d608ff14-825d-4caa-8131-47b66c50a5c0] Group coordinator localhost:9092 (id: 2147483646 rack: null) is unavailable or invalid due to cause: null. isDisconnected: true. Rediscovery will be attempted.
2026-08-31T23:55:26.995+05:30  INFO 12968 --- [api-gateway] [container-0-C-1] o.a.k.c.c.internals.ConsumerCoordinator  : [Consumer clientId=consumer-anonymous.d608ff14-825d-4caa-8131-47b66c50a5c0-2, groupId=anonymous.d608ff14-825d-4caa-8131-47b66c50a5c0] Discovered group coordinator localhost:9092 (id: 2147483646 rack: null)
2026-08-31T23:57:06.926+05:30  INFO 12968 --- [api-gateway] [rap-executor-%d] c.n.d.s.r.aws.ConfigClusterResolver      : Resolving eureka endpoints via configuration
2026-09-01T00:02:06.968+05:30  INFO 12968 --- [api-gateway] [rap-executor-%d] c.n.d.s.r.aws.ConfigClusterResolver      : Resolving eureka endpoints via configuration
2026-09-01T00:07:06.993+05:30  INFO 12968 --- [api-gateway] [rap-executor-%d] c.n.d.s.r.aws.ConfigClusterResolver      : Resolving eureka endpoints via configuration
2026-09-01T00:31:42.016+05:30  INFO 12968 --- [api-gateway] [31-47b66c50a5c0] org.apache.kafka.clients.NetworkClient   : [Consumer clientId=consumer-anonymous.d608ff14-825d-4caa-8131-47b66c50a5c0-2, groupId=anonymous.d608ff14-825d-4caa-8131-47b66c50a5c0] Node 2147483646 disconnected.
2026-09-01T00:31:42.141+05:30  INFO 12968 --- [api-gateway] [31-47b66c50a5c0] org.apache.kafka.clients.NetworkClient   : [Consumer clientId=consumer-anonymous.d608ff14-825d-4caa-8131-47b66c50a5c0-2, groupId=anonymous.d608ff14-825d-4caa-8131-47b66c50a5c0] Disconnecting from node 1 due to request timeout.
2026-09-01T00:31:42.183+05:30  INFO 12968 --- [api-gateway] [31-47b66c50a5c0] org.apache.kafka.clients.NetworkClient   : [Consumer clientId=consumer-anonymous.d608ff14-825d-4caa-8131-47b66c50a5c0-2, groupId=anonymous.d608ff14-825d-4caa-8131-47b66c50a5c0] Cancelled in-flight FETCH request with correlation id 152767 due to node 1 being disconnected (elapsed time since creation: 1219822ms, elapsed time since send: 1219822ms, throttle time: 0ms, request timeout: 30000ms)
2026-09-01T00:31:42.238+05:30  INFO 12968 --- [api-gateway] [31-47b66c50a5c0] o.a.kafka.clients.FetchSessionHandler    : [Consumer clientId=consumer-anonymous.d608ff14-825d-4caa-8131-47b66c50a5c0-2, groupId=anonymous.d608ff14-825d-4caa-8131-47b66c50a5c0] Error sending fetch request (sessionId=1075100585, epoch=1890) to node 1:

org.apache.kafka.common.errors.DisconnectException: null

2026-09-01T00:31:42.571+05:30  INFO 12968 --- [api-gateway] [31-47b66c50a5c0] o.a.k.c.c.internals.ConsumerCoordinator  : [Consumer clientId=consumer-anonymous.d608ff14-825d-4caa-8131-47b66c50a5c0-2, groupId=anonymous.d608ff14-825d-4caa-8131-47b66c50a5c0] Group coordinator localhost:9092 (id: 2147483646 rack: null) is unavailable or invalid due to cause: session timed out without receiving a heartbeat response. isDisconnected: false. Rediscovery will be attempted.
2026-09-01T00:31:42.572+05:30  INFO 12968 --- [api-gateway] [31-47b66c50a5c0] o.a.k.c.c.internals.ConsumerCoordinator  : [Consumer clientId=consumer-anonymous.d608ff14-825d-4caa-8131-47b66c50a5c0-2, groupId=anonymous.d608ff14-825d-4caa-8131-47b66c50a5c0] Requesting disconnect from last known coordinator localhost:9092 (id: 2147483646 rack: null)
2026-09-01T00:31:44.091+05:30  INFO 12968 --- [api-gateway] [container-0-C-1] o.a.k.c.c.internals.ConsumerCoordinator  : [Consumer clientId=consumer-anonymous.d608ff14-825d-4caa-8131-47b66c50a5c0-2, groupId=anonymous.d608ff14-825d-4caa-8131-47b66c50a5c0] Discovered group coordinator localhost:9092 (id: 2147483646 rack: null)
2026-09-01T00:31:44.170+05:30  INFO 12968 --- [api-gateway] [container-0-C-1] o.a.k.c.c.internals.ConsumerCoordinator  : [Consumer clientId=consumer-anonymous.d608ff14-825d-4caa-8131-47b66c50a5c0-2, groupId=anonymous.d608ff14-825d-4caa-8131-47b66c50a5c0] Discovered group coordinator localhost:9092 (id: 2147483646 rack: null)
2026-09-01T00:32:13.620+05:30  INFO 12968 --- [api-gateway] [pool-4-thread-1] org.apache.kafka.clients.NetworkClient   : [Consumer clientId=consumer-anonymous.d608ff14-825d-4caa-8131-47b66c50a5c0-3, groupId=anonymous.d608ff14-825d-4caa-8131-47b66c50a5c0] Node 2147483646 disconnected.
2026-09-01T00:32:13.667+05:30  INFO 12968 --- [api-gateway] [pool-4-thread-1] o.a.k.c.c.internals.ConsumerCoordinator  : [Consumer clientId=consumer-anonymous.d608ff14-825d-4caa-8131-47b66c50a5c0-3, groupId=anonymous.d608ff14-825d-4caa-8131-47b66c50a5c0] Group coordinator localhost:9092 (id: 2147483646 rack: null) is unavailable or invalid due to cause: coordinator unavailable. isDisconnected: true. Rediscovery will be attempted.
2026-09-01T00:32:13.680+05:30  INFO 12968 --- [api-gateway] [pool-4-thread-1] o.a.k.c.c.internals.ConsumerCoordinator  : [Consumer clientId=consumer-anonymous.d608ff14-825d-4caa-8131-47b66c50a5c0-3, groupId=anonymous.d608ff14-825d-4caa-8131-47b66c50a5c0] Discovered group coordinator localhost:9092 (id: 2147483646 rack: null)
2026-09-01T00:32:23.120+05:30  INFO 12968 --- [api-gateway] [rap-executor-%d] c.n.d.s.r.aws.ConfigClusterResolver      : Resolving eureka endpoints via configuration
2026-09-01T00:37:23.146+05:30  INFO 12968 --- [api-gateway] [rap-executor-%d] c.n.d.s.r.aws.ConfigClusterResolver      : Resolving eureka endpoints via configuration
2026-09-01T00:42:23.176+05:30  INFO 12968 --- [api-gateway] [rap-executor-%d] c.n.d.s.r.aws.ConfigClusterResolver      : Resolving eureka endpoints via configuration
2026-09-01T00:47:23.203+05:30  INFO 12968 --- [api-gateway] [rap-executor-%d] c.n.d.s.r.aws.ConfigClusterResolver      : Resolving eureka endpoints via configuration
2026-09-01T00:52:23.228+05:30  INFO 12968 --- [api-gateway] [rap-executor-%d] c.n.d.s.r.aws.ConfigClusterResolver      : Resolving eureka endpoints via configuration
2026-09-01T00:57:23.279+05:30  INFO 12968 --- [api-gateway] [rap-executor-%d] c.n.d.s.r.aws.ConfigClusterResolver      : Resolving eureka endpoints via configuration
2026-09-01T01:02:23.292+05:30  INFO 12968 --- [api-gateway] [rap-executor-%d] c.n.d.s.r.aws.ConfigClusterResolver      : Resolving eureka endpoints via configuration
2026-09-01T01:07:23.306+05:30  INFO 12968 --- [api-gateway] [rap-executor-%d] c.n.d.s.r.aws.ConfigClusterResolver      : Resolving eureka endpoints via configuration
2026-09-01T01:12:23.320+05:30  INFO 12968 --- [api-gateway] [rap-executor-%d] c.n.d.s.r.aws.ConfigClusterResolver      : Resolving eureka endpoints via configuration
2026-09-01T01:17:23.340+05:30  INFO 12968 --- [api-gateway] [rap-executor-%d] c.n.d.s.r.aws.ConfigClusterResolver      : Resolving eureka endpoints via configuration
2026-09-01T01:22:23.372+05:30  INFO 12968 --- [api-gateway] [rap-executor-%d] c.n.d.s.r.aws.ConfigClusterResolver      : Resolving eureka endpoints via configuration
2026-09-01T01:27:23.389+05:30  INFO 12968 --- [api-gateway] [rap-executor-%d] c.n.d.s.r.aws.ConfigClusterResolver      : Resolving eureka endpoints via configuration
2026-09-01T01:32:23.398+05:30  INFO 12968 --- [api-gateway] [rap-executor-%d] c.n.d.s.r.aws.ConfigClusterResolver      : Resolving eureka endpoints via configuration
2026-09-01T01:37:23.405+05:30  INFO 12968 --- [api-gateway] [rap-executor-%d] c.n.d.s.r.aws.ConfigClusterResolver      : Resolving eureka endpoints via configuration
2026-09-01T04:40:46.054+05:30  INFO 12968 --- [api-gateway] [container-0-C-1] org.apache.kafka.clients.NetworkClient   : [Consumer clientId=consumer-anonymous.d608ff14-825d-4caa-8131-47b66c50a5c0-2, groupId=anonymous.d608ff14-825d-4caa-8131-47b66c50a5c0] Node 1 disconnected.
2026-09-01T04:40:46.271+05:30  INFO 12968 --- [api-gateway] [container-0-C-1] org.apache.kafka.clients.NetworkClient   : [Consumer clientId=consumer-anonymous.d608ff14-825d-4caa-8131-47b66c50a5c0-2, groupId=anonymous.d608ff14-825d-4caa-8131-47b66c50a5c0] Cancelled in-flight FETCH request with correlation id 162354 due to node 1 being disconnected (elapsed time since creation: 10802964ms, elapsed time since send: 10802964ms, throttle time: 0ms, request timeout: 30000ms)
2026-09-01T04:40:46.357+05:30  INFO 12968 --- [api-gateway] [container-0-C-1] org.apache.kafka.clients.NetworkClient   : [Consumer clientId=consumer-anonymous.d608ff14-825d-4caa-8131-47b66c50a5c0-2, groupId=anonymous.d608ff14-825d-4caa-8131-47b66c50a5c0] Disconnecting from node 2147483646 due to request timeout.
2026-09-01T04:40:46.358+05:30  INFO 12968 --- [api-gateway] [container-0-C-1] org.apache.kafka.clients.NetworkClient   : [Consumer clientId=consumer-anonymous.d608ff14-825d-4caa-8131-47b66c50a5c0-2, groupId=anonymous.d608ff14-825d-4caa-8131-47b66c50a5c0] Cancelled in-flight HEARTBEAT request with correlation id 162355 due to node 2147483646 being disconnected (elapsed time since creation: 10801777ms, elapsed time since send: 10801777ms, throttle time: 0ms, request timeout: 30000ms)
2026-09-01T04:40:46.416+05:30  INFO 12968 --- [api-gateway] [31-47b66c50a5c0] o.a.k.c.c.internals.ConsumerCoordinator  : [Consumer clientId=consumer-anonymous.d608ff14-825d-4caa-8131-47b66c50a5c0-2, groupId=anonymous.d608ff14-825d-4caa-8131-47b66c50a5c0] Group coordinator localhost:9092 (id: 2147483646 rack: null) is unavailable or invalid due to cause: null. isDisconnected: true. Rediscovery will be attempted.
2026-09-01T04:40:46.411+05:30  INFO 12968 --- [api-gateway] [container-0-C-1] o.a.kafka.clients.FetchSessionHandler    : [Consumer clientId=consumer-anonymous.d608ff14-825d-4caa-8131-47b66c50a5c0-2, groupId=anonymous.d608ff14-825d-4caa-8131-47b66c50a5c0] Error sending fetch request (sessionId=1716424477, epoch=8178) to node 1:

org.apache.kafka.common.errors.DisconnectException: null

2026-09-01T04:40:47.035+05:30  INFO 12968 --- [api-gateway] [container-0-C-1] o.a.k.c.c.internals.ConsumerCoordinator  : [Consumer clientId=consumer-anonymous.d608ff14-825d-4caa-8131-47b66c50a5c0-2, groupId=anonymous.d608ff14-825d-4caa-8131-47b66c50a5c0] Discovered group coordinator localhost:9092 (id: 2147483646 rack: null)
2026-09-01T04:40:47.038+05:30  INFO 12968 --- [api-gateway] [container-0-C-1] o.a.k.c.c.internals.ConsumerCoordinator  : [Consumer clientId=consumer-anonymous.d608ff14-825d-4caa-8131-47b66c50a5c0-2, groupId=anonymous.d608ff14-825d-4caa-8131-47b66c50a5c0] Discovered group coordinator localhost:9092 (id: 2147483646 rack: null)
2026-09-01T13:42:05.699+05:30  INFO 12968 --- [api-gateway] [container-0-C-1] org.apache.kafka.clients.NetworkClient   : [Consumer clientId=consumer-anonymous.d608ff14-825d-4caa-8131-47b66c50a5c0-2, groupId=anonymous.d608ff14-825d-4caa-8131-47b66c50a5c0] Node 1 disconnected.
2026-09-01T13:42:05.700+05:30  INFO 12968 --- [api-gateway] [container-0-C-1] org.apache.kafka.clients.NetworkClient   : [Consumer clientId=consumer-anonymous.d608ff14-825d-4caa-8131-47b66c50a5c0-2, groupId=anonymous.d608ff14-825d-4caa-8131-47b66c50a5c0] Cancelled in-flight FETCH request with correlation id 162379 due to node 1 being disconnected (elapsed time since creation: 32470248ms, elapsed time since send: 32470248ms, throttle time: 0ms, request timeout: 30000ms)
2026-09-01T13:42:05.700+05:30  INFO 12968 --- [api-gateway] [container-0-C-1] org.apache.kafka.clients.NetworkClient   : [Consumer clientId=consumer-anonymous.d608ff14-825d-4caa-8131-47b66c50a5c0-2, groupId=anonymous.d608ff14-825d-4caa-8131-47b66c50a5c0] Disconnecting from node 2147483646 due to request timeout.
2026-09-01T13:42:05.700+05:30  INFO 12968 --- [api-gateway] [container-0-C-1] org.apache.kafka.clients.NetworkClient   : [Consumer clientId=consumer-anonymous.d608ff14-825d-4caa-8131-47b66c50a5c0-2, groupId=anonymous.d608ff14-825d-4caa-8131-47b66c50a5c0] Cancelled in-flight HEARTBEAT request with correlation id 162380 due to node 2147483646 being disconnected (elapsed time since creation: 32469645ms, elapsed time since send: 32469645ms, throttle time: 0ms, request timeout: 30000ms)
2026-09-01T13:42:05.700+05:30  INFO 12968 --- [api-gateway] [container-0-C-1] o.a.kafka.clients.FetchSessionHandler    : [Consumer clientId=consumer-anonymous.d608ff14-825d-4caa-8131-47b66c50a5c0-2, groupId=anonymous.d608ff14-825d-4caa-8131-47b66c50a5c0] Error sending fetch request (sessionId=668577053, epoch=14) to node 1:

org.apache.kafka.common.errors.DisconnectException: null

2026-09-01T13:42:05.701+05:30  INFO 12968 --- [api-gateway] [31-47b66c50a5c0] o.a.k.c.c.internals.ConsumerCoordinator  : [Consumer clientId=consumer-anonymous.d608ff14-825d-4caa-8131-47b66c50a5c0-2, groupId=anonymous.d608ff14-825d-4caa-8131-47b66c50a5c0] Group coordinator localhost:9092 (id: 2147483646 rack: null) is unavailable or invalid due to cause: null. isDisconnected: true. Rediscovery will be attempted.
2026-09-01T13:42:06.628+05:30  INFO 12968 --- [api-gateway] [container-0-C-1] o.a.k.c.c.internals.ConsumerCoordinator  : [Consumer clientId=consumer-anonymous.d608ff14-825d-4caa-8131-47b66c50a5c0-2, groupId=anonymous.d608ff14-825d-4caa-8131-47b66c50a5c0] Discovered group coordinator localhost:9092 (id: 2147483646 rack: null)
2026-09-01T13:42:20.557+05:30  INFO 12968 --- [api-gateway] [pool-4-thread-1] org.apache.kafka.clients.NetworkClient   : [Consumer clientId=consumer-anonymous.d608ff14-825d-4caa-8131-47b66c50a5c0-3, groupId=anonymous.d608ff14-825d-4caa-8131-47b66c50a5c0] Node 2147483646 disconnected.
2026-09-01T13:43:23.733+05:30  INFO 12968 --- [api-gateway] [rap-executor-%d] c.n.d.s.r.aws.ConfigClusterResolver      : Resolving eureka endpoints via configuration
2026-09-01T13:48:23.781+05:30  INFO 12968 --- [api-gateway] [rap-executor-%d] c.n.d.s.r.aws.ConfigClusterResolver      : Resolving eureka endpoints via configuration
2026-09-01T13:53:23.837+05:30  INFO 12968 --- [api-gateway] [rap-executor-%d] c.n.d.s.r.aws.ConfigClusterResolver      : Resolving eureka endpoints via configuration
2026-09-01T13:58:23.864+05:30  INFO 12968 --- [api-gateway] [rap-executor-%d] c.n.d.s.r.aws.ConfigClusterResolver      : Resolving eureka endpoints via configuration
2026-09-01T14:03:23.877+05:30  INFO 12968 --- [api-gateway] [rap-executor-%d] c.n.d.s.r.aws.ConfigClusterResolver      : Resolving eureka endpoints via configuration
2026-09-01T14:44:41.916+05:30  INFO 12968 --- [api-gateway] [container-0-C-1] org.apache.kafka.clients.NetworkClient   : [Consumer clientId=consumer-anonymous.d608ff14-825d-4caa-8131-47b66c50a5c0-2, groupId=anonymous.d608ff14-825d-4caa-8131-47b66c50a5c0] Node 2147483646 disconnected.
2026-09-01T14:44:42.118+05:30  INFO 12968 --- [api-gateway] [container-0-C-1] org.apache.kafka.clients.NetworkClient   : [Consumer clientId=consumer-anonymous.d608ff14-825d-4caa-8131-47b66c50a5c0-2, groupId=anonymous.d608ff14-825d-4caa-8131-47b66c50a5c0] Disconnecting from node 1 due to request timeout.
2026-09-01T14:44:42.120+05:30  INFO 12968 --- [api-gateway] [container-0-C-1] org.apache.kafka.clients.NetworkClient   : [Consumer clientId=consumer-anonymous.d608ff14-825d-4caa-8131-47b66c50a5c0-2, groupId=anonymous.d608ff14-825d-4caa-8131-47b66c50a5c0] Cancelled in-flight FETCH request with correlation id 165401 due to node 1 being disconnected (elapsed time since creation: 2455018ms, elapsed time since send: 2455018ms, throttle time: 0ms, request timeout: 30000ms)
2026-09-01T14:44:42.172+05:30  INFO 12968 --- [api-gateway] [31-47b66c50a5c0] o.a.k.c.c.internals.ConsumerCoordinator  : [Consumer clientId=consumer-anonymous.d608ff14-825d-4caa-8131-47b66c50a5c0-2, groupId=anonymous.d608ff14-825d-4caa-8131-47b66c50a5c0] Group coordinator localhost:9092 (id: 2147483646 rack: null) is unavailable or invalid due to cause: session timed out without receiving a heartbeat response. isDisconnected: false. Rediscovery will be attempted.
2026-09-01T14:44:42.172+05:30  INFO 12968 --- [api-gateway] [31-47b66c50a5c0] o.a.k.c.c.internals.ConsumerCoordinator  : [Consumer clientId=consumer-anonymous.d608ff14-825d-4caa-8131-47b66c50a5c0-2, groupId=anonymous.d608ff14-825d-4caa-8131-47b66c50a5c0] Requesting disconnect from last known coordinator localhost:9092 (id: 2147483646 rack: null)
2026-09-01T14:44:42.165+05:30  INFO 12968 --- [api-gateway] [container-0-C-1] o.a.kafka.clients.FetchSessionHandler    : [Consumer clientId=consumer-anonymous.d608ff14-825d-4caa-8131-47b66c50a5c0-2, groupId=anonymous.d608ff14-825d-4caa-8131-47b66c50a5c0] Error sending fetch request (sessionId=240508826, epoch=2573) to node 1:

org.apache.kafka.common.errors.DisconnectException: null

2026-09-01T14:44:42.662+05:30  INFO 12968 --- [api-gateway] [container-0-C-1] o.a.k.c.c.internals.ConsumerCoordinator  : [Consumer clientId=consumer-anonymous.d608ff14-825d-4caa-8131-47b66c50a5c0-2, groupId=anonymous.d608ff14-825d-4caa-8131-47b66c50a5c0] Discovered group coordinator localhost:9092 (id: 2147483646 rack: null)
2026-09-01T14:45:08.276+05:30  INFO 12968 --- [api-gateway] [pool-4-thread-1] org.apache.kafka.clients.NetworkClient   : [Consumer clientId=consumer-anonymous.d608ff14-825d-4caa-8131-47b66c50a5c0-3, groupId=anonymous.d608ff14-825d-4caa-8131-47b66c50a5c0] Node 2147483646 disconnected.
2026-09-01T14:45:08.298+05:30  INFO 12968 --- [api-gateway] [pool-4-thread-1] o.a.k.c.c.internals.ConsumerCoordinator  : [Consumer clientId=consumer-anonymous.d608ff14-825d-4caa-8131-47b66c50a5c0-3, groupId=anonymous.d608ff14-825d-4caa-8131-47b66c50a5c0] Group coordinator localhost:9092 (id: 2147483646 rack: null) is unavailable or invalid due to cause: coordinator unavailable. isDisconnected: true. Rediscovery will be attempted.
2026-09-01T14:45:08.304+05:30  INFO 12968 --- [api-gateway] [pool-4-thread-1] o.a.k.c.c.internals.ConsumerCoordinator  : [Consumer clientId=consumer-anonymous.d608ff14-825d-4caa-8131-47b66c50a5c0-3, groupId=anonymous.d608ff14-825d-4caa-8131-47b66c50a5c0] Discovered group coordinator localhost:9092 (id: 2147483646 rack: null)
2026-09-01T14:45:08.305+05:30  INFO 12968 --- [api-gateway] [pool-4-thread-1] o.a.k.c.c.internals.ConsumerCoordinator  : [Consumer clientId=consumer-anonymous.d608ff14-825d-4caa-8131-47b66c50a5c0-3, groupId=anonymous.d608ff14-825d-4caa-8131-47b66c50a5c0] Group coordinator localhost:9092 (id: 2147483646 rack: null) is unavailable or invalid due to cause: coordinator unavailable. isDisconnected: false. Rediscovery will be attempted.
2026-09-01T14:45:08.305+05:30  INFO 12968 --- [api-gateway] [pool-4-thread-1] o.a.k.c.c.internals.ConsumerCoordinator  : [Consumer clientId=consumer-anonymous.d608ff14-825d-4caa-8131-47b66c50a5c0-3, groupId=anonymous.d608ff14-825d-4caa-8131-47b66c50a5c0] Requesting disconnect from last known coordinator localhost:9092 (id: 2147483646 rack: null)
2026-09-01T14:45:08.408+05:30  INFO 12968 --- [api-gateway] [pool-4-thread-1] o.a.k.c.c.internals.ConsumerCoordinator  : [Consumer clientId=consumer-anonymous.d608ff14-825d-4caa-8131-47b66c50a5c0-3, groupId=anonymous.d608ff14-825d-4caa-8131-47b66c50a5c0] Discovered group coordinator localhost:9092 (id: 2147483646 rack: null)
2026-09-01T14:49:15.206+05:30  INFO 12968 --- [api-gateway] [rap-executor-%d] c.n.d.s.r.aws.ConfigClusterResolver      : Resolving eureka endpoints via configuration
2026-09-01T14:54:15.223+05:30  INFO 12968 --- [api-gateway] [rap-executor-%d] c.n.d.s.r.aws.ConfigClusterResolver      : Resolving eureka endpoints via configuration
2026-09-01T14:59:15.240+05:30  INFO 12968 --- [api-gateway] [rap-executor-%d] c.n.d.s.r.aws.ConfigClusterResolver      : Resolving eureka endpoints via configuration
2026-09-01T15:04:15.283+05:30  INFO 12968 --- [api-gateway] [rap-executor-%d] c.n.d.s.r.aws.ConfigClusterResolver      : Resolving eureka endpoints via configuration
2026-09-01T15:09:15.291+05:30  INFO 12968 --- [api-gateway] [rap-executor-%d] c.n.d.s.r.aws.ConfigClusterResolver      : Resolving eureka endpoints via configuration
2026-09-01T15:14:15.304+05:30  INFO 12968 --- [api-gateway] [rap-executor-%d] c.n.d.s.r.aws.ConfigClusterResolver      : Resolving eureka endpoints via configuration
2026-09-01T15:19:15.310+05:30  INFO 12968 --- [api-gateway] [rap-executor-%d] c.n.d.s.r.aws.ConfigClusterResolver      : Resolving eureka endpoints via configuration
2026-09-01T15:24:15.326+05:30  INFO 12968 --- [api-gateway] [rap-executor-%d] c.n.d.s.r.aws.ConfigClusterResolver      : Resolving eureka endpoints via configuration
2026-09-01T15:29:15.338+05:30  INFO 12968 --- [api-gateway] [rap-executor-%d] c.n.d.s.r.aws.ConfigClusterResolver      : Resolving eureka endpoints via configuration
2026-09-01T15:34:15.377+05:30  INFO 12968 --- [api-gateway] [rap-executor-%d] c.n.d.s.r.aws.ConfigClusterResolver      : Resolving eureka endpoints via configuration
2026-09-01T15:39:15.394+05:30  INFO 12968 --- [api-gateway] [rap-executor-%d] c.n.d.s.r.aws.ConfigClusterResolver      : Resolving eureka endpoints via configuration
2026-09-01T15:44:15.399+05:30  INFO 12968 --- [api-gateway] [rap-executor-%d] c.n.d.s.r.aws.ConfigClusterResolver      : Resolving eureka endpoints via configuration
2026-09-01T15:49:15.408+05:30  INFO 12968 --- [api-gateway] [rap-executor-%d] c.n.d.s.r.aws.ConfigClusterResolver      : Resolving eureka endpoints via configuration
2026-09-01T15:54:15.425+05:30  INFO 12968 --- [api-gateway] [rap-executor-%d] c.n.d.s.r.aws.ConfigClusterResolver      : Resolving eureka endpoints via configuration
2026-09-01T15:59:15.439+05:30  INFO 12968 --- [api-gateway] [rap-executor-%d] c.n.d.s.r.aws.ConfigClusterResolver      : Resolving eureka endpoints via configuration
2026-09-01T16:04:15.445+05:30  INFO 12968 --- [api-gateway] [rap-executor-%d] c.n.d.s.r.aws.ConfigClusterResolver      : Resolving eureka endpoints via configuration
2026-09-01T16:09:15.458+05:30  INFO 12968 --- [api-gateway] [rap-executor-%d] c.n.d.s.r.aws.ConfigClusterResolver      : Resolving eureka endpoints via configuration
2026-09-01T16:14:15.465+05:30  INFO 12968 --- [api-gateway] [rap-executor-%d] c.n.d.s.r.aws.ConfigClusterResolver      : Resolving eureka endpoints via configuration
2026-09-01T16:19:15.479+05:30  INFO 12968 --- [api-gateway] [rap-executor-%d] c.n.d.s.r.aws.ConfigClusterResolver      : Resolving eureka endpoints via configuration
2026-09-01T17:07:56.104+05:30  INFO 12968 --- [api-gateway] [31-47b66c50a5c0] org.apache.kafka.clients.NetworkClient   : [Consumer clientId=consumer-anonymous.d608ff14-825d-4caa-8131-47b66c50a5c0-2, groupId=anonymous.d608ff14-825d-4caa-8131-47b66c50a5c0] Node 1 disconnected.
2026-09-01T17:07:56.606+05:30  INFO 12968 --- [api-gateway] [31-47b66c50a5c0] org.apache.kafka.clients.NetworkClient   : [Consumer clientId=consumer-anonymous.d608ff14-825d-4caa-8131-47b66c50a5c0-2, groupId=anonymous.d608ff14-825d-4caa-8131-47b66c50a5c0] Cancelled in-flight FETCH request with correlation id 178993 due to node 1 being disconnected (elapsed time since creation: 2728626ms, elapsed time since send: 2728626ms, throttle time: 0ms, request timeout: 30000ms)
2026-09-01T17:07:56.607+05:30  INFO 12968 --- [api-gateway] [31-47b66c50a5c0] org.apache.kafka.clients.NetworkClient   : [Consumer clientId=consumer-anonymous.d608ff14-825d-4caa-8131-47b66c50a5c0-2, groupId=anonymous.d608ff14-825d-4caa-8131-47b66c50a5c0] Cancelled in-flight METADATA request with correlation id 178995 due to node 1 being disconnected (elapsed time since creation: 1513ms, elapsed time since send: 1513ms, throttle time: 0ms, request timeout: 30000ms)
2026-09-01T17:07:56.646+05:30  INFO 12968 --- [api-gateway] [31-47b66c50a5c0] org.apache.kafka.clients.NetworkClient   : [Consumer clientId=consumer-anonymous.d608ff14-825d-4caa-8131-47b66c50a5c0-2, groupId=anonymous.d608ff14-825d-4caa-8131-47b66c50a5c0] Disconnecting from node 2147483646 due to request timeout.
2026-09-01T17:07:56.646+05:30  INFO 12968 --- [api-gateway] [31-47b66c50a5c0] org.apache.kafka.clients.NetworkClient   : [Consumer clientId=consumer-anonymous.d608ff14-825d-4caa-8131-47b66c50a5c0-2, groupId=anonymous.d608ff14-825d-4caa-8131-47b66c50a5c0] Cancelled in-flight HEARTBEAT request with correlation id 178994 due to node 2147483646 being disconnected (elapsed time since creation: 2726537ms, elapsed time since send: 2726537ms, throttle time: 0ms, request timeout: 30000ms)
2026-09-01T17:07:56.677+05:30  INFO 12968 --- [api-gateway] [31-47b66c50a5c0] o.a.kafka.clients.FetchSessionHandler    : [Consumer clientId=consumer-anonymous.d608ff14-825d-4caa-8131-47b66c50a5c0-2, groupId=anonymous.d608ff14-825d-4caa-8131-47b66c50a5c0] Error sending fetch request (sessionId=18979047, epoch=11598) to node 1:

org.apache.kafka.common.errors.DisconnectException: null

2026-09-01T17:07:58.094+05:30  INFO 12968 --- [api-gateway] [31-47b66c50a5c0] o.a.k.c.c.internals.ConsumerCoordinator  : [Consumer clientId=consumer-anonymous.d608ff14-825d-4caa-8131-47b66c50a5c0-2, groupId=anonymous.d608ff14-825d-4caa-8131-47b66c50a5c0] Group coordinator localhost:9092 (id: 2147483646 rack: null) is unavailable or invalid due to cause: null. isDisconnected: true. Rediscovery will be attempted.
2026-09-01T17:07:59.457+05:30  INFO 12968 --- [api-gateway] [container-0-C-1] o.a.k.c.c.internals.ConsumerCoordinator  : [Consumer clientId=consumer-anonymous.d608ff14-825d-4caa-8131-47b66c50a5c0-2, groupId=anonymous.d608ff14-825d-4caa-8131-47b66c50a5c0] Discovered group coordinator localhost:9092 (id: 2147483646 rack: null)
2026-09-01T17:08:35.281+05:30  INFO 12968 --- [api-gateway] [pool-4-thread-1] org.apache.kafka.clients.NetworkClient   : [Consumer clientId=consumer-anonymous.d608ff14-825d-4caa-8131-47b66c50a5c0-3, groupId=anonymous.d608ff14-825d-4caa-8131-47b66c50a5c0] Node 2147483646 disconnected.
2026-09-01T17:08:35.322+05:30  INFO 12968 --- [api-gateway] [pool-4-thread-1] o.a.k.c.c.internals.ConsumerCoordinator  : [Consumer clientId=consumer-anonymous.d608ff14-825d-4caa-8131-47b66c50a5c0-3, groupId=anonymous.d608ff14-825d-4caa-8131-47b66c50a5c0] Group coordinator localhost:9092 (id: 2147483646 rack: null) is unavailable or invalid due to cause: coordinator unavailable. isDisconnected: true. Rediscovery will be attempted.
2026-09-01T17:08:35.331+05:30  INFO 12968 --- [api-gateway] [pool-4-thread-1] o.a.k.c.c.internals.ConsumerCoordinator  : [Consumer clientId=consumer-anonymous.d608ff14-825d-4caa-8131-47b66c50a5c0-3, groupId=anonymous.d608ff14-825d-4caa-8131-47b66c50a5c0] Discovered group coordinator localhost:9092 (id: 2147483646 rack: null)
2026-09-01T17:08:35.331+05:30  INFO 12968 --- [api-gateway] [pool-4-thread-1] o.a.k.c.c.internals.ConsumerCoordinator  : [Consumer clientId=consumer-anonymous.d608ff14-825d-4caa-8131-47b66c50a5c0-3, groupId=anonymous.d608ff14-825d-4caa-8131-47b66c50a5c0] Group coordinator localhost:9092 (id: 2147483646 rack: null) is unavailable or invalid due to cause: coordinator unavailable. isDisconnected: false. Rediscovery will be attempted.
2026-09-01T17:08:35.331+05:30  INFO 12968 --- [api-gateway] [pool-4-thread-1] o.a.k.c.c.internals.ConsumerCoordinator  : [Consumer clientId=consumer-anonymous.d608ff14-825d-4caa-8131-47b66c50a5c0-3, groupId=anonymous.d608ff14-825d-4caa-8131-47b66c50a5c0] Requesting disconnect from last known coordinator localhost:9092 (id: 2147483646 rack: null)
2026-09-01T17:08:35.462+05:30  INFO 12968 --- [api-gateway] [pool-4-thread-1] o.a.k.c.c.internals.ConsumerCoordinator  : [Consumer clientId=consumer-anonymous.d608ff14-825d-4caa-8131-47b66c50a5c0-3, groupId=anonymous.d608ff14-825d-4caa-8131-47b66c50a5c0] Discovered group coordinator localhost:9092 (id: 2147483646 rack: null)
2026-09-01T17:09:40.424+05:30  INFO 12968 --- [api-gateway] [rap-executor-%d] c.n.d.s.r.aws.ConfigClusterResolver      : Resolving eureka endpoints via configuration
2026-09-01T17:14:40.441+05:30  INFO 12968 --- [api-gateway] [rap-executor-%d] c.n.d.s.r.aws.ConfigClusterResolver      : Resolving eureka endpoints via configuration
2026-09-01T17:19:40.442+05:30  INFO 12968 --- [api-gateway] [rap-executor-%d] c.n.d.s.r.aws.ConfigClusterResolver      : Resolving eureka endpoints via configuration
2026-09-01T17:24:40.461+05:30  INFO 12968 --- [api-gateway] [rap-executor-%d] c.n.d.s.r.aws.ConfigClusterResolver      : Resolving eureka endpoints via configuration
2026-09-01T17:29:40.489+05:30  INFO 12968 --- [api-gateway] [rap-executor-%d] c.n.d.s.r.aws.ConfigClusterResolver      : Resolving eureka endpoints via configuration
2026-09-01T17:34:40.495+05:30  INFO 12968 --- [api-gateway] [rap-executor-%d] c.n.d.s.r.aws.ConfigClusterResolver      : Resolving eureka endpoints via configuration
2026-09-01T17:39:40.500+05:30  INFO 12968 --- [api-gateway] [rap-executor-%d] c.n.d.s.r.aws.ConfigClusterResolver      : Resolving eureka endpoints via configuration
2026-09-01T17:44:40.508+05:30  INFO 12968 --- [api-gateway] [rap-executor-%d] c.n.d.s.r.aws.ConfigClusterResolver      : Resolving eureka endpoints via configuration
2026-09-01T17:49:40.513+05:30  INFO 12968 --- [api-gateway] [rap-executor-%d] c.n.d.s.r.aws.ConfigClusterResolver      : Resolving eureka endpoints via configuration
2026-09-01T17:54:40.518+05:30  INFO 12968 --- [api-gateway] [rap-executor-%d] c.n.d.s.r.aws.ConfigClusterResolver      : Resolving eureka endpoints via configuration
2026-09-01T17:59:40.528+05:30  INFO 12968 --- [api-gateway] [rap-executor-%d] c.n.d.s.r.aws.ConfigClusterResolver      : Resolving eureka endpoints via configuration
2026-09-01T18:04:40.541+05:30  INFO 12968 --- [api-gateway] [rap-executor-%d] c.n.d.s.r.aws.ConfigClusterResolver      : Resolving eureka endpoints via configuration
2026-09-01T18:15:31.739+05:30  INFO 12968 --- [api-gateway] [container-0-C-1] org.apache.kafka.clients.NetworkClient   : [Consumer clientId=consumer-anonymous.d608ff14-825d-4caa-8131-47b66c50a5c0-2, groupId=anonymous.d608ff14-825d-4caa-8131-47b66c50a5c0] Node 2147483646 disconnected.
2026-09-01T18:15:31.867+05:30  INFO 12968 --- [api-gateway] [container-0-C-1] org.apache.kafka.clients.NetworkClient   : [Consumer clientId=consumer-anonymous.d608ff14-825d-4caa-8131-47b66c50a5c0-2, groupId=anonymous.d608ff14-825d-4caa-8131-47b66c50a5c0] Disconnecting from node 1 due to request timeout.
2026-09-01T18:15:31.867+05:30  INFO 12968 --- [api-gateway] [container-0-C-1] org.apache.kafka.clients.NetworkClient   : [Consumer clientId=consumer-anonymous.d608ff14-825d-4caa-8131-47b66c50a5c0-2, groupId=anonymous.d608ff14-825d-4caa-8131-47b66c50a5c0] Cancelled in-flight FETCH request with correlation id 186887 due to node 1 being disconnected (elapsed time since creation: 646608ms, elapsed time since send: 646608ms, throttle time: 0ms, request timeout: 30000ms)
2026-09-01T18:15:31.871+05:30  INFO 12968 --- [api-gateway] [31-47b66c50a5c0] o.a.k.c.c.internals.ConsumerCoordinator  : [Consumer clientId=consumer-anonymous.d608ff14-825d-4caa-8131-47b66c50a5c0-2, groupId=anonymous.d608ff14-825d-4caa-8131-47b66c50a5c0] Group coordinator localhost:9092 (id: 2147483646 rack: null) is unavailable or invalid due to cause: session timed out without receiving a heartbeat response. isDisconnected: false. Rediscovery will be attempted.
2026-09-01T18:15:31.871+05:30  INFO 12968 --- [api-gateway] [31-47b66c50a5c0] o.a.k.c.c.internals.ConsumerCoordinator  : [Consumer clientId=consumer-anonymous.d608ff14-825d-4caa-8131-47b66c50a5c0-2, groupId=anonymous.d608ff14-825d-4caa-8131-47b66c50a5c0] Requesting disconnect from last known coordinator localhost:9092 (id: 2147483646 rack: null)
2026-09-01T18:15:31.868+05:30  INFO 12968 --- [api-gateway] [container-0-C-1] o.a.kafka.clients.FetchSessionHandler    : [Consumer clientId=consumer-anonymous.d608ff14-825d-4caa-8131-47b66c50a5c0-2, groupId=anonymous.d608ff14-825d-4caa-8131-47b66c50a5c0] Error sending fetch request (sessionId=698454914, epoch=6730) to node 1:

org.apache.kafka.common.errors.DisconnectException: null

2026-09-01T18:15:32.747+05:30  INFO 12968 --- [api-gateway] [container-0-C-1] o.a.k.c.c.internals.ConsumerCoordinator  : [Consumer clientId=consumer-anonymous.d608ff14-825d-4caa-8131-47b66c50a5c0-2, groupId=anonymous.d608ff14-825d-4caa-8131-47b66c50a5c0] Discovered group coordinator localhost:9092 (id: 2147483646 rack: null)
2026-09-01T18:16:19.963+05:30  INFO 12968 --- [api-gateway] [pool-4-thread-1] org.apache.kafka.clients.NetworkClient   : [Consumer clientId=consumer-anonymous.d608ff14-825d-4caa-8131-47b66c50a5c0-3, groupId=anonymous.d608ff14-825d-4caa-8131-47b66c50a5c0] Node 2147483646 disconnected.
2026-09-01T18:16:19.966+05:30  INFO 12968 --- [api-gateway] [pool-4-thread-1] o.a.k.c.c.internals.ConsumerCoordinator  : [Consumer clientId=consumer-anonymous.d608ff14-825d-4caa-8131-47b66c50a5c0-3, groupId=anonymous.d608ff14-825d-4caa-8131-47b66c50a5c0] Group coordinator localhost:9092 (id: 2147483646 rack: null) is unavailable or invalid due to cause: coordinator unavailable. isDisconnected: true. Rediscovery will be attempted.
2026-09-01T18:16:19.967+05:30  INFO 12968 --- [api-gateway] [pool-4-thread-1] o.a.k.c.c.internals.ConsumerCoordinator  : [Consumer clientId=consumer-anonymous.d608ff14-825d-4caa-8131-47b66c50a5c0-3, groupId=anonymous.d608ff14-825d-4caa-8131-47b66c50a5c0] Discovered group coordinator localhost:9092 (id: 2147483646 rack: null)
2026-09-01T18:16:19.967+05:30  INFO 12968 --- [api-gateway] [pool-4-thread-1] o.a.k.c.c.internals.ConsumerCoordinator  : [Consumer clientId=consumer-anonymous.d608ff14-825d-4caa-8131-47b66c50a5c0-3, groupId=anonymous.d608ff14-825d-4caa-8131-47b66c50a5c0] Group coordinator localhost:9092 (id: 2147483646 rack: null) is unavailable or invalid due to cause: coordinator unavailable. isDisconnected: false. Rediscovery will be attempted.
2026-09-01T18:16:19.967+05:30  INFO 12968 --- [api-gateway] [pool-4-thread-1] o.a.k.c.c.internals.ConsumerCoordinator  : [Consumer clientId=consumer-anonymous.d608ff14-825d-4caa-8131-47b66c50a5c0-3, groupId=anonymous.d608ff14-825d-4caa-8131-47b66c50a5c0] Requesting disconnect from last known coordinator localhost:9092 (id: 2147483646 rack: null)
2026-09-01T18:16:20.087+05:30  INFO 12968 --- [api-gateway] [pool-4-thread-1] o.a.k.c.c.internals.ConsumerCoordinator  : [Consumer clientId=consumer-anonymous.d608ff14-825d-4caa-8131-47b66c50a5c0-3, groupId=anonymous.d608ff14-825d-4caa-8131-47b66c50a5c0] Discovered group coordinator localhost:9092 (id: 2147483646 rack: null)
2026-09-01T18:20:23.692+05:30  INFO 12968 --- [api-gateway] [rap-executor-%d] c.n.d.s.r.aws.ConfigClusterResolver      : Resolving eureka endpoints via configuration
2026-09-01T18:25:23.711+05:30  INFO 12968 --- [api-gateway] [rap-executor-%d] c.n.d.s.r.aws.ConfigClusterResolver      : Resolving eureka endpoints via configuration
2026-09-01T18:30:23.720+05:30  INFO 12968 --- [api-gateway] [rap-executor-%d] c.n.d.s.r.aws.ConfigClusterResolver      : Resolving eureka endpoints via configuration
2026-09-01T18:35:23.735+05:30  INFO 12968 --- [api-gateway] [rap-executor-%d] c.n.d.s.r.aws.ConfigClusterResolver      : Resolving eureka endpoints via configuration
2026-09-01T18:40:23.741+05:30  INFO 12968 --- [api-gateway] [rap-executor-%d] c.n.d.s.r.aws.ConfigClusterResolver      : Resolving eureka endpoints via configuration
2026-09-01T18:45:23.759+05:30  INFO 12968 --- [api-gateway] [rap-executor-%d] c.n.d.s.r.aws.ConfigClusterResolver      : Resolving eureka endpoints via configuration
2026-09-01T18:50:23.776+05:30  INFO 12968 --- [api-gateway] [rap-executor-%d] c.n.d.s.r.aws.ConfigClusterResolver      : Resolving eureka endpoints via configuration
2026-09-01T18:55:23.805+05:30  INFO 12968 --- [api-gateway] [rap-executor-%d] c.n.d.s.r.aws.ConfigClusterResolver      : Resolving eureka endpoints via configuration
2026-09-01T19:00:23.817+05:30  INFO 12968 --- [api-gateway] [rap-executor-%d] c.n.d.s.r.aws.ConfigClusterResolver      : Resolving eureka endpoints via configuration
2026-09-01T19:05:23.841+05:30  INFO 12968 --- [api-gateway] [rap-executor-%d] c.n.d.s.r.aws.ConfigClusterResolver      : Resolving eureka endpoints via configuration
2026-09-01T19:10:23.858+05:30  INFO 12968 --- [api-gateway] [rap-executor-%d] c.n.d.s.r.aws.ConfigClusterResolver      : Resolving eureka endpoints via configuration
2026-09-01T19:15:23.895+05:30  INFO 12968 --- [api-gateway] [rap-executor-%d] c.n.d.s.r.aws.ConfigClusterResolver      : Resolving eureka endpoints via configuration
2026-09-01T19:20:23.904+05:30  INFO 12968 --- [api-gateway] [rap-executor-%d] c.n.d.s.r.aws.ConfigClusterResolver      : Resolving eureka endpoints via configuration
2026-09-01T22:19:18.711+05:30  INFO 12968 --- [api-gateway] [31-47b66c50a5c0] org.apache.kafka.clients.NetworkClient   : [Consumer clientId=consumer-anonymous.d608ff14-825d-4caa-8131-47b66c50a5c0-2, groupId=anonymous.d608ff14-825d-4caa-8131-47b66c50a5c0] Node 1 disconnected.
2026-09-01T22:19:18.784+05:30  INFO 12968 --- [api-gateway] [31-47b66c50a5c0] org.apache.kafka.clients.NetworkClient   : [Consumer clientId=consumer-anonymous.d608ff14-825d-4caa-8131-47b66c50a5c0-2, groupId=anonymous.d608ff14-825d-4caa-8131-47b66c50a5c0] Cancelled in-flight FETCH request with correlation id 196260 due to node 1 being disconnected (elapsed time since creation: 10575968ms, elapsed time since send: 10575968ms, throttle time: 0ms, request timeout: 30000ms)
2026-09-01T22:19:18.788+05:30  INFO 12968 --- [api-gateway] [31-47b66c50a5c0] org.apache.kafka.clients.NetworkClient   : [Consumer clientId=consumer-anonymous.d608ff14-825d-4caa-8131-47b66c50a5c0-2, groupId=anonymous.d608ff14-825d-4caa-8131-47b66c50a5c0] Cancelled in-flight METADATA request with correlation id 196262 due to node 1 being disconnected (elapsed time since creation: 1127ms, elapsed time since send: 1127ms, throttle time: 0ms, request timeout: 30000ms)
2026-09-01T22:19:18.830+05:30  INFO 12968 --- [api-gateway] [31-47b66c50a5c0] org.apache.kafka.clients.NetworkClient   : [Consumer clientId=consumer-anonymous.d608ff14-825d-4caa-8131-47b66c50a5c0-2, groupId=anonymous.d608ff14-825d-4caa-8131-47b66c50a5c0] Disconnecting from node 2147483646 due to request timeout.
2026-09-01T22:19:18.830+05:30  INFO 12968 --- [api-gateway] [31-47b66c50a5c0] org.apache.kafka.clients.NetworkClient   : [Consumer clientId=consumer-anonymous.d608ff14-825d-4caa-8131-47b66c50a5c0-2, groupId=anonymous.d608ff14-825d-4caa-8131-47b66c50a5c0] Cancelled in-flight HEARTBEAT request with correlation id 196261 due to node 2147483646 being disconnected (elapsed time since creation: 10572981ms, elapsed time since send: 10572981ms, throttle time: 0ms, request timeout: 30000ms)
2026-09-01T22:19:18.839+05:30  INFO 12968 --- [api-gateway] [31-47b66c50a5c0] o.a.kafka.clients.FetchSessionHandler    : [Consumer clientId=consumer-anonymous.d608ff14-825d-4caa-8131-47b66c50a5c0-2, groupId=anonymous.d608ff14-825d-4caa-8131-47b66c50a5c0] Error sending fetch request (sessionId=1717462283, epoch=7994) to node 1:

org.apache.kafka.common.errors.DisconnectException: null

2026-09-01T22:19:18.928+05:30  INFO 12968 --- [api-gateway] [31-47b66c50a5c0] o.a.k.c.c.internals.ConsumerCoordinator  : [Consumer clientId=consumer-anonymous.d608ff14-825d-4caa-8131-47b66c50a5c0-2, groupId=anonymous.d608ff14-825d-4caa-8131-47b66c50a5c0] Group coordinator localhost:9092 (id: 2147483646 rack: null) is unavailable or invalid due to cause: null. isDisconnected: true. Rediscovery will be attempted.
2026-09-01T22:19:23.985+05:30  INFO 12968 --- [api-gateway] [container-0-C-1] o.a.k.c.c.internals.ConsumerCoordinator  : [Consumer clientId=consumer-anonymous.d608ff14-825d-4caa-8131-47b66c50a5c0-2, groupId=anonymous.d608ff14-825d-4caa-8131-47b66c50a5c0] Discovered group coordinator localhost:9092 (id: 2147483646 rack: null)
2026-09-01T22:19:33.125+05:30  INFO 12968 --- [api-gateway] [pool-4-thread-1] org.apache.kafka.clients.NetworkClient   : [Consumer clientId=consumer-anonymous.d608ff14-825d-4caa-8131-47b66c50a5c0-3, groupId=anonymous.d608ff14-825d-4caa-8131-47b66c50a5c0] Node 2147483646 disconnected.
2026-09-01T22:21:35.659+05:30  INFO 12968 --- [api-gateway] [rap-executor-%d] c.n.d.s.r.aws.ConfigClusterResolver      : Resolving eureka endpoints via configuration
2026-09-01T22:26:35.679+05:30  INFO 12968 --- [api-gateway] [rap-executor-%d] c.n.d.s.r.aws.ConfigClusterResolver      : Resolving eureka endpoints via configuration
2026-09-01T22:31:35.698+05:30  INFO 12968 --- [api-gateway] [rap-executor-%d] c.n.d.s.r.aws.ConfigClusterResolver      : Resolving eureka endpoints via configuration
2026-09-01T22:36:35.702+05:30  INFO 12968 --- [api-gateway] [rap-executor-%d] c.n.d.s.r.aws.ConfigClusterResolver      : Resolving eureka endpoints via configuration
2026-09-01T22:41:35.706+05:30  INFO 12968 --- [api-gateway] [rap-executor-%d] c.n.d.s.r.aws.ConfigClusterResolver      : Resolving eureka endpoints via configuration
2026-09-01T22:46:35.712+05:30  INFO 12968 --- [api-gateway] [rap-executor-%d] c.n.d.s.r.aws.ConfigClusterResolver      : Resolving eureka endpoints via configuration
2026-09-01T22:51:35.721+05:30  INFO 12968 --- [api-gateway] [rap-executor-%d] c.n.d.s.r.aws.ConfigClusterResolver      : Resolving eureka endpoints via configuration
2026-09-01T22:56:35.740+05:30  INFO 12968 --- [api-gateway] [rap-executor-%d] c.n.d.s.r.aws.ConfigClusterResolver      : Resolving eureka endpoints via configuration
2026-09-01T23:01:35.752+05:30  INFO 12968 --- [api-gateway] [rap-executor-%d] c.n.d.s.r.aws.ConfigClusterResolver      : Resolving eureka endpoints via configuration
2026-09-01T23:06:35.754+05:30  INFO 12968 --- [api-gateway] [rap-executor-%d] c.n.d.s.r.aws.ConfigClusterResolver      : Resolving eureka endpoints via configuration
2026-09-01T23:11:35.769+05:30  INFO 12968 --- [api-gateway] [rap-executor-%d] c.n.d.s.r.aws.ConfigClusterResolver      : Resolving eureka endpoints via configuration
2026-09-01T23:16:35.795+05:30  INFO 12968 --- [api-gateway] [rap-executor-%d] c.n.d.s.r.aws.ConfigClusterResolver      : Resolving eureka endpoints via configuration
2026-09-01T23:21:35.803+05:30  INFO 12968 --- [api-gateway] [rap-executor-%d] c.n.d.s.r.aws.ConfigClusterResolver      : Resolving eureka endpoints via configuration
2026-09-01T23:26:35.834+05:30  INFO 12968 --- [api-gateway] [rap-executor-%d] c.n.d.s.r.aws.ConfigClusterResolver      : Resolving eureka endpoints via configuration
2026-09-01T23:31:35.840+05:30  INFO 12968 --- [api-gateway] [rap-executor-%d] c.n.d.s.r.aws.ConfigClusterResolver      : Resolving eureka endpoints via configuration
2026-09-01T23:36:35.852+05:30  INFO 12968 --- [api-gateway] [rap-executor-%d] c.n.d.s.r.aws.ConfigClusterResolver      : Resolving eureka endpoints via configuration
2026-09-01T23:41:35.863+05:30  INFO 12968 --- [api-gateway] [rap-executor-%d] c.n.d.s.r.aws.ConfigClusterResolver      : Resolving eureka endpoints via configuration
2026-09-01T23:46:35.873+05:30  INFO 12968 --- [api-gateway] [rap-executor-%d] c.n.d.s.r.aws.ConfigClusterResolver      : Resolving eureka endpoints via configuration
2026-09-01T23:51:35.891+05:30  INFO 12968 --- [api-gateway] [rap-executor-%d] c.n.d.s.r.aws.ConfigClusterResolver      : Resolving eureka endpoints via configuration
2026-09-01T23:56:35.899+05:30  INFO 12968 --- [api-gateway] [rap-executor-%d] c.n.d.s.r.aws.ConfigClusterResolver      : Resolving eureka endpoints via configuration
2026-09-02T00:01:35.918+05:30  INFO 12968 --- [api-gateway] [rap-executor-%d] c.n.d.s.r.aws.ConfigClusterResolver      : Resolving eureka endpoints via configuration
2026-09-02T00:06:35.945+05:30  INFO 12968 --- [api-gateway] [rap-executor-%d] c.n.d.s.r.aws.ConfigClusterResolver      : Resolving eureka endpoints via configuration
2026-09-02T00:11:35.966+05:30  INFO 12968 --- [api-gateway] [rap-executor-%d] c.n.d.s.r.aws.ConfigClusterResolver      : Resolving eureka endpoints via configuration
2026-09-02T00:16:35.975+05:30  INFO 12968 --- [api-gateway] [rap-executor-%d] c.n.d.s.r.aws.ConfigClusterResolver      : Resolving eureka endpoints via configuration
2026-09-02T00:21:35.985+05:30  INFO 12968 --- [api-gateway] [rap-executor-%d] c.n.d.s.r.aws.ConfigClusterResolver      : Resolving eureka endpoints via configuration
2026-09-02T00:26:36.003+05:30  INFO 12968 --- [api-gateway] [rap-executor-%d] c.n.d.s.r.aws.ConfigClusterResolver      : Resolving eureka endpoints via configuration
2026-09-02T00:31:36.009+05:30  INFO 12968 --- [api-gateway] [rap-executor-%d] c.n.d.s.r.aws.ConfigClusterResolver      : Resolving eureka endpoints via configuration
2026-09-02T00:36:36.026+05:30  INFO 12968 --- [api-gateway] [rap-executor-%d] c.n.d.s.r.aws.ConfigClusterResolver      : Resolving eureka endpoints via configuration
2026-09-02T03:40:10.519+05:30  INFO 12968 --- [api-gateway] [container-0-C-1] org.apache.kafka.clients.NetworkClient   : [Consumer clientId=consumer-anonymous.d608ff14-825d-4caa-8131-47b66c50a5c0-2, groupId=anonymous.d608ff14-825d-4caa-8131-47b66c50a5c0] Node 1 disconnected.
2026-09-02T03:40:10.854+05:30  INFO 12968 --- [api-gateway] [container-0-C-1] org.apache.kafka.clients.NetworkClient   : [Consumer clientId=consumer-anonymous.d608ff14-825d-4caa-8131-47b66c50a5c0-2, groupId=anonymous.d608ff14-825d-4caa-8131-47b66c50a5c0] Cancelled in-flight FETCH request with correlation id 215802 due to node 1 being disconnected (elapsed time since creation: 10804864ms, elapsed time since send: 10804864ms, throttle time: 0ms, request timeout: 30000ms)
2026-09-02T03:40:10.993+05:30  INFO 12968 --- [api-gateway] [container-0-C-1] org.apache.kafka.clients.NetworkClient   : [Consumer clientId=consumer-anonymous.d608ff14-825d-4caa-8131-47b66c50a5c0-2, groupId=anonymous.d608ff14-825d-4caa-8131-47b66c50a5c0] Disconnecting from node 2147483646 due to request timeout.
2026-09-02T03:40:11.022+05:30  INFO 12968 --- [api-gateway] [container-0-C-1] org.apache.kafka.clients.NetworkClient   : [Consumer clientId=consumer-anonymous.d608ff14-825d-4caa-8131-47b66c50a5c0-2, groupId=anonymous.d608ff14-825d-4caa-8131-47b66c50a5c0] Cancelled in-flight HEARTBEAT request with correlation id 215803 due to node 2147483646 being disconnected (elapsed time since creation: 10803905ms, elapsed time since send: 10803905ms, throttle time: 0ms, request timeout: 30000ms)
2026-09-02T03:40:11.215+05:30  INFO 12968 --- [api-gateway] [31-47b66c50a5c0] o.a.k.c.c.internals.ConsumerCoordinator  : [Consumer clientId=consumer-anonymous.d608ff14-825d-4caa-8131-47b66c50a5c0-2, groupId=anonymous.d608ff14-825d-4caa-8131-47b66c50a5c0] Group coordinator localhost:9092 (id: 2147483646 rack: null) is unavailable or invalid due to cause: null. isDisconnected: true. Rediscovery will be attempted.
2026-09-02T03:40:11.070+05:30  INFO 12968 --- [api-gateway] [container-0-C-1] o.a.kafka.clients.FetchSessionHandler    : [Consumer clientId=consumer-anonymous.d608ff14-825d-4caa-8131-47b66c50a5c0-2, groupId=anonymous.d608ff14-825d-4caa-8131-47b66c50a5c0] Error sending fetch request (sessionId=1121271307, epoch=16671) to node 1:

org.apache.kafka.common.errors.DisconnectException: null

2026-09-02T03:40:12.458+05:30  INFO 12968 --- [api-gateway] [container-0-C-1] o.a.k.c.c.internals.ConsumerCoordinator  : [Consumer clientId=consumer-anonymous.d608ff14-825d-4caa-8131-47b66c50a5c0-2, groupId=anonymous.d608ff14-825d-4caa-8131-47b66c50a5c0] Discovered group coordinator localhost:9092 (id: 2147483646 rack: null)
2026-09-02T03:40:12.482+05:30  INFO 12968 --- [api-gateway] [container-0-C-1] o.a.k.c.c.internals.ConsumerCoordinator  : [Consumer clientId=consumer-anonymous.d608ff14-825d-4caa-8131-47b66c50a5c0-2, groupId=anonymous.d608ff14-825d-4caa-8131-47b66c50a5c0] Discovered group coordinator localhost:9092 (id: 2147483646 rack: null)
2026-09-02T03:40:12.482+05:30  INFO 12968 --- [api-gateway] [container-0-C-1] o.a.k.c.c.internals.ConsumerCoordinator  : [Consumer clientId=consumer-anonymous.d608ff14-825d-4caa-8131-47b66c50a5c0-2, groupId=anonymous.d608ff14-825d-4caa-8131-47b66c50a5c0] Discovered group coordinator localhost:9092 (id: 2147483646 rack: null)
2026-09-02T10:42:50.903+05:30  INFO 12968 --- [api-gateway] [31-47b66c50a5c0] org.apache.kafka.clients.NetworkClient   : [Consumer clientId=consumer-anonymous.d608ff14-825d-4caa-8131-47b66c50a5c0-2, groupId=anonymous.d608ff14-825d-4caa-8131-47b66c50a5c0] Node 2147483646 disconnected.
2026-09-02T10:42:50.925+05:30  INFO 12968 --- [api-gateway] [31-47b66c50a5c0] org.apache.kafka.clients.NetworkClient   : [Consumer clientId=consumer-anonymous.d608ff14-825d-4caa-8131-47b66c50a5c0-2, groupId=anonymous.d608ff14-825d-4caa-8131-47b66c50a5c0] Disconnecting from node 1 due to request timeout.
2026-09-02T10:42:50.925+05:30  INFO 12968 --- [api-gateway] [31-47b66c50a5c0] org.apache.kafka.clients.NetworkClient   : [Consumer clientId=consumer-anonymous.d608ff14-825d-4caa-8131-47b66c50a5c0-2, groupId=anonymous.d608ff14-825d-4caa-8131-47b66c50a5c0] Cancelled in-flight FETCH request with correlation id 215820 due to node 1 being disconnected (elapsed time since creation: 25354391ms, elapsed time since send: 25354391ms, throttle time: 0ms, request timeout: 30000ms)
2026-09-02T10:42:50.925+05:30  INFO 12968 --- [api-gateway] [31-47b66c50a5c0] o.a.kafka.clients.FetchSessionHandler    : [Consumer clientId=consumer-anonymous.d608ff14-825d-4caa-8131-47b66c50a5c0-2, groupId=anonymous.d608ff14-825d-4caa-8131-47b66c50a5c0] Error sending fetch request (sessionId=655392124, epoch=7) to node 1:

org.apache.kafka.common.errors.DisconnectException: null

2026-09-02T10:42:51.150+05:30  INFO 12968 --- [api-gateway] [31-47b66c50a5c0] o.a.k.c.c.internals.ConsumerCoordinator  : [Consumer clientId=consumer-anonymous.d608ff14-825d-4caa-8131-47b66c50a5c0-2, groupId=anonymous.d608ff14-825d-4caa-8131-47b66c50a5c0] Group coordinator localhost:9092 (id: 2147483646 rack: null) is unavailable or invalid due to cause: session timed out without receiving a heartbeat response. isDisconnected: false. Rediscovery will be attempted.
2026-09-02T10:42:51.150+05:30  INFO 12968 --- [api-gateway] [31-47b66c50a5c0] o.a.k.c.c.internals.ConsumerCoordinator  : [Consumer clientId=consumer-anonymous.d608ff14-825d-4caa-8131-47b66c50a5c0-2, groupId=anonymous.d608ff14-825d-4caa-8131-47b66c50a5c0] Requesting disconnect from last known coordinator localhost:9092 (id: 2147483646 rack: null)
2026-09-02T10:42:53.597+05:30  INFO 12968 --- [api-gateway] [container-0-C-1] o.a.k.c.c.internals.ConsumerCoordinator  : [Consumer clientId=consumer-anonymous.d608ff14-825d-4caa-8131-47b66c50a5c0-2, groupId=anonymous.d608ff14-825d-4caa-8131-47b66c50a5c0] Discovered group coordinator localhost:9092 (id: 2147483646 rack: null)
2026-09-02T10:43:17.175+05:30  INFO 12968 --- [api-gateway] [pool-4-thread-1] org.apache.kafka.clients.NetworkClient   : [Consumer clientId=consumer-anonymous.d608ff14-825d-4caa-8131-47b66c50a5c0-3, groupId=anonymous.d608ff14-825d-4caa-8131-47b66c50a5c0] Node 2147483646 disconnected.
2026-09-02T10:44:07.483+05:30  INFO 12968 --- [api-gateway] [rap-executor-%d] c.n.d.s.r.aws.ConfigClusterResolver      : Resolving eureka endpoints via configuration
2026-09-02T10:49:07.490+05:30  INFO 12968 --- [api-gateway] [rap-executor-%d] c.n.d.s.r.aws.ConfigClusterResolver      : Resolving eureka endpoints via configuration
2026-09-02T10:54:07.493+05:30  INFO 12968 --- [api-gateway] [rap-executor-%d] c.n.d.s.r.aws.ConfigClusterResolver      : Resolving eureka endpoints via configuration
2026-09-02T10:59:07.498+05:30  INFO 12968 --- [api-gateway] [rap-executor-%d] c.n.d.s.r.aws.ConfigClusterResolver      : Resolving eureka endpoints via configuration
2026-09-02T11:04:07.515+05:30  INFO 12968 --- [api-gateway] [rap-executor-%d] c.n.d.s.r.aws.ConfigClusterResolver      : Resolving eureka endpoints via configuration
2026-09-02T11:09:07.527+05:30  INFO 12968 --- [api-gateway] [rap-executor-%d] c.n.d.s.r.aws.ConfigClusterResolver      : Resolving eureka endpoints via configuration
2026-09-02T11:14:07.542+05:30  INFO 12968 --- [api-gateway] [rap-executor-%d] c.n.d.s.r.aws.ConfigClusterResolver      : Resolving eureka endpoints via configuration
2026-09-02T11:19:07.545+05:30  INFO 12968 --- [api-gateway] [rap-executor-%d] c.n.d.s.r.aws.ConfigClusterResolver      : Resolving eureka endpoints via configuration
2026-09-02T11:24:07.553+05:30  INFO 12968 --- [api-gateway] [rap-executor-%d] c.n.d.s.r.aws.ConfigClusterResolver      : Resolving eureka endpoints via configuration
2026-09-02T12:20:59.677+05:30  INFO 12968 --- [api-gateway] [31-47b66c50a5c0] org.apache.kafka.clients.NetworkClient   : [Consumer clientId=consumer-anonymous.d608ff14-825d-4caa-8131-47b66c50a5c0-2, groupId=anonymous.d608ff14-825d-4caa-8131-47b66c50a5c0] Node 2147483646 disconnected.
2026-09-02T12:20:59.737+05:30  INFO 12968 --- [api-gateway] [31-47b66c50a5c0] org.apache.kafka.clients.NetworkClient   : [Consumer clientId=consumer-anonymous.d608ff14-825d-4caa-8131-47b66c50a5c0-2, groupId=anonymous.d608ff14-825d-4caa-8131-47b66c50a5c0] Cancelled in-flight HEARTBEAT request with correlation id 221729 due to node 2147483646 being disconnected (elapsed time since creation: 3328498ms, elapsed time since send: 3328498ms, throttle time: 0ms, request timeout: 30000ms)
2026-09-02T12:20:59.753+05:30  INFO 12968 --- [api-gateway] [31-47b66c50a5c0] org.apache.kafka.clients.NetworkClient   : [Consumer clientId=consumer-anonymous.d608ff14-825d-4caa-8131-47b66c50a5c0-2, groupId=anonymous.d608ff14-825d-4caa-8131-47b66c50a5c0] Disconnecting from node 1 due to request timeout.
2026-09-02T12:20:59.753+05:30  INFO 12968 --- [api-gateway] [31-47b66c50a5c0] org.apache.kafka.clients.NetworkClient   : [Consumer clientId=consumer-anonymous.d608ff14-825d-4caa-8131-47b66c50a5c0-2, groupId=anonymous.d608ff14-825d-4caa-8131-47b66c50a5c0] Cancelled in-flight FETCH request with correlation id 221728 due to node 1 being disconnected (elapsed time since creation: 3329703ms, elapsed time since send: 3329703ms, throttle time: 0ms, request timeout: 30000ms)
2026-09-02T12:20:59.760+05:30  INFO 12968 --- [api-gateway] [31-47b66c50a5c0] o.a.k.c.c.internals.ConsumerCoordinator  : [Consumer clientId=consumer-anonymous.d608ff14-825d-4caa-8131-47b66c50a5c0-2, groupId=anonymous.d608ff14-825d-4caa-8131-47b66c50a5c0] Group coordinator localhost:9092 (id: 2147483646 rack: null) is unavailable or invalid due to cause: null. isDisconnected: true. Rediscovery will be attempted.
2026-09-02T12:20:59.777+05:30  INFO 12968 --- [api-gateway] [31-47b66c50a5c0] o.a.kafka.clients.FetchSessionHandler    : [Consumer clientId=consumer-anonymous.d608ff14-825d-4caa-8131-47b66c50a5c0-2, groupId=anonymous.d608ff14-825d-4caa-8131-47b66c50a5c0] Error sending fetch request (sessionId=430190504, epoch=5036) to node 1:

org.apache.kafka.common.errors.DisconnectException: null

2026-09-02T12:21:02.679+05:30  INFO 12968 --- [api-gateway] [container-0-C-1] o.a.k.c.c.internals.ConsumerCoordinator  : [Consumer clientId=consumer-anonymous.d608ff14-825d-4caa-8131-47b66c50a5c0-2, groupId=anonymous.d608ff14-825d-4caa-8131-47b66c50a5c0] Discovered group coordinator localhost:9092 (id: 2147483646 rack: null)
2026-09-02T12:21:44.974+05:30  INFO 12968 --- [api-gateway] [pool-4-thread-1] org.apache.kafka.clients.NetworkClient   : [Consumer clientId=consumer-anonymous.d608ff14-825d-4caa-8131-47b66c50a5c0-3, groupId=anonymous.d608ff14-825d-4caa-8131-47b66c50a5c0] Node 2147483646 disconnected.
2026-09-02T12:21:44.986+05:30  INFO 12968 --- [api-gateway] [pool-4-thread-1] o.a.k.c.c.internals.ConsumerCoordinator  : [Consumer clientId=consumer-anonymous.d608ff14-825d-4caa-8131-47b66c50a5c0-3, groupId=anonymous.d608ff14-825d-4caa-8131-47b66c50a5c0] Group coordinator localhost:9092 (id: 2147483646 rack: null) is unavailable or invalid due to cause: coordinator unavailable. isDisconnected: true. Rediscovery will be attempted.
2026-09-02T12:21:44.989+05:30  INFO 12968 --- [api-gateway] [pool-4-thread-1] o.a.k.c.c.internals.ConsumerCoordinator  : [Consumer clientId=consumer-anonymous.d608ff14-825d-4caa-8131-47b66c50a5c0-3, groupId=anonymous.d608ff14-825d-4caa-8131-47b66c50a5c0] Discovered group coordinator localhost:9092 (id: 2147483646 rack: null)
2026-09-02T12:21:44.989+05:30  INFO 12968 --- [api-gateway] [pool-4-thread-1] o.a.k.c.c.internals.ConsumerCoordinator  : [Consumer clientId=consumer-anonymous.d608ff14-825d-4caa-8131-47b66c50a5c0-3, groupId=anonymous.d608ff14-825d-4caa-8131-47b66c50a5c0] Group coordinator localhost:9092 (id: 2147483646 rack: null) is unavailable or invalid due to cause: coordinator unavailable. isDisconnected: false. Rediscovery will be attempted.
2026-09-02T12:21:44.989+05:30  INFO 12968 --- [api-gateway] [pool-4-thread-1] o.a.k.c.c.internals.ConsumerCoordinator  : [Consumer clientId=consumer-anonymous.d608ff14-825d-4caa-8131-47b66c50a5c0-3, groupId=anonymous.d608ff14-825d-4caa-8131-47b66c50a5c0] Requesting disconnect from last known coordinator localhost:9092 (id: 2147483646 rack: null)
2026-09-02T12:21:45.108+05:30  INFO 12968 --- [api-gateway] [pool-4-thread-1] o.a.k.c.c.internals.ConsumerCoordinator  : [Consumer clientId=consumer-anonymous.d608ff14-825d-4caa-8131-47b66c50a5c0-3, groupId=anonymous.d608ff14-825d-4caa-8131-47b66c50a5c0] Discovered group coordinator localhost:9092 (id: 2147483646 rack: null)
2026-09-02T12:24:34.130+05:30  INFO 12968 --- [api-gateway] [rap-executor-%d] c.n.d.s.r.aws.ConfigClusterResolver      : Resolving eureka endpoints via configuration
2026-09-02T12:29:34.148+05:30  INFO 12968 --- [api-gateway] [rap-executor-%d] c.n.d.s.r.aws.ConfigClusterResolver      : Resolving eureka endpoints via configuration
2026-09-02T12:34:34.174+05:30  INFO 12968 --- [api-gateway] [rap-executor-%d] c.n.d.s.r.aws.ConfigClusterResolver      : Resolving eureka endpoints via configuration
2026-09-02T12:39:34.189+05:30  INFO 12968 --- [api-gateway] [rap-executor-%d] c.n.d.s.r.aws.ConfigClusterResolver      : Resolving eureka endpoints via configuration
2026-09-02T12:44:34.197+05:30  INFO 12968 --- [api-gateway] [rap-executor-%d] c.n.d.s.r.aws.ConfigClusterResolver      : Resolving eureka endpoints via configuration
2026-09-02T12:49:34.207+05:30  INFO 12968 --- [api-gateway] [rap-executor-%d] c.n.d.s.r.aws.ConfigClusterResolver      : Resolving eureka endpoints via configuration
2026-09-02T12:54:34.213+05:30  INFO 12968 --- [api-gateway] [rap-executor-%d] c.n.d.s.r.aws.ConfigClusterResolver      : Resolving eureka endpoints via configuration
2026-09-02T12:59:34.221+05:30  INFO 12968 --- [api-gateway] [rap-executor-%d] c.n.d.s.r.aws.ConfigClusterResolver      : Resolving eureka endpoints via configuration
2026-09-02T13:04:34.224+05:30  INFO 12968 --- [api-gateway] [rap-executor-%d] c.n.d.s.r.aws.ConfigClusterResolver      : Resolving eureka endpoints via configuration
2026-09-02T13:09:34.226+05:30  INFO 12968 --- [api-gateway] [rap-executor-%d] c.n.d.s.r.aws.ConfigClusterResolver      : Resolving eureka endpoints via configuration
2026-09-02T13:14:34.232+05:30  INFO 12968 --- [api-gateway] [rap-executor-%d] c.n.d.s.r.aws.ConfigClusterResolver      : Resolving eureka endpoints via configuration
2026-09-02T13:19:34.248+05:30  INFO 12968 --- [api-gateway] [rap-executor-%d] c.n.d.s.r.aws.ConfigClusterResolver      : Resolving eureka endpoints via configuration
2026-09-02T20:02:27.000+05:30  INFO 12968 --- [api-gateway] [container-0-C-1] org.apache.kafka.clients.NetworkClient   : [Consumer clientId=consumer-anonymous.d608ff14-825d-4caa-8131-47b66c50a5c0-2, groupId=anonymous.d608ff14-825d-4caa-8131-47b66c50a5c0] Node 1 disconnected.
2026-09-02T20:02:27.364+05:30  INFO 12968 --- [api-gateway] [container-0-C-1] org.apache.kafka.clients.NetworkClient   : [Consumer clientId=consumer-anonymous.d608ff14-825d-4caa-8131-47b66c50a5c0-2, groupId=anonymous.d608ff14-825d-4caa-8131-47b66c50a5c0] Cancelled in-flight FETCH request with correlation id 230466 due to node 1 being disconnected (elapsed time since creation: 23890000ms, elapsed time since send: 23890000ms, throttle time: 0ms, request timeout: 30000ms)
2026-09-02T20:02:27.560+05:30  INFO 12968 --- [api-gateway] [container-0-C-1] org.apache.kafka.clients.NetworkClient   : [Consumer clientId=consumer-anonymous.d608ff14-825d-4caa-8131-47b66c50a5c0-2, groupId=anonymous.d608ff14-825d-4caa-8131-47b66c50a5c0] Disconnecting from node 2147483646 due to request timeout.
2026-09-02T20:02:27.560+05:30  INFO 12968 --- [api-gateway] [container-0-C-1] org.apache.kafka.clients.NetworkClient   : [Consumer clientId=consumer-anonymous.d608ff14-825d-4caa-8131-47b66c50a5c0-2, groupId=anonymous.d608ff14-825d-4caa-8131-47b66c50a5c0] Cancelled in-flight HEARTBEAT request with correlation id 230467 due to node 2147483646 being disconnected (elapsed time since creation: 23889224ms, elapsed time since send: 23889224ms, throttle time: 0ms, request timeout: 30000ms)
2026-09-02T20:02:27.637+05:30  INFO 12968 --- [api-gateway] [31-47b66c50a5c0] o.a.k.c.c.internals.ConsumerCoordinator  : [Consumer clientId=consumer-anonymous.d608ff14-825d-4caa-8131-47b66c50a5c0-2, groupId=anonymous.d608ff14-825d-4caa-8131-47b66c50a5c0] Group coordinator localhost:9092 (id: 2147483646 rack: null) is unavailable or invalid due to cause: null. isDisconnected: true. Rediscovery will be attempted.
2026-09-02T20:02:27.638+05:30  INFO 12968 --- [api-gateway] [container-0-C-1] o.a.kafka.clients.FetchSessionHandler    : [Consumer clientId=consumer-anonymous.d608ff14-825d-4caa-8131-47b66c50a5c0-2, groupId=anonymous.d608ff14-825d-4caa-8131-47b66c50a5c0] Error sending fetch request (sessionId=1108447656, epoch=7445) to node 1:

org.apache.kafka.common.errors.DisconnectException: null

2026-09-02T20:02:29.425+05:30  INFO 12968 --- [api-gateway] [container-0-C-1] o.a.k.c.c.internals.ConsumerCoordinator  : [Consumer clientId=consumer-anonymous.d608ff14-825d-4caa-8131-47b66c50a5c0-2, groupId=anonymous.d608ff14-825d-4caa-8131-47b66c50a5c0] Discovered group coordinator localhost:9092 (id: 2147483646 rack: null)
2026-09-02T20:02:29.757+05:30  INFO 12968 --- [api-gateway] [container-0-C-1] o.a.k.c.c.internals.ConsumerCoordinator  : [Consumer clientId=consumer-anonymous.d608ff14-825d-4caa-8131-47b66c50a5c0-2, groupId=anonymous.d608ff14-825d-4caa-8131-47b66c50a5c0] Discovered group coordinator localhost:9092 (id: 2147483646 rack: null)
2026-09-02T20:02:40.388+05:30  INFO 12968 --- [api-gateway] [rap-executor-%d] c.n.d.s.r.aws.ConfigClusterResolver      : Resolving eureka endpoints via configuration
2026-09-02T20:02:53.056+05:30  INFO 12968 --- [api-gateway] [pool-4-thread-1] org.apache.kafka.clients.NetworkClient   : [Consumer clientId=consumer-anonymous.d608ff14-825d-4caa-8131-47b66c50a5c0-3, groupId=anonymous.d608ff14-825d-4caa-8131-47b66c50a5c0] Node 2147483646 disconnected.
2026-09-02T20:07:42.903+05:30  INFO 12968 --- [api-gateway] [rap-executor-%d] c.n.d.s.r.aws.ConfigClusterResolver      : Resolving eureka endpoints via configuration
2026-09-02T20:12:42.918+05:30  INFO 12968 --- [api-gateway] [rap-executor-%d] c.n.d.s.r.aws.ConfigClusterResolver      : Resolving eureka endpoints via configuration
2026-09-02T20:17:42.920+05:30  INFO 12968 --- [api-gateway] [rap-executor-%d] c.n.d.s.r.aws.ConfigClusterResolver      : Resolving eureka endpoints via configuration
2026-09-02T20:22:42.937+05:30  INFO 12968 --- [api-gateway] [rap-executor-%d] c.n.d.s.r.aws.ConfigClusterResolver      : Resolving eureka endpoints via configuration
2026-09-02T20:27:42.950+05:30  INFO 12968 --- [api-gateway] [rap-executor-%d] c.n.d.s.r.aws.ConfigClusterResolver      : Resolving eureka endpoints via configuration
2026-09-02T20:32:42.959+05:30  INFO 12968 --- [api-gateway] [rap-executor-%d] c.n.d.s.r.aws.ConfigClusterResolver      : Resolving eureka endpoints via configuration
2026-09-02T20:37:42.961+05:30  INFO 12968 --- [api-gateway] [rap-executor-%d] c.n.d.s.r.aws.ConfigClusterResolver      : Resolving eureka endpoints via configuration
2026-09-02T20:42:42.968+05:30  INFO 12968 --- [api-gateway] [rap-executor-%d] c.n.d.s.r.aws.ConfigClusterResolver      : Resolving eureka endpoints via configuration
2026-09-02T20:47:42.984+05:30  INFO 12968 --- [api-gateway] [rap-executor-%d] c.n.d.s.r.aws.ConfigClusterResolver      : Resolving eureka endpoints via configuration
2026-09-02T20:52:42.994+05:30  INFO 12968 --- [api-gateway] [rap-executor-%d] c.n.d.s.r.aws.ConfigClusterResolver      : Resolving eureka endpoints via configuration
2026-09-02T20:57:43.010+05:30  INFO 12968 --- [api-gateway] [rap-executor-%d] c.n.d.s.r.aws.ConfigClusterResolver      : Resolving eureka endpoints via configuration
2026-09-02T21:02:43.015+05:30  INFO 12968 --- [api-gateway] [rap-executor-%d] c.n.d.s.r.aws.ConfigClusterResolver      : Resolving eureka endpoints via configuration
2026-09-02T21:07:43.016+05:30  INFO 12968 --- [api-gateway] [rap-executor-%d] c.n.d.s.r.aws.ConfigClusterResolver      : Resolving eureka endpoints via configuration
2026-09-02T21:12:43.016+05:30  INFO 12968 --- [api-gateway] [rap-executor-%d] c.n.d.s.r.aws.ConfigClusterResolver      : Resolving eureka endpoints via configuration
2026-09-02T21:17:43.023+05:30  INFO 12968 --- [api-gateway] [rap-executor-%d] c.n.d.s.r.aws.ConfigClusterResolver      : Resolving eureka endpoints via configuration
2026-09-02T21:22:43.024+05:30  INFO 12968 --- [api-gateway] [rap-executor-%d] c.n.d.s.r.aws.ConfigClusterResolver      : Resolving eureka endpoints via configuration
2026-09-02T21:27:43.039+05:30  INFO 12968 --- [api-gateway] [rap-executor-%d] c.n.d.s.r.aws.ConfigClusterResolver      : Resolving eureka endpoints via configuration
2026-09-02T21:32:43.050+05:30  INFO 12968 --- [api-gateway] [rap-executor-%d] c.n.d.s.r.aws.ConfigClusterResolver      : Resolving eureka endpoints via configuration
2026-09-02T21:37:43.056+05:30  INFO 12968 --- [api-gateway] [rap-executor-%d] c.n.d.s.r.aws.ConfigClusterResolver      : Resolving eureka endpoints via configuration
2026-09-02T21:42:43.068+05:30  INFO 12968 --- [api-gateway] [rap-executor-%d] c.n.d.s.r.aws.ConfigClusterResolver      : Resolving eureka endpoints via configuration
2026-09-02T21:47:43.083+05:30  INFO 12968 --- [api-gateway] [rap-executor-%d] c.n.d.s.r.aws.ConfigClusterResolver      : Resolving eureka endpoints via configuration
2026-09-02T21:52:43.104+05:30  INFO 12968 --- [api-gateway] [rap-executor-%d] c.n.d.s.r.aws.ConfigClusterResolver      : Resolving eureka endpoints via configuration
2026-09-02T21:57:43.121+05:30  INFO 12968 --- [api-gateway] [rap-executor-%d] c.n.d.s.r.aws.ConfigClusterResolver      : Resolving eureka endpoints via configuration
2026-09-02T22:02:43.126+05:30  INFO 12968 --- [api-gateway] [rap-executor-%d] c.n.d.s.r.aws.ConfigClusterResolver      : Resolving eureka endpoints via configuration
2026-09-02T22:07:43.151+05:30  INFO 12968 --- [api-gateway] [rap-executor-%d] c.n.d.s.r.aws.ConfigClusterResolver      : Resolving eureka endpoints via configuration
2026-09-02T22:10:43.406+05:30  INFO 12968 --- [api-gateway] [reshExecutor-%d] c.n.d.s.t.d.RedirectingEurekaHttpClient  : Request execution error. endpoint=DefaultEndpoint{ serviceUrl='http://localhost:8761/eureka/} exception=I/O error on GET request for "http://localhost:8761/eureka/apps/delta": Connect to http://localhost:8761 [localhost/127.0.0.1, localhost/0:0:0:0:0:0:0:1] failed: Connection refused: getsockopt stacktrace=org.springframework.web.client.ResourceAccessException: I/O error on GET request for "http://localhost:8761/eureka/apps/delta": Connect to http://localhost:8761 [localhost/127.0.0.1, localhost/0:0:0:0:0:0:0:1] failed: Connection refused: getsockopt
	at org.springframework.web.client.RestTemplate.createResourceAccessException(RestTemplate.java:926)
	at org.springframework.web.client.RestTemplate.doExecute(RestTemplate.java:906)
	at org.springframework.web.client.RestTemplate.execute(RestTemplate.java:841)
	at org.springframework.web.client.RestTemplate.exchange(RestTemplate.java:702)
	at org.springframework.cloud.netflix.eureka.http.RestTemplateEurekaHttpClient.getApplicationsInternal(RestTemplateEurekaHttpClient.java:174)
	at org.springframework.cloud.netflix.eureka.http.RestTemplateEurekaHttpClient.getDelta(RestTemplateEurekaHttpClient.java:186)
	at com.netflix.discovery.shared.transport.decorator.EurekaHttpClientDecorator$7.execute(EurekaHttpClientDecorator.java:152)
	at com.netflix.discovery.shared.transport.decorator.RedirectingEurekaHttpClient.execute(RedirectingEurekaHttpClient.java:91)
	at com.netflix.discovery.shared.transport.decorator.EurekaHttpClientDecorator.getDelta(EurekaHttpClientDecorator.java:149)
	at com.netflix.discovery.shared.transport.decorator.EurekaHttpClientDecorator$7.execute(EurekaHttpClientDecorator.java:152)
	at com.netflix.discovery.shared.transport.decorator.RetryableEurekaHttpClient.execute(RetryableEurekaHttpClient.java:120)
	at com.netflix.discovery.shared.transport.decorator.EurekaHttpClientDecorator.getDelta(EurekaHttpClientDecorator.java:149)
	at com.netflix.discovery.shared.transport.decorator.EurekaHttpClientDecorator$7.execute(EurekaHttpClientDecorator.java:152)
	at com.netflix.discovery.shared.transport.decorator.SessionedEurekaHttpClient.execute(SessionedEurekaHttpClient.java:76)
	at com.netflix.discovery.shared.transport.decorator.EurekaHttpClientDecorator.getDelta(EurekaHttpClientDecorator.java:149)
	at com.netflix.discovery.DiscoveryClient.getAndUpdateDelta(DiscoveryClient.java:1080)
	at com.netflix.discovery.DiscoveryClient.fetchRegistry(DiscoveryClient.java:963)
	at com.netflix.discovery.DiscoveryClient.refreshRegistry(DiscoveryClient.java:1473)
	at com.netflix.discovery.DiscoveryClient$CacheRefreshThread.run(DiscoveryClient.java:1441)
	at java.base/java.util.concurrent.Executors$RunnableAdapter.call(Executors.java:572)
	at java.base/java.util.concurrent.FutureTask.run(FutureTask.java:317)
	at java.base/java.util.concurrent.ThreadPoolExecutor.runWorker(ThreadPoolExecutor.java:1144)
	at java.base/java.util.concurrent.ThreadPoolExecutor$Worker.run(ThreadPoolExecutor.java:642)
	at java.base/java.lang.Thread.run(Thread.java:1583)
Caused by: org.apache.hc.client5.http.HttpHostConnectException: Connect to http://localhost:8761 [localhost/127.0.0.1, localhost/0:0:0:0:0:0:0:1] failed: Connection refused: getsockopt
	at java.base/sun.nio.ch.Net.pollConnect(Native Method)
	at java.base/sun.nio.ch.Net.pollConnectNow(Net.java:694)
	at java.base/sun.nio.ch.NioSocketImpl.timedFinishConnect(NioSocketImpl.java:542)
	at java.base/sun.nio.ch.NioSocketImpl.connect(NioSocketImpl.java:592)
	at java.base/java.net.SocksSocketImpl.connect(SocksSocketImpl.java:327)
	at java.base/java.net.Socket.connect(Socket.java:751)
	at org.apache.hc.client5.http.impl.io.DefaultHttpClientConnectionOperator.connect(DefaultHttpClientConnectionOperator.java:216)
	at org.apache.hc.client5.http.impl.io.PoolingHttpClientConnectionManager.connect(PoolingHttpClientConnectionManager.java:490)
	at org.apache.hc.client5.http.impl.classic.InternalExecRuntime.connectEndpoint(InternalExecRuntime.java:164)
	at org.apache.hc.client5.http.impl.classic.InternalExecRuntime.connectEndpoint(InternalExecRuntime.java:174)
	at org.apache.hc.client5.http.impl.classic.ConnectExec.execute(ConnectExec.java:144)
	at org.apache.hc.client5.http.impl.classic.ExecChainElement.execute(ExecChainElement.java:51)
	at org.apache.hc.client5.http.impl.classic.ProtocolExec.execute(ProtocolExec.java:192)
	at org.apache.hc.client5.http.impl.classic.ExecChainElement.execute(ExecChainElement.java:51)
	at org.apache.hc.client5.http.impl.classic.ContentCompressionExec.execute(ContentCompressionExec.java:150)
	at org.apache.hc.client5.http.impl.classic.ExecChainElement.execute(ExecChainElement.java:51)
	at org.apache.hc.client5.http.impl.classic.HttpRequestRetryExec.execute(HttpRequestRetryExec.java:113)
	at org.apache.hc.client5.http.impl.classic.ExecChainElement.execute(ExecChainElement.java:51)
	at org.apache.hc.client5.http.impl.classic.RedirectExec.execute(RedirectExec.java:110)
	at org.apache.hc.client5.http.impl.classic.ExecChainElement.execute(ExecChainElement.java:51)
	at org.apache.hc.client5.http.impl.classic.InternalHttpClient.doExecute(InternalHttpClient.java:174)
	at org.apache.hc.client5.http.impl.classic.CloseableHttpClient.execute(CloseableHttpClient.java:87)
	at org.apache.hc.client5.http.impl.classic.CloseableHttpClient.execute(CloseableHttpClient.java:55)
	at org.apache.hc.client5.http.classic.HttpClient.executeOpen(HttpClient.java:183)
	at org.springframework.http.client.HttpComponentsClientHttpRequest.executeInternal(HttpComponentsClientHttpRequest.java:99)
	at org.springframework.http.client.AbstractStreamingClientHttpRequest.executeInternal(AbstractStreamingClientHttpRequest.java:71)
	at org.springframework.http.client.AbstractClientHttpRequest.execute(AbstractClientHttpRequest.java:81)
	at org.springframework.http.client.InterceptingClientHttpRequest$InterceptingRequestExecution.execute(InterceptingClientHttpRequest.java:117)
	at org.springframework.cloud.netflix.eureka.http.RestTemplateTransportClientFactory.lambda$restTemplate$3(RestTemplateTransportClientFactory.java:141)
	at org.springframework.http.client.InterceptingClientHttpRequest$InterceptingRequestExecution.execute(InterceptingClientHttpRequest.java:88)
	at org.springframework.http.client.InterceptingClientHttpRequest.executeInternal(InterceptingClientHttpRequest.java:72)
	at org.springframework.http.client.AbstractBufferingClientHttpRequest.executeInternal(AbstractBufferingClientHttpRequest.java:48)
	at org.springframework.http.client.AbstractClientHttpRequest.execute(AbstractClientHttpRequest.java:81)
	at org.springframework.web.client.RestTemplate.doExecute(RestTemplate.java:900)
	... 22 more

2026-09-02T22:10:43.413+05:30  WARN 12968 --- [api-gateway] [reshExecutor-%d] c.n.d.s.t.d.RetryableEurekaHttpClient    : Request execution failed with message: I/O error on GET request for "http://localhost:8761/eureka/apps/delta": Connect to http://localhost:8761 [localhost/127.0.0.1, localhost/0:0:0:0:0:0:0:1] failed: Connection refused: getsockopt
2026-09-02T22:10:43.457+05:30  INFO 12968 --- [api-gateway] [reshExecutor-%d] c.n.d.s.t.d.RedirectingEurekaHttpClient  : Request execution error. endpoint=DefaultEndpoint{ serviceUrl='http://localhost:8761/eureka/}, exception=I/O error on GET request for "http://localhost:8761/eureka/apps/delta": Connect to http://localhost:8761 [localhost/127.0.0.1, localhost/0:0:0:0:0:0:0:1] failed: Connection refused: getsockopt stacktrace=org.springframework.web.client.ResourceAccessException: I/O error on GET request for "http://localhost:8761/eureka/apps/delta": Connect to http://localhost:8761 [localhost/127.0.0.1, localhost/0:0:0:0:0:0:0:1] failed: Connection refused: getsockopt
	at org.springframework.web.client.RestTemplate.createResourceAccessException(RestTemplate.java:926)
	at org.springframework.web.client.RestTemplate.doExecute(RestTemplate.java:906)
	at org.springframework.web.client.RestTemplate.execute(RestTemplate.java:841)
	at org.springframework.web.client.RestTemplate.exchange(RestTemplate.java:702)
	at org.springframework.cloud.netflix.eureka.http.RestTemplateEurekaHttpClient.getApplicationsInternal(RestTemplateEurekaHttpClient.java:174)
	at org.springframework.cloud.netflix.eureka.http.RestTemplateEurekaHttpClient.getDelta(RestTemplateEurekaHttpClient.java:186)
	at com.netflix.discovery.shared.transport.decorator.EurekaHttpClientDecorator$7.execute(EurekaHttpClientDecorator.java:152)
	at com.netflix.discovery.shared.transport.decorator.RedirectingEurekaHttpClient.executeOnNewServer(RedirectingEurekaHttpClient.java:121)
	at com.netflix.discovery.shared.transport.decorator.RedirectingEurekaHttpClient.execute(RedirectingEurekaHttpClient.java:80)
	at com.netflix.discovery.shared.transport.decorator.EurekaHttpClientDecorator.getDelta(EurekaHttpClientDecorator.java:149)
	at com.netflix.discovery.shared.transport.decorator.EurekaHttpClientDecorator$7.execute(EurekaHttpClientDecorator.java:152)
	at com.netflix.discovery.shared.transport.decorator.RetryableEurekaHttpClient.execute(RetryableEurekaHttpClient.java:120)
	at com.netflix.discovery.shared.transport.decorator.EurekaHttpClientDecorator.getDelta(EurekaHttpClientDecorator.java:149)
	at com.netflix.discovery.shared.transport.decorator.EurekaHttpClientDecorator$7.execute(EurekaHttpClientDecorator.java:152)
	at com.netflix.discovery.shared.transport.decorator.SessionedEurekaHttpClient.execute(SessionedEurekaHttpClient.java:76)
	at com.netflix.discovery.shared.transport.decorator.EurekaHttpClientDecorator.getDelta(EurekaHttpClientDecorator.java:149)
	at com.netflix.discovery.DiscoveryClient.getAndUpdateDelta(DiscoveryClient.java:1080)
	at com.netflix.discovery.DiscoveryClient.fetchRegistry(DiscoveryClient.java:963)
	at com.netflix.discovery.DiscoveryClient.refreshRegistry(DiscoveryClient.java:1473)
	at com.netflix.discovery.DiscoveryClient$CacheRefreshThread.run(DiscoveryClient.java:1441)
	at java.base/java.util.concurrent.Executors$RunnableAdapter.call(Executors.java:572)
	at java.base/java.util.concurrent.FutureTask.run(FutureTask.java:317)
	at java.base/java.util.concurrent.ThreadPoolExecutor.runWorker(ThreadPoolExecutor.java:1144)
	at java.base/java.util.concurrent.ThreadPoolExecutor$Worker.run(ThreadPoolExecutor.java:642)
	at java.base/java.lang.Thread.run(Thread.java:1583)
Caused by: org.apache.hc.client5.http.HttpHostConnectException: Connect to http://localhost:8761 [localhost/127.0.0.1, localhost/0:0:0:0:0:0:0:1] failed: Connection refused: getsockopt
	at java.base/sun.nio.ch.Net.pollConnect(Native Method)
	at java.base/sun.nio.ch.Net.pollConnectNow(Net.java:694)
	at java.base/sun.nio.ch.NioSocketImpl.timedFinishConnect(NioSocketImpl.java:542)
	at java.base/sun.nio.ch.NioSocketImpl.connect(NioSocketImpl.java:592)
	at java.base/java.net.SocksSocketImpl.connect(SocksSocketImpl.java:327)
	at java.base/java.net.Socket.connect(Socket.java:751)
	at org.apache.hc.client5.http.impl.io.DefaultHttpClientConnectionOperator.connect(DefaultHttpClientConnectionOperator.java:216)
	at org.apache.hc.client5.http.impl.io.PoolingHttpClientConnectionManager.connect(PoolingHttpClientConnectionManager.java:490)
	at org.apache.hc.client5.http.impl.classic.InternalExecRuntime.connectEndpoint(InternalExecRuntime.java:164)
	at org.apache.hc.client5.http.impl.classic.InternalExecRuntime.connectEndpoint(InternalExecRuntime.java:174)
	at org.apache.hc.client5.http.impl.classic.ConnectExec.execute(ConnectExec.java:144)
	at org.apache.hc.client5.http.impl.classic.ExecChainElement.execute(ExecChainElement.java:51)
	at org.apache.hc.client5.http.impl.classic.ProtocolExec.execute(ProtocolExec.java:192)
	at org.apache.hc.client5.http.impl.classic.ExecChainElement.execute(ExecChainElement.java:51)
	at org.apache.hc.client5.http.impl.classic.ContentCompressionExec.execute(ContentCompressionExec.java:150)
	at org.apache.hc.client5.http.impl.classic.ExecChainElement.execute(ExecChainElement.java:51)
	at org.apache.hc.client5.http.impl.classic.HttpRequestRetryExec.execute(HttpRequestRetryExec.java:113)
	at org.apache.hc.client5.http.impl.classic.ExecChainElement.execute(ExecChainElement.java:51)
	at org.apache.hc.client5.http.impl.classic.RedirectExec.execute(RedirectExec.java:110)
	at org.apache.hc.client5.http.impl.classic.ExecChainElement.execute(ExecChainElement.java:51)
	at org.apache.hc.client5.http.impl.classic.InternalHttpClient.doExecute(InternalHttpClient.java:174)
	at org.apache.hc.client5.http.impl.classic.CloseableHttpClient.execute(CloseableHttpClient.java:87)
	at org.apache.hc.client5.http.impl.classic.CloseableHttpClient.execute(CloseableHttpClient.java:55)
	at org.apache.hc.client5.http.classic.HttpClient.executeOpen(HttpClient.java:183)
	at org.springframework.http.client.HttpComponentsClientHttpRequest.executeInternal(HttpComponentsClientHttpRequest.java:99)
	at org.springframework.http.client.AbstractStreamingClientHttpRequest.executeInternal(AbstractStreamingClientHttpRequest.java:71)
	at org.springframework.http.client.AbstractClientHttpRequest.execute(AbstractClientHttpRequest.java:81)
	at org.springframework.http.client.InterceptingClientHttpRequest$InterceptingRequestExecution.execute(InterceptingClientHttpRequest.java:117)
	at org.springframework.cloud.netflix.eureka.http.RestTemplateTransportClientFactory.lambda$restTemplate$3(RestTemplateTransportClientFactory.java:141)
	at org.springframework.http.client.InterceptingClientHttpRequest$InterceptingRequestExecution.execute(InterceptingClientHttpRequest.java:88)
	at org.springframework.http.client.InterceptingClientHttpRequest.executeInternal(InterceptingClientHttpRequest.java:72)
	at org.springframework.http.client.AbstractBufferingClientHttpRequest.executeInternal(AbstractBufferingClientHttpRequest.java:48)
	at org.springframework.http.client.AbstractClientHttpRequest.execute(AbstractClientHttpRequest.java:81)
	at org.springframework.web.client.RestTemplate.doExecute(RestTemplate.java:900)
	... 23 more

2026-09-02T22:10:43.457+05:30  WARN 12968 --- [api-gateway] [reshExecutor-%d] c.n.d.s.t.d.RetryableEurekaHttpClient    : Request execution failed with message: I/O error on GET request for "http://localhost:8761/eureka/apps/delta": Connect to http://localhost:8761 [localhost/127.0.0.1, localhost/0:0:0:0:0:0:0:1] failed: Connection refused: getsockopt
2026-09-02T22:10:43.457+05:30  INFO 12968 --- [api-gateway] [reshExecutor-%d] com.netflix.discovery.DiscoveryClient    : DiscoveryClient_API-GATEWAY/Darshan.mshome.net:api-gateway:8080 - was unable to refresh its cache! This periodic background refresh will be retried in 30 seconds. status = Cannot execute request on any known server stacktrace = com.netflix.discovery.shared.transport.TransportException: Cannot execute request on any known server
	at com.netflix.discovery.shared.transport.decorator.RetryableEurekaHttpClient.execute(RetryableEurekaHttpClient.java:112)
	at com.netflix.discovery.shared.transport.decorator.EurekaHttpClientDecorator.getDelta(EurekaHttpClientDecorator.java:149)
	at com.netflix.discovery.shared.transport.decorator.EurekaHttpClientDecorator$7.execute(EurekaHttpClientDecorator.java:152)
	at com.netflix.discovery.shared.transport.decorator.SessionedEurekaHttpClient.execute(SessionedEurekaHttpClient.java:76)
	at com.netflix.discovery.shared.transport.decorator.EurekaHttpClientDecorator.getDelta(EurekaHttpClientDecorator.java:149)
	at com.netflix.discovery.DiscoveryClient.getAndUpdateDelta(DiscoveryClient.java:1080)
	at com.netflix.discovery.DiscoveryClient.fetchRegistry(DiscoveryClient.java:963)
	at com.netflix.discovery.DiscoveryClient.refreshRegistry(DiscoveryClient.java:1473)
	at com.netflix.discovery.DiscoveryClient$CacheRefreshThread.run(DiscoveryClient.java:1441)
	at java.base/java.util.concurrent.Executors$RunnableAdapter.call(Executors.java:572)
	at java.base/java.util.concurrent.FutureTask.run(FutureTask.java:317)
	at java.base/java.util.concurrent.ThreadPoolExecutor.runWorker(ThreadPoolExecutor.java:1144)
	at java.base/java.util.concurrent.ThreadPoolExecutor$Worker.run(ThreadPoolExecutor.java:642)
	at java.base/java.lang.Thread.run(Thread.java:1583)

