
  .   ____          _            __ _ _
 /\\ / ___'_ __ _ _(_)_ __  __ _ \ \ \ \
( ( )\___ | '_ | '_| | '_ \/ _` | \ \ \ \
 \\/  ___)| |_)| | | | | || (_| |  ) ) ) )
  '  |____| .__|_| |_|_| |_\__, | / / / /
 =========|_|==============|___/=/_/_/_/

 :: Spring Boot ::                (v3.4.1)

2026-08-28T22:36:20.873+05:30  INFO 38280 --- [bmp-notification-service] [           main] c.b.n.BmpNotificationApplication         : Starting BmpNotificationApplication using Java 21.0.11 with PID 38280 (C:\BMP -PRJ\BMP\bmp-notification\target\classes started by Lenovo in C:\BMP -PRJ\BMP\bmp-notification)
2026-08-28T22:36:20.880+05:30  INFO 38280 --- [bmp-notification-service] [           main] c.b.n.BmpNotificationApplication         : No active profile set, falling back to 1 default profile: "default"
2026-08-28T22:36:21.047+05:30  INFO 38280 --- [bmp-notification-service] [           main] o.s.c.c.c.ConfigServerConfigDataLoader   : Fetching config from server at : http://localhost:8888
2026-08-28T22:36:21.050+05:30  INFO 38280 --- [bmp-notification-service] [           main] o.s.c.c.c.ConfigServerConfigDataLoader   : Located environment: name=bmp-notification-service, profiles=[default], label=null, version=e49a1a5dcfcb36643a08d9529e85f702a6d4d502, state=
2026-08-28T22:36:23.737+05:30  INFO 38280 --- [bmp-notification-service] [           main] .s.d.r.c.RepositoryConfigurationDelegate : Bootstrapping Spring Data JPA repositories in DEFAULT mode.
2026-08-28T22:36:24.152+05:30  INFO 38280 --- [bmp-notification-service] [           main] .s.d.r.c.RepositoryConfigurationDelegate : Finished Spring Data repository scanning in 391 ms. Found 1 JPA repository interface.
2026-08-28T22:36:27.044+05:30  INFO 38280 --- [bmp-notification-service] [           main] faultConfiguringBeanFactoryPostProcessor : No bean named 'errorChannel' has been explicitly defined. Therefore, a default PublishSubscribeChannel will be created.
2026-08-28T22:36:27.072+05:30  INFO 38280 --- [bmp-notification-service] [           main] faultConfiguringBeanFactoryPostProcessor : No bean named 'integrationHeaderChannelRegistry' has been explicitly defined. Therefore, a default DefaultHeaderChannelRegistry will be created.
2026-08-28T22:36:27.364+05:30  INFO 38280 --- [bmp-notification-service] [           main] o.s.cloud.context.scope.GenericScope     : BeanFactory id=32b5b5e3-a480-305f-8aa8-2c3178e3862f
2026-08-28T22:36:28.422+05:30  INFO 38280 --- [bmp-notification-service] [           main] o.s.b.w.embedded.tomcat.TomcatWebServer  : Tomcat initialized with port 8089 (http)
2026-08-28T22:36:28.445+05:30  INFO 38280 --- [bmp-notification-service] [           main] o.apache.catalina.core.StandardService   : Starting service [Tomcat]
2026-08-28T22:36:28.446+05:30  INFO 38280 --- [bmp-notification-service] [           main] o.apache.catalina.core.StandardEngine    : Starting Servlet engine: [Apache Tomcat/10.1.34]
2026-08-28T22:36:28.578+05:30  INFO 38280 --- [bmp-notification-service] [           main] o.a.c.c.C.[Tomcat].[localhost].[/]       : Initializing Spring embedded WebApplicationContext
2026-08-28T22:36:28.580+05:30  INFO 38280 --- [bmp-notification-service] [           main] w.s.c.ServletWebServerApplicationContext : Root WebApplicationContext: initialization completed in 7522 ms
2026-08-28T22:36:29.266+05:30  INFO 38280 --- [bmp-notification-service] [           main] com.zaxxer.hikari.HikariDataSource       : HikariPool-1 - Starting...
2026-08-28T22:36:29.461+05:30  INFO 38280 --- [bmp-notification-service] [           main] com.zaxxer.hikari.pool.HikariPool        : HikariPool-1 - Added connection org.postgresql.jdbc.PgConnection@1b901f7b
2026-08-28T22:36:29.463+05:30  INFO 38280 --- [bmp-notification-service] [           main] com.zaxxer.hikari.HikariDataSource       : HikariPool-1 - Start completed.
2026-08-28T22:36:29.493+05:30  INFO 38280 --- [bmp-notification-service] [           main] org.flywaydb.core.FlywayExecutor         : Database: jdbc:postgresql://localhost:5432/bmp (PostgreSQL 16.4)
2026-08-28T22:36:29.576+05:30  INFO 38280 --- [bmp-notification-service] [           main] o.f.core.internal.command.DbValidate     : Successfully validated 4 migrations (execution time 00:00.042s)
2026-08-28T22:36:29.627+05:30  INFO 38280 --- [bmp-notification-service] [           main] o.f.core.internal.command.DbMigrate      : Current version of schema "common_schema": 003
2026-08-28T22:36:29.632+05:30  INFO 38280 --- [bmp-notification-service] [           main] o.f.core.internal.command.DbMigrate      : Schema "common_schema" is up to date. No migration necessary.
2026-08-28T22:36:29.789+05:30  INFO 38280 --- [bmp-notification-service] [           main] o.hibernate.jpa.internal.util.LogHelper  : HHH000204: Processing PersistenceUnitInfo [name: default]
2026-08-28T22:36:29.894+05:30  INFO 38280 --- [bmp-notification-service] [           main] org.hibernate.Version                    : HHH000412: Hibernate ORM core version 6.6.4.Final
2026-08-28T22:36:29.961+05:30  INFO 38280 --- [bmp-notification-service] [           main] o.h.c.internal.RegionFactoryInitiator    : HHH000026: Second-level cache disabled
2026-08-28T22:36:30.480+05:30  INFO 38280 --- [bmp-notification-service] [           main] o.s.o.j.p.SpringPersistenceUnitInfo      : No LoadTimeWeaver setup: ignoring JPA class transformer
2026-08-28T22:36:30.627+05:30  INFO 38280 --- [bmp-notification-service] [           main] org.hibernate.orm.connections.pooling    : HHH10001005: Database info:
	Database JDBC URL [Connecting through datasource 'HikariDataSource (HikariPool-1)']
	Database driver: undefined/unknown
	Database version: 16.4
	Autocommit mode: undefined/unknown
	Isolation level: undefined/unknown
	Minimum pool size: undefined/unknown
	Maximum pool size: undefined/unknown
2026-08-28T22:36:31.959+05:30  INFO 38280 --- [bmp-notification-service] [           main] o.h.e.t.j.p.i.JtaPlatformInitiator       : HHH000489: No JTA platform available (set 'hibernate.transaction.jta.platform' to enable JTA platform integration)
2026-08-28T22:36:32.049+05:30  INFO 38280 --- [bmp-notification-service] [           main] j.LocalContainerEntityManagerFactoryBean : Initialized JPA EntityManagerFactory for persistence unit 'default'
2026-08-28T22:36:33.646+05:30  INFO 38280 --- [bmp-notification-service] [           main] o.s.d.j.r.query.QueryEnhancerFactory     : Hibernate is in classpath; If applicable, HQL parser will be used.
2026-08-28T22:36:35.891+05:30  INFO 38280 --- [bmp-notification-service] [           main] c.b.n.services.LoggingSmsSender          : SMS channel is disabled (configuration pending — DLT registration). OTPs are delivered over email.
2026-08-28T22:36:35.895+05:30  INFO 38280 --- [bmp-notification-service] [           main] c.b.n.services.LoggingWhatsAppSender     : WhatsApp channel is disabled (configuration pending — no Business account). OTPs are delivered over email.
2026-08-28T22:36:36.469+05:30  INFO 38280 --- [bmp-notification-service] [           main] c.b.n.services.SmtpEmailSender           : SmtpEmailSender active — real email delivery enabled (from=devadmin.bmp@gmail.com)
2026-08-28T22:36:40.079+05:30  INFO 38280 --- [bmp-notification-service] [           main] c.b.n.services.SmtpEmailSender           : SMTP OK — connected and authenticated to smtp.gmail.com:587 as devadmin.bmp@gmail.com. Real email will be sent.
2026-08-28T22:36:40.893+05:30  WARN 38280 --- [bmp-notification-service] [           main] .s.s.UserDetailsServiceAutoConfiguration : 

Using generated security password: 9e10bec6-3ced-4826-9fb7-e0df86bc2f5d

This generated password is for development use only. Your security configuration must be updated before running your application in production.

2026-08-28T22:36:40.928+05:30  INFO 38280 --- [bmp-notification-service] [           main] r$InitializeUserDetailsManagerConfigurer : Global AuthenticationManager configured with UserDetailsService bean with name inMemoryUserDetailsManager
2026-08-28T22:36:42.421+05:30  INFO 38280 --- [bmp-notification-service] [           main] o.s.b.a.e.web.EndpointLinksResolver      : Exposing 10 endpoints beneath base path '/actuator'
2026-08-28T22:36:44.819+05:30  INFO 38280 --- [bmp-notification-service] [           main] o.s.c.s.m.DirectWithAttributesChannel    : Channel 'bmp-notification-service.springCloudBusInput' has 1 subscriber(s).
2026-08-28T22:36:46.080+05:30  INFO 38280 --- [bmp-notification-service] [           main] DiscoveryClientOptionalArgsConfiguration : Eureka HTTP Client uses RestTemplate.
2026-08-28T22:36:46.300+05:30  WARN 38280 --- [bmp-notification-service] [           main] iguration$LoadBalancerCaffeineWarnLogger : Spring Cloud LoadBalancer is currently working with the default cache. While this cache implementation is useful for development and tests, it's recommended to use Caffeine cache in production.You can switch to using Caffeine cache, by adding it and org.springframework.cache.caffeine.CaffeineCacheManager to the classpath.
2026-08-28T22:36:46.826+05:30  INFO 38280 --- [bmp-notification-service] [           main] o.s.i.endpoint.EventDrivenConsumer       : Adding {logging-channel-adapter:_org.springframework.integration.errorLogger} as a subscriber to the 'errorChannel' channel
2026-08-28T22:36:46.827+05:30  INFO 38280 --- [bmp-notification-service] [           main] o.s.i.channel.PublishSubscribeChannel    : Channel 'bmp-notification-service.errorChannel' has 1 subscriber(s).
2026-08-28T22:36:46.829+05:30  INFO 38280 --- [bmp-notification-service] [           main] o.s.i.endpoint.EventDrivenConsumer       : started bean '_org.springframework.integration.errorLogger'
2026-08-28T22:36:46.890+05:30  INFO 38280 --- [bmp-notification-service] [           main] o.s.c.n.eureka.InstanceInfoFactory       : Setting initial instance status as: STARTING
2026-08-28T22:36:46.962+05:30  INFO 38280 --- [bmp-notification-service] [           main] com.netflix.discovery.DiscoveryClient    : Initializing Eureka in region us-east-1
2026-08-28T22:36:46.974+05:30  INFO 38280 --- [bmp-notification-service] [           main] c.n.d.s.r.aws.ConfigClusterResolver      : Resolving eureka endpoints via configuration
2026-08-28T22:36:47.001+05:30  INFO 38280 --- [bmp-notification-service] [           main] com.netflix.discovery.DiscoveryClient    : Disable delta property : false
2026-08-28T22:36:47.001+05:30  INFO 38280 --- [bmp-notification-service] [           main] com.netflix.discovery.DiscoveryClient    : Single vip registry refresh property : null
2026-08-28T22:36:47.001+05:30  INFO 38280 --- [bmp-notification-service] [           main] com.netflix.discovery.DiscoveryClient    : Force full registry fetch : false
2026-08-28T22:36:47.001+05:30  INFO 38280 --- [bmp-notification-service] [           main] com.netflix.discovery.DiscoveryClient    : Application is null : false
2026-08-28T22:36:47.001+05:30  INFO 38280 --- [bmp-notification-service] [           main] com.netflix.discovery.DiscoveryClient    : Registered Applications size is zero : true
2026-08-28T22:36:47.001+05:30  INFO 38280 --- [bmp-notification-service] [           main] com.netflix.discovery.DiscoveryClient    : Application version is -1: true
2026-08-28T22:36:47.002+05:30  INFO 38280 --- [bmp-notification-service] [           main] com.netflix.discovery.DiscoveryClient    : Getting all instance registry info from the eureka server
2026-08-28T22:36:47.701+05:30  INFO 38280 --- [bmp-notification-service] [           main] com.netflix.discovery.DiscoveryClient    : The response status is 200
2026-08-28T22:36:47.708+05:30  INFO 38280 --- [bmp-notification-service] [           main] com.netflix.discovery.DiscoveryClient    : Starting heartbeat executor: renew interval is: 30
2026-08-28T22:36:47.749+05:30  INFO 38280 --- [bmp-notification-service] [           main] c.n.discovery.InstanceInfoReplicator     : InstanceInfoReplicator onDemand update allowed rate per min is 4
2026-08-28T22:36:47.826+05:30  INFO 38280 --- [bmp-notification-service] [           main] com.netflix.discovery.DiscoveryClient    : Discovery Client initialized at timestamp 1787936807816 with initial instances count: 5
2026-08-28T22:36:47.868+05:30  INFO 38280 --- [bmp-notification-service] [           main] o.s.c.n.e.s.EurekaServiceRegistry        : Registering application BMP-NOTIFICATION-SERVICE with eureka with status UP
2026-08-28T22:36:47.870+05:30  INFO 38280 --- [bmp-notification-service] [           main] com.netflix.discovery.DiscoveryClient    : Saw local status change event StatusChangeEvent [timestamp=1787936807870, current=UP, previous=STARTING]
2026-08-28T22:36:47.875+05:30  INFO 38280 --- [bmp-notification-service] [foReplicator-%d] com.netflix.discovery.DiscoveryClient    : DiscoveryClient_BMP-NOTIFICATION-SERVICE/Darshan.mshome.net:bmp-notification-service:8089: registering service...
2026-08-28T22:36:47.952+05:30  INFO 38280 --- [bmp-notification-service] [           main] o.s.b.w.embedded.tomcat.TomcatWebServer  : Tomcat started on port 8089 (http) with context path '/'
2026-08-28T22:36:47.954+05:30  INFO 38280 --- [bmp-notification-service] [           main] .s.c.n.e.s.EurekaAutoServiceRegistration : Updating port to 8089
2026-08-28T22:36:47.973+05:30  INFO 38280 --- [bmp-notification-service] [foReplicator-%d] com.netflix.discovery.DiscoveryClient    : DiscoveryClient_BMP-NOTIFICATION-SERVICE/Darshan.mshome.net:bmp-notification-service:8089 - registration status: 204
2026-08-28T22:36:47.984+05:30  INFO 38280 --- [bmp-notification-service] [           main] o.s.c.s.binder.DefaultBinderFactory      : Creating binder: kafka
2026-08-28T22:36:47.984+05:30  INFO 38280 --- [bmp-notification-service] [           main] o.s.c.s.binder.DefaultBinderFactory      : Constructing binder child context for kafka
2026-08-28T22:36:48.678+05:30  INFO 38280 --- [bmp-notification-service] [           main] o.s.c.s.binder.DefaultBinderFactory      : Caching the binder: kafka
2026-08-28T22:36:48.756+05:30  INFO 38280 --- [bmp-notification-service] [           main] o.a.k.clients.admin.AdminClientConfig    : AdminClientConfig values: 
	auto.include.jmx.reporter = true
	bootstrap.controllers = []
	bootstrap.servers = [localhost:9092]
	client.dns.lookup = use_all_dns_ips
	client.id = 
	connections.max.idle.ms = 300000
	default.api.timeout.ms = 60000
	enable.metrics.push = true
	metadata.max.age.ms = 300000
	metadata.recovery.strategy = none
	metric.reporters = []
	metrics.num.samples = 2
	metrics.recording.level = INFO
	metrics.sample.window.ms = 30000
	receive.buffer.bytes = 65536
	reconnect.backoff.max.ms = 1000
	reconnect.backoff.ms = 50
	request.timeout.ms = 30000
	retries = 2147483647
	retry.backoff.max.ms = 1000
	retry.backoff.ms = 100
	sasl.client.callback.handler.class = null
	sasl.jaas.config = null
	sasl.kerberos.kinit.cmd = /usr/bin/kinit
	sasl.kerberos.min.time.before.relogin = 60000
	sasl.kerberos.service.name = null
	sasl.kerberos.ticket.renew.jitter = 0.05
	sasl.kerberos.ticket.renew.window.factor = 0.8
	sasl.login.callback.handler.class = null
	sasl.login.class = null
	sasl.login.connect.timeout.ms = null
	sasl.login.read.timeout.ms = null
	sasl.login.refresh.buffer.seconds = 300
	sasl.login.refresh.min.period.seconds = 60
	sasl.login.refresh.window.factor = 0.8
	sasl.login.refresh.window.jitter = 0.05
	sasl.login.retry.backoff.max.ms = 10000
	sasl.login.retry.backoff.ms = 100
	sasl.mechanism = GSSAPI
	sasl.oauthbearer.clock.skew.seconds = 30
	sasl.oauthbearer.expected.audience = null
	sasl.oauthbearer.expected.issuer = null
	sasl.oauthbearer.jwks.endpoint.refresh.ms = 3600000
	sasl.oauthbearer.jwks.endpoint.retry.backoff.max.ms = 10000
	sasl.oauthbearer.jwks.endpoint.retry.backoff.ms = 100
	sasl.oauthbearer.jwks.endpoint.url = null
	sasl.oauthbearer.scope.claim.name = scope
	sasl.oauthbearer.sub.claim.name = sub
	sasl.oauthbearer.token.endpoint.url = null
	security.protocol = PLAINTEXT
	security.providers = null
	send.buffer.bytes = 131072
	socket.connection.setup.timeout.max.ms = 30000
	socket.connection.setup.timeout.ms = 10000
	ssl.cipher.suites = null
	ssl.enabled.protocols = [TLSv1.2, TLSv1.3]
	ssl.endpoint.identification.algorithm = https
	ssl.engine.factory.class = null
	ssl.key.password = null
	ssl.keymanager.algorithm = SunX509
	ssl.keystore.certificate.chain = null
	ssl.keystore.key = null
	ssl.keystore.location = null
	ssl.keystore.password = null
	ssl.keystore.type = JKS
	ssl.protocol = TLSv1.3
	ssl.provider = null
	ssl.secure.random.implementation = null
	ssl.trustmanager.algorithm = PKIX
	ssl.truststore.certificates = null
	ssl.truststore.location = null
	ssl.truststore.password = null
	ssl.truststore.type = JKS

2026-08-28T22:36:49.012+05:30  INFO 38280 --- [bmp-notification-service] [           main] o.a.kafka.common.utils.AppInfoParser     : Kafka version: 3.8.1
2026-08-28T22:36:49.014+05:30  INFO 38280 --- [bmp-notification-service] [           main] o.a.kafka.common.utils.AppInfoParser     : Kafka commitId: 70d6ff42debf7e17
2026-08-28T22:36:49.014+05:30  INFO 38280 --- [bmp-notification-service] [           main] o.a.kafka.common.utils.AppInfoParser     : Kafka startTimeMs: 1787936809010
2026-08-28T22:36:49.919+05:30  INFO 38280 --- [bmp-notification-service] [| adminclient-1] o.a.kafka.common.utils.AppInfoParser     : App info kafka.admin.client for adminclient-1 unregistered
2026-08-28T22:36:49.928+05:30  INFO 38280 --- [bmp-notification-service] [| adminclient-1] o.apache.kafka.common.metrics.Metrics    : Metrics scheduler closed
2026-08-28T22:36:49.929+05:30  INFO 38280 --- [bmp-notification-service] [| adminclient-1] o.apache.kafka.common.metrics.Metrics    : Closing reporter org.apache.kafka.common.metrics.JmxReporter
2026-08-28T22:36:49.929+05:30  INFO 38280 --- [bmp-notification-service] [| adminclient-1] o.apache.kafka.common.metrics.Metrics    : Metrics reporters closed
2026-08-28T22:36:50.017+05:30  INFO 38280 --- [bmp-notification-service] [           main] o.a.k.clients.consumer.ConsumerConfig    : ConsumerConfig values: 
	allow.auto.create.topics = true
	auto.commit.interval.ms = 100
	auto.include.jmx.reporter = true
	auto.offset.reset = earliest
	bootstrap.servers = [localhost:9092]
	check.crcs = true
	client.dns.lookup = use_all_dns_ips
	client.id = consumer-anonymous.71319fe6-9081-4354-a696-fc4667b331dc-1
	client.rack = 
	connections.max.idle.ms = 540000
	default.api.timeout.ms = 60000
	enable.auto.commit = false
	enable.metrics.push = true
	exclude.internal.topics = true
	fetch.max.bytes = 52428800
	fetch.max.wait.ms = 500
	fetch.min.bytes = 1
	group.id = anonymous.71319fe6-9081-4354-a696-fc4667b331dc
	group.instance.id = null
	group.protocol = classic
	group.remote.assignor = null
	heartbeat.interval.ms = 3000
	interceptor.classes = []
	internal.leave.group.on.close = true
	internal.throw.on.fetch.stable.offset.unsupported = false
	isolation.level = read_uncommitted
	key.deserializer = class org.apache.kafka.common.serialization.StringDeserializer
	max.partition.fetch.bytes = 1048576
	max.poll.interval.ms = 300000
	max.poll.records = 500
	metadata.max.age.ms = 300000
	metadata.recovery.strategy = none
	metric.reporters = []
	metrics.num.samples = 2
	metrics.recording.level = INFO
	metrics.sample.window.ms = 30000
	partition.assignment.strategy = [class org.apache.kafka.clients.consumer.RangeAssignor, class org.apache.kafka.clients.consumer.CooperativeStickyAssignor]
	receive.buffer.bytes = 65536
	reconnect.backoff.max.ms = 1000
	reconnect.backoff.ms = 50
	request.timeout.ms = 30000
	retry.backoff.max.ms = 1000
	retry.backoff.ms = 100
	sasl.client.callback.handler.class = null
	sasl.jaas.config = null
	sasl.kerberos.kinit.cmd = /usr/bin/kinit
	sasl.kerberos.min.time.before.relogin = 60000
	sasl.kerberos.service.name = null
	sasl.kerberos.ticket.renew.jitter = 0.05
	sasl.kerberos.ticket.renew.window.factor = 0.8
	sasl.login.callback.handler.class = null
	sasl.login.class = null
	sasl.login.connect.timeout.ms = null
	sasl.login.read.timeout.ms = null
	sasl.login.refresh.buffer.seconds = 300
	sasl.login.refresh.min.period.seconds = 60
	sasl.login.refresh.window.factor = 0.8
	sasl.login.refresh.window.jitter = 0.05
	sasl.login.retry.backoff.max.ms = 10000
	sasl.login.retry.backoff.ms = 100
	sasl.mechanism = GSSAPI
	sasl.oauthbearer.clock.skew.seconds = 30
	sasl.oauthbearer.expected.audience = null
	sasl.oauthbearer.expected.issuer = null
	sasl.oauthbearer.jwks.endpoint.refresh.ms = 3600000
	sasl.oauthbearer.jwks.endpoint.retry.backoff.max.ms = 10000
	sasl.oauthbearer.jwks.endpoint.retry.backoff.ms = 100
	sasl.oauthbearer.jwks.endpoint.url = null
	sasl.oauthbearer.scope.claim.name = scope
	sasl.oauthbearer.sub.claim.name = sub
	sasl.oauthbearer.token.endpoint.url = null
	security.protocol = PLAINTEXT
	security.providers = null
	send.buffer.bytes = 131072
	session.timeout.ms = 45000
	socket.connection.setup.timeout.max.ms = 30000
	socket.connection.setup.timeout.ms = 10000
	ssl.cipher.suites = null
	ssl.enabled.protocols = [TLSv1.2, TLSv1.3]
	ssl.endpoint.identification.algorithm = https
	ssl.engine.factory.class = null
	ssl.key.password = null
	ssl.keymanager.algorithm = SunX509
	ssl.keystore.certificate.chain = null
	ssl.keystore.key = null
	ssl.keystore.location = null
	ssl.keystore.password = null
	ssl.keystore.type = JKS
	ssl.protocol = TLSv1.3
	ssl.provider = null
	ssl.secure.random.implementation = null
	ssl.trustmanager.algorithm = PKIX
	ssl.truststore.certificates = null
	ssl.truststore.location = null
	ssl.truststore.password = null
	ssl.truststore.type = JKS
	value.deserializer = class org.apache.kafka.common.serialization.StringDeserializer

2026-08-28T22:36:50.303+05:30  INFO 38280 --- [bmp-notification-service] [           main] o.a.k.c.t.i.KafkaMetricsCollector        : initializing Kafka metrics collector
2026-08-28T22:36:50.382+05:30  INFO 38280 --- [bmp-notification-service] [           main] o.a.kafka.common.utils.AppInfoParser     : Kafka version: 3.8.1
2026-08-28T22:36:50.383+05:30  INFO 38280 --- [bmp-notification-service] [           main] o.a.kafka.common.utils.AppInfoParser     : Kafka commitId: 70d6ff42debf7e17
2026-08-28T22:36:50.383+05:30  INFO 38280 --- [bmp-notification-service] [           main] o.a.kafka.common.utils.AppInfoParser     : Kafka startTimeMs: 1787936810382
2026-08-28T22:36:50.425+05:30  INFO 38280 --- [bmp-notification-service] [           main] org.apache.kafka.clients.Metadata        : [Consumer clientId=consumer-anonymous.71319fe6-9081-4354-a696-fc4667b331dc-1, groupId=anonymous.71319fe6-9081-4354-a696-fc4667b331dc] Cluster ID: 5L6g3nShT-eMCtK--X86sw
2026-08-28T22:36:50.429+05:30  INFO 38280 --- [bmp-notification-service] [           main] o.a.k.c.c.internals.ConsumerCoordinator  : [Consumer clientId=consumer-anonymous.71319fe6-9081-4354-a696-fc4667b331dc-1, groupId=anonymous.71319fe6-9081-4354-a696-fc4667b331dc] Resetting generation and member id due to: consumer pro-actively leaving the group
2026-08-28T22:36:50.429+05:30  INFO 38280 --- [bmp-notification-service] [           main] o.a.k.c.c.internals.ConsumerCoordinator  : [Consumer clientId=consumer-anonymous.71319fe6-9081-4354-a696-fc4667b331dc-1, groupId=anonymous.71319fe6-9081-4354-a696-fc4667b331dc] Request joining group due to: consumer pro-actively leaving the group
2026-08-28T22:36:50.437+05:30  INFO 38280 --- [bmp-notification-service] [           main] o.apache.kafka.common.metrics.Metrics    : Metrics scheduler closed
2026-08-28T22:36:50.437+05:30  INFO 38280 --- [bmp-notification-service] [           main] o.apache.kafka.common.metrics.Metrics    : Closing reporter org.apache.kafka.common.metrics.JmxReporter
2026-08-28T22:36:50.437+05:30  INFO 38280 --- [bmp-notification-service] [           main] o.apache.kafka.common.metrics.Metrics    : Closing reporter org.apache.kafka.common.telemetry.internals.ClientTelemetryReporter
2026-08-28T22:36:50.437+05:30  INFO 38280 --- [bmp-notification-service] [           main] o.apache.kafka.common.metrics.Metrics    : Metrics reporters closed
2026-08-28T22:36:50.444+05:30  INFO 38280 --- [bmp-notification-service] [           main] o.a.kafka.common.utils.AppInfoParser     : App info kafka.consumer for consumer-anonymous.71319fe6-9081-4354-a696-fc4667b331dc-1 unregistered
2026-08-28T22:36:50.495+05:30  INFO 38280 --- [bmp-notification-service] [           main] o.s.c.stream.binder.BinderErrorChannel   : Channel 'kafka-731955100.springCloudBusInput.errors' has 1 subscriber(s).
2026-08-28T22:36:50.496+05:30  INFO 38280 --- [bmp-notification-service] [           main] o.s.c.stream.binder.BinderErrorChannel   : Channel 'kafka-731955100.springCloudBusInput.errors' has 0 subscriber(s).
2026-08-28T22:36:50.496+05:30  INFO 38280 --- [bmp-notification-service] [           main] o.s.c.stream.binder.BinderErrorChannel   : Channel 'kafka-731955100.springCloudBusInput.errors' has 1 subscriber(s).
2026-08-28T22:36:50.497+05:30  INFO 38280 --- [bmp-notification-service] [           main] o.s.c.stream.binder.BinderErrorChannel   : Channel 'kafka-731955100.springCloudBusInput.errors' has 2 subscriber(s).
2026-08-28T22:36:50.529+05:30  INFO 38280 --- [bmp-notification-service] [           main] o.a.k.clients.consumer.ConsumerConfig    : ConsumerConfig values: 
	allow.auto.create.topics = true
	auto.commit.interval.ms = 100
	auto.include.jmx.reporter = true
	auto.offset.reset = earliest
	bootstrap.servers = [localhost:9092]
	check.crcs = true
	client.dns.lookup = use_all_dns_ips
	client.id = consumer-anonymous.71319fe6-9081-4354-a696-fc4667b331dc-2
	client.rack = 
	connections.max.idle.ms = 540000
	default.api.timeout.ms = 60000
	enable.auto.commit = false
	enable.metrics.push = true
	exclude.internal.topics = true
	fetch.max.bytes = 52428800
	fetch.max.wait.ms = 500
	fetch.min.bytes = 1
	group.id = anonymous.71319fe6-9081-4354-a696-fc4667b331dc
	group.instance.id = null
	group.protocol = classic
	group.remote.assignor = null
	heartbeat.interval.ms = 3000
	interceptor.classes = []
	internal.leave.group.on.close = true
	internal.throw.on.fetch.stable.offset.unsupported = false
	isolation.level = read_uncommitted
	key.deserializer = class org.apache.kafka.common.serialization.StringDeserializer
	max.partition.fetch.bytes = 1048576
	max.poll.interval.ms = 300000
	max.poll.records = 500
	metadata.max.age.ms = 300000
	metadata.recovery.strategy = none
	metric.reporters = []
	metrics.num.samples = 2
	metrics.recording.level = INFO
	metrics.sample.window.ms = 30000
	partition.assignment.strategy = [class org.apache.kafka.clients.consumer.RangeAssignor, class org.apache.kafka.clients.consumer.CooperativeStickyAssignor]
	receive.buffer.bytes = 65536
	reconnect.backoff.max.ms = 1000
	reconnect.backoff.ms = 50
	request.timeout.ms = 30000
	retry.backoff.max.ms = 1000
	retry.backoff.ms = 100
	sasl.client.callback.handler.class = null
	sasl.jaas.config = null
	sasl.kerberos.kinit.cmd = /usr/bin/kinit
	sasl.kerberos.min.time.before.relogin = 60000
	sasl.kerberos.service.name = null
	sasl.kerberos.ticket.renew.jitter = 0.05
	sasl.kerberos.ticket.renew.window.factor = 0.8
	sasl.login.callback.handler.class = null
	sasl.login.class = null
	sasl.login.connect.timeout.ms = null
	sasl.login.read.timeout.ms = null
	sasl.login.refresh.buffer.seconds = 300
	sasl.login.refresh.min.period.seconds = 60
	sasl.login.refresh.window.factor = 0.8
	sasl.login.refresh.window.jitter = 0.05
	sasl.login.retry.backoff.max.ms = 10000
	sasl.login.retry.backoff.ms = 100
	sasl.mechanism = GSSAPI
	sasl.oauthbearer.clock.skew.seconds = 30
	sasl.oauthbearer.expected.audience = null
	sasl.oauthbearer.expected.issuer = null
	sasl.oauthbearer.jwks.endpoint.refresh.ms = 3600000
	sasl.oauthbearer.jwks.endpoint.retry.backoff.max.ms = 10000
	sasl.oauthbearer.jwks.endpoint.retry.backoff.ms = 100
	sasl.oauthbearer.jwks.endpoint.url = null
	sasl.oauthbearer.scope.claim.name = scope
	sasl.oauthbearer.sub.claim.name = sub
	sasl.oauthbearer.token.endpoint.url = null
	security.protocol = PLAINTEXT
	security.providers = null
	send.buffer.bytes = 131072
	session.timeout.ms = 45000
	socket.connection.setup.timeout.max.ms = 30000
	socket.connection.setup.timeout.ms = 10000
	ssl.cipher.suites = null
	ssl.enabled.protocols = [TLSv1.2, TLSv1.3]
	ssl.endpoint.identification.algorithm = https
	ssl.engine.factory.class = null
	ssl.key.password = null
	ssl.keymanager.algorithm = SunX509
	ssl.keystore.certificate.chain = null
	ssl.keystore.key = null
	ssl.keystore.location = null
	ssl.keystore.password = null
	ssl.keystore.type = JKS
	ssl.protocol = TLSv1.3
	ssl.provider = null
	ssl.secure.random.implementation = null
	ssl.trustmanager.algorithm = PKIX
	ssl.truststore.certificates = null
	ssl.truststore.location = null
	ssl.truststore.password = null
	ssl.truststore.type = JKS
	value.deserializer = class org.apache.kafka.common.serialization.StringDeserializer

2026-08-28T22:36:50.529+05:30  INFO 38280 --- [bmp-notification-service] [           main] o.a.k.c.t.i.KafkaMetricsCollector        : initializing Kafka metrics collector
2026-08-28T22:36:50.539+05:30  INFO 38280 --- [bmp-notification-service] [           main] o.a.kafka.common.utils.AppInfoParser     : Kafka version: 3.8.1
2026-08-28T22:36:50.539+05:30  INFO 38280 --- [bmp-notification-service] [           main] o.a.kafka.common.utils.AppInfoParser     : Kafka commitId: 70d6ff42debf7e17
2026-08-28T22:36:50.539+05:30  INFO 38280 --- [bmp-notification-service] [           main] o.a.kafka.common.utils.AppInfoParser     : Kafka startTimeMs: 1787936810539
2026-08-28T22:36:50.545+05:30  INFO 38280 --- [bmp-notification-service] [           main] o.a.k.c.c.internals.LegacyKafkaConsumer  : [Consumer clientId=consumer-anonymous.71319fe6-9081-4354-a696-fc4667b331dc-2, groupId=anonymous.71319fe6-9081-4354-a696-fc4667b331dc] Subscribed to topic(s): springCloudBus
2026-08-28T22:36:50.558+05:30  INFO 38280 --- [bmp-notification-service] [           main] s.i.k.i.KafkaMessageDrivenChannelAdapter : started org.springframework.integration.kafka.inbound.KafkaMessageDrivenChannelAdapter@6a3630d2
2026-08-28T22:36:50.565+05:30  INFO 38280 --- [bmp-notification-service] [           main] o.a.k.clients.consumer.ConsumerConfig    : ConsumerConfig values: 
	allow.auto.create.topics = true
	auto.commit.interval.ms = 5000
	auto.include.jmx.reporter = true
	auto.offset.reset = earliest
	bootstrap.servers = [localhost:9092]
	check.crcs = true
	client.dns.lookup = use_all_dns_ips
	client.id = consumer-bmp-notification-service-3
	client.rack = 
	connections.max.idle.ms = 540000
	default.api.timeout.ms = 60000
	enable.auto.commit = false
	enable.metrics.push = true
	exclude.internal.topics = true
	fetch.max.bytes = 52428800
	fetch.max.wait.ms = 500
	fetch.min.bytes = 1
	group.id = bmp-notification-service
	group.instance.id = null
	group.protocol = classic
	group.remote.assignor = null
	heartbeat.interval.ms = 3000
	interceptor.classes = []
	internal.leave.group.on.close = true
	internal.throw.on.fetch.stable.offset.unsupported = false
	isolation.level = read_uncommitted
	key.deserializer = class org.apache.kafka.common.serialization.StringDeserializer
	max.partition.fetch.bytes = 1048576
	max.poll.interval.ms = 300000
	max.poll.records = 500
	metadata.max.age.ms = 300000
	metadata.recovery.strategy = none
	metric.reporters = []
	metrics.num.samples = 2
	metrics.recording.level = INFO
	metrics.sample.window.ms = 30000
	partition.assignment.strategy = [class org.apache.kafka.clients.consumer.RangeAssignor, class org.apache.kafka.clients.consumer.CooperativeStickyAssignor]
	receive.buffer.bytes = 65536
	reconnect.backoff.max.ms = 1000
	reconnect.backoff.ms = 50
	request.timeout.ms = 30000
	retry.backoff.max.ms = 1000
	retry.backoff.ms = 100
	sasl.client.callback.handler.class = null
	sasl.jaas.config = null
	sasl.kerberos.kinit.cmd = /usr/bin/kinit
	sasl.kerberos.min.time.before.relogin = 60000
	sasl.kerberos.service.name = null
	sasl.kerberos.ticket.renew.jitter = 0.05
	sasl.kerberos.ticket.renew.window.factor = 0.8
	sasl.login.callback.handler.class = null
	sasl.login.class = null
	sasl.login.connect.timeout.ms = null
	sasl.login.read.timeout.ms = null
	sasl.login.refresh.buffer.seconds = 300
	sasl.login.refresh.min.period.seconds = 60
	sasl.login.refresh.window.factor = 0.8
	sasl.login.refresh.window.jitter = 0.05
	sasl.login.retry.backoff.max.ms = 10000
	sasl.login.retry.backoff.ms = 100
	sasl.mechanism = GSSAPI
	sasl.oauthbearer.clock.skew.seconds = 30
	sasl.oauthbearer.expected.audience = null
	sasl.oauthbearer.expected.issuer = null
	sasl.oauthbearer.jwks.endpoint.refresh.ms = 3600000
	sasl.oauthbearer.jwks.endpoint.retry.backoff.max.ms = 10000
	sasl.oauthbearer.jwks.endpoint.retry.backoff.ms = 100
	sasl.oauthbearer.jwks.endpoint.url = null
	sasl.oauthbearer.scope.claim.name = scope
	sasl.oauthbearer.sub.claim.name = sub
	sasl.oauthbearer.token.endpoint.url = null
	security.protocol = PLAINTEXT
	security.providers = null
	send.buffer.bytes = 131072
	session.timeout.ms = 45000
	socket.connection.setup.timeout.max.ms = 30000
	socket.connection.setup.timeout.ms = 10000
	ssl.cipher.suites = null
	ssl.enabled.protocols = [TLSv1.2, TLSv1.3]
	ssl.endpoint.identification.algorithm = https
	ssl.engine.factory.class = null
	ssl.key.password = null
	ssl.keymanager.algorithm = SunX509
	ssl.keystore.certificate.chain = null
	ssl.keystore.key = null
	ssl.keystore.location = null
	ssl.keystore.password = null
	ssl.keystore.type = JKS
	ssl.protocol = TLSv1.3
	ssl.provider = null
	ssl.secure.random.implementation = null
	ssl.trustmanager.algorithm = PKIX
	ssl.truststore.certificates = null
	ssl.truststore.location = null
	ssl.truststore.password = null
	ssl.truststore.type = JKS
	value.deserializer = class org.apache.kafka.common.serialization.StringDeserializer

2026-08-28T22:36:50.565+05:30  INFO 38280 --- [bmp-notification-service] [           main] o.a.k.c.t.i.KafkaMetricsCollector        : initializing Kafka metrics collector
2026-08-28T22:36:50.575+05:30  INFO 38280 --- [bmp-notification-service] [container-0-C-1] org.apache.kafka.clients.Metadata        : [Consumer clientId=consumer-anonymous.71319fe6-9081-4354-a696-fc4667b331dc-2, groupId=anonymous.71319fe6-9081-4354-a696-fc4667b331dc] Cluster ID: 5L6g3nShT-eMCtK--X86sw
2026-08-28T22:36:50.577+05:30  INFO 38280 --- [bmp-notification-service] [           main] o.a.kafka.common.utils.AppInfoParser     : Kafka version: 3.8.1
2026-08-28T22:36:50.577+05:30  INFO 38280 --- [bmp-notification-service] [container-0-C-1] o.a.k.c.c.internals.ConsumerCoordinator  : [Consumer clientId=consumer-anonymous.71319fe6-9081-4354-a696-fc4667b331dc-2, groupId=anonymous.71319fe6-9081-4354-a696-fc4667b331dc] Discovered group coordinator localhost:9092 (id: 2147483646 rack: null)
2026-08-28T22:36:50.577+05:30  INFO 38280 --- [bmp-notification-service] [           main] o.a.kafka.common.utils.AppInfoParser     : Kafka commitId: 70d6ff42debf7e17
2026-08-28T22:36:50.577+05:30  INFO 38280 --- [bmp-notification-service] [           main] o.a.kafka.common.utils.AppInfoParser     : Kafka startTimeMs: 1787936810576
2026-08-28T22:36:50.580+05:30  INFO 38280 --- [bmp-notification-service] [container-0-C-1] o.a.k.c.c.internals.ConsumerCoordinator  : [Consumer clientId=consumer-anonymous.71319fe6-9081-4354-a696-fc4667b331dc-2, groupId=anonymous.71319fe6-9081-4354-a696-fc4667b331dc] (Re-)joining group
2026-08-28T22:36:50.584+05:30  INFO 38280 --- [bmp-notification-service] [           main] o.a.k.c.c.internals.LegacyKafkaConsumer  : [Consumer clientId=consumer-bmp-notification-service-3, groupId=bmp-notification-service] Subscribed to topic(s): bmp.events
2026-08-28T22:36:50.594+05:30  INFO 38280 --- [bmp-notification-service] [ntainer#0-0-C-1] org.apache.kafka.clients.Metadata        : [Consumer clientId=consumer-bmp-notification-service-3, groupId=bmp-notification-service] Cluster ID: 5L6g3nShT-eMCtK--X86sw
2026-08-28T22:36:50.594+05:30  INFO 38280 --- [bmp-notification-service] [ntainer#0-0-C-1] o.a.k.c.c.internals.ConsumerCoordinator  : [Consumer clientId=consumer-bmp-notification-service-3, groupId=bmp-notification-service] Discovered group coordinator localhost:9092 (id: 2147483646 rack: null)
2026-08-28T22:36:50.596+05:30  INFO 38280 --- [bmp-notification-service] [ntainer#0-0-C-1] o.a.k.c.c.internals.ConsumerCoordinator  : [Consumer clientId=consumer-bmp-notification-service-3, groupId=bmp-notification-service] (Re-)joining group
2026-08-28T22:36:50.604+05:30  INFO 38280 --- [bmp-notification-service] [ntainer#0-0-C-1] o.a.k.c.c.internals.ConsumerCoordinator  : [Consumer clientId=consumer-bmp-notification-service-3, groupId=bmp-notification-service] Request joining group due to: need to re-join with the given member-id: consumer-bmp-notification-service-3-e2e905be-a786-409b-ab23-cc912cf64078
2026-08-28T22:36:50.605+05:30  INFO 38280 --- [bmp-notification-service] [container-0-C-1] o.a.k.c.c.internals.ConsumerCoordinator  : [Consumer clientId=consumer-anonymous.71319fe6-9081-4354-a696-fc4667b331dc-2, groupId=anonymous.71319fe6-9081-4354-a696-fc4667b331dc] Request joining group due to: need to re-join with the given member-id: consumer-anonymous.71319fe6-9081-4354-a696-fc4667b331dc-2-c09d0fb4-ea4e-4e4e-9f38-c27d68adff69
2026-08-28T22:36:50.605+05:30  INFO 38280 --- [bmp-notification-service] [ntainer#0-0-C-1] o.a.k.c.c.internals.ConsumerCoordinator  : [Consumer clientId=consumer-bmp-notification-service-3, groupId=bmp-notification-service] (Re-)joining group
2026-08-28T22:36:50.605+05:30  INFO 38280 --- [bmp-notification-service] [container-0-C-1] o.a.k.c.c.internals.ConsumerCoordinator  : [Consumer clientId=consumer-anonymous.71319fe6-9081-4354-a696-fc4667b331dc-2, groupId=anonymous.71319fe6-9081-4354-a696-fc4667b331dc] (Re-)joining group
2026-08-28T22:36:50.678+05:30  INFO 38280 --- [bmp-notification-service] [           main] c.b.n.BmpNotificationApplication         : Started BmpNotificationApplication in 33.719 seconds (process running for 34.472)
2026-08-28T22:36:51.576+05:30  INFO 38280 --- [bmp-notification-service] [pool-3-thread-1] o.a.k.clients.consumer.ConsumerConfig    : ConsumerConfig values: 
	allow.auto.create.topics = true
	auto.commit.interval.ms = 5000
	auto.include.jmx.reporter = true
	auto.offset.reset = earliest
	bootstrap.servers = [localhost:9092]
	check.crcs = true
	client.dns.lookup = use_all_dns_ips
	client.id = consumer-anonymous.71319fe6-9081-4354-a696-fc4667b331dc-4
	client.rack = 
	connections.max.idle.ms = 540000
	default.api.timeout.ms = 60000
	enable.auto.commit = true
	enable.metrics.push = true
	exclude.internal.topics = true
	fetch.max.bytes = 52428800
	fetch.max.wait.ms = 500
	fetch.min.bytes = 1
	group.id = anonymous.71319fe6-9081-4354-a696-fc4667b331dc
	group.instance.id = null
	group.protocol = classic
	group.remote.assignor = null
	heartbeat.interval.ms = 3000
	interceptor.classes = []
	internal.leave.group.on.close = true
	internal.throw.on.fetch.stable.offset.unsupported = false
	isolation.level = read_uncommitted
	key.deserializer = class org.apache.kafka.common.serialization.StringDeserializer
	max.partition.fetch.bytes = 1048576
	max.poll.interval.ms = 300000
	max.poll.records = 500
	metadata.max.age.ms = 300000
	metadata.recovery.strategy = none
	metric.reporters = []
	metrics.num.samples = 2
	metrics.recording.level = INFO
	metrics.sample.window.ms = 30000
	partition.assignment.strategy = [class org.apache.kafka.clients.consumer.RangeAssignor, class org.apache.kafka.clients.consumer.CooperativeStickyAssignor]
	receive.buffer.bytes = 65536
	reconnect.backoff.max.ms = 1000
	reconnect.backoff.ms = 50
	request.timeout.ms = 30000
	retry.backoff.max.ms = 1000
	retry.backoff.ms = 100
	sasl.client.callback.handler.class = null
	sasl.jaas.config = null
	sasl.kerberos.kinit.cmd = /usr/bin/kinit
	sasl.kerberos.min.time.before.relogin = 60000
	sasl.kerberos.service.name = null
	sasl.kerberos.ticket.renew.jitter = 0.05
	sasl.kerberos.ticket.renew.window.factor = 0.8
	sasl.login.callback.handler.class = null
	sasl.login.class = null
	sasl.login.connect.timeout.ms = null
	sasl.login.read.timeout.ms = null
	sasl.login.refresh.buffer.seconds = 300
	sasl.login.refresh.min.period.seconds = 60
	sasl.login.refresh.window.factor = 0.8
	sasl.login.refresh.window.jitter = 0.05
	sasl.login.retry.backoff.max.ms = 10000
	sasl.login.retry.backoff.ms = 100
	sasl.mechanism = GSSAPI
	sasl.oauthbearer.clock.skew.seconds = 30
	sasl.oauthbearer.expected.audience = null
	sasl.oauthbearer.expected.issuer = null
	sasl.oauthbearer.jwks.endpoint.refresh.ms = 3600000
	sasl.oauthbearer.jwks.endpoint.retry.backoff.max.ms = 10000
	sasl.oauthbearer.jwks.endpoint.retry.backoff.ms = 100
	sasl.oauthbearer.jwks.endpoint.url = null
	sasl.oauthbearer.scope.claim.name = scope
	sasl.oauthbearer.sub.claim.name = sub
	sasl.oauthbearer.token.endpoint.url = null
	security.protocol = PLAINTEXT
	security.providers = null
	send.buffer.bytes = 131072
	session.timeout.ms = 45000
	socket.connection.setup.timeout.max.ms = 30000
	socket.connection.setup.timeout.ms = 10000
	ssl.cipher.suites = null
	ssl.enabled.protocols = [TLSv1.2, TLSv1.3]
	ssl.endpoint.identification.algorithm = https
	ssl.engine.factory.class = null
	ssl.key.password = null
	ssl.keymanager.algorithm = SunX509
	ssl.keystore.certificate.chain = null
	ssl.keystore.key = null
	ssl.keystore.location = null
	ssl.keystore.password = null
	ssl.keystore.type = JKS
	ssl.protocol = TLSv1.3
	ssl.provider = null
	ssl.secure.random.implementation = null
	ssl.trustmanager.algorithm = PKIX
	ssl.truststore.certificates = null
	ssl.truststore.location = null
	ssl.truststore.password = null
	ssl.truststore.type = JKS
	value.deserializer = class org.apache.kafka.common.serialization.StringDeserializer

2026-08-28T22:36:51.578+05:30  INFO 38280 --- [bmp-notification-service] [pool-3-thread-1] o.a.k.c.t.i.KafkaMetricsCollector        : initializing Kafka metrics collector
2026-08-28T22:36:51.698+05:30  INFO 38280 --- [bmp-notification-service] [pool-3-thread-1] o.a.kafka.common.utils.AppInfoParser     : Kafka version: 3.8.1
2026-08-28T22:36:51.699+05:30  INFO 38280 --- [bmp-notification-service] [pool-3-thread-1] o.a.kafka.common.utils.AppInfoParser     : Kafka commitId: 70d6ff42debf7e17
2026-08-28T22:36:51.699+05:30  INFO 38280 --- [bmp-notification-service] [pool-3-thread-1] o.a.kafka.common.utils.AppInfoParser     : Kafka startTimeMs: 1787936811698
2026-08-28T22:36:51.719+05:30  INFO 38280 --- [bmp-notification-service] [pool-3-thread-1] org.apache.kafka.clients.Metadata        : [Consumer clientId=consumer-anonymous.71319fe6-9081-4354-a696-fc4667b331dc-4, groupId=anonymous.71319fe6-9081-4354-a696-fc4667b331dc] Cluster ID: 5L6g3nShT-eMCtK--X86sw
2026-08-28T22:36:51.748+05:30  INFO 38280 --- [bmp-notification-service] [pool-3-thread-1] o.a.k.c.c.internals.ConsumerCoordinator  : [Consumer clientId=consumer-anonymous.71319fe6-9081-4354-a696-fc4667b331dc-4, groupId=anonymous.71319fe6-9081-4354-a696-fc4667b331dc] Discovered group coordinator localhost:9092 (id: 2147483646 rack: null)
2026-08-28T22:36:51.762+05:30  INFO 38280 --- [bmp-notification-service] [pool-3-thread-1] o.a.k.c.c.internals.ConsumerCoordinator  : [Consumer clientId=consumer-anonymous.71319fe6-9081-4354-a696-fc4667b331dc-4, groupId=anonymous.71319fe6-9081-4354-a696-fc4667b331dc] Found no committed offset for partition springCloudBus-0
2026-08-28T22:36:53.612+05:30  INFO 38280 --- [bmp-notification-service] [container-0-C-1] o.a.k.c.c.internals.ConsumerCoordinator  : [Consumer clientId=consumer-anonymous.71319fe6-9081-4354-a696-fc4667b331dc-2, groupId=anonymous.71319fe6-9081-4354-a696-fc4667b331dc] Successfully joined group with generation Generation{generationId=1, memberId='consumer-anonymous.71319fe6-9081-4354-a696-fc4667b331dc-2-c09d0fb4-ea4e-4e4e-9f38-c27d68adff69', protocol='range'}
2026-08-28T22:36:53.613+05:30  INFO 38280 --- [bmp-notification-service] [ntainer#0-0-C-1] o.a.k.c.c.internals.ConsumerCoordinator  : [Consumer clientId=consumer-bmp-notification-service-3, groupId=bmp-notification-service] Successfully joined group with generation Generation{generationId=42, memberId='consumer-bmp-notification-service-3-e2e905be-a786-409b-ab23-cc912cf64078', protocol='range'}
2026-08-28T22:36:53.637+05:30  INFO 38280 --- [bmp-notification-service] [container-0-C-1] o.a.k.c.c.internals.ConsumerCoordinator  : [Consumer clientId=consumer-anonymous.71319fe6-9081-4354-a696-fc4667b331dc-2, groupId=anonymous.71319fe6-9081-4354-a696-fc4667b331dc] Finished assignment for group at generation 1: {consumer-anonymous.71319fe6-9081-4354-a696-fc4667b331dc-2-c09d0fb4-ea4e-4e4e-9f38-c27d68adff69=Assignment(partitions=[springCloudBus-0])}
2026-08-28T22:36:53.637+05:30  INFO 38280 --- [bmp-notification-service] [ntainer#0-0-C-1] o.a.k.c.c.internals.ConsumerCoordinator  : [Consumer clientId=consumer-bmp-notification-service-3, groupId=bmp-notification-service] Finished assignment for group at generation 42: {consumer-bmp-notification-service-3-e2e905be-a786-409b-ab23-cc912cf64078=Assignment(partitions=[bmp.events-0])}
2026-08-28T22:36:53.652+05:30  INFO 38280 --- [bmp-notification-service] [ntainer#0-0-C-1] o.a.k.c.c.internals.ConsumerCoordinator  : [Consumer clientId=consumer-bmp-notification-service-3, groupId=bmp-notification-service] Successfully synced group in generation Generation{generationId=42, memberId='consumer-bmp-notification-service-3-e2e905be-a786-409b-ab23-cc912cf64078', protocol='range'}
2026-08-28T22:36:53.652+05:30  INFO 38280 --- [bmp-notification-service] [container-0-C-1] o.a.k.c.c.internals.ConsumerCoordinator  : [Consumer clientId=consumer-anonymous.71319fe6-9081-4354-a696-fc4667b331dc-2, groupId=anonymous.71319fe6-9081-4354-a696-fc4667b331dc] Successfully synced group in generation Generation{generationId=1, memberId='consumer-anonymous.71319fe6-9081-4354-a696-fc4667b331dc-2-c09d0fb4-ea4e-4e4e-9f38-c27d68adff69', protocol='range'}
2026-08-28T22:36:53.653+05:30  INFO 38280 --- [bmp-notification-service] [container-0-C-1] o.a.k.c.c.internals.ConsumerCoordinator  : [Consumer clientId=consumer-anonymous.71319fe6-9081-4354-a696-fc4667b331dc-2, groupId=anonymous.71319fe6-9081-4354-a696-fc4667b331dc] Notifying assignor about the new Assignment(partitions=[springCloudBus-0])
2026-08-28T22:36:53.653+05:30  INFO 38280 --- [bmp-notification-service] [ntainer#0-0-C-1] o.a.k.c.c.internals.ConsumerCoordinator  : [Consumer clientId=consumer-bmp-notification-service-3, groupId=bmp-notification-service] Notifying assignor about the new Assignment(partitions=[bmp.events-0])
2026-08-28T22:36:53.665+05:30  INFO 38280 --- [bmp-notification-service] [container-0-C-1] k.c.c.i.ConsumerRebalanceListenerInvoker : [Consumer clientId=consumer-anonymous.71319fe6-9081-4354-a696-fc4667b331dc-2, groupId=anonymous.71319fe6-9081-4354-a696-fc4667b331dc] Adding newly assigned partitions: springCloudBus-0
2026-08-28T22:36:53.665+05:30  INFO 38280 --- [bmp-notification-service] [ntainer#0-0-C-1] k.c.c.i.ConsumerRebalanceListenerInvoker : [Consumer clientId=consumer-bmp-notification-service-3, groupId=bmp-notification-service] Adding newly assigned partitions: bmp.events-0
2026-08-28T22:36:53.680+05:30  INFO 38280 --- [bmp-notification-service] [container-0-C-1] o.a.k.c.c.internals.ConsumerCoordinator  : [Consumer clientId=consumer-anonymous.71319fe6-9081-4354-a696-fc4667b331dc-2, groupId=anonymous.71319fe6-9081-4354-a696-fc4667b331dc] Found no committed offset for partition springCloudBus-0
2026-08-28T22:36:53.681+05:30  INFO 38280 --- [bmp-notification-service] [ntainer#0-0-C-1] o.a.k.c.c.internals.ConsumerUtils        : Setting offset for partition bmp.events-0 to the committed offset FetchPosition{offset=29, offsetEpoch=Optional.empty, currentLeader=LeaderAndEpoch{leader=Optional[localhost:9092 (id: 1 rack: null)], epoch=0}}
2026-08-28T22:36:53.683+05:30  INFO 38280 --- [bmp-notification-service] [ntainer#0-0-C-1] o.s.k.l.KafkaMessageListenerContainer    : bmp-notification-service: partitions assigned: [bmp.events-0]
2026-08-28T22:36:53.691+05:30  INFO 38280 --- [bmp-notification-service] [container-0-C-1] o.a.k.c.c.internals.SubscriptionState    : [Consumer clientId=consumer-anonymous.71319fe6-9081-4354-a696-fc4667b331dc-2, groupId=anonymous.71319fe6-9081-4354-a696-fc4667b331dc] Resetting offset for partition springCloudBus-0 to position FetchPosition{offset=0, offsetEpoch=Optional.empty, currentLeader=LeaderAndEpoch{leader=Optional[localhost:9092 (id: 1 rack: null)], epoch=0}}.
2026-08-28T22:36:53.692+05:30  INFO 38280 --- [bmp-notification-service] [container-0-C-1] o.s.c.s.b.k.KafkaMessageChannelBinder$2  : anonymous.71319fe6-9081-4354-a696-fc4667b331dc: partitions assigned: [springCloudBus-0]
2026-08-28T22:37:03.102+05:30  INFO 38280 --- [bmp-notification-service] [nio-8089-exec-1] o.a.c.c.C.[Tomcat].[localhost].[/]       : Initializing Spring DispatcherServlet 'dispatcherServlet'
2026-08-28T22:37:03.103+05:30  INFO 38280 --- [bmp-notification-service] [nio-8089-exec-1] o.s.web.servlet.DispatcherServlet        : Initializing Servlet 'dispatcherServlet'
2026-08-28T22:37:03.106+05:30  INFO 38280 --- [bmp-notification-service] [nio-8089-exec-1] o.s.web.servlet.DispatcherServlet        : Completed initialization in 2 ms
2026-08-28T22:37:03.311+05:30  INFO 38280 --- [bmp-notification-service] [binder-health-1] o.a.k.clients.consumer.ConsumerConfig    : ConsumerConfig values: 
	allow.auto.create.topics = true
	auto.commit.interval.ms = 5000
	auto.include.jmx.reporter = true
	auto.offset.reset = earliest
	bootstrap.servers = [localhost:9092]
	check.crcs = true
	client.dns.lookup = use_all_dns_ips
	client.id = consumer-null-5
	client.rack = 
	connections.max.idle.ms = 540000
	default.api.timeout.ms = 60000
	enable.auto.commit = false
	enable.metrics.push = true
	exclude.internal.topics = true
	fetch.max.bytes = 52428800
	fetch.max.wait.ms = 500
	fetch.min.bytes = 1
	group.id = null
	group.instance.id = null
	group.protocol = classic
	group.remote.assignor = null
	heartbeat.interval.ms = 3000
	interceptor.classes = []
	internal.leave.group.on.close = true
	internal.throw.on.fetch.stable.offset.unsupported = false
	isolation.level = read_uncommitted
	key.deserializer = class org.apache.kafka.common.serialization.StringDeserializer
	max.partition.fetch.bytes = 1048576
	max.poll.interval.ms = 300000
	max.poll.records = 500
	metadata.max.age.ms = 300000
	metadata.recovery.strategy = none
	metric.reporters = []
	metrics.num.samples = 2
	metrics.recording.level = INFO
	metrics.sample.window.ms = 30000
	partition.assignment.strategy = [class org.apache.kafka.clients.consumer.RangeAssignor, class org.apache.kafka.clients.consumer.CooperativeStickyAssignor]
	receive.buffer.bytes = 65536
	reconnect.backoff.max.ms = 1000
	reconnect.backoff.ms = 50
	request.timeout.ms = 30000
	retry.backoff.max.ms = 1000
	retry.backoff.ms = 100
	sasl.client.callback.handler.class = null
	sasl.jaas.config = null
	sasl.kerberos.kinit.cmd = /usr/bin/kinit
	sasl.kerberos.min.time.before.relogin = 60000
	sasl.kerberos.service.name = null
	sasl.kerberos.ticket.renew.jitter = 0.05
	sasl.kerberos.ticket.renew.window.factor = 0.8
	sasl.login.callback.handler.class = null
	sasl.login.class = null
	sasl.login.connect.timeout.ms = null
	sasl.login.read.timeout.ms = null
	sasl.login.refresh.buffer.seconds = 300
	sasl.login.refresh.min.period.seconds = 60
	sasl.login.refresh.window.factor = 0.8
	sasl.login.refresh.window.jitter = 0.05
	sasl.login.retry.backoff.max.ms = 10000
	sasl.login.retry.backoff.ms = 100
	sasl.mechanism = GSSAPI
	sasl.oauthbearer.clock.skew.seconds = 30
	sasl.oauthbearer.expected.audience = null
	sasl.oauthbearer.expected.issuer = null
	sasl.oauthbearer.jwks.endpoint.refresh.ms = 3600000
	sasl.oauthbearer.jwks.endpoint.retry.backoff.max.ms = 10000
	sasl.oauthbearer.jwks.endpoint.retry.backoff.ms = 100
	sasl.oauthbearer.jwks.endpoint.url = null
	sasl.oauthbearer.scope.claim.name = scope
	sasl.oauthbearer.sub.claim.name = sub
	sasl.oauthbearer.token.endpoint.url = null
	security.protocol = PLAINTEXT
	security.providers = null
	send.buffer.bytes = 131072
	session.timeout.ms = 45000
	socket.connection.setup.timeout.max.ms = 30000
	socket.connection.setup.timeout.ms = 10000
	ssl.cipher.suites = null
	ssl.enabled.protocols = [TLSv1.2, TLSv1.3]
	ssl.endpoint.identification.algorithm = https
	ssl.engine.factory.class = null
	ssl.key.password = null
	ssl.keymanager.algorithm = SunX509
	ssl.keystore.certificate.chain = null
	ssl.keystore.key = null
	ssl.keystore.location = null
	ssl.keystore.password = null
	ssl.keystore.type = JKS
	ssl.protocol = TLSv1.3
	ssl.provider = null
	ssl.secure.random.implementation = null
	ssl.trustmanager.algorithm = PKIX
	ssl.truststore.certificates = null
	ssl.truststore.location = null
	ssl.truststore.password = null
	ssl.truststore.type = JKS
	value.deserializer = class org.apache.kafka.common.serialization.StringDeserializer

2026-08-28T22:37:03.312+05:30  INFO 38280 --- [bmp-notification-service] [binder-health-1] o.a.k.c.t.i.KafkaMetricsCollector        : initializing Kafka metrics collector
2026-08-28T22:37:03.327+05:30  INFO 38280 --- [bmp-notification-service] [binder-health-1] o.a.kafka.common.utils.AppInfoParser     : Kafka version: 3.8.1
2026-08-28T22:37:03.327+05:30  INFO 38280 --- [bmp-notification-service] [binder-health-1] o.a.kafka.common.utils.AppInfoParser     : Kafka commitId: 70d6ff42debf7e17
2026-08-28T22:37:03.327+05:30  INFO 38280 --- [bmp-notification-service] [binder-health-1] o.a.kafka.common.utils.AppInfoParser     : Kafka startTimeMs: 1787936823327
2026-08-28T22:37:03.340+05:30  INFO 38280 --- [bmp-notification-service] [binder-health-1] org.apache.kafka.clients.Metadata        : [Consumer clientId=consumer-null-5, groupId=null] Cluster ID: 5L6g3nShT-eMCtK--X86sw
2026-08-28T22:37:50.561+05:30  WARN 38280 --- [bmp-notification-service] [r-kafka-metrics] i.m.core.instrument.MeterRegistry        : This Gauge has been already registered (MeterId{name='kafka.consumer.fetch.manager.fetch.latency.max', tags=[tag(client.id=consumer-anonymous.71319fe6-9081-4354-a696-fc4667b331dc-2),tag(kafka.version=3.8.1),tag(spring.id=springCloudBus.consumer.consumer-anonymous.71319fe6-9081-4354-a696-fc4667b331dc-2)]}), the Gauge registration will be ignored. Note that subsequent logs will be logged at debug level.
2026-08-28T22:37:51.774+05:30  INFO 38280 --- [bmp-notification-service] [pool-3-thread-1] o.a.k.c.c.internals.ConsumerCoordinator  : [Consumer clientId=consumer-anonymous.71319fe6-9081-4354-a696-fc4667b331dc-4, groupId=anonymous.71319fe6-9081-4354-a696-fc4667b331dc] Found no committed offset for partition springCloudBus-0
2026-08-28T22:38:51.787+05:30  INFO 38280 --- [bmp-notification-service] [pool-3-thread-1] o.a.k.c.c.internals.ConsumerCoordinator  : [Consumer clientId=consumer-anonymous.71319fe6-9081-4354-a696-fc4667b331dc-4, groupId=anonymous.71319fe6-9081-4354-a696-fc4667b331dc] Found no committed offset for partition springCloudBus-0
2026-08-28T22:39:51.799+05:30  INFO 38280 --- [bmp-notification-service] [pool-3-thread-1] o.a.k.c.c.internals.ConsumerCoordinator  : [Consumer clientId=consumer-anonymous.71319fe6-9081-4354-a696-fc4667b331dc-4, groupId=anonymous.71319fe6-9081-4354-a696-fc4667b331dc] Found no committed offset for partition springCloudBus-0
2026-08-28T22:40:51.808+05:30  INFO 38280 --- [bmp-notification-service] [pool-3-thread-1] o.a.k.c.c.internals.ConsumerCoordinator  : [Consumer clientId=consumer-anonymous.71319fe6-9081-4354-a696-fc4667b331dc-4, groupId=anonymous.71319fe6-9081-4354-a696-fc4667b331dc] Found no committed offset for partition springCloudBus-0
2026-08-28T22:41:47.024+05:30  INFO 38280 --- [bmp-notification-service] [rap-executor-%d] c.n.d.s.r.aws.ConfigClusterResolver      : Resolving eureka endpoints via configuration
2026-08-28T22:41:51.829+05:30  INFO 38280 --- [bmp-notification-service] [pool-3-thread-1] o.a.k.c.c.internals.ConsumerCoordinator  : [Consumer clientId=consumer-anonymous.71319fe6-9081-4354-a696-fc4667b331dc-4, groupId=anonymous.71319fe6-9081-4354-a696-fc4667b331dc] Found no committed offset for partition springCloudBus-0
2026-08-28T22:42:51.840+05:30  INFO 38280 --- [bmp-notification-service] [pool-3-thread-1] o.a.k.c.c.internals.ConsumerCoordinator  : [Consumer clientId=consumer-anonymous.71319fe6-9081-4354-a696-fc4667b331dc-4, groupId=anonymous.71319fe6-9081-4354-a696-fc4667b331dc] Found no committed offset for partition springCloudBus-0
2026-08-28T22:43:51.855+05:30  INFO 38280 --- [bmp-notification-service] [pool-3-thread-1] o.a.k.c.c.internals.ConsumerCoordinator  : [Consumer clientId=consumer-anonymous.71319fe6-9081-4354-a696-fc4667b331dc-4, groupId=anonymous.71319fe6-9081-4354-a696-fc4667b331dc] Found no committed offset for partition springCloudBus-0
2026-08-28T22:44:51.875+05:30  INFO 38280 --- [bmp-notification-service] [pool-3-thread-1] o.a.k.c.c.internals.ConsumerCoordinator  : [Consumer clientId=consumer-anonymous.71319fe6-9081-4354-a696-fc4667b331dc-4, groupId=anonymous.71319fe6-9081-4354-a696-fc4667b331dc] Found no committed offset for partition springCloudBus-0
2026-08-28T22:45:50.981+05:30  INFO 38280 --- [bmp-notification-service] [container-0-C-1] org.apache.kafka.clients.NetworkClient   : [Consumer clientId=consumer-anonymous.71319fe6-9081-4354-a696-fc4667b331dc-2, groupId=anonymous.71319fe6-9081-4354-a696-fc4667b331dc] Node -1 disconnected.
2026-08-28T22:45:50.997+05:30  INFO 38280 --- [bmp-notification-service] [ntainer#0-0-C-1] org.apache.kafka.clients.NetworkClient   : [Consumer clientId=consumer-bmp-notification-service-3, groupId=bmp-notification-service] Node -1 disconnected.
2026-08-28T22:45:51.892+05:30  INFO 38280 --- [bmp-notification-service] [pool-3-thread-1] org.apache.kafka.clients.NetworkClient   : [Consumer clientId=consumer-anonymous.71319fe6-9081-4354-a696-fc4667b331dc-4, groupId=anonymous.71319fe6-9081-4354-a696-fc4667b331dc] Node -1 disconnected.
2026-08-28T22:45:51.894+05:30  INFO 38280 --- [bmp-notification-service] [pool-3-thread-1] o.a.k.c.c.internals.ConsumerCoordinator  : [Consumer clientId=consumer-anonymous.71319fe6-9081-4354-a696-fc4667b331dc-4, groupId=anonymous.71319fe6-9081-4354-a696-fc4667b331dc] Found no committed offset for partition springCloudBus-0
2026-08-28T22:46:18.756+05:30  INFO 38280 --- [bmp-notification-service] [binder-health-1] org.apache.kafka.clients.NetworkClient   : [Consumer clientId=consumer-null-5, groupId=null] Node -1 disconnected.
2026-08-28T22:46:47.046+05:30  INFO 38280 --- [bmp-notification-service] [rap-executor-%d] c.n.d.s.r.aws.ConfigClusterResolver      : Resolving eureka endpoints via configuration
2026-08-28T22:46:51.912+05:30  INFO 38280 --- [bmp-notification-service] [pool-3-thread-1] o.a.k.c.c.internals.ConsumerCoordinator  : [Consumer clientId=consumer-anonymous.71319fe6-9081-4354-a696-fc4667b331dc-4, groupId=anonymous.71319fe6-9081-4354-a696-fc4667b331dc] Found no committed offset for partition springCloudBus-0
2026-08-28T22:47:51.923+05:30  INFO 38280 --- [bmp-notification-service] [pool-3-thread-1] o.a.k.c.c.internals.ConsumerCoordinator  : [Consumer clientId=consumer-anonymous.71319fe6-9081-4354-a696-fc4667b331dc-4, groupId=anonymous.71319fe6-9081-4354-a696-fc4667b331dc] Found no committed offset for partition springCloudBus-0
2026-08-28T22:48:51.936+05:30  INFO 38280 --- [bmp-notification-service] [pool-3-thread-1] o.a.k.c.c.internals.ConsumerCoordinator  : [Consumer clientId=consumer-anonymous.71319fe6-9081-4354-a696-fc4667b331dc-4, groupId=anonymous.71319fe6-9081-4354-a696-fc4667b331dc] Found no committed offset for partition springCloudBus-0
2026-08-28T22:49:51.951+05:30  INFO 38280 --- [bmp-notification-service] [pool-3-thread-1] o.a.k.c.c.internals.ConsumerCoordinator  : [Consumer clientId=consumer-anonymous.71319fe6-9081-4354-a696-fc4667b331dc-4, groupId=anonymous.71319fe6-9081-4354-a696-fc4667b331dc] Found no committed offset for partition springCloudBus-0
2026-08-28T22:50:51.970+05:30  INFO 38280 --- [bmp-notification-service] [pool-3-thread-1] o.a.k.c.c.internals.ConsumerCoordinator  : [Consumer clientId=consumer-anonymous.71319fe6-9081-4354-a696-fc4667b331dc-4, groupId=anonymous.71319fe6-9081-4354-a696-fc4667b331dc] Found no committed offset for partition springCloudBus-0
2026-08-28T22:51:40.919+05:30  INFO 38280 --- [bmp-notification-service] [ntainer#0-0-C-1] c.b.n.services.SmtpEmailSender           : HTML email sent to=darshandn0206@gmail.com subject="Your BMP verification code"
2026-08-28T22:51:47.061+05:30  INFO 38280 --- [bmp-notification-service] [rap-executor-%d] c.n.d.s.r.aws.ConfigClusterResolver      : Resolving eureka endpoints via configuration
2026-08-28T22:51:51.990+05:30  INFO 38280 --- [bmp-notification-service] [pool-3-thread-1] o.a.k.c.c.internals.ConsumerCoordinator  : [Consumer clientId=consumer-anonymous.71319fe6-9081-4354-a696-fc4667b331dc-4, groupId=anonymous.71319fe6-9081-4354-a696-fc4667b331dc] Found no committed offset for partition springCloudBus-0
2026-08-28T22:52:30.265+05:30  INFO 38280 --- [bmp-notification-service] [ntainer#0-0-C-1] c.b.n.services.SmtpEmailSender           : Email sent to=darshandn0206@gmail.com subject="Welcome to BMP"
2026-08-28T22:52:52.013+05:30  INFO 38280 --- [bmp-notification-service] [pool-3-thread-1] o.a.k.c.c.internals.ConsumerCoordinator  : [Consumer clientId=consumer-anonymous.71319fe6-9081-4354-a696-fc4667b331dc-4, groupId=anonymous.71319fe6-9081-4354-a696-fc4667b331dc] Found no committed offset for partition springCloudBus-0
2026-08-28T22:53:52.039+05:30  INFO 38280 --- [bmp-notification-service] [pool-3-thread-1] o.a.k.c.c.internals.ConsumerCoordinator  : [Consumer clientId=consumer-anonymous.71319fe6-9081-4354-a696-fc4667b331dc-4, groupId=anonymous.71319fe6-9081-4354-a696-fc4667b331dc] Found no committed offset for partition springCloudBus-0
2026-08-28T22:54:52.054+05:30  INFO 38280 --- [bmp-notification-service] [pool-3-thread-1] o.a.k.c.c.internals.ConsumerCoordinator  : [Consumer clientId=consumer-anonymous.71319fe6-9081-4354-a696-fc4667b331dc-4, groupId=anonymous.71319fe6-9081-4354-a696-fc4667b331dc] Found no committed offset for partition springCloudBus-0
2026-08-28T22:55:03.647+05:30  INFO 38280 --- [bmp-notification-service] [ntainer#0-0-C-1] c.b.n.services.SmtpEmailSender           : Email sent to=devadmin.bmp@gmail.com subject="[BMP] New salon request — XYZ"
2026-08-28T22:55:07.970+05:30  INFO 38280 --- [bmp-notification-service] [ntainer#0-0-C-1] c.b.n.services.SmtpEmailSender           : HTML email sent to=darshandn0206@gmail.com subject="We've received your BMP application for XYZ"
2026-08-28T22:55:50.665+05:30  INFO 38280 --- [bmp-notification-service] [container-0-C-1] org.apache.kafka.clients.NetworkClient   : [Consumer clientId=consumer-anonymous.71319fe6-9081-4354-a696-fc4667b331dc-2, groupId=anonymous.71319fe6-9081-4354-a696-fc4667b331dc] Node -1 disconnected.
2026-08-28T22:55:50.939+05:30  INFO 38280 --- [bmp-notification-service] [ntainer#0-0-C-1] org.apache.kafka.clients.NetworkClient   : [Consumer clientId=consumer-bmp-notification-service-3, groupId=bmp-notification-service] Node -1 disconnected.
2026-08-28T22:55:52.072+05:30  INFO 38280 --- [bmp-notification-service] [pool-3-thread-1] org.apache.kafka.clients.NetworkClient   : [Consumer clientId=consumer-anonymous.71319fe6-9081-4354-a696-fc4667b331dc-4, groupId=anonymous.71319fe6-9081-4354-a696-fc4667b331dc] Node -1 disconnected.
2026-08-28T22:55:52.082+05:30  INFO 38280 --- [bmp-notification-service] [pool-3-thread-1] o.a.k.c.c.internals.ConsumerCoordinator  : [Consumer clientId=consumer-anonymous.71319fe6-9081-4354-a696-fc4667b331dc-4, groupId=anonymous.71319fe6-9081-4354-a696-fc4667b331dc] Found no committed offset for partition springCloudBus-0
2026-08-28T22:56:47.077+05:30  INFO 38280 --- [bmp-notification-service] [rap-executor-%d] c.n.d.s.r.aws.ConfigClusterResolver      : Resolving eureka endpoints via configuration
2026-08-28T22:56:52.110+05:30  INFO 38280 --- [bmp-notification-service] [pool-3-thread-1] o.a.k.c.c.internals.ConsumerCoordinator  : [Consumer clientId=consumer-anonymous.71319fe6-9081-4354-a696-fc4667b331dc-4, groupId=anonymous.71319fe6-9081-4354-a696-fc4667b331dc] Found no committed offset for partition springCloudBus-0
2026-08-28T22:57:18.762+05:30  INFO 38280 --- [bmp-notification-service] [binder-health-1] org.apache.kafka.clients.NetworkClient   : [Consumer clientId=consumer-null-5, groupId=null] Node -1 disconnected.
2026-08-28T22:57:52.131+05:30  INFO 38280 --- [bmp-notification-service] [pool-3-thread-1] o.a.k.c.c.internals.ConsumerCoordinator  : [Consumer clientId=consumer-anonymous.71319fe6-9081-4354-a696-fc4667b331dc-4, groupId=anonymous.71319fe6-9081-4354-a696-fc4667b331dc] Found no committed offset for partition springCloudBus-0
2026-08-28T22:58:52.152+05:30  INFO 38280 --- [bmp-notification-service] [pool-3-thread-1] o.a.k.c.c.internals.ConsumerCoordinator  : [Consumer clientId=consumer-anonymous.71319fe6-9081-4354-a696-fc4667b331dc-4, groupId=anonymous.71319fe6-9081-4354-a696-fc4667b331dc] Found no committed offset for partition springCloudBus-0
2026-08-28T22:59:52.175+05:30  INFO 38280 --- [bmp-notification-service] [pool-3-thread-1] o.a.k.c.c.internals.ConsumerCoordinator  : [Consumer clientId=consumer-anonymous.71319fe6-9081-4354-a696-fc4667b331dc-4, groupId=anonymous.71319fe6-9081-4354-a696-fc4667b331dc] Found no committed offset for partition springCloudBus-0
2026-08-28T23:00:52.208+05:30  INFO 38280 --- [bmp-notification-service] [pool-3-thread-1] o.a.k.c.c.internals.ConsumerCoordinator  : [Consumer clientId=consumer-anonymous.71319fe6-9081-4354-a696-fc4667b331dc-4, groupId=anonymous.71319fe6-9081-4354-a696-fc4667b331dc] Found no committed offset for partition springCloudBus-0
2026-08-28T23:01:47.094+05:30  INFO 38280 --- [bmp-notification-service] [rap-executor-%d] c.n.d.s.r.aws.ConfigClusterResolver      : Resolving eureka endpoints via configuration
2026-08-28T23:01:52.234+05:30  INFO 38280 --- [bmp-notification-service] [pool-3-thread-1] o.a.k.c.c.internals.ConsumerCoordinator  : [Consumer clientId=consumer-anonymous.71319fe6-9081-4354-a696-fc4667b331dc-4, groupId=anonymous.71319fe6-9081-4354-a696-fc4667b331dc] Found no committed offset for partition springCloudBus-0
2026-08-28T23:02:52.272+05:30  INFO 38280 --- [bmp-notification-service] [pool-3-thread-1] o.a.k.c.c.internals.ConsumerCoordinator  : [Consumer clientId=consumer-anonymous.71319fe6-9081-4354-a696-fc4667b331dc-4, groupId=anonymous.71319fe6-9081-4354-a696-fc4667b331dc] Found no committed offset for partition springCloudBus-0
2026-08-28T23:03:52.306+05:30  INFO 38280 --- [bmp-notification-service] [pool-3-thread-1] o.a.k.c.c.internals.ConsumerCoordinator  : [Consumer clientId=consumer-anonymous.71319fe6-9081-4354-a696-fc4667b331dc-4, groupId=anonymous.71319fe6-9081-4354-a696-fc4667b331dc] Found no committed offset for partition springCloudBus-0
2026-08-28T23:04:52.362+05:30  INFO 38280 --- [bmp-notification-service] [pool-3-thread-1] o.a.k.c.c.internals.ConsumerCoordinator  : [Consumer clientId=consumer-anonymous.71319fe6-9081-4354-a696-fc4667b331dc-4, groupId=anonymous.71319fe6-9081-4354-a696-fc4667b331dc] Found no committed offset for partition springCloudBus-0
2026-08-28T23:05:52.414+05:30  INFO 38280 --- [bmp-notification-service] [pool-3-thread-1] o.a.k.c.c.internals.ConsumerCoordinator  : [Consumer clientId=consumer-anonymous.71319fe6-9081-4354-a696-fc4667b331dc-4, groupId=anonymous.71319fe6-9081-4354-a696-fc4667b331dc] Found no committed offset for partition springCloudBus-0
2026-08-28T23:06:47.111+05:30  INFO 38280 --- [bmp-notification-service] [rap-executor-%d] c.n.d.s.r.aws.ConfigClusterResolver      : Resolving eureka endpoints via configuration
2026-08-28T23:06:52.429+05:30  INFO 38280 --- [bmp-notification-service] [pool-3-thread-1] o.a.k.c.c.internals.ConsumerCoordinator  : [Consumer clientId=consumer-anonymous.71319fe6-9081-4354-a696-fc4667b331dc-4, groupId=anonymous.71319fe6-9081-4354-a696-fc4667b331dc] Found no committed offset for partition springCloudBus-0
2026-08-28T23:07:52.441+05:30  INFO 38280 --- [bmp-notification-service] [pool-3-thread-1] o.a.k.c.c.internals.ConsumerCoordinator  : [Consumer clientId=consumer-anonymous.71319fe6-9081-4354-a696-fc4667b331dc-4, groupId=anonymous.71319fe6-9081-4354-a696-fc4667b331dc] Found no committed offset for partition springCloudBus-0
2026-08-28T23:08:52.461+05:30  INFO 38280 --- [bmp-notification-service] [pool-3-thread-1] o.a.k.c.c.internals.ConsumerCoordinator  : [Consumer clientId=consumer-anonymous.71319fe6-9081-4354-a696-fc4667b331dc-4, groupId=anonymous.71319fe6-9081-4354-a696-fc4667b331dc] Found no committed offset for partition springCloudBus-0
2026-08-28T23:09:52.476+05:30  INFO 38280 --- [bmp-notification-service] [pool-3-thread-1] o.a.k.c.c.internals.ConsumerCoordinator  : [Consumer clientId=consumer-anonymous.71319fe6-9081-4354-a696-fc4667b331dc-4, groupId=anonymous.71319fe6-9081-4354-a696-fc4667b331dc] Found no committed offset for partition springCloudBus-0
2026-08-28T23:10:52.484+05:30  INFO 38280 --- [bmp-notification-service] [pool-3-thread-1] o.a.k.c.c.internals.ConsumerCoordinator  : [Consumer clientId=consumer-anonymous.71319fe6-9081-4354-a696-fc4667b331dc-4, groupId=anonymous.71319fe6-9081-4354-a696-fc4667b331dc] Found no committed offset for partition springCloudBus-0
2026-08-28T23:11:47.124+05:30  INFO 38280 --- [bmp-notification-service] [rap-executor-%d] c.n.d.s.r.aws.ConfigClusterResolver      : Resolving eureka endpoints via configuration
2026-08-28T23:11:52.497+05:30  INFO 38280 --- [bmp-notification-service] [pool-3-thread-1] o.a.k.c.c.internals.ConsumerCoordinator  : [Consumer clientId=consumer-anonymous.71319fe6-9081-4354-a696-fc4667b331dc-4, groupId=anonymous.71319fe6-9081-4354-a696-fc4667b331dc] Found no committed offset for partition springCloudBus-0
2026-08-28T23:12:52.521+05:30  INFO 38280 --- [bmp-notification-service] [pool-3-thread-1] o.a.k.c.c.internals.ConsumerCoordinator  : [Consumer clientId=consumer-anonymous.71319fe6-9081-4354-a696-fc4667b331dc-4, groupId=anonymous.71319fe6-9081-4354-a696-fc4667b331dc] Found no committed offset for partition springCloudBus-0
2026-08-28T23:13:52.551+05:30  INFO 38280 --- [bmp-notification-service] [pool-3-thread-1] o.a.k.c.c.internals.ConsumerCoordinator  : [Consumer clientId=consumer-anonymous.71319fe6-9081-4354-a696-fc4667b331dc-4, groupId=anonymous.71319fe6-9081-4354-a696-fc4667b331dc] Found no committed offset for partition springCloudBus-0
2026-08-28T23:14:52.592+05:30  INFO 38280 --- [bmp-notification-service] [pool-3-thread-1] o.a.k.c.c.internals.ConsumerCoordinator  : [Consumer clientId=consumer-anonymous.71319fe6-9081-4354-a696-fc4667b331dc-4, groupId=anonymous.71319fe6-9081-4354-a696-fc4667b331dc] Found no committed offset for partition springCloudBus-0
2026-08-28T23:15:52.615+05:30  INFO 38280 --- [bmp-notification-service] [pool-3-thread-1] o.a.k.c.c.internals.ConsumerCoordinator  : [Consumer clientId=consumer-anonymous.71319fe6-9081-4354-a696-fc4667b331dc-4, groupId=anonymous.71319fe6-9081-4354-a696-fc4667b331dc] Found no committed offset for partition springCloudBus-0
2026-08-28T23:16:47.132+05:30  INFO 38280 --- [bmp-notification-service] [rap-executor-%d] c.n.d.s.r.aws.ConfigClusterResolver      : Resolving eureka endpoints via configuration
2026-08-28T23:16:52.632+05:30  INFO 38280 --- [bmp-notification-service] [pool-3-thread-1] o.a.k.c.c.internals.ConsumerCoordinator  : [Consumer clientId=consumer-anonymous.71319fe6-9081-4354-a696-fc4667b331dc-4, groupId=anonymous.71319fe6-9081-4354-a696-fc4667b331dc] Found no committed offset for partition springCloudBus-0
2026-08-28T23:17:52.651+05:30  INFO 38280 --- [bmp-notification-service] [pool-3-thread-1] o.a.k.c.c.internals.ConsumerCoordinator  : [Consumer clientId=consumer-anonymous.71319fe6-9081-4354-a696-fc4667b331dc-4, groupId=anonymous.71319fe6-9081-4354-a696-fc4667b331dc] Found no committed offset for partition springCloudBus-0
2026-08-28T23:18:52.690+05:30  INFO 38280 --- [bmp-notification-service] [pool-3-thread-1] o.a.k.c.c.internals.ConsumerCoordinator  : [Consumer clientId=consumer-anonymous.71319fe6-9081-4354-a696-fc4667b331dc-4, groupId=anonymous.71319fe6-9081-4354-a696-fc4667b331dc] Found no committed offset for partition springCloudBus-0
2026-08-28T23:19:52.731+05:30  INFO 38280 --- [bmp-notification-service] [pool-3-thread-1] o.a.k.c.c.internals.ConsumerCoordinator  : [Consumer clientId=consumer-anonymous.71319fe6-9081-4354-a696-fc4667b331dc-4, groupId=anonymous.71319fe6-9081-4354-a696-fc4667b331dc] Found no committed offset for partition springCloudBus-0
2026-08-28T23:20:52.756+05:30  INFO 38280 --- [bmp-notification-service] [pool-3-thread-1] o.a.k.c.c.internals.ConsumerCoordinator  : [Consumer clientId=consumer-anonymous.71319fe6-9081-4354-a696-fc4667b331dc-4, groupId=anonymous.71319fe6-9081-4354-a696-fc4667b331dc] Found no committed offset for partition springCloudBus-0
2026-08-28T23:21:47.143+05:30  INFO 38280 --- [bmp-notification-service] [rap-executor-%d] c.n.d.s.r.aws.ConfigClusterResolver      : Resolving eureka endpoints via configuration
2026-08-28T23:21:48.303+05:30  INFO 38280 --- [bmp-notification-service] [ntainer#0-0-C-1] c.b.n.services.SmtpEmailSender           : HTML email sent to=darshandn0206@gmail.com subject="XYZ is live on BMP 🎉"
2026-08-28T23:21:52.777+05:30  INFO 38280 --- [bmp-notification-service] [pool-3-thread-1] o.a.k.c.c.internals.ConsumerCoordinator  : [Consumer clientId=consumer-anonymous.71319fe6-9081-4354-a696-fc4667b331dc-4, groupId=anonymous.71319fe6-9081-4354-a696-fc4667b331dc] Found no committed offset for partition springCloudBus-0
2026-08-28T23:22:52.790+05:30  INFO 38280 --- [bmp-notification-service] [pool-3-thread-1] o.a.k.c.c.internals.ConsumerCoordinator  : [Consumer clientId=consumer-anonymous.71319fe6-9081-4354-a696-fc4667b331dc-4, groupId=anonymous.71319fe6-9081-4354-a696-fc4667b331dc] Found no committed offset for partition springCloudBus-0
2026-08-28T23:23:52.811+05:30  INFO 38280 --- [bmp-notification-service] [pool-3-thread-1] o.a.k.c.c.internals.ConsumerCoordinator  : [Consumer clientId=consumer-anonymous.71319fe6-9081-4354-a696-fc4667b331dc-4, groupId=anonymous.71319fe6-9081-4354-a696-fc4667b331dc] Found no committed offset for partition springCloudBus-0
2026-08-28T23:24:52.841+05:30  INFO 38280 --- [bmp-notification-service] [pool-3-thread-1] o.a.k.c.c.internals.ConsumerCoordinator  : [Consumer clientId=consumer-anonymous.71319fe6-9081-4354-a696-fc4667b331dc-4, groupId=anonymous.71319fe6-9081-4354-a696-fc4667b331dc] Found no committed offset for partition springCloudBus-0
2026-08-28T23:25:17.489+05:30  INFO 38280 --- [bmp-notification-service] [ntainer#0-0-C-1] c.b.n.services.SmtpEmailSender           : HTML email sent to=darshandn0206@gmail.com subject="Your BMP verification code"
2026-08-28T23:25:52.860+05:30  INFO 38280 --- [bmp-notification-service] [pool-3-thread-1] o.a.k.c.c.internals.ConsumerCoordinator  : [Consumer clientId=consumer-anonymous.71319fe6-9081-4354-a696-fc4667b331dc-4, groupId=anonymous.71319fe6-9081-4354-a696-fc4667b331dc] Found no committed offset for partition springCloudBus-0
2026-08-28T23:26:47.150+05:30  INFO 38280 --- [bmp-notification-service] [rap-executor-%d] c.n.d.s.r.aws.ConfigClusterResolver      : Resolving eureka endpoints via configuration
2026-08-28T23:26:52.883+05:30  INFO 38280 --- [bmp-notification-service] [pool-3-thread-1] o.a.k.c.c.internals.ConsumerCoordinator  : [Consumer clientId=consumer-anonymous.71319fe6-9081-4354-a696-fc4667b331dc-4, groupId=anonymous.71319fe6-9081-4354-a696-fc4667b331dc] Found no committed offset for partition springCloudBus-0
2026-08-28T23:27:52.902+05:30  INFO 38280 --- [bmp-notification-service] [pool-3-thread-1] o.a.k.c.c.internals.ConsumerCoordinator  : [Consumer clientId=consumer-anonymous.71319fe6-9081-4354-a696-fc4667b331dc-4, groupId=anonymous.71319fe6-9081-4354-a696-fc4667b331dc] Found no committed offset for partition springCloudBus-0
2026-08-28T23:28:52.927+05:30  INFO 38280 --- [bmp-notification-service] [pool-3-thread-1] o.a.k.c.c.internals.ConsumerCoordinator  : [Consumer clientId=consumer-anonymous.71319fe6-9081-4354-a696-fc4667b331dc-4, groupId=anonymous.71319fe6-9081-4354-a696-fc4667b331dc] Found no committed offset for partition springCloudBus-0
2026-08-28T23:29:52.941+05:30  INFO 38280 --- [bmp-notification-service] [pool-3-thread-1] o.a.k.c.c.internals.ConsumerCoordinator  : [Consumer clientId=consumer-anonymous.71319fe6-9081-4354-a696-fc4667b331dc-4, groupId=anonymous.71319fe6-9081-4354-a696-fc4667b331dc] Found no committed offset for partition springCloudBus-0
2026-08-28T23:30:52.953+05:30  INFO 38280 --- [bmp-notification-service] [pool-3-thread-1] o.a.k.c.c.internals.ConsumerCoordinator  : [Consumer clientId=consumer-anonymous.71319fe6-9081-4354-a696-fc4667b331dc-4, groupId=anonymous.71319fe6-9081-4354-a696-fc4667b331dc] Found no committed offset for partition springCloudBus-0
2026-08-28T23:31:47.169+05:30  INFO 38280 --- [bmp-notification-service] [rap-executor-%d] c.n.d.s.r.aws.ConfigClusterResolver      : Resolving eureka endpoints via configuration
2026-08-28T23:31:52.974+05:30  INFO 38280 --- [bmp-notification-service] [pool-3-thread-1] o.a.k.c.c.internals.ConsumerCoordinator  : [Consumer clientId=consumer-anonymous.71319fe6-9081-4354-a696-fc4667b331dc-4, groupId=anonymous.71319fe6-9081-4354-a696-fc4667b331dc] Found no committed offset for partition springCloudBus-0
2026-08-28T23:32:52.990+05:30  INFO 38280 --- [bmp-notification-service] [pool-3-thread-1] o.a.k.c.c.internals.ConsumerCoordinator  : [Consumer clientId=consumer-anonymous.71319fe6-9081-4354-a696-fc4667b331dc-4, groupId=anonymous.71319fe6-9081-4354-a696-fc4667b331dc] Found no committed offset for partition springCloudBus-0
2026-08-28T23:33:53.009+05:30  INFO 38280 --- [bmp-notification-service] [pool-3-thread-1] o.a.k.c.c.internals.ConsumerCoordinator  : [Consumer clientId=consumer-anonymous.71319fe6-9081-4354-a696-fc4667b331dc-4, groupId=anonymous.71319fe6-9081-4354-a696-fc4667b331dc] Found no committed offset for partition springCloudBus-0
2026-08-28T23:34:53.028+05:30  INFO 38280 --- [bmp-notification-service] [pool-3-thread-1] o.a.k.c.c.internals.ConsumerCoordinator  : [Consumer clientId=consumer-anonymous.71319fe6-9081-4354-a696-fc4667b331dc-4, groupId=anonymous.71319fe6-9081-4354-a696-fc4667b331dc] Found no committed offset for partition springCloudBus-0
2026-08-28T23:35:53.043+05:30  INFO 38280 --- [bmp-notification-service] [pool-3-thread-1] o.a.k.c.c.internals.ConsumerCoordinator  : [Consumer clientId=consumer-anonymous.71319fe6-9081-4354-a696-fc4667b331dc-4, groupId=anonymous.71319fe6-9081-4354-a696-fc4667b331dc] Found no committed offset for partition springCloudBus-0
2026-08-28T23:36:47.177+05:30  INFO 38280 --- [bmp-notification-service] [rap-executor-%d] c.n.d.s.r.aws.ConfigClusterResolver      : Resolving eureka endpoints via configuration
2026-08-28T23:36:53.062+05:30  INFO 38280 --- [bmp-notification-service] [pool-3-thread-1] o.a.k.c.c.internals.ConsumerCoordinator  : [Consumer clientId=consumer-anonymous.71319fe6-9081-4354-a696-fc4667b331dc-4, groupId=anonymous.71319fe6-9081-4354-a696-fc4667b331dc] Found no committed offset for partition springCloudBus-0
2026-08-28T23:37:53.093+05:30  INFO 38280 --- [bmp-notification-service] [pool-3-thread-1] o.a.k.c.c.internals.ConsumerCoordinator  : [Consumer clientId=consumer-anonymous.71319fe6-9081-4354-a696-fc4667b331dc-4, groupId=anonymous.71319fe6-9081-4354-a696-fc4667b331dc] Found no committed offset for partition springCloudBus-0
2026-08-28T23:38:53.112+05:30  INFO 38280 --- [bmp-notification-service] [pool-3-thread-1] o.a.k.c.c.internals.ConsumerCoordinator  : [Consumer clientId=consumer-anonymous.71319fe6-9081-4354-a696-fc4667b331dc-4, groupId=anonymous.71319fe6-9081-4354-a696-fc4667b331dc] Found no committed offset for partition springCloudBus-0
2026-08-28T23:39:53.124+05:30  INFO 38280 --- [bmp-notification-service] [pool-3-thread-1] o.a.k.c.c.internals.ConsumerCoordinator  : [Consumer clientId=consumer-anonymous.71319fe6-9081-4354-a696-fc4667b331dc-4, groupId=anonymous.71319fe6-9081-4354-a696-fc4667b331dc] Found no committed offset for partition springCloudBus-0
2026-08-28T23:40:53.158+05:30  INFO 38280 --- [bmp-notification-service] [pool-3-thread-1] o.a.k.c.c.internals.ConsumerCoordinator  : [Consumer clientId=consumer-anonymous.71319fe6-9081-4354-a696-fc4667b331dc-4, groupId=anonymous.71319fe6-9081-4354-a696-fc4667b331dc] Found no committed offset for partition springCloudBus-0
2026-08-28T23:41:47.191+05:30  INFO 38280 --- [bmp-notification-service] [rap-executor-%d] c.n.d.s.r.aws.ConfigClusterResolver      : Resolving eureka endpoints via configuration
2026-08-28T23:41:53.183+05:30  INFO 38280 --- [bmp-notification-service] [pool-3-thread-1] o.a.k.c.c.internals.ConsumerCoordinator  : [Consumer clientId=consumer-anonymous.71319fe6-9081-4354-a696-fc4667b331dc-4, groupId=anonymous.71319fe6-9081-4354-a696-fc4667b331dc] Found no committed offset for partition springCloudBus-0
2026-08-28T23:42:53.195+05:30  INFO 38280 --- [bmp-notification-service] [pool-3-thread-1] o.a.k.c.c.internals.ConsumerCoordinator  : [Consumer clientId=consumer-anonymous.71319fe6-9081-4354-a696-fc4667b331dc-4, groupId=anonymous.71319fe6-9081-4354-a696-fc4667b331dc] Found no committed offset for partition springCloudBus-0
2026-08-28T23:43:53.213+05:30  INFO 38280 --- [bmp-notification-service] [pool-3-thread-1] o.a.k.c.c.internals.ConsumerCoordinator  : [Consumer clientId=consumer-anonymous.71319fe6-9081-4354-a696-fc4667b331dc-4, groupId=anonymous.71319fe6-9081-4354-a696-fc4667b331dc] Found no committed offset for partition springCloudBus-0
2026-08-28T23:44:53.232+05:30  INFO 38280 --- [bmp-notification-service] [pool-3-thread-1] o.a.k.c.c.internals.ConsumerCoordinator  : [Consumer clientId=consumer-anonymous.71319fe6-9081-4354-a696-fc4667b331dc-4, groupId=anonymous.71319fe6-9081-4354-a696-fc4667b331dc] Found no committed offset for partition springCloudBus-0
2026-08-28T23:45:53.255+05:30  INFO 38280 --- [bmp-notification-service] [pool-3-thread-1] o.a.k.c.c.internals.ConsumerCoordinator  : [Consumer clientId=consumer-anonymous.71319fe6-9081-4354-a696-fc4667b331dc-4, groupId=anonymous.71319fe6-9081-4354-a696-fc4667b331dc] Found no committed offset for partition springCloudBus-0
2026-08-28T23:46:47.203+05:30  INFO 38280 --- [bmp-notification-service] [rap-executor-%d] c.n.d.s.r.aws.ConfigClusterResolver      : Resolving eureka endpoints via configuration
2026-08-28T23:46:53.274+05:30  INFO 38280 --- [bmp-notification-service] [pool-3-thread-1] o.a.k.c.c.internals.ConsumerCoordinator  : [Consumer clientId=consumer-anonymous.71319fe6-9081-4354-a696-fc4667b331dc-4, groupId=anonymous.71319fe6-9081-4354-a696-fc4667b331dc] Found no committed offset for partition springCloudBus-0
2026-08-28T23:47:53.289+05:30  INFO 38280 --- [bmp-notification-service] [pool-3-thread-1] o.a.k.c.c.internals.ConsumerCoordinator  : [Consumer clientId=consumer-anonymous.71319fe6-9081-4354-a696-fc4667b331dc-4, groupId=anonymous.71319fe6-9081-4354-a696-fc4667b331dc] Found no committed offset for partition springCloudBus-0
2026-08-28T23:48:53.305+05:30  INFO 38280 --- [bmp-notification-service] [pool-3-thread-1] o.a.k.c.c.internals.ConsumerCoordinator  : [Consumer clientId=consumer-anonymous.71319fe6-9081-4354-a696-fc4667b331dc-4, groupId=anonymous.71319fe6-9081-4354-a696-fc4667b331dc] Found no committed offset for partition springCloudBus-0
2026-08-28T23:49:53.317+05:30  INFO 38280 --- [bmp-notification-service] [pool-3-thread-1] o.a.k.c.c.internals.ConsumerCoordinator  : [Consumer clientId=consumer-anonymous.71319fe6-9081-4354-a696-fc4667b331dc-4, groupId=anonymous.71319fe6-9081-4354-a696-fc4667b331dc] Found no committed offset for partition springCloudBus-0
2026-08-28T23:50:53.333+05:30  INFO 38280 --- [bmp-notification-service] [pool-3-thread-1] o.a.k.c.c.internals.ConsumerCoordinator  : [Consumer clientId=consumer-anonymous.71319fe6-9081-4354-a696-fc4667b331dc-4, groupId=anonymous.71319fe6-9081-4354-a696-fc4667b331dc] Found no committed offset for partition springCloudBus-0
2026-08-28T23:51:47.223+05:30  INFO 38280 --- [bmp-notification-service] [rap-executor-%d] c.n.d.s.r.aws.ConfigClusterResolver      : Resolving eureka endpoints via configuration
2026-08-28T23:51:53.352+05:30  INFO 38280 --- [bmp-notification-service] [pool-3-thread-1] o.a.k.c.c.internals.ConsumerCoordinator  : [Consumer clientId=consumer-anonymous.71319fe6-9081-4354-a696-fc4667b331dc-4, groupId=anonymous.71319fe6-9081-4354-a696-fc4667b331dc] Found no committed offset for partition springCloudBus-0
2026-08-28T23:52:53.371+05:30  INFO 38280 --- [bmp-notification-service] [pool-3-thread-1] o.a.k.c.c.internals.ConsumerCoordinator  : [Consumer clientId=consumer-anonymous.71319fe6-9081-4354-a696-fc4667b331dc-4, groupId=anonymous.71319fe6-9081-4354-a696-fc4667b331dc] Found no committed offset for partition springCloudBus-0
2026-08-28T23:53:53.393+05:30  INFO 38280 --- [bmp-notification-service] [pool-3-thread-1] o.a.k.c.c.internals.ConsumerCoordinator  : [Consumer clientId=consumer-anonymous.71319fe6-9081-4354-a696-fc4667b331dc-4, groupId=anonymous.71319fe6-9081-4354-a696-fc4667b331dc] Found no committed offset for partition springCloudBus-0
2026-08-28T23:54:53.417+05:30  INFO 38280 --- [bmp-notification-service] [pool-3-thread-1] o.a.k.c.c.internals.ConsumerCoordinator  : [Consumer clientId=consumer-anonymous.71319fe6-9081-4354-a696-fc4667b331dc-4, groupId=anonymous.71319fe6-9081-4354-a696-fc4667b331dc] Found no committed offset for partition springCloudBus-0
2026-08-28T23:55:53.436+05:30  INFO 38280 --- [bmp-notification-service] [pool-3-thread-1] o.a.k.c.c.internals.ConsumerCoordinator  : [Consumer clientId=consumer-anonymous.71319fe6-9081-4354-a696-fc4667b331dc-4, groupId=anonymous.71319fe6-9081-4354-a696-fc4667b331dc] Found no committed offset for partition springCloudBus-0
2026-08-28T23:56:47.237+05:30  INFO 38280 --- [bmp-notification-service] [rap-executor-%d] c.n.d.s.r.aws.ConfigClusterResolver      : Resolving eureka endpoints via configuration
2026-08-28T23:56:53.472+05:30  INFO 38280 --- [bmp-notification-service] [pool-3-thread-1] o.a.k.c.c.internals.ConsumerCoordinator  : [Consumer clientId=consumer-anonymous.71319fe6-9081-4354-a696-fc4667b331dc-4, groupId=anonymous.71319fe6-9081-4354-a696-fc4667b331dc] Found no committed offset for partition springCloudBus-0
2026-08-28T23:57:53.499+05:30  INFO 38280 --- [bmp-notification-service] [pool-3-thread-1] o.a.k.c.c.internals.ConsumerCoordinator  : [Consumer clientId=consumer-anonymous.71319fe6-9081-4354-a696-fc4667b331dc-4, groupId=anonymous.71319fe6-9081-4354-a696-fc4667b331dc] Found no committed offset for partition springCloudBus-0
2026-08-28T23:58:53.510+05:30  INFO 38280 --- [bmp-notification-service] [pool-3-thread-1] o.a.k.c.c.internals.ConsumerCoordinator  : [Consumer clientId=consumer-anonymous.71319fe6-9081-4354-a696-fc4667b331dc-4, groupId=anonymous.71319fe6-9081-4354-a696-fc4667b331dc] Found no committed offset for partition springCloudBus-0
2026-08-28T23:59:53.519+05:30  INFO 38280 --- [bmp-notification-service] [pool-3-thread-1] o.a.k.c.c.internals.ConsumerCoordinator  : [Consumer clientId=consumer-anonymous.71319fe6-9081-4354-a696-fc4667b331dc-4, groupId=anonymous.71319fe6-9081-4354-a696-fc4667b331dc] Found no committed offset for partition springCloudBus-0
2026-08-29T00:00:53.536+05:30  INFO 38280 --- [bmp-notification-service] [pool-3-thread-1] o.a.k.c.c.internals.ConsumerCoordinator  : [Consumer clientId=consumer-anonymous.71319fe6-9081-4354-a696-fc4667b331dc-4, groupId=anonymous.71319fe6-9081-4354-a696-fc4667b331dc] Found no committed offset for partition springCloudBus-0
2026-08-29T00:01:47.243+05:30  INFO 38280 --- [bmp-notification-service] [rap-executor-%d] c.n.d.s.r.aws.ConfigClusterResolver      : Resolving eureka endpoints via configuration
2026-08-29T00:01:53.553+05:30  INFO 38280 --- [bmp-notification-service] [pool-3-thread-1] o.a.k.c.c.internals.ConsumerCoordinator  : [Consumer clientId=consumer-anonymous.71319fe6-9081-4354-a696-fc4667b331dc-4, groupId=anonymous.71319fe6-9081-4354-a696-fc4667b331dc] Found no committed offset for partition springCloudBus-0
2026-08-29T00:02:53.578+05:30  INFO 38280 --- [bmp-notification-service] [pool-3-thread-1] o.a.k.c.c.internals.ConsumerCoordinator  : [Consumer clientId=consumer-anonymous.71319fe6-9081-4354-a696-fc4667b331dc-4, groupId=anonymous.71319fe6-9081-4354-a696-fc4667b331dc] Found no committed offset for partition springCloudBus-0
2026-08-29T00:03:53.597+05:30  INFO 38280 --- [bmp-notification-service] [pool-3-thread-1] o.a.k.c.c.internals.ConsumerCoordinator  : [Consumer clientId=consumer-anonymous.71319fe6-9081-4354-a696-fc4667b331dc-4, groupId=anonymous.71319fe6-9081-4354-a696-fc4667b331dc] Found no committed offset for partition springCloudBus-0
2026-08-29T00:04:53.612+05:30  INFO 38280 --- [bmp-notification-service] [pool-3-thread-1] o.a.k.c.c.internals.ConsumerCoordinator  : [Consumer clientId=consumer-anonymous.71319fe6-9081-4354-a696-fc4667b331dc-4, groupId=anonymous.71319fe6-9081-4354-a696-fc4667b331dc] Found no committed offset for partition springCloudBus-0
2026-08-29T00:05:53.626+05:30  INFO 38280 --- [bmp-notification-service] [pool-3-thread-1] o.a.k.c.c.internals.ConsumerCoordinator  : [Consumer clientId=consumer-anonymous.71319fe6-9081-4354-a696-fc4667b331dc-4, groupId=anonymous.71319fe6-9081-4354-a696-fc4667b331dc] Found no committed offset for partition springCloudBus-0
2026-08-29T00:06:47.247+05:30  INFO 38280 --- [bmp-notification-service] [rap-executor-%d] c.n.d.s.r.aws.ConfigClusterResolver      : Resolving eureka endpoints via configuration
2026-08-29T00:06:53.649+05:30  INFO 38280 --- [bmp-notification-service] [pool-3-thread-1] o.a.k.c.c.internals.ConsumerCoordinator  : [Consumer clientId=consumer-anonymous.71319fe6-9081-4354-a696-fc4667b331dc-4, groupId=anonymous.71319fe6-9081-4354-a696-fc4667b331dc] Found no committed offset for partition springCloudBus-0
2026-08-29T00:07:53.665+05:30  INFO 38280 --- [bmp-notification-service] [pool-3-thread-1] o.a.k.c.c.internals.ConsumerCoordinator  : [Consumer clientId=consumer-anonymous.71319fe6-9081-4354-a696-fc4667b331dc-4, groupId=anonymous.71319fe6-9081-4354-a696-fc4667b331dc] Found no committed offset for partition springCloudBus-0
2026-08-29T00:08:53.675+05:30  INFO 38280 --- [bmp-notification-service] [pool-3-thread-1] o.a.k.c.c.internals.ConsumerCoordinator  : [Consumer clientId=consumer-anonymous.71319fe6-9081-4354-a696-fc4667b331dc-4, groupId=anonymous.71319fe6-9081-4354-a696-fc4667b331dc] Found no committed offset for partition springCloudBus-0
2026-08-29T00:09:53.687+05:30  INFO 38280 --- [bmp-notification-service] [pool-3-thread-1] o.a.k.c.c.internals.ConsumerCoordinator  : [Consumer clientId=consumer-anonymous.71319fe6-9081-4354-a696-fc4667b331dc-4, groupId=anonymous.71319fe6-9081-4354-a696-fc4667b331dc] Found no committed offset for partition springCloudBus-0
2026-08-29T00:10:53.731+05:30  INFO 38280 --- [bmp-notification-service] [pool-3-thread-1] o.a.k.c.c.internals.ConsumerCoordinator  : [Consumer clientId=consumer-anonymous.71319fe6-9081-4354-a696-fc4667b331dc-4, groupId=anonymous.71319fe6-9081-4354-a696-fc4667b331dc] Found no committed offset for partition springCloudBus-0
2026-08-29T00:11:47.252+05:30  INFO 38280 --- [bmp-notification-service] [rap-executor-%d] c.n.d.s.r.aws.ConfigClusterResolver      : Resolving eureka endpoints via configuration
2026-08-29T00:11:53.745+05:30  INFO 38280 --- [bmp-notification-service] [pool-3-thread-1] o.a.k.c.c.internals.ConsumerCoordinator  : [Consumer clientId=consumer-anonymous.71319fe6-9081-4354-a696-fc4667b331dc-4, groupId=anonymous.71319fe6-9081-4354-a696-fc4667b331dc] Found no committed offset for partition springCloudBus-0
2026-08-29T00:12:53.767+05:30  INFO 38280 --- [bmp-notification-service] [pool-3-thread-1] o.a.k.c.c.internals.ConsumerCoordinator  : [Consumer clientId=consumer-anonymous.71319fe6-9081-4354-a696-fc4667b331dc-4, groupId=anonymous.71319fe6-9081-4354-a696-fc4667b331dc] Found no committed offset for partition springCloudBus-0
2026-08-29T00:13:53.789+05:30  INFO 38280 --- [bmp-notification-service] [pool-3-thread-1] o.a.k.c.c.internals.ConsumerCoordinator  : [Consumer clientId=consumer-anonymous.71319fe6-9081-4354-a696-fc4667b331dc-4, groupId=anonymous.71319fe6-9081-4354-a696-fc4667b331dc] Found no committed offset for partition springCloudBus-0
2026-08-29T00:14:53.815+05:30  INFO 38280 --- [bmp-notification-service] [pool-3-thread-1] o.a.k.c.c.internals.ConsumerCoordinator  : [Consumer clientId=consumer-anonymous.71319fe6-9081-4354-a696-fc4667b331dc-4, groupId=anonymous.71319fe6-9081-4354-a696-fc4667b331dc] Found no committed offset for partition springCloudBus-0
2026-08-29T00:15:53.829+05:30  INFO 38280 --- [bmp-notification-service] [pool-3-thread-1] o.a.k.c.c.internals.ConsumerCoordinator  : [Consumer clientId=consumer-anonymous.71319fe6-9081-4354-a696-fc4667b331dc-4, groupId=anonymous.71319fe6-9081-4354-a696-fc4667b331dc] Found no committed offset for partition springCloudBus-0
2026-08-29T00:16:47.264+05:30  INFO 38280 --- [bmp-notification-service] [rap-executor-%d] c.n.d.s.r.aws.ConfigClusterResolver      : Resolving eureka endpoints via configuration
2026-08-29T00:16:53.838+05:30  INFO 38280 --- [bmp-notification-service] [pool-3-thread-1] o.a.k.c.c.internals.ConsumerCoordinator  : [Consumer clientId=consumer-anonymous.71319fe6-9081-4354-a696-fc4667b331dc-4, groupId=anonymous.71319fe6-9081-4354-a696-fc4667b331dc] Found no committed offset for partition springCloudBus-0
2026-08-29T00:17:53.853+05:30  INFO 38280 --- [bmp-notification-service] [pool-3-thread-1] o.a.k.c.c.internals.ConsumerCoordinator  : [Consumer clientId=consumer-anonymous.71319fe6-9081-4354-a696-fc4667b331dc-4, groupId=anonymous.71319fe6-9081-4354-a696-fc4667b331dc] Found no committed offset for partition springCloudBus-0
2026-08-29T00:18:53.861+05:30  INFO 38280 --- [bmp-notification-service] [pool-3-thread-1] o.a.k.c.c.internals.ConsumerCoordinator  : [Consumer clientId=consumer-anonymous.71319fe6-9081-4354-a696-fc4667b331dc-4, groupId=anonymous.71319fe6-9081-4354-a696-fc4667b331dc] Found no committed offset for partition springCloudBus-0
2026-08-29T00:19:53.881+05:30  INFO 38280 --- [bmp-notification-service] [pool-3-thread-1] o.a.k.c.c.internals.ConsumerCoordinator  : [Consumer clientId=consumer-anonymous.71319fe6-9081-4354-a696-fc4667b331dc-4, groupId=anonymous.71319fe6-9081-4354-a696-fc4667b331dc] Found no committed offset for partition springCloudBus-0
2026-08-29T00:20:53.899+05:30  INFO 38280 --- [bmp-notification-service] [pool-3-thread-1] o.a.k.c.c.internals.ConsumerCoordinator  : [Consumer clientId=consumer-anonymous.71319fe6-9081-4354-a696-fc4667b331dc-4, groupId=anonymous.71319fe6-9081-4354-a696-fc4667b331dc] Found no committed offset for partition springCloudBus-0
2026-08-29T00:21:47.267+05:30  INFO 38280 --- [bmp-notification-service] [rap-executor-%d] c.n.d.s.r.aws.ConfigClusterResolver      : Resolving eureka endpoints via configuration
2026-08-29T00:21:53.912+05:30  INFO 38280 --- [bmp-notification-service] [pool-3-thread-1] o.a.k.c.c.internals.ConsumerCoordinator  : [Consumer clientId=consumer-anonymous.71319fe6-9081-4354-a696-fc4667b331dc-4, groupId=anonymous.71319fe6-9081-4354-a696-fc4667b331dc] Found no committed offset for partition springCloudBus-0
2026-08-29T00:22:53.937+05:30  INFO 38280 --- [bmp-notification-service] [pool-3-thread-1] o.a.k.c.c.internals.ConsumerCoordinator  : [Consumer clientId=consumer-anonymous.71319fe6-9081-4354-a696-fc4667b331dc-4, groupId=anonymous.71319fe6-9081-4354-a696-fc4667b331dc] Found no committed offset for partition springCloudBus-0
2026-08-29T00:23:53.953+05:30  INFO 38280 --- [bmp-notification-service] [pool-3-thread-1] o.a.k.c.c.internals.ConsumerCoordinator  : [Consumer clientId=consumer-anonymous.71319fe6-9081-4354-a696-fc4667b331dc-4, groupId=anonymous.71319fe6-9081-4354-a696-fc4667b331dc] Found no committed offset for partition springCloudBus-0
2026-08-29T00:24:53.969+05:30  INFO 38280 --- [bmp-notification-service] [pool-3-thread-1] o.a.k.c.c.internals.ConsumerCoordinator  : [Consumer clientId=consumer-anonymous.71319fe6-9081-4354-a696-fc4667b331dc-4, groupId=anonymous.71319fe6-9081-4354-a696-fc4667b331dc] Found no committed offset for partition springCloudBus-0
2026-08-29T00:25:53.983+05:30  INFO 38280 --- [bmp-notification-service] [pool-3-thread-1] o.a.k.c.c.internals.ConsumerCoordinator  : [Consumer clientId=consumer-anonymous.71319fe6-9081-4354-a696-fc4667b331dc-4, groupId=anonymous.71319fe6-9081-4354-a696-fc4667b331dc] Found no committed offset for partition springCloudBus-0
2026-08-29T00:26:47.277+05:30  INFO 38280 --- [bmp-notification-service] [rap-executor-%d] c.n.d.s.r.aws.ConfigClusterResolver      : Resolving eureka endpoints via configuration
2026-08-29T00:26:54.016+05:30  INFO 38280 --- [bmp-notification-service] [pool-3-thread-1] o.a.k.c.c.internals.ConsumerCoordinator  : [Consumer clientId=consumer-anonymous.71319fe6-9081-4354-a696-fc4667b331dc-4, groupId=anonymous.71319fe6-9081-4354-a696-fc4667b331dc] Found no committed offset for partition springCloudBus-0
2026-08-29T00:27:54.047+05:30  INFO 38280 --- [bmp-notification-service] [pool-3-thread-1] o.a.k.c.c.internals.ConsumerCoordinator  : [Consumer clientId=consumer-anonymous.71319fe6-9081-4354-a696-fc4667b331dc-4, groupId=anonymous.71319fe6-9081-4354-a696-fc4667b331dc] Found no committed offset for partition springCloudBus-0
2026-08-29T00:28:54.064+05:30  INFO 38280 --- [bmp-notification-service] [pool-3-thread-1] o.a.k.c.c.internals.ConsumerCoordinator  : [Consumer clientId=consumer-anonymous.71319fe6-9081-4354-a696-fc4667b331dc-4, groupId=anonymous.71319fe6-9081-4354-a696-fc4667b331dc] Found no committed offset for partition springCloudBus-0
2026-08-29T00:29:54.112+05:30  INFO 38280 --- [bmp-notification-service] [pool-3-thread-1] o.a.k.c.c.internals.ConsumerCoordinator  : [Consumer clientId=consumer-anonymous.71319fe6-9081-4354-a696-fc4667b331dc-4, groupId=anonymous.71319fe6-9081-4354-a696-fc4667b331dc] Found no committed offset for partition springCloudBus-0
2026-08-29T00:30:54.151+05:30  INFO 38280 --- [bmp-notification-service] [pool-3-thread-1] o.a.k.c.c.internals.ConsumerCoordinator  : [Consumer clientId=consumer-anonymous.71319fe6-9081-4354-a696-fc4667b331dc-4, groupId=anonymous.71319fe6-9081-4354-a696-fc4667b331dc] Found no committed offset for partition springCloudBus-0
2026-08-29T00:31:47.287+05:30  INFO 38280 --- [bmp-notification-service] [rap-executor-%d] c.n.d.s.r.aws.ConfigClusterResolver      : Resolving eureka endpoints via configuration
2026-08-29T00:31:54.169+05:30  INFO 38280 --- [bmp-notification-service] [pool-3-thread-1] o.a.k.c.c.internals.ConsumerCoordinator  : [Consumer clientId=consumer-anonymous.71319fe6-9081-4354-a696-fc4667b331dc-4, groupId=anonymous.71319fe6-9081-4354-a696-fc4667b331dc] Found no committed offset for partition springCloudBus-0
2026-08-29T00:32:54.204+05:30  INFO 38280 --- [bmp-notification-service] [pool-3-thread-1] o.a.k.c.c.internals.ConsumerCoordinator  : [Consumer clientId=consumer-anonymous.71319fe6-9081-4354-a696-fc4667b331dc-4, groupId=anonymous.71319fe6-9081-4354-a696-fc4667b331dc] Found no committed offset for partition springCloudBus-0
2026-08-29T00:33:54.234+05:30  INFO 38280 --- [bmp-notification-service] [pool-3-thread-1] o.a.k.c.c.internals.ConsumerCoordinator  : [Consumer clientId=consumer-anonymous.71319fe6-9081-4354-a696-fc4667b331dc-4, groupId=anonymous.71319fe6-9081-4354-a696-fc4667b331dc] Found no committed offset for partition springCloudBus-0
2026-08-29T00:34:54.267+05:30  INFO 38280 --- [bmp-notification-service] [pool-3-thread-1] o.a.k.c.c.internals.ConsumerCoordinator  : [Consumer clientId=consumer-anonymous.71319fe6-9081-4354-a696-fc4667b331dc-4, groupId=anonymous.71319fe6-9081-4354-a696-fc4667b331dc] Found no committed offset for partition springCloudBus-0
2026-08-29T00:35:54.296+05:30  INFO 38280 --- [bmp-notification-service] [pool-3-thread-1] o.a.k.c.c.internals.ConsumerCoordinator  : [Consumer clientId=consumer-anonymous.71319fe6-9081-4354-a696-fc4667b331dc-4, groupId=anonymous.71319fe6-9081-4354-a696-fc4667b331dc] Found no committed offset for partition springCloudBus-0
2026-08-29T00:36:47.303+05:30  INFO 38280 --- [bmp-notification-service] [rap-executor-%d] c.n.d.s.r.aws.ConfigClusterResolver      : Resolving eureka endpoints via configuration
2026-08-29T00:36:54.327+05:30  INFO 38280 --- [bmp-notification-service] [pool-3-thread-1] o.a.k.c.c.internals.ConsumerCoordinator  : [Consumer clientId=consumer-anonymous.71319fe6-9081-4354-a696-fc4667b331dc-4, groupId=anonymous.71319fe6-9081-4354-a696-fc4667b331dc] Found no committed offset for partition springCloudBus-0
2026-08-29T00:37:54.345+05:30  INFO 38280 --- [bmp-notification-service] [pool-3-thread-1] o.a.k.c.c.internals.ConsumerCoordinator  : [Consumer clientId=consumer-anonymous.71319fe6-9081-4354-a696-fc4667b331dc-4, groupId=anonymous.71319fe6-9081-4354-a696-fc4667b331dc] Found no committed offset for partition springCloudBus-0
2026-08-29T00:38:54.368+05:30  INFO 38280 --- [bmp-notification-service] [pool-3-thread-1] o.a.k.c.c.internals.ConsumerCoordinator  : [Consumer clientId=consumer-anonymous.71319fe6-9081-4354-a696-fc4667b331dc-4, groupId=anonymous.71319fe6-9081-4354-a696-fc4667b331dc] Found no committed offset for partition springCloudBus-0
2026-08-29T00:39:54.383+05:30  INFO 38280 --- [bmp-notification-service] [pool-3-thread-1] o.a.k.c.c.internals.ConsumerCoordinator  : [Consumer clientId=consumer-anonymous.71319fe6-9081-4354-a696-fc4667b331dc-4, groupId=anonymous.71319fe6-9081-4354-a696-fc4667b331dc] Found no committed offset for partition springCloudBus-0
2026-08-29T03:40:14.575+05:30  INFO 38280 --- [bmp-notification-service] [ication-service] org.apache.kafka.clients.NetworkClient   : [Consumer clientId=consumer-bmp-notification-service-3, groupId=bmp-notification-service] Node 1 disconnected.
2026-08-29T03:40:14.662+05:30  INFO 38280 --- [bmp-notification-service] [ication-service] org.apache.kafka.clients.NetworkClient   : [Consumer clientId=consumer-bmp-notification-service-3, groupId=bmp-notification-service] Cancelled in-flight FETCH request with correlation id 17113 due to node 1 being disconnected (elapsed time since creation: 10802485ms, elapsed time since send: 10802485ms, throttle time: 0ms, request timeout: 30000ms)
2026-08-29T03:40:14.666+05:30  INFO 38280 --- [bmp-notification-service] [ication-service] org.apache.kafka.clients.NetworkClient   : [Consumer clientId=consumer-bmp-notification-service-3, groupId=bmp-notification-service] Cancelled in-flight METADATA request with correlation id 17118 due to node 1 being disconnected (elapsed time since creation: 1044ms, elapsed time since send: 1044ms, throttle time: 0ms, request timeout: 30000ms)
2026-08-29T03:40:14.689+05:30  INFO 38280 --- [bmp-notification-service] [ication-service] org.apache.kafka.clients.NetworkClient   : [Consumer clientId=consumer-bmp-notification-service-3, groupId=bmp-notification-service] Disconnecting from node 2147483646 due to request timeout.
2026-08-29T03:40:14.690+05:30  INFO 38280 --- [bmp-notification-service] [ication-service] org.apache.kafka.clients.NetworkClient   : [Consumer clientId=consumer-bmp-notification-service-3, groupId=bmp-notification-service] Cancelled in-flight HEARTBEAT request with correlation id 17114 due to node 2147483646 being disconnected (elapsed time since creation: 10799935ms, elapsed time since send: 10799935ms, throttle time: 0ms, request timeout: 30000ms)
2026-08-29T03:40:14.690+05:30  INFO 38280 --- [bmp-notification-service] [ication-service] org.apache.kafka.clients.NetworkClient   : [Consumer clientId=consumer-bmp-notification-service-3, groupId=bmp-notification-service] Cancelled in-flight HEARTBEAT request with correlation id 17115 due to node 2147483646 being disconnected (elapsed time since creation: 10796931ms, elapsed time since send: 10796931ms, throttle time: 0ms, request timeout: 30000ms)
2026-08-29T03:40:14.691+05:30  INFO 38280 --- [bmp-notification-service] [ication-service] org.apache.kafka.clients.NetworkClient   : [Consumer clientId=consumer-bmp-notification-service-3, groupId=bmp-notification-service] Cancelled in-flight HEARTBEAT request with correlation id 17116 due to node 2147483646 being disconnected (elapsed time since creation: 10793923ms, elapsed time since send: 10793923ms, throttle time: 0ms, request timeout: 30000ms)
2026-08-29T03:40:14.691+05:30  INFO 38280 --- [bmp-notification-service] [ication-service] org.apache.kafka.clients.NetworkClient   : [Consumer clientId=consumer-bmp-notification-service-3, groupId=bmp-notification-service] Cancelled in-flight HEARTBEAT request with correlation id 17117 due to node 2147483646 being disconnected (elapsed time since creation: 10790922ms, elapsed time since send: 10790922ms, throttle time: 0ms, request timeout: 30000ms)
2026-08-29T03:40:15.160+05:30  INFO 38280 --- [bmp-notification-service] [container-0-C-1] org.apache.kafka.clients.NetworkClient   : [Consumer clientId=consumer-anonymous.71319fe6-9081-4354-a696-fc4667b331dc-2, groupId=anonymous.71319fe6-9081-4354-a696-fc4667b331dc] Node 1 disconnected.
2026-08-29T03:40:15.160+05:30  INFO 38280 --- [bmp-notification-service] [container-0-C-1] org.apache.kafka.clients.NetworkClient   : [Consumer clientId=consumer-anonymous.71319fe6-9081-4354-a696-fc4667b331dc-2, groupId=anonymous.71319fe6-9081-4354-a696-fc4667b331dc] Cancelled in-flight FETCH request with correlation id 17153 due to node 1 being disconnected (elapsed time since creation: 10802734ms, elapsed time since send: 10802734ms, throttle time: 0ms, request timeout: 30000ms)
2026-08-29T03:40:15.161+05:30  INFO 38280 --- [bmp-notification-service] [container-0-C-1] org.apache.kafka.clients.NetworkClient   : [Consumer clientId=consumer-anonymous.71319fe6-9081-4354-a696-fc4667b331dc-2, groupId=anonymous.71319fe6-9081-4354-a696-fc4667b331dc] Disconnecting from node 2147483646 due to request timeout.
2026-08-29T03:40:15.161+05:30  INFO 38280 --- [bmp-notification-service] [container-0-C-1] org.apache.kafka.clients.NetworkClient   : [Consumer clientId=consumer-anonymous.71319fe6-9081-4354-a696-fc4667b331dc-2, groupId=anonymous.71319fe6-9081-4354-a696-fc4667b331dc] Cancelled in-flight HEARTBEAT request with correlation id 17154 due to node 2147483646 being disconnected (elapsed time since creation: 10800896ms, elapsed time since send: 10800896ms, throttle time: 0ms, request timeout: 30000ms)
2026-08-29T03:40:15.161+05:30  INFO 38280 --- [bmp-notification-service] [container-0-C-1] org.apache.kafka.clients.NetworkClient   : [Consumer clientId=consumer-anonymous.71319fe6-9081-4354-a696-fc4667b331dc-2, groupId=anonymous.71319fe6-9081-4354-a696-fc4667b331dc] Cancelled in-flight HEARTBEAT request with correlation id 17155 due to node 2147483646 being disconnected (elapsed time since creation: 10797889ms, elapsed time since send: 10797889ms, throttle time: 0ms, request timeout: 30000ms)
2026-08-29T03:40:15.161+05:30  INFO 38280 --- [bmp-notification-service] [container-0-C-1] org.apache.kafka.clients.NetworkClient   : [Consumer clientId=consumer-anonymous.71319fe6-9081-4354-a696-fc4667b331dc-2, groupId=anonymous.71319fe6-9081-4354-a696-fc4667b331dc] Cancelled in-flight HEARTBEAT request with correlation id 17156 due to node 2147483646 being disconnected (elapsed time since creation: 10794882ms, elapsed time since send: 10794882ms, throttle time: 0ms, request timeout: 30000ms)
2026-08-29T03:40:15.161+05:30  INFO 38280 --- [bmp-notification-service] [container-0-C-1] org.apache.kafka.clients.NetworkClient   : [Consumer clientId=consumer-anonymous.71319fe6-9081-4354-a696-fc4667b331dc-2, groupId=anonymous.71319fe6-9081-4354-a696-fc4667b331dc] Cancelled in-flight HEARTBEAT request with correlation id 17157 due to node 2147483646 being disconnected (elapsed time since creation: 10791881ms, elapsed time since send: 10791881ms, throttle time: 0ms, request timeout: 30000ms)
2026-08-29T03:40:15.165+05:30  INFO 38280 --- [bmp-notification-service] [binder-health-1] org.apache.kafka.clients.NetworkClient   : [Consumer clientId=consumer-null-5, groupId=null] Node 1 disconnected.
2026-08-29T03:40:15.168+05:30  INFO 38280 --- [bmp-notification-service] [binder-health-1] org.apache.kafka.clients.NetworkClient   : [Consumer clientId=consumer-null-5, groupId=null] Cancelled in-flight METADATA request with correlation id 422 due to node 1 being disconnected (elapsed time since creation: 10796409ms, elapsed time since send: 10796409ms, throttle time: 0ms, request timeout: 30000ms)
2026-08-29T03:40:15.176+05:30  INFO 38280 --- [bmp-notification-service] [96-fc4667b331dc] o.a.k.c.c.internals.ConsumerCoordinator  : [Consumer clientId=consumer-anonymous.71319fe6-9081-4354-a696-fc4667b331dc-2, groupId=anonymous.71319fe6-9081-4354-a696-fc4667b331dc] Group coordinator localhost:9092 (id: 2147483646 rack: null) is unavailable or invalid due to cause: null. isDisconnected: true. Rediscovery will be attempted.
2026-08-29T03:40:14.697+05:30  INFO 38280 --- [bmp-notification-service] [ication-service] o.a.kafka.clients.FetchSessionHandler    : [Consumer clientId=consumer-bmp-notification-service-3, groupId=bmp-notification-service] Error sending fetch request (sessionId=81937243, epoch=14590) to node 1:

org.apache.kafka.common.errors.DisconnectException: null

2026-08-29T03:40:15.161+05:30  INFO 38280 --- [bmp-notification-service] [container-0-C-1] o.a.kafka.clients.FetchSessionHandler    : [Consumer clientId=consumer-anonymous.71319fe6-9081-4354-a696-fc4667b331dc-2, groupId=anonymous.71319fe6-9081-4354-a696-fc4667b331dc] Error sending fetch request (sessionId=2083705532, epoch=14634) to node 1:

org.apache.kafka.common.errors.DisconnectException: null

2026-08-29T03:40:15.196+05:30  INFO 38280 --- [bmp-notification-service] [ication-service] o.a.k.c.c.internals.ConsumerCoordinator  : [Consumer clientId=consumer-bmp-notification-service-3, groupId=bmp-notification-service] Group coordinator localhost:9092 (id: 2147483646 rack: null) is unavailable or invalid due to cause: null. isDisconnected: true. Rediscovery will be attempted.
2026-08-29T03:40:17.172+05:30  INFO 38280 --- [bmp-notification-service] [container-0-C-1] o.a.k.c.c.internals.ConsumerCoordinator  : [Consumer clientId=consumer-anonymous.71319fe6-9081-4354-a696-fc4667b331dc-2, groupId=anonymous.71319fe6-9081-4354-a696-fc4667b331dc] Discovered group coordinator localhost:9092 (id: 2147483646 rack: null)
2026-08-29T03:40:17.663+05:30  WARN 38280 --- [bmp-notification-service] [nio-8089-exec-7] o.s.b.a.health.HealthEndpointSupport     : Health contributor org.springframework.cloud.stream.binder.kafka.KafkaBinderHealthIndicator (binders/kafka) took 10796675ms to respond
2026-08-29T11:13:23.024+05:30  INFO 38280 --- [bmp-notification-service] [ntainer#0-0-C-1] org.apache.kafka.clients.NetworkClient   : [Consumer clientId=consumer-bmp-notification-service-3, groupId=bmp-notification-service] Node 1 disconnected.
2026-08-29T11:13:23.024+05:30  INFO 38280 --- [bmp-notification-service] [ntainer#0-0-C-1] org.apache.kafka.clients.NetworkClient   : [Consumer clientId=consumer-bmp-notification-service-3, groupId=bmp-notification-service] Cancelled in-flight FETCH request with correlation id 17121 due to node 1 being disconnected (elapsed time since creation: 27187818ms, elapsed time since send: 27186158ms, throttle time: 0ms, request timeout: 30000ms)
2026-08-29T11:13:23.025+05:30  INFO 38280 --- [bmp-notification-service] [ntainer#0-0-C-1] org.apache.kafka.clients.NetworkClient   : [Consumer clientId=consumer-bmp-notification-service-3, groupId=bmp-notification-service] Cancelled in-flight FIND_COORDINATOR request with correlation id 17122 due to node 1 being disconnected (elapsed time since creation: 27187818ms, elapsed time since send: 27186026ms, throttle time: 0ms, request timeout: 30000ms)
2026-08-29T11:13:23.026+05:30  INFO 38280 --- [bmp-notification-service] [ntainer#0-0-C-1] o.a.kafka.clients.FetchSessionHandler    : [Consumer clientId=consumer-bmp-notification-service-3, groupId=bmp-notification-service] Error sending fetch request (sessionId=81937243, epoch=INITIAL) to node 1:

org.apache.kafka.common.errors.DisconnectException: null

2026-08-29T11:13:23.177+05:30  INFO 38280 --- [bmp-notification-service] [container-0-C-1] org.apache.kafka.clients.NetworkClient   : [Consumer clientId=consumer-anonymous.71319fe6-9081-4354-a696-fc4667b331dc-2, groupId=anonymous.71319fe6-9081-4354-a696-fc4667b331dc] Node 1 disconnected.
2026-08-29T11:13:23.180+05:30  INFO 38280 --- [bmp-notification-service] [container-0-C-1] org.apache.kafka.clients.NetworkClient   : [Consumer clientId=consumer-anonymous.71319fe6-9081-4354-a696-fc4667b331dc-2, groupId=anonymous.71319fe6-9081-4354-a696-fc4667b331dc] Cancelled in-flight FETCH request with correlation id 17164 due to node 1 being disconnected (elapsed time since creation: 27186000ms, elapsed time since send: 27186000ms, throttle time: 0ms, request timeout: 30000ms)
2026-08-29T11:13:23.181+05:30  INFO 38280 --- [bmp-notification-service] [96-fc4667b331dc] org.apache.kafka.clients.NetworkClient   : [Consumer clientId=consumer-anonymous.71319fe6-9081-4354-a696-fc4667b331dc-2, groupId=anonymous.71319fe6-9081-4354-a696-fc4667b331dc] Node 2147483646 disconnected.
2026-08-29T11:13:23.182+05:30  INFO 38280 --- [bmp-notification-service] [96-fc4667b331dc] o.a.k.c.c.internals.ConsumerCoordinator  : [Consumer clientId=consumer-anonymous.71319fe6-9081-4354-a696-fc4667b331dc-2, groupId=anonymous.71319fe6-9081-4354-a696-fc4667b331dc] Group coordinator localhost:9092 (id: 2147483646 rack: null) is unavailable or invalid due to cause: coordinator unavailable. isDisconnected: true. Rediscovery will be attempted.
2026-08-29T11:13:23.181+05:30  INFO 38280 --- [bmp-notification-service] [container-0-C-1] o.a.kafka.clients.FetchSessionHandler    : [Consumer clientId=consumer-anonymous.71319fe6-9081-4354-a696-fc4667b331dc-2, groupId=anonymous.71319fe6-9081-4354-a696-fc4667b331dc] Error sending fetch request (sessionId=2083705532, epoch=INITIAL) to node 1:

org.apache.kafka.common.errors.DisconnectException: null

2026-08-29T11:13:23.592+05:30  WARN 38280 --- [bmp-notification-service] [l-1 housekeeper] com.zaxxer.hikari.pool.HikariPool        : HikariPool-1 - Thread starvation or clock leap detected (housekeeper delta=10h33m24s549ms301µs100ns).
2026-08-29T11:13:26.629+05:30  INFO 38280 --- [bmp-notification-service] [container-0-C-1] o.a.k.c.c.internals.ConsumerCoordinator  : [Consumer clientId=consumer-anonymous.71319fe6-9081-4354-a696-fc4667b331dc-2, groupId=anonymous.71319fe6-9081-4354-a696-fc4667b331dc] Discovered group coordinator localhost:9092 (id: 2147483646 rack: null)
2026-08-29T11:13:26.701+05:30  INFO 38280 --- [bmp-notification-service] [ntainer#0-0-C-1] o.a.k.c.c.internals.ConsumerCoordinator  : [Consumer clientId=consumer-bmp-notification-service-3, groupId=bmp-notification-service] Discovered group coordinator localhost:9092 (id: 2147483646 rack: null)
2026-08-29T11:13:28.445+05:30  WARN 38280 --- [bmp-notification-service] [nio-8089-exec-7] o.s.b.a.health.HealthEndpointSupport     : Health contributor org.springframework.boot.actuate.jdbc.DataSourceHealthIndicator (db) took 27190768ms to respond
2026-08-29T11:13:46.124+05:30  INFO 38280 --- [bmp-notification-service] [pool-3-thread-1] org.apache.kafka.clients.NetworkClient   : [Consumer clientId=consumer-anonymous.71319fe6-9081-4354-a696-fc4667b331dc-4, groupId=anonymous.71319fe6-9081-4354-a696-fc4667b331dc] Node 2147483646 disconnected.
2026-08-29T11:13:46.160+05:30  INFO 38280 --- [bmp-notification-service] [pool-3-thread-1] o.a.k.c.c.internals.ConsumerCoordinator  : [Consumer clientId=consumer-anonymous.71319fe6-9081-4354-a696-fc4667b331dc-4, groupId=anonymous.71319fe6-9081-4354-a696-fc4667b331dc] Group coordinator localhost:9092 (id: 2147483646 rack: null) is unavailable or invalid due to cause: coordinator unavailable. isDisconnected: true. Rediscovery will be attempted.
2026-08-29T11:13:46.184+05:30  INFO 38280 --- [bmp-notification-service] [pool-3-thread-1] o.a.k.c.c.internals.ConsumerCoordinator  : [Consumer clientId=consumer-anonymous.71319fe6-9081-4354-a696-fc4667b331dc-4, groupId=anonymous.71319fe6-9081-4354-a696-fc4667b331dc] Discovered group coordinator localhost:9092 (id: 2147483646 rack: null)
2026-08-29T11:13:46.245+05:30  INFO 38280 --- [bmp-notification-service] [pool-3-thread-1] o.a.k.c.c.internals.ConsumerCoordinator  : [Consumer clientId=consumer-anonymous.71319fe6-9081-4354-a696-fc4667b331dc-4, groupId=anonymous.71319fe6-9081-4354-a696-fc4667b331dc] Found no committed offset for partition springCloudBus-0
2026-08-29T11:14:39.038+05:30  INFO 38280 --- [bmp-notification-service] [rap-executor-%d] c.n.d.s.r.aws.ConfigClusterResolver      : Resolving eureka endpoints via configuration
2026-08-29T11:14:48.474+05:30  INFO 38280 --- [bmp-notification-service] [pool-3-thread-1] o.a.k.c.c.internals.ConsumerCoordinator  : [Consumer clientId=consumer-anonymous.71319fe6-9081-4354-a696-fc4667b331dc-4, groupId=anonymous.71319fe6-9081-4354-a696-fc4667b331dc] Found no committed offset for partition springCloudBus-0
2026-08-29T11:15:48.495+05:30  INFO 38280 --- [bmp-notification-service] [pool-3-thread-1] o.a.k.c.c.internals.ConsumerCoordinator  : [Consumer clientId=consumer-anonymous.71319fe6-9081-4354-a696-fc4667b331dc-4, groupId=anonymous.71319fe6-9081-4354-a696-fc4667b331dc] Found no committed offset for partition springCloudBus-0
2026-08-29T11:16:48.513+05:30  INFO 38280 --- [bmp-notification-service] [pool-3-thread-1] o.a.k.c.c.internals.ConsumerCoordinator  : [Consumer clientId=consumer-anonymous.71319fe6-9081-4354-a696-fc4667b331dc-4, groupId=anonymous.71319fe6-9081-4354-a696-fc4667b331dc] Found no committed offset for partition springCloudBus-0
2026-08-29T11:17:48.546+05:30  INFO 38280 --- [bmp-notification-service] [pool-3-thread-1] o.a.k.c.c.internals.ConsumerCoordinator  : [Consumer clientId=consumer-anonymous.71319fe6-9081-4354-a696-fc4667b331dc-4, groupId=anonymous.71319fe6-9081-4354-a696-fc4667b331dc] Found no committed offset for partition springCloudBus-0
2026-08-29T11:18:48.558+05:30  INFO 38280 --- [bmp-notification-service] [pool-3-thread-1] o.a.k.c.c.internals.ConsumerCoordinator  : [Consumer clientId=consumer-anonymous.71319fe6-9081-4354-a696-fc4667b331dc-4, groupId=anonymous.71319fe6-9081-4354-a696-fc4667b331dc] Found no committed offset for partition springCloudBus-0
2026-08-29T11:19:39.056+05:30  INFO 38280 --- [bmp-notification-service] [rap-executor-%d] c.n.d.s.r.aws.ConfigClusterResolver      : Resolving eureka endpoints via configuration
2026-08-29T11:19:48.594+05:30  INFO 38280 --- [bmp-notification-service] [pool-3-thread-1] o.a.k.c.c.internals.ConsumerCoordinator  : [Consumer clientId=consumer-anonymous.71319fe6-9081-4354-a696-fc4667b331dc-4, groupId=anonymous.71319fe6-9081-4354-a696-fc4667b331dc] Found no committed offset for partition springCloudBus-0
2026-08-29T11:20:48.614+05:30  INFO 38280 --- [bmp-notification-service] [pool-3-thread-1] o.a.k.c.c.internals.ConsumerCoordinator  : [Consumer clientId=consumer-anonymous.71319fe6-9081-4354-a696-fc4667b331dc-4, groupId=anonymous.71319fe6-9081-4354-a696-fc4667b331dc] Found no committed offset for partition springCloudBus-0
2026-08-29T11:21:48.626+05:30  INFO 38280 --- [bmp-notification-service] [pool-3-thread-1] o.a.k.c.c.internals.ConsumerCoordinator  : [Consumer clientId=consumer-anonymous.71319fe6-9081-4354-a696-fc4667b331dc-4, groupId=anonymous.71319fe6-9081-4354-a696-fc4667b331dc] Found no committed offset for partition springCloudBus-0
2026-08-29T11:22:48.647+05:30  INFO 38280 --- [bmp-notification-service] [pool-3-thread-1] o.a.k.c.c.internals.ConsumerCoordinator  : [Consumer clientId=consumer-anonymous.71319fe6-9081-4354-a696-fc4667b331dc-4, groupId=anonymous.71319fe6-9081-4354-a696-fc4667b331dc] Found no committed offset for partition springCloudBus-0
2026-08-29T11:23:48.675+05:30  INFO 38280 --- [bmp-notification-service] [pool-3-thread-1] o.a.k.c.c.internals.ConsumerCoordinator  : [Consumer clientId=consumer-anonymous.71319fe6-9081-4354-a696-fc4667b331dc-4, groupId=anonymous.71319fe6-9081-4354-a696-fc4667b331dc] Found no committed offset for partition springCloudBus-0
2026-08-29T11:24:39.064+05:30  INFO 38280 --- [bmp-notification-service] [rap-executor-%d] c.n.d.s.r.aws.ConfigClusterResolver      : Resolving eureka endpoints via configuration
2026-08-29T11:24:48.697+05:30  INFO 38280 --- [bmp-notification-service] [pool-3-thread-1] o.a.k.c.c.internals.ConsumerCoordinator  : [Consumer clientId=consumer-anonymous.71319fe6-9081-4354-a696-fc4667b331dc-4, groupId=anonymous.71319fe6-9081-4354-a696-fc4667b331dc] Found no committed offset for partition springCloudBus-0
2026-08-29T11:25:48.741+05:30  INFO 38280 --- [bmp-notification-service] [pool-3-thread-1] o.a.k.c.c.internals.ConsumerCoordinator  : [Consumer clientId=consumer-anonymous.71319fe6-9081-4354-a696-fc4667b331dc-4, groupId=anonymous.71319fe6-9081-4354-a696-fc4667b331dc] Found no committed offset for partition springCloudBus-0
2026-08-29T11:26:48.765+05:30  INFO 38280 --- [bmp-notification-service] [pool-3-thread-1] o.a.k.c.c.internals.ConsumerCoordinator  : [Consumer clientId=consumer-anonymous.71319fe6-9081-4354-a696-fc4667b331dc-4, groupId=anonymous.71319fe6-9081-4354-a696-fc4667b331dc] Found no committed offset for partition springCloudBus-0
2026-08-29T11:27:48.787+05:30  INFO 38280 --- [bmp-notification-service] [pool-3-thread-1] o.a.k.c.c.internals.ConsumerCoordinator  : [Consumer clientId=consumer-anonymous.71319fe6-9081-4354-a696-fc4667b331dc-4, groupId=anonymous.71319fe6-9081-4354-a696-fc4667b331dc] Found no committed offset for partition springCloudBus-0
2026-08-29T11:28:48.810+05:30  INFO 38280 --- [bmp-notification-service] [pool-3-thread-1] o.a.k.c.c.internals.ConsumerCoordinator  : [Consumer clientId=consumer-anonymous.71319fe6-9081-4354-a696-fc4667b331dc-4, groupId=anonymous.71319fe6-9081-4354-a696-fc4667b331dc] Found no committed offset for partition springCloudBus-0
2026-08-29T11:29:39.078+05:30  INFO 38280 --- [bmp-notification-service] [rap-executor-%d] c.n.d.s.r.aws.ConfigClusterResolver      : Resolving eureka endpoints via configuration
2026-08-29T11:29:48.821+05:30  INFO 38280 --- [bmp-notification-service] [pool-3-thread-1] o.a.k.c.c.internals.ConsumerCoordinator  : [Consumer clientId=consumer-anonymous.71319fe6-9081-4354-a696-fc4667b331dc-4, groupId=anonymous.71319fe6-9081-4354-a696-fc4667b331dc] Found no committed offset for partition springCloudBus-0
2026-08-29T11:30:48.842+05:30  INFO 38280 --- [bmp-notification-service] [pool-3-thread-1] o.a.k.c.c.internals.ConsumerCoordinator  : [Consumer clientId=consumer-anonymous.71319fe6-9081-4354-a696-fc4667b331dc-4, groupId=anonymous.71319fe6-9081-4354-a696-fc4667b331dc] Found no committed offset for partition springCloudBus-0
2026-08-29T11:31:48.865+05:30  INFO 38280 --- [bmp-notification-service] [pool-3-thread-1] o.a.k.c.c.internals.ConsumerCoordinator  : [Consumer clientId=consumer-anonymous.71319fe6-9081-4354-a696-fc4667b331dc-4, groupId=anonymous.71319fe6-9081-4354-a696-fc4667b331dc] Found no committed offset for partition springCloudBus-0
2026-08-29T11:32:48.884+05:30  INFO 38280 --- [bmp-notification-service] [pool-3-thread-1] o.a.k.c.c.internals.ConsumerCoordinator  : [Consumer clientId=consumer-anonymous.71319fe6-9081-4354-a696-fc4667b331dc-4, groupId=anonymous.71319fe6-9081-4354-a696-fc4667b331dc] Found no committed offset for partition springCloudBus-0
2026-08-29T11:33:48.926+05:30  INFO 38280 --- [bmp-notification-service] [pool-3-thread-1] o.a.k.c.c.internals.ConsumerCoordinator  : [Consumer clientId=consumer-anonymous.71319fe6-9081-4354-a696-fc4667b331dc-4, groupId=anonymous.71319fe6-9081-4354-a696-fc4667b331dc] Found no committed offset for partition springCloudBus-0
2026-08-29T11:34:39.080+05:30  INFO 38280 --- [bmp-notification-service] [rap-executor-%d] c.n.d.s.r.aws.ConfigClusterResolver      : Resolving eureka endpoints via configuration
2026-08-29T11:34:48.943+05:30  INFO 38280 --- [bmp-notification-service] [pool-3-thread-1] o.a.k.c.c.internals.ConsumerCoordinator  : [Consumer clientId=consumer-anonymous.71319fe6-9081-4354-a696-fc4667b331dc-4, groupId=anonymous.71319fe6-9081-4354-a696-fc4667b331dc] Found no committed offset for partition springCloudBus-0
2026-08-29T11:35:48.957+05:30  INFO 38280 --- [bmp-notification-service] [pool-3-thread-1] o.a.k.c.c.internals.ConsumerCoordinator  : [Consumer clientId=consumer-anonymous.71319fe6-9081-4354-a696-fc4667b331dc-4, groupId=anonymous.71319fe6-9081-4354-a696-fc4667b331dc] Found no committed offset for partition springCloudBus-0
2026-08-29T11:58:08.826+05:30  INFO 38280 --- [bmp-notification-service] [ication-service] org.apache.kafka.clients.NetworkClient   : [Consumer clientId=consumer-bmp-notification-service-3, groupId=bmp-notification-service] Node 1 disconnected.
2026-08-29T11:58:08.827+05:30  INFO 38280 --- [bmp-notification-service] [96-fc4667b331dc] org.apache.kafka.clients.NetworkClient   : [Consumer clientId=consumer-anonymous.71319fe6-9081-4354-a696-fc4667b331dc-2, groupId=anonymous.71319fe6-9081-4354-a696-fc4667b331dc] Node 1 disconnected.
2026-08-29T11:58:08.830+05:30  INFO 38280 --- [bmp-notification-service] [ication-service] org.apache.kafka.clients.NetworkClient   : [Consumer clientId=consumer-bmp-notification-service-3, groupId=bmp-notification-service] Cancelled in-flight FETCH request with correlation id 20289 due to node 1 being disconnected (elapsed time since creation: 1307000ms, elapsed time since send: 1307000ms, throttle time: 0ms, request timeout: 30000ms)
2026-08-29T11:58:08.830+05:30  INFO 38280 --- [bmp-notification-service] [ication-service] org.apache.kafka.clients.NetworkClient   : [Consumer clientId=consumer-bmp-notification-service-3, groupId=bmp-notification-service] Cancelled in-flight METADATA request with correlation id 20295 due to node 1 being disconnected (elapsed time since creation: 1217ms, elapsed time since send: 1217ms, throttle time: 0ms, request timeout: 30000ms)
2026-08-29T11:58:08.831+05:30  INFO 38280 --- [bmp-notification-service] [96-fc4667b331dc] org.apache.kafka.clients.NetworkClient   : [Consumer clientId=consumer-anonymous.71319fe6-9081-4354-a696-fc4667b331dc-2, groupId=anonymous.71319fe6-9081-4354-a696-fc4667b331dc] Cancelled in-flight FETCH request with correlation id 20326 due to node 1 being disconnected (elapsed time since creation: 1307038ms, elapsed time since send: 1307038ms, throttle time: 0ms, request timeout: 30000ms)
2026-08-29T11:58:08.831+05:30  INFO 38280 --- [bmp-notification-service] [96-fc4667b331dc] org.apache.kafka.clients.NetworkClient   : [Consumer clientId=consumer-anonymous.71319fe6-9081-4354-a696-fc4667b331dc-2, groupId=anonymous.71319fe6-9081-4354-a696-fc4667b331dc] Cancelled in-flight METADATA request with correlation id 20332 due to node 1 being disconnected (elapsed time since creation: 1235ms, elapsed time since send: 1235ms, throttle time: 0ms, request timeout: 30000ms)
2026-08-29T11:58:08.832+05:30  INFO 38280 --- [bmp-notification-service] [ication-service] org.apache.kafka.clients.NetworkClient   : [Consumer clientId=consumer-bmp-notification-service-3, groupId=bmp-notification-service] Disconnecting from node 2147483646 due to request timeout.
2026-08-29T11:58:08.832+05:30  INFO 38280 --- [bmp-notification-service] [ication-service] org.apache.kafka.clients.NetworkClient   : [Consumer clientId=consumer-bmp-notification-service-3, groupId=bmp-notification-service] Cancelled in-flight HEARTBEAT request with correlation id 20290 due to node 2147483646 being disconnected (elapsed time since creation: 1306633ms, elapsed time since send: 1306633ms, throttle time: 0ms, request timeout: 30000ms)
2026-08-29T11:58:08.832+05:30  INFO 38280 --- [bmp-notification-service] [ication-service] org.apache.kafka.clients.NetworkClient   : [Consumer clientId=consumer-bmp-notification-service-3, groupId=bmp-notification-service] Cancelled in-flight HEARTBEAT request with correlation id 20291 due to node 2147483646 being disconnected (elapsed time since creation: 1303623ms, elapsed time since send: 1303623ms, throttle time: 0ms, request timeout: 30000ms)
2026-08-29T11:58:08.832+05:30  INFO 38280 --- [bmp-notification-service] [ication-service] org.apache.kafka.clients.NetworkClient   : [Consumer clientId=consumer-bmp-notification-service-3, groupId=bmp-notification-service] Cancelled in-flight HEARTBEAT request with correlation id 20292 due to node 2147483646 being disconnected (elapsed time since creation: 1300612ms, elapsed time since send: 1300612ms, throttle time: 0ms, request timeout: 30000ms)
2026-08-29T11:58:08.832+05:30  INFO 38280 --- [bmp-notification-service] [ication-service] org.apache.kafka.clients.NetworkClient   : [Consumer clientId=consumer-bmp-notification-service-3, groupId=bmp-notification-service] Cancelled in-flight HEARTBEAT request with correlation id 20293 due to node 2147483646 being disconnected (elapsed time since creation: 1297609ms, elapsed time since send: 1297609ms, throttle time: 0ms, request timeout: 30000ms)
2026-08-29T11:58:08.832+05:30  INFO 38280 --- [bmp-notification-service] [ication-service] org.apache.kafka.clients.NetworkClient   : [Consumer clientId=consumer-bmp-notification-service-3, groupId=bmp-notification-service] Cancelled in-flight HEARTBEAT request with correlation id 20294 due to node 2147483646 being disconnected (elapsed time since creation: 1294601ms, elapsed time since send: 1294601ms, throttle time: 0ms, request timeout: 30000ms)
2026-08-29T11:58:08.833+05:30  INFO 38280 --- [bmp-notification-service] [ication-service] o.a.kafka.clients.FetchSessionHandler    : [Consumer clientId=consumer-bmp-notification-service-3, groupId=bmp-notification-service] Error sending fetch request (sessionId=2029474713, epoch=2695) to node 1:

org.apache.kafka.common.errors.DisconnectException: null

2026-08-29T11:58:08.849+05:30  INFO 38280 --- [bmp-notification-service] [ication-service] o.a.k.c.c.internals.ConsumerCoordinator  : [Consumer clientId=consumer-bmp-notification-service-3, groupId=bmp-notification-service] Group coordinator localhost:9092 (id: 2147483646 rack: null) is unavailable or invalid due to cause: null. isDisconnected: true. Rediscovery will be attempted.
2026-08-29T11:58:08.832+05:30  INFO 38280 --- [bmp-notification-service] [96-fc4667b331dc] org.apache.kafka.clients.NetworkClient   : [Consumer clientId=consumer-anonymous.71319fe6-9081-4354-a696-fc4667b331dc-2, groupId=anonymous.71319fe6-9081-4354-a696-fc4667b331dc] Disconnecting from node 2147483646 due to request timeout.
2026-08-29T11:58:08.948+05:30  INFO 38280 --- [bmp-notification-service] [96-fc4667b331dc] org.apache.kafka.clients.NetworkClient   : [Consumer clientId=consumer-anonymous.71319fe6-9081-4354-a696-fc4667b331dc-2, groupId=anonymous.71319fe6-9081-4354-a696-fc4667b331dc] Cancelled in-flight HEARTBEAT request with correlation id 20327 due to node 2147483646 being disconnected (elapsed time since creation: 1306650ms, elapsed time since send: 1306650ms, throttle time: 0ms, request timeout: 30000ms)
2026-08-29T11:58:08.948+05:30  INFO 38280 --- [bmp-notification-service] [96-fc4667b331dc] org.apache.kafka.clients.NetworkClient   : [Consumer clientId=consumer-anonymous.71319fe6-9081-4354-a696-fc4667b331dc-2, groupId=anonymous.71319fe6-9081-4354-a696-fc4667b331dc] Cancelled in-flight HEARTBEAT request with correlation id 20328 due to node 2147483646 being disconnected (elapsed time since creation: 1303639ms, elapsed time since send: 1303639ms, throttle time: 0ms, request timeout: 30000ms)
2026-08-29T11:58:08.948+05:30  INFO 38280 --- [bmp-notification-service] [96-fc4667b331dc] org.apache.kafka.clients.NetworkClient   : [Consumer clientId=consumer-anonymous.71319fe6-9081-4354-a696-fc4667b331dc-2, groupId=anonymous.71319fe6-9081-4354-a696-fc4667b331dc] Cancelled in-flight HEARTBEAT request with correlation id 20329 due to node 2147483646 being disconnected (elapsed time since creation: 1300628ms, elapsed time since send: 1300628ms, throttle time: 0ms, request timeout: 30000ms)
2026-08-29T11:58:08.948+05:30  INFO 38280 --- [bmp-notification-service] [96-fc4667b331dc] org.apache.kafka.clients.NetworkClient   : [Consumer clientId=consumer-anonymous.71319fe6-9081-4354-a696-fc4667b331dc-2, groupId=anonymous.71319fe6-9081-4354-a696-fc4667b331dc] Cancelled in-flight HEARTBEAT request with correlation id 20330 due to node 2147483646 being disconnected (elapsed time since creation: 1297625ms, elapsed time since send: 1297625ms, throttle time: 0ms, request timeout: 30000ms)
2026-08-29T11:58:08.948+05:30  INFO 38280 --- [bmp-notification-service] [96-fc4667b331dc] org.apache.kafka.clients.NetworkClient   : [Consumer clientId=consumer-anonymous.71319fe6-9081-4354-a696-fc4667b331dc-2, groupId=anonymous.71319fe6-9081-4354-a696-fc4667b331dc] Cancelled in-flight HEARTBEAT request with correlation id 20331 due to node 2147483646 being disconnected (elapsed time since creation: 1294617ms, elapsed time since send: 1294617ms, throttle time: 0ms, request timeout: 30000ms)
2026-08-29T11:58:08.948+05:30  INFO 38280 --- [bmp-notification-service] [96-fc4667b331dc] o.a.kafka.clients.FetchSessionHandler    : [Consumer clientId=consumer-anonymous.71319fe6-9081-4354-a696-fc4667b331dc-2, groupId=anonymous.71319fe6-9081-4354-a696-fc4667b331dc] Error sending fetch request (sessionId=532622201, epoch=2692) to node 1:

org.apache.kafka.common.errors.DisconnectException: null

2026-08-29T11:58:08.948+05:30  INFO 38280 --- [bmp-notification-service] [96-fc4667b331dc] o.a.k.c.c.internals.ConsumerCoordinator  : [Consumer clientId=consumer-anonymous.71319fe6-9081-4354-a696-fc4667b331dc-2, groupId=anonymous.71319fe6-9081-4354-a696-fc4667b331dc] Group coordinator localhost:9092 (id: 2147483646 rack: null) is unavailable or invalid due to cause: null. isDisconnected: true. Rediscovery will be attempted.
2026-08-29T11:58:09.743+05:30  INFO 38280 --- [bmp-notification-service] [ntainer#0-0-C-1] o.a.k.c.c.internals.ConsumerCoordinator  : [Consumer clientId=consumer-bmp-notification-service-3, groupId=bmp-notification-service] Discovered group coordinator localhost:9092 (id: 2147483646 rack: null)
2026-08-29T11:58:10.264+05:30  INFO 38280 --- [bmp-notification-service] [container-0-C-1] o.a.k.c.c.internals.ConsumerCoordinator  : [Consumer clientId=consumer-anonymous.71319fe6-9081-4354-a696-fc4667b331dc-2, groupId=anonymous.71319fe6-9081-4354-a696-fc4667b331dc] Discovered group coordinator localhost:9092 (id: 2147483646 rack: null)
2026-08-29T11:58:22.131+05:30  INFO 38280 --- [bmp-notification-service] [pool-3-thread-1] org.apache.kafka.clients.NetworkClient   : [Consumer clientId=consumer-anonymous.71319fe6-9081-4354-a696-fc4667b331dc-4, groupId=anonymous.71319fe6-9081-4354-a696-fc4667b331dc] Node 2147483646 disconnected.
2026-08-29T11:58:22.135+05:30  INFO 38280 --- [bmp-notification-service] [pool-3-thread-1] o.a.k.c.c.internals.ConsumerCoordinator  : [Consumer clientId=consumer-anonymous.71319fe6-9081-4354-a696-fc4667b331dc-4, groupId=anonymous.71319fe6-9081-4354-a696-fc4667b331dc] Group coordinator localhost:9092 (id: 2147483646 rack: null) is unavailable or invalid due to cause: coordinator unavailable. isDisconnected: true. Rediscovery will be attempted.
2026-08-29T11:58:22.142+05:30  INFO 38280 --- [bmp-notification-service] [pool-3-thread-1] o.a.k.c.c.internals.ConsumerCoordinator  : [Consumer clientId=consumer-anonymous.71319fe6-9081-4354-a696-fc4667b331dc-4, groupId=anonymous.71319fe6-9081-4354-a696-fc4667b331dc] Discovered group coordinator localhost:9092 (id: 2147483646 rack: null)
2026-08-29T11:58:22.142+05:30  INFO 38280 --- [bmp-notification-service] [pool-3-thread-1] o.a.k.c.c.internals.ConsumerCoordinator  : [Consumer clientId=consumer-anonymous.71319fe6-9081-4354-a696-fc4667b331dc-4, groupId=anonymous.71319fe6-9081-4354-a696-fc4667b331dc] Group coordinator localhost:9092 (id: 2147483646 rack: null) is unavailable or invalid due to cause: coordinator unavailable. isDisconnected: false. Rediscovery will be attempted.
2026-08-29T11:58:22.143+05:30  INFO 38280 --- [bmp-notification-service] [pool-3-thread-1] o.a.k.c.c.internals.ConsumerCoordinator  : [Consumer clientId=consumer-anonymous.71319fe6-9081-4354-a696-fc4667b331dc-4, groupId=anonymous.71319fe6-9081-4354-a696-fc4667b331dc] Requesting disconnect from last known coordinator localhost:9092 (id: 2147483646 rack: null)
2026-08-29T11:58:22.269+05:30  INFO 38280 --- [bmp-notification-service] [pool-3-thread-1] o.a.k.c.c.internals.ConsumerCoordinator  : [Consumer clientId=consumer-anonymous.71319fe6-9081-4354-a696-fc4667b331dc-4, groupId=anonymous.71319fe6-9081-4354-a696-fc4667b331dc] Discovered group coordinator localhost:9092 (id: 2147483646 rack: null)
2026-08-29T11:58:22.281+05:30  INFO 38280 --- [bmp-notification-service] [pool-3-thread-1] o.a.k.c.c.internals.ConsumerCoordinator  : [Consumer clientId=consumer-anonymous.71319fe6-9081-4354-a696-fc4667b331dc-4, groupId=anonymous.71319fe6-9081-4354-a696-fc4667b331dc] Found no committed offset for partition springCloudBus-0
2026-08-29T11:58:27.524+05:30  WARN 38280 --- [bmp-notification-service] [l-1 housekeeper] com.zaxxer.hikari.pool.HikariPool        : HikariPool-1 - Thread starvation or clock leap detected (housekeeper delta=22m3s311ms749µs700ns).
2026-08-29T11:59:22.301+05:30  INFO 38280 --- [bmp-notification-service] [pool-3-thread-1] o.a.k.c.c.internals.ConsumerCoordinator  : [Consumer clientId=consumer-anonymous.71319fe6-9081-4354-a696-fc4667b331dc-4, groupId=anonymous.71319fe6-9081-4354-a696-fc4667b331dc] Found no committed offset for partition springCloudBus-0
2026-08-29T12:00:22.319+05:30  INFO 38280 --- [bmp-notification-service] [pool-3-thread-1] o.a.k.c.c.internals.ConsumerCoordinator  : [Consumer clientId=consumer-anonymous.71319fe6-9081-4354-a696-fc4667b331dc-4, groupId=anonymous.71319fe6-9081-4354-a696-fc4667b331dc] Found no committed offset for partition springCloudBus-0
2026-08-29T12:01:12.260+05:30  INFO 38280 --- [bmp-notification-service] [rap-executor-%d] c.n.d.s.r.aws.ConfigClusterResolver      : Resolving eureka endpoints via configuration
2026-08-29T12:01:22.333+05:30  INFO 38280 --- [bmp-notification-service] [pool-3-thread-1] o.a.k.c.c.internals.ConsumerCoordinator  : [Consumer clientId=consumer-anonymous.71319fe6-9081-4354-a696-fc4667b331dc-4, groupId=anonymous.71319fe6-9081-4354-a696-fc4667b331dc] Found no committed offset for partition springCloudBus-0
2026-08-29T12:02:22.358+05:30  INFO 38280 --- [bmp-notification-service] [pool-3-thread-1] o.a.k.c.c.internals.ConsumerCoordinator  : [Consumer clientId=consumer-anonymous.71319fe6-9081-4354-a696-fc4667b331dc-4, groupId=anonymous.71319fe6-9081-4354-a696-fc4667b331dc] Found no committed offset for partition springCloudBus-0
2026-08-29T12:03:22.390+05:30  INFO 38280 --- [bmp-notification-service] [pool-3-thread-1] o.a.k.c.c.internals.ConsumerCoordinator  : [Consumer clientId=consumer-anonymous.71319fe6-9081-4354-a696-fc4667b331dc-4, groupId=anonymous.71319fe6-9081-4354-a696-fc4667b331dc] Found no committed offset for partition springCloudBus-0
2026-08-29T12:04:22.402+05:30  INFO 38280 --- [bmp-notification-service] [pool-3-thread-1] o.a.k.c.c.internals.ConsumerCoordinator  : [Consumer clientId=consumer-anonymous.71319fe6-9081-4354-a696-fc4667b331dc-4, groupId=anonymous.71319fe6-9081-4354-a696-fc4667b331dc] Found no committed offset for partition springCloudBus-0
2026-08-29T12:05:22.418+05:30  INFO 38280 --- [bmp-notification-service] [pool-3-thread-1] o.a.k.c.c.internals.ConsumerCoordinator  : [Consumer clientId=consumer-anonymous.71319fe6-9081-4354-a696-fc4667b331dc-4, groupId=anonymous.71319fe6-9081-4354-a696-fc4667b331dc] Found no committed offset for partition springCloudBus-0
2026-08-29T12:06:12.267+05:30  INFO 38280 --- [bmp-notification-service] [rap-executor-%d] c.n.d.s.r.aws.ConfigClusterResolver      : Resolving eureka endpoints via configuration
2026-08-29T12:06:22.436+05:30  INFO 38280 --- [bmp-notification-service] [pool-3-thread-1] o.a.k.c.c.internals.ConsumerCoordinator  : [Consumer clientId=consumer-anonymous.71319fe6-9081-4354-a696-fc4667b331dc-4, groupId=anonymous.71319fe6-9081-4354-a696-fc4667b331dc] Found no committed offset for partition springCloudBus-0
2026-08-29T12:07:22.457+05:30  INFO 38280 --- [bmp-notification-service] [pool-3-thread-1] o.a.k.c.c.internals.ConsumerCoordinator  : [Consumer clientId=consumer-anonymous.71319fe6-9081-4354-a696-fc4667b331dc-4, groupId=anonymous.71319fe6-9081-4354-a696-fc4667b331dc] Found no committed offset for partition springCloudBus-0
2026-08-29T12:08:22.477+05:30  INFO 38280 --- [bmp-notification-service] [pool-3-thread-1] o.a.k.c.c.internals.ConsumerCoordinator  : [Consumer clientId=consumer-anonymous.71319fe6-9081-4354-a696-fc4667b331dc-4, groupId=anonymous.71319fe6-9081-4354-a696-fc4667b331dc] Found no committed offset for partition springCloudBus-0
2026-08-29T12:09:22.497+05:30  INFO 38280 --- [bmp-notification-service] [pool-3-thread-1] o.a.k.c.c.internals.ConsumerCoordinator  : [Consumer clientId=consumer-anonymous.71319fe6-9081-4354-a696-fc4667b331dc-4, groupId=anonymous.71319fe6-9081-4354-a696-fc4667b331dc] Found no committed offset for partition springCloudBus-0
2026-08-29T12:10:22.520+05:30  INFO 38280 --- [bmp-notification-service] [pool-3-thread-1] o.a.k.c.c.internals.ConsumerCoordinator  : [Consumer clientId=consumer-anonymous.71319fe6-9081-4354-a696-fc4667b331dc-4, groupId=anonymous.71319fe6-9081-4354-a696-fc4667b331dc] Found no committed offset for partition springCloudBus-0
2026-08-29T12:11:12.283+05:30  INFO 38280 --- [bmp-notification-service] [rap-executor-%d] c.n.d.s.r.aws.ConfigClusterResolver      : Resolving eureka endpoints via configuration
2026-08-29T12:11:22.547+05:30  INFO 38280 --- [bmp-notification-service] [pool-3-thread-1] o.a.k.c.c.internals.ConsumerCoordinator  : [Consumer clientId=consumer-anonymous.71319fe6-9081-4354-a696-fc4667b331dc-4, groupId=anonymous.71319fe6-9081-4354-a696-fc4667b331dc] Found no committed offset for partition springCloudBus-0
2026-08-29T12:12:22.562+05:30  INFO 38280 --- [bmp-notification-service] [pool-3-thread-1] o.a.k.c.c.internals.ConsumerCoordinator  : [Consumer clientId=consumer-anonymous.71319fe6-9081-4354-a696-fc4667b331dc-4, groupId=anonymous.71319fe6-9081-4354-a696-fc4667b331dc] Found no committed offset for partition springCloudBus-0
2026-08-29T12:13:22.580+05:30  INFO 38280 --- [bmp-notification-service] [pool-3-thread-1] o.a.k.c.c.internals.ConsumerCoordinator  : [Consumer clientId=consumer-anonymous.71319fe6-9081-4354-a696-fc4667b331dc-4, groupId=anonymous.71319fe6-9081-4354-a696-fc4667b331dc] Found no committed offset for partition springCloudBus-0
2026-08-29T12:14:22.599+05:30  INFO 38280 --- [bmp-notification-service] [pool-3-thread-1] o.a.k.c.c.internals.ConsumerCoordinator  : [Consumer clientId=consumer-anonymous.71319fe6-9081-4354-a696-fc4667b331dc-4, groupId=anonymous.71319fe6-9081-4354-a696-fc4667b331dc] Found no committed offset for partition springCloudBus-0
2026-08-29T12:15:22.622+05:30  INFO 38280 --- [bmp-notification-service] [pool-3-thread-1] o.a.k.c.c.internals.ConsumerCoordinator  : [Consumer clientId=consumer-anonymous.71319fe6-9081-4354-a696-fc4667b331dc-4, groupId=anonymous.71319fe6-9081-4354-a696-fc4667b331dc] Found no committed offset for partition springCloudBus-0
2026-08-29T12:16:12.296+05:30  INFO 38280 --- [bmp-notification-service] [rap-executor-%d] c.n.d.s.r.aws.ConfigClusterResolver      : Resolving eureka endpoints via configuration
2026-08-29T12:16:22.645+05:30  INFO 38280 --- [bmp-notification-service] [pool-3-thread-1] o.a.k.c.c.internals.ConsumerCoordinator  : [Consumer clientId=consumer-anonymous.71319fe6-9081-4354-a696-fc4667b331dc-4, groupId=anonymous.71319fe6-9081-4354-a696-fc4667b331dc] Found no committed offset for partition springCloudBus-0
2026-08-29T12:17:22.656+05:30  INFO 38280 --- [bmp-notification-service] [pool-3-thread-1] o.a.k.c.c.internals.ConsumerCoordinator  : [Consumer clientId=consumer-anonymous.71319fe6-9081-4354-a696-fc4667b331dc-4, groupId=anonymous.71319fe6-9081-4354-a696-fc4667b331dc] Found no committed offset for partition springCloudBus-0
2026-08-29T12:18:22.677+05:30  INFO 38280 --- [bmp-notification-service] [pool-3-thread-1] o.a.k.c.c.internals.ConsumerCoordinator  : [Consumer clientId=consumer-anonymous.71319fe6-9081-4354-a696-fc4667b331dc-4, groupId=anonymous.71319fe6-9081-4354-a696-fc4667b331dc] Found no committed offset for partition springCloudBus-0
2026-08-29T12:19:22.697+05:30  INFO 38280 --- [bmp-notification-service] [pool-3-thread-1] o.a.k.c.c.internals.ConsumerCoordinator  : [Consumer clientId=consumer-anonymous.71319fe6-9081-4354-a696-fc4667b331dc-4, groupId=anonymous.71319fe6-9081-4354-a696-fc4667b331dc] Found no committed offset for partition springCloudBus-0
2026-08-29T12:20:22.720+05:30  INFO 38280 --- [bmp-notification-service] [pool-3-thread-1] o.a.k.c.c.internals.ConsumerCoordinator  : [Consumer clientId=consumer-anonymous.71319fe6-9081-4354-a696-fc4667b331dc-4, groupId=anonymous.71319fe6-9081-4354-a696-fc4667b331dc] Found no committed offset for partition springCloudBus-0
2026-08-29T12:21:12.297+05:30  INFO 38280 --- [bmp-notification-service] [rap-executor-%d] c.n.d.s.r.aws.ConfigClusterResolver      : Resolving eureka endpoints via configuration
2026-08-29T12:21:22.732+05:30  INFO 38280 --- [bmp-notification-service] [pool-3-thread-1] o.a.k.c.c.internals.ConsumerCoordinator  : [Consumer clientId=consumer-anonymous.71319fe6-9081-4354-a696-fc4667b331dc-4, groupId=anonymous.71319fe6-9081-4354-a696-fc4667b331dc] Found no committed offset for partition springCloudBus-0
2026-08-29T12:22:22.757+05:30  INFO 38280 --- [bmp-notification-service] [pool-3-thread-1] o.a.k.c.c.internals.ConsumerCoordinator  : [Consumer clientId=consumer-anonymous.71319fe6-9081-4354-a696-fc4667b331dc-4, groupId=anonymous.71319fe6-9081-4354-a696-fc4667b331dc] Found no committed offset for partition springCloudBus-0
2026-08-29T12:23:22.779+05:30  INFO 38280 --- [bmp-notification-service] [pool-3-thread-1] o.a.k.c.c.internals.ConsumerCoordinator  : [Consumer clientId=consumer-anonymous.71319fe6-9081-4354-a696-fc4667b331dc-4, groupId=anonymous.71319fe6-9081-4354-a696-fc4667b331dc] Found no committed offset for partition springCloudBus-0
2026-08-29T12:24:22.800+05:30  INFO 38280 --- [bmp-notification-service] [pool-3-thread-1] o.a.k.c.c.internals.ConsumerCoordinator  : [Consumer clientId=consumer-anonymous.71319fe6-9081-4354-a696-fc4667b331dc-4, groupId=anonymous.71319fe6-9081-4354-a696-fc4667b331dc] Found no committed offset for partition springCloudBus-0
2026-08-29T12:25:22.813+05:30  INFO 38280 --- [bmp-notification-service] [pool-3-thread-1] o.a.k.c.c.internals.ConsumerCoordinator  : [Consumer clientId=consumer-anonymous.71319fe6-9081-4354-a696-fc4667b331dc-4, groupId=anonymous.71319fe6-9081-4354-a696-fc4667b331dc] Found no committed offset for partition springCloudBus-0
2026-08-29T12:26:12.307+05:30  INFO 38280 --- [bmp-notification-service] [rap-executor-%d] c.n.d.s.r.aws.ConfigClusterResolver      : Resolving eureka endpoints via configuration
2026-08-29T12:26:22.841+05:30  INFO 38280 --- [bmp-notification-service] [pool-3-thread-1] o.a.k.c.c.internals.ConsumerCoordinator  : [Consumer clientId=consumer-anonymous.71319fe6-9081-4354-a696-fc4667b331dc-4, groupId=anonymous.71319fe6-9081-4354-a696-fc4667b331dc] Found no committed offset for partition springCloudBus-0
2026-08-29T12:27:22.872+05:30  INFO 38280 --- [bmp-notification-service] [pool-3-thread-1] o.a.k.c.c.internals.ConsumerCoordinator  : [Consumer clientId=consumer-anonymous.71319fe6-9081-4354-a696-fc4667b331dc-4, groupId=anonymous.71319fe6-9081-4354-a696-fc4667b331dc] Found no committed offset for partition springCloudBus-0
2026-08-29T12:28:22.911+05:30  INFO 38280 --- [bmp-notification-service] [pool-3-thread-1] o.a.k.c.c.internals.ConsumerCoordinator  : [Consumer clientId=consumer-anonymous.71319fe6-9081-4354-a696-fc4667b331dc-4, groupId=anonymous.71319fe6-9081-4354-a696-fc4667b331dc] Found no committed offset for partition springCloudBus-0
2026-08-29T12:29:22.945+05:30  INFO 38280 --- [bmp-notification-service] [pool-3-thread-1] o.a.k.c.c.internals.ConsumerCoordinator  : [Consumer clientId=consumer-anonymous.71319fe6-9081-4354-a696-fc4667b331dc-4, groupId=anonymous.71319fe6-9081-4354-a696-fc4667b331dc] Found no committed offset for partition springCloudBus-0
2026-08-29T12:30:23.008+05:30  INFO 38280 --- [bmp-notification-service] [pool-3-thread-1] o.a.k.c.c.internals.ConsumerCoordinator  : [Consumer clientId=consumer-anonymous.71319fe6-9081-4354-a696-fc4667b331dc-4, groupId=anonymous.71319fe6-9081-4354-a696-fc4667b331dc] Found no committed offset for partition springCloudBus-0
2026-08-29T12:31:12.317+05:30  INFO 38280 --- [bmp-notification-service] [rap-executor-%d] c.n.d.s.r.aws.ConfigClusterResolver      : Resolving eureka endpoints via configuration
2026-08-29T12:31:23.058+05:30  INFO 38280 --- [bmp-notification-service] [pool-3-thread-1] o.a.k.c.c.internals.ConsumerCoordinator  : [Consumer clientId=consumer-anonymous.71319fe6-9081-4354-a696-fc4667b331dc-4, groupId=anonymous.71319fe6-9081-4354-a696-fc4667b331dc] Found no committed offset for partition springCloudBus-0
2026-08-29T12:32:23.084+05:30  INFO 38280 --- [bmp-notification-service] [pool-3-thread-1] o.a.k.c.c.internals.ConsumerCoordinator  : [Consumer clientId=consumer-anonymous.71319fe6-9081-4354-a696-fc4667b331dc-4, groupId=anonymous.71319fe6-9081-4354-a696-fc4667b331dc] Found no committed offset for partition springCloudBus-0
2026-08-29T12:33:23.119+05:30  INFO 38280 --- [bmp-notification-service] [pool-3-thread-1] o.a.k.c.c.internals.ConsumerCoordinator  : [Consumer clientId=consumer-anonymous.71319fe6-9081-4354-a696-fc4667b331dc-4, groupId=anonymous.71319fe6-9081-4354-a696-fc4667b331dc] Found no committed offset for partition springCloudBus-0
2026-08-29T12:34:23.145+05:30  INFO 38280 --- [bmp-notification-service] [pool-3-thread-1] o.a.k.c.c.internals.ConsumerCoordinator  : [Consumer clientId=consumer-anonymous.71319fe6-9081-4354-a696-fc4667b331dc-4, groupId=anonymous.71319fe6-9081-4354-a696-fc4667b331dc] Found no committed offset for partition springCloudBus-0
2026-08-29T12:35:23.163+05:30  INFO 38280 --- [bmp-notification-service] [pool-3-thread-1] o.a.k.c.c.internals.ConsumerCoordinator  : [Consumer clientId=consumer-anonymous.71319fe6-9081-4354-a696-fc4667b331dc-4, groupId=anonymous.71319fe6-9081-4354-a696-fc4667b331dc] Found no committed offset for partition springCloudBus-0
2026-08-29T12:36:12.332+05:30  INFO 38280 --- [bmp-notification-service] [rap-executor-%d] c.n.d.s.r.aws.ConfigClusterResolver      : Resolving eureka endpoints via configuration
2026-08-29T12:36:23.186+05:30  INFO 38280 --- [bmp-notification-service] [pool-3-thread-1] o.a.k.c.c.internals.ConsumerCoordinator  : [Consumer clientId=consumer-anonymous.71319fe6-9081-4354-a696-fc4667b331dc-4, groupId=anonymous.71319fe6-9081-4354-a696-fc4667b331dc] Found no committed offset for partition springCloudBus-0
2026-08-29T12:37:23.217+05:30  INFO 38280 --- [bmp-notification-service] [pool-3-thread-1] o.a.k.c.c.internals.ConsumerCoordinator  : [Consumer clientId=consumer-anonymous.71319fe6-9081-4354-a696-fc4667b331dc-4, groupId=anonymous.71319fe6-9081-4354-a696-fc4667b331dc] Found no committed offset for partition springCloudBus-0
2026-08-29T12:38:23.247+05:30  INFO 38280 --- [bmp-notification-service] [pool-3-thread-1] o.a.k.c.c.internals.ConsumerCoordinator  : [Consumer clientId=consumer-anonymous.71319fe6-9081-4354-a696-fc4667b331dc-4, groupId=anonymous.71319fe6-9081-4354-a696-fc4667b331dc] Found no committed offset for partition springCloudBus-0
2026-08-29T12:39:23.261+05:30  INFO 38280 --- [bmp-notification-service] [pool-3-thread-1] o.a.k.c.c.internals.ConsumerCoordinator  : [Consumer clientId=consumer-anonymous.71319fe6-9081-4354-a696-fc4667b331dc-4, groupId=anonymous.71319fe6-9081-4354-a696-fc4667b331dc] Found no committed offset for partition springCloudBus-0
2026-08-29T12:40:23.287+05:30  INFO 38280 --- [bmp-notification-service] [pool-3-thread-1] o.a.k.c.c.internals.ConsumerCoordinator  : [Consumer clientId=consumer-anonymous.71319fe6-9081-4354-a696-fc4667b331dc-4, groupId=anonymous.71319fe6-9081-4354-a696-fc4667b331dc] Found no committed offset for partition springCloudBus-0
2026-08-29T12:41:12.347+05:30  INFO 38280 --- [bmp-notification-service] [rap-executor-%d] c.n.d.s.r.aws.ConfigClusterResolver      : Resolving eureka endpoints via configuration
2026-08-29T12:41:23.341+05:30  INFO 38280 --- [bmp-notification-service] [pool-3-thread-1] o.a.k.c.c.internals.ConsumerCoordinator  : [Consumer clientId=consumer-anonymous.71319fe6-9081-4354-a696-fc4667b331dc-4, groupId=anonymous.71319fe6-9081-4354-a696-fc4667b331dc] Found no committed offset for partition springCloudBus-0
2026-08-29T12:42:23.452+05:30  INFO 38280 --- [bmp-notification-service] [pool-3-thread-1] o.a.k.c.c.internals.ConsumerCoordinator  : [Consumer clientId=consumer-anonymous.71319fe6-9081-4354-a696-fc4667b331dc-4, groupId=anonymous.71319fe6-9081-4354-a696-fc4667b331dc] Found no committed offset for partition springCloudBus-0
2026-08-29T12:43:23.732+05:30  INFO 38280 --- [bmp-notification-service] [pool-3-thread-1] o.a.k.c.c.internals.ConsumerCoordinator  : [Consumer clientId=consumer-anonymous.71319fe6-9081-4354-a696-fc4667b331dc-4, groupId=anonymous.71319fe6-9081-4354-a696-fc4667b331dc] Found no committed offset for partition springCloudBus-0
2026-08-29T12:44:23.814+05:30  INFO 38280 --- [bmp-notification-service] [pool-3-thread-1] o.a.k.c.c.internals.ConsumerCoordinator  : [Consumer clientId=consumer-anonymous.71319fe6-9081-4354-a696-fc4667b331dc-4, groupId=anonymous.71319fe6-9081-4354-a696-fc4667b331dc] Found no committed offset for partition springCloudBus-0
2026-08-29T12:45:23.829+05:30  INFO 38280 --- [bmp-notification-service] [pool-3-thread-1] o.a.k.c.c.internals.ConsumerCoordinator  : [Consumer clientId=consumer-anonymous.71319fe6-9081-4354-a696-fc4667b331dc-4, groupId=anonymous.71319fe6-9081-4354-a696-fc4667b331dc] Found no committed offset for partition springCloudBus-0
2026-08-29T12:46:12.352+05:30  INFO 38280 --- [bmp-notification-service] [rap-executor-%d] c.n.d.s.r.aws.ConfigClusterResolver      : Resolving eureka endpoints via configuration
2026-08-29T12:46:24.153+05:30  INFO 38280 --- [bmp-notification-service] [pool-3-thread-1] o.a.k.c.c.internals.ConsumerCoordinator  : [Consumer clientId=consumer-anonymous.71319fe6-9081-4354-a696-fc4667b331dc-4, groupId=anonymous.71319fe6-9081-4354-a696-fc4667b331dc] Found no committed offset for partition springCloudBus-0
2026-08-29T12:47:24.199+05:30  INFO 38280 --- [bmp-notification-service] [pool-3-thread-1] o.a.k.c.c.internals.ConsumerCoordinator  : [Consumer clientId=consumer-anonymous.71319fe6-9081-4354-a696-fc4667b331dc-4, groupId=anonymous.71319fe6-9081-4354-a696-fc4667b331dc] Found no committed offset for partition springCloudBus-0
2026-08-29T12:48:24.225+05:30  INFO 38280 --- [bmp-notification-service] [pool-3-thread-1] o.a.k.c.c.internals.ConsumerCoordinator  : [Consumer clientId=consumer-anonymous.71319fe6-9081-4354-a696-fc4667b331dc-4, groupId=anonymous.71319fe6-9081-4354-a696-fc4667b331dc] Found no committed offset for partition springCloudBus-0
2026-08-29T12:49:24.250+05:30  INFO 38280 --- [bmp-notification-service] [pool-3-thread-1] o.a.k.c.c.internals.ConsumerCoordinator  : [Consumer clientId=consumer-anonymous.71319fe6-9081-4354-a696-fc4667b331dc-4, groupId=anonymous.71319fe6-9081-4354-a696-fc4667b331dc] Found no committed offset for partition springCloudBus-0
2026-08-29T12:50:24.285+05:30  INFO 38280 --- [bmp-notification-service] [pool-3-thread-1] o.a.k.c.c.internals.ConsumerCoordinator  : [Consumer clientId=consumer-anonymous.71319fe6-9081-4354-a696-fc4667b331dc-4, groupId=anonymous.71319fe6-9081-4354-a696-fc4667b331dc] Found no committed offset for partition springCloudBus-0
2026-08-29T12:51:12.359+05:30  INFO 38280 --- [bmp-notification-service] [rap-executor-%d] c.n.d.s.r.aws.ConfigClusterResolver      : Resolving eureka endpoints via configuration
2026-08-29T12:51:24.308+05:30  INFO 38280 --- [bmp-notification-service] [pool-3-thread-1] o.a.k.c.c.internals.ConsumerCoordinator  : [Consumer clientId=consumer-anonymous.71319fe6-9081-4354-a696-fc4667b331dc-4, groupId=anonymous.71319fe6-9081-4354-a696-fc4667b331dc] Found no committed offset for partition springCloudBus-0
2026-08-29T12:52:24.330+05:30  INFO 38280 --- [bmp-notification-service] [pool-3-thread-1] o.a.k.c.c.internals.ConsumerCoordinator  : [Consumer clientId=consumer-anonymous.71319fe6-9081-4354-a696-fc4667b331dc-4, groupId=anonymous.71319fe6-9081-4354-a696-fc4667b331dc] Found no committed offset for partition springCloudBus-0
2026-08-29T12:53:24.358+05:30  INFO 38280 --- [bmp-notification-service] [pool-3-thread-1] o.a.k.c.c.internals.ConsumerCoordinator  : [Consumer clientId=consumer-anonymous.71319fe6-9081-4354-a696-fc4667b331dc-4, groupId=anonymous.71319fe6-9081-4354-a696-fc4667b331dc] Found no committed offset for partition springCloudBus-0
2026-08-29T12:54:24.372+05:30  INFO 38280 --- [bmp-notification-service] [pool-3-thread-1] o.a.k.c.c.internals.ConsumerCoordinator  : [Consumer clientId=consumer-anonymous.71319fe6-9081-4354-a696-fc4667b331dc-4, groupId=anonymous.71319fe6-9081-4354-a696-fc4667b331dc] Found no committed offset for partition springCloudBus-0
2026-08-29T12:55:24.392+05:30  INFO 38280 --- [bmp-notification-service] [pool-3-thread-1] o.a.k.c.c.internals.ConsumerCoordinator  : [Consumer clientId=consumer-anonymous.71319fe6-9081-4354-a696-fc4667b331dc-4, groupId=anonymous.71319fe6-9081-4354-a696-fc4667b331dc] Found no committed offset for partition springCloudBus-0
2026-08-29T12:56:12.363+05:30  INFO 38280 --- [bmp-notification-service] [rap-executor-%d] c.n.d.s.r.aws.ConfigClusterResolver      : Resolving eureka endpoints via configuration
2026-08-29T12:56:24.418+05:30  INFO 38280 --- [bmp-notification-service] [pool-3-thread-1] o.a.k.c.c.internals.ConsumerCoordinator  : [Consumer clientId=consumer-anonymous.71319fe6-9081-4354-a696-fc4667b331dc-4, groupId=anonymous.71319fe6-9081-4354-a696-fc4667b331dc] Found no committed offset for partition springCloudBus-0
2026-08-29T12:57:24.435+05:30  INFO 38280 --- [bmp-notification-service] [pool-3-thread-1] o.a.k.c.c.internals.ConsumerCoordinator  : [Consumer clientId=consumer-anonymous.71319fe6-9081-4354-a696-fc4667b331dc-4, groupId=anonymous.71319fe6-9081-4354-a696-fc4667b331dc] Found no committed offset for partition springCloudBus-0
2026-08-29T12:58:24.460+05:30  INFO 38280 --- [bmp-notification-service] [pool-3-thread-1] o.a.k.c.c.internals.ConsumerCoordinator  : [Consumer clientId=consumer-anonymous.71319fe6-9081-4354-a696-fc4667b331dc-4, groupId=anonymous.71319fe6-9081-4354-a696-fc4667b331dc] Found no committed offset for partition springCloudBus-0
2026-08-29T12:59:24.514+05:30  INFO 38280 --- [bmp-notification-service] [pool-3-thread-1] o.a.k.c.c.internals.ConsumerCoordinator  : [Consumer clientId=consumer-anonymous.71319fe6-9081-4354-a696-fc4667b331dc-4, groupId=anonymous.71319fe6-9081-4354-a696-fc4667b331dc] Found no committed offset for partition springCloudBus-0
2026-08-29T13:00:24.542+05:30  INFO 38280 --- [bmp-notification-service] [pool-3-thread-1] o.a.k.c.c.internals.ConsumerCoordinator  : [Consumer clientId=consumer-anonymous.71319fe6-9081-4354-a696-fc4667b331dc-4, groupId=anonymous.71319fe6-9081-4354-a696-fc4667b331dc] Found no committed offset for partition springCloudBus-0
2026-08-29T13:01:12.369+05:30  INFO 38280 --- [bmp-notification-service] [rap-executor-%d] c.n.d.s.r.aws.ConfigClusterResolver      : Resolving eureka endpoints via configuration
2026-08-29T13:01:24.578+05:30  INFO 38280 --- [bmp-notification-service] [pool-3-thread-1] o.a.k.c.c.internals.ConsumerCoordinator  : [Consumer clientId=consumer-anonymous.71319fe6-9081-4354-a696-fc4667b331dc-4, groupId=anonymous.71319fe6-9081-4354-a696-fc4667b331dc] Found no committed offset for partition springCloudBus-0
2026-08-29T14:26:53.590+05:30  INFO 38280 --- [bmp-notification-service] [container-0-C-1] org.apache.kafka.clients.NetworkClient   : [Consumer clientId=consumer-anonymous.71319fe6-9081-4354-a696-fc4667b331dc-2, groupId=anonymous.71319fe6-9081-4354-a696-fc4667b331dc] Node 1 disconnected.
2026-08-29T14:26:53.590+05:30  INFO 38280 --- [bmp-notification-service] [ntainer#0-0-C-1] org.apache.kafka.clients.NetworkClient   : [Consumer clientId=consumer-bmp-notification-service-3, groupId=bmp-notification-service] Node 1 disconnected.
2026-08-29T14:26:53.592+05:30  INFO 38280 --- [bmp-notification-service] [ntainer#0-0-C-1] org.apache.kafka.clients.NetworkClient   : [Consumer clientId=consumer-bmp-notification-service-3, groupId=bmp-notification-service] Cancelled in-flight FETCH request with correlation id 29094 due to node 1 being disconnected (elapsed time since creation: 5101124ms, elapsed time since send: 5101124ms, throttle time: 0ms, request timeout: 30000ms)
2026-08-29T14:26:53.592+05:30  INFO 38280 --- [bmp-notification-service] [container-0-C-1] org.apache.kafka.clients.NetworkClient   : [Consumer clientId=consumer-anonymous.71319fe6-9081-4354-a696-fc4667b331dc-2, groupId=anonymous.71319fe6-9081-4354-a696-fc4667b331dc] Cancelled in-flight FETCH request with correlation id 29130 due to node 1 being disconnected (elapsed time since creation: 5101007ms, elapsed time since send: 5101007ms, throttle time: 0ms, request timeout: 30000ms)
2026-08-29T14:26:53.594+05:30  INFO 38280 --- [bmp-notification-service] [ntainer#0-0-C-1] org.apache.kafka.clients.NetworkClient   : [Consumer clientId=consumer-bmp-notification-service-3, groupId=bmp-notification-service] Disconnecting from node 2147483646 due to request timeout.
2026-08-29T14:26:53.594+05:30  INFO 38280 --- [bmp-notification-service] [ntainer#0-0-C-1] org.apache.kafka.clients.NetworkClient   : [Consumer clientId=consumer-bmp-notification-service-3, groupId=bmp-notification-service] Cancelled in-flight HEARTBEAT request with correlation id 29095 due to node 2147483646 being disconnected (elapsed time since creation: 5099316ms, elapsed time since send: 5099316ms, throttle time: 0ms, request timeout: 30000ms)
2026-08-29T14:26:53.594+05:30  INFO 38280 --- [bmp-notification-service] [ntainer#0-0-C-1] org.apache.kafka.clients.NetworkClient   : [Consumer clientId=consumer-bmp-notification-service-3, groupId=bmp-notification-service] Cancelled in-flight HEARTBEAT request with correlation id 29096 due to node 2147483646 being disconnected (elapsed time since creation: 5096311ms, elapsed time since send: 5096311ms, throttle time: 0ms, request timeout: 30000ms)
2026-08-29T14:26:53.594+05:30  INFO 38280 --- [bmp-notification-service] [ntainer#0-0-C-1] org.apache.kafka.clients.NetworkClient   : [Consumer clientId=consumer-bmp-notification-service-3, groupId=bmp-notification-service] Cancelled in-flight HEARTBEAT request with correlation id 29097 due to node 2147483646 being disconnected (elapsed time since creation: 5093309ms, elapsed time since send: 5093309ms, throttle time: 0ms, request timeout: 30000ms)
2026-08-29T14:26:53.594+05:30  INFO 38280 --- [bmp-notification-service] [ntainer#0-0-C-1] org.apache.kafka.clients.NetworkClient   : [Consumer clientId=consumer-bmp-notification-service-3, groupId=bmp-notification-service] Cancelled in-flight HEARTBEAT request with correlation id 29098 due to node 2147483646 being disconnected (elapsed time since creation: 5090300ms, elapsed time since send: 5090300ms, throttle time: 0ms, request timeout: 30000ms)
2026-08-29T14:26:53.594+05:30  INFO 38280 --- [bmp-notification-service] [container-0-C-1] org.apache.kafka.clients.NetworkClient   : [Consumer clientId=consumer-anonymous.71319fe6-9081-4354-a696-fc4667b331dc-2, groupId=anonymous.71319fe6-9081-4354-a696-fc4667b331dc] Disconnecting from node 2147483646 due to request timeout.
2026-08-29T14:26:53.594+05:30  INFO 38280 --- [bmp-notification-service] [container-0-C-1] org.apache.kafka.clients.NetworkClient   : [Consumer clientId=consumer-anonymous.71319fe6-9081-4354-a696-fc4667b331dc-2, groupId=anonymous.71319fe6-9081-4354-a696-fc4667b331dc] Cancelled in-flight HEARTBEAT request with correlation id 29131 due to node 2147483646 being disconnected (elapsed time since creation: 5098414ms, elapsed time since send: 5098414ms, throttle time: 0ms, request timeout: 30000ms)
2026-08-29T14:26:53.594+05:30  INFO 38280 --- [bmp-notification-service] [container-0-C-1] org.apache.kafka.clients.NetworkClient   : [Consumer clientId=consumer-anonymous.71319fe6-9081-4354-a696-fc4667b331dc-2, groupId=anonymous.71319fe6-9081-4354-a696-fc4667b331dc] Cancelled in-flight HEARTBEAT request with correlation id 29132 due to node 2147483646 being disconnected (elapsed time since creation: 5095399ms, elapsed time since send: 5095399ms, throttle time: 0ms, request timeout: 30000ms)
2026-08-29T14:26:53.594+05:30  INFO 38280 --- [bmp-notification-service] [container-0-C-1] org.apache.kafka.clients.NetworkClient   : [Consumer clientId=consumer-anonymous.71319fe6-9081-4354-a696-fc4667b331dc-2, groupId=anonymous.71319fe6-9081-4354-a696-fc4667b331dc] Cancelled in-flight HEARTBEAT request with correlation id 29133 due to node 2147483646 being disconnected (elapsed time since creation: 5092390ms, elapsed time since send: 5092389ms, throttle time: 0ms, request timeout: 30000ms)
2026-08-29T14:26:53.594+05:30  INFO 38280 --- [bmp-notification-service] [container-0-C-1] org.apache.kafka.clients.NetworkClient   : [Consumer clientId=consumer-anonymous.71319fe6-9081-4354-a696-fc4667b331dc-2, groupId=anonymous.71319fe6-9081-4354-a696-fc4667b331dc] Cancelled in-flight HEARTBEAT request with correlation id 29134 due to node 2147483646 being disconnected (elapsed time since creation: 5089381ms, elapsed time since send: 5089380ms, throttle time: 0ms, request timeout: 30000ms)
2026-08-29T14:26:53.613+05:30  INFO 38280 --- [bmp-notification-service] [ication-service] o.a.k.c.c.internals.ConsumerCoordinator  : [Consumer clientId=consumer-bmp-notification-service-3, groupId=bmp-notification-service] Group coordinator localhost:9092 (id: 2147483646 rack: null) is unavailable or invalid due to cause: null. isDisconnected: true. Rediscovery will be attempted.
2026-08-29T14:26:53.613+05:30  INFO 38280 --- [bmp-notification-service] [container-0-C-1] o.a.kafka.clients.FetchSessionHandler    : [Consumer clientId=consumer-anonymous.71319fe6-9081-4354-a696-fc4667b331dc-2, groupId=anonymous.71319fe6-9081-4354-a696-fc4667b331dc] Error sending fetch request (sessionId=850802979, epoch=7496) to node 1:

org.apache.kafka.common.errors.DisconnectException: null

2026-08-29T14:26:53.613+05:30  INFO 38280 --- [bmp-notification-service] [ntainer#0-0-C-1] o.a.kafka.clients.FetchSessionHandler    : [Consumer clientId=consumer-bmp-notification-service-3, groupId=bmp-notification-service] Error sending fetch request (sessionId=407001588, epoch=7498) to node 1:

org.apache.kafka.common.errors.DisconnectException: null

2026-08-29T14:26:53.658+05:30  INFO 38280 --- [bmp-notification-service] [96-fc4667b331dc] o.a.k.c.c.internals.ConsumerCoordinator  : [Consumer clientId=consumer-anonymous.71319fe6-9081-4354-a696-fc4667b331dc-2, groupId=anonymous.71319fe6-9081-4354-a696-fc4667b331dc] Group coordinator localhost:9092 (id: 2147483646 rack: null) is unavailable or invalid due to cause: null. isDisconnected: true. Rediscovery will be attempted.
2026-08-29T14:26:54.965+05:30  WARN 38280 --- [bmp-notification-service] [nio-8089-exec-2] o.s.b.a.health.HealthEndpointSupport     : Health contributor org.springframework.cloud.stream.binder.kafka.KafkaBinderHealthIndicator (binders/kafka) took 5101390ms to respond
2026-08-29T14:26:56.090+05:30  INFO 38280 --- [bmp-notification-service] [ntainer#0-0-C-1] o.a.k.c.c.internals.ConsumerCoordinator  : [Consumer clientId=consumer-bmp-notification-service-3, groupId=bmp-notification-service] Discovered group coordinator localhost:9092 (id: 2147483646 rack: null)
2026-08-29T14:26:56.324+05:30  INFO 38280 --- [bmp-notification-service] [container-0-C-1] o.a.k.c.c.internals.ConsumerCoordinator  : [Consumer clientId=consumer-anonymous.71319fe6-9081-4354-a696-fc4667b331dc-2, groupId=anonymous.71319fe6-9081-4354-a696-fc4667b331dc] Discovered group coordinator localhost:9092 (id: 2147483646 rack: null)
2026-08-29T14:27:11.476+05:30  INFO 38280 --- [bmp-notification-service] [pool-3-thread-1] org.apache.kafka.clients.NetworkClient   : [Consumer clientId=consumer-anonymous.71319fe6-9081-4354-a696-fc4667b331dc-4, groupId=anonymous.71319fe6-9081-4354-a696-fc4667b331dc] Node 2147483646 disconnected.
2026-08-29T14:27:11.488+05:30  INFO 38280 --- [bmp-notification-service] [pool-3-thread-1] o.a.k.c.c.internals.ConsumerCoordinator  : [Consumer clientId=consumer-anonymous.71319fe6-9081-4354-a696-fc4667b331dc-4, groupId=anonymous.71319fe6-9081-4354-a696-fc4667b331dc] Group coordinator localhost:9092 (id: 2147483646 rack: null) is unavailable or invalid due to cause: coordinator unavailable. isDisconnected: true. Rediscovery will be attempted.
2026-08-29T14:27:11.496+05:30  INFO 38280 --- [bmp-notification-service] [pool-3-thread-1] o.a.k.c.c.internals.ConsumerCoordinator  : [Consumer clientId=consumer-anonymous.71319fe6-9081-4354-a696-fc4667b331dc-4, groupId=anonymous.71319fe6-9081-4354-a696-fc4667b331dc] Discovered group coordinator localhost:9092 (id: 2147483646 rack: null)
2026-08-29T14:27:11.496+05:30  INFO 38280 --- [bmp-notification-service] [pool-3-thread-1] o.a.k.c.c.internals.ConsumerCoordinator  : [Consumer clientId=consumer-anonymous.71319fe6-9081-4354-a696-fc4667b331dc-4, groupId=anonymous.71319fe6-9081-4354-a696-fc4667b331dc] Group coordinator localhost:9092 (id: 2147483646 rack: null) is unavailable or invalid due to cause: coordinator unavailable. isDisconnected: false. Rediscovery will be attempted.
2026-08-29T14:27:11.496+05:30  INFO 38280 --- [bmp-notification-service] [pool-3-thread-1] o.a.k.c.c.internals.ConsumerCoordinator  : [Consumer clientId=consumer-anonymous.71319fe6-9081-4354-a696-fc4667b331dc-4, groupId=anonymous.71319fe6-9081-4354-a696-fc4667b331dc] Requesting disconnect from last known coordinator localhost:9092 (id: 2147483646 rack: null)
2026-08-29T14:27:11.621+05:30  INFO 38280 --- [bmp-notification-service] [pool-3-thread-1] o.a.k.c.c.internals.ConsumerCoordinator  : [Consumer clientId=consumer-anonymous.71319fe6-9081-4354-a696-fc4667b331dc-4, groupId=anonymous.71319fe6-9081-4354-a696-fc4667b331dc] Discovered group coordinator localhost:9092 (id: 2147483646 rack: null)
2026-08-29T14:27:11.649+05:30  INFO 38280 --- [bmp-notification-service] [pool-3-thread-1] o.a.k.c.c.internals.ConsumerCoordinator  : [Consumer clientId=consumer-anonymous.71319fe6-9081-4354-a696-fc4667b331dc-4, groupId=anonymous.71319fe6-9081-4354-a696-fc4667b331dc] Found no committed offset for partition springCloudBus-0
2026-08-29T14:27:15.502+05:30  WARN 38280 --- [bmp-notification-service] [l-1 housekeeper] com.zaxxer.hikari.pool.HikariPool        : HikariPool-1 - Thread starvation or clock leap detected (housekeeper delta=1h25m17s39ms704µs300ns).
2026-08-29T14:28:11.671+05:30  INFO 38280 --- [bmp-notification-service] [pool-3-thread-1] o.a.k.c.c.internals.ConsumerCoordinator  : [Consumer clientId=consumer-anonymous.71319fe6-9081-4354-a696-fc4667b331dc-4, groupId=anonymous.71319fe6-9081-4354-a696-fc4667b331dc] Found no committed offset for partition springCloudBus-0
2026-08-29T14:29:11.716+05:30  INFO 38280 --- [bmp-notification-service] [pool-3-thread-1] o.a.k.c.c.internals.ConsumerCoordinator  : [Consumer clientId=consumer-anonymous.71319fe6-9081-4354-a696-fc4667b331dc-4, groupId=anonymous.71319fe6-9081-4354-a696-fc4667b331dc] Found no committed offset for partition springCloudBus-0
2026-08-29T14:30:11.763+05:30  INFO 38280 --- [bmp-notification-service] [pool-3-thread-1] o.a.k.c.c.internals.ConsumerCoordinator  : [Consumer clientId=consumer-anonymous.71319fe6-9081-4354-a696-fc4667b331dc-4, groupId=anonymous.71319fe6-9081-4354-a696-fc4667b331dc] Found no committed offset for partition springCloudBus-0
2026-08-29T14:30:59.281+05:30  INFO 38280 --- [bmp-notification-service] [rap-executor-%d] c.n.d.s.r.aws.ConfigClusterResolver      : Resolving eureka endpoints via configuration
2026-08-29T14:31:11.802+05:30  INFO 38280 --- [bmp-notification-service] [pool-3-thread-1] o.a.k.c.c.internals.ConsumerCoordinator  : [Consumer clientId=consumer-anonymous.71319fe6-9081-4354-a696-fc4667b331dc-4, groupId=anonymous.71319fe6-9081-4354-a696-fc4667b331dc] Found no committed offset for partition springCloudBus-0
2026-08-29T14:32:11.819+05:30  INFO 38280 --- [bmp-notification-service] [pool-3-thread-1] o.a.k.c.c.internals.ConsumerCoordinator  : [Consumer clientId=consumer-anonymous.71319fe6-9081-4354-a696-fc4667b331dc-4, groupId=anonymous.71319fe6-9081-4354-a696-fc4667b331dc] Found no committed offset for partition springCloudBus-0
2026-08-29T14:33:11.841+05:30  INFO 38280 --- [bmp-notification-service] [pool-3-thread-1] o.a.k.c.c.internals.ConsumerCoordinator  : [Consumer clientId=consumer-anonymous.71319fe6-9081-4354-a696-fc4667b331dc-4, groupId=anonymous.71319fe6-9081-4354-a696-fc4667b331dc] Found no committed offset for partition springCloudBus-0
2026-08-29T14:34:11.867+05:30  INFO 38280 --- [bmp-notification-service] [pool-3-thread-1] o.a.k.c.c.internals.ConsumerCoordinator  : [Consumer clientId=consumer-anonymous.71319fe6-9081-4354-a696-fc4667b331dc-4, groupId=anonymous.71319fe6-9081-4354-a696-fc4667b331dc] Found no committed offset for partition springCloudBus-0
2026-08-29T14:35:11.899+05:30  INFO 38280 --- [bmp-notification-service] [pool-3-thread-1] o.a.k.c.c.internals.ConsumerCoordinator  : [Consumer clientId=consumer-anonymous.71319fe6-9081-4354-a696-fc4667b331dc-4, groupId=anonymous.71319fe6-9081-4354-a696-fc4667b331dc] Found no committed offset for partition springCloudBus-0
2026-08-29T14:35:59.298+05:30  INFO 38280 --- [bmp-notification-service] [rap-executor-%d] c.n.d.s.r.aws.ConfigClusterResolver      : Resolving eureka endpoints via configuration
2026-08-29T14:36:11.927+05:30  INFO 38280 --- [bmp-notification-service] [pool-3-thread-1] o.a.k.c.c.internals.ConsumerCoordinator  : [Consumer clientId=consumer-anonymous.71319fe6-9081-4354-a696-fc4667b331dc-4, groupId=anonymous.71319fe6-9081-4354-a696-fc4667b331dc] Found no committed offset for partition springCloudBus-0
2026-08-29T14:37:11.958+05:30  INFO 38280 --- [bmp-notification-service] [pool-3-thread-1] o.a.k.c.c.internals.ConsumerCoordinator  : [Consumer clientId=consumer-anonymous.71319fe6-9081-4354-a696-fc4667b331dc-4, groupId=anonymous.71319fe6-9081-4354-a696-fc4667b331dc] Found no committed offset for partition springCloudBus-0
2026-08-29T14:38:11.990+05:30  INFO 38280 --- [bmp-notification-service] [pool-3-thread-1] o.a.k.c.c.internals.ConsumerCoordinator  : [Consumer clientId=consumer-anonymous.71319fe6-9081-4354-a696-fc4667b331dc-4, groupId=anonymous.71319fe6-9081-4354-a696-fc4667b331dc] Found no committed offset for partition springCloudBus-0
2026-08-29T14:39:12.014+05:30  INFO 38280 --- [bmp-notification-service] [pool-3-thread-1] o.a.k.c.c.internals.ConsumerCoordinator  : [Consumer clientId=consumer-anonymous.71319fe6-9081-4354-a696-fc4667b331dc-4, groupId=anonymous.71319fe6-9081-4354-a696-fc4667b331dc] Found no committed offset for partition springCloudBus-0
2026-08-29T14:40:12.038+05:30  INFO 38280 --- [bmp-notification-service] [pool-3-thread-1] o.a.k.c.c.internals.ConsumerCoordinator  : [Consumer clientId=consumer-anonymous.71319fe6-9081-4354-a696-fc4667b331dc-4, groupId=anonymous.71319fe6-9081-4354-a696-fc4667b331dc] Found no committed offset for partition springCloudBus-0
2026-08-29T14:40:59.300+05:30  INFO 38280 --- [bmp-notification-service] [rap-executor-%d] c.n.d.s.r.aws.ConfigClusterResolver      : Resolving eureka endpoints via configuration
2026-08-29T14:41:12.056+05:30  INFO 38280 --- [bmp-notification-service] [pool-3-thread-1] o.a.k.c.c.internals.ConsumerCoordinator  : [Consumer clientId=consumer-anonymous.71319fe6-9081-4354-a696-fc4667b331dc-4, groupId=anonymous.71319fe6-9081-4354-a696-fc4667b331dc] Found no committed offset for partition springCloudBus-0
2026-08-29T14:42:12.072+05:30  INFO 38280 --- [bmp-notification-service] [pool-3-thread-1] o.a.k.c.c.internals.ConsumerCoordinator  : [Consumer clientId=consumer-anonymous.71319fe6-9081-4354-a696-fc4667b331dc-4, groupId=anonymous.71319fe6-9081-4354-a696-fc4667b331dc] Found no committed offset for partition springCloudBus-0
2026-08-29T14:43:12.089+05:30  INFO 38280 --- [bmp-notification-service] [pool-3-thread-1] o.a.k.c.c.internals.ConsumerCoordinator  : [Consumer clientId=consumer-anonymous.71319fe6-9081-4354-a696-fc4667b331dc-4, groupId=anonymous.71319fe6-9081-4354-a696-fc4667b331dc] Found no committed offset for partition springCloudBus-0
2026-08-29T14:44:12.110+05:30  INFO 38280 --- [bmp-notification-service] [pool-3-thread-1] o.a.k.c.c.internals.ConsumerCoordinator  : [Consumer clientId=consumer-anonymous.71319fe6-9081-4354-a696-fc4667b331dc-4, groupId=anonymous.71319fe6-9081-4354-a696-fc4667b331dc] Found no committed offset for partition springCloudBus-0
2026-08-29T14:45:12.119+05:30  INFO 38280 --- [bmp-notification-service] [pool-3-thread-1] o.a.k.c.c.internals.ConsumerCoordinator  : [Consumer clientId=consumer-anonymous.71319fe6-9081-4354-a696-fc4667b331dc-4, groupId=anonymous.71319fe6-9081-4354-a696-fc4667b331dc] Found no committed offset for partition springCloudBus-0
2026-08-29T14:45:59.317+05:30  INFO 38280 --- [bmp-notification-service] [rap-executor-%d] c.n.d.s.r.aws.ConfigClusterResolver      : Resolving eureka endpoints via configuration
2026-08-29T14:46:12.132+05:30  INFO 38280 --- [bmp-notification-service] [pool-3-thread-1] o.a.k.c.c.internals.ConsumerCoordinator  : [Consumer clientId=consumer-anonymous.71319fe6-9081-4354-a696-fc4667b331dc-4, groupId=anonymous.71319fe6-9081-4354-a696-fc4667b331dc] Found no committed offset for partition springCloudBus-0
2026-08-29T14:47:12.157+05:30  INFO 38280 --- [bmp-notification-service] [pool-3-thread-1] o.a.k.c.c.internals.ConsumerCoordinator  : [Consumer clientId=consumer-anonymous.71319fe6-9081-4354-a696-fc4667b331dc-4, groupId=anonymous.71319fe6-9081-4354-a696-fc4667b331dc] Found no committed offset for partition springCloudBus-0
2026-08-29T14:48:12.181+05:30  INFO 38280 --- [bmp-notification-service] [pool-3-thread-1] o.a.k.c.c.internals.ConsumerCoordinator  : [Consumer clientId=consumer-anonymous.71319fe6-9081-4354-a696-fc4667b331dc-4, groupId=anonymous.71319fe6-9081-4354-a696-fc4667b331dc] Found no committed offset for partition springCloudBus-0
2026-08-29T14:49:12.188+05:30  INFO 38280 --- [bmp-notification-service] [pool-3-thread-1] o.a.k.c.c.internals.ConsumerCoordinator  : [Consumer clientId=consumer-anonymous.71319fe6-9081-4354-a696-fc4667b331dc-4, groupId=anonymous.71319fe6-9081-4354-a696-fc4667b331dc] Found no committed offset for partition springCloudBus-0
2026-08-29T14:50:12.205+05:30  INFO 38280 --- [bmp-notification-service] [pool-3-thread-1] o.a.k.c.c.internals.ConsumerCoordinator  : [Consumer clientId=consumer-anonymous.71319fe6-9081-4354-a696-fc4667b331dc-4, groupId=anonymous.71319fe6-9081-4354-a696-fc4667b331dc] Found no committed offset for partition springCloudBus-0
2026-08-29T14:50:59.333+05:30  INFO 38280 --- [bmp-notification-service] [rap-executor-%d] c.n.d.s.r.aws.ConfigClusterResolver      : Resolving eureka endpoints via configuration
2026-08-29T14:51:12.226+05:30  INFO 38280 --- [bmp-notification-service] [pool-3-thread-1] o.a.k.c.c.internals.ConsumerCoordinator  : [Consumer clientId=consumer-anonymous.71319fe6-9081-4354-a696-fc4667b331dc-4, groupId=anonymous.71319fe6-9081-4354-a696-fc4667b331dc] Found no committed offset for partition springCloudBus-0
2026-08-29T14:52:12.253+05:30  INFO 38280 --- [bmp-notification-service] [pool-3-thread-1] o.a.k.c.c.internals.ConsumerCoordinator  : [Consumer clientId=consumer-anonymous.71319fe6-9081-4354-a696-fc4667b331dc-4, groupId=anonymous.71319fe6-9081-4354-a696-fc4667b331dc] Found no committed offset for partition springCloudBus-0
2026-08-29T14:53:12.271+05:30  INFO 38280 --- [bmp-notification-service] [pool-3-thread-1] o.a.k.c.c.internals.ConsumerCoordinator  : [Consumer clientId=consumer-anonymous.71319fe6-9081-4354-a696-fc4667b331dc-4, groupId=anonymous.71319fe6-9081-4354-a696-fc4667b331dc] Found no committed offset for partition springCloudBus-0
2026-08-29T14:54:12.287+05:30  INFO 38280 --- [bmp-notification-service] [pool-3-thread-1] o.a.k.c.c.internals.ConsumerCoordinator  : [Consumer clientId=consumer-anonymous.71319fe6-9081-4354-a696-fc4667b331dc-4, groupId=anonymous.71319fe6-9081-4354-a696-fc4667b331dc] Found no committed offset for partition springCloudBus-0
2026-08-29T14:55:12.319+05:30  INFO 38280 --- [bmp-notification-service] [pool-3-thread-1] o.a.k.c.c.internals.ConsumerCoordinator  : [Consumer clientId=consumer-anonymous.71319fe6-9081-4354-a696-fc4667b331dc-4, groupId=anonymous.71319fe6-9081-4354-a696-fc4667b331dc] Found no committed offset for partition springCloudBus-0
2026-08-29T14:55:59.346+05:30  INFO 38280 --- [bmp-notification-service] [rap-executor-%d] c.n.d.s.r.aws.ConfigClusterResolver      : Resolving eureka endpoints via configuration
2026-08-29T14:56:12.355+05:30  INFO 38280 --- [bmp-notification-service] [pool-3-thread-1] o.a.k.c.c.internals.ConsumerCoordinator  : [Consumer clientId=consumer-anonymous.71319fe6-9081-4354-a696-fc4667b331dc-4, groupId=anonymous.71319fe6-9081-4354-a696-fc4667b331dc] Found no committed offset for partition springCloudBus-0
2026-08-29T14:57:12.380+05:30  INFO 38280 --- [bmp-notification-service] [pool-3-thread-1] o.a.k.c.c.internals.ConsumerCoordinator  : [Consumer clientId=consumer-anonymous.71319fe6-9081-4354-a696-fc4667b331dc-4, groupId=anonymous.71319fe6-9081-4354-a696-fc4667b331dc] Found no committed offset for partition springCloudBus-0
2026-08-29T14:58:12.406+05:30  INFO 38280 --- [bmp-notification-service] [pool-3-thread-1] o.a.k.c.c.internals.ConsumerCoordinator  : [Consumer clientId=consumer-anonymous.71319fe6-9081-4354-a696-fc4667b331dc-4, groupId=anonymous.71319fe6-9081-4354-a696-fc4667b331dc] Found no committed offset for partition springCloudBus-0
2026-08-29T14:59:12.436+05:30  INFO 38280 --- [bmp-notification-service] [pool-3-thread-1] o.a.k.c.c.internals.ConsumerCoordinator  : [Consumer clientId=consumer-anonymous.71319fe6-9081-4354-a696-fc4667b331dc-4, groupId=anonymous.71319fe6-9081-4354-a696-fc4667b331dc] Found no committed offset for partition springCloudBus-0
2026-08-29T15:00:12.459+05:30  INFO 38280 --- [bmp-notification-service] [pool-3-thread-1] o.a.k.c.c.internals.ConsumerCoordinator  : [Consumer clientId=consumer-anonymous.71319fe6-9081-4354-a696-fc4667b331dc-4, groupId=anonymous.71319fe6-9081-4354-a696-fc4667b331dc] Found no committed offset for partition springCloudBus-0
2026-08-29T15:00:59.357+05:30  INFO 38280 --- [bmp-notification-service] [rap-executor-%d] c.n.d.s.r.aws.ConfigClusterResolver      : Resolving eureka endpoints via configuration
2026-08-29T15:01:12.491+05:30  INFO 38280 --- [bmp-notification-service] [pool-3-thread-1] o.a.k.c.c.internals.ConsumerCoordinator  : [Consumer clientId=consumer-anonymous.71319fe6-9081-4354-a696-fc4667b331dc-4, groupId=anonymous.71319fe6-9081-4354-a696-fc4667b331dc] Found no committed offset for partition springCloudBus-0
2026-08-29T15:02:12.524+05:30  INFO 38280 --- [bmp-notification-service] [pool-3-thread-1] o.a.k.c.c.internals.ConsumerCoordinator  : [Consumer clientId=consumer-anonymous.71319fe6-9081-4354-a696-fc4667b331dc-4, groupId=anonymous.71319fe6-9081-4354-a696-fc4667b331dc] Found no committed offset for partition springCloudBus-0
2026-08-29T15:03:12.539+05:30  INFO 38280 --- [bmp-notification-service] [pool-3-thread-1] o.a.k.c.c.internals.ConsumerCoordinator  : [Consumer clientId=consumer-anonymous.71319fe6-9081-4354-a696-fc4667b331dc-4, groupId=anonymous.71319fe6-9081-4354-a696-fc4667b331dc] Found no committed offset for partition springCloudBus-0
2026-08-29T15:04:12.558+05:30  INFO 38280 --- [bmp-notification-service] [pool-3-thread-1] o.a.k.c.c.internals.ConsumerCoordinator  : [Consumer clientId=consumer-anonymous.71319fe6-9081-4354-a696-fc4667b331dc-4, groupId=anonymous.71319fe6-9081-4354-a696-fc4667b331dc] Found no committed offset for partition springCloudBus-0
2026-08-29T15:05:12.576+05:30  INFO 38280 --- [bmp-notification-service] [pool-3-thread-1] o.a.k.c.c.internals.ConsumerCoordinator  : [Consumer clientId=consumer-anonymous.71319fe6-9081-4354-a696-fc4667b331dc-4, groupId=anonymous.71319fe6-9081-4354-a696-fc4667b331dc] Found no committed offset for partition springCloudBus-0
2026-08-29T15:05:59.370+05:30  INFO 38280 --- [bmp-notification-service] [rap-executor-%d] c.n.d.s.r.aws.ConfigClusterResolver      : Resolving eureka endpoints via configuration
2026-08-29T15:06:12.598+05:30  INFO 38280 --- [bmp-notification-service] [pool-3-thread-1] o.a.k.c.c.internals.ConsumerCoordinator  : [Consumer clientId=consumer-anonymous.71319fe6-9081-4354-a696-fc4667b331dc-4, groupId=anonymous.71319fe6-9081-4354-a696-fc4667b331dc] Found no committed offset for partition springCloudBus-0
2026-08-29T15:07:12.639+05:30  INFO 38280 --- [bmp-notification-service] [pool-3-thread-1] o.a.k.c.c.internals.ConsumerCoordinator  : [Consumer clientId=consumer-anonymous.71319fe6-9081-4354-a696-fc4667b331dc-4, groupId=anonymous.71319fe6-9081-4354-a696-fc4667b331dc] Found no committed offset for partition springCloudBus-0
2026-08-29T15:08:12.649+05:30  INFO 38280 --- [bmp-notification-service] [pool-3-thread-1] o.a.k.c.c.internals.ConsumerCoordinator  : [Consumer clientId=consumer-anonymous.71319fe6-9081-4354-a696-fc4667b331dc-4, groupId=anonymous.71319fe6-9081-4354-a696-fc4667b331dc] Found no committed offset for partition springCloudBus-0
2026-08-29T15:09:12.695+05:30  INFO 38280 --- [bmp-notification-service] [pool-3-thread-1] o.a.k.c.c.internals.ConsumerCoordinator  : [Consumer clientId=consumer-anonymous.71319fe6-9081-4354-a696-fc4667b331dc-4, groupId=anonymous.71319fe6-9081-4354-a696-fc4667b331dc] Found no committed offset for partition springCloudBus-0
2026-08-29T15:10:12.712+05:30  INFO 38280 --- [bmp-notification-service] [pool-3-thread-1] o.a.k.c.c.internals.ConsumerCoordinator  : [Consumer clientId=consumer-anonymous.71319fe6-9081-4354-a696-fc4667b331dc-4, groupId=anonymous.71319fe6-9081-4354-a696-fc4667b331dc] Found no committed offset for partition springCloudBus-0
2026-08-29T15:10:59.378+05:30  INFO 38280 --- [bmp-notification-service] [rap-executor-%d] c.n.d.s.r.aws.ConfigClusterResolver      : Resolving eureka endpoints via configuration
2026-08-29T15:11:12.739+05:30  INFO 38280 --- [bmp-notification-service] [pool-3-thread-1] o.a.k.c.c.internals.ConsumerCoordinator  : [Consumer clientId=consumer-anonymous.71319fe6-9081-4354-a696-fc4667b331dc-4, groupId=anonymous.71319fe6-9081-4354-a696-fc4667b331dc] Found no committed offset for partition springCloudBus-0
2026-08-29T15:12:12.766+05:30  INFO 38280 --- [bmp-notification-service] [pool-3-thread-1] o.a.k.c.c.internals.ConsumerCoordinator  : [Consumer clientId=consumer-anonymous.71319fe6-9081-4354-a696-fc4667b331dc-4, groupId=anonymous.71319fe6-9081-4354-a696-fc4667b331dc] Found no committed offset for partition springCloudBus-0
2026-08-29T15:13:12.827+05:30  INFO 38280 --- [bmp-notification-service] [pool-3-thread-1] o.a.k.c.c.internals.ConsumerCoordinator  : [Consumer clientId=consumer-anonymous.71319fe6-9081-4354-a696-fc4667b331dc-4, groupId=anonymous.71319fe6-9081-4354-a696-fc4667b331dc] Found no committed offset for partition springCloudBus-0
2026-08-29T15:14:12.906+05:30  INFO 38280 --- [bmp-notification-service] [pool-3-thread-1] o.a.k.c.c.internals.ConsumerCoordinator  : [Consumer clientId=consumer-anonymous.71319fe6-9081-4354-a696-fc4667b331dc-4, groupId=anonymous.71319fe6-9081-4354-a696-fc4667b331dc] Found no committed offset for partition springCloudBus-0
2026-08-29T15:15:12.962+05:30  INFO 38280 --- [bmp-notification-service] [pool-3-thread-1] o.a.k.c.c.internals.ConsumerCoordinator  : [Consumer clientId=consumer-anonymous.71319fe6-9081-4354-a696-fc4667b331dc-4, groupId=anonymous.71319fe6-9081-4354-a696-fc4667b331dc] Found no committed offset for partition springCloudBus-0
2026-08-29T15:15:59.398+05:30  INFO 38280 --- [bmp-notification-service] [rap-executor-%d] c.n.d.s.r.aws.ConfigClusterResolver      : Resolving eureka endpoints via configuration
2026-08-29T15:16:12.992+05:30  INFO 38280 --- [bmp-notification-service] [pool-3-thread-1] o.a.k.c.c.internals.ConsumerCoordinator  : [Consumer clientId=consumer-anonymous.71319fe6-9081-4354-a696-fc4667b331dc-4, groupId=anonymous.71319fe6-9081-4354-a696-fc4667b331dc] Found no committed offset for partition springCloudBus-0
2026-08-29T15:17:13.025+05:30  INFO 38280 --- [bmp-notification-service] [pool-3-thread-1] o.a.k.c.c.internals.ConsumerCoordinator  : [Consumer clientId=consumer-anonymous.71319fe6-9081-4354-a696-fc4667b331dc-4, groupId=anonymous.71319fe6-9081-4354-a696-fc4667b331dc] Found no committed offset for partition springCloudBus-0
2026-08-29T15:18:13.058+05:30  INFO 38280 --- [bmp-notification-service] [pool-3-thread-1] o.a.k.c.c.internals.ConsumerCoordinator  : [Consumer clientId=consumer-anonymous.71319fe6-9081-4354-a696-fc4667b331dc-4, groupId=anonymous.71319fe6-9081-4354-a696-fc4667b331dc] Found no committed offset for partition springCloudBus-0
2026-08-29T15:19:13.083+05:30  INFO 38280 --- [bmp-notification-service] [pool-3-thread-1] o.a.k.c.c.internals.ConsumerCoordinator  : [Consumer clientId=consumer-anonymous.71319fe6-9081-4354-a696-fc4667b331dc-4, groupId=anonymous.71319fe6-9081-4354-a696-fc4667b331dc] Found no committed offset for partition springCloudBus-0
2026-08-29T15:20:13.106+05:30  INFO 38280 --- [bmp-notification-service] [pool-3-thread-1] o.a.k.c.c.internals.ConsumerCoordinator  : [Consumer clientId=consumer-anonymous.71319fe6-9081-4354-a696-fc4667b331dc-4, groupId=anonymous.71319fe6-9081-4354-a696-fc4667b331dc] Found no committed offset for partition springCloudBus-0
2026-08-29T15:20:59.414+05:30  INFO 38280 --- [bmp-notification-service] [rap-executor-%d] c.n.d.s.r.aws.ConfigClusterResolver      : Resolving eureka endpoints via configuration
2026-08-29T15:21:13.120+05:30  INFO 38280 --- [bmp-notification-service] [pool-3-thread-1] o.a.k.c.c.internals.ConsumerCoordinator  : [Consumer clientId=consumer-anonymous.71319fe6-9081-4354-a696-fc4667b331dc-4, groupId=anonymous.71319fe6-9081-4354-a696-fc4667b331dc] Found no committed offset for partition springCloudBus-0
2026-08-29T15:22:13.142+05:30  INFO 38280 --- [bmp-notification-service] [pool-3-thread-1] o.a.k.c.c.internals.ConsumerCoordinator  : [Consumer clientId=consumer-anonymous.71319fe6-9081-4354-a696-fc4667b331dc-4, groupId=anonymous.71319fe6-9081-4354-a696-fc4667b331dc] Found no committed offset for partition springCloudBus-0
2026-08-29T15:23:13.180+05:30  INFO 38280 --- [bmp-notification-service] [pool-3-thread-1] o.a.k.c.c.internals.ConsumerCoordinator  : [Consumer clientId=consumer-anonymous.71319fe6-9081-4354-a696-fc4667b331dc-4, groupId=anonymous.71319fe6-9081-4354-a696-fc4667b331dc] Found no committed offset for partition springCloudBus-0
2026-08-29T15:24:13.204+05:30  INFO 38280 --- [bmp-notification-service] [pool-3-thread-1] o.a.k.c.c.internals.ConsumerCoordinator  : [Consumer clientId=consumer-anonymous.71319fe6-9081-4354-a696-fc4667b331dc-4, groupId=anonymous.71319fe6-9081-4354-a696-fc4667b331dc] Found no committed offset for partition springCloudBus-0
2026-08-29T15:25:13.217+05:30  INFO 38280 --- [bmp-notification-service] [pool-3-thread-1] o.a.k.c.c.internals.ConsumerCoordinator  : [Consumer clientId=consumer-anonymous.71319fe6-9081-4354-a696-fc4667b331dc-4, groupId=anonymous.71319fe6-9081-4354-a696-fc4667b331dc] Found no committed offset for partition springCloudBus-0
2026-08-29T15:25:59.419+05:30  INFO 38280 --- [bmp-notification-service] [rap-executor-%d] c.n.d.s.r.aws.ConfigClusterResolver      : Resolving eureka endpoints via configuration
2026-08-29T15:26:13.242+05:30  INFO 38280 --- [bmp-notification-service] [pool-3-thread-1] o.a.k.c.c.internals.ConsumerCoordinator  : [Consumer clientId=consumer-anonymous.71319fe6-9081-4354-a696-fc4667b331dc-4, groupId=anonymous.71319fe6-9081-4354-a696-fc4667b331dc] Found no committed offset for partition springCloudBus-0
2026-08-29T15:27:13.277+05:30  INFO 38280 --- [bmp-notification-service] [pool-3-thread-1] o.a.k.c.c.internals.ConsumerCoordinator  : [Consumer clientId=consumer-anonymous.71319fe6-9081-4354-a696-fc4667b331dc-4, groupId=anonymous.71319fe6-9081-4354-a696-fc4667b331dc] Found no committed offset for partition springCloudBus-0
2026-08-29T15:28:13.302+05:30  INFO 38280 --- [bmp-notification-service] [pool-3-thread-1] o.a.k.c.c.internals.ConsumerCoordinator  : [Consumer clientId=consumer-anonymous.71319fe6-9081-4354-a696-fc4667b331dc-4, groupId=anonymous.71319fe6-9081-4354-a696-fc4667b331dc] Found no committed offset for partition springCloudBus-0
2026-08-29T15:29:13.316+05:30  INFO 38280 --- [bmp-notification-service] [pool-3-thread-1] o.a.k.c.c.internals.ConsumerCoordinator  : [Consumer clientId=consumer-anonymous.71319fe6-9081-4354-a696-fc4667b331dc-4, groupId=anonymous.71319fe6-9081-4354-a696-fc4667b331dc] Found no committed offset for partition springCloudBus-0
2026-08-29T15:30:13.325+05:30  INFO 38280 --- [bmp-notification-service] [pool-3-thread-1] o.a.k.c.c.internals.ConsumerCoordinator  : [Consumer clientId=consumer-anonymous.71319fe6-9081-4354-a696-fc4667b331dc-4, groupId=anonymous.71319fe6-9081-4354-a696-fc4667b331dc] Found no committed offset for partition springCloudBus-0
2026-08-29T15:30:59.434+05:30  INFO 38280 --- [bmp-notification-service] [rap-executor-%d] c.n.d.s.r.aws.ConfigClusterResolver      : Resolving eureka endpoints via configuration
2026-08-29T15:31:13.358+05:30  INFO 38280 --- [bmp-notification-service] [pool-3-thread-1] o.a.k.c.c.internals.ConsumerCoordinator  : [Consumer clientId=consumer-anonymous.71319fe6-9081-4354-a696-fc4667b331dc-4, groupId=anonymous.71319fe6-9081-4354-a696-fc4667b331dc] Found no committed offset for partition springCloudBus-0
2026-08-29T15:32:13.367+05:30  INFO 38280 --- [bmp-notification-service] [pool-3-thread-1] o.a.k.c.c.internals.ConsumerCoordinator  : [Consumer clientId=consumer-anonymous.71319fe6-9081-4354-a696-fc4667b331dc-4, groupId=anonymous.71319fe6-9081-4354-a696-fc4667b331dc] Found no committed offset for partition springCloudBus-0
2026-08-29T15:33:13.405+05:30  INFO 38280 --- [bmp-notification-service] [pool-3-thread-1] o.a.k.c.c.internals.ConsumerCoordinator  : [Consumer clientId=consumer-anonymous.71319fe6-9081-4354-a696-fc4667b331dc-4, groupId=anonymous.71319fe6-9081-4354-a696-fc4667b331dc] Found no committed offset for partition springCloudBus-0
2026-08-29T15:34:13.420+05:30  INFO 38280 --- [bmp-notification-service] [pool-3-thread-1] o.a.k.c.c.internals.ConsumerCoordinator  : [Consumer clientId=consumer-anonymous.71319fe6-9081-4354-a696-fc4667b331dc-4, groupId=anonymous.71319fe6-9081-4354-a696-fc4667b331dc] Found no committed offset for partition springCloudBus-0
2026-08-29T15:35:13.458+05:30  INFO 38280 --- [bmp-notification-service] [pool-3-thread-1] o.a.k.c.c.internals.ConsumerCoordinator  : [Consumer clientId=consumer-anonymous.71319fe6-9081-4354-a696-fc4667b331dc-4, groupId=anonymous.71319fe6-9081-4354-a696-fc4667b331dc] Found no committed offset for partition springCloudBus-0
2026-08-29T15:35:59.437+05:30  INFO 38280 --- [bmp-notification-service] [rap-executor-%d] c.n.d.s.r.aws.ConfigClusterResolver      : Resolving eureka endpoints via configuration
2026-08-29T15:36:13.477+05:30  INFO 38280 --- [bmp-notification-service] [pool-3-thread-1] o.a.k.c.c.internals.ConsumerCoordinator  : [Consumer clientId=consumer-anonymous.71319fe6-9081-4354-a696-fc4667b331dc-4, groupId=anonymous.71319fe6-9081-4354-a696-fc4667b331dc] Found no committed offset for partition springCloudBus-0
2026-08-29T15:37:13.491+05:30  INFO 38280 --- [bmp-notification-service] [pool-3-thread-1] o.a.k.c.c.internals.ConsumerCoordinator  : [Consumer clientId=consumer-anonymous.71319fe6-9081-4354-a696-fc4667b331dc-4, groupId=anonymous.71319fe6-9081-4354-a696-fc4667b331dc] Found no committed offset for partition springCloudBus-0
2026-08-29T15:38:13.511+05:30  INFO 38280 --- [bmp-notification-service] [pool-3-thread-1] o.a.k.c.c.internals.ConsumerCoordinator  : [Consumer clientId=consumer-anonymous.71319fe6-9081-4354-a696-fc4667b331dc-4, groupId=anonymous.71319fe6-9081-4354-a696-fc4667b331dc] Found no committed offset for partition springCloudBus-0
2026-08-29T15:39:13.532+05:30  INFO 38280 --- [bmp-notification-service] [pool-3-thread-1] o.a.k.c.c.internals.ConsumerCoordinator  : [Consumer clientId=consumer-anonymous.71319fe6-9081-4354-a696-fc4667b331dc-4, groupId=anonymous.71319fe6-9081-4354-a696-fc4667b331dc] Found no committed offset for partition springCloudBus-0
2026-08-29T15:40:13.543+05:30  INFO 38280 --- [bmp-notification-service] [pool-3-thread-1] o.a.k.c.c.internals.ConsumerCoordinator  : [Consumer clientId=consumer-anonymous.71319fe6-9081-4354-a696-fc4667b331dc-4, groupId=anonymous.71319fe6-9081-4354-a696-fc4667b331dc] Found no committed offset for partition springCloudBus-0
2026-08-29T15:40:59.447+05:30  INFO 38280 --- [bmp-notification-service] [rap-executor-%d] c.n.d.s.r.aws.ConfigClusterResolver      : Resolving eureka endpoints via configuration
2026-08-29T15:41:13.560+05:30  INFO 38280 --- [bmp-notification-service] [pool-3-thread-1] o.a.k.c.c.internals.ConsumerCoordinator  : [Consumer clientId=consumer-anonymous.71319fe6-9081-4354-a696-fc4667b331dc-4, groupId=anonymous.71319fe6-9081-4354-a696-fc4667b331dc] Found no committed offset for partition springCloudBus-0
2026-08-29T16:37:26.577+05:30  INFO 38280 --- [bmp-notification-service] [container-0-C-1] org.apache.kafka.clients.NetworkClient   : [Consumer clientId=consumer-anonymous.71319fe6-9081-4354-a696-fc4667b331dc-2, groupId=anonymous.71319fe6-9081-4354-a696-fc4667b331dc] Node 1 disconnected.
2026-08-29T16:37:26.578+05:30  INFO 38280 --- [bmp-notification-service] [container-0-C-1] org.apache.kafka.clients.NetworkClient   : [Consumer clientId=consumer-anonymous.71319fe6-9081-4354-a696-fc4667b331dc-2, groupId=anonymous.71319fe6-9081-4354-a696-fc4667b331dc] Cancelled in-flight FETCH request with correlation id 39447 due to node 1 being disconnected (elapsed time since creation: 3363789ms, elapsed time since send: 3363789ms, throttle time: 0ms, request timeout: 30000ms)
2026-08-29T16:37:26.578+05:30  INFO 38280 --- [bmp-notification-service] [container-0-C-1] org.apache.kafka.clients.NetworkClient   : [Consumer clientId=consumer-anonymous.71319fe6-9081-4354-a696-fc4667b331dc-2, groupId=anonymous.71319fe6-9081-4354-a696-fc4667b331dc] Disconnecting from node 2147483646 due to request timeout.
2026-08-29T16:37:26.578+05:30  INFO 38280 --- [bmp-notification-service] [container-0-C-1] org.apache.kafka.clients.NetworkClient   : [Consumer clientId=consumer-anonymous.71319fe6-9081-4354-a696-fc4667b331dc-2, groupId=anonymous.71319fe6-9081-4354-a696-fc4667b331dc] Cancelled in-flight HEARTBEAT request with correlation id 39448 due to node 2147483646 being disconnected (elapsed time since creation: 3362477ms, elapsed time since send: 3362477ms, throttle time: 0ms, request timeout: 30000ms)
2026-08-29T16:37:26.578+05:30  INFO 38280 --- [bmp-notification-service] [container-0-C-1] org.apache.kafka.clients.NetworkClient   : [Consumer clientId=consumer-anonymous.71319fe6-9081-4354-a696-fc4667b331dc-2, groupId=anonymous.71319fe6-9081-4354-a696-fc4667b331dc] Cancelled in-flight HEARTBEAT request with correlation id 39449 due to node 2147483646 being disconnected (elapsed time since creation: 3359462ms, elapsed time since send: 3359462ms, throttle time: 0ms, request timeout: 30000ms)
2026-08-29T16:37:26.578+05:30  INFO 38280 --- [bmp-notification-service] [container-0-C-1] org.apache.kafka.clients.NetworkClient   : [Consumer clientId=consumer-anonymous.71319fe6-9081-4354-a696-fc4667b331dc-2, groupId=anonymous.71319fe6-9081-4354-a696-fc4667b331dc] Cancelled in-flight HEARTBEAT request with correlation id 39450 due to node 2147483646 being disconnected (elapsed time since creation: 3356455ms, elapsed time since send: 3356455ms, throttle time: 0ms, request timeout: 30000ms)
2026-08-29T16:37:26.578+05:30  INFO 38280 --- [bmp-notification-service] [container-0-C-1] org.apache.kafka.clients.NetworkClient   : [Consumer clientId=consumer-anonymous.71319fe6-9081-4354-a696-fc4667b331dc-2, groupId=anonymous.71319fe6-9081-4354-a696-fc4667b331dc] Cancelled in-flight HEARTBEAT request with correlation id 39451 due to node 2147483646 being disconnected (elapsed time since creation: 3353454ms, elapsed time since send: 3353454ms, throttle time: 0ms, request timeout: 30000ms)
2026-08-29T16:37:26.580+05:30  INFO 38280 --- [bmp-notification-service] [container-0-C-1] o.a.kafka.clients.FetchSessionHandler    : [Consumer clientId=consumer-anonymous.71319fe6-9081-4354-a696-fc4667b331dc-2, groupId=anonymous.71319fe6-9081-4354-a696-fc4667b331dc] Error sending fetch request (sessionId=1155273270, epoch=8794) to node 1:

org.apache.kafka.common.errors.DisconnectException: null

2026-08-29T16:37:26.649+05:30  INFO 38280 --- [bmp-notification-service] [ntainer#0-0-C-1] org.apache.kafka.clients.NetworkClient   : [Consumer clientId=consumer-bmp-notification-service-3, groupId=bmp-notification-service] Node 1 disconnected.
2026-08-29T16:37:26.649+05:30  INFO 38280 --- [bmp-notification-service] [ntainer#0-0-C-1] org.apache.kafka.clients.NetworkClient   : [Consumer clientId=consumer-bmp-notification-service-3, groupId=bmp-notification-service] Cancelled in-flight FETCH request with correlation id 39408 due to node 1 being disconnected (elapsed time since creation: 3363861ms, elapsed time since send: 3363861ms, throttle time: 0ms, request timeout: 30000ms)
2026-08-29T16:37:26.649+05:30  INFO 38280 --- [bmp-notification-service] [ntainer#0-0-C-1] org.apache.kafka.clients.NetworkClient   : [Consumer clientId=consumer-bmp-notification-service-3, groupId=bmp-notification-service] Disconnecting from node 2147483646 due to request timeout.
2026-08-29T16:37:26.649+05:30  INFO 38280 --- [bmp-notification-service] [ntainer#0-0-C-1] org.apache.kafka.clients.NetworkClient   : [Consumer clientId=consumer-bmp-notification-service-3, groupId=bmp-notification-service] Cancelled in-flight HEARTBEAT request with correlation id 39409 due to node 2147483646 being disconnected (elapsed time since creation: 3362225ms, elapsed time since send: 3362225ms, throttle time: 0ms, request timeout: 30000ms)
2026-08-29T16:37:26.649+05:30  INFO 38280 --- [bmp-notification-service] [ntainer#0-0-C-1] org.apache.kafka.clients.NetworkClient   : [Consumer clientId=consumer-bmp-notification-service-3, groupId=bmp-notification-service] Cancelled in-flight HEARTBEAT request with correlation id 39410 due to node 2147483646 being disconnected (elapsed time since creation: 3359219ms, elapsed time since send: 3359219ms, throttle time: 0ms, request timeout: 30000ms)
2026-08-29T16:37:26.649+05:30  INFO 38280 --- [bmp-notification-service] [ntainer#0-0-C-1] org.apache.kafka.clients.NetworkClient   : [Consumer clientId=consumer-bmp-notification-service-3, groupId=bmp-notification-service] Cancelled in-flight HEARTBEAT request with correlation id 39411 due to node 2147483646 being disconnected (elapsed time since creation: 3356216ms, elapsed time since send: 3356216ms, throttle time: 0ms, request timeout: 30000ms)
2026-08-29T16:37:26.649+05:30  INFO 38280 --- [bmp-notification-service] [ntainer#0-0-C-1] org.apache.kafka.clients.NetworkClient   : [Consumer clientId=consumer-bmp-notification-service-3, groupId=bmp-notification-service] Cancelled in-flight HEARTBEAT request with correlation id 39412 due to node 2147483646 being disconnected (elapsed time since creation: 3353212ms, elapsed time since send: 3353212ms, throttle time: 0ms, request timeout: 30000ms)
2026-08-29T16:37:26.649+05:30  INFO 38280 --- [bmp-notification-service] [ntainer#0-0-C-1] o.a.kafka.clients.FetchSessionHandler    : [Consumer clientId=consumer-bmp-notification-service-3, groupId=bmp-notification-service] Error sending fetch request (sessionId=651196552, epoch=8791) to node 1:

org.apache.kafka.common.errors.DisconnectException: null

2026-08-29T16:37:26.650+05:30  INFO 38280 --- [bmp-notification-service] [ication-service] o.a.k.c.c.internals.ConsumerCoordinator  : [Consumer clientId=consumer-bmp-notification-service-3, groupId=bmp-notification-service] Group coordinator localhost:9092 (id: 2147483646 rack: null) is unavailable or invalid due to cause: null. isDisconnected: true. Rediscovery will be attempted.
2026-08-29T16:37:26.741+05:30  INFO 38280 --- [bmp-notification-service] [96-fc4667b331dc] o.a.k.c.c.internals.ConsumerCoordinator  : [Consumer clientId=consumer-anonymous.71319fe6-9081-4354-a696-fc4667b331dc-2, groupId=anonymous.71319fe6-9081-4354-a696-fc4667b331dc] Group coordinator localhost:9092 (id: 2147483646 rack: null) is unavailable or invalid due to cause: null. isDisconnected: true. Rediscovery will be attempted.
2026-08-29T16:37:26.876+05:30  INFO 38280 --- [bmp-notification-service] [binder-health-1] org.apache.kafka.clients.NetworkClient   : [Consumer clientId=consumer-null-5, groupId=null] Node 1 disconnected.
2026-08-29T16:37:26.876+05:30  INFO 38280 --- [bmp-notification-service] [binder-health-1] org.apache.kafka.clients.NetworkClient   : [Consumer clientId=consumer-null-5, groupId=null] Cancelled in-flight METADATA request with correlation id 976 due to node 1 being disconnected (elapsed time since creation: 3359380ms, elapsed time since send: 3359380ms, throttle time: 0ms, request timeout: 30000ms)
2026-08-29T16:37:27.097+05:30  WARN 38280 --- [bmp-notification-service] [nio-8089-exec-6] o.s.b.a.health.HealthEndpointSupport     : Health contributor org.springframework.cloud.stream.binder.kafka.KafkaBinderHealthIndicator (binders/kafka) took 3359601ms to respond
2026-08-29T16:37:29.066+05:30  INFO 38280 --- [bmp-notification-service] [container-0-C-1] o.a.k.c.c.internals.ConsumerCoordinator  : [Consumer clientId=consumer-anonymous.71319fe6-9081-4354-a696-fc4667b331dc-2, groupId=anonymous.71319fe6-9081-4354-a696-fc4667b331dc] Discovered group coordinator localhost:9092 (id: 2147483646 rack: null)
2026-08-29T16:37:29.066+05:30  INFO 38280 --- [bmp-notification-service] [ntainer#0-0-C-1] o.a.k.c.c.internals.ConsumerCoordinator  : [Consumer clientId=consumer-bmp-notification-service-3, groupId=bmp-notification-service] Discovered group coordinator localhost:9092 (id: 2147483646 rack: null)
2026-08-29T16:37:36.708+05:30  WARN 38280 --- [bmp-notification-service] [l-1 housekeeper] com.zaxxer.hikari.pool.HikariPool        : HikariPool-1 - Thread starvation or clock leap detected (housekeeper delta=56m20s61ms608µs800ns).
2026-08-29T16:38:03.493+05:30  INFO 38280 --- [bmp-notification-service] [pool-3-thread-1] org.apache.kafka.clients.NetworkClient   : [Consumer clientId=consumer-anonymous.71319fe6-9081-4354-a696-fc4667b331dc-4, groupId=anonymous.71319fe6-9081-4354-a696-fc4667b331dc] Node 2147483646 disconnected.
2026-08-29T16:38:03.497+05:30  INFO 38280 --- [bmp-notification-service] [pool-3-thread-1] o.a.k.c.c.internals.ConsumerCoordinator  : [Consumer clientId=consumer-anonymous.71319fe6-9081-4354-a696-fc4667b331dc-4, groupId=anonymous.71319fe6-9081-4354-a696-fc4667b331dc] Group coordinator localhost:9092 (id: 2147483646 rack: null) is unavailable or invalid due to cause: coordinator unavailable. isDisconnected: true. Rediscovery will be attempted.
2026-08-29T16:38:03.500+05:30  INFO 38280 --- [bmp-notification-service] [pool-3-thread-1] o.a.k.c.c.internals.ConsumerCoordinator  : [Consumer clientId=consumer-anonymous.71319fe6-9081-4354-a696-fc4667b331dc-4, groupId=anonymous.71319fe6-9081-4354-a696-fc4667b331dc] Discovered group coordinator localhost:9092 (id: 2147483646 rack: null)
2026-08-29T16:38:03.501+05:30  INFO 38280 --- [bmp-notification-service] [pool-3-thread-1] o.a.k.c.c.internals.ConsumerCoordinator  : [Consumer clientId=consumer-anonymous.71319fe6-9081-4354-a696-fc4667b331dc-4, groupId=anonymous.71319fe6-9081-4354-a696-fc4667b331dc] Group coordinator localhost:9092 (id: 2147483646 rack: null) is unavailable or invalid due to cause: coordinator unavailable. isDisconnected: false. Rediscovery will be attempted.
2026-08-29T16:38:03.501+05:30  INFO 38280 --- [bmp-notification-service] [pool-3-thread-1] o.a.k.c.c.internals.ConsumerCoordinator  : [Consumer clientId=consumer-anonymous.71319fe6-9081-4354-a696-fc4667b331dc-4, groupId=anonymous.71319fe6-9081-4354-a696-fc4667b331dc] Requesting disconnect from last known coordinator localhost:9092 (id: 2147483646 rack: null)
2026-08-29T16:38:03.611+05:30  INFO 38280 --- [bmp-notification-service] [pool-3-thread-1] o.a.k.c.c.internals.ConsumerCoordinator  : [Consumer clientId=consumer-anonymous.71319fe6-9081-4354-a696-fc4667b331dc-4, groupId=anonymous.71319fe6-9081-4354-a696-fc4667b331dc] Discovered group coordinator localhost:9092 (id: 2147483646 rack: null)
2026-08-29T16:38:03.617+05:30  INFO 38280 --- [bmp-notification-service] [pool-3-thread-1] o.a.k.c.c.internals.ConsumerCoordinator  : [Consumer clientId=consumer-anonymous.71319fe6-9081-4354-a696-fc4667b331dc-4, groupId=anonymous.71319fe6-9081-4354-a696-fc4667b331dc] Found no committed offset for partition springCloudBus-0
2026-08-29T16:39:03.856+05:30  INFO 38280 --- [bmp-notification-service] [pool-3-thread-1] o.a.k.c.c.internals.ConsumerCoordinator  : [Consumer clientId=consumer-anonymous.71319fe6-9081-4354-a696-fc4667b331dc-4, groupId=anonymous.71319fe6-9081-4354-a696-fc4667b331dc] Found no committed offset for partition springCloudBus-0
2026-08-29T16:40:03.906+05:30  INFO 38280 --- [bmp-notification-service] [pool-3-thread-1] o.a.k.c.c.internals.ConsumerCoordinator  : [Consumer clientId=consumer-anonymous.71319fe6-9081-4354-a696-fc4667b331dc-4, groupId=anonymous.71319fe6-9081-4354-a696-fc4667b331dc] Found no committed offset for partition springCloudBus-0
2026-08-29T16:41:03.935+05:30  INFO 38280 --- [bmp-notification-service] [pool-3-thread-1] o.a.k.c.c.internals.ConsumerCoordinator  : [Consumer clientId=consumer-anonymous.71319fe6-9081-4354-a696-fc4667b331dc-4, groupId=anonymous.71319fe6-9081-4354-a696-fc4667b331dc] Found no committed offset for partition springCloudBus-0
2026-08-29T16:41:49.377+05:30  INFO 38280 --- [bmp-notification-service] [rap-executor-%d] c.n.d.s.r.aws.ConfigClusterResolver      : Resolving eureka endpoints via configuration
2026-08-29T16:42:03.948+05:30  INFO 38280 --- [bmp-notification-service] [pool-3-thread-1] o.a.k.c.c.internals.ConsumerCoordinator  : [Consumer clientId=consumer-anonymous.71319fe6-9081-4354-a696-fc4667b331dc-4, groupId=anonymous.71319fe6-9081-4354-a696-fc4667b331dc] Found no committed offset for partition springCloudBus-0
2026-08-29T16:43:03.972+05:30  INFO 38280 --- [bmp-notification-service] [pool-3-thread-1] o.a.k.c.c.internals.ConsumerCoordinator  : [Consumer clientId=consumer-anonymous.71319fe6-9081-4354-a696-fc4667b331dc-4, groupId=anonymous.71319fe6-9081-4354-a696-fc4667b331dc] Found no committed offset for partition springCloudBus-0
2026-08-29T16:44:03.979+05:30  INFO 38280 --- [bmp-notification-service] [pool-3-thread-1] o.a.k.c.c.internals.ConsumerCoordinator  : [Consumer clientId=consumer-anonymous.71319fe6-9081-4354-a696-fc4667b331dc-4, groupId=anonymous.71319fe6-9081-4354-a696-fc4667b331dc] Found no committed offset for partition springCloudBus-0
2026-08-29T16:45:04.016+05:30  INFO 38280 --- [bmp-notification-service] [pool-3-thread-1] o.a.k.c.c.internals.ConsumerCoordinator  : [Consumer clientId=consumer-anonymous.71319fe6-9081-4354-a696-fc4667b331dc-4, groupId=anonymous.71319fe6-9081-4354-a696-fc4667b331dc] Found no committed offset for partition springCloudBus-0
2026-08-29T16:46:04.041+05:30  INFO 38280 --- [bmp-notification-service] [pool-3-thread-1] o.a.k.c.c.internals.ConsumerCoordinator  : [Consumer clientId=consumer-anonymous.71319fe6-9081-4354-a696-fc4667b331dc-4, groupId=anonymous.71319fe6-9081-4354-a696-fc4667b331dc] Found no committed offset for partition springCloudBus-0
2026-08-29T16:46:49.403+05:30  INFO 38280 --- [bmp-notification-service] [rap-executor-%d] c.n.d.s.r.aws.ConfigClusterResolver      : Resolving eureka endpoints via configuration
2026-08-29T16:47:04.050+05:30  INFO 38280 --- [bmp-notification-service] [pool-3-thread-1] o.a.k.c.c.internals.ConsumerCoordinator  : [Consumer clientId=consumer-anonymous.71319fe6-9081-4354-a696-fc4667b331dc-4, groupId=anonymous.71319fe6-9081-4354-a696-fc4667b331dc] Found no committed offset for partition springCloudBus-0
2026-08-29T16:48:04.064+05:30  INFO 38280 --- [bmp-notification-service] [pool-3-thread-1] o.a.k.c.c.internals.ConsumerCoordinator  : [Consumer clientId=consumer-anonymous.71319fe6-9081-4354-a696-fc4667b331dc-4, groupId=anonymous.71319fe6-9081-4354-a696-fc4667b331dc] Found no committed offset for partition springCloudBus-0
2026-08-29T16:49:04.096+05:30  INFO 38280 --- [bmp-notification-service] [pool-3-thread-1] o.a.k.c.c.internals.ConsumerCoordinator  : [Consumer clientId=consumer-anonymous.71319fe6-9081-4354-a696-fc4667b331dc-4, groupId=anonymous.71319fe6-9081-4354-a696-fc4667b331dc] Found no committed offset for partition springCloudBus-0
2026-08-29T16:50:04.117+05:30  INFO 38280 --- [bmp-notification-service] [pool-3-thread-1] o.a.k.c.c.internals.ConsumerCoordinator  : [Consumer clientId=consumer-anonymous.71319fe6-9081-4354-a696-fc4667b331dc-4, groupId=anonymous.71319fe6-9081-4354-a696-fc4667b331dc] Found no committed offset for partition springCloudBus-0
2026-08-29T16:51:04.132+05:30  INFO 38280 --- [bmp-notification-service] [pool-3-thread-1] o.a.k.c.c.internals.ConsumerCoordinator  : [Consumer clientId=consumer-anonymous.71319fe6-9081-4354-a696-fc4667b331dc-4, groupId=anonymous.71319fe6-9081-4354-a696-fc4667b331dc] Found no committed offset for partition springCloudBus-0
2026-08-29T16:51:49.413+05:30  INFO 38280 --- [bmp-notification-service] [rap-executor-%d] c.n.d.s.r.aws.ConfigClusterResolver      : Resolving eureka endpoints via configuration
2026-08-29T16:52:04.156+05:30  INFO 38280 --- [bmp-notification-service] [pool-3-thread-1] o.a.k.c.c.internals.ConsumerCoordinator  : [Consumer clientId=consumer-anonymous.71319fe6-9081-4354-a696-fc4667b331dc-4, groupId=anonymous.71319fe6-9081-4354-a696-fc4667b331dc] Found no committed offset for partition springCloudBus-0
2026-08-29T16:53:04.171+05:30  INFO 38280 --- [bmp-notification-service] [pool-3-thread-1] o.a.k.c.c.internals.ConsumerCoordinator  : [Consumer clientId=consumer-anonymous.71319fe6-9081-4354-a696-fc4667b331dc-4, groupId=anonymous.71319fe6-9081-4354-a696-fc4667b331dc] Found no committed offset for partition springCloudBus-0
2026-08-29T16:54:04.185+05:30  INFO 38280 --- [bmp-notification-service] [pool-3-thread-1] o.a.k.c.c.internals.ConsumerCoordinator  : [Consumer clientId=consumer-anonymous.71319fe6-9081-4354-a696-fc4667b331dc-4, groupId=anonymous.71319fe6-9081-4354-a696-fc4667b331dc] Found no committed offset for partition springCloudBus-0
2026-08-29T16:55:04.206+05:30  INFO 38280 --- [bmp-notification-service] [pool-3-thread-1] o.a.k.c.c.internals.ConsumerCoordinator  : [Consumer clientId=consumer-anonymous.71319fe6-9081-4354-a696-fc4667b331dc-4, groupId=anonymous.71319fe6-9081-4354-a696-fc4667b331dc] Found no committed offset for partition springCloudBus-0
2026-08-29T16:56:04.233+05:30  INFO 38280 --- [bmp-notification-service] [pool-3-thread-1] o.a.k.c.c.internals.ConsumerCoordinator  : [Consumer clientId=consumer-anonymous.71319fe6-9081-4354-a696-fc4667b331dc-4, groupId=anonymous.71319fe6-9081-4354-a696-fc4667b331dc] Found no committed offset for partition springCloudBus-0
2026-08-29T16:56:49.419+05:30  INFO 38280 --- [bmp-notification-service] [rap-executor-%d] c.n.d.s.r.aws.ConfigClusterResolver      : Resolving eureka endpoints via configuration
2026-08-29T16:57:04.267+05:30  INFO 38280 --- [bmp-notification-service] [pool-3-thread-1] o.a.k.c.c.internals.ConsumerCoordinator  : [Consumer clientId=consumer-anonymous.71319fe6-9081-4354-a696-fc4667b331dc-4, groupId=anonymous.71319fe6-9081-4354-a696-fc4667b331dc] Found no committed offset for partition springCloudBus-0
2026-08-29T16:58:04.297+05:30  INFO 38280 --- [bmp-notification-service] [pool-3-thread-1] o.a.k.c.c.internals.ConsumerCoordinator  : [Consumer clientId=consumer-anonymous.71319fe6-9081-4354-a696-fc4667b331dc-4, groupId=anonymous.71319fe6-9081-4354-a696-fc4667b331dc] Found no committed offset for partition springCloudBus-0
2026-08-29T16:59:04.330+05:30  INFO 38280 --- [bmp-notification-service] [pool-3-thread-1] o.a.k.c.c.internals.ConsumerCoordinator  : [Consumer clientId=consumer-anonymous.71319fe6-9081-4354-a696-fc4667b331dc-4, groupId=anonymous.71319fe6-9081-4354-a696-fc4667b331dc] Found no committed offset for partition springCloudBus-0
2026-08-29T17:00:04.351+05:30  INFO 38280 --- [bmp-notification-service] [pool-3-thread-1] o.a.k.c.c.internals.ConsumerCoordinator  : [Consumer clientId=consumer-anonymous.71319fe6-9081-4354-a696-fc4667b331dc-4, groupId=anonymous.71319fe6-9081-4354-a696-fc4667b331dc] Found no committed offset for partition springCloudBus-0
2026-08-29T17:01:04.389+05:30  INFO 38280 --- [bmp-notification-service] [pool-3-thread-1] o.a.k.c.c.internals.ConsumerCoordinator  : [Consumer clientId=consumer-anonymous.71319fe6-9081-4354-a696-fc4667b331dc-4, groupId=anonymous.71319fe6-9081-4354-a696-fc4667b331dc] Found no committed offset for partition springCloudBus-0
2026-08-29T17:01:49.424+05:30  INFO 38280 --- [bmp-notification-service] [rap-executor-%d] c.n.d.s.r.aws.ConfigClusterResolver      : Resolving eureka endpoints via configuration
2026-08-29T17:02:04.397+05:30  INFO 38280 --- [bmp-notification-service] [pool-3-thread-1] o.a.k.c.c.internals.ConsumerCoordinator  : [Consumer clientId=consumer-anonymous.71319fe6-9081-4354-a696-fc4667b331dc-4, groupId=anonymous.71319fe6-9081-4354-a696-fc4667b331dc] Found no committed offset for partition springCloudBus-0
2026-08-29T17:03:04.408+05:30  INFO 38280 --- [bmp-notification-service] [pool-3-thread-1] o.a.k.c.c.internals.ConsumerCoordinator  : [Consumer clientId=consumer-anonymous.71319fe6-9081-4354-a696-fc4667b331dc-4, groupId=anonymous.71319fe6-9081-4354-a696-fc4667b331dc] Found no committed offset for partition springCloudBus-0
2026-08-29T17:04:04.428+05:30  INFO 38280 --- [bmp-notification-service] [pool-3-thread-1] o.a.k.c.c.internals.ConsumerCoordinator  : [Consumer clientId=consumer-anonymous.71319fe6-9081-4354-a696-fc4667b331dc-4, groupId=anonymous.71319fe6-9081-4354-a696-fc4667b331dc] Found no committed offset for partition springCloudBus-0
2026-08-29T17:05:04.463+05:30  INFO 38280 --- [bmp-notification-service] [pool-3-thread-1] o.a.k.c.c.internals.ConsumerCoordinator  : [Consumer clientId=consumer-anonymous.71319fe6-9081-4354-a696-fc4667b331dc-4, groupId=anonymous.71319fe6-9081-4354-a696-fc4667b331dc] Found no committed offset for partition springCloudBus-0
2026-08-29T17:06:04.501+05:30  INFO 38280 --- [bmp-notification-service] [pool-3-thread-1] o.a.k.c.c.internals.ConsumerCoordinator  : [Consumer clientId=consumer-anonymous.71319fe6-9081-4354-a696-fc4667b331dc-4, groupId=anonymous.71319fe6-9081-4354-a696-fc4667b331dc] Found no committed offset for partition springCloudBus-0
2026-08-29T17:06:49.437+05:30  INFO 38280 --- [bmp-notification-service] [rap-executor-%d] c.n.d.s.r.aws.ConfigClusterResolver      : Resolving eureka endpoints via configuration
2026-08-29T17:07:04.558+05:30  INFO 38280 --- [bmp-notification-service] [pool-3-thread-1] o.a.k.c.c.internals.ConsumerCoordinator  : [Consumer clientId=consumer-anonymous.71319fe6-9081-4354-a696-fc4667b331dc-4, groupId=anonymous.71319fe6-9081-4354-a696-fc4667b331dc] Found no committed offset for partition springCloudBus-0
2026-08-29T17:08:04.586+05:30  INFO 38280 --- [bmp-notification-service] [pool-3-thread-1] o.a.k.c.c.internals.ConsumerCoordinator  : [Consumer clientId=consumer-anonymous.71319fe6-9081-4354-a696-fc4667b331dc-4, groupId=anonymous.71319fe6-9081-4354-a696-fc4667b331dc] Found no committed offset for partition springCloudBus-0
2026-08-29T17:09:04.671+05:30  INFO 38280 --- [bmp-notification-service] [pool-3-thread-1] o.a.k.c.c.internals.ConsumerCoordinator  : [Consumer clientId=consumer-anonymous.71319fe6-9081-4354-a696-fc4667b331dc-4, groupId=anonymous.71319fe6-9081-4354-a696-fc4667b331dc] Found no committed offset for partition springCloudBus-0
2026-08-29T17:10:04.693+05:30  INFO 38280 --- [bmp-notification-service] [pool-3-thread-1] o.a.k.c.c.internals.ConsumerCoordinator  : [Consumer clientId=consumer-anonymous.71319fe6-9081-4354-a696-fc4667b331dc-4, groupId=anonymous.71319fe6-9081-4354-a696-fc4667b331dc] Found no committed offset for partition springCloudBus-0
2026-08-29T17:11:04.768+05:30  INFO 38280 --- [bmp-notification-service] [pool-3-thread-1] o.a.k.c.c.internals.ConsumerCoordinator  : [Consumer clientId=consumer-anonymous.71319fe6-9081-4354-a696-fc4667b331dc-4, groupId=anonymous.71319fe6-9081-4354-a696-fc4667b331dc] Found no committed offset for partition springCloudBus-0
2026-08-29T17:11:49.448+05:30  INFO 38280 --- [bmp-notification-service] [rap-executor-%d] c.n.d.s.r.aws.ConfigClusterResolver      : Resolving eureka endpoints via configuration
2026-08-29T17:12:04.795+05:30  INFO 38280 --- [bmp-notification-service] [pool-3-thread-1] o.a.k.c.c.internals.ConsumerCoordinator  : [Consumer clientId=consumer-anonymous.71319fe6-9081-4354-a696-fc4667b331dc-4, groupId=anonymous.71319fe6-9081-4354-a696-fc4667b331dc] Found no committed offset for partition springCloudBus-0
2026-08-29T17:13:04.846+05:30  INFO 38280 --- [bmp-notification-service] [pool-3-thread-1] o.a.k.c.c.internals.ConsumerCoordinator  : [Consumer clientId=consumer-anonymous.71319fe6-9081-4354-a696-fc4667b331dc-4, groupId=anonymous.71319fe6-9081-4354-a696-fc4667b331dc] Found no committed offset for partition springCloudBus-0
2026-08-29T17:14:05.206+05:30  INFO 38280 --- [bmp-notification-service] [pool-3-thread-1] o.a.k.c.c.internals.ConsumerCoordinator  : [Consumer clientId=consumer-anonymous.71319fe6-9081-4354-a696-fc4667b331dc-4, groupId=anonymous.71319fe6-9081-4354-a696-fc4667b331dc] Found no committed offset for partition springCloudBus-0
2026-08-29T17:15:05.309+05:30  INFO 38280 --- [bmp-notification-service] [pool-3-thread-1] o.a.k.c.c.internals.ConsumerCoordinator  : [Consumer clientId=consumer-anonymous.71319fe6-9081-4354-a696-fc4667b331dc-4, groupId=anonymous.71319fe6-9081-4354-a696-fc4667b331dc] Found no committed offset for partition springCloudBus-0
2026-08-29T17:16:05.352+05:30  INFO 38280 --- [bmp-notification-service] [pool-3-thread-1] o.a.k.c.c.internals.ConsumerCoordinator  : [Consumer clientId=consumer-anonymous.71319fe6-9081-4354-a696-fc4667b331dc-4, groupId=anonymous.71319fe6-9081-4354-a696-fc4667b331dc] Found no committed offset for partition springCloudBus-0
2026-08-29T17:16:49.451+05:30  INFO 38280 --- [bmp-notification-service] [rap-executor-%d] c.n.d.s.r.aws.ConfigClusterResolver      : Resolving eureka endpoints via configuration
2026-08-29T17:17:05.394+05:30  INFO 38280 --- [bmp-notification-service] [pool-3-thread-1] o.a.k.c.c.internals.ConsumerCoordinator  : [Consumer clientId=consumer-anonymous.71319fe6-9081-4354-a696-fc4667b331dc-4, groupId=anonymous.71319fe6-9081-4354-a696-fc4667b331dc] Found no committed offset for partition springCloudBus-0
2026-08-29T17:18:05.455+05:30  INFO 38280 --- [bmp-notification-service] [pool-3-thread-1] o.a.k.c.c.internals.ConsumerCoordinator  : [Consumer clientId=consumer-anonymous.71319fe6-9081-4354-a696-fc4667b331dc-4, groupId=anonymous.71319fe6-9081-4354-a696-fc4667b331dc] Found no committed offset for partition springCloudBus-0
2026-08-29T17:19:05.536+05:30  INFO 38280 --- [bmp-notification-service] [pool-3-thread-1] o.a.k.c.c.internals.ConsumerCoordinator  : [Consumer clientId=consumer-anonymous.71319fe6-9081-4354-a696-fc4667b331dc-4, groupId=anonymous.71319fe6-9081-4354-a696-fc4667b331dc] Found no committed offset for partition springCloudBus-0
2026-08-29T17:20:05.554+05:30  INFO 38280 --- [bmp-notification-service] [pool-3-thread-1] o.a.k.c.c.internals.ConsumerCoordinator  : [Consumer clientId=consumer-anonymous.71319fe6-9081-4354-a696-fc4667b331dc-4, groupId=anonymous.71319fe6-9081-4354-a696-fc4667b331dc] Found no committed offset for partition springCloudBus-0
2026-08-29T17:21:05.583+05:30  INFO 38280 --- [bmp-notification-service] [pool-3-thread-1] o.a.k.c.c.internals.ConsumerCoordinator  : [Consumer clientId=consumer-anonymous.71319fe6-9081-4354-a696-fc4667b331dc-4, groupId=anonymous.71319fe6-9081-4354-a696-fc4667b331dc] Found no committed offset for partition springCloudBus-0
2026-08-29T17:21:49.462+05:30  INFO 38280 --- [bmp-notification-service] [rap-executor-%d] c.n.d.s.r.aws.ConfigClusterResolver      : Resolving eureka endpoints via configuration
2026-08-29T17:22:05.634+05:30  INFO 38280 --- [bmp-notification-service] [pool-3-thread-1] o.a.k.c.c.internals.ConsumerCoordinator  : [Consumer clientId=consumer-anonymous.71319fe6-9081-4354-a696-fc4667b331dc-4, groupId=anonymous.71319fe6-9081-4354-a696-fc4667b331dc] Found no committed offset for partition springCloudBus-0
2026-08-29T17:23:05.682+05:30  INFO 38280 --- [bmp-notification-service] [pool-3-thread-1] o.a.k.c.c.internals.ConsumerCoordinator  : [Consumer clientId=consumer-anonymous.71319fe6-9081-4354-a696-fc4667b331dc-4, groupId=anonymous.71319fe6-9081-4354-a696-fc4667b331dc] Found no committed offset for partition springCloudBus-0
2026-08-29T17:24:05.717+05:30  INFO 38280 --- [bmp-notification-service] [pool-3-thread-1] o.a.k.c.c.internals.ConsumerCoordinator  : [Consumer clientId=consumer-anonymous.71319fe6-9081-4354-a696-fc4667b331dc-4, groupId=anonymous.71319fe6-9081-4354-a696-fc4667b331dc] Found no committed offset for partition springCloudBus-0
2026-08-29T17:25:05.745+05:30  INFO 38280 --- [bmp-notification-service] [pool-3-thread-1] o.a.k.c.c.internals.ConsumerCoordinator  : [Consumer clientId=consumer-anonymous.71319fe6-9081-4354-a696-fc4667b331dc-4, groupId=anonymous.71319fe6-9081-4354-a696-fc4667b331dc] Found no committed offset for partition springCloudBus-0
2026-08-29T17:26:05.774+05:30  INFO 38280 --- [bmp-notification-service] [pool-3-thread-1] o.a.k.c.c.internals.ConsumerCoordinator  : [Consumer clientId=consumer-anonymous.71319fe6-9081-4354-a696-fc4667b331dc-4, groupId=anonymous.71319fe6-9081-4354-a696-fc4667b331dc] Found no committed offset for partition springCloudBus-0
2026-08-29T17:26:49.465+05:30  INFO 38280 --- [bmp-notification-service] [rap-executor-%d] c.n.d.s.r.aws.ConfigClusterResolver      : Resolving eureka endpoints via configuration
2026-08-29T17:27:05.891+05:30  INFO 38280 --- [bmp-notification-service] [pool-3-thread-1] o.a.k.c.c.internals.ConsumerCoordinator  : [Consumer clientId=consumer-anonymous.71319fe6-9081-4354-a696-fc4667b331dc-4, groupId=anonymous.71319fe6-9081-4354-a696-fc4667b331dc] Found no committed offset for partition springCloudBus-0
2026-08-29T17:28:05.936+05:30  INFO 38280 --- [bmp-notification-service] [pool-3-thread-1] o.a.k.c.c.internals.ConsumerCoordinator  : [Consumer clientId=consumer-anonymous.71319fe6-9081-4354-a696-fc4667b331dc-4, groupId=anonymous.71319fe6-9081-4354-a696-fc4667b331dc] Found no committed offset for partition springCloudBus-0
2026-08-29T17:29:05.976+05:30  INFO 38280 --- [bmp-notification-service] [pool-3-thread-1] o.a.k.c.c.internals.ConsumerCoordinator  : [Consumer clientId=consumer-anonymous.71319fe6-9081-4354-a696-fc4667b331dc-4, groupId=anonymous.71319fe6-9081-4354-a696-fc4667b331dc] Found no committed offset for partition springCloudBus-0
2026-08-29T17:30:06.006+05:30  INFO 38280 --- [bmp-notification-service] [pool-3-thread-1] o.a.k.c.c.internals.ConsumerCoordinator  : [Consumer clientId=consumer-anonymous.71319fe6-9081-4354-a696-fc4667b331dc-4, groupId=anonymous.71319fe6-9081-4354-a696-fc4667b331dc] Found no committed offset for partition springCloudBus-0
2026-08-29T17:31:06.040+05:30  INFO 38280 --- [bmp-notification-service] [pool-3-thread-1] o.a.k.c.c.internals.ConsumerCoordinator  : [Consumer clientId=consumer-anonymous.71319fe6-9081-4354-a696-fc4667b331dc-4, groupId=anonymous.71319fe6-9081-4354-a696-fc4667b331dc] Found no committed offset for partition springCloudBus-0
2026-08-29T17:31:49.481+05:30  INFO 38280 --- [bmp-notification-service] [rap-executor-%d] c.n.d.s.r.aws.ConfigClusterResolver      : Resolving eureka endpoints via configuration
2026-08-29T17:32:06.070+05:30  INFO 38280 --- [bmp-notification-service] [pool-3-thread-1] o.a.k.c.c.internals.ConsumerCoordinator  : [Consumer clientId=consumer-anonymous.71319fe6-9081-4354-a696-fc4667b331dc-4, groupId=anonymous.71319fe6-9081-4354-a696-fc4667b331dc] Found no committed offset for partition springCloudBus-0
2026-08-29T17:33:06.088+05:30  INFO 38280 --- [bmp-notification-service] [pool-3-thread-1] o.a.k.c.c.internals.ConsumerCoordinator  : [Consumer clientId=consumer-anonymous.71319fe6-9081-4354-a696-fc4667b331dc-4, groupId=anonymous.71319fe6-9081-4354-a696-fc4667b331dc] Found no committed offset for partition springCloudBus-0
2026-08-29T17:34:06.111+05:30  INFO 38280 --- [bmp-notification-service] [pool-3-thread-1] o.a.k.c.c.internals.ConsumerCoordinator  : [Consumer clientId=consumer-anonymous.71319fe6-9081-4354-a696-fc4667b331dc-4, groupId=anonymous.71319fe6-9081-4354-a696-fc4667b331dc] Found no committed offset for partition springCloudBus-0
2026-08-29T17:35:06.133+05:30  INFO 38280 --- [bmp-notification-service] [pool-3-thread-1] o.a.k.c.c.internals.ConsumerCoordinator  : [Consumer clientId=consumer-anonymous.71319fe6-9081-4354-a696-fc4667b331dc-4, groupId=anonymous.71319fe6-9081-4354-a696-fc4667b331dc] Found no committed offset for partition springCloudBus-0
2026-08-29T17:36:06.155+05:30  INFO 38280 --- [bmp-notification-service] [pool-3-thread-1] o.a.k.c.c.internals.ConsumerCoordinator  : [Consumer clientId=consumer-anonymous.71319fe6-9081-4354-a696-fc4667b331dc-4, groupId=anonymous.71319fe6-9081-4354-a696-fc4667b331dc] Found no committed offset for partition springCloudBus-0
2026-08-29T17:36:49.486+05:30  INFO 38280 --- [bmp-notification-service] [rap-executor-%d] c.n.d.s.r.aws.ConfigClusterResolver      : Resolving eureka endpoints via configuration
2026-08-29T17:37:06.176+05:30  INFO 38280 --- [bmp-notification-service] [pool-3-thread-1] o.a.k.c.c.internals.ConsumerCoordinator  : [Consumer clientId=consumer-anonymous.71319fe6-9081-4354-a696-fc4667b331dc-4, groupId=anonymous.71319fe6-9081-4354-a696-fc4667b331dc] Found no committed offset for partition springCloudBus-0
2026-08-29T17:38:06.197+05:30  INFO 38280 --- [bmp-notification-service] [pool-3-thread-1] o.a.k.c.c.internals.ConsumerCoordinator  : [Consumer clientId=consumer-anonymous.71319fe6-9081-4354-a696-fc4667b331dc-4, groupId=anonymous.71319fe6-9081-4354-a696-fc4667b331dc] Found no committed offset for partition springCloudBus-0
2026-08-29T17:39:06.215+05:30  INFO 38280 --- [bmp-notification-service] [pool-3-thread-1] o.a.k.c.c.internals.ConsumerCoordinator  : [Consumer clientId=consumer-anonymous.71319fe6-9081-4354-a696-fc4667b331dc-4, groupId=anonymous.71319fe6-9081-4354-a696-fc4667b331dc] Found no committed offset for partition springCloudBus-0
2026-08-29T17:40:06.285+05:30  INFO 38280 --- [bmp-notification-service] [pool-3-thread-1] o.a.k.c.c.internals.ConsumerCoordinator  : [Consumer clientId=consumer-anonymous.71319fe6-9081-4354-a696-fc4667b331dc-4, groupId=anonymous.71319fe6-9081-4354-a696-fc4667b331dc] Found no committed offset for partition springCloudBus-0
2026-08-29T17:41:06.319+05:30  INFO 38280 --- [bmp-notification-service] [pool-3-thread-1] o.a.k.c.c.internals.ConsumerCoordinator  : [Consumer clientId=consumer-anonymous.71319fe6-9081-4354-a696-fc4667b331dc-4, groupId=anonymous.71319fe6-9081-4354-a696-fc4667b331dc] Found no committed offset for partition springCloudBus-0
2026-08-29T17:41:49.492+05:30  INFO 38280 --- [bmp-notification-service] [rap-executor-%d] c.n.d.s.r.aws.ConfigClusterResolver      : Resolving eureka endpoints via configuration
2026-08-29T17:42:06.352+05:30  INFO 38280 --- [bmp-notification-service] [pool-3-thread-1] o.a.k.c.c.internals.ConsumerCoordinator  : [Consumer clientId=consumer-anonymous.71319fe6-9081-4354-a696-fc4667b331dc-4, groupId=anonymous.71319fe6-9081-4354-a696-fc4667b331dc] Found no committed offset for partition springCloudBus-0
2026-08-29T17:56:52.613+05:30  INFO 38280 --- [bmp-notification-service] [ntainer#0-0-C-1] org.apache.kafka.clients.NetworkClient   : [Consumer clientId=consumer-bmp-notification-service-3, groupId=bmp-notification-service] Node 1 disconnected.
2026-08-29T17:56:52.616+05:30  INFO 38280 --- [bmp-notification-service] [container-0-C-1] org.apache.kafka.clients.NetworkClient   : [Consumer clientId=consumer-anonymous.71319fe6-9081-4354-a696-fc4667b331dc-2, groupId=anonymous.71319fe6-9081-4354-a696-fc4667b331dc] Node 1 disconnected.
2026-08-29T17:56:52.618+05:30  INFO 38280 --- [bmp-notification-service] [ntainer#0-0-C-1] org.apache.kafka.clients.NetworkClient   : [Consumer clientId=consumer-bmp-notification-service-3, groupId=bmp-notification-service] Cancelled in-flight FETCH request with correlation id 48460 due to node 1 being disconnected (elapsed time since creation: 827705ms, elapsed time since send: 827705ms, throttle time: 0ms, request timeout: 30000ms)
2026-08-29T17:56:52.618+05:30  INFO 38280 --- [bmp-notification-service] [container-0-C-1] org.apache.kafka.clients.NetworkClient   : [Consumer clientId=consumer-anonymous.71319fe6-9081-4354-a696-fc4667b331dc-2, groupId=anonymous.71319fe6-9081-4354-a696-fc4667b331dc] Cancelled in-flight FETCH request with correlation id 48497 due to node 1 being disconnected (elapsed time since creation: 827665ms, elapsed time since send: 827665ms, throttle time: 0ms, request timeout: 30000ms)
2026-08-29T17:56:52.620+05:30  INFO 38280 --- [bmp-notification-service] [ntainer#0-0-C-1] org.apache.kafka.clients.NetworkClient   : [Consumer clientId=consumer-bmp-notification-service-3, groupId=bmp-notification-service] Disconnecting from node 2147483646 due to request timeout.
2026-08-29T17:56:52.620+05:30  INFO 38280 --- [bmp-notification-service] [container-0-C-1] org.apache.kafka.clients.NetworkClient   : [Consumer clientId=consumer-anonymous.71319fe6-9081-4354-a696-fc4667b331dc-2, groupId=anonymous.71319fe6-9081-4354-a696-fc4667b331dc] Disconnecting from node 2147483646 due to request timeout.
2026-08-29T17:56:52.621+05:30  INFO 38280 --- [bmp-notification-service] [ntainer#0-0-C-1] org.apache.kafka.clients.NetworkClient   : [Consumer clientId=consumer-bmp-notification-service-3, groupId=bmp-notification-service] Cancelled in-flight HEARTBEAT request with correlation id 48461 due to node 2147483646 being disconnected (elapsed time since creation: 827233ms, elapsed time since send: 827233ms, throttle time: 0ms, request timeout: 30000ms)
2026-08-29T17:56:52.621+05:30  INFO 38280 --- [bmp-notification-service] [container-0-C-1] org.apache.kafka.clients.NetworkClient   : [Consumer clientId=consumer-anonymous.71319fe6-9081-4354-a696-fc4667b331dc-2, groupId=anonymous.71319fe6-9081-4354-a696-fc4667b331dc] Cancelled in-flight HEARTBEAT request with correlation id 48498 due to node 2147483646 being disconnected (elapsed time since creation: 826725ms, elapsed time since send: 826725ms, throttle time: 0ms, request timeout: 30000ms)
2026-08-29T17:56:52.621+05:30  INFO 38280 --- [bmp-notification-service] [ntainer#0-0-C-1] org.apache.kafka.clients.NetworkClient   : [Consumer clientId=consumer-bmp-notification-service-3, groupId=bmp-notification-service] Cancelled in-flight HEARTBEAT request with correlation id 48462 due to node 2147483646 being disconnected (elapsed time since creation: 824225ms, elapsed time since send: 824225ms, throttle time: 0ms, request timeout: 30000ms)
2026-08-29T17:56:52.621+05:30  INFO 38280 --- [bmp-notification-service] [container-0-C-1] org.apache.kafka.clients.NetworkClient   : [Consumer clientId=consumer-anonymous.71319fe6-9081-4354-a696-fc4667b331dc-2, groupId=anonymous.71319fe6-9081-4354-a696-fc4667b331dc] Cancelled in-flight HEARTBEAT request with correlation id 48499 due to node 2147483646 being disconnected (elapsed time since creation: 823710ms, elapsed time since send: 823710ms, throttle time: 0ms, request timeout: 30000ms)
2026-08-29T17:56:52.621+05:30  INFO 38280 --- [bmp-notification-service] [container-0-C-1] org.apache.kafka.clients.NetworkClient   : [Consumer clientId=consumer-anonymous.71319fe6-9081-4354-a696-fc4667b331dc-2, groupId=anonymous.71319fe6-9081-4354-a696-fc4667b331dc] Cancelled in-flight HEARTBEAT request with correlation id 48500 due to node 2147483646 being disconnected (elapsed time since creation: 820703ms, elapsed time since send: 820703ms, throttle time: 0ms, request timeout: 30000ms)
2026-08-29T17:56:52.621+05:30  INFO 38280 --- [bmp-notification-service] [ntainer#0-0-C-1] org.apache.kafka.clients.NetworkClient   : [Consumer clientId=consumer-bmp-notification-service-3, groupId=bmp-notification-service] Cancelled in-flight HEARTBEAT request with correlation id 48463 due to node 2147483646 being disconnected (elapsed time since creation: 821214ms, elapsed time since send: 821214ms, throttle time: 0ms, request timeout: 30000ms)
2026-08-29T17:56:52.621+05:30  INFO 38280 --- [bmp-notification-service] [container-0-C-1] org.apache.kafka.clients.NetworkClient   : [Consumer clientId=consumer-anonymous.71319fe6-9081-4354-a696-fc4667b331dc-2, groupId=anonymous.71319fe6-9081-4354-a696-fc4667b331dc] Cancelled in-flight HEARTBEAT request with correlation id 48501 due to node 2147483646 being disconnected (elapsed time since creation: 817687ms, elapsed time since send: 817687ms, throttle time: 0ms, request timeout: 30000ms)
2026-08-29T17:56:52.621+05:30  INFO 38280 --- [bmp-notification-service] [ntainer#0-0-C-1] org.apache.kafka.clients.NetworkClient   : [Consumer clientId=consumer-bmp-notification-service-3, groupId=bmp-notification-service] Cancelled in-flight HEARTBEAT request with correlation id 48464 due to node 2147483646 being disconnected (elapsed time since creation: 818200ms, elapsed time since send: 818200ms, throttle time: 0ms, request timeout: 30000ms)
2026-08-29T17:56:52.623+05:30  INFO 38280 --- [bmp-notification-service] [ication-service] o.a.k.c.c.internals.ConsumerCoordinator  : [Consumer clientId=consumer-bmp-notification-service-3, groupId=bmp-notification-service] Group coordinator localhost:9092 (id: 2147483646 rack: null) is unavailable or invalid due to cause: null. isDisconnected: true. Rediscovery will be attempted.
2026-08-29T17:56:52.622+05:30  INFO 38280 --- [bmp-notification-service] [container-0-C-1] o.a.kafka.clients.FetchSessionHandler    : [Consumer clientId=consumer-anonymous.71319fe6-9081-4354-a696-fc4667b331dc-2, groupId=anonymous.71319fe6-9081-4354-a696-fc4667b331dc] Error sending fetch request (sessionId=1557846461, epoch=7706) to node 1:

org.apache.kafka.common.errors.DisconnectException: null

2026-08-29T17:56:52.622+05:30  INFO 38280 --- [bmp-notification-service] [ntainer#0-0-C-1] o.a.kafka.clients.FetchSessionHandler    : [Consumer clientId=consumer-bmp-notification-service-3, groupId=bmp-notification-service] Error sending fetch request (sessionId=1176935659, epoch=7708) to node 1:

org.apache.kafka.common.errors.DisconnectException: null

2026-08-29T17:56:52.726+05:30  INFO 38280 --- [bmp-notification-service] [96-fc4667b331dc] o.a.k.c.c.internals.ConsumerCoordinator  : [Consumer clientId=consumer-anonymous.71319fe6-9081-4354-a696-fc4667b331dc-2, groupId=anonymous.71319fe6-9081-4354-a696-fc4667b331dc] Group coordinator localhost:9092 (id: 2147483646 rack: null) is unavailable or invalid due to cause: null. isDisconnected: true. Rediscovery will be attempted.
2026-08-29T17:56:52.820+05:30  INFO 38280 --- [bmp-notification-service] [binder-health-1] org.apache.kafka.clients.NetworkClient   : [Consumer clientId=consumer-null-5, groupId=null] Node 1 disconnected.
2026-08-29T17:56:52.821+05:30  INFO 38280 --- [bmp-notification-service] [binder-health-1] org.apache.kafka.clients.NetworkClient   : [Consumer clientId=consumer-null-5, groupId=null] Cancelled in-flight METADATA request with correlation id 1200 due to node 1 being disconnected (elapsed time since creation: 823770ms, elapsed time since send: 823770ms, throttle time: 0ms, request timeout: 30000ms)
2026-08-29T17:56:52.899+05:30  INFO 38280 --- [bmp-notification-service] [pool-3-thread-1] org.apache.kafka.clients.NetworkClient   : [Consumer clientId=consumer-anonymous.71319fe6-9081-4354-a696-fc4667b331dc-4, groupId=anonymous.71319fe6-9081-4354-a696-fc4667b331dc] Node 2147483646 disconnected.
2026-08-29T17:56:52.899+05:30  INFO 38280 --- [bmp-notification-service] [pool-3-thread-1] org.apache.kafka.clients.NetworkClient   : [Consumer clientId=consumer-anonymous.71319fe6-9081-4354-a696-fc4667b331dc-4, groupId=anonymous.71319fe6-9081-4354-a696-fc4667b331dc] Disconnecting from node 1 due to request timeout.
2026-08-29T17:56:52.900+05:30  INFO 38280 --- [bmp-notification-service] [pool-3-thread-1] org.apache.kafka.clients.NetworkClient   : [Consumer clientId=consumer-anonymous.71319fe6-9081-4354-a696-fc4667b331dc-4, groupId=anonymous.71319fe6-9081-4354-a696-fc4667b331dc] Cancelled in-flight METADATA request with correlation id 1215 due to node 1 being disconnected (elapsed time since creation: 826530ms, elapsed time since send: 826530ms, throttle time: 0ms, request timeout: 30000ms)
2026-08-29T17:56:52.900+05:30  INFO 38280 --- [bmp-notification-service] [pool-3-thread-1] org.apache.kafka.clients.NetworkClient   : [Consumer clientId=consumer-anonymous.71319fe6-9081-4354-a696-fc4667b331dc-4, groupId=anonymous.71319fe6-9081-4354-a696-fc4667b331dc] Cancelled in-flight LIST_OFFSETS request with correlation id 1214 due to node 1 being disconnected (elapsed time since creation: 826530ms, elapsed time since send: 826530ms, throttle time: 0ms, request timeout: 30000ms)
2026-08-29T17:56:52.972+05:30  WARN 38280 --- [bmp-notification-service] [nio-8089-exec-1] o.s.b.a.health.HealthEndpointSupport     : Health contributor org.springframework.cloud.stream.binder.kafka.KafkaBinderHealthIndicator (binders/kafka) took 823916ms to respond
2026-08-29T17:56:54.465+05:30  INFO 38280 --- [bmp-notification-service] [ntainer#0-0-C-1] o.a.k.c.c.internals.ConsumerCoordinator  : [Consumer clientId=consumer-bmp-notification-service-3, groupId=bmp-notification-service] Discovered group coordinator localhost:9092 (id: 2147483646 rack: null)
2026-08-29T17:56:54.471+05:30  INFO 38280 --- [bmp-notification-service] [container-0-C-1] o.a.k.c.c.internals.ConsumerCoordinator  : [Consumer clientId=consumer-anonymous.71319fe6-9081-4354-a696-fc4667b331dc-2, groupId=anonymous.71319fe6-9081-4354-a696-fc4667b331dc] Discovered group coordinator localhost:9092 (id: 2147483646 rack: null)
2026-08-29T17:57:12.094+05:30  WARN 38280 --- [bmp-notification-service] [l-1 housekeeper] com.zaxxer.hikari.pool.HikariPool        : HikariPool-1 - Thread starvation or clock leap detected (housekeeper delta=14m4s391ms227µs100ns).
2026-08-29T17:57:53.256+05:30  INFO 38280 --- [bmp-notification-service] [pool-3-thread-1] o.a.k.c.c.internals.ConsumerCoordinator  : [Consumer clientId=consumer-anonymous.71319fe6-9081-4354-a696-fc4667b331dc-4, groupId=anonymous.71319fe6-9081-4354-a696-fc4667b331dc] Found no committed offset for partition springCloudBus-0
2026-08-29T17:58:53.280+05:30  INFO 38280 --- [bmp-notification-service] [pool-3-thread-1] o.a.k.c.c.internals.ConsumerCoordinator  : [Consumer clientId=consumer-anonymous.71319fe6-9081-4354-a696-fc4667b331dc-4, groupId=anonymous.71319fe6-9081-4354-a696-fc4667b331dc] Found no committed offset for partition springCloudBus-0
2026-08-29T18:00:06.783+05:30  INFO 38280 --- [bmp-notification-service] [ntainer#0-0-C-1] org.apache.kafka.clients.NetworkClient   : [Consumer clientId=consumer-bmp-notification-service-3, groupId=bmp-notification-service] Disconnecting from node 1 due to request timeout.
2026-08-29T18:00:06.784+05:30  INFO 38280 --- [bmp-notification-service] [ntainer#0-0-C-1] org.apache.kafka.clients.NetworkClient   : [Consumer clientId=consumer-bmp-notification-service-3, groupId=bmp-notification-service] Cancelled in-flight FETCH request with correlation id 48821 due to node 1 being disconnected (elapsed time since creation: 39552ms, elapsed time since send: 39552ms, throttle time: 0ms, request timeout: 30000ms)
2026-08-29T18:00:06.785+05:30  INFO 38280 --- [bmp-notification-service] [ntainer#0-0-C-1] org.apache.kafka.clients.NetworkClient   : [Consumer clientId=consumer-bmp-notification-service-3, groupId=bmp-notification-service] Disconnecting from node 2147483646 due to request timeout.
2026-08-29T18:00:06.785+05:30  INFO 38280 --- [bmp-notification-service] [ntainer#0-0-C-1] org.apache.kafka.clients.NetworkClient   : [Consumer clientId=consumer-bmp-notification-service-3, groupId=bmp-notification-service] Cancelled in-flight HEARTBEAT request with correlation id 48822 due to node 2147483646 being disconnected (elapsed time since creation: 38855ms, elapsed time since send: 38855ms, throttle time: 0ms, request timeout: 30000ms)
2026-08-29T18:00:06.785+05:30  INFO 38280 --- [bmp-notification-service] [ntainer#0-0-C-1] org.apache.kafka.clients.NetworkClient   : [Consumer clientId=consumer-bmp-notification-service-3, groupId=bmp-notification-service] Cancelled in-flight HEARTBEAT request with correlation id 48823 due to node 2147483646 being disconnected (elapsed time since creation: 35852ms, elapsed time since send: 35852ms, throttle time: 0ms, request timeout: 30000ms)
2026-08-29T18:00:06.785+05:30  INFO 38280 --- [bmp-notification-service] [ntainer#0-0-C-1] org.apache.kafka.clients.NetworkClient   : [Consumer clientId=consumer-bmp-notification-service-3, groupId=bmp-notification-service] Cancelled in-flight HEARTBEAT request with correlation id 48824 due to node 2147483646 being disconnected (elapsed time since creation: 32838ms, elapsed time since send: 32838ms, throttle time: 0ms, request timeout: 30000ms)
2026-08-29T18:00:06.785+05:30  INFO 38280 --- [bmp-notification-service] [ntainer#0-0-C-1] org.apache.kafka.clients.NetworkClient   : [Consumer clientId=consumer-bmp-notification-service-3, groupId=bmp-notification-service] Cancelled in-flight HEARTBEAT request with correlation id 48825 due to node 2147483646 being disconnected (elapsed time since creation: 29830ms, elapsed time since send: 29830ms, throttle time: 0ms, request timeout: 30000ms)
2026-08-29T18:00:06.786+05:30  INFO 38280 --- [bmp-notification-service] [ication-service] o.a.k.c.c.internals.ConsumerCoordinator  : [Consumer clientId=consumer-bmp-notification-service-3, groupId=bmp-notification-service] Group coordinator localhost:9092 (id: 2147483646 rack: null) is unavailable or invalid due to cause: null. isDisconnected: true. Rediscovery will be attempted.
2026-08-29T18:00:06.786+05:30  INFO 38280 --- [bmp-notification-service] [ntainer#0-0-C-1] o.a.kafka.clients.FetchSessionHandler    : [Consumer clientId=consumer-bmp-notification-service-3, groupId=bmp-notification-service] Error sending fetch request (sessionId=419732497, epoch=300) to node 1:

org.apache.kafka.common.errors.DisconnectException: null

2026-08-29T18:00:06.799+05:30  INFO 38280 --- [bmp-notification-service] [container-0-C-1] org.apache.kafka.clients.NetworkClient   : [Consumer clientId=consumer-anonymous.71319fe6-9081-4354-a696-fc4667b331dc-2, groupId=anonymous.71319fe6-9081-4354-a696-fc4667b331dc] Disconnecting from node 1 due to request timeout.
2026-08-29T18:00:06.799+05:30  INFO 38280 --- [bmp-notification-service] [container-0-C-1] org.apache.kafka.clients.NetworkClient   : [Consumer clientId=consumer-anonymous.71319fe6-9081-4354-a696-fc4667b331dc-2, groupId=anonymous.71319fe6-9081-4354-a696-fc4667b331dc] Cancelled in-flight FETCH request with correlation id 48858 due to node 1 being disconnected (elapsed time since creation: 39670ms, elapsed time since send: 39670ms, throttle time: 0ms, request timeout: 30000ms)
2026-08-29T18:00:06.799+05:30  INFO 38280 --- [bmp-notification-service] [container-0-C-1] org.apache.kafka.clients.NetworkClient   : [Consumer clientId=consumer-anonymous.71319fe6-9081-4354-a696-fc4667b331dc-2, groupId=anonymous.71319fe6-9081-4354-a696-fc4667b331dc] Disconnecting from node 2147483646 due to request timeout.
2026-08-29T18:00:06.799+05:30  INFO 38280 --- [bmp-notification-service] [container-0-C-1] org.apache.kafka.clients.NetworkClient   : [Consumer clientId=consumer-anonymous.71319fe6-9081-4354-a696-fc4667b331dc-2, groupId=anonymous.71319fe6-9081-4354-a696-fc4667b331dc] Cancelled in-flight HEARTBEAT request with correlation id 48859 due to node 2147483646 being disconnected (elapsed time since creation: 38840ms, elapsed time since send: 38840ms, throttle time: 0ms, request timeout: 30000ms)
2026-08-29T18:00:06.799+05:30  INFO 38280 --- [bmp-notification-service] [container-0-C-1] org.apache.kafka.clients.NetworkClient   : [Consumer clientId=consumer-anonymous.71319fe6-9081-4354-a696-fc4667b331dc-2, groupId=anonymous.71319fe6-9081-4354-a696-fc4667b331dc] Cancelled in-flight HEARTBEAT request with correlation id 48860 due to node 2147483646 being disconnected (elapsed time since creation: 35838ms, elapsed time since send: 35837ms, throttle time: 0ms, request timeout: 30000ms)
2026-08-29T18:00:06.799+05:30  INFO 38280 --- [bmp-notification-service] [container-0-C-1] org.apache.kafka.clients.NetworkClient   : [Consumer clientId=consumer-anonymous.71319fe6-9081-4354-a696-fc4667b331dc-2, groupId=anonymous.71319fe6-9081-4354-a696-fc4667b331dc] Cancelled in-flight HEARTBEAT request with correlation id 48861 due to node 2147483646 being disconnected (elapsed time since creation: 32838ms, elapsed time since send: 32838ms, throttle time: 0ms, request timeout: 30000ms)
2026-08-29T18:00:06.799+05:30  INFO 38280 --- [bmp-notification-service] [container-0-C-1] org.apache.kafka.clients.NetworkClient   : [Consumer clientId=consumer-anonymous.71319fe6-9081-4354-a696-fc4667b331dc-2, groupId=anonymous.71319fe6-9081-4354-a696-fc4667b331dc] Cancelled in-flight HEARTBEAT request with correlation id 48862 due to node 2147483646 being disconnected (elapsed time since creation: 29831ms, elapsed time since send: 29831ms, throttle time: 0ms, request timeout: 30000ms)
2026-08-29T18:00:06.799+05:30  INFO 38280 --- [bmp-notification-service] [container-0-C-1] o.a.kafka.clients.FetchSessionHandler    : [Consumer clientId=consumer-anonymous.71319fe6-9081-4354-a696-fc4667b331dc-2, groupId=anonymous.71319fe6-9081-4354-a696-fc4667b331dc] Error sending fetch request (sessionId=850276864, epoch=300) to node 1:

org.apache.kafka.common.errors.DisconnectException: null

2026-08-29T18:00:06.801+05:30  INFO 38280 --- [bmp-notification-service] [96-fc4667b331dc] o.a.k.c.c.internals.ConsumerCoordinator  : [Consumer clientId=consumer-anonymous.71319fe6-9081-4354-a696-fc4667b331dc-2, groupId=anonymous.71319fe6-9081-4354-a696-fc4667b331dc] Group coordinator localhost:9092 (id: 2147483646 rack: null) is unavailable or invalid due to cause: null. isDisconnected: true. Rediscovery will be attempted.
2026-08-29T18:00:07.850+05:30  WARN 38280 --- [bmp-notification-service] [nio-8089-exec-1] o.s.b.a.health.HealthEndpointSupport     : Health contributor org.springframework.cloud.stream.binder.kafka.KafkaBinderHealthIndicator (binders/kafka) took 30302ms to respond
2026-08-29T18:00:07.942+05:30  INFO 38280 --- [bmp-notification-service] [ntainer#0-0-C-1] o.a.k.c.c.internals.ConsumerCoordinator  : [Consumer clientId=consumer-bmp-notification-service-3, groupId=bmp-notification-service] Discovered group coordinator localhost:9092 (id: 2147483646 rack: null)
2026-08-29T18:00:07.942+05:30  INFO 38280 --- [bmp-notification-service] [container-0-C-1] o.a.k.c.c.internals.ConsumerCoordinator  : [Consumer clientId=consumer-anonymous.71319fe6-9081-4354-a696-fc4667b331dc-2, groupId=anonymous.71319fe6-9081-4354-a696-fc4667b331dc] Discovered group coordinator localhost:9092 (id: 2147483646 rack: null)
2026-08-29T18:00:08.968+05:30  WARN 38280 --- [bmp-notification-service] [l-1 housekeeper] com.zaxxer.hikari.pool.HikariPool        : HikariPool-1 - Thread starvation or clock leap detected (housekeeper delta=59s320ms434µs400ns).
2026-08-29T18:00:20.108+05:30  INFO 38280 --- [bmp-notification-service] [pool-3-thread-1] o.a.k.c.c.internals.ConsumerCoordinator  : [Consumer clientId=consumer-anonymous.71319fe6-9081-4354-a696-fc4667b331dc-4, groupId=anonymous.71319fe6-9081-4354-a696-fc4667b331dc] Found no committed offset for partition springCloudBus-0
2026-08-29T18:00:50.569+05:30  INFO 38280 --- [bmp-notification-service] [rap-executor-%d] c.n.d.s.r.aws.ConfigClusterResolver      : Resolving eureka endpoints via configuration
2026-08-29T18:01:20.124+05:30  INFO 38280 --- [bmp-notification-service] [pool-3-thread-1] o.a.k.c.c.internals.ConsumerCoordinator  : [Consumer clientId=consumer-anonymous.71319fe6-9081-4354-a696-fc4667b331dc-4, groupId=anonymous.71319fe6-9081-4354-a696-fc4667b331dc] Found no committed offset for partition springCloudBus-0
2026-08-29T18:02:20.144+05:30  INFO 38280 --- [bmp-notification-service] [pool-3-thread-1] o.a.k.c.c.internals.ConsumerCoordinator  : [Consumer clientId=consumer-anonymous.71319fe6-9081-4354-a696-fc4667b331dc-4, groupId=anonymous.71319fe6-9081-4354-a696-fc4667b331dc] Found no committed offset for partition springCloudBus-0
2026-08-29T18:03:20.170+05:30  INFO 38280 --- [bmp-notification-service] [pool-3-thread-1] o.a.k.c.c.internals.ConsumerCoordinator  : [Consumer clientId=consumer-anonymous.71319fe6-9081-4354-a696-fc4667b331dc-4, groupId=anonymous.71319fe6-9081-4354-a696-fc4667b331dc] Found no committed offset for partition springCloudBus-0
2026-08-29T18:04:20.204+05:30  INFO 38280 --- [bmp-notification-service] [pool-3-thread-1] o.a.k.c.c.internals.ConsumerCoordinator  : [Consumer clientId=consumer-anonymous.71319fe6-9081-4354-a696-fc4667b331dc-4, groupId=anonymous.71319fe6-9081-4354-a696-fc4667b331dc] Found no committed offset for partition springCloudBus-0
2026-08-29T18:05:20.227+05:30  INFO 38280 --- [bmp-notification-service] [pool-3-thread-1] o.a.k.c.c.internals.ConsumerCoordinator  : [Consumer clientId=consumer-anonymous.71319fe6-9081-4354-a696-fc4667b331dc-4, groupId=anonymous.71319fe6-9081-4354-a696-fc4667b331dc] Found no committed offset for partition springCloudBus-0
2026-08-29T18:05:50.574+05:30  INFO 38280 --- [bmp-notification-service] [rap-executor-%d] c.n.d.s.r.aws.ConfigClusterResolver      : Resolving eureka endpoints via configuration
2026-08-29T18:06:20.238+05:30  INFO 38280 --- [bmp-notification-service] [pool-3-thread-1] o.a.k.c.c.internals.ConsumerCoordinator  : [Consumer clientId=consumer-anonymous.71319fe6-9081-4354-a696-fc4667b331dc-4, groupId=anonymous.71319fe6-9081-4354-a696-fc4667b331dc] Found no committed offset for partition springCloudBus-0
2026-08-29T18:07:20.251+05:30  INFO 38280 --- [bmp-notification-service] [pool-3-thread-1] o.a.k.c.c.internals.ConsumerCoordinator  : [Consumer clientId=consumer-anonymous.71319fe6-9081-4354-a696-fc4667b331dc-4, groupId=anonymous.71319fe6-9081-4354-a696-fc4667b331dc] Found no committed offset for partition springCloudBus-0
2026-08-29T18:08:20.282+05:30  INFO 38280 --- [bmp-notification-service] [pool-3-thread-1] o.a.k.c.c.internals.ConsumerCoordinator  : [Consumer clientId=consumer-anonymous.71319fe6-9081-4354-a696-fc4667b331dc-4, groupId=anonymous.71319fe6-9081-4354-a696-fc4667b331dc] Found no committed offset for partition springCloudBus-0
2026-08-29T18:09:20.310+05:30  INFO 38280 --- [bmp-notification-service] [pool-3-thread-1] o.a.k.c.c.internals.ConsumerCoordinator  : [Consumer clientId=consumer-anonymous.71319fe6-9081-4354-a696-fc4667b331dc-4, groupId=anonymous.71319fe6-9081-4354-a696-fc4667b331dc] Found no committed offset for partition springCloudBus-0
2026-08-29T18:10:20.333+05:30  INFO 38280 --- [bmp-notification-service] [pool-3-thread-1] o.a.k.c.c.internals.ConsumerCoordinator  : [Consumer clientId=consumer-anonymous.71319fe6-9081-4354-a696-fc4667b331dc-4, groupId=anonymous.71319fe6-9081-4354-a696-fc4667b331dc] Found no committed offset for partition springCloudBus-0
2026-08-29T18:10:50.608+05:30  INFO 38280 --- [bmp-notification-service] [rap-executor-%d] c.n.d.s.r.aws.ConfigClusterResolver      : Resolving eureka endpoints via configuration
2026-08-29T18:11:20.345+05:30  INFO 38280 --- [bmp-notification-service] [pool-3-thread-1] o.a.k.c.c.internals.ConsumerCoordinator  : [Consumer clientId=consumer-anonymous.71319fe6-9081-4354-a696-fc4667b331dc-4, groupId=anonymous.71319fe6-9081-4354-a696-fc4667b331dc] Found no committed offset for partition springCloudBus-0
2026-08-29T18:12:20.362+05:30  INFO 38280 --- [bmp-notification-service] [pool-3-thread-1] o.a.k.c.c.internals.ConsumerCoordinator  : [Consumer clientId=consumer-anonymous.71319fe6-9081-4354-a696-fc4667b331dc-4, groupId=anonymous.71319fe6-9081-4354-a696-fc4667b331dc] Found no committed offset for partition springCloudBus-0
2026-08-29T18:13:20.380+05:30  INFO 38280 --- [bmp-notification-service] [pool-3-thread-1] o.a.k.c.c.internals.ConsumerCoordinator  : [Consumer clientId=consumer-anonymous.71319fe6-9081-4354-a696-fc4667b331dc-4, groupId=anonymous.71319fe6-9081-4354-a696-fc4667b331dc] Found no committed offset for partition springCloudBus-0
2026-08-29T18:14:20.397+05:30  INFO 38280 --- [bmp-notification-service] [pool-3-thread-1] o.a.k.c.c.internals.ConsumerCoordinator  : [Consumer clientId=consumer-anonymous.71319fe6-9081-4354-a696-fc4667b331dc-4, groupId=anonymous.71319fe6-9081-4354-a696-fc4667b331dc] Found no committed offset for partition springCloudBus-0
2026-08-29T18:15:20.420+05:30  INFO 38280 --- [bmp-notification-service] [pool-3-thread-1] o.a.k.c.c.internals.ConsumerCoordinator  : [Consumer clientId=consumer-anonymous.71319fe6-9081-4354-a696-fc4667b331dc-4, groupId=anonymous.71319fe6-9081-4354-a696-fc4667b331dc] Found no committed offset for partition springCloudBus-0
2026-08-29T18:15:50.623+05:30  INFO 38280 --- [bmp-notification-service] [rap-executor-%d] c.n.d.s.r.aws.ConfigClusterResolver      : Resolving eureka endpoints via configuration
2026-08-29T18:16:20.435+05:30  INFO 38280 --- [bmp-notification-service] [pool-3-thread-1] o.a.k.c.c.internals.ConsumerCoordinator  : [Consumer clientId=consumer-anonymous.71319fe6-9081-4354-a696-fc4667b331dc-4, groupId=anonymous.71319fe6-9081-4354-a696-fc4667b331dc] Found no committed offset for partition springCloudBus-0
2026-08-29T19:23:53.258+05:30  INFO 38280 --- [bmp-notification-service] [ntainer#0-0-C-1] org.apache.kafka.clients.NetworkClient   : [Consumer clientId=consumer-bmp-notification-service-3, groupId=bmp-notification-service] Node 1 disconnected.
2026-08-29T19:23:53.279+05:30  INFO 38280 --- [bmp-notification-service] [container-0-C-1] org.apache.kafka.clients.NetworkClient   : [Consumer clientId=consumer-anonymous.71319fe6-9081-4354-a696-fc4667b331dc-2, groupId=anonymous.71319fe6-9081-4354-a696-fc4667b331dc] Node 1 disconnected.
2026-08-29T19:23:53.280+05:30  INFO 38280 --- [bmp-notification-service] [container-0-C-1] org.apache.kafka.clients.NetworkClient   : [Consumer clientId=consumer-anonymous.71319fe6-9081-4354-a696-fc4667b331dc-2, groupId=anonymous.71319fe6-9081-4354-a696-fc4667b331dc] Cancelled in-flight FETCH request with correlation id 51186 due to node 1 being disconnected (elapsed time since creation: 4024513ms, elapsed time since send: 4024513ms, throttle time: 0ms, request timeout: 30000ms)
2026-08-29T19:23:53.281+05:30  INFO 38280 --- [bmp-notification-service] [container-0-C-1] org.apache.kafka.clients.NetworkClient   : [Consumer clientId=consumer-anonymous.71319fe6-9081-4354-a696-fc4667b331dc-2, groupId=anonymous.71319fe6-9081-4354-a696-fc4667b331dc] Disconnecting from node 2147483646 due to request timeout.
2026-08-29T19:23:53.306+05:30  INFO 38280 --- [bmp-notification-service] [ntainer#0-0-C-1] org.apache.kafka.clients.NetworkClient   : [Consumer clientId=consumer-bmp-notification-service-3, groupId=bmp-notification-service] Cancelled in-flight FETCH request with correlation id 51149 due to node 1 being disconnected (elapsed time since creation: 4024493ms, elapsed time since send: 4024493ms, throttle time: 0ms, request timeout: 30000ms)
2026-08-29T19:23:53.309+05:30  INFO 38280 --- [bmp-notification-service] [container-0-C-1] org.apache.kafka.clients.NetworkClient   : [Consumer clientId=consumer-anonymous.71319fe6-9081-4354-a696-fc4667b331dc-2, groupId=anonymous.71319fe6-9081-4354-a696-fc4667b331dc] Cancelled in-flight HEARTBEAT request with correlation id 51187 due to node 2147483646 being disconnected (elapsed time since creation: 4023515ms, elapsed time since send: 4023515ms, throttle time: 0ms, request timeout: 30000ms)
2026-08-29T19:23:53.309+05:30  INFO 38280 --- [bmp-notification-service] [ntainer#0-0-C-1] org.apache.kafka.clients.NetworkClient   : [Consumer clientId=consumer-bmp-notification-service-3, groupId=bmp-notification-service] Disconnecting from node 2147483646 due to request timeout.
2026-08-29T19:23:53.309+05:30  INFO 38280 --- [bmp-notification-service] [ntainer#0-0-C-1] org.apache.kafka.clients.NetworkClient   : [Consumer clientId=consumer-bmp-notification-service-3, groupId=bmp-notification-service] Cancelled in-flight HEARTBEAT request with correlation id 51150 due to node 2147483646 being disconnected (elapsed time since creation: 4023494ms, elapsed time since send: 4023494ms, throttle time: 0ms, request timeout: 30000ms)
2026-08-29T19:23:53.310+05:30  INFO 38280 --- [bmp-notification-service] [96-fc4667b331dc] o.a.k.c.c.internals.ConsumerCoordinator  : [Consumer clientId=consumer-anonymous.71319fe6-9081-4354-a696-fc4667b331dc-2, groupId=anonymous.71319fe6-9081-4354-a696-fc4667b331dc] Group coordinator localhost:9092 (id: 2147483646 rack: null) is unavailable or invalid due to cause: null. isDisconnected: true. Rediscovery will be attempted.
2026-08-29T19:23:53.310+05:30  INFO 38280 --- [bmp-notification-service] [ication-service] o.a.k.c.c.internals.ConsumerCoordinator  : [Consumer clientId=consumer-bmp-notification-service-3, groupId=bmp-notification-service] Group coordinator localhost:9092 (id: 2147483646 rack: null) is unavailable or invalid due to cause: null. isDisconnected: true. Rediscovery will be attempted.
2026-08-29T19:23:53.310+05:30  INFO 38280 --- [bmp-notification-service] [ntainer#0-0-C-1] o.a.kafka.clients.FetchSessionHandler    : [Consumer clientId=consumer-bmp-notification-service-3, groupId=bmp-notification-service] Error sending fetch request (sessionId=100990525, epoch=1980) to node 1:

org.apache.kafka.common.errors.DisconnectException: null

2026-08-29T19:23:53.310+05:30  INFO 38280 --- [bmp-notification-service] [container-0-C-1] o.a.kafka.clients.FetchSessionHandler    : [Consumer clientId=consumer-anonymous.71319fe6-9081-4354-a696-fc4667b331dc-2, groupId=anonymous.71319fe6-9081-4354-a696-fc4667b331dc] Error sending fetch request (sessionId=1953322870, epoch=1980) to node 1:

org.apache.kafka.common.errors.DisconnectException: null

2026-08-29T19:23:54.894+05:30  INFO 38280 --- [bmp-notification-service] [container-0-C-1] o.a.k.c.c.internals.ConsumerCoordinator  : [Consumer clientId=consumer-anonymous.71319fe6-9081-4354-a696-fc4667b331dc-2, groupId=anonymous.71319fe6-9081-4354-a696-fc4667b331dc] Discovered group coordinator localhost:9092 (id: 2147483646 rack: null)
2026-08-29T19:23:54.990+05:30  INFO 38280 --- [bmp-notification-service] [ntainer#0-0-C-1] o.a.k.c.c.internals.ConsumerCoordinator  : [Consumer clientId=consumer-bmp-notification-service-3, groupId=bmp-notification-service] Discovered group coordinator localhost:9092 (id: 2147483646 rack: null)
2026-08-29T19:23:54.992+05:30  INFO 38280 --- [bmp-notification-service] [ntainer#0-0-C-1] o.a.k.c.c.internals.ConsumerCoordinator  : [Consumer clientId=consumer-bmp-notification-service-3, groupId=bmp-notification-service] Discovered group coordinator localhost:9092 (id: 2147483646 rack: null)
2026-08-29T19:24:09.711+05:30  WARN 38280 --- [bmp-notification-service] [l-1 housekeeper] com.zaxxer.hikari.pool.HikariPool        : HikariPool-1 - Thread starvation or clock leap detected (housekeeper delta=1h7m30s595ms625µs100ns).
2026-08-29T19:24:20.898+05:30  INFO 38280 --- [bmp-notification-service] [pool-3-thread-1] org.apache.kafka.clients.NetworkClient   : [Consumer clientId=consumer-anonymous.71319fe6-9081-4354-a696-fc4667b331dc-4, groupId=anonymous.71319fe6-9081-4354-a696-fc4667b331dc] Node 2147483646 disconnected.
2026-08-29T19:24:20.901+05:30  INFO 38280 --- [bmp-notification-service] [pool-3-thread-1] o.a.k.c.c.internals.ConsumerCoordinator  : [Consumer clientId=consumer-anonymous.71319fe6-9081-4354-a696-fc4667b331dc-4, groupId=anonymous.71319fe6-9081-4354-a696-fc4667b331dc] Group coordinator localhost:9092 (id: 2147483646 rack: null) is unavailable or invalid due to cause: coordinator unavailable. isDisconnected: true. Rediscovery will be attempted.
2026-08-29T19:24:20.902+05:30  INFO 38280 --- [bmp-notification-service] [pool-3-thread-1] o.a.k.c.c.internals.ConsumerCoordinator  : [Consumer clientId=consumer-anonymous.71319fe6-9081-4354-a696-fc4667b331dc-4, groupId=anonymous.71319fe6-9081-4354-a696-fc4667b331dc] Discovered group coordinator localhost:9092 (id: 2147483646 rack: null)
2026-08-29T19:24:20.902+05:30  INFO 38280 --- [bmp-notification-service] [pool-3-thread-1] o.a.k.c.c.internals.ConsumerCoordinator  : [Consumer clientId=consumer-anonymous.71319fe6-9081-4354-a696-fc4667b331dc-4, groupId=anonymous.71319fe6-9081-4354-a696-fc4667b331dc] Group coordinator localhost:9092 (id: 2147483646 rack: null) is unavailable or invalid due to cause: coordinator unavailable. isDisconnected: false. Rediscovery will be attempted.
2026-08-29T19:24:20.903+05:30  INFO 38280 --- [bmp-notification-service] [pool-3-thread-1] o.a.k.c.c.internals.ConsumerCoordinator  : [Consumer clientId=consumer-anonymous.71319fe6-9081-4354-a696-fc4667b331dc-4, groupId=anonymous.71319fe6-9081-4354-a696-fc4667b331dc] Requesting disconnect from last known coordinator localhost:9092 (id: 2147483646 rack: null)
2026-08-29T19:24:21.009+05:30  INFO 38280 --- [bmp-notification-service] [pool-3-thread-1] o.a.k.c.c.internals.ConsumerCoordinator  : [Consumer clientId=consumer-anonymous.71319fe6-9081-4354-a696-fc4667b331dc-4, groupId=anonymous.71319fe6-9081-4354-a696-fc4667b331dc] Discovered group coordinator localhost:9092 (id: 2147483646 rack: null)
2026-08-29T19:24:21.017+05:30  INFO 38280 --- [bmp-notification-service] [pool-3-thread-1] o.a.k.c.c.internals.ConsumerCoordinator  : [Consumer clientId=consumer-anonymous.71319fe6-9081-4354-a696-fc4667b331dc-4, groupId=anonymous.71319fe6-9081-4354-a696-fc4667b331dc] Found no committed offset for partition springCloudBus-0
2026-08-29T19:25:21.025+05:30  INFO 38280 --- [bmp-notification-service] [pool-3-thread-1] o.a.k.c.c.internals.ConsumerCoordinator  : [Consumer clientId=consumer-anonymous.71319fe6-9081-4354-a696-fc4667b331dc-4, groupId=anonymous.71319fe6-9081-4354-a696-fc4667b331dc] Found no committed offset for partition springCloudBus-0
2026-08-29T19:26:21.049+05:30  INFO 38280 --- [bmp-notification-service] [pool-3-thread-1] o.a.k.c.c.internals.ConsumerCoordinator  : [Consumer clientId=consumer-anonymous.71319fe6-9081-4354-a696-fc4667b331dc-4, groupId=anonymous.71319fe6-9081-4354-a696-fc4667b331dc] Found no committed offset for partition springCloudBus-0
2026-08-29T19:27:21.062+05:30  INFO 38280 --- [bmp-notification-service] [pool-3-thread-1] o.a.k.c.c.internals.ConsumerCoordinator  : [Consumer clientId=consumer-anonymous.71319fe6-9081-4354-a696-fc4667b331dc-4, groupId=anonymous.71319fe6-9081-4354-a696-fc4667b331dc] Found no committed offset for partition springCloudBus-0
2026-08-29T19:27:51.090+05:30  INFO 38280 --- [bmp-notification-service] [rap-executor-%d] c.n.d.s.r.aws.ConfigClusterResolver      : Resolving eureka endpoints via configuration
2026-08-29T19:28:21.071+05:30  INFO 38280 --- [bmp-notification-service] [pool-3-thread-1] o.a.k.c.c.internals.ConsumerCoordinator  : [Consumer clientId=consumer-anonymous.71319fe6-9081-4354-a696-fc4667b331dc-4, groupId=anonymous.71319fe6-9081-4354-a696-fc4667b331dc] Found no committed offset for partition springCloudBus-0
2026-08-29T19:29:21.085+05:30  INFO 38280 --- [bmp-notification-service] [pool-3-thread-1] o.a.k.c.c.internals.ConsumerCoordinator  : [Consumer clientId=consumer-anonymous.71319fe6-9081-4354-a696-fc4667b331dc-4, groupId=anonymous.71319fe6-9081-4354-a696-fc4667b331dc] Found no committed offset for partition springCloudBus-0
2026-08-29T19:30:21.093+05:30  INFO 38280 --- [bmp-notification-service] [pool-3-thread-1] o.a.k.c.c.internals.ConsumerCoordinator  : [Consumer clientId=consumer-anonymous.71319fe6-9081-4354-a696-fc4667b331dc-4, groupId=anonymous.71319fe6-9081-4354-a696-fc4667b331dc] Found no committed offset for partition springCloudBus-0
2026-08-29T19:31:21.119+05:30  INFO 38280 --- [bmp-notification-service] [pool-3-thread-1] o.a.k.c.c.internals.ConsumerCoordinator  : [Consumer clientId=consumer-anonymous.71319fe6-9081-4354-a696-fc4667b331dc-4, groupId=anonymous.71319fe6-9081-4354-a696-fc4667b331dc] Found no committed offset for partition springCloudBus-0
2026-08-29T19:32:21.136+05:30  INFO 38280 --- [bmp-notification-service] [pool-3-thread-1] o.a.k.c.c.internals.ConsumerCoordinator  : [Consumer clientId=consumer-anonymous.71319fe6-9081-4354-a696-fc4667b331dc-4, groupId=anonymous.71319fe6-9081-4354-a696-fc4667b331dc] Found no committed offset for partition springCloudBus-0
2026-08-29T19:32:51.102+05:30  INFO 38280 --- [bmp-notification-service] [rap-executor-%d] c.n.d.s.r.aws.ConfigClusterResolver      : Resolving eureka endpoints via configuration
2026-08-29T19:33:21.151+05:30  INFO 38280 --- [bmp-notification-service] [pool-3-thread-1] o.a.k.c.c.internals.ConsumerCoordinator  : [Consumer clientId=consumer-anonymous.71319fe6-9081-4354-a696-fc4667b331dc-4, groupId=anonymous.71319fe6-9081-4354-a696-fc4667b331dc] Found no committed offset for partition springCloudBus-0
2026-08-29T19:34:21.166+05:30  INFO 38280 --- [bmp-notification-service] [pool-3-thread-1] o.a.k.c.c.internals.ConsumerCoordinator  : [Consumer clientId=consumer-anonymous.71319fe6-9081-4354-a696-fc4667b331dc-4, groupId=anonymous.71319fe6-9081-4354-a696-fc4667b331dc] Found no committed offset for partition springCloudBus-0
2026-08-29T19:35:21.205+05:30  INFO 38280 --- [bmp-notification-service] [pool-3-thread-1] o.a.k.c.c.internals.ConsumerCoordinator  : [Consumer clientId=consumer-anonymous.71319fe6-9081-4354-a696-fc4667b331dc-4, groupId=anonymous.71319fe6-9081-4354-a696-fc4667b331dc] Found no committed offset for partition springCloudBus-0
2026-08-29T19:36:21.238+05:30  INFO 38280 --- [bmp-notification-service] [pool-3-thread-1] o.a.k.c.c.internals.ConsumerCoordinator  : [Consumer clientId=consumer-anonymous.71319fe6-9081-4354-a696-fc4667b331dc-4, groupId=anonymous.71319fe6-9081-4354-a696-fc4667b331dc] Found no committed offset for partition springCloudBus-0
2026-08-29T19:37:21.254+05:30  INFO 38280 --- [bmp-notification-service] [pool-3-thread-1] o.a.k.c.c.internals.ConsumerCoordinator  : [Consumer clientId=consumer-anonymous.71319fe6-9081-4354-a696-fc4667b331dc-4, groupId=anonymous.71319fe6-9081-4354-a696-fc4667b331dc] Found no committed offset for partition springCloudBus-0
2026-08-29T19:37:51.118+05:30  INFO 38280 --- [bmp-notification-service] [rap-executor-%d] c.n.d.s.r.aws.ConfigClusterResolver      : Resolving eureka endpoints via configuration
2026-08-29T19:38:21.280+05:30  INFO 38280 --- [bmp-notification-service] [pool-3-thread-1] o.a.k.c.c.internals.ConsumerCoordinator  : [Consumer clientId=consumer-anonymous.71319fe6-9081-4354-a696-fc4667b331dc-4, groupId=anonymous.71319fe6-9081-4354-a696-fc4667b331dc] Found no committed offset for partition springCloudBus-0
2026-08-29T19:39:21.298+05:30  INFO 38280 --- [bmp-notification-service] [pool-3-thread-1] o.a.k.c.c.internals.ConsumerCoordinator  : [Consumer clientId=consumer-anonymous.71319fe6-9081-4354-a696-fc4667b331dc-4, groupId=anonymous.71319fe6-9081-4354-a696-fc4667b331dc] Found no committed offset for partition springCloudBus-0
2026-08-29T19:40:21.314+05:30  INFO 38280 --- [bmp-notification-service] [pool-3-thread-1] o.a.k.c.c.internals.ConsumerCoordinator  : [Consumer clientId=consumer-anonymous.71319fe6-9081-4354-a696-fc4667b331dc-4, groupId=anonymous.71319fe6-9081-4354-a696-fc4667b331dc] Found no committed offset for partition springCloudBus-0
2026-08-29T19:41:21.329+05:30  INFO 38280 --- [bmp-notification-service] [pool-3-thread-1] o.a.k.c.c.internals.ConsumerCoordinator  : [Consumer clientId=consumer-anonymous.71319fe6-9081-4354-a696-fc4667b331dc-4, groupId=anonymous.71319fe6-9081-4354-a696-fc4667b331dc] Found no committed offset for partition springCloudBus-0
2026-08-29T19:42:21.346+05:30  INFO 38280 --- [bmp-notification-service] [pool-3-thread-1] o.a.k.c.c.internals.ConsumerCoordinator  : [Consumer clientId=consumer-anonymous.71319fe6-9081-4354-a696-fc4667b331dc-4, groupId=anonymous.71319fe6-9081-4354-a696-fc4667b331dc] Found no committed offset for partition springCloudBus-0
2026-08-29T19:42:51.129+05:30  INFO 38280 --- [bmp-notification-service] [rap-executor-%d] c.n.d.s.r.aws.ConfigClusterResolver      : Resolving eureka endpoints via configuration
2026-08-29T19:43:21.371+05:30  INFO 38280 --- [bmp-notification-service] [pool-3-thread-1] o.a.k.c.c.internals.ConsumerCoordinator  : [Consumer clientId=consumer-anonymous.71319fe6-9081-4354-a696-fc4667b331dc-4, groupId=anonymous.71319fe6-9081-4354-a696-fc4667b331dc] Found no committed offset for partition springCloudBus-0
2026-08-29T19:44:21.384+05:30  INFO 38280 --- [bmp-notification-service] [pool-3-thread-1] o.a.k.c.c.internals.ConsumerCoordinator  : [Consumer clientId=consumer-anonymous.71319fe6-9081-4354-a696-fc4667b331dc-4, groupId=anonymous.71319fe6-9081-4354-a696-fc4667b331dc] Found no committed offset for partition springCloudBus-0
2026-08-29T19:45:21.406+05:30  INFO 38280 --- [bmp-notification-service] [pool-3-thread-1] o.a.k.c.c.internals.ConsumerCoordinator  : [Consumer clientId=consumer-anonymous.71319fe6-9081-4354-a696-fc4667b331dc-4, groupId=anonymous.71319fe6-9081-4354-a696-fc4667b331dc] Found no committed offset for partition springCloudBus-0
2026-08-29T19:46:21.423+05:30  INFO 38280 --- [bmp-notification-service] [pool-3-thread-1] o.a.k.c.c.internals.ConsumerCoordinator  : [Consumer clientId=consumer-anonymous.71319fe6-9081-4354-a696-fc4667b331dc-4, groupId=anonymous.71319fe6-9081-4354-a696-fc4667b331dc] Found no committed offset for partition springCloudBus-0
2026-08-29T19:47:21.448+05:30  INFO 38280 --- [bmp-notification-service] [pool-3-thread-1] o.a.k.c.c.internals.ConsumerCoordinator  : [Consumer clientId=consumer-anonymous.71319fe6-9081-4354-a696-fc4667b331dc-4, groupId=anonymous.71319fe6-9081-4354-a696-fc4667b331dc] Found no committed offset for partition springCloudBus-0
2026-08-29T19:47:51.135+05:30  INFO 38280 --- [bmp-notification-service] [rap-executor-%d] c.n.d.s.r.aws.ConfigClusterResolver      : Resolving eureka endpoints via configuration
2026-08-29T19:48:21.467+05:30  INFO 38280 --- [bmp-notification-service] [pool-3-thread-1] o.a.k.c.c.internals.ConsumerCoordinator  : [Consumer clientId=consumer-anonymous.71319fe6-9081-4354-a696-fc4667b331dc-4, groupId=anonymous.71319fe6-9081-4354-a696-fc4667b331dc] Found no committed offset for partition springCloudBus-0
2026-08-29T19:49:21.476+05:30  INFO 38280 --- [bmp-notification-service] [pool-3-thread-1] o.a.k.c.c.internals.ConsumerCoordinator  : [Consumer clientId=consumer-anonymous.71319fe6-9081-4354-a696-fc4667b331dc-4, groupId=anonymous.71319fe6-9081-4354-a696-fc4667b331dc] Found no committed offset for partition springCloudBus-0
2026-08-29T19:50:21.495+05:30  INFO 38280 --- [bmp-notification-service] [pool-3-thread-1] o.a.k.c.c.internals.ConsumerCoordinator  : [Consumer clientId=consumer-anonymous.71319fe6-9081-4354-a696-fc4667b331dc-4, groupId=anonymous.71319fe6-9081-4354-a696-fc4667b331dc] Found no committed offset for partition springCloudBus-0
2026-08-29T19:51:21.516+05:30  INFO 38280 --- [bmp-notification-service] [pool-3-thread-1] o.a.k.c.c.internals.ConsumerCoordinator  : [Consumer clientId=consumer-anonymous.71319fe6-9081-4354-a696-fc4667b331dc-4, groupId=anonymous.71319fe6-9081-4354-a696-fc4667b331dc] Found no committed offset for partition springCloudBus-0
2026-08-29T19:52:21.531+05:30  INFO 38280 --- [bmp-notification-service] [pool-3-thread-1] o.a.k.c.c.internals.ConsumerCoordinator  : [Consumer clientId=consumer-anonymous.71319fe6-9081-4354-a696-fc4667b331dc-4, groupId=anonymous.71319fe6-9081-4354-a696-fc4667b331dc] Found no committed offset for partition springCloudBus-0
2026-08-29T19:52:51.152+05:30  INFO 38280 --- [bmp-notification-service] [rap-executor-%d] c.n.d.s.r.aws.ConfigClusterResolver      : Resolving eureka endpoints via configuration
2026-08-29T19:53:21.553+05:30  INFO 38280 --- [bmp-notification-service] [pool-3-thread-1] o.a.k.c.c.internals.ConsumerCoordinator  : [Consumer clientId=consumer-anonymous.71319fe6-9081-4354-a696-fc4667b331dc-4, groupId=anonymous.71319fe6-9081-4354-a696-fc4667b331dc] Found no committed offset for partition springCloudBus-0
2026-08-29T19:54:21.583+05:30  INFO 38280 --- [bmp-notification-service] [pool-3-thread-1] o.a.k.c.c.internals.ConsumerCoordinator  : [Consumer clientId=consumer-anonymous.71319fe6-9081-4354-a696-fc4667b331dc-4, groupId=anonymous.71319fe6-9081-4354-a696-fc4667b331dc] Found no committed offset for partition springCloudBus-0
2026-08-29T19:55:21.605+05:30  INFO 38280 --- [bmp-notification-service] [pool-3-thread-1] o.a.k.c.c.internals.ConsumerCoordinator  : [Consumer clientId=consumer-anonymous.71319fe6-9081-4354-a696-fc4667b331dc-4, groupId=anonymous.71319fe6-9081-4354-a696-fc4667b331dc] Found no committed offset for partition springCloudBus-0
2026-08-29T19:56:21.637+05:30  INFO 38280 --- [bmp-notification-service] [pool-3-thread-1] o.a.k.c.c.internals.ConsumerCoordinator  : [Consumer clientId=consumer-anonymous.71319fe6-9081-4354-a696-fc4667b331dc-4, groupId=anonymous.71319fe6-9081-4354-a696-fc4667b331dc] Found no committed offset for partition springCloudBus-0
2026-08-29T19:57:21.663+05:30  INFO 38280 --- [bmp-notification-service] [pool-3-thread-1] o.a.k.c.c.internals.ConsumerCoordinator  : [Consumer clientId=consumer-anonymous.71319fe6-9081-4354-a696-fc4667b331dc-4, groupId=anonymous.71319fe6-9081-4354-a696-fc4667b331dc] Found no committed offset for partition springCloudBus-0
2026-08-29T19:57:51.154+05:30  INFO 38280 --- [bmp-notification-service] [rap-executor-%d] c.n.d.s.r.aws.ConfigClusterResolver      : Resolving eureka endpoints via configuration
2026-08-29T19:58:21.679+05:30  INFO 38280 --- [bmp-notification-service] [pool-3-thread-1] o.a.k.c.c.internals.ConsumerCoordinator  : [Consumer clientId=consumer-anonymous.71319fe6-9081-4354-a696-fc4667b331dc-4, groupId=anonymous.71319fe6-9081-4354-a696-fc4667b331dc] Found no committed offset for partition springCloudBus-0
2026-08-29T20:03:00.968+05:30  INFO 38280 --- [bmp-notification-service] [ntainer#0-0-C-1] org.apache.kafka.clients.NetworkClient   : [Consumer clientId=consumer-bmp-notification-service-3, groupId=bmp-notification-service] Disconnecting from node 1 due to request timeout.
2026-08-29T20:03:00.970+05:30  INFO 38280 --- [bmp-notification-service] [ntainer#0-0-C-1] org.apache.kafka.clients.NetworkClient   : [Consumer clientId=consumer-bmp-notification-service-3, groupId=bmp-notification-service] Cancelled in-flight FETCH request with correlation id 55949 due to node 1 being disconnected (elapsed time since creation: 278205ms, elapsed time since send: 278205ms, throttle time: 0ms, request timeout: 30000ms)
2026-08-29T20:03:00.971+05:30  INFO 38280 --- [bmp-notification-service] [ntainer#0-0-C-1] org.apache.kafka.clients.NetworkClient   : [Consumer clientId=consumer-bmp-notification-service-3, groupId=bmp-notification-service] Disconnecting from node 2147483646 due to request timeout.
2026-08-29T20:03:00.971+05:30  INFO 38280 --- [bmp-notification-service] [ntainer#0-0-C-1] org.apache.kafka.clients.NetworkClient   : [Consumer clientId=consumer-bmp-notification-service-3, groupId=bmp-notification-service] Cancelled in-flight HEARTBEAT request with correlation id 55950 due to node 2147483646 being disconnected (elapsed time since creation: 276489ms, elapsed time since send: 276489ms, throttle time: 0ms, request timeout: 30000ms)
2026-08-29T20:03:00.971+05:30  INFO 38280 --- [bmp-notification-service] [ntainer#0-0-C-1] org.apache.kafka.clients.NetworkClient   : [Consumer clientId=consumer-bmp-notification-service-3, groupId=bmp-notification-service] Cancelled in-flight HEARTBEAT request with correlation id 55951 due to node 2147483646 being disconnected (elapsed time since creation: 273476ms, elapsed time since send: 273476ms, throttle time: 0ms, request timeout: 30000ms)
2026-08-29T20:03:00.971+05:30  INFO 38280 --- [bmp-notification-service] [ntainer#0-0-C-1] org.apache.kafka.clients.NetworkClient   : [Consumer clientId=consumer-bmp-notification-service-3, groupId=bmp-notification-service] Cancelled in-flight HEARTBEAT request with correlation id 55952 due to node 2147483646 being disconnected (elapsed time since creation: 270462ms, elapsed time since send: 270462ms, throttle time: 0ms, request timeout: 30000ms)
2026-08-29T20:03:00.971+05:30  INFO 38280 --- [bmp-notification-service] [ntainer#0-0-C-1] org.apache.kafka.clients.NetworkClient   : [Consumer clientId=consumer-bmp-notification-service-3, groupId=bmp-notification-service] Cancelled in-flight HEARTBEAT request with correlation id 55953 due to node 2147483646 being disconnected (elapsed time since creation: 267453ms, elapsed time since send: 267453ms, throttle time: 0ms, request timeout: 30000ms)
2026-08-29T20:03:00.972+05:30  INFO 38280 --- [bmp-notification-service] [ication-service] o.a.k.c.c.internals.ConsumerCoordinator  : [Consumer clientId=consumer-bmp-notification-service-3, groupId=bmp-notification-service] Group coordinator localhost:9092 (id: 2147483646 rack: null) is unavailable or invalid due to cause: null. isDisconnected: true. Rediscovery will be attempted.
2026-08-29T20:03:00.977+05:30  INFO 38280 --- [bmp-notification-service] [ntainer#0-0-C-1] o.a.kafka.clients.FetchSessionHandler    : [Consumer clientId=consumer-bmp-notification-service-3, groupId=bmp-notification-service] Error sending fetch request (sessionId=617002214, epoch=4092) to node 1:

org.apache.kafka.common.errors.DisconnectException: null

2026-08-29T20:03:00.980+05:30  INFO 38280 --- [bmp-notification-service] [container-0-C-1] org.apache.kafka.clients.NetworkClient   : [Consumer clientId=consumer-anonymous.71319fe6-9081-4354-a696-fc4667b331dc-2, groupId=anonymous.71319fe6-9081-4354-a696-fc4667b331dc] Disconnecting from node 1 due to request timeout.
2026-08-29T20:03:00.980+05:30  INFO 38280 --- [bmp-notification-service] [container-0-C-1] org.apache.kafka.clients.NetworkClient   : [Consumer clientId=consumer-anonymous.71319fe6-9081-4354-a696-fc4667b331dc-2, groupId=anonymous.71319fe6-9081-4354-a696-fc4667b331dc] Cancelled in-flight FETCH request with correlation id 55985 due to node 1 being disconnected (elapsed time since creation: 278091ms, elapsed time since send: 278091ms, throttle time: 0ms, request timeout: 30000ms)
2026-08-29T20:03:00.981+05:30  INFO 38280 --- [bmp-notification-service] [container-0-C-1] org.apache.kafka.clients.NetworkClient   : [Consumer clientId=consumer-anonymous.71319fe6-9081-4354-a696-fc4667b331dc-2, groupId=anonymous.71319fe6-9081-4354-a696-fc4667b331dc] Disconnecting from node 2147483646 due to request timeout.
2026-08-29T20:03:00.981+05:30  INFO 38280 --- [bmp-notification-service] [container-0-C-1] org.apache.kafka.clients.NetworkClient   : [Consumer clientId=consumer-anonymous.71319fe6-9081-4354-a696-fc4667b331dc-2, groupId=anonymous.71319fe6-9081-4354-a696-fc4667b331dc] Cancelled in-flight HEARTBEAT request with correlation id 55986 due to node 2147483646 being disconnected (elapsed time since creation: 276488ms, elapsed time since send: 276488ms, throttle time: 0ms, request timeout: 30000ms)
2026-08-29T20:03:00.981+05:30  INFO 38280 --- [bmp-notification-service] [container-0-C-1] org.apache.kafka.clients.NetworkClient   : [Consumer clientId=consumer-anonymous.71319fe6-9081-4354-a696-fc4667b331dc-2, groupId=anonymous.71319fe6-9081-4354-a696-fc4667b331dc] Cancelled in-flight HEARTBEAT request with correlation id 55987 due to node 2147483646 being disconnected (elapsed time since creation: 273476ms, elapsed time since send: 273476ms, throttle time: 0ms, request timeout: 30000ms)
2026-08-29T20:03:00.981+05:30  INFO 38280 --- [bmp-notification-service] [container-0-C-1] org.apache.kafka.clients.NetworkClient   : [Consumer clientId=consumer-anonymous.71319fe6-9081-4354-a696-fc4667b331dc-2, groupId=anonymous.71319fe6-9081-4354-a696-fc4667b331dc] Cancelled in-flight HEARTBEAT request with correlation id 55988 due to node 2147483646 being disconnected (elapsed time since creation: 270462ms, elapsed time since send: 270462ms, throttle time: 0ms, request timeout: 30000ms)
2026-08-29T20:03:00.981+05:30  INFO 38280 --- [bmp-notification-service] [container-0-C-1] org.apache.kafka.clients.NetworkClient   : [Consumer clientId=consumer-anonymous.71319fe6-9081-4354-a696-fc4667b331dc-2, groupId=anonymous.71319fe6-9081-4354-a696-fc4667b331dc] Cancelled in-flight HEARTBEAT request with correlation id 55989 due to node 2147483646 being disconnected (elapsed time since creation: 267452ms, elapsed time since send: 267452ms, throttle time: 0ms, request timeout: 30000ms)
2026-08-29T20:03:00.981+05:30  INFO 38280 --- [bmp-notification-service] [container-0-C-1] o.a.kafka.clients.FetchSessionHandler    : [Consumer clientId=consumer-anonymous.71319fe6-9081-4354-a696-fc4667b331dc-2, groupId=anonymous.71319fe6-9081-4354-a696-fc4667b331dc] Error sending fetch request (sessionId=85904571, epoch=4092) to node 1:

org.apache.kafka.common.errors.DisconnectException: null

2026-08-29T20:03:00.982+05:30  INFO 38280 --- [bmp-notification-service] [96-fc4667b331dc] o.a.k.c.c.internals.ConsumerCoordinator  : [Consumer clientId=consumer-anonymous.71319fe6-9081-4354-a696-fc4667b331dc-2, groupId=anonymous.71319fe6-9081-4354-a696-fc4667b331dc] Group coordinator localhost:9092 (id: 2147483646 rack: null) is unavailable or invalid due to cause: null. isDisconnected: true. Rediscovery will be attempted.
2026-08-29T20:03:01.626+05:30  WARN 38280 --- [bmp-notification-service] [nio-8089-exec-8] o.s.b.a.health.HealthEndpointSupport     : Health contributor org.springframework.cloud.stream.binder.kafka.KafkaBinderHealthIndicator (binders/kafka) took 273333ms to respond
2026-08-29T20:03:01.708+05:30  INFO 38280 --- [bmp-notification-service] [container-0-C-1] o.a.k.c.c.internals.ConsumerCoordinator  : [Consumer clientId=consumer-anonymous.71319fe6-9081-4354-a696-fc4667b331dc-2, groupId=anonymous.71319fe6-9081-4354-a696-fc4667b331dc] Discovered group coordinator localhost:9092 (id: 2147483646 rack: null)
2026-08-29T20:03:01.712+05:30  INFO 38280 --- [bmp-notification-service] [ntainer#0-0-C-1] o.a.k.c.c.internals.ConsumerCoordinator  : [Consumer clientId=consumer-bmp-notification-service-3, groupId=bmp-notification-service] Discovered group coordinator localhost:9092 (id: 2147483646 rack: null)
2026-08-29T20:03:04.719+05:30  WARN 38280 --- [bmp-notification-service] [l-1 housekeeper] com.zaxxer.hikari.pool.HikariPool        : HikariPool-1 - Thread starvation or clock leap detected (housekeeper delta=4m54s591ms376µs800ns).
2026-08-29T20:03:46.174+05:30  INFO 38280 --- [bmp-notification-service] [pool-3-thread-1] o.a.k.c.c.internals.ConsumerCoordinator  : [Consumer clientId=consumer-anonymous.71319fe6-9081-4354-a696-fc4667b331dc-4, groupId=anonymous.71319fe6-9081-4354-a696-fc4667b331dc] Found no committed offset for partition springCloudBus-0
2026-08-29T20:04:46.196+05:30  INFO 38280 --- [bmp-notification-service] [pool-3-thread-1] o.a.k.c.c.internals.ConsumerCoordinator  : [Consumer clientId=consumer-anonymous.71319fe6-9081-4354-a696-fc4667b331dc-4, groupId=anonymous.71319fe6-9081-4354-a696-fc4667b331dc] Found no committed offset for partition springCloudBus-0
2026-08-29T20:05:46.216+05:30  INFO 38280 --- [bmp-notification-service] [pool-3-thread-1] o.a.k.c.c.internals.ConsumerCoordinator  : [Consumer clientId=consumer-anonymous.71319fe6-9081-4354-a696-fc4667b331dc-4, groupId=anonymous.71319fe6-9081-4354-a696-fc4667b331dc] Found no committed offset for partition springCloudBus-0
2026-08-29T20:06:46.245+05:30  INFO 38280 --- [bmp-notification-service] [pool-3-thread-1] o.a.k.c.c.internals.ConsumerCoordinator  : [Consumer clientId=consumer-anonymous.71319fe6-9081-4354-a696-fc4667b331dc-4, groupId=anonymous.71319fe6-9081-4354-a696-fc4667b331dc] Found no committed offset for partition springCloudBus-0
2026-08-29T20:07:15.608+05:30  INFO 38280 --- [bmp-notification-service] [rap-executor-%d] c.n.d.s.r.aws.ConfigClusterResolver      : Resolving eureka endpoints via configuration
2026-08-29T20:07:46.262+05:30  INFO 38280 --- [bmp-notification-service] [pool-3-thread-1] o.a.k.c.c.internals.ConsumerCoordinator  : [Consumer clientId=consumer-anonymous.71319fe6-9081-4354-a696-fc4667b331dc-4, groupId=anonymous.71319fe6-9081-4354-a696-fc4667b331dc] Found no committed offset for partition springCloudBus-0
2026-08-29T20:08:46.279+05:30  INFO 38280 --- [bmp-notification-service] [pool-3-thread-1] o.a.k.c.c.internals.ConsumerCoordinator  : [Consumer clientId=consumer-anonymous.71319fe6-9081-4354-a696-fc4667b331dc-4, groupId=anonymous.71319fe6-9081-4354-a696-fc4667b331dc] Found no committed offset for partition springCloudBus-0
2026-08-29T20:09:46.302+05:30  INFO 38280 --- [bmp-notification-service] [pool-3-thread-1] o.a.k.c.c.internals.ConsumerCoordinator  : [Consumer clientId=consumer-anonymous.71319fe6-9081-4354-a696-fc4667b331dc-4, groupId=anonymous.71319fe6-9081-4354-a696-fc4667b331dc] Found no committed offset for partition springCloudBus-0
2026-08-29T20:10:46.320+05:30  INFO 38280 --- [bmp-notification-service] [pool-3-thread-1] o.a.k.c.c.internals.ConsumerCoordinator  : [Consumer clientId=consumer-anonymous.71319fe6-9081-4354-a696-fc4667b331dc-4, groupId=anonymous.71319fe6-9081-4354-a696-fc4667b331dc] Found no committed offset for partition springCloudBus-0
2026-08-29T20:11:46.334+05:30  INFO 38280 --- [bmp-notification-service] [pool-3-thread-1] o.a.k.c.c.internals.ConsumerCoordinator  : [Consumer clientId=consumer-anonymous.71319fe6-9081-4354-a696-fc4667b331dc-4, groupId=anonymous.71319fe6-9081-4354-a696-fc4667b331dc] Found no committed offset for partition springCloudBus-0
2026-08-29T20:12:15.616+05:30  INFO 38280 --- [bmp-notification-service] [rap-executor-%d] c.n.d.s.r.aws.ConfigClusterResolver      : Resolving eureka endpoints via configuration
2026-08-29T20:12:46.350+05:30  INFO 38280 --- [bmp-notification-service] [pool-3-thread-1] o.a.k.c.c.internals.ConsumerCoordinator  : [Consumer clientId=consumer-anonymous.71319fe6-9081-4354-a696-fc4667b331dc-4, groupId=anonymous.71319fe6-9081-4354-a696-fc4667b331dc] Found no committed offset for partition springCloudBus-0
2026-08-29T20:13:46.363+05:30  INFO 38280 --- [bmp-notification-service] [pool-3-thread-1] o.a.k.c.c.internals.ConsumerCoordinator  : [Consumer clientId=consumer-anonymous.71319fe6-9081-4354-a696-fc4667b331dc-4, groupId=anonymous.71319fe6-9081-4354-a696-fc4667b331dc] Found no committed offset for partition springCloudBus-0
2026-08-29T20:14:46.380+05:30  INFO 38280 --- [bmp-notification-service] [pool-3-thread-1] o.a.k.c.c.internals.ConsumerCoordinator  : [Consumer clientId=consumer-anonymous.71319fe6-9081-4354-a696-fc4667b331dc-4, groupId=anonymous.71319fe6-9081-4354-a696-fc4667b331dc] Found no committed offset for partition springCloudBus-0
2026-08-29T20:15:46.398+05:30  INFO 38280 --- [bmp-notification-service] [pool-3-thread-1] o.a.k.c.c.internals.ConsumerCoordinator  : [Consumer clientId=consumer-anonymous.71319fe6-9081-4354-a696-fc4667b331dc-4, groupId=anonymous.71319fe6-9081-4354-a696-fc4667b331dc] Found no committed offset for partition springCloudBus-0
2026-08-29T20:16:46.422+05:30  INFO 38280 --- [bmp-notification-service] [pool-3-thread-1] o.a.k.c.c.internals.ConsumerCoordinator  : [Consumer clientId=consumer-anonymous.71319fe6-9081-4354-a696-fc4667b331dc-4, groupId=anonymous.71319fe6-9081-4354-a696-fc4667b331dc] Found no committed offset for partition springCloudBus-0
2026-08-29T20:17:15.622+05:30  INFO 38280 --- [bmp-notification-service] [rap-executor-%d] c.n.d.s.r.aws.ConfigClusterResolver      : Resolving eureka endpoints via configuration
2026-08-29T20:17:46.452+05:30  INFO 38280 --- [bmp-notification-service] [pool-3-thread-1] o.a.k.c.c.internals.ConsumerCoordinator  : [Consumer clientId=consumer-anonymous.71319fe6-9081-4354-a696-fc4667b331dc-4, groupId=anonymous.71319fe6-9081-4354-a696-fc4667b331dc] Found no committed offset for partition springCloudBus-0
2026-08-29T20:18:46.479+05:30  INFO 38280 --- [bmp-notification-service] [pool-3-thread-1] o.a.k.c.c.internals.ConsumerCoordinator  : [Consumer clientId=consumer-anonymous.71319fe6-9081-4354-a696-fc4667b331dc-4, groupId=anonymous.71319fe6-9081-4354-a696-fc4667b331dc] Found no committed offset for partition springCloudBus-0
2026-08-29T20:19:46.498+05:30  INFO 38280 --- [bmp-notification-service] [pool-3-thread-1] o.a.k.c.c.internals.ConsumerCoordinator  : [Consumer clientId=consumer-anonymous.71319fe6-9081-4354-a696-fc4667b331dc-4, groupId=anonymous.71319fe6-9081-4354-a696-fc4667b331dc] Found no committed offset for partition springCloudBus-0
2026-08-29T20:20:46.522+05:30  INFO 38280 --- [bmp-notification-service] [pool-3-thread-1] o.a.k.c.c.internals.ConsumerCoordinator  : [Consumer clientId=consumer-anonymous.71319fe6-9081-4354-a696-fc4667b331dc-4, groupId=anonymous.71319fe6-9081-4354-a696-fc4667b331dc] Found no committed offset for partition springCloudBus-0
2026-08-29T20:21:46.539+05:30  INFO 38280 --- [bmp-notification-service] [pool-3-thread-1] o.a.k.c.c.internals.ConsumerCoordinator  : [Consumer clientId=consumer-anonymous.71319fe6-9081-4354-a696-fc4667b331dc-4, groupId=anonymous.71319fe6-9081-4354-a696-fc4667b331dc] Found no committed offset for partition springCloudBus-0
2026-08-29T20:22:15.633+05:30  INFO 38280 --- [bmp-notification-service] [rap-executor-%d] c.n.d.s.r.aws.ConfigClusterResolver      : Resolving eureka endpoints via configuration
2026-08-29T20:22:46.561+05:30  INFO 38280 --- [bmp-notification-service] [pool-3-thread-1] o.a.k.c.c.internals.ConsumerCoordinator  : [Consumer clientId=consumer-anonymous.71319fe6-9081-4354-a696-fc4667b331dc-4, groupId=anonymous.71319fe6-9081-4354-a696-fc4667b331dc] Found no committed offset for partition springCloudBus-0
2026-08-29T20:23:46.585+05:30  INFO 38280 --- [bmp-notification-service] [pool-3-thread-1] o.a.k.c.c.internals.ConsumerCoordinator  : [Consumer clientId=consumer-anonymous.71319fe6-9081-4354-a696-fc4667b331dc-4, groupId=anonymous.71319fe6-9081-4354-a696-fc4667b331dc] Found no committed offset for partition springCloudBus-0
2026-08-29T20:24:46.613+05:30  INFO 38280 --- [bmp-notification-service] [pool-3-thread-1] o.a.k.c.c.internals.ConsumerCoordinator  : [Consumer clientId=consumer-anonymous.71319fe6-9081-4354-a696-fc4667b331dc-4, groupId=anonymous.71319fe6-9081-4354-a696-fc4667b331dc] Found no committed offset for partition springCloudBus-0
2026-08-29T20:25:46.627+05:30  INFO 38280 --- [bmp-notification-service] [pool-3-thread-1] o.a.k.c.c.internals.ConsumerCoordinator  : [Consumer clientId=consumer-anonymous.71319fe6-9081-4354-a696-fc4667b331dc-4, groupId=anonymous.71319fe6-9081-4354-a696-fc4667b331dc] Found no committed offset for partition springCloudBus-0
2026-08-29T20:26:46.642+05:30  INFO 38280 --- [bmp-notification-service] [pool-3-thread-1] o.a.k.c.c.internals.ConsumerCoordinator  : [Consumer clientId=consumer-anonymous.71319fe6-9081-4354-a696-fc4667b331dc-4, groupId=anonymous.71319fe6-9081-4354-a696-fc4667b331dc] Found no committed offset for partition springCloudBus-0
2026-08-29T20:27:15.637+05:30  INFO 38280 --- [bmp-notification-service] [rap-executor-%d] c.n.d.s.r.aws.ConfigClusterResolver      : Resolving eureka endpoints via configuration
2026-08-29T20:27:46.649+05:30  INFO 38280 --- [bmp-notification-service] [pool-3-thread-1] o.a.k.c.c.internals.ConsumerCoordinator  : [Consumer clientId=consumer-anonymous.71319fe6-9081-4354-a696-fc4667b331dc-4, groupId=anonymous.71319fe6-9081-4354-a696-fc4667b331dc] Found no committed offset for partition springCloudBus-0
2026-08-29T20:28:46.677+05:30  INFO 38280 --- [bmp-notification-service] [pool-3-thread-1] o.a.k.c.c.internals.ConsumerCoordinator  : [Consumer clientId=consumer-anonymous.71319fe6-9081-4354-a696-fc4667b331dc-4, groupId=anonymous.71319fe6-9081-4354-a696-fc4667b331dc] Found no committed offset for partition springCloudBus-0
2026-08-29T20:29:46.689+05:30  INFO 38280 --- [bmp-notification-service] [pool-3-thread-1] o.a.k.c.c.internals.ConsumerCoordinator  : [Consumer clientId=consumer-anonymous.71319fe6-9081-4354-a696-fc4667b331dc-4, groupId=anonymous.71319fe6-9081-4354-a696-fc4667b331dc] Found no committed offset for partition springCloudBus-0
2026-08-29T20:30:46.705+05:30  INFO 38280 --- [bmp-notification-service] [pool-3-thread-1] o.a.k.c.c.internals.ConsumerCoordinator  : [Consumer clientId=consumer-anonymous.71319fe6-9081-4354-a696-fc4667b331dc-4, groupId=anonymous.71319fe6-9081-4354-a696-fc4667b331dc] Found no committed offset for partition springCloudBus-0
2026-08-29T20:31:46.712+05:30  INFO 38280 --- [bmp-notification-service] [pool-3-thread-1] o.a.k.c.c.internals.ConsumerCoordinator  : [Consumer clientId=consumer-anonymous.71319fe6-9081-4354-a696-fc4667b331dc-4, groupId=anonymous.71319fe6-9081-4354-a696-fc4667b331dc] Found no committed offset for partition springCloudBus-0
2026-08-29T20:32:15.653+05:30  INFO 38280 --- [bmp-notification-service] [rap-executor-%d] c.n.d.s.r.aws.ConfigClusterResolver      : Resolving eureka endpoints via configuration
2026-08-29T20:32:46.744+05:30  INFO 38280 --- [bmp-notification-service] [pool-3-thread-1] o.a.k.c.c.internals.ConsumerCoordinator  : [Consumer clientId=consumer-anonymous.71319fe6-9081-4354-a696-fc4667b331dc-4, groupId=anonymous.71319fe6-9081-4354-a696-fc4667b331dc] Found no committed offset for partition springCloudBus-0
2026-08-29T20:33:46.765+05:30  INFO 38280 --- [bmp-notification-service] [pool-3-thread-1] o.a.k.c.c.internals.ConsumerCoordinator  : [Consumer clientId=consumer-anonymous.71319fe6-9081-4354-a696-fc4667b331dc-4, groupId=anonymous.71319fe6-9081-4354-a696-fc4667b331dc] Found no committed offset for partition springCloudBus-0
2026-08-29T20:34:46.781+05:30  INFO 38280 --- [bmp-notification-service] [pool-3-thread-1] o.a.k.c.c.internals.ConsumerCoordinator  : [Consumer clientId=consumer-anonymous.71319fe6-9081-4354-a696-fc4667b331dc-4, groupId=anonymous.71319fe6-9081-4354-a696-fc4667b331dc] Found no committed offset for partition springCloudBus-0
2026-08-29T20:35:46.807+05:30  INFO 38280 --- [bmp-notification-service] [pool-3-thread-1] o.a.k.c.c.internals.ConsumerCoordinator  : [Consumer clientId=consumer-anonymous.71319fe6-9081-4354-a696-fc4667b331dc-4, groupId=anonymous.71319fe6-9081-4354-a696-fc4667b331dc] Found no committed offset for partition springCloudBus-0
2026-08-29T20:36:46.822+05:30  INFO 38280 --- [bmp-notification-service] [pool-3-thread-1] o.a.k.c.c.internals.ConsumerCoordinator  : [Consumer clientId=consumer-anonymous.71319fe6-9081-4354-a696-fc4667b331dc-4, groupId=anonymous.71319fe6-9081-4354-a696-fc4667b331dc] Found no committed offset for partition springCloudBus-0
2026-08-29T20:37:15.665+05:30  INFO 38280 --- [bmp-notification-service] [rap-executor-%d] c.n.d.s.r.aws.ConfigClusterResolver      : Resolving eureka endpoints via configuration
2026-08-29T20:37:46.836+05:30  INFO 38280 --- [bmp-notification-service] [pool-3-thread-1] o.a.k.c.c.internals.ConsumerCoordinator  : [Consumer clientId=consumer-anonymous.71319fe6-9081-4354-a696-fc4667b331dc-4, groupId=anonymous.71319fe6-9081-4354-a696-fc4667b331dc] Found no committed offset for partition springCloudBus-0
2026-08-29T20:38:46.849+05:30  INFO 38280 --- [bmp-notification-service] [pool-3-thread-1] o.a.k.c.c.internals.ConsumerCoordinator  : [Consumer clientId=consumer-anonymous.71319fe6-9081-4354-a696-fc4667b331dc-4, groupId=anonymous.71319fe6-9081-4354-a696-fc4667b331dc] Found no committed offset for partition springCloudBus-0
2026-08-29T20:39:46.862+05:30  INFO 38280 --- [bmp-notification-service] [pool-3-thread-1] o.a.k.c.c.internals.ConsumerCoordinator  : [Consumer clientId=consumer-anonymous.71319fe6-9081-4354-a696-fc4667b331dc-4, groupId=anonymous.71319fe6-9081-4354-a696-fc4667b331dc] Found no committed offset for partition springCloudBus-0
2026-08-29T20:49:18.692+05:30  INFO 38280 --- [bmp-notification-service] [ntainer#0-0-C-1] org.apache.kafka.clients.NetworkClient   : [Consumer clientId=consumer-bmp-notification-service-3, groupId=bmp-notification-service] Node 1 disconnected.
2026-08-29T20:49:18.698+05:30  INFO 38280 --- [bmp-notification-service] [96-fc4667b331dc] org.apache.kafka.clients.NetworkClient   : [Consumer clientId=consumer-anonymous.71319fe6-9081-4354-a696-fc4667b331dc-2, groupId=anonymous.71319fe6-9081-4354-a696-fc4667b331dc] Node 1 disconnected.
2026-08-29T20:49:18.839+05:30  INFO 38280 --- [bmp-notification-service] [ntainer#0-0-C-1] org.apache.kafka.clients.NetworkClient   : [Consumer clientId=consumer-bmp-notification-service-3, groupId=bmp-notification-service] Cancelled in-flight FETCH request with correlation id 61114 due to node 1 being disconnected (elapsed time since creation: 551215ms, elapsed time since send: 551215ms, throttle time: 0ms, request timeout: 30000ms)
2026-08-29T20:49:18.842+05:30  INFO 38280 --- [bmp-notification-service] [ntainer#0-0-C-1] org.apache.kafka.clients.NetworkClient   : [Consumer clientId=consumer-bmp-notification-service-3, groupId=bmp-notification-service] Disconnecting from node 2147483646 due to request timeout.
2026-08-29T20:49:18.842+05:30  INFO 38280 --- [bmp-notification-service] [ntainer#0-0-C-1] org.apache.kafka.clients.NetworkClient   : [Consumer clientId=consumer-bmp-notification-service-3, groupId=bmp-notification-service] Cancelled in-flight HEARTBEAT request with correlation id 61115 due to node 2147483646 being disconnected (elapsed time since creation: 549988ms, elapsed time since send: 549988ms, throttle time: 0ms, request timeout: 30000ms)
2026-08-29T20:49:18.842+05:30  INFO 38280 --- [bmp-notification-service] [ntainer#0-0-C-1] org.apache.kafka.clients.NetworkClient   : [Consumer clientId=consumer-bmp-notification-service-3, groupId=bmp-notification-service] Cancelled in-flight HEARTBEAT request with correlation id 61116 due to node 2147483646 being disconnected (elapsed time since creation: 546974ms, elapsed time since send: 546974ms, throttle time: 0ms, request timeout: 30000ms)
2026-08-29T20:49:18.842+05:30  INFO 38280 --- [bmp-notification-service] [ntainer#0-0-C-1] org.apache.kafka.clients.NetworkClient   : [Consumer clientId=consumer-bmp-notification-service-3, groupId=bmp-notification-service] Cancelled in-flight HEARTBEAT request with correlation id 61117 due to node 2147483646 being disconnected (elapsed time since creation: 543971ms, elapsed time since send: 543971ms, throttle time: 0ms, request timeout: 30000ms)
2026-08-29T20:49:18.842+05:30  INFO 38280 --- [bmp-notification-service] [ntainer#0-0-C-1] org.apache.kafka.clients.NetworkClient   : [Consumer clientId=consumer-bmp-notification-service-3, groupId=bmp-notification-service] Cancelled in-flight HEARTBEAT request with correlation id 61118 due to node 2147483646 being disconnected (elapsed time since creation: 540957ms, elapsed time since send: 540957ms, throttle time: 0ms, request timeout: 30000ms)
2026-08-29T20:49:18.847+05:30  INFO 38280 --- [bmp-notification-service] [ication-service] o.a.k.c.c.internals.ConsumerCoordinator  : [Consumer clientId=consumer-bmp-notification-service-3, groupId=bmp-notification-service] Group coordinator localhost:9092 (id: 2147483646 rack: null) is unavailable or invalid due to cause: null. isDisconnected: true. Rediscovery will be attempted.
2026-08-29T20:49:18.846+05:30  INFO 38280 --- [bmp-notification-service] [ntainer#0-0-C-1] o.a.kafka.clients.FetchSessionHandler    : [Consumer clientId=consumer-bmp-notification-service-3, groupId=bmp-notification-service] Error sending fetch request (sessionId=1252328569, epoch=4401) to node 1:

org.apache.kafka.common.errors.DisconnectException: null

2026-08-29T20:49:18.839+05:30  INFO 38280 --- [bmp-notification-service] [96-fc4667b331dc] org.apache.kafka.clients.NetworkClient   : [Consumer clientId=consumer-anonymous.71319fe6-9081-4354-a696-fc4667b331dc-2, groupId=anonymous.71319fe6-9081-4354-a696-fc4667b331dc] Cancelled in-flight FETCH request with correlation id 61150 due to node 1 being disconnected (elapsed time since creation: 551212ms, elapsed time since send: 551212ms, throttle time: 0ms, request timeout: 30000ms)
2026-08-29T20:49:18.910+05:30  INFO 38280 --- [bmp-notification-service] [96-fc4667b331dc] org.apache.kafka.clients.NetworkClient   : [Consumer clientId=consumer-anonymous.71319fe6-9081-4354-a696-fc4667b331dc-2, groupId=anonymous.71319fe6-9081-4354-a696-fc4667b331dc] Cancelled in-flight METADATA request with correlation id 61155 due to node 1 being disconnected (elapsed time since creation: 1165ms, elapsed time since send: 1165ms, throttle time: 0ms, request timeout: 30000ms)
2026-08-29T20:49:18.911+05:30  INFO 38280 --- [bmp-notification-service] [96-fc4667b331dc] org.apache.kafka.clients.NetworkClient   : [Consumer clientId=consumer-anonymous.71319fe6-9081-4354-a696-fc4667b331dc-2, groupId=anonymous.71319fe6-9081-4354-a696-fc4667b331dc] Disconnecting from node 2147483646 due to request timeout.
2026-08-29T20:49:18.911+05:30  INFO 38280 --- [bmp-notification-service] [96-fc4667b331dc] org.apache.kafka.clients.NetworkClient   : [Consumer clientId=consumer-anonymous.71319fe6-9081-4354-a696-fc4667b331dc-2, groupId=anonymous.71319fe6-9081-4354-a696-fc4667b331dc] Cancelled in-flight HEARTBEAT request with correlation id 61151 due to node 2147483646 being disconnected (elapsed time since creation: 550320ms, elapsed time since send: 550320ms, throttle time: 0ms, request timeout: 30000ms)
2026-08-29T20:49:18.911+05:30  INFO 38280 --- [bmp-notification-service] [96-fc4667b331dc] org.apache.kafka.clients.NetworkClient   : [Consumer clientId=consumer-anonymous.71319fe6-9081-4354-a696-fc4667b331dc-2, groupId=anonymous.71319fe6-9081-4354-a696-fc4667b331dc] Cancelled in-flight HEARTBEAT request with correlation id 61152 due to node 2147483646 being disconnected (elapsed time since creation: 547307ms, elapsed time since send: 547307ms, throttle time: 0ms, request timeout: 30000ms)
2026-08-29T20:49:18.911+05:30  INFO 38280 --- [bmp-notification-service] [96-fc4667b331dc] org.apache.kafka.clients.NetworkClient   : [Consumer clientId=consumer-anonymous.71319fe6-9081-4354-a696-fc4667b331dc-2, groupId=anonymous.71319fe6-9081-4354-a696-fc4667b331dc] Cancelled in-flight HEARTBEAT request with correlation id 61153 due to node 2147483646 being disconnected (elapsed time since creation: 544304ms, elapsed time since send: 544304ms, throttle time: 0ms, request timeout: 30000ms)
2026-08-29T20:49:18.911+05:30  INFO 38280 --- [bmp-notification-service] [96-fc4667b331dc] org.apache.kafka.clients.NetworkClient   : [Consumer clientId=consumer-anonymous.71319fe6-9081-4354-a696-fc4667b331dc-2, groupId=anonymous.71319fe6-9081-4354-a696-fc4667b331dc] Cancelled in-flight HEARTBEAT request with correlation id 61154 due to node 2147483646 being disconnected (elapsed time since creation: 541303ms, elapsed time since send: 541303ms, throttle time: 0ms, request timeout: 30000ms)
2026-08-29T20:49:18.911+05:30  INFO 38280 --- [bmp-notification-service] [96-fc4667b331dc] o.a.kafka.clients.FetchSessionHandler    : [Consumer clientId=consumer-anonymous.71319fe6-9081-4354-a696-fc4667b331dc-2, groupId=anonymous.71319fe6-9081-4354-a696-fc4667b331dc] Error sending fetch request (sessionId=753985731, epoch=4401) to node 1:

org.apache.kafka.common.errors.DisconnectException: null

2026-08-29T20:49:18.912+05:30  INFO 38280 --- [bmp-notification-service] [96-fc4667b331dc] o.a.k.c.c.internals.ConsumerCoordinator  : [Consumer clientId=consumer-anonymous.71319fe6-9081-4354-a696-fc4667b331dc-2, groupId=anonymous.71319fe6-9081-4354-a696-fc4667b331dc] Group coordinator localhost:9092 (id: 2147483646 rack: null) is unavailable or invalid due to cause: null. isDisconnected: true. Rediscovery will be attempted.
2026-08-29T20:49:19.904+05:30  INFO 38280 --- [bmp-notification-service] [ntainer#0-0-C-1] o.a.k.c.c.internals.ConsumerCoordinator  : [Consumer clientId=consumer-bmp-notification-service-3, groupId=bmp-notification-service] Discovered group coordinator localhost:9092 (id: 2147483646 rack: null)
2026-08-29T20:49:20.531+05:30  INFO 38280 --- [bmp-notification-service] [container-0-C-1] o.a.k.c.c.internals.ConsumerCoordinator  : [Consumer clientId=consumer-anonymous.71319fe6-9081-4354-a696-fc4667b331dc-2, groupId=anonymous.71319fe6-9081-4354-a696-fc4667b331dc] Discovered group coordinator localhost:9092 (id: 2147483646 rack: null)
2026-08-29T20:49:32.929+05:30  WARN 38280 --- [bmp-notification-service] [l-1 housekeeper] com.zaxxer.hikari.pool.HikariPool        : HikariPool-1 - Thread starvation or clock leap detected (housekeeper delta=9m27s562ms445µs600ns).
2026-08-29T20:49:44.294+05:30  INFO 38280 --- [bmp-notification-service] [pool-3-thread-1] org.apache.kafka.clients.NetworkClient   : [Consumer clientId=consumer-anonymous.71319fe6-9081-4354-a696-fc4667b331dc-4, groupId=anonymous.71319fe6-9081-4354-a696-fc4667b331dc] Node 2147483646 disconnected.
2026-08-29T20:49:44.298+05:30  INFO 38280 --- [bmp-notification-service] [pool-3-thread-1] o.a.k.c.c.internals.ConsumerCoordinator  : [Consumer clientId=consumer-anonymous.71319fe6-9081-4354-a696-fc4667b331dc-4, groupId=anonymous.71319fe6-9081-4354-a696-fc4667b331dc] Group coordinator localhost:9092 (id: 2147483646 rack: null) is unavailable or invalid due to cause: coordinator unavailable. isDisconnected: true. Rediscovery will be attempted.
2026-08-29T20:49:44.302+05:30  INFO 38280 --- [bmp-notification-service] [pool-3-thread-1] o.a.k.c.c.internals.ConsumerCoordinator  : [Consumer clientId=consumer-anonymous.71319fe6-9081-4354-a696-fc4667b331dc-4, groupId=anonymous.71319fe6-9081-4354-a696-fc4667b331dc] Discovered group coordinator localhost:9092 (id: 2147483646 rack: null)
2026-08-29T20:49:44.302+05:30  INFO 38280 --- [bmp-notification-service] [pool-3-thread-1] o.a.k.c.c.internals.ConsumerCoordinator  : [Consumer clientId=consumer-anonymous.71319fe6-9081-4354-a696-fc4667b331dc-4, groupId=anonymous.71319fe6-9081-4354-a696-fc4667b331dc] Group coordinator localhost:9092 (id: 2147483646 rack: null) is unavailable or invalid due to cause: coordinator unavailable. isDisconnected: false. Rediscovery will be attempted.
2026-08-29T20:49:44.302+05:30  INFO 38280 --- [bmp-notification-service] [pool-3-thread-1] o.a.k.c.c.internals.ConsumerCoordinator  : [Consumer clientId=consumer-anonymous.71319fe6-9081-4354-a696-fc4667b331dc-4, groupId=anonymous.71319fe6-9081-4354-a696-fc4667b331dc] Requesting disconnect from last known coordinator localhost:9092 (id: 2147483646 rack: null)
2026-08-29T20:49:44.402+05:30  INFO 38280 --- [bmp-notification-service] [pool-3-thread-1] o.a.k.c.c.internals.ConsumerCoordinator  : [Consumer clientId=consumer-anonymous.71319fe6-9081-4354-a696-fc4667b331dc-4, groupId=anonymous.71319fe6-9081-4354-a696-fc4667b331dc] Discovered group coordinator localhost:9092 (id: 2147483646 rack: null)
2026-08-29T20:49:44.412+05:30  INFO 38280 --- [bmp-notification-service] [pool-3-thread-1] o.a.k.c.c.internals.ConsumerCoordinator  : [Consumer clientId=consumer-anonymous.71319fe6-9081-4354-a696-fc4667b331dc-4, groupId=anonymous.71319fe6-9081-4354-a696-fc4667b331dc] Found no committed offset for partition springCloudBus-0
2026-08-29T20:50:44.426+05:30  INFO 38280 --- [bmp-notification-service] [pool-3-thread-1] o.a.k.c.c.internals.ConsumerCoordinator  : [Consumer clientId=consumer-anonymous.71319fe6-9081-4354-a696-fc4667b331dc-4, groupId=anonymous.71319fe6-9081-4354-a696-fc4667b331dc] Found no committed offset for partition springCloudBus-0
2026-08-29T20:51:13.089+05:30  INFO 38280 --- [bmp-notification-service] [rap-executor-%d] c.n.d.s.r.aws.ConfigClusterResolver      : Resolving eureka endpoints via configuration
2026-08-29T20:51:44.436+05:30  INFO 38280 --- [bmp-notification-service] [pool-3-thread-1] o.a.k.c.c.internals.ConsumerCoordinator  : [Consumer clientId=consumer-anonymous.71319fe6-9081-4354-a696-fc4667b331dc-4, groupId=anonymous.71319fe6-9081-4354-a696-fc4667b331dc] Found no committed offset for partition springCloudBus-0
2026-08-29T20:52:44.454+05:30  INFO 38280 --- [bmp-notification-service] [pool-3-thread-1] o.a.k.c.c.internals.ConsumerCoordinator  : [Consumer clientId=consumer-anonymous.71319fe6-9081-4354-a696-fc4667b331dc-4, groupId=anonymous.71319fe6-9081-4354-a696-fc4667b331dc] Found no committed offset for partition springCloudBus-0
2026-08-29T20:53:44.462+05:30  INFO 38280 --- [bmp-notification-service] [pool-3-thread-1] o.a.k.c.c.internals.ConsumerCoordinator  : [Consumer clientId=consumer-anonymous.71319fe6-9081-4354-a696-fc4667b331dc-4, groupId=anonymous.71319fe6-9081-4354-a696-fc4667b331dc] Found no committed offset for partition springCloudBus-0
2026-08-29T20:54:44.475+05:30  INFO 38280 --- [bmp-notification-service] [pool-3-thread-1] o.a.k.c.c.internals.ConsumerCoordinator  : [Consumer clientId=consumer-anonymous.71319fe6-9081-4354-a696-fc4667b331dc-4, groupId=anonymous.71319fe6-9081-4354-a696-fc4667b331dc] Found no committed offset for partition springCloudBus-0
2026-08-29T20:55:44.491+05:30  INFO 38280 --- [bmp-notification-service] [pool-3-thread-1] o.a.k.c.c.internals.ConsumerCoordinator  : [Consumer clientId=consumer-anonymous.71319fe6-9081-4354-a696-fc4667b331dc-4, groupId=anonymous.71319fe6-9081-4354-a696-fc4667b331dc] Found no committed offset for partition springCloudBus-0
2026-08-29T20:56:13.101+05:30  INFO 38280 --- [bmp-notification-service] [rap-executor-%d] c.n.d.s.r.aws.ConfigClusterResolver      : Resolving eureka endpoints via configuration
2026-08-29T20:56:44.510+05:30  INFO 38280 --- [bmp-notification-service] [pool-3-thread-1] o.a.k.c.c.internals.ConsumerCoordinator  : [Consumer clientId=consumer-anonymous.71319fe6-9081-4354-a696-fc4667b331dc-4, groupId=anonymous.71319fe6-9081-4354-a696-fc4667b331dc] Found no committed offset for partition springCloudBus-0
2026-08-29T20:57:44.528+05:30  INFO 38280 --- [bmp-notification-service] [pool-3-thread-1] o.a.k.c.c.internals.ConsumerCoordinator  : [Consumer clientId=consumer-anonymous.71319fe6-9081-4354-a696-fc4667b331dc-4, groupId=anonymous.71319fe6-9081-4354-a696-fc4667b331dc] Found no committed offset for partition springCloudBus-0
2026-08-29T20:58:44.539+05:30  INFO 38280 --- [bmp-notification-service] [pool-3-thread-1] o.a.k.c.c.internals.ConsumerCoordinator  : [Consumer clientId=consumer-anonymous.71319fe6-9081-4354-a696-fc4667b331dc-4, groupId=anonymous.71319fe6-9081-4354-a696-fc4667b331dc] Found no committed offset for partition springCloudBus-0
2026-08-29T20:59:44.559+05:30  INFO 38280 --- [bmp-notification-service] [pool-3-thread-1] o.a.k.c.c.internals.ConsumerCoordinator  : [Consumer clientId=consumer-anonymous.71319fe6-9081-4354-a696-fc4667b331dc-4, groupId=anonymous.71319fe6-9081-4354-a696-fc4667b331dc] Found no committed offset for partition springCloudBus-0
2026-08-29T21:00:44.573+05:30  INFO 38280 --- [bmp-notification-service] [pool-3-thread-1] o.a.k.c.c.internals.ConsumerCoordinator  : [Consumer clientId=consumer-anonymous.71319fe6-9081-4354-a696-fc4667b331dc-4, groupId=anonymous.71319fe6-9081-4354-a696-fc4667b331dc] Found no committed offset for partition springCloudBus-0
2026-08-29T21:23:26.572+05:30  INFO 38280 --- [bmp-notification-service] [ication-service] org.apache.kafka.clients.NetworkClient   : [Consumer clientId=consumer-bmp-notification-service-3, groupId=bmp-notification-service] Node 1 disconnected.
2026-08-29T21:23:26.573+05:30  INFO 38280 --- [bmp-notification-service] [ication-service] org.apache.kafka.clients.NetworkClient   : [Consumer clientId=consumer-bmp-notification-service-3, groupId=bmp-notification-service] Cancelled in-flight FETCH request with correlation id 62715 due to node 1 being disconnected (elapsed time since creation: 1359797ms, elapsed time since send: 1359797ms, throttle time: 0ms, request timeout: 30000ms)
2026-08-29T21:23:26.573+05:30  INFO 38280 --- [bmp-notification-service] [ication-service] org.apache.kafka.clients.NetworkClient   : [Consumer clientId=consumer-bmp-notification-service-3, groupId=bmp-notification-service] Cancelled in-flight METADATA request with correlation id 62720 due to node 1 being disconnected (elapsed time since creation: 1056ms, elapsed time since send: 1056ms, throttle time: 0ms, request timeout: 30000ms)
2026-08-29T21:23:26.574+05:30  INFO 38280 --- [bmp-notification-service] [ication-service] org.apache.kafka.clients.NetworkClient   : [Consumer clientId=consumer-bmp-notification-service-3, groupId=bmp-notification-service] Disconnecting from node 2147483646 due to request timeout.
2026-08-29T21:23:26.574+05:30  INFO 38280 --- [bmp-notification-service] [ication-service] org.apache.kafka.clients.NetworkClient   : [Consumer clientId=consumer-bmp-notification-service-3, groupId=bmp-notification-service] Cancelled in-flight HEARTBEAT request with correlation id 62716 due to node 2147483646 being disconnected (elapsed time since creation: 1357701ms, elapsed time since send: 1357701ms, throttle time: 0ms, request timeout: 30000ms)
2026-08-29T21:23:26.574+05:30  INFO 38280 --- [bmp-notification-service] [ication-service] org.apache.kafka.clients.NetworkClient   : [Consumer clientId=consumer-bmp-notification-service-3, groupId=bmp-notification-service] Cancelled in-flight HEARTBEAT request with correlation id 62717 due to node 2147483646 being disconnected (elapsed time since creation: 1354690ms, elapsed time since send: 1354690ms, throttle time: 0ms, request timeout: 30000ms)
2026-08-29T21:23:26.574+05:30  INFO 38280 --- [bmp-notification-service] [ication-service] org.apache.kafka.clients.NetworkClient   : [Consumer clientId=consumer-bmp-notification-service-3, groupId=bmp-notification-service] Cancelled in-flight HEARTBEAT request with correlation id 62718 due to node 2147483646 being disconnected (elapsed time since creation: 1351690ms, elapsed time since send: 1351690ms, throttle time: 0ms, request timeout: 30000ms)
2026-08-29T21:23:26.574+05:30  INFO 38280 --- [bmp-notification-service] [ication-service] org.apache.kafka.clients.NetworkClient   : [Consumer clientId=consumer-bmp-notification-service-3, groupId=bmp-notification-service] Cancelled in-flight HEARTBEAT request with correlation id 62719 due to node 2147483646 being disconnected (elapsed time since creation: 1348689ms, elapsed time since send: 1348689ms, throttle time: 0ms, request timeout: 30000ms)
2026-08-29T21:23:26.574+05:30  INFO 38280 --- [bmp-notification-service] [ication-service] o.a.kafka.clients.FetchSessionHandler    : [Consumer clientId=consumer-bmp-notification-service-3, groupId=bmp-notification-service] Error sending fetch request (sessionId=2126443657, epoch=1358) to node 1:

org.apache.kafka.common.errors.DisconnectException: null

2026-08-29T21:23:26.583+05:30  INFO 38280 --- [bmp-notification-service] [ication-service] o.a.k.c.c.internals.ConsumerCoordinator  : [Consumer clientId=consumer-bmp-notification-service-3, groupId=bmp-notification-service] Group coordinator localhost:9092 (id: 2147483646 rack: null) is unavailable or invalid due to cause: null. isDisconnected: true. Rediscovery will be attempted.
2026-08-29T21:23:26.646+05:30  INFO 38280 --- [bmp-notification-service] [96-fc4667b331dc] org.apache.kafka.clients.NetworkClient   : [Consumer clientId=consumer-anonymous.71319fe6-9081-4354-a696-fc4667b331dc-2, groupId=anonymous.71319fe6-9081-4354-a696-fc4667b331dc] Node 1 disconnected.
2026-08-29T21:23:26.656+05:30  INFO 38280 --- [bmp-notification-service] [96-fc4667b331dc] org.apache.kafka.clients.NetworkClient   : [Consumer clientId=consumer-anonymous.71319fe6-9081-4354-a696-fc4667b331dc-2, groupId=anonymous.71319fe6-9081-4354-a696-fc4667b331dc] Cancelled in-flight FETCH request with correlation id 62753 due to node 1 being disconnected (elapsed time since creation: 1359832ms, elapsed time since send: 1359832ms, throttle time: 0ms, request timeout: 30000ms)
2026-08-29T21:23:26.657+05:30  INFO 38280 --- [bmp-notification-service] [96-fc4667b331dc] org.apache.kafka.clients.NetworkClient   : [Consumer clientId=consumer-anonymous.71319fe6-9081-4354-a696-fc4667b331dc-2, groupId=anonymous.71319fe6-9081-4354-a696-fc4667b331dc] Cancelled in-flight METADATA request with correlation id 62758 due to node 1 being disconnected (elapsed time since creation: 1053ms, elapsed time since send: 1053ms, throttle time: 0ms, request timeout: 30000ms)
2026-08-29T21:23:26.657+05:30  INFO 38280 --- [bmp-notification-service] [96-fc4667b331dc] org.apache.kafka.clients.NetworkClient   : [Consumer clientId=consumer-anonymous.71319fe6-9081-4354-a696-fc4667b331dc-2, groupId=anonymous.71319fe6-9081-4354-a696-fc4667b331dc] Disconnecting from node 2147483646 due to request timeout.
2026-08-29T21:23:26.657+05:30  INFO 38280 --- [bmp-notification-service] [96-fc4667b331dc] org.apache.kafka.clients.NetworkClient   : [Consumer clientId=consumer-anonymous.71319fe6-9081-4354-a696-fc4667b331dc-2, groupId=anonymous.71319fe6-9081-4354-a696-fc4667b331dc] Cancelled in-flight HEARTBEAT request with correlation id 62754 due to node 2147483646 being disconnected (elapsed time since creation: 1357265ms, elapsed time since send: 1357265ms, throttle time: 0ms, request timeout: 30000ms)
2026-08-29T21:23:26.657+05:30  INFO 38280 --- [bmp-notification-service] [96-fc4667b331dc] org.apache.kafka.clients.NetworkClient   : [Consumer clientId=consumer-anonymous.71319fe6-9081-4354-a696-fc4667b331dc-2, groupId=anonymous.71319fe6-9081-4354-a696-fc4667b331dc] Cancelled in-flight HEARTBEAT request with correlation id 62755 due to node 2147483646 being disconnected (elapsed time since creation: 1354250ms, elapsed time since send: 1354250ms, throttle time: 0ms, request timeout: 30000ms)
2026-08-29T21:23:26.657+05:30  INFO 38280 --- [bmp-notification-service] [96-fc4667b331dc] org.apache.kafka.clients.NetworkClient   : [Consumer clientId=consumer-anonymous.71319fe6-9081-4354-a696-fc4667b331dc-2, groupId=anonymous.71319fe6-9081-4354-a696-fc4667b331dc] Cancelled in-flight HEARTBEAT request with correlation id 62756 due to node 2147483646 being disconnected (elapsed time since creation: 1351249ms, elapsed time since send: 1351249ms, throttle time: 0ms, request timeout: 30000ms)
2026-08-29T21:23:26.657+05:30  INFO 38280 --- [bmp-notification-service] [96-fc4667b331dc] org.apache.kafka.clients.NetworkClient   : [Consumer clientId=consumer-anonymous.71319fe6-9081-4354-a696-fc4667b331dc-2, groupId=anonymous.71319fe6-9081-4354-a696-fc4667b331dc] Cancelled in-flight HEARTBEAT request with correlation id 62757 due to node 2147483646 being disconnected (elapsed time since creation: 1348243ms, elapsed time since send: 1348243ms, throttle time: 0ms, request timeout: 30000ms)
2026-08-29T21:23:26.657+05:30  INFO 38280 --- [bmp-notification-service] [96-fc4667b331dc] o.a.kafka.clients.FetchSessionHandler    : [Consumer clientId=consumer-anonymous.71319fe6-9081-4354-a696-fc4667b331dc-2, groupId=anonymous.71319fe6-9081-4354-a696-fc4667b331dc] Error sending fetch request (sessionId=167563478, epoch=1358) to node 1:

org.apache.kafka.common.errors.DisconnectException: null

2026-08-29T21:23:26.658+05:30  INFO 38280 --- [bmp-notification-service] [96-fc4667b331dc] o.a.k.c.c.internals.ConsumerCoordinator  : [Consumer clientId=consumer-anonymous.71319fe6-9081-4354-a696-fc4667b331dc-2, groupId=anonymous.71319fe6-9081-4354-a696-fc4667b331dc] Group coordinator localhost:9092 (id: 2147483646 rack: null) is unavailable or invalid due to cause: null. isDisconnected: true. Rediscovery will be attempted.
2026-08-29T21:23:27.646+05:30  INFO 38280 --- [bmp-notification-service] [container-0-C-1] o.a.k.c.c.internals.ConsumerCoordinator  : [Consumer clientId=consumer-anonymous.71319fe6-9081-4354-a696-fc4667b331dc-2, groupId=anonymous.71319fe6-9081-4354-a696-fc4667b331dc] Discovered group coordinator localhost:9092 (id: 2147483646 rack: null)
2026-08-29T21:23:28.138+05:30  INFO 38280 --- [bmp-notification-service] [ntainer#0-0-C-1] o.a.k.c.c.internals.ConsumerCoordinator  : [Consumer clientId=consumer-bmp-notification-service-3, groupId=bmp-notification-service] Discovered group coordinator localhost:9092 (id: 2147483646 rack: null)
2026-08-29T21:23:30.121+05:30  WARN 38280 --- [bmp-notification-service] [l-1 housekeeper] com.zaxxer.hikari.pool.HikariPool        : HikariPool-1 - Thread starvation or clock leap detected (housekeeper delta=22m57s124ms271µs100ns).
2026-08-29T21:23:40.077+05:30  INFO 38280 --- [bmp-notification-service] [rap-executor-%d] c.n.d.s.r.aws.ConfigClusterResolver      : Resolving eureka endpoints via configuration
2026-08-29T21:24:11.548+05:30  INFO 38280 --- [bmp-notification-service] [pool-3-thread-1] org.apache.kafka.clients.NetworkClient   : [Consumer clientId=consumer-anonymous.71319fe6-9081-4354-a696-fc4667b331dc-4, groupId=anonymous.71319fe6-9081-4354-a696-fc4667b331dc] Node 2147483646 disconnected.
2026-08-29T21:24:11.555+05:30  INFO 38280 --- [bmp-notification-service] [pool-3-thread-1] o.a.k.c.c.internals.ConsumerCoordinator  : [Consumer clientId=consumer-anonymous.71319fe6-9081-4354-a696-fc4667b331dc-4, groupId=anonymous.71319fe6-9081-4354-a696-fc4667b331dc] Group coordinator localhost:9092 (id: 2147483646 rack: null) is unavailable or invalid due to cause: coordinator unavailable. isDisconnected: true. Rediscovery will be attempted.
2026-08-29T21:24:11.558+05:30  INFO 38280 --- [bmp-notification-service] [pool-3-thread-1] o.a.k.c.c.internals.ConsumerCoordinator  : [Consumer clientId=consumer-anonymous.71319fe6-9081-4354-a696-fc4667b331dc-4, groupId=anonymous.71319fe6-9081-4354-a696-fc4667b331dc] Discovered group coordinator localhost:9092 (id: 2147483646 rack: null)
2026-08-29T21:24:11.558+05:30  INFO 38280 --- [bmp-notification-service] [pool-3-thread-1] o.a.k.c.c.internals.ConsumerCoordinator  : [Consumer clientId=consumer-anonymous.71319fe6-9081-4354-a696-fc4667b331dc-4, groupId=anonymous.71319fe6-9081-4354-a696-fc4667b331dc] Group coordinator localhost:9092 (id: 2147483646 rack: null) is unavailable or invalid due to cause: coordinator unavailable. isDisconnected: false. Rediscovery will be attempted.
2026-08-29T21:24:11.558+05:30  INFO 38280 --- [bmp-notification-service] [pool-3-thread-1] o.a.k.c.c.internals.ConsumerCoordinator  : [Consumer clientId=consumer-anonymous.71319fe6-9081-4354-a696-fc4667b331dc-4, groupId=anonymous.71319fe6-9081-4354-a696-fc4667b331dc] Requesting disconnect from last known coordinator localhost:9092 (id: 2147483646 rack: null)
2026-08-29T21:24:11.673+05:30  INFO 38280 --- [bmp-notification-service] [pool-3-thread-1] o.a.k.c.c.internals.ConsumerCoordinator  : [Consumer clientId=consumer-anonymous.71319fe6-9081-4354-a696-fc4667b331dc-4, groupId=anonymous.71319fe6-9081-4354-a696-fc4667b331dc] Discovered group coordinator localhost:9092 (id: 2147483646 rack: null)
2026-08-29T21:24:11.679+05:30  INFO 38280 --- [bmp-notification-service] [pool-3-thread-1] o.a.k.c.c.internals.ConsumerCoordinator  : [Consumer clientId=consumer-anonymous.71319fe6-9081-4354-a696-fc4667b331dc-4, groupId=anonymous.71319fe6-9081-4354-a696-fc4667b331dc] Found no committed offset for partition springCloudBus-0
2026-08-29T21:25:11.688+05:30  INFO 38280 --- [bmp-notification-service] [pool-3-thread-1] o.a.k.c.c.internals.ConsumerCoordinator  : [Consumer clientId=consumer-anonymous.71319fe6-9081-4354-a696-fc4667b331dc-4, groupId=anonymous.71319fe6-9081-4354-a696-fc4667b331dc] Found no committed offset for partition springCloudBus-0
2026-08-29T21:26:11.714+05:30  INFO 38280 --- [bmp-notification-service] [pool-3-thread-1] o.a.k.c.c.internals.ConsumerCoordinator  : [Consumer clientId=consumer-anonymous.71319fe6-9081-4354-a696-fc4667b331dc-4, groupId=anonymous.71319fe6-9081-4354-a696-fc4667b331dc] Found no committed offset for partition springCloudBus-0
2026-08-29T21:27:11.752+05:30  INFO 38280 --- [bmp-notification-service] [pool-3-thread-1] o.a.k.c.c.internals.ConsumerCoordinator  : [Consumer clientId=consumer-anonymous.71319fe6-9081-4354-a696-fc4667b331dc-4, groupId=anonymous.71319fe6-9081-4354-a696-fc4667b331dc] Found no committed offset for partition springCloudBus-0
2026-08-29T21:28:11.774+05:30  INFO 38280 --- [bmp-notification-service] [pool-3-thread-1] o.a.k.c.c.internals.ConsumerCoordinator  : [Consumer clientId=consumer-anonymous.71319fe6-9081-4354-a696-fc4667b331dc-4, groupId=anonymous.71319fe6-9081-4354-a696-fc4667b331dc] Found no committed offset for partition springCloudBus-0
2026-08-29T21:28:40.088+05:30  INFO 38280 --- [bmp-notification-service] [rap-executor-%d] c.n.d.s.r.aws.ConfigClusterResolver      : Resolving eureka endpoints via configuration
2026-08-29T21:29:11.795+05:30  INFO 38280 --- [bmp-notification-service] [pool-3-thread-1] o.a.k.c.c.internals.ConsumerCoordinator  : [Consumer clientId=consumer-anonymous.71319fe6-9081-4354-a696-fc4667b331dc-4, groupId=anonymous.71319fe6-9081-4354-a696-fc4667b331dc] Found no committed offset for partition springCloudBus-0
2026-08-29T21:30:11.809+05:30  INFO 38280 --- [bmp-notification-service] [pool-3-thread-1] o.a.k.c.c.internals.ConsumerCoordinator  : [Consumer clientId=consumer-anonymous.71319fe6-9081-4354-a696-fc4667b331dc-4, groupId=anonymous.71319fe6-9081-4354-a696-fc4667b331dc] Found no committed offset for partition springCloudBus-0
2026-08-29T21:31:11.822+05:30  INFO 38280 --- [bmp-notification-service] [pool-3-thread-1] o.a.k.c.c.internals.ConsumerCoordinator  : [Consumer clientId=consumer-anonymous.71319fe6-9081-4354-a696-fc4667b331dc-4, groupId=anonymous.71319fe6-9081-4354-a696-fc4667b331dc] Found no committed offset for partition springCloudBus-0
2026-08-29T21:32:11.843+05:30  INFO 38280 --- [bmp-notification-service] [pool-3-thread-1] o.a.k.c.c.internals.ConsumerCoordinator  : [Consumer clientId=consumer-anonymous.71319fe6-9081-4354-a696-fc4667b331dc-4, groupId=anonymous.71319fe6-9081-4354-a696-fc4667b331dc] Found no committed offset for partition springCloudBus-0
2026-08-29T21:33:11.849+05:30  INFO 38280 --- [bmp-notification-service] [pool-3-thread-1] o.a.k.c.c.internals.ConsumerCoordinator  : [Consumer clientId=consumer-anonymous.71319fe6-9081-4354-a696-fc4667b331dc-4, groupId=anonymous.71319fe6-9081-4354-a696-fc4667b331dc] Found no committed offset for partition springCloudBus-0
2026-08-29T21:33:40.109+05:30  INFO 38280 --- [bmp-notification-service] [rap-executor-%d] c.n.d.s.r.aws.ConfigClusterResolver      : Resolving eureka endpoints via configuration
2026-08-29T21:34:11.866+05:30  INFO 38280 --- [bmp-notification-service] [pool-3-thread-1] o.a.k.c.c.internals.ConsumerCoordinator  : [Consumer clientId=consumer-anonymous.71319fe6-9081-4354-a696-fc4667b331dc-4, groupId=anonymous.71319fe6-9081-4354-a696-fc4667b331dc] Found no committed offset for partition springCloudBus-0
2026-08-29T21:35:11.882+05:30  INFO 38280 --- [bmp-notification-service] [pool-3-thread-1] o.a.k.c.c.internals.ConsumerCoordinator  : [Consumer clientId=consumer-anonymous.71319fe6-9081-4354-a696-fc4667b331dc-4, groupId=anonymous.71319fe6-9081-4354-a696-fc4667b331dc] Found no committed offset for partition springCloudBus-0
2026-08-29T21:36:11.896+05:30  INFO 38280 --- [bmp-notification-service] [pool-3-thread-1] o.a.k.c.c.internals.ConsumerCoordinator  : [Consumer clientId=consumer-anonymous.71319fe6-9081-4354-a696-fc4667b331dc-4, groupId=anonymous.71319fe6-9081-4354-a696-fc4667b331dc] Found no committed offset for partition springCloudBus-0
2026-08-29T21:37:11.906+05:30  INFO 38280 --- [bmp-notification-service] [pool-3-thread-1] o.a.k.c.c.internals.ConsumerCoordinator  : [Consumer clientId=consumer-anonymous.71319fe6-9081-4354-a696-fc4667b331dc-4, groupId=anonymous.71319fe6-9081-4354-a696-fc4667b331dc] Found no committed offset for partition springCloudBus-0
2026-08-29T21:38:11.948+05:30  INFO 38280 --- [bmp-notification-service] [pool-3-thread-1] o.a.k.c.c.internals.ConsumerCoordinator  : [Consumer clientId=consumer-anonymous.71319fe6-9081-4354-a696-fc4667b331dc-4, groupId=anonymous.71319fe6-9081-4354-a696-fc4667b331dc] Found no committed offset for partition springCloudBus-0
2026-08-29T21:38:40.123+05:30  INFO 38280 --- [bmp-notification-service] [rap-executor-%d] c.n.d.s.r.aws.ConfigClusterResolver      : Resolving eureka endpoints via configuration
2026-08-29T21:39:11.986+05:30  INFO 38280 --- [bmp-notification-service] [pool-3-thread-1] o.a.k.c.c.internals.ConsumerCoordinator  : [Consumer clientId=consumer-anonymous.71319fe6-9081-4354-a696-fc4667b331dc-4, groupId=anonymous.71319fe6-9081-4354-a696-fc4667b331dc] Found no committed offset for partition springCloudBus-0
2026-08-29T21:40:11.999+05:30  INFO 38280 --- [bmp-notification-service] [pool-3-thread-1] o.a.k.c.c.internals.ConsumerCoordinator  : [Consumer clientId=consumer-anonymous.71319fe6-9081-4354-a696-fc4667b331dc-4, groupId=anonymous.71319fe6-9081-4354-a696-fc4667b331dc] Found no committed offset for partition springCloudBus-0
2026-08-29T21:41:12.014+05:30  INFO 38280 --- [bmp-notification-service] [pool-3-thread-1] o.a.k.c.c.internals.ConsumerCoordinator  : [Consumer clientId=consumer-anonymous.71319fe6-9081-4354-a696-fc4667b331dc-4, groupId=anonymous.71319fe6-9081-4354-a696-fc4667b331dc] Found no committed offset for partition springCloudBus-0
2026-08-29T21:42:12.034+05:30  INFO 38280 --- [bmp-notification-service] [pool-3-thread-1] o.a.k.c.c.internals.ConsumerCoordinator  : [Consumer clientId=consumer-anonymous.71319fe6-9081-4354-a696-fc4667b331dc-4, groupId=anonymous.71319fe6-9081-4354-a696-fc4667b331dc] Found no committed offset for partition springCloudBus-0
2026-08-29T21:43:12.048+05:30  INFO 38280 --- [bmp-notification-service] [pool-3-thread-1] o.a.k.c.c.internals.ConsumerCoordinator  : [Consumer clientId=consumer-anonymous.71319fe6-9081-4354-a696-fc4667b331dc-4, groupId=anonymous.71319fe6-9081-4354-a696-fc4667b331dc] Found no committed offset for partition springCloudBus-0
2026-08-29T21:43:40.131+05:30  INFO 38280 --- [bmp-notification-service] [rap-executor-%d] c.n.d.s.r.aws.ConfigClusterResolver      : Resolving eureka endpoints via configuration
2026-08-29T21:44:12.068+05:30  INFO 38280 --- [bmp-notification-service] [pool-3-thread-1] o.a.k.c.c.internals.ConsumerCoordinator  : [Consumer clientId=consumer-anonymous.71319fe6-9081-4354-a696-fc4667b331dc-4, groupId=anonymous.71319fe6-9081-4354-a696-fc4667b331dc] Found no committed offset for partition springCloudBus-0
2026-08-29T21:45:12.077+05:30  INFO 38280 --- [bmp-notification-service] [pool-3-thread-1] o.a.k.c.c.internals.ConsumerCoordinator  : [Consumer clientId=consumer-anonymous.71319fe6-9081-4354-a696-fc4667b331dc-4, groupId=anonymous.71319fe6-9081-4354-a696-fc4667b331dc] Found no committed offset for partition springCloudBus-0
2026-08-29T21:46:12.102+05:30  INFO 38280 --- [bmp-notification-service] [pool-3-thread-1] o.a.k.c.c.internals.ConsumerCoordinator  : [Consumer clientId=consumer-anonymous.71319fe6-9081-4354-a696-fc4667b331dc-4, groupId=anonymous.71319fe6-9081-4354-a696-fc4667b331dc] Found no committed offset for partition springCloudBus-0
2026-08-29T21:47:12.144+05:30  INFO 38280 --- [bmp-notification-service] [pool-3-thread-1] o.a.k.c.c.internals.ConsumerCoordinator  : [Consumer clientId=consumer-anonymous.71319fe6-9081-4354-a696-fc4667b331dc-4, groupId=anonymous.71319fe6-9081-4354-a696-fc4667b331dc] Found no committed offset for partition springCloudBus-0
2026-08-29T21:48:12.160+05:30  INFO 38280 --- [bmp-notification-service] [pool-3-thread-1] o.a.k.c.c.internals.ConsumerCoordinator  : [Consumer clientId=consumer-anonymous.71319fe6-9081-4354-a696-fc4667b331dc-4, groupId=anonymous.71319fe6-9081-4354-a696-fc4667b331dc] Found no committed offset for partition springCloudBus-0
2026-08-29T21:48:40.151+05:30  INFO 38280 --- [bmp-notification-service] [rap-executor-%d] c.n.d.s.r.aws.ConfigClusterResolver      : Resolving eureka endpoints via configuration
2026-08-29T21:49:12.177+05:30  INFO 38280 --- [bmp-notification-service] [pool-3-thread-1] o.a.k.c.c.internals.ConsumerCoordinator  : [Consumer clientId=consumer-anonymous.71319fe6-9081-4354-a696-fc4667b331dc-4, groupId=anonymous.71319fe6-9081-4354-a696-fc4667b331dc] Found no committed offset for partition springCloudBus-0
2026-08-29T21:50:12.194+05:30  INFO 38280 --- [bmp-notification-service] [pool-3-thread-1] o.a.k.c.c.internals.ConsumerCoordinator  : [Consumer clientId=consumer-anonymous.71319fe6-9081-4354-a696-fc4667b331dc-4, groupId=anonymous.71319fe6-9081-4354-a696-fc4667b331dc] Found no committed offset for partition springCloudBus-0
2026-08-29T21:51:12.204+05:30  INFO 38280 --- [bmp-notification-service] [pool-3-thread-1] o.a.k.c.c.internals.ConsumerCoordinator  : [Consumer clientId=consumer-anonymous.71319fe6-9081-4354-a696-fc4667b331dc-4, groupId=anonymous.71319fe6-9081-4354-a696-fc4667b331dc] Found no committed offset for partition springCloudBus-0
2026-08-29T21:52:12.222+05:30  INFO 38280 --- [bmp-notification-service] [pool-3-thread-1] o.a.k.c.c.internals.ConsumerCoordinator  : [Consumer clientId=consumer-anonymous.71319fe6-9081-4354-a696-fc4667b331dc-4, groupId=anonymous.71319fe6-9081-4354-a696-fc4667b331dc] Found no committed offset for partition springCloudBus-0
2026-08-29T21:53:12.242+05:30  INFO 38280 --- [bmp-notification-service] [pool-3-thread-1] o.a.k.c.c.internals.ConsumerCoordinator  : [Consumer clientId=consumer-anonymous.71319fe6-9081-4354-a696-fc4667b331dc-4, groupId=anonymous.71319fe6-9081-4354-a696-fc4667b331dc] Found no committed offset for partition springCloudBus-0
2026-08-29T21:53:40.154+05:30  INFO 38280 --- [bmp-notification-service] [rap-executor-%d] c.n.d.s.r.aws.ConfigClusterResolver      : Resolving eureka endpoints via configuration
2026-08-29T21:54:12.260+05:30  INFO 38280 --- [bmp-notification-service] [pool-3-thread-1] o.a.k.c.c.internals.ConsumerCoordinator  : [Consumer clientId=consumer-anonymous.71319fe6-9081-4354-a696-fc4667b331dc-4, groupId=anonymous.71319fe6-9081-4354-a696-fc4667b331dc] Found no committed offset for partition springCloudBus-0
2026-08-29T21:55:12.270+05:30  INFO 38280 --- [bmp-notification-service] [pool-3-thread-1] o.a.k.c.c.internals.ConsumerCoordinator  : [Consumer clientId=consumer-anonymous.71319fe6-9081-4354-a696-fc4667b331dc-4, groupId=anonymous.71319fe6-9081-4354-a696-fc4667b331dc] Found no committed offset for partition springCloudBus-0
2026-08-29T21:56:12.280+05:30  INFO 38280 --- [bmp-notification-service] [pool-3-thread-1] o.a.k.c.c.internals.ConsumerCoordinator  : [Consumer clientId=consumer-anonymous.71319fe6-9081-4354-a696-fc4667b331dc-4, groupId=anonymous.71319fe6-9081-4354-a696-fc4667b331dc] Found no committed offset for partition springCloudBus-0
2026-08-29T21:57:12.298+05:30  INFO 38280 --- [bmp-notification-service] [pool-3-thread-1] o.a.k.c.c.internals.ConsumerCoordinator  : [Consumer clientId=consumer-anonymous.71319fe6-9081-4354-a696-fc4667b331dc-4, groupId=anonymous.71319fe6-9081-4354-a696-fc4667b331dc] Found no committed offset for partition springCloudBus-0
2026-08-29T21:58:12.312+05:30  INFO 38280 --- [bmp-notification-service] [pool-3-thread-1] o.a.k.c.c.internals.ConsumerCoordinator  : [Consumer clientId=consumer-anonymous.71319fe6-9081-4354-a696-fc4667b331dc-4, groupId=anonymous.71319fe6-9081-4354-a696-fc4667b331dc] Found no committed offset for partition springCloudBus-0
2026-08-29T21:58:40.160+05:30  INFO 38280 --- [bmp-notification-service] [rap-executor-%d] c.n.d.s.r.aws.ConfigClusterResolver      : Resolving eureka endpoints via configuration
2026-08-29T21:59:12.346+05:30  INFO 38280 --- [bmp-notification-service] [pool-3-thread-1] o.a.k.c.c.internals.ConsumerCoordinator  : [Consumer clientId=consumer-anonymous.71319fe6-9081-4354-a696-fc4667b331dc-4, groupId=anonymous.71319fe6-9081-4354-a696-fc4667b331dc] Found no committed offset for partition springCloudBus-0
2026-08-29T22:00:12.366+05:30  INFO 38280 --- [bmp-notification-service] [pool-3-thread-1] o.a.k.c.c.internals.ConsumerCoordinator  : [Consumer clientId=consumer-anonymous.71319fe6-9081-4354-a696-fc4667b331dc-4, groupId=anonymous.71319fe6-9081-4354-a696-fc4667b331dc] Found no committed offset for partition springCloudBus-0
2026-08-29T22:01:12.385+05:30  INFO 38280 --- [bmp-notification-service] [pool-3-thread-1] o.a.k.c.c.internals.ConsumerCoordinator  : [Consumer clientId=consumer-anonymous.71319fe6-9081-4354-a696-fc4667b331dc-4, groupId=anonymous.71319fe6-9081-4354-a696-fc4667b331dc] Found no committed offset for partition springCloudBus-0
2026-08-29T22:02:12.394+05:30  INFO 38280 --- [bmp-notification-service] [pool-3-thread-1] o.a.k.c.c.internals.ConsumerCoordinator  : [Consumer clientId=consumer-anonymous.71319fe6-9081-4354-a696-fc4667b331dc-4, groupId=anonymous.71319fe6-9081-4354-a696-fc4667b331dc] Found no committed offset for partition springCloudBus-0
2026-08-29T22:03:12.407+05:30  INFO 38280 --- [bmp-notification-service] [pool-3-thread-1] o.a.k.c.c.internals.ConsumerCoordinator  : [Consumer clientId=consumer-anonymous.71319fe6-9081-4354-a696-fc4667b331dc-4, groupId=anonymous.71319fe6-9081-4354-a696-fc4667b331dc] Found no committed offset for partition springCloudBus-0
2026-08-29T22:03:40.176+05:30  INFO 38280 --- [bmp-notification-service] [rap-executor-%d] c.n.d.s.r.aws.ConfigClusterResolver      : Resolving eureka endpoints via configuration
2026-08-29T22:04:12.414+05:30  INFO 38280 --- [bmp-notification-service] [pool-3-thread-1] o.a.k.c.c.internals.ConsumerCoordinator  : [Consumer clientId=consumer-anonymous.71319fe6-9081-4354-a696-fc4667b331dc-4, groupId=anonymous.71319fe6-9081-4354-a696-fc4667b331dc] Found no committed offset for partition springCloudBus-0
2026-08-29T22:05:12.423+05:30  INFO 38280 --- [bmp-notification-service] [pool-3-thread-1] o.a.k.c.c.internals.ConsumerCoordinator  : [Consumer clientId=consumer-anonymous.71319fe6-9081-4354-a696-fc4667b331dc-4, groupId=anonymous.71319fe6-9081-4354-a696-fc4667b331dc] Found no committed offset for partition springCloudBus-0
2026-08-29T22:06:12.441+05:30  INFO 38280 --- [bmp-notification-service] [pool-3-thread-1] o.a.k.c.c.internals.ConsumerCoordinator  : [Consumer clientId=consumer-anonymous.71319fe6-9081-4354-a696-fc4667b331dc-4, groupId=anonymous.71319fe6-9081-4354-a696-fc4667b331dc] Found no committed offset for partition springCloudBus-0
2026-08-29T22:07:12.453+05:30  INFO 38280 --- [bmp-notification-service] [pool-3-thread-1] o.a.k.c.c.internals.ConsumerCoordinator  : [Consumer clientId=consumer-anonymous.71319fe6-9081-4354-a696-fc4667b331dc-4, groupId=anonymous.71319fe6-9081-4354-a696-fc4667b331dc] Found no committed offset for partition springCloudBus-0
2026-08-29T22:08:12.483+05:30  INFO 38280 --- [bmp-notification-service] [pool-3-thread-1] o.a.k.c.c.internals.ConsumerCoordinator  : [Consumer clientId=consumer-anonymous.71319fe6-9081-4354-a696-fc4667b331dc-4, groupId=anonymous.71319fe6-9081-4354-a696-fc4667b331dc] Found no committed offset for partition springCloudBus-0
2026-08-29T22:08:40.181+05:30  INFO 38280 --- [bmp-notification-service] [rap-executor-%d] c.n.d.s.r.aws.ConfigClusterResolver      : Resolving eureka endpoints via configuration
2026-08-29T22:09:12.501+05:30  INFO 38280 --- [bmp-notification-service] [pool-3-thread-1] o.a.k.c.c.internals.ConsumerCoordinator  : [Consumer clientId=consumer-anonymous.71319fe6-9081-4354-a696-fc4667b331dc-4, groupId=anonymous.71319fe6-9081-4354-a696-fc4667b331dc] Found no committed offset for partition springCloudBus-0
2026-08-29T22:10:12.510+05:30  INFO 38280 --- [bmp-notification-service] [pool-3-thread-1] o.a.k.c.c.internals.ConsumerCoordinator  : [Consumer clientId=consumer-anonymous.71319fe6-9081-4354-a696-fc4667b331dc-4, groupId=anonymous.71319fe6-9081-4354-a696-fc4667b331dc] Found no committed offset for partition springCloudBus-0
2026-08-29T22:11:12.528+05:30  INFO 38280 --- [bmp-notification-service] [pool-3-thread-1] o.a.k.c.c.internals.ConsumerCoordinator  : [Consumer clientId=consumer-anonymous.71319fe6-9081-4354-a696-fc4667b331dc-4, groupId=anonymous.71319fe6-9081-4354-a696-fc4667b331dc] Found no committed offset for partition springCloudBus-0
2026-08-29T22:12:12.553+05:30  INFO 38280 --- [bmp-notification-service] [pool-3-thread-1] o.a.k.c.c.internals.ConsumerCoordinator  : [Consumer clientId=consumer-anonymous.71319fe6-9081-4354-a696-fc4667b331dc-4, groupId=anonymous.71319fe6-9081-4354-a696-fc4667b331dc] Found no committed offset for partition springCloudBus-0
2026-08-29T22:13:12.571+05:30  INFO 38280 --- [bmp-notification-service] [pool-3-thread-1] o.a.k.c.c.internals.ConsumerCoordinator  : [Consumer clientId=consumer-anonymous.71319fe6-9081-4354-a696-fc4667b331dc-4, groupId=anonymous.71319fe6-9081-4354-a696-fc4667b331dc] Found no committed offset for partition springCloudBus-0
2026-08-29T22:13:40.187+05:30  INFO 38280 --- [bmp-notification-service] [rap-executor-%d] c.n.d.s.r.aws.ConfigClusterResolver      : Resolving eureka endpoints via configuration
2026-08-29T22:14:12.586+05:30  INFO 38280 --- [bmp-notification-service] [pool-3-thread-1] o.a.k.c.c.internals.ConsumerCoordinator  : [Consumer clientId=consumer-anonymous.71319fe6-9081-4354-a696-fc4667b331dc-4, groupId=anonymous.71319fe6-9081-4354-a696-fc4667b331dc] Found no committed offset for partition springCloudBus-0
2026-08-29T22:15:12.614+05:30  INFO 38280 --- [bmp-notification-service] [pool-3-thread-1] o.a.k.c.c.internals.ConsumerCoordinator  : [Consumer clientId=consumer-anonymous.71319fe6-9081-4354-a696-fc4667b331dc-4, groupId=anonymous.71319fe6-9081-4354-a696-fc4667b331dc] Found no committed offset for partition springCloudBus-0
2026-08-29T22:16:12.627+05:30  INFO 38280 --- [bmp-notification-service] [pool-3-thread-1] o.a.k.c.c.internals.ConsumerCoordinator  : [Consumer clientId=consumer-anonymous.71319fe6-9081-4354-a696-fc4667b331dc-4, groupId=anonymous.71319fe6-9081-4354-a696-fc4667b331dc] Found no committed offset for partition springCloudBus-0
2026-08-29T22:17:12.637+05:30  INFO 38280 --- [bmp-notification-service] [pool-3-thread-1] o.a.k.c.c.internals.ConsumerCoordinator  : [Consumer clientId=consumer-anonymous.71319fe6-9081-4354-a696-fc4667b331dc-4, groupId=anonymous.71319fe6-9081-4354-a696-fc4667b331dc] Found no committed offset for partition springCloudBus-0
2026-08-29T22:18:12.654+05:30  INFO 38280 --- [bmp-notification-service] [pool-3-thread-1] o.a.k.c.c.internals.ConsumerCoordinator  : [Consumer clientId=consumer-anonymous.71319fe6-9081-4354-a696-fc4667b331dc-4, groupId=anonymous.71319fe6-9081-4354-a696-fc4667b331dc] Found no committed offset for partition springCloudBus-0
2026-08-29T22:18:40.192+05:30  INFO 38280 --- [bmp-notification-service] [rap-executor-%d] c.n.d.s.r.aws.ConfigClusterResolver      : Resolving eureka endpoints via configuration
2026-08-29T22:19:12.680+05:30  INFO 38280 --- [bmp-notification-service] [pool-3-thread-1] o.a.k.c.c.internals.ConsumerCoordinator  : [Consumer clientId=consumer-anonymous.71319fe6-9081-4354-a696-fc4667b331dc-4, groupId=anonymous.71319fe6-9081-4354-a696-fc4667b331dc] Found no committed offset for partition springCloudBus-0
2026-08-29T22:20:12.704+05:30  INFO 38280 --- [bmp-notification-service] [pool-3-thread-1] o.a.k.c.c.internals.ConsumerCoordinator  : [Consumer clientId=consumer-anonymous.71319fe6-9081-4354-a696-fc4667b331dc-4, groupId=anonymous.71319fe6-9081-4354-a696-fc4667b331dc] Found no committed offset for partition springCloudBus-0
2026-08-29T22:21:12.716+05:30  INFO 38280 --- [bmp-notification-service] [pool-3-thread-1] o.a.k.c.c.internals.ConsumerCoordinator  : [Consumer clientId=consumer-anonymous.71319fe6-9081-4354-a696-fc4667b331dc-4, groupId=anonymous.71319fe6-9081-4354-a696-fc4667b331dc] Found no committed offset for partition springCloudBus-0
2026-08-29T22:22:12.733+05:30  INFO 38280 --- [bmp-notification-service] [pool-3-thread-1] o.a.k.c.c.internals.ConsumerCoordinator  : [Consumer clientId=consumer-anonymous.71319fe6-9081-4354-a696-fc4667b331dc-4, groupId=anonymous.71319fe6-9081-4354-a696-fc4667b331dc] Found no committed offset for partition springCloudBus-0
2026-08-29T22:23:12.753+05:30  INFO 38280 --- [bmp-notification-service] [pool-3-thread-1] o.a.k.c.c.internals.ConsumerCoordinator  : [Consumer clientId=consumer-anonymous.71319fe6-9081-4354-a696-fc4667b331dc-4, groupId=anonymous.71319fe6-9081-4354-a696-fc4667b331dc] Found no committed offset for partition springCloudBus-0
2026-08-29T22:23:40.202+05:30  INFO 38280 --- [bmp-notification-service] [rap-executor-%d] c.n.d.s.r.aws.ConfigClusterResolver      : Resolving eureka endpoints via configuration
2026-08-29T22:24:12.769+05:30  INFO 38280 --- [bmp-notification-service] [pool-3-thread-1] o.a.k.c.c.internals.ConsumerCoordinator  : [Consumer clientId=consumer-anonymous.71319fe6-9081-4354-a696-fc4667b331dc-4, groupId=anonymous.71319fe6-9081-4354-a696-fc4667b331dc] Found no committed offset for partition springCloudBus-0
2026-08-29T22:25:12.789+05:30  INFO 38280 --- [bmp-notification-service] [pool-3-thread-1] o.a.k.c.c.internals.ConsumerCoordinator  : [Consumer clientId=consumer-anonymous.71319fe6-9081-4354-a696-fc4667b331dc-4, groupId=anonymous.71319fe6-9081-4354-a696-fc4667b331dc] Found no committed offset for partition springCloudBus-0
2026-08-29T22:26:12.806+05:30  INFO 38280 --- [bmp-notification-service] [pool-3-thread-1] o.a.k.c.c.internals.ConsumerCoordinator  : [Consumer clientId=consumer-anonymous.71319fe6-9081-4354-a696-fc4667b331dc-4, groupId=anonymous.71319fe6-9081-4354-a696-fc4667b331dc] Found no committed offset for partition springCloudBus-0
2026-08-29T22:27:12.837+05:30  INFO 38280 --- [bmp-notification-service] [pool-3-thread-1] o.a.k.c.c.internals.ConsumerCoordinator  : [Consumer clientId=consumer-anonymous.71319fe6-9081-4354-a696-fc4667b331dc-4, groupId=anonymous.71319fe6-9081-4354-a696-fc4667b331dc] Found no committed offset for partition springCloudBus-0
2026-08-29T22:28:12.853+05:30  INFO 38280 --- [bmp-notification-service] [pool-3-thread-1] o.a.k.c.c.internals.ConsumerCoordinator  : [Consumer clientId=consumer-anonymous.71319fe6-9081-4354-a696-fc4667b331dc-4, groupId=anonymous.71319fe6-9081-4354-a696-fc4667b331dc] Found no committed offset for partition springCloudBus-0
2026-08-29T22:28:40.212+05:30  INFO 38280 --- [bmp-notification-service] [rap-executor-%d] c.n.d.s.r.aws.ConfigClusterResolver      : Resolving eureka endpoints via configuration
2026-08-29T22:29:12.868+05:30  INFO 38280 --- [bmp-notification-service] [pool-3-thread-1] o.a.k.c.c.internals.ConsumerCoordinator  : [Consumer clientId=consumer-anonymous.71319fe6-9081-4354-a696-fc4667b331dc-4, groupId=anonymous.71319fe6-9081-4354-a696-fc4667b331dc] Found no committed offset for partition springCloudBus-0
2026-08-29T22:30:12.893+05:30  INFO 38280 --- [bmp-notification-service] [pool-3-thread-1] o.a.k.c.c.internals.ConsumerCoordinator  : [Consumer clientId=consumer-anonymous.71319fe6-9081-4354-a696-fc4667b331dc-4, groupId=anonymous.71319fe6-9081-4354-a696-fc4667b331dc] Found no committed offset for partition springCloudBus-0
2026-08-29T22:31:12.915+05:30  INFO 38280 --- [bmp-notification-service] [pool-3-thread-1] o.a.k.c.c.internals.ConsumerCoordinator  : [Consumer clientId=consumer-anonymous.71319fe6-9081-4354-a696-fc4667b331dc-4, groupId=anonymous.71319fe6-9081-4354-a696-fc4667b331dc] Found no committed offset for partition springCloudBus-0
2026-08-29T22:32:12.931+05:30  INFO 38280 --- [bmp-notification-service] [pool-3-thread-1] o.a.k.c.c.internals.ConsumerCoordinator  : [Consumer clientId=consumer-anonymous.71319fe6-9081-4354-a696-fc4667b331dc-4, groupId=anonymous.71319fe6-9081-4354-a696-fc4667b331dc] Found no committed offset for partition springCloudBus-0
2026-08-29T22:33:12.948+05:30  INFO 38280 --- [bmp-notification-service] [pool-3-thread-1] o.a.k.c.c.internals.ConsumerCoordinator  : [Consumer clientId=consumer-anonymous.71319fe6-9081-4354-a696-fc4667b331dc-4, groupId=anonymous.71319fe6-9081-4354-a696-fc4667b331dc] Found no committed offset for partition springCloudBus-0
2026-08-29T22:33:40.222+05:30  INFO 38280 --- [bmp-notification-service] [rap-executor-%d] c.n.d.s.r.aws.ConfigClusterResolver      : Resolving eureka endpoints via configuration
2026-08-29T22:34:12.985+05:30  INFO 38280 --- [bmp-notification-service] [pool-3-thread-1] o.a.k.c.c.internals.ConsumerCoordinator  : [Consumer clientId=consumer-anonymous.71319fe6-9081-4354-a696-fc4667b331dc-4, groupId=anonymous.71319fe6-9081-4354-a696-fc4667b331dc] Found no committed offset for partition springCloudBus-0
2026-08-29T22:35:12.998+05:30  INFO 38280 --- [bmp-notification-service] [pool-3-thread-1] o.a.k.c.c.internals.ConsumerCoordinator  : [Consumer clientId=consumer-anonymous.71319fe6-9081-4354-a696-fc4667b331dc-4, groupId=anonymous.71319fe6-9081-4354-a696-fc4667b331dc] Found no committed offset for partition springCloudBus-0
2026-08-29T22:36:13.011+05:30  INFO 38280 --- [bmp-notification-service] [pool-3-thread-1] o.a.k.c.c.internals.ConsumerCoordinator  : [Consumer clientId=consumer-anonymous.71319fe6-9081-4354-a696-fc4667b331dc-4, groupId=anonymous.71319fe6-9081-4354-a696-fc4667b331dc] Found no committed offset for partition springCloudBus-0
2026-08-29T22:37:13.038+05:30  INFO 38280 --- [bmp-notification-service] [pool-3-thread-1] o.a.k.c.c.internals.ConsumerCoordinator  : [Consumer clientId=consumer-anonymous.71319fe6-9081-4354-a696-fc4667b331dc-4, groupId=anonymous.71319fe6-9081-4354-a696-fc4667b331dc] Found no committed offset for partition springCloudBus-0
2026-08-29T22:38:13.062+05:30  INFO 38280 --- [bmp-notification-service] [pool-3-thread-1] o.a.k.c.c.internals.ConsumerCoordinator  : [Consumer clientId=consumer-anonymous.71319fe6-9081-4354-a696-fc4667b331dc-4, groupId=anonymous.71319fe6-9081-4354-a696-fc4667b331dc] Found no committed offset for partition springCloudBus-0
2026-08-29T22:38:40.238+05:30  INFO 38280 --- [bmp-notification-service] [rap-executor-%d] c.n.d.s.r.aws.ConfigClusterResolver      : Resolving eureka endpoints via configuration
2026-08-29T22:39:13.085+05:30  INFO 38280 --- [bmp-notification-service] [pool-3-thread-1] o.a.k.c.c.internals.ConsumerCoordinator  : [Consumer clientId=consumer-anonymous.71319fe6-9081-4354-a696-fc4667b331dc-4, groupId=anonymous.71319fe6-9081-4354-a696-fc4667b331dc] Found no committed offset for partition springCloudBus-0
2026-08-29T22:40:13.098+05:30  INFO 38280 --- [bmp-notification-service] [pool-3-thread-1] o.a.k.c.c.internals.ConsumerCoordinator  : [Consumer clientId=consumer-anonymous.71319fe6-9081-4354-a696-fc4667b331dc-4, groupId=anonymous.71319fe6-9081-4354-a696-fc4667b331dc] Found no committed offset for partition springCloudBus-0
2026-08-29T22:41:13.119+05:30  INFO 38280 --- [bmp-notification-service] [pool-3-thread-1] o.a.k.c.c.internals.ConsumerCoordinator  : [Consumer clientId=consumer-anonymous.71319fe6-9081-4354-a696-fc4667b331dc-4, groupId=anonymous.71319fe6-9081-4354-a696-fc4667b331dc] Found no committed offset for partition springCloudBus-0
2026-08-29T22:42:13.136+05:30  INFO 38280 --- [bmp-notification-service] [pool-3-thread-1] o.a.k.c.c.internals.ConsumerCoordinator  : [Consumer clientId=consumer-anonymous.71319fe6-9081-4354-a696-fc4667b331dc-4, groupId=anonymous.71319fe6-9081-4354-a696-fc4667b331dc] Found no committed offset for partition springCloudBus-0
2026-08-29T22:43:13.154+05:30  INFO 38280 --- [bmp-notification-service] [pool-3-thread-1] o.a.k.c.c.internals.ConsumerCoordinator  : [Consumer clientId=consumer-anonymous.71319fe6-9081-4354-a696-fc4667b331dc-4, groupId=anonymous.71319fe6-9081-4354-a696-fc4667b331dc] Found no committed offset for partition springCloudBus-0
2026-08-29T22:43:40.244+05:30  INFO 38280 --- [bmp-notification-service] [rap-executor-%d] c.n.d.s.r.aws.ConfigClusterResolver      : Resolving eureka endpoints via configuration
2026-08-29T22:44:13.182+05:30  INFO 38280 --- [bmp-notification-service] [pool-3-thread-1] o.a.k.c.c.internals.ConsumerCoordinator  : [Consumer clientId=consumer-anonymous.71319fe6-9081-4354-a696-fc4667b331dc-4, groupId=anonymous.71319fe6-9081-4354-a696-fc4667b331dc] Found no committed offset for partition springCloudBus-0
2026-08-29T22:45:13.210+05:30  INFO 38280 --- [bmp-notification-service] [pool-3-thread-1] o.a.k.c.c.internals.ConsumerCoordinator  : [Consumer clientId=consumer-anonymous.71319fe6-9081-4354-a696-fc4667b331dc-4, groupId=anonymous.71319fe6-9081-4354-a696-fc4667b331dc] Found no committed offset for partition springCloudBus-0
2026-08-29T22:46:13.224+05:30  INFO 38280 --- [bmp-notification-service] [pool-3-thread-1] o.a.k.c.c.internals.ConsumerCoordinator  : [Consumer clientId=consumer-anonymous.71319fe6-9081-4354-a696-fc4667b331dc-4, groupId=anonymous.71319fe6-9081-4354-a696-fc4667b331dc] Found no committed offset for partition springCloudBus-0
2026-08-29T22:47:13.250+05:30  INFO 38280 --- [bmp-notification-service] [pool-3-thread-1] o.a.k.c.c.internals.ConsumerCoordinator  : [Consumer clientId=consumer-anonymous.71319fe6-9081-4354-a696-fc4667b331dc-4, groupId=anonymous.71319fe6-9081-4354-a696-fc4667b331dc] Found no committed offset for partition springCloudBus-0
2026-08-29T22:48:13.265+05:30  INFO 38280 --- [bmp-notification-service] [pool-3-thread-1] o.a.k.c.c.internals.ConsumerCoordinator  : [Consumer clientId=consumer-anonymous.71319fe6-9081-4354-a696-fc4667b331dc-4, groupId=anonymous.71319fe6-9081-4354-a696-fc4667b331dc] Found no committed offset for partition springCloudBus-0
2026-08-29T22:48:40.249+05:30  INFO 38280 --- [bmp-notification-service] [rap-executor-%d] c.n.d.s.r.aws.ConfigClusterResolver      : Resolving eureka endpoints via configuration
2026-08-29T22:49:13.282+05:30  INFO 38280 --- [bmp-notification-service] [pool-3-thread-1] o.a.k.c.c.internals.ConsumerCoordinator  : [Consumer clientId=consumer-anonymous.71319fe6-9081-4354-a696-fc4667b331dc-4, groupId=anonymous.71319fe6-9081-4354-a696-fc4667b331dc] Found no committed offset for partition springCloudBus-0
2026-08-29T22:50:13.296+05:30  INFO 38280 --- [bmp-notification-service] [pool-3-thread-1] o.a.k.c.c.internals.ConsumerCoordinator  : [Consumer clientId=consumer-anonymous.71319fe6-9081-4354-a696-fc4667b331dc-4, groupId=anonymous.71319fe6-9081-4354-a696-fc4667b331dc] Found no committed offset for partition springCloudBus-0
2026-08-29T22:51:13.313+05:30  INFO 38280 --- [bmp-notification-service] [pool-3-thread-1] o.a.k.c.c.internals.ConsumerCoordinator  : [Consumer clientId=consumer-anonymous.71319fe6-9081-4354-a696-fc4667b331dc-4, groupId=anonymous.71319fe6-9081-4354-a696-fc4667b331dc] Found no committed offset for partition springCloudBus-0
2026-08-29T22:52:13.320+05:30  INFO 38280 --- [bmp-notification-service] [pool-3-thread-1] o.a.k.c.c.internals.ConsumerCoordinator  : [Consumer clientId=consumer-anonymous.71319fe6-9081-4354-a696-fc4667b331dc-4, groupId=anonymous.71319fe6-9081-4354-a696-fc4667b331dc] Found no committed offset for partition springCloudBus-0
2026-08-29T22:53:13.330+05:30  INFO 38280 --- [bmp-notification-service] [pool-3-thread-1] o.a.k.c.c.internals.ConsumerCoordinator  : [Consumer clientId=consumer-anonymous.71319fe6-9081-4354-a696-fc4667b331dc-4, groupId=anonymous.71319fe6-9081-4354-a696-fc4667b331dc] Found no committed offset for partition springCloudBus-0
2026-08-29T22:53:40.251+05:30  INFO 38280 --- [bmp-notification-service] [rap-executor-%d] c.n.d.s.r.aws.ConfigClusterResolver      : Resolving eureka endpoints via configuration
2026-08-29T22:54:13.356+05:30  INFO 38280 --- [bmp-notification-service] [pool-3-thread-1] o.a.k.c.c.internals.ConsumerCoordinator  : [Consumer clientId=consumer-anonymous.71319fe6-9081-4354-a696-fc4667b331dc-4, groupId=anonymous.71319fe6-9081-4354-a696-fc4667b331dc] Found no committed offset for partition springCloudBus-0
2026-08-29T22:55:13.368+05:30  INFO 38280 --- [bmp-notification-service] [pool-3-thread-1] o.a.k.c.c.internals.ConsumerCoordinator  : [Consumer clientId=consumer-anonymous.71319fe6-9081-4354-a696-fc4667b331dc-4, groupId=anonymous.71319fe6-9081-4354-a696-fc4667b331dc] Found no committed offset for partition springCloudBus-0
2026-08-29T22:56:13.388+05:30  INFO 38280 --- [bmp-notification-service] [pool-3-thread-1] o.a.k.c.c.internals.ConsumerCoordinator  : [Consumer clientId=consumer-anonymous.71319fe6-9081-4354-a696-fc4667b331dc-4, groupId=anonymous.71319fe6-9081-4354-a696-fc4667b331dc] Found no committed offset for partition springCloudBus-0
2026-08-29T22:57:13.407+05:30  INFO 38280 --- [bmp-notification-service] [pool-3-thread-1] o.a.k.c.c.internals.ConsumerCoordinator  : [Consumer clientId=consumer-anonymous.71319fe6-9081-4354-a696-fc4667b331dc-4, groupId=anonymous.71319fe6-9081-4354-a696-fc4667b331dc] Found no committed offset for partition springCloudBus-0
2026-08-29T22:58:13.426+05:30  INFO 38280 --- [bmp-notification-service] [pool-3-thread-1] o.a.k.c.c.internals.ConsumerCoordinator  : [Consumer clientId=consumer-anonymous.71319fe6-9081-4354-a696-fc4667b331dc-4, groupId=anonymous.71319fe6-9081-4354-a696-fc4667b331dc] Found no committed offset for partition springCloudBus-0
2026-08-29T22:58:40.263+05:30  INFO 38280 --- [bmp-notification-service] [rap-executor-%d] c.n.d.s.r.aws.ConfigClusterResolver      : Resolving eureka endpoints via configuration
2026-08-29T22:59:13.441+05:30  INFO 38280 --- [bmp-notification-service] [pool-3-thread-1] o.a.k.c.c.internals.ConsumerCoordinator  : [Consumer clientId=consumer-anonymous.71319fe6-9081-4354-a696-fc4667b331dc-4, groupId=anonymous.71319fe6-9081-4354-a696-fc4667b331dc] Found no committed offset for partition springCloudBus-0
2026-08-29T23:00:13.467+05:30  INFO 38280 --- [bmp-notification-service] [pool-3-thread-1] o.a.k.c.c.internals.ConsumerCoordinator  : [Consumer clientId=consumer-anonymous.71319fe6-9081-4354-a696-fc4667b331dc-4, groupId=anonymous.71319fe6-9081-4354-a696-fc4667b331dc] Found no committed offset for partition springCloudBus-0
2026-08-29T23:01:13.499+05:30  INFO 38280 --- [bmp-notification-service] [pool-3-thread-1] o.a.k.c.c.internals.ConsumerCoordinator  : [Consumer clientId=consumer-anonymous.71319fe6-9081-4354-a696-fc4667b331dc-4, groupId=anonymous.71319fe6-9081-4354-a696-fc4667b331dc] Found no committed offset for partition springCloudBus-0
2026-08-29T23:02:13.516+05:30  INFO 38280 --- [bmp-notification-service] [pool-3-thread-1] o.a.k.c.c.internals.ConsumerCoordinator  : [Consumer clientId=consumer-anonymous.71319fe6-9081-4354-a696-fc4667b331dc-4, groupId=anonymous.71319fe6-9081-4354-a696-fc4667b331dc] Found no committed offset for partition springCloudBus-0
2026-08-29T23:03:13.532+05:30  INFO 38280 --- [bmp-notification-service] [pool-3-thread-1] o.a.k.c.c.internals.ConsumerCoordinator  : [Consumer clientId=consumer-anonymous.71319fe6-9081-4354-a696-fc4667b331dc-4, groupId=anonymous.71319fe6-9081-4354-a696-fc4667b331dc] Found no committed offset for partition springCloudBus-0
2026-08-29T23:03:40.278+05:30  INFO 38280 --- [bmp-notification-service] [rap-executor-%d] c.n.d.s.r.aws.ConfigClusterResolver      : Resolving eureka endpoints via configuration
2026-08-29T23:04:13.553+05:30  INFO 38280 --- [bmp-notification-service] [pool-3-thread-1] o.a.k.c.c.internals.ConsumerCoordinator  : [Consumer clientId=consumer-anonymous.71319fe6-9081-4354-a696-fc4667b331dc-4, groupId=anonymous.71319fe6-9081-4354-a696-fc4667b331dc] Found no committed offset for partition springCloudBus-0
2026-08-29T23:05:13.567+05:30  INFO 38280 --- [bmp-notification-service] [pool-3-thread-1] o.a.k.c.c.internals.ConsumerCoordinator  : [Consumer clientId=consumer-anonymous.71319fe6-9081-4354-a696-fc4667b331dc-4, groupId=anonymous.71319fe6-9081-4354-a696-fc4667b331dc] Found no committed offset for partition springCloudBus-0
2026-08-29T23:06:13.594+05:30  INFO 38280 --- [bmp-notification-service] [pool-3-thread-1] o.a.k.c.c.internals.ConsumerCoordinator  : [Consumer clientId=consumer-anonymous.71319fe6-9081-4354-a696-fc4667b331dc-4, groupId=anonymous.71319fe6-9081-4354-a696-fc4667b331dc] Found no committed offset for partition springCloudBus-0
2026-08-29T23:07:13.615+05:30  INFO 38280 --- [bmp-notification-service] [pool-3-thread-1] o.a.k.c.c.internals.ConsumerCoordinator  : [Consumer clientId=consumer-anonymous.71319fe6-9081-4354-a696-fc4667b331dc-4, groupId=anonymous.71319fe6-9081-4354-a696-fc4667b331dc] Found no committed offset for partition springCloudBus-0
2026-08-29T23:08:13.632+05:30  INFO 38280 --- [bmp-notification-service] [pool-3-thread-1] o.a.k.c.c.internals.ConsumerCoordinator  : [Consumer clientId=consumer-anonymous.71319fe6-9081-4354-a696-fc4667b331dc-4, groupId=anonymous.71319fe6-9081-4354-a696-fc4667b331dc] Found no committed offset for partition springCloudBus-0
2026-08-29T23:08:40.292+05:30  INFO 38280 --- [bmp-notification-service] [rap-executor-%d] c.n.d.s.r.aws.ConfigClusterResolver      : Resolving eureka endpoints via configuration
2026-08-29T23:09:13.644+05:30  INFO 38280 --- [bmp-notification-service] [pool-3-thread-1] o.a.k.c.c.internals.ConsumerCoordinator  : [Consumer clientId=consumer-anonymous.71319fe6-9081-4354-a696-fc4667b331dc-4, groupId=anonymous.71319fe6-9081-4354-a696-fc4667b331dc] Found no committed offset for partition springCloudBus-0
2026-08-29T23:10:13.659+05:30  INFO 38280 --- [bmp-notification-service] [pool-3-thread-1] o.a.k.c.c.internals.ConsumerCoordinator  : [Consumer clientId=consumer-anonymous.71319fe6-9081-4354-a696-fc4667b331dc-4, groupId=anonymous.71319fe6-9081-4354-a696-fc4667b331dc] Found no committed offset for partition springCloudBus-0
2026-08-29T23:11:13.679+05:30  INFO 38280 --- [bmp-notification-service] [pool-3-thread-1] o.a.k.c.c.internals.ConsumerCoordinator  : [Consumer clientId=consumer-anonymous.71319fe6-9081-4354-a696-fc4667b331dc-4, groupId=anonymous.71319fe6-9081-4354-a696-fc4667b331dc] Found no committed offset for partition springCloudBus-0
2026-08-29T23:12:13.687+05:30  INFO 38280 --- [bmp-notification-service] [pool-3-thread-1] o.a.k.c.c.internals.ConsumerCoordinator  : [Consumer clientId=consumer-anonymous.71319fe6-9081-4354-a696-fc4667b331dc-4, groupId=anonymous.71319fe6-9081-4354-a696-fc4667b331dc] Found no committed offset for partition springCloudBus-0
2026-08-29T23:13:13.712+05:30  INFO 38280 --- [bmp-notification-service] [pool-3-thread-1] o.a.k.c.c.internals.ConsumerCoordinator  : [Consumer clientId=consumer-anonymous.71319fe6-9081-4354-a696-fc4667b331dc-4, groupId=anonymous.71319fe6-9081-4354-a696-fc4667b331dc] Found no committed offset for partition springCloudBus-0
2026-08-29T23:13:40.299+05:30  INFO 38280 --- [bmp-notification-service] [rap-executor-%d] c.n.d.s.r.aws.ConfigClusterResolver      : Resolving eureka endpoints via configuration
2026-08-29T23:14:13.730+05:30  INFO 38280 --- [bmp-notification-service] [pool-3-thread-1] o.a.k.c.c.internals.ConsumerCoordinator  : [Consumer clientId=consumer-anonymous.71319fe6-9081-4354-a696-fc4667b331dc-4, groupId=anonymous.71319fe6-9081-4354-a696-fc4667b331dc] Found no committed offset for partition springCloudBus-0
2026-08-29T23:15:13.749+05:30  INFO 38280 --- [bmp-notification-service] [pool-3-thread-1] o.a.k.c.c.internals.ConsumerCoordinator  : [Consumer clientId=consumer-anonymous.71319fe6-9081-4354-a696-fc4667b331dc-4, groupId=anonymous.71319fe6-9081-4354-a696-fc4667b331dc] Found no committed offset for partition springCloudBus-0
2026-08-29T23:16:13.767+05:30  INFO 38280 --- [bmp-notification-service] [pool-3-thread-1] o.a.k.c.c.internals.ConsumerCoordinator  : [Consumer clientId=consumer-anonymous.71319fe6-9081-4354-a696-fc4667b331dc-4, groupId=anonymous.71319fe6-9081-4354-a696-fc4667b331dc] Found no committed offset for partition springCloudBus-0
2026-08-29T23:17:13.794+05:30  INFO 38280 --- [bmp-notification-service] [pool-3-thread-1] o.a.k.c.c.internals.ConsumerCoordinator  : [Consumer clientId=consumer-anonymous.71319fe6-9081-4354-a696-fc4667b331dc-4, groupId=anonymous.71319fe6-9081-4354-a696-fc4667b331dc] Found no committed offset for partition springCloudBus-0
2026-08-29T23:18:13.813+05:30  INFO 38280 --- [bmp-notification-service] [pool-3-thread-1] o.a.k.c.c.internals.ConsumerCoordinator  : [Consumer clientId=consumer-anonymous.71319fe6-9081-4354-a696-fc4667b331dc-4, groupId=anonymous.71319fe6-9081-4354-a696-fc4667b331dc] Found no committed offset for partition springCloudBus-0
2026-08-29T23:18:40.307+05:30  INFO 38280 --- [bmp-notification-service] [rap-executor-%d] c.n.d.s.r.aws.ConfigClusterResolver      : Resolving eureka endpoints via configuration
2026-08-29T23:19:13.834+05:30  INFO 38280 --- [bmp-notification-service] [pool-3-thread-1] o.a.k.c.c.internals.ConsumerCoordinator  : [Consumer clientId=consumer-anonymous.71319fe6-9081-4354-a696-fc4667b331dc-4, groupId=anonymous.71319fe6-9081-4354-a696-fc4667b331dc] Found no committed offset for partition springCloudBus-0
2026-08-29T23:20:13.873+05:30  INFO 38280 --- [bmp-notification-service] [pool-3-thread-1] o.a.k.c.c.internals.ConsumerCoordinator  : [Consumer clientId=consumer-anonymous.71319fe6-9081-4354-a696-fc4667b331dc-4, groupId=anonymous.71319fe6-9081-4354-a696-fc4667b331dc] Found no committed offset for partition springCloudBus-0
2026-08-29T23:21:13.919+05:30  INFO 38280 --- [bmp-notification-service] [pool-3-thread-1] o.a.k.c.c.internals.ConsumerCoordinator  : [Consumer clientId=consumer-anonymous.71319fe6-9081-4354-a696-fc4667b331dc-4, groupId=anonymous.71319fe6-9081-4354-a696-fc4667b331dc] Found no committed offset for partition springCloudBus-0
2026-08-29T23:22:13.944+05:30  INFO 38280 --- [bmp-notification-service] [pool-3-thread-1] o.a.k.c.c.internals.ConsumerCoordinator  : [Consumer clientId=consumer-anonymous.71319fe6-9081-4354-a696-fc4667b331dc-4, groupId=anonymous.71319fe6-9081-4354-a696-fc4667b331dc] Found no committed offset for partition springCloudBus-0
2026-08-29T23:23:13.965+05:30  INFO 38280 --- [bmp-notification-service] [pool-3-thread-1] o.a.k.c.c.internals.ConsumerCoordinator  : [Consumer clientId=consumer-anonymous.71319fe6-9081-4354-a696-fc4667b331dc-4, groupId=anonymous.71319fe6-9081-4354-a696-fc4667b331dc] Found no committed offset for partition springCloudBus-0
2026-08-29T23:23:40.313+05:30  INFO 38280 --- [bmp-notification-service] [rap-executor-%d] c.n.d.s.r.aws.ConfigClusterResolver      : Resolving eureka endpoints via configuration
2026-08-29T23:24:13.986+05:30  INFO 38280 --- [bmp-notification-service] [pool-3-thread-1] o.a.k.c.c.internals.ConsumerCoordinator  : [Consumer clientId=consumer-anonymous.71319fe6-9081-4354-a696-fc4667b331dc-4, groupId=anonymous.71319fe6-9081-4354-a696-fc4667b331dc] Found no committed offset for partition springCloudBus-0
2026-08-29T23:25:14.005+05:30  INFO 38280 --- [bmp-notification-service] [pool-3-thread-1] o.a.k.c.c.internals.ConsumerCoordinator  : [Consumer clientId=consumer-anonymous.71319fe6-9081-4354-a696-fc4667b331dc-4, groupId=anonymous.71319fe6-9081-4354-a696-fc4667b331dc] Found no committed offset for partition springCloudBus-0
2026-08-29T23:26:14.025+05:30  INFO 38280 --- [bmp-notification-service] [pool-3-thread-1] o.a.k.c.c.internals.ConsumerCoordinator  : [Consumer clientId=consumer-anonymous.71319fe6-9081-4354-a696-fc4667b331dc-4, groupId=anonymous.71319fe6-9081-4354-a696-fc4667b331dc] Found no committed offset for partition springCloudBus-0
2026-08-29T23:27:14.047+05:30  INFO 38280 --- [bmp-notification-service] [pool-3-thread-1] o.a.k.c.c.internals.ConsumerCoordinator  : [Consumer clientId=consumer-anonymous.71319fe6-9081-4354-a696-fc4667b331dc-4, groupId=anonymous.71319fe6-9081-4354-a696-fc4667b331dc] Found no committed offset for partition springCloudBus-0
2026-08-29T23:28:14.068+05:30  INFO 38280 --- [bmp-notification-service] [pool-3-thread-1] o.a.k.c.c.internals.ConsumerCoordinator  : [Consumer clientId=consumer-anonymous.71319fe6-9081-4354-a696-fc4667b331dc-4, groupId=anonymous.71319fe6-9081-4354-a696-fc4667b331dc] Found no committed offset for partition springCloudBus-0
2026-08-29T23:28:40.314+05:30  INFO 38280 --- [bmp-notification-service] [rap-executor-%d] c.n.d.s.r.aws.ConfigClusterResolver      : Resolving eureka endpoints via configuration
2026-08-29T23:29:14.080+05:30  INFO 38280 --- [bmp-notification-service] [pool-3-thread-1] o.a.k.c.c.internals.ConsumerCoordinator  : [Consumer clientId=consumer-anonymous.71319fe6-9081-4354-a696-fc4667b331dc-4, groupId=anonymous.71319fe6-9081-4354-a696-fc4667b331dc] Found no committed offset for partition springCloudBus-0
2026-08-29T23:30:14.102+05:30  INFO 38280 --- [bmp-notification-service] [pool-3-thread-1] o.a.k.c.c.internals.ConsumerCoordinator  : [Consumer clientId=consumer-anonymous.71319fe6-9081-4354-a696-fc4667b331dc-4, groupId=anonymous.71319fe6-9081-4354-a696-fc4667b331dc] Found no committed offset for partition springCloudBus-0
2026-08-29T23:31:14.129+05:30  INFO 38280 --- [bmp-notification-service] [pool-3-thread-1] o.a.k.c.c.internals.ConsumerCoordinator  : [Consumer clientId=consumer-anonymous.71319fe6-9081-4354-a696-fc4667b331dc-4, groupId=anonymous.71319fe6-9081-4354-a696-fc4667b331dc] Found no committed offset for partition springCloudBus-0
2026-08-29T23:32:14.140+05:30  INFO 38280 --- [bmp-notification-service] [pool-3-thread-1] o.a.k.c.c.internals.ConsumerCoordinator  : [Consumer clientId=consumer-anonymous.71319fe6-9081-4354-a696-fc4667b331dc-4, groupId=anonymous.71319fe6-9081-4354-a696-fc4667b331dc] Found no committed offset for partition springCloudBus-0
2026-08-29T23:33:14.166+05:30  INFO 38280 --- [bmp-notification-service] [pool-3-thread-1] o.a.k.c.c.internals.ConsumerCoordinator  : [Consumer clientId=consumer-anonymous.71319fe6-9081-4354-a696-fc4667b331dc-4, groupId=anonymous.71319fe6-9081-4354-a696-fc4667b331dc] Found no committed offset for partition springCloudBus-0
2026-08-29T23:33:40.320+05:30  INFO 38280 --- [bmp-notification-service] [rap-executor-%d] c.n.d.s.r.aws.ConfigClusterResolver      : Resolving eureka endpoints via configuration
2026-08-29T23:34:14.181+05:30  INFO 38280 --- [bmp-notification-service] [pool-3-thread-1] o.a.k.c.c.internals.ConsumerCoordinator  : [Consumer clientId=consumer-anonymous.71319fe6-9081-4354-a696-fc4667b331dc-4, groupId=anonymous.71319fe6-9081-4354-a696-fc4667b331dc] Found no committed offset for partition springCloudBus-0
2026-08-29T23:35:14.191+05:30  INFO 38280 --- [bmp-notification-service] [pool-3-thread-1] o.a.k.c.c.internals.ConsumerCoordinator  : [Consumer clientId=consumer-anonymous.71319fe6-9081-4354-a696-fc4667b331dc-4, groupId=anonymous.71319fe6-9081-4354-a696-fc4667b331dc] Found no committed offset for partition springCloudBus-0
2026-08-29T23:36:14.204+05:30  INFO 38280 --- [bmp-notification-service] [pool-3-thread-1] o.a.k.c.c.internals.ConsumerCoordinator  : [Consumer clientId=consumer-anonymous.71319fe6-9081-4354-a696-fc4667b331dc-4, groupId=anonymous.71319fe6-9081-4354-a696-fc4667b331dc] Found no committed offset for partition springCloudBus-0
2026-08-29T23:37:14.222+05:30  INFO 38280 --- [bmp-notification-service] [pool-3-thread-1] o.a.k.c.c.internals.ConsumerCoordinator  : [Consumer clientId=consumer-anonymous.71319fe6-9081-4354-a696-fc4667b331dc-4, groupId=anonymous.71319fe6-9081-4354-a696-fc4667b331dc] Found no committed offset for partition springCloudBus-0
2026-08-29T23:38:14.250+05:30  INFO 38280 --- [bmp-notification-service] [pool-3-thread-1] o.a.k.c.c.internals.ConsumerCoordinator  : [Consumer clientId=consumer-anonymous.71319fe6-9081-4354-a696-fc4667b331dc-4, groupId=anonymous.71319fe6-9081-4354-a696-fc4667b331dc] Found no committed offset for partition springCloudBus-0
2026-08-29T23:38:40.322+05:30  INFO 38280 --- [bmp-notification-service] [rap-executor-%d] c.n.d.s.r.aws.ConfigClusterResolver      : Resolving eureka endpoints via configuration
2026-08-29T23:39:14.271+05:30  INFO 38280 --- [bmp-notification-service] [pool-3-thread-1] o.a.k.c.c.internals.ConsumerCoordinator  : [Consumer clientId=consumer-anonymous.71319fe6-9081-4354-a696-fc4667b331dc-4, groupId=anonymous.71319fe6-9081-4354-a696-fc4667b331dc] Found no committed offset for partition springCloudBus-0
2026-08-29T23:40:14.287+05:30  INFO 38280 --- [bmp-notification-service] [pool-3-thread-1] o.a.k.c.c.internals.ConsumerCoordinator  : [Consumer clientId=consumer-anonymous.71319fe6-9081-4354-a696-fc4667b331dc-4, groupId=anonymous.71319fe6-9081-4354-a696-fc4667b331dc] Found no committed offset for partition springCloudBus-0
2026-08-29T23:41:14.317+05:30  INFO 38280 --- [bmp-notification-service] [pool-3-thread-1] o.a.k.c.c.internals.ConsumerCoordinator  : [Consumer clientId=consumer-anonymous.71319fe6-9081-4354-a696-fc4667b331dc-4, groupId=anonymous.71319fe6-9081-4354-a696-fc4667b331dc] Found no committed offset for partition springCloudBus-0
2026-08-29T23:42:14.333+05:30  INFO 38280 --- [bmp-notification-service] [pool-3-thread-1] o.a.k.c.c.internals.ConsumerCoordinator  : [Consumer clientId=consumer-anonymous.71319fe6-9081-4354-a696-fc4667b331dc-4, groupId=anonymous.71319fe6-9081-4354-a696-fc4667b331dc] Found no committed offset for partition springCloudBus-0
2026-08-29T23:43:14.354+05:30  INFO 38280 --- [bmp-notification-service] [pool-3-thread-1] o.a.k.c.c.internals.ConsumerCoordinator  : [Consumer clientId=consumer-anonymous.71319fe6-9081-4354-a696-fc4667b331dc-4, groupId=anonymous.71319fe6-9081-4354-a696-fc4667b331dc] Found no committed offset for partition springCloudBus-0
2026-08-29T23:43:40.328+05:30  INFO 38280 --- [bmp-notification-service] [rap-executor-%d] c.n.d.s.r.aws.ConfigClusterResolver      : Resolving eureka endpoints via configuration
2026-08-29T23:44:14.378+05:30  INFO 38280 --- [bmp-notification-service] [pool-3-thread-1] o.a.k.c.c.internals.ConsumerCoordinator  : [Consumer clientId=consumer-anonymous.71319fe6-9081-4354-a696-fc4667b331dc-4, groupId=anonymous.71319fe6-9081-4354-a696-fc4667b331dc] Found no committed offset for partition springCloudBus-0
2026-08-29T23:45:14.388+05:30  INFO 38280 --- [bmp-notification-service] [pool-3-thread-1] o.a.k.c.c.internals.ConsumerCoordinator  : [Consumer clientId=consumer-anonymous.71319fe6-9081-4354-a696-fc4667b331dc-4, groupId=anonymous.71319fe6-9081-4354-a696-fc4667b331dc] Found no committed offset for partition springCloudBus-0
2026-08-29T23:46:14.410+05:30  INFO 38280 --- [bmp-notification-service] [pool-3-thread-1] o.a.k.c.c.internals.ConsumerCoordinator  : [Consumer clientId=consumer-anonymous.71319fe6-9081-4354-a696-fc4667b331dc-4, groupId=anonymous.71319fe6-9081-4354-a696-fc4667b331dc] Found no committed offset for partition springCloudBus-0
2026-08-29T23:47:14.432+05:30  INFO 38280 --- [bmp-notification-service] [pool-3-thread-1] o.a.k.c.c.internals.ConsumerCoordinator  : [Consumer clientId=consumer-anonymous.71319fe6-9081-4354-a696-fc4667b331dc-4, groupId=anonymous.71319fe6-9081-4354-a696-fc4667b331dc] Found no committed offset for partition springCloudBus-0
2026-08-29T23:48:14.446+05:30  INFO 38280 --- [bmp-notification-service] [pool-3-thread-1] o.a.k.c.c.internals.ConsumerCoordinator  : [Consumer clientId=consumer-anonymous.71319fe6-9081-4354-a696-fc4667b331dc-4, groupId=anonymous.71319fe6-9081-4354-a696-fc4667b331dc] Found no committed offset for partition springCloudBus-0
2026-08-29T23:48:40.344+05:30  INFO 38280 --- [bmp-notification-service] [rap-executor-%d] c.n.d.s.r.aws.ConfigClusterResolver      : Resolving eureka endpoints via configuration
2026-08-29T23:49:14.458+05:30  INFO 38280 --- [bmp-notification-service] [pool-3-thread-1] o.a.k.c.c.internals.ConsumerCoordinator  : [Consumer clientId=consumer-anonymous.71319fe6-9081-4354-a696-fc4667b331dc-4, groupId=anonymous.71319fe6-9081-4354-a696-fc4667b331dc] Found no committed offset for partition springCloudBus-0
2026-08-29T23:50:14.511+05:30  INFO 38280 --- [bmp-notification-service] [pool-3-thread-1] o.a.k.c.c.internals.ConsumerCoordinator  : [Consumer clientId=consumer-anonymous.71319fe6-9081-4354-a696-fc4667b331dc-4, groupId=anonymous.71319fe6-9081-4354-a696-fc4667b331dc] Found no committed offset for partition springCloudBus-0
2026-08-30T00:04:37.712+05:30  INFO 38280 --- [bmp-notification-service] [ication-service] org.apache.kafka.clients.NetworkClient   : [Consumer clientId=consumer-bmp-notification-service-3, groupId=bmp-notification-service] Node 1 disconnected.
2026-08-30T00:04:37.714+05:30  INFO 38280 --- [bmp-notification-service] [ication-service] org.apache.kafka.clients.NetworkClient   : [Consumer clientId=consumer-bmp-notification-service-3, groupId=bmp-notification-service] Cancelled in-flight FETCH request with correlation id 83205 due to node 1 being disconnected (elapsed time since creation: 826870ms, elapsed time since send: 826870ms, throttle time: 0ms, request timeout: 30000ms)
2026-08-30T00:04:37.714+05:30  INFO 38280 --- [bmp-notification-service] [ication-service] org.apache.kafka.clients.NetworkClient   : [Consumer clientId=consumer-bmp-notification-service-3, groupId=bmp-notification-service] Cancelled in-flight METADATA request with correlation id 83207 due to node 1 being disconnected (elapsed time since creation: 1103ms, elapsed time since send: 1103ms, throttle time: 0ms, request timeout: 30000ms)
2026-08-30T00:04:37.715+05:30  INFO 38280 --- [bmp-notification-service] [ication-service] org.apache.kafka.clients.NetworkClient   : [Consumer clientId=consumer-bmp-notification-service-3, groupId=bmp-notification-service] Disconnecting from node 2147483646 due to request timeout.
2026-08-30T00:04:37.715+05:30  INFO 38280 --- [bmp-notification-service] [ication-service] org.apache.kafka.clients.NetworkClient   : [Consumer clientId=consumer-bmp-notification-service-3, groupId=bmp-notification-service] Cancelled in-flight HEARTBEAT request with correlation id 83206 due to node 2147483646 being disconnected (elapsed time since creation: 825202ms, elapsed time since send: 825202ms, throttle time: 0ms, request timeout: 30000ms)
2026-08-30T00:04:37.716+05:30  INFO 38280 --- [bmp-notification-service] [ication-service] o.a.kafka.clients.FetchSessionHandler    : [Consumer clientId=consumer-bmp-notification-service-3, groupId=bmp-notification-service] Error sending fetch request (sessionId=1288025046, epoch=17480) to node 1:

org.apache.kafka.common.errors.DisconnectException: null

2026-08-30T00:04:37.723+05:30  INFO 38280 --- [bmp-notification-service] [ication-service] o.a.k.c.c.internals.ConsumerCoordinator  : [Consumer clientId=consumer-bmp-notification-service-3, groupId=bmp-notification-service] Group coordinator localhost:9092 (id: 2147483646 rack: null) is unavailable or invalid due to cause: null. isDisconnected: true. Rediscovery will be attempted.
2026-08-30T00:04:37.756+05:30  INFO 38280 --- [bmp-notification-service] [96-fc4667b331dc] org.apache.kafka.clients.NetworkClient   : [Consumer clientId=consumer-anonymous.71319fe6-9081-4354-a696-fc4667b331dc-2, groupId=anonymous.71319fe6-9081-4354-a696-fc4667b331dc] Node 1 disconnected.
2026-08-30T00:04:37.767+05:30  INFO 38280 --- [bmp-notification-service] [96-fc4667b331dc] org.apache.kafka.clients.NetworkClient   : [Consumer clientId=consumer-anonymous.71319fe6-9081-4354-a696-fc4667b331dc-2, groupId=anonymous.71319fe6-9081-4354-a696-fc4667b331dc] Cancelled in-flight FETCH request with correlation id 83236 due to node 1 being disconnected (elapsed time since creation: 827246ms, elapsed time since send: 827246ms, throttle time: 0ms, request timeout: 30000ms)
2026-08-30T00:04:37.780+05:30  INFO 38280 --- [bmp-notification-service] [96-fc4667b331dc] org.apache.kafka.clients.NetworkClient   : [Consumer clientId=consumer-anonymous.71319fe6-9081-4354-a696-fc4667b331dc-2, groupId=anonymous.71319fe6-9081-4354-a696-fc4667b331dc] Cancelled in-flight METADATA request with correlation id 83238 due to node 1 being disconnected (elapsed time since creation: 1225ms, elapsed time since send: 1225ms, throttle time: 0ms, request timeout: 30000ms)
2026-08-30T00:04:37.780+05:30  INFO 38280 --- [bmp-notification-service] [96-fc4667b331dc] org.apache.kafka.clients.NetworkClient   : [Consumer clientId=consumer-anonymous.71319fe6-9081-4354-a696-fc4667b331dc-2, groupId=anonymous.71319fe6-9081-4354-a696-fc4667b331dc] Disconnecting from node 2147483646 due to request timeout.
2026-08-30T00:04:37.780+05:30  INFO 38280 --- [bmp-notification-service] [96-fc4667b331dc] org.apache.kafka.clients.NetworkClient   : [Consumer clientId=consumer-anonymous.71319fe6-9081-4354-a696-fc4667b331dc-2, groupId=anonymous.71319fe6-9081-4354-a696-fc4667b331dc] Cancelled in-flight HEARTBEAT request with correlation id 83237 due to node 2147483646 being disconnected (elapsed time since creation: 825545ms, elapsed time since send: 825545ms, throttle time: 0ms, request timeout: 30000ms)
2026-08-30T00:04:37.780+05:30  INFO 38280 --- [bmp-notification-service] [96-fc4667b331dc] o.a.kafka.clients.FetchSessionHandler    : [Consumer clientId=consumer-anonymous.71319fe6-9081-4354-a696-fc4667b331dc-2, groupId=anonymous.71319fe6-9081-4354-a696-fc4667b331dc] Error sending fetch request (sessionId=941807208, epoch=17474) to node 1:

org.apache.kafka.common.errors.DisconnectException: null

2026-08-30T00:04:38.050+05:30  INFO 38280 --- [bmp-notification-service] [96-fc4667b331dc] o.a.k.c.c.internals.ConsumerCoordinator  : [Consumer clientId=consumer-anonymous.71319fe6-9081-4354-a696-fc4667b331dc-2, groupId=anonymous.71319fe6-9081-4354-a696-fc4667b331dc] Group coordinator localhost:9092 (id: 2147483646 rack: null) is unavailable or invalid due to cause: null. isDisconnected: true. Rediscovery will be attempted.
2026-08-30T00:04:39.909+05:30  INFO 38280 --- [bmp-notification-service] [ntainer#0-0-C-1] o.a.k.c.c.internals.ConsumerCoordinator  : [Consumer clientId=consumer-bmp-notification-service-3, groupId=bmp-notification-service] Discovered group coordinator localhost:9092 (id: 2147483646 rack: null)
2026-08-30T00:04:40.681+05:30  INFO 38280 --- [bmp-notification-service] [container-0-C-1] o.a.k.c.c.internals.ConsumerCoordinator  : [Consumer clientId=consumer-anonymous.71319fe6-9081-4354-a696-fc4667b331dc-2, groupId=anonymous.71319fe6-9081-4354-a696-fc4667b331dc] Discovered group coordinator localhost:9092 (id: 2147483646 rack: null)
2026-08-30T00:04:45.315+05:30  WARN 38280 --- [bmp-notification-service] [l-1 housekeeper] com.zaxxer.hikari.pool.HikariPool        : HikariPool-1 - Thread starvation or clock leap detected (housekeeper delta=14m13s734ms272µs600ns).
2026-08-30T00:04:57.015+05:30  INFO 38280 --- [bmp-notification-service] [pool-3-thread-1] org.apache.kafka.clients.NetworkClient   : [Consumer clientId=consumer-anonymous.71319fe6-9081-4354-a696-fc4667b331dc-4, groupId=anonymous.71319fe6-9081-4354-a696-fc4667b331dc] Node 2147483646 disconnected.
2026-08-30T00:04:57.021+05:30  INFO 38280 --- [bmp-notification-service] [pool-3-thread-1] o.a.k.c.c.internals.ConsumerCoordinator  : [Consumer clientId=consumer-anonymous.71319fe6-9081-4354-a696-fc4667b331dc-4, groupId=anonymous.71319fe6-9081-4354-a696-fc4667b331dc] Group coordinator localhost:9092 (id: 2147483646 rack: null) is unavailable or invalid due to cause: coordinator unavailable. isDisconnected: true. Rediscovery will be attempted.
2026-08-30T00:04:57.029+05:30  INFO 38280 --- [bmp-notification-service] [pool-3-thread-1] o.a.k.c.c.internals.ConsumerCoordinator  : [Consumer clientId=consumer-anonymous.71319fe6-9081-4354-a696-fc4667b331dc-4, groupId=anonymous.71319fe6-9081-4354-a696-fc4667b331dc] Discovered group coordinator localhost:9092 (id: 2147483646 rack: null)
2026-08-30T00:04:57.030+05:30  INFO 38280 --- [bmp-notification-service] [pool-3-thread-1] o.a.k.c.c.internals.ConsumerCoordinator  : [Consumer clientId=consumer-anonymous.71319fe6-9081-4354-a696-fc4667b331dc-4, groupId=anonymous.71319fe6-9081-4354-a696-fc4667b331dc] Group coordinator localhost:9092 (id: 2147483646 rack: null) is unavailable or invalid due to cause: coordinator unavailable. isDisconnected: false. Rediscovery will be attempted.
2026-08-30T00:04:57.030+05:30  INFO 38280 --- [bmp-notification-service] [pool-3-thread-1] o.a.k.c.c.internals.ConsumerCoordinator  : [Consumer clientId=consumer-anonymous.71319fe6-9081-4354-a696-fc4667b331dc-4, groupId=anonymous.71319fe6-9081-4354-a696-fc4667b331dc] Requesting disconnect from last known coordinator localhost:9092 (id: 2147483646 rack: null)
2026-08-30T00:04:57.137+05:30  INFO 38280 --- [bmp-notification-service] [pool-3-thread-1] o.a.k.c.c.internals.ConsumerCoordinator  : [Consumer clientId=consumer-anonymous.71319fe6-9081-4354-a696-fc4667b331dc-4, groupId=anonymous.71319fe6-9081-4354-a696-fc4667b331dc] Discovered group coordinator localhost:9092 (id: 2147483646 rack: null)
2026-08-30T00:04:57.150+05:30  INFO 38280 --- [bmp-notification-service] [pool-3-thread-1] o.a.k.c.c.internals.ConsumerCoordinator  : [Consumer clientId=consumer-anonymous.71319fe6-9081-4354-a696-fc4667b331dc-4, groupId=anonymous.71319fe6-9081-4354-a696-fc4667b331dc] Found no committed offset for partition springCloudBus-0
2026-08-30T00:05:57.162+05:30  INFO 38280 --- [bmp-notification-service] [pool-3-thread-1] o.a.k.c.c.internals.ConsumerCoordinator  : [Consumer clientId=consumer-anonymous.71319fe6-9081-4354-a696-fc4667b331dc-4, groupId=anonymous.71319fe6-9081-4354-a696-fc4667b331dc] Found no committed offset for partition springCloudBus-0
2026-08-30T00:06:57.184+05:30  INFO 38280 --- [bmp-notification-service] [pool-3-thread-1] o.a.k.c.c.internals.ConsumerCoordinator  : [Consumer clientId=consumer-anonymous.71319fe6-9081-4354-a696-fc4667b331dc-4, groupId=anonymous.71319fe6-9081-4354-a696-fc4667b331dc] Found no committed offset for partition springCloudBus-0
2026-08-30T00:07:22.838+05:30  INFO 38280 --- [bmp-notification-service] [rap-executor-%d] c.n.d.s.r.aws.ConfigClusterResolver      : Resolving eureka endpoints via configuration
2026-08-30T00:07:57.218+05:30  INFO 38280 --- [bmp-notification-service] [pool-3-thread-1] o.a.k.c.c.internals.ConsumerCoordinator  : [Consumer clientId=consumer-anonymous.71319fe6-9081-4354-a696-fc4667b331dc-4, groupId=anonymous.71319fe6-9081-4354-a696-fc4667b331dc] Found no committed offset for partition springCloudBus-0
2026-08-30T00:08:57.242+05:30  INFO 38280 --- [bmp-notification-service] [pool-3-thread-1] o.a.k.c.c.internals.ConsumerCoordinator  : [Consumer clientId=consumer-anonymous.71319fe6-9081-4354-a696-fc4667b331dc-4, groupId=anonymous.71319fe6-9081-4354-a696-fc4667b331dc] Found no committed offset for partition springCloudBus-0
2026-08-30T00:09:57.258+05:30  INFO 38280 --- [bmp-notification-service] [pool-3-thread-1] o.a.k.c.c.internals.ConsumerCoordinator  : [Consumer clientId=consumer-anonymous.71319fe6-9081-4354-a696-fc4667b331dc-4, groupId=anonymous.71319fe6-9081-4354-a696-fc4667b331dc] Found no committed offset for partition springCloudBus-0
2026-08-30T00:10:57.272+05:30  INFO 38280 --- [bmp-notification-service] [pool-3-thread-1] o.a.k.c.c.internals.ConsumerCoordinator  : [Consumer clientId=consumer-anonymous.71319fe6-9081-4354-a696-fc4667b331dc-4, groupId=anonymous.71319fe6-9081-4354-a696-fc4667b331dc] Found no committed offset for partition springCloudBus-0
2026-08-30T00:11:57.288+05:30  INFO 38280 --- [bmp-notification-service] [pool-3-thread-1] o.a.k.c.c.internals.ConsumerCoordinator  : [Consumer clientId=consumer-anonymous.71319fe6-9081-4354-a696-fc4667b331dc-4, groupId=anonymous.71319fe6-9081-4354-a696-fc4667b331dc] Found no committed offset for partition springCloudBus-0
2026-08-30T00:12:22.848+05:30  INFO 38280 --- [bmp-notification-service] [rap-executor-%d] c.n.d.s.r.aws.ConfigClusterResolver      : Resolving eureka endpoints via configuration
2026-08-30T00:12:57.300+05:30  INFO 38280 --- [bmp-notification-service] [pool-3-thread-1] o.a.k.c.c.internals.ConsumerCoordinator  : [Consumer clientId=consumer-anonymous.71319fe6-9081-4354-a696-fc4667b331dc-4, groupId=anonymous.71319fe6-9081-4354-a696-fc4667b331dc] Found no committed offset for partition springCloudBus-0
2026-08-30T00:13:57.318+05:30  INFO 38280 --- [bmp-notification-service] [pool-3-thread-1] o.a.k.c.c.internals.ConsumerCoordinator  : [Consumer clientId=consumer-anonymous.71319fe6-9081-4354-a696-fc4667b331dc-4, groupId=anonymous.71319fe6-9081-4354-a696-fc4667b331dc] Found no committed offset for partition springCloudBus-0
2026-08-30T00:14:57.337+05:30  INFO 38280 --- [bmp-notification-service] [pool-3-thread-1] o.a.k.c.c.internals.ConsumerCoordinator  : [Consumer clientId=consumer-anonymous.71319fe6-9081-4354-a696-fc4667b331dc-4, groupId=anonymous.71319fe6-9081-4354-a696-fc4667b331dc] Found no committed offset for partition springCloudBus-0
2026-08-30T00:15:57.363+05:30  INFO 38280 --- [bmp-notification-service] [pool-3-thread-1] o.a.k.c.c.internals.ConsumerCoordinator  : [Consumer clientId=consumer-anonymous.71319fe6-9081-4354-a696-fc4667b331dc-4, groupId=anonymous.71319fe6-9081-4354-a696-fc4667b331dc] Found no committed offset for partition springCloudBus-0
2026-08-30T00:16:57.373+05:30  INFO 38280 --- [bmp-notification-service] [pool-3-thread-1] o.a.k.c.c.internals.ConsumerCoordinator  : [Consumer clientId=consumer-anonymous.71319fe6-9081-4354-a696-fc4667b331dc-4, groupId=anonymous.71319fe6-9081-4354-a696-fc4667b331dc] Found no committed offset for partition springCloudBus-0
2026-08-30T00:17:22.864+05:30  INFO 38280 --- [bmp-notification-service] [rap-executor-%d] c.n.d.s.r.aws.ConfigClusterResolver      : Resolving eureka endpoints via configuration
2026-08-30T00:17:57.392+05:30  INFO 38280 --- [bmp-notification-service] [pool-3-thread-1] o.a.k.c.c.internals.ConsumerCoordinator  : [Consumer clientId=consumer-anonymous.71319fe6-9081-4354-a696-fc4667b331dc-4, groupId=anonymous.71319fe6-9081-4354-a696-fc4667b331dc] Found no committed offset for partition springCloudBus-0
2026-08-30T00:18:57.425+05:30  INFO 38280 --- [bmp-notification-service] [pool-3-thread-1] o.a.k.c.c.internals.ConsumerCoordinator  : [Consumer clientId=consumer-anonymous.71319fe6-9081-4354-a696-fc4667b331dc-4, groupId=anonymous.71319fe6-9081-4354-a696-fc4667b331dc] Found no committed offset for partition springCloudBus-0
2026-08-30T00:19:57.442+05:30  INFO 38280 --- [bmp-notification-service] [pool-3-thread-1] o.a.k.c.c.internals.ConsumerCoordinator  : [Consumer clientId=consumer-anonymous.71319fe6-9081-4354-a696-fc4667b331dc-4, groupId=anonymous.71319fe6-9081-4354-a696-fc4667b331dc] Found no committed offset for partition springCloudBus-0
2026-08-30T00:20:57.454+05:30  INFO 38280 --- [bmp-notification-service] [pool-3-thread-1] o.a.k.c.c.internals.ConsumerCoordinator  : [Consumer clientId=consumer-anonymous.71319fe6-9081-4354-a696-fc4667b331dc-4, groupId=anonymous.71319fe6-9081-4354-a696-fc4667b331dc] Found no committed offset for partition springCloudBus-0
2026-08-30T00:21:57.465+05:30  INFO 38280 --- [bmp-notification-service] [pool-3-thread-1] o.a.k.c.c.internals.ConsumerCoordinator  : [Consumer clientId=consumer-anonymous.71319fe6-9081-4354-a696-fc4667b331dc-4, groupId=anonymous.71319fe6-9081-4354-a696-fc4667b331dc] Found no committed offset for partition springCloudBus-0
2026-08-30T00:22:40.537+05:30  WARN 38280 --- [bmp-notification-service] [l-1 housekeeper] com.zaxxer.hikari.pool.HikariPool        : HikariPool-1 - Thread starvation or clock leap detected (housekeeper delta=55s2ms820µs700ns).
2026-08-30T00:22:47.728+05:30  INFO 38280 --- [bmp-notification-service] [rap-executor-%d] c.n.d.s.r.aws.ConfigClusterResolver      : Resolving eureka endpoints via configuration
2026-08-30T00:23:22.332+05:30  INFO 38280 --- [bmp-notification-service] [pool-3-thread-1] o.a.k.c.c.internals.ConsumerCoordinator  : [Consumer clientId=consumer-anonymous.71319fe6-9081-4354-a696-fc4667b331dc-4, groupId=anonymous.71319fe6-9081-4354-a696-fc4667b331dc] Found no committed offset for partition springCloudBus-0
2026-08-30T00:24:22.347+05:30  INFO 38280 --- [bmp-notification-service] [pool-3-thread-1] o.a.k.c.c.internals.ConsumerCoordinator  : [Consumer clientId=consumer-anonymous.71319fe6-9081-4354-a696-fc4667b331dc-4, groupId=anonymous.71319fe6-9081-4354-a696-fc4667b331dc] Found no committed offset for partition springCloudBus-0
2026-08-30T00:25:22.362+05:30  INFO 38280 --- [bmp-notification-service] [pool-3-thread-1] o.a.k.c.c.internals.ConsumerCoordinator  : [Consumer clientId=consumer-anonymous.71319fe6-9081-4354-a696-fc4667b331dc-4, groupId=anonymous.71319fe6-9081-4354-a696-fc4667b331dc] Found no committed offset for partition springCloudBus-0
2026-08-30T00:26:22.382+05:30  INFO 38280 --- [bmp-notification-service] [pool-3-thread-1] o.a.k.c.c.internals.ConsumerCoordinator  : [Consumer clientId=consumer-anonymous.71319fe6-9081-4354-a696-fc4667b331dc-4, groupId=anonymous.71319fe6-9081-4354-a696-fc4667b331dc] Found no committed offset for partition springCloudBus-0
2026-08-30T00:27:22.399+05:30  INFO 38280 --- [bmp-notification-service] [pool-3-thread-1] o.a.k.c.c.internals.ConsumerCoordinator  : [Consumer clientId=consumer-anonymous.71319fe6-9081-4354-a696-fc4667b331dc-4, groupId=anonymous.71319fe6-9081-4354-a696-fc4667b331dc] Found no committed offset for partition springCloudBus-0
2026-08-30T00:27:47.736+05:30  INFO 38280 --- [bmp-notification-service] [rap-executor-%d] c.n.d.s.r.aws.ConfigClusterResolver      : Resolving eureka endpoints via configuration
2026-08-30T00:28:22.409+05:30  INFO 38280 --- [bmp-notification-service] [pool-3-thread-1] o.a.k.c.c.internals.ConsumerCoordinator  : [Consumer clientId=consumer-anonymous.71319fe6-9081-4354-a696-fc4667b331dc-4, groupId=anonymous.71319fe6-9081-4354-a696-fc4667b331dc] Found no committed offset for partition springCloudBus-0
2026-08-30T00:29:22.423+05:30  INFO 38280 --- [bmp-notification-service] [pool-3-thread-1] o.a.k.c.c.internals.ConsumerCoordinator  : [Consumer clientId=consumer-anonymous.71319fe6-9081-4354-a696-fc4667b331dc-4, groupId=anonymous.71319fe6-9081-4354-a696-fc4667b331dc] Found no committed offset for partition springCloudBus-0
2026-08-30T00:30:22.441+05:30  INFO 38280 --- [bmp-notification-service] [pool-3-thread-1] o.a.k.c.c.internals.ConsumerCoordinator  : [Consumer clientId=consumer-anonymous.71319fe6-9081-4354-a696-fc4667b331dc-4, groupId=anonymous.71319fe6-9081-4354-a696-fc4667b331dc] Found no committed offset for partition springCloudBus-0
2026-08-30T00:31:22.459+05:30  INFO 38280 --- [bmp-notification-service] [pool-3-thread-1] o.a.k.c.c.internals.ConsumerCoordinator  : [Consumer clientId=consumer-anonymous.71319fe6-9081-4354-a696-fc4667b331dc-4, groupId=anonymous.71319fe6-9081-4354-a696-fc4667b331dc] Found no committed offset for partition springCloudBus-0
2026-08-30T00:32:22.478+05:30  INFO 38280 --- [bmp-notification-service] [pool-3-thread-1] o.a.k.c.c.internals.ConsumerCoordinator  : [Consumer clientId=consumer-anonymous.71319fe6-9081-4354-a696-fc4667b331dc-4, groupId=anonymous.71319fe6-9081-4354-a696-fc4667b331dc] Found no committed offset for partition springCloudBus-0
2026-08-30T00:32:47.752+05:30  INFO 38280 --- [bmp-notification-service] [rap-executor-%d] c.n.d.s.r.aws.ConfigClusterResolver      : Resolving eureka endpoints via configuration
2026-08-30T00:33:22.523+05:30  INFO 38280 --- [bmp-notification-service] [pool-3-thread-1] o.a.k.c.c.internals.ConsumerCoordinator  : [Consumer clientId=consumer-anonymous.71319fe6-9081-4354-a696-fc4667b331dc-4, groupId=anonymous.71319fe6-9081-4354-a696-fc4667b331dc] Found no committed offset for partition springCloudBus-0
2026-08-30T00:34:22.538+05:30  INFO 38280 --- [bmp-notification-service] [pool-3-thread-1] o.a.k.c.c.internals.ConsumerCoordinator  : [Consumer clientId=consumer-anonymous.71319fe6-9081-4354-a696-fc4667b331dc-4, groupId=anonymous.71319fe6-9081-4354-a696-fc4667b331dc] Found no committed offset for partition springCloudBus-0
2026-08-30T00:35:22.554+05:30  INFO 38280 --- [bmp-notification-service] [pool-3-thread-1] o.a.k.c.c.internals.ConsumerCoordinator  : [Consumer clientId=consumer-anonymous.71319fe6-9081-4354-a696-fc4667b331dc-4, groupId=anonymous.71319fe6-9081-4354-a696-fc4667b331dc] Found no committed offset for partition springCloudBus-0
2026-08-30T00:36:22.570+05:30  INFO 38280 --- [bmp-notification-service] [pool-3-thread-1] o.a.k.c.c.internals.ConsumerCoordinator  : [Consumer clientId=consumer-anonymous.71319fe6-9081-4354-a696-fc4667b331dc-4, groupId=anonymous.71319fe6-9081-4354-a696-fc4667b331dc] Found no committed offset for partition springCloudBus-0
2026-08-30T00:37:22.586+05:30  INFO 38280 --- [bmp-notification-service] [pool-3-thread-1] o.a.k.c.c.internals.ConsumerCoordinator  : [Consumer clientId=consumer-anonymous.71319fe6-9081-4354-a696-fc4667b331dc-4, groupId=anonymous.71319fe6-9081-4354-a696-fc4667b331dc] Found no committed offset for partition springCloudBus-0
2026-08-30T00:37:47.769+05:30  INFO 38280 --- [bmp-notification-service] [rap-executor-%d] c.n.d.s.r.aws.ConfigClusterResolver      : Resolving eureka endpoints via configuration
2026-08-30T00:38:22.604+05:30  INFO 38280 --- [bmp-notification-service] [pool-3-thread-1] o.a.k.c.c.internals.ConsumerCoordinator  : [Consumer clientId=consumer-anonymous.71319fe6-9081-4354-a696-fc4667b331dc-4, groupId=anonymous.71319fe6-9081-4354-a696-fc4667b331dc] Found no committed offset for partition springCloudBus-0
2026-08-30T00:40:35.625+05:30  INFO 38280 --- [bmp-notification-service] [ntainer#0-0-C-1] org.apache.kafka.clients.NetworkClient   : [Consumer clientId=consumer-bmp-notification-service-3, groupId=bmp-notification-service] Disconnecting from node 1 due to request timeout.
2026-08-30T00:40:35.630+05:30  INFO 38280 --- [bmp-notification-service] [ntainer#0-0-C-1] org.apache.kafka.clients.NetworkClient   : [Consumer clientId=consumer-bmp-notification-service-3, groupId=bmp-notification-service] Cancelled in-flight FETCH request with correlation id 87844 due to node 1 being disconnected (elapsed time since creation: 126485ms, elapsed time since send: 126485ms, throttle time: 0ms, request timeout: 30000ms)
2026-08-30T00:40:35.631+05:30  INFO 38280 --- [bmp-notification-service] [ication-service] o.a.k.c.c.internals.ConsumerCoordinator  : [Consumer clientId=consumer-bmp-notification-service-3, groupId=bmp-notification-service] Group coordinator localhost:9092 (id: 2147483646 rack: null) is unavailable or invalid due to cause: session timed out without receiving a heartbeat response. isDisconnected: false. Rediscovery will be attempted.
2026-08-30T00:40:35.631+05:30  INFO 38280 --- [bmp-notification-service] [ication-service] o.a.k.c.c.internals.ConsumerCoordinator  : [Consumer clientId=consumer-bmp-notification-service-3, groupId=bmp-notification-service] Requesting disconnect from last known coordinator localhost:9092 (id: 2147483646 rack: null)
2026-08-30T00:40:35.632+05:30  INFO 38280 --- [bmp-notification-service] [ication-service] org.apache.kafka.clients.NetworkClient   : [Consumer clientId=consumer-bmp-notification-service-3, groupId=bmp-notification-service] Client requested disconnect from node 2147483646
2026-08-30T00:40:35.648+05:30  INFO 38280 --- [bmp-notification-service] [ntainer#0-0-C-1] o.a.kafka.clients.FetchSessionHandler    : [Consumer clientId=consumer-bmp-notification-service-3, groupId=bmp-notification-service] Error sending fetch request (sessionId=1155713967, epoch=3952) to node 1:

org.apache.kafka.common.errors.DisconnectException: null

2026-08-30T00:40:35.742+05:30  INFO 38280 --- [bmp-notification-service] [container-0-C-1] org.apache.kafka.clients.NetworkClient   : [Consumer clientId=consumer-anonymous.71319fe6-9081-4354-a696-fc4667b331dc-2, groupId=anonymous.71319fe6-9081-4354-a696-fc4667b331dc] Disconnecting from node 1 due to request timeout.
2026-08-30T00:40:35.742+05:30  INFO 38280 --- [bmp-notification-service] [container-0-C-1] org.apache.kafka.clients.NetworkClient   : [Consumer clientId=consumer-anonymous.71319fe6-9081-4354-a696-fc4667b331dc-2, groupId=anonymous.71319fe6-9081-4354-a696-fc4667b331dc] Cancelled in-flight FETCH request with correlation id 87876 due to node 1 being disconnected (elapsed time since creation: 127251ms, elapsed time since send: 127251ms, throttle time: 0ms, request timeout: 30000ms)
2026-08-30T00:40:35.742+05:30  INFO 38280 --- [bmp-notification-service] [container-0-C-1] org.apache.kafka.clients.NetworkClient   : [Consumer clientId=consumer-anonymous.71319fe6-9081-4354-a696-fc4667b331dc-2, groupId=anonymous.71319fe6-9081-4354-a696-fc4667b331dc] Disconnecting from node 2147483646 due to request timeout.
2026-08-30T00:40:35.743+05:30  INFO 38280 --- [bmp-notification-service] [container-0-C-1] org.apache.kafka.clients.NetworkClient   : [Consumer clientId=consumer-anonymous.71319fe6-9081-4354-a696-fc4667b331dc-2, groupId=anonymous.71319fe6-9081-4354-a696-fc4667b331dc] Cancelled in-flight HEARTBEAT request with correlation id 87877 due to node 2147483646 being disconnected (elapsed time since creation: 126761ms, elapsed time since send: 126761ms, throttle time: 0ms, request timeout: 30000ms)
2026-08-30T00:40:35.743+05:30  INFO 38280 --- [bmp-notification-service] [96-fc4667b331dc] o.a.k.c.c.internals.ConsumerCoordinator  : [Consumer clientId=consumer-anonymous.71319fe6-9081-4354-a696-fc4667b331dc-2, groupId=anonymous.71319fe6-9081-4354-a696-fc4667b331dc] Group coordinator localhost:9092 (id: 2147483646 rack: null) is unavailable or invalid due to cause: null. isDisconnected: true. Rediscovery will be attempted.
2026-08-30T00:40:35.743+05:30  INFO 38280 --- [bmp-notification-service] [container-0-C-1] o.a.kafka.clients.FetchSessionHandler    : [Consumer clientId=consumer-anonymous.71319fe6-9081-4354-a696-fc4667b331dc-2, groupId=anonymous.71319fe6-9081-4354-a696-fc4667b331dc] Error sending fetch request (sessionId=41060179, epoch=3953) to node 1:

org.apache.kafka.common.errors.DisconnectException: null

2026-08-30T00:40:36.665+05:30  INFO 38280 --- [bmp-notification-service] [ntainer#0-0-C-1] o.a.k.c.c.internals.ConsumerCoordinator  : [Consumer clientId=consumer-bmp-notification-service-3, groupId=bmp-notification-service] Discovered group coordinator localhost:9092 (id: 2147483646 rack: null)
2026-08-30T00:40:36.666+05:30  INFO 38280 --- [bmp-notification-service] [ntainer#0-0-C-1] o.a.k.c.c.internals.ConsumerCoordinator  : [Consumer clientId=consumer-bmp-notification-service-3, groupId=bmp-notification-service] Discovered group coordinator localhost:9092 (id: 2147483646 rack: null)
2026-08-30T00:40:36.677+05:30  INFO 38280 --- [bmp-notification-service] [container-0-C-1] o.a.k.c.c.internals.ConsumerCoordinator  : [Consumer clientId=consumer-anonymous.71319fe6-9081-4354-a696-fc4667b331dc-2, groupId=anonymous.71319fe6-9081-4354-a696-fc4667b331dc] Discovered group coordinator localhost:9092 (id: 2147483646 rack: null)
2026-08-30T00:40:44.561+05:30  WARN 38280 --- [bmp-notification-service] [l-1 housekeeper] com.zaxxer.hikari.pool.HikariPool        : HikariPool-1 - Thread starvation or clock leap detected (housekeeper delta=2m33s894ms126µs400ns).
2026-08-30T00:41:26.368+05:30  INFO 38280 --- [bmp-notification-service] [pool-3-thread-1] o.a.k.c.c.internals.ConsumerCoordinator  : [Consumer clientId=consumer-anonymous.71319fe6-9081-4354-a696-fc4667b331dc-4, groupId=anonymous.71319fe6-9081-4354-a696-fc4667b331dc] Found no committed offset for partition springCloudBus-0
2026-08-30T00:42:26.386+05:30  INFO 38280 --- [bmp-notification-service] [pool-3-thread-1] o.a.k.c.c.internals.ConsumerCoordinator  : [Consumer clientId=consumer-anonymous.71319fe6-9081-4354-a696-fc4667b331dc-4, groupId=anonymous.71319fe6-9081-4354-a696-fc4667b331dc] Found no committed offset for partition springCloudBus-0
2026-08-30T00:43:26.407+05:30  INFO 38280 --- [bmp-notification-service] [pool-3-thread-1] o.a.k.c.c.internals.ConsumerCoordinator  : [Consumer clientId=consumer-anonymous.71319fe6-9081-4354-a696-fc4667b331dc-4, groupId=anonymous.71319fe6-9081-4354-a696-fc4667b331dc] Found no committed offset for partition springCloudBus-0
2026-08-30T00:44:26.428+05:30  INFO 38280 --- [bmp-notification-service] [pool-3-thread-1] o.a.k.c.c.internals.ConsumerCoordinator  : [Consumer clientId=consumer-anonymous.71319fe6-9081-4354-a696-fc4667b331dc-4, groupId=anonymous.71319fe6-9081-4354-a696-fc4667b331dc] Found no committed offset for partition springCloudBus-0
2026-08-30T00:44:51.540+05:30  INFO 38280 --- [bmp-notification-service] [rap-executor-%d] c.n.d.s.r.aws.ConfigClusterResolver      : Resolving eureka endpoints via configuration
2026-08-30T00:45:26.458+05:30  INFO 38280 --- [bmp-notification-service] [pool-3-thread-1] o.a.k.c.c.internals.ConsumerCoordinator  : [Consumer clientId=consumer-anonymous.71319fe6-9081-4354-a696-fc4667b331dc-4, groupId=anonymous.71319fe6-9081-4354-a696-fc4667b331dc] Found no committed offset for partition springCloudBus-0
2026-08-30T00:46:26.488+05:30  INFO 38280 --- [bmp-notification-service] [pool-3-thread-1] o.a.k.c.c.internals.ConsumerCoordinator  : [Consumer clientId=consumer-anonymous.71319fe6-9081-4354-a696-fc4667b331dc-4, groupId=anonymous.71319fe6-9081-4354-a696-fc4667b331dc] Found no committed offset for partition springCloudBus-0
2026-08-30T00:47:26.512+05:30  INFO 38280 --- [bmp-notification-service] [pool-3-thread-1] o.a.k.c.c.internals.ConsumerCoordinator  : [Consumer clientId=consumer-anonymous.71319fe6-9081-4354-a696-fc4667b331dc-4, groupId=anonymous.71319fe6-9081-4354-a696-fc4667b331dc] Found no committed offset for partition springCloudBus-0
2026-08-30T00:48:26.531+05:30  INFO 38280 --- [bmp-notification-service] [pool-3-thread-1] o.a.k.c.c.internals.ConsumerCoordinator  : [Consumer clientId=consumer-anonymous.71319fe6-9081-4354-a696-fc4667b331dc-4, groupId=anonymous.71319fe6-9081-4354-a696-fc4667b331dc] Found no committed offset for partition springCloudBus-0
2026-08-30T00:49:26.568+05:30  INFO 38280 --- [bmp-notification-service] [pool-3-thread-1] o.a.k.c.c.internals.ConsumerCoordinator  : [Consumer clientId=consumer-anonymous.71319fe6-9081-4354-a696-fc4667b331dc-4, groupId=anonymous.71319fe6-9081-4354-a696-fc4667b331dc] Found no committed offset for partition springCloudBus-0
2026-08-30T00:49:51.555+05:30  INFO 38280 --- [bmp-notification-service] [rap-executor-%d] c.n.d.s.r.aws.ConfigClusterResolver      : Resolving eureka endpoints via configuration
2026-08-30T00:50:26.590+05:30  INFO 38280 --- [bmp-notification-service] [pool-3-thread-1] o.a.k.c.c.internals.ConsumerCoordinator  : [Consumer clientId=consumer-anonymous.71319fe6-9081-4354-a696-fc4667b331dc-4, groupId=anonymous.71319fe6-9081-4354-a696-fc4667b331dc] Found no committed offset for partition springCloudBus-0
2026-08-30T00:51:26.609+05:30  INFO 38280 --- [bmp-notification-service] [pool-3-thread-1] o.a.k.c.c.internals.ConsumerCoordinator  : [Consumer clientId=consumer-anonymous.71319fe6-9081-4354-a696-fc4667b331dc-4, groupId=anonymous.71319fe6-9081-4354-a696-fc4667b331dc] Found no committed offset for partition springCloudBus-0
2026-08-30T00:52:26.622+05:30  INFO 38280 --- [bmp-notification-service] [pool-3-thread-1] o.a.k.c.c.internals.ConsumerCoordinator  : [Consumer clientId=consumer-anonymous.71319fe6-9081-4354-a696-fc4667b331dc-4, groupId=anonymous.71319fe6-9081-4354-a696-fc4667b331dc] Found no committed offset for partition springCloudBus-0
2026-08-30T00:53:26.648+05:30  INFO 38280 --- [bmp-notification-service] [pool-3-thread-1] o.a.k.c.c.internals.ConsumerCoordinator  : [Consumer clientId=consumer-anonymous.71319fe6-9081-4354-a696-fc4667b331dc-4, groupId=anonymous.71319fe6-9081-4354-a696-fc4667b331dc] Found no committed offset for partition springCloudBus-0
2026-08-30T00:54:26.665+05:30  INFO 38280 --- [bmp-notification-service] [pool-3-thread-1] o.a.k.c.c.internals.ConsumerCoordinator  : [Consumer clientId=consumer-anonymous.71319fe6-9081-4354-a696-fc4667b331dc-4, groupId=anonymous.71319fe6-9081-4354-a696-fc4667b331dc] Found no committed offset for partition springCloudBus-0
2026-08-30T00:54:51.579+05:30  INFO 38280 --- [bmp-notification-service] [rap-executor-%d] c.n.d.s.r.aws.ConfigClusterResolver      : Resolving eureka endpoints via configuration
2026-08-30T00:55:26.706+05:30  INFO 38280 --- [bmp-notification-service] [pool-3-thread-1] o.a.k.c.c.internals.ConsumerCoordinator  : [Consumer clientId=consumer-anonymous.71319fe6-9081-4354-a696-fc4667b331dc-4, groupId=anonymous.71319fe6-9081-4354-a696-fc4667b331dc] Found no committed offset for partition springCloudBus-0
2026-08-30T00:56:26.725+05:30  INFO 38280 --- [bmp-notification-service] [pool-3-thread-1] o.a.k.c.c.internals.ConsumerCoordinator  : [Consumer clientId=consumer-anonymous.71319fe6-9081-4354-a696-fc4667b331dc-4, groupId=anonymous.71319fe6-9081-4354-a696-fc4667b331dc] Found no committed offset for partition springCloudBus-0
2026-08-30T00:57:26.741+05:30  INFO 38280 --- [bmp-notification-service] [pool-3-thread-1] o.a.k.c.c.internals.ConsumerCoordinator  : [Consumer clientId=consumer-anonymous.71319fe6-9081-4354-a696-fc4667b331dc-4, groupId=anonymous.71319fe6-9081-4354-a696-fc4667b331dc] Found no committed offset for partition springCloudBus-0
2026-08-30T00:58:26.809+05:30  INFO 38280 --- [bmp-notification-service] [pool-3-thread-1] o.a.k.c.c.internals.ConsumerCoordinator  : [Consumer clientId=consumer-anonymous.71319fe6-9081-4354-a696-fc4667b331dc-4, groupId=anonymous.71319fe6-9081-4354-a696-fc4667b331dc] Found no committed offset for partition springCloudBus-0
2026-08-30T00:59:26.851+05:30  INFO 38280 --- [bmp-notification-service] [pool-3-thread-1] o.a.k.c.c.internals.ConsumerCoordinator  : [Consumer clientId=consumer-anonymous.71319fe6-9081-4354-a696-fc4667b331dc-4, groupId=anonymous.71319fe6-9081-4354-a696-fc4667b331dc] Found no committed offset for partition springCloudBus-0
2026-08-30T00:59:51.589+05:30  INFO 38280 --- [bmp-notification-service] [rap-executor-%d] c.n.d.s.r.aws.ConfigClusterResolver      : Resolving eureka endpoints via configuration
2026-08-30T01:00:26.877+05:30  INFO 38280 --- [bmp-notification-service] [pool-3-thread-1] o.a.k.c.c.internals.ConsumerCoordinator  : [Consumer clientId=consumer-anonymous.71319fe6-9081-4354-a696-fc4667b331dc-4, groupId=anonymous.71319fe6-9081-4354-a696-fc4667b331dc] Found no committed offset for partition springCloudBus-0
2026-08-30T01:01:26.916+05:30  INFO 38280 --- [bmp-notification-service] [pool-3-thread-1] o.a.k.c.c.internals.ConsumerCoordinator  : [Consumer clientId=consumer-anonymous.71319fe6-9081-4354-a696-fc4667b331dc-4, groupId=anonymous.71319fe6-9081-4354-a696-fc4667b331dc] Found no committed offset for partition springCloudBus-0
2026-08-30T01:02:26.937+05:30  INFO 38280 --- [bmp-notification-service] [pool-3-thread-1] o.a.k.c.c.internals.ConsumerCoordinator  : [Consumer clientId=consumer-anonymous.71319fe6-9081-4354-a696-fc4667b331dc-4, groupId=anonymous.71319fe6-9081-4354-a696-fc4667b331dc] Found no committed offset for partition springCloudBus-0
2026-08-30T01:03:26.977+05:30  INFO 38280 --- [bmp-notification-service] [pool-3-thread-1] o.a.k.c.c.internals.ConsumerCoordinator  : [Consumer clientId=consumer-anonymous.71319fe6-9081-4354-a696-fc4667b331dc-4, groupId=anonymous.71319fe6-9081-4354-a696-fc4667b331dc] Found no committed offset for partition springCloudBus-0
2026-08-30T01:04:27.021+05:30  INFO 38280 --- [bmp-notification-service] [pool-3-thread-1] o.a.k.c.c.internals.ConsumerCoordinator  : [Consumer clientId=consumer-anonymous.71319fe6-9081-4354-a696-fc4667b331dc-4, groupId=anonymous.71319fe6-9081-4354-a696-fc4667b331dc] Found no committed offset for partition springCloudBus-0
2026-08-30T01:04:51.603+05:30  INFO 38280 --- [bmp-notification-service] [rap-executor-%d] c.n.d.s.r.aws.ConfigClusterResolver      : Resolving eureka endpoints via configuration
2026-08-30T01:05:27.055+05:30  INFO 38280 --- [bmp-notification-service] [pool-3-thread-1] o.a.k.c.c.internals.ConsumerCoordinator  : [Consumer clientId=consumer-anonymous.71319fe6-9081-4354-a696-fc4667b331dc-4, groupId=anonymous.71319fe6-9081-4354-a696-fc4667b331dc] Found no committed offset for partition springCloudBus-0
2026-08-30T01:06:27.102+05:30  INFO 38280 --- [bmp-notification-service] [pool-3-thread-1] o.a.k.c.c.internals.ConsumerCoordinator  : [Consumer clientId=consumer-anonymous.71319fe6-9081-4354-a696-fc4667b331dc-4, groupId=anonymous.71319fe6-9081-4354-a696-fc4667b331dc] Found no committed offset for partition springCloudBus-0
2026-08-30T01:07:27.144+05:30  INFO 38280 --- [bmp-notification-service] [pool-3-thread-1] o.a.k.c.c.internals.ConsumerCoordinator  : [Consumer clientId=consumer-anonymous.71319fe6-9081-4354-a696-fc4667b331dc-4, groupId=anonymous.71319fe6-9081-4354-a696-fc4667b331dc] Found no committed offset for partition springCloudBus-0
2026-08-30T01:08:27.165+05:30  INFO 38280 --- [bmp-notification-service] [pool-3-thread-1] o.a.k.c.c.internals.ConsumerCoordinator  : [Consumer clientId=consumer-anonymous.71319fe6-9081-4354-a696-fc4667b331dc-4, groupId=anonymous.71319fe6-9081-4354-a696-fc4667b331dc] Found no committed offset for partition springCloudBus-0
2026-08-30T01:09:27.188+05:30  INFO 38280 --- [bmp-notification-service] [pool-3-thread-1] o.a.k.c.c.internals.ConsumerCoordinator  : [Consumer clientId=consumer-anonymous.71319fe6-9081-4354-a696-fc4667b331dc-4, groupId=anonymous.71319fe6-9081-4354-a696-fc4667b331dc] Found no committed offset for partition springCloudBus-0
2026-08-30T01:09:51.606+05:30  INFO 38280 --- [bmp-notification-service] [rap-executor-%d] c.n.d.s.r.aws.ConfigClusterResolver      : Resolving eureka endpoints via configuration
2026-08-30T01:10:27.202+05:30  INFO 38280 --- [bmp-notification-service] [pool-3-thread-1] o.a.k.c.c.internals.ConsumerCoordinator  : [Consumer clientId=consumer-anonymous.71319fe6-9081-4354-a696-fc4667b331dc-4, groupId=anonymous.71319fe6-9081-4354-a696-fc4667b331dc] Found no committed offset for partition springCloudBus-0
2026-08-30T01:11:27.222+05:30  INFO 38280 --- [bmp-notification-service] [pool-3-thread-1] o.a.k.c.c.internals.ConsumerCoordinator  : [Consumer clientId=consumer-anonymous.71319fe6-9081-4354-a696-fc4667b331dc-4, groupId=anonymous.71319fe6-9081-4354-a696-fc4667b331dc] Found no committed offset for partition springCloudBus-0
2026-08-30T01:12:27.241+05:30  INFO 38280 --- [bmp-notification-service] [pool-3-thread-1] o.a.k.c.c.internals.ConsumerCoordinator  : [Consumer clientId=consumer-anonymous.71319fe6-9081-4354-a696-fc4667b331dc-4, groupId=anonymous.71319fe6-9081-4354-a696-fc4667b331dc] Found no committed offset for partition springCloudBus-0
2026-08-30T01:13:27.255+05:30  INFO 38280 --- [bmp-notification-service] [pool-3-thread-1] o.a.k.c.c.internals.ConsumerCoordinator  : [Consumer clientId=consumer-anonymous.71319fe6-9081-4354-a696-fc4667b331dc-4, groupId=anonymous.71319fe6-9081-4354-a696-fc4667b331dc] Found no committed offset for partition springCloudBus-0
2026-08-30T01:14:27.281+05:30  INFO 38280 --- [bmp-notification-service] [pool-3-thread-1] o.a.k.c.c.internals.ConsumerCoordinator  : [Consumer clientId=consumer-anonymous.71319fe6-9081-4354-a696-fc4667b331dc-4, groupId=anonymous.71319fe6-9081-4354-a696-fc4667b331dc] Found no committed offset for partition springCloudBus-0
2026-08-30T01:14:51.616+05:30  INFO 38280 --- [bmp-notification-service] [rap-executor-%d] c.n.d.s.r.aws.ConfigClusterResolver      : Resolving eureka endpoints via configuration
2026-08-30T01:15:27.306+05:30  INFO 38280 --- [bmp-notification-service] [pool-3-thread-1] o.a.k.c.c.internals.ConsumerCoordinator  : [Consumer clientId=consumer-anonymous.71319fe6-9081-4354-a696-fc4667b331dc-4, groupId=anonymous.71319fe6-9081-4354-a696-fc4667b331dc] Found no committed offset for partition springCloudBus-0
2026-08-30T04:15:48.564+05:30  INFO 38280 --- [bmp-notification-service] [container-0-C-1] org.apache.kafka.clients.NetworkClient   : [Consumer clientId=consumer-anonymous.71319fe6-9081-4354-a696-fc4667b331dc-2, groupId=anonymous.71319fe6-9081-4354-a696-fc4667b331dc] Node 2147483646 disconnected.
2026-08-30T04:15:48.569+05:30  INFO 38280 --- [bmp-notification-service] [ntainer#0-0-C-1] org.apache.kafka.clients.NetworkClient   : [Consumer clientId=consumer-bmp-notification-service-3, groupId=bmp-notification-service] Node 2147483646 disconnected.
2026-08-30T04:15:48.650+05:30  INFO 38280 --- [bmp-notification-service] [ntainer#0-0-C-1] org.apache.kafka.clients.NetworkClient   : [Consumer clientId=consumer-bmp-notification-service-3, groupId=bmp-notification-service] Disconnecting from node 1 due to request timeout.
2026-08-30T04:15:48.636+05:30  INFO 38280 --- [bmp-notification-service] [container-0-C-1] org.apache.kafka.clients.NetworkClient   : [Consumer clientId=consumer-anonymous.71319fe6-9081-4354-a696-fc4667b331dc-2, groupId=anonymous.71319fe6-9081-4354-a696-fc4667b331dc] Disconnecting from node 1 due to request timeout.
2026-08-30T04:15:48.664+05:30  INFO 38280 --- [bmp-notification-service] [ntainer#0-0-C-1] org.apache.kafka.clients.NetworkClient   : [Consumer clientId=consumer-bmp-notification-service-3, groupId=bmp-notification-service] Cancelled in-flight FETCH request with correlation id 92702 due to node 1 being disconnected (elapsed time since creation: 10801920ms, elapsed time since send: 10801920ms, throttle time: 0ms, request timeout: 30000ms)
2026-08-30T04:15:48.664+05:30  INFO 38280 --- [bmp-notification-service] [container-0-C-1] org.apache.kafka.clients.NetworkClient   : [Consumer clientId=consumer-anonymous.71319fe6-9081-4354-a696-fc4667b331dc-2, groupId=anonymous.71319fe6-9081-4354-a696-fc4667b331dc] Cancelled in-flight FETCH request with correlation id 92735 due to node 1 being disconnected (elapsed time since creation: 10801976ms, elapsed time since send: 10801976ms, throttle time: 0ms, request timeout: 30000ms)
2026-08-30T04:15:48.665+05:30  INFO 38280 --- [bmp-notification-service] [container-0-C-1] o.a.kafka.clients.FetchSessionHandler    : [Consumer clientId=consumer-anonymous.71319fe6-9081-4354-a696-fc4667b331dc-2, groupId=anonymous.71319fe6-9081-4354-a696-fc4667b331dc] Error sending fetch request (sessionId=702378350, epoch=4136) to node 1:

org.apache.kafka.common.errors.DisconnectException: null

2026-08-30T04:15:48.665+05:30  INFO 38280 --- [bmp-notification-service] [ication-service] o.a.kafka.clients.FetchSessionHandler    : [Consumer clientId=consumer-bmp-notification-service-3, groupId=bmp-notification-service] Error sending fetch request (sessionId=1662898553, epoch=4135) to node 1:

org.apache.kafka.common.errors.DisconnectException: null

2026-08-30T04:15:48.669+05:30  INFO 38280 --- [bmp-notification-service] [ication-service] o.a.k.c.c.internals.ConsumerCoordinator  : [Consumer clientId=consumer-bmp-notification-service-3, groupId=bmp-notification-service] Group coordinator localhost:9092 (id: 2147483646 rack: null) is unavailable or invalid due to cause: session timed out without receiving a heartbeat response. isDisconnected: false. Rediscovery will be attempted.
2026-08-30T04:15:48.669+05:30  INFO 38280 --- [bmp-notification-service] [ication-service] o.a.k.c.c.internals.ConsumerCoordinator  : [Consumer clientId=consumer-bmp-notification-service-3, groupId=bmp-notification-service] Requesting disconnect from last known coordinator localhost:9092 (id: 2147483646 rack: null)
2026-08-30T04:15:48.792+05:30  INFO 38280 --- [bmp-notification-service] [96-fc4667b331dc] o.a.k.c.c.internals.ConsumerCoordinator  : [Consumer clientId=consumer-anonymous.71319fe6-9081-4354-a696-fc4667b331dc-2, groupId=anonymous.71319fe6-9081-4354-a696-fc4667b331dc] Group coordinator localhost:9092 (id: 2147483646 rack: null) is unavailable or invalid due to cause: session timed out without receiving a heartbeat response. isDisconnected: false. Rediscovery will be attempted.
2026-08-30T04:15:48.814+05:30  INFO 38280 --- [bmp-notification-service] [96-fc4667b331dc] o.a.k.c.c.internals.ConsumerCoordinator  : [Consumer clientId=consumer-anonymous.71319fe6-9081-4354-a696-fc4667b331dc-2, groupId=anonymous.71319fe6-9081-4354-a696-fc4667b331dc] Requesting disconnect from last known coordinator localhost:9092 (id: 2147483646 rack: null)
2026-08-30T04:15:50.739+05:30  INFO 38280 --- [bmp-notification-service] [ntainer#0-0-C-1] o.a.k.c.c.internals.ConsumerCoordinator  : [Consumer clientId=consumer-bmp-notification-service-3, groupId=bmp-notification-service] Discovered group coordinator localhost:9092 (id: 2147483646 rack: null)
2026-08-30T04:15:50.739+05:30  INFO 38280 --- [bmp-notification-service] [container-0-C-1] o.a.k.c.c.internals.ConsumerCoordinator  : [Consumer clientId=consumer-anonymous.71319fe6-9081-4354-a696-fc4667b331dc-2, groupId=anonymous.71319fe6-9081-4354-a696-fc4667b331dc] Discovered group coordinator localhost:9092 (id: 2147483646 rack: null)
2026-08-30T11:51:21.563+05:30  INFO 38280 --- [bmp-notification-service] [96-fc4667b331dc] org.apache.kafka.clients.NetworkClient   : [Consumer clientId=consumer-anonymous.71319fe6-9081-4354-a696-fc4667b331dc-2, groupId=anonymous.71319fe6-9081-4354-a696-fc4667b331dc] Node 1 disconnected.
2026-08-30T11:51:21.563+05:30  INFO 38280 --- [bmp-notification-service] [ication-service] org.apache.kafka.clients.NetworkClient   : [Consumer clientId=consumer-bmp-notification-service-3, groupId=bmp-notification-service] Node 1 disconnected.
2026-08-30T11:51:21.563+05:30  INFO 38280 --- [bmp-notification-service] [96-fc4667b331dc] org.apache.kafka.clients.NetworkClient   : [Consumer clientId=consumer-anonymous.71319fe6-9081-4354-a696-fc4667b331dc-2, groupId=anonymous.71319fe6-9081-4354-a696-fc4667b331dc] Cancelled in-flight FETCH request with correlation id 92763 due to node 1 being disconnected (elapsed time since creation: 27320586ms, elapsed time since send: 27320586ms, throttle time: 0ms, request timeout: 30000ms)
2026-08-30T11:51:21.563+05:30  INFO 38280 --- [bmp-notification-service] [96-fc4667b331dc] org.apache.kafka.clients.NetworkClient   : [Consumer clientId=consumer-anonymous.71319fe6-9081-4354-a696-fc4667b331dc-2, groupId=anonymous.71319fe6-9081-4354-a696-fc4667b331dc] Cancelled in-flight METADATA request with correlation id 92765 due to node 1 being disconnected (elapsed time since creation: 1ms, elapsed time since send: 1ms, throttle time: 0ms, request timeout: 30000ms)
2026-08-30T11:51:21.563+05:30  INFO 38280 --- [bmp-notification-service] [ication-service] org.apache.kafka.clients.NetworkClient   : [Consumer clientId=consumer-bmp-notification-service-3, groupId=bmp-notification-service] Cancelled in-flight FETCH request with correlation id 92730 due to node 1 being disconnected (elapsed time since creation: 27320603ms, elapsed time since send: 27320602ms, throttle time: 0ms, request timeout: 30000ms)
2026-08-30T11:51:21.563+05:30  INFO 38280 --- [bmp-notification-service] [96-fc4667b331dc] org.apache.kafka.clients.NetworkClient   : [Consumer clientId=consumer-anonymous.71319fe6-9081-4354-a696-fc4667b331dc-2, groupId=anonymous.71319fe6-9081-4354-a696-fc4667b331dc] Disconnecting from node 2147483646 due to request timeout.
2026-08-30T11:51:21.563+05:30  INFO 38280 --- [bmp-notification-service] [ication-service] org.apache.kafka.clients.NetworkClient   : [Consumer clientId=consumer-bmp-notification-service-3, groupId=bmp-notification-service] Cancelled in-flight METADATA request with correlation id 92732 due to node 1 being disconnected (elapsed time since creation: 2ms, elapsed time since send: 2ms, throttle time: 0ms, request timeout: 30000ms)
2026-08-30T11:51:21.564+05:30  INFO 38280 --- [bmp-notification-service] [96-fc4667b331dc] org.apache.kafka.clients.NetworkClient   : [Consumer clientId=consumer-anonymous.71319fe6-9081-4354-a696-fc4667b331dc-2, groupId=anonymous.71319fe6-9081-4354-a696-fc4667b331dc] Cancelled in-flight HEARTBEAT request with correlation id 92764 due to node 2147483646 being disconnected (elapsed time since creation: 27318768ms, elapsed time since send: 27318768ms, throttle time: 0ms, request timeout: 30000ms)
2026-08-30T11:51:21.564+05:30  INFO 38280 --- [bmp-notification-service] [ication-service] org.apache.kafka.clients.NetworkClient   : [Consumer clientId=consumer-bmp-notification-service-3, groupId=bmp-notification-service] Disconnecting from node 2147483646 due to request timeout.
2026-08-30T11:51:21.564+05:30  INFO 38280 --- [bmp-notification-service] [ication-service] org.apache.kafka.clients.NetworkClient   : [Consumer clientId=consumer-bmp-notification-service-3, groupId=bmp-notification-service] Cancelled in-flight HEARTBEAT request with correlation id 92731 due to node 2147483646 being disconnected (elapsed time since creation: 27318767ms, elapsed time since send: 27318767ms, throttle time: 0ms, request timeout: 30000ms)
2026-08-30T11:51:21.564+05:30  INFO 38280 --- [bmp-notification-service] [ication-service] o.a.kafka.clients.FetchSessionHandler    : [Consumer clientId=consumer-bmp-notification-service-3, groupId=bmp-notification-service] Error sending fetch request (sessionId=3199406, epoch=18) to node 1:

org.apache.kafka.common.errors.DisconnectException: null

2026-08-30T11:51:21.564+05:30  INFO 38280 --- [bmp-notification-service] [96-fc4667b331dc] o.a.kafka.clients.FetchSessionHandler    : [Consumer clientId=consumer-anonymous.71319fe6-9081-4354-a696-fc4667b331dc-2, groupId=anonymous.71319fe6-9081-4354-a696-fc4667b331dc] Error sending fetch request (sessionId=1918233687, epoch=18) to node 1:

org.apache.kafka.common.errors.DisconnectException: null

2026-08-30T11:51:21.564+05:30  INFO 38280 --- [bmp-notification-service] [ication-service] o.a.k.c.c.internals.ConsumerCoordinator  : [Consumer clientId=consumer-bmp-notification-service-3, groupId=bmp-notification-service] Group coordinator localhost:9092 (id: 2147483646 rack: null) is unavailable or invalid due to cause: null. isDisconnected: true. Rediscovery will be attempted.
2026-08-30T11:51:21.564+05:30  INFO 38280 --- [bmp-notification-service] [96-fc4667b331dc] o.a.k.c.c.internals.ConsumerCoordinator  : [Consumer clientId=consumer-anonymous.71319fe6-9081-4354-a696-fc4667b331dc-2, groupId=anonymous.71319fe6-9081-4354-a696-fc4667b331dc] Group coordinator localhost:9092 (id: 2147483646 rack: null) is unavailable or invalid due to cause: null. isDisconnected: true. Rediscovery will be attempted.
2026-08-30T11:51:27.369+05:30  INFO 38280 --- [bmp-notification-service] [ntainer#0-0-C-1] o.a.k.c.c.internals.ConsumerCoordinator  : [Consumer clientId=consumer-bmp-notification-service-3, groupId=bmp-notification-service] Discovered group coordinator localhost:9092 (id: 2147483646 rack: null)
2026-08-30T11:51:27.513+05:30  INFO 38280 --- [bmp-notification-service] [container-0-C-1] o.a.k.c.c.internals.ConsumerCoordinator  : [Consumer clientId=consumer-anonymous.71319fe6-9081-4354-a696-fc4667b331dc-2, groupId=anonymous.71319fe6-9081-4354-a696-fc4667b331dc] Discovered group coordinator localhost:9092 (id: 2147483646 rack: null)
2026-08-30T11:51:32.716+05:30  WARN 38280 --- [bmp-notification-service] [l-1 housekeeper] com.zaxxer.hikari.pool.HikariPool        : HikariPool-1 - Thread starvation or clock leap detected (housekeeper delta=10h35m50s290ms711µs).
2026-08-30T11:51:44.838+05:30  INFO 38280 --- [bmp-notification-service] [pool-3-thread-1] org.apache.kafka.clients.NetworkClient   : [Consumer clientId=consumer-anonymous.71319fe6-9081-4354-a696-fc4667b331dc-4, groupId=anonymous.71319fe6-9081-4354-a696-fc4667b331dc] Node 2147483646 disconnected.
2026-08-30T11:51:44.858+05:30  INFO 38280 --- [bmp-notification-service] [pool-3-thread-1] o.a.k.c.c.internals.ConsumerCoordinator  : [Consumer clientId=consumer-anonymous.71319fe6-9081-4354-a696-fc4667b331dc-4, groupId=anonymous.71319fe6-9081-4354-a696-fc4667b331dc] Group coordinator localhost:9092 (id: 2147483646 rack: null) is unavailable or invalid due to cause: coordinator unavailable. isDisconnected: true. Rediscovery will be attempted.
2026-08-30T11:51:44.870+05:30  INFO 38280 --- [bmp-notification-service] [pool-3-thread-1] o.a.k.c.c.internals.ConsumerCoordinator  : [Consumer clientId=consumer-anonymous.71319fe6-9081-4354-a696-fc4667b331dc-4, groupId=anonymous.71319fe6-9081-4354-a696-fc4667b331dc] Discovered group coordinator localhost:9092 (id: 2147483646 rack: null)
2026-08-30T11:51:44.870+05:30  INFO 38280 --- [bmp-notification-service] [pool-3-thread-1] o.a.k.c.c.internals.ConsumerCoordinator  : [Consumer clientId=consumer-anonymous.71319fe6-9081-4354-a696-fc4667b331dc-4, groupId=anonymous.71319fe6-9081-4354-a696-fc4667b331dc] Group coordinator localhost:9092 (id: 2147483646 rack: null) is unavailable or invalid due to cause: coordinator unavailable. isDisconnected: false. Rediscovery will be attempted.
2026-08-30T11:51:44.870+05:30  INFO 38280 --- [bmp-notification-service] [pool-3-thread-1] o.a.k.c.c.internals.ConsumerCoordinator  : [Consumer clientId=consumer-anonymous.71319fe6-9081-4354-a696-fc4667b331dc-4, groupId=anonymous.71319fe6-9081-4354-a696-fc4667b331dc] Requesting disconnect from last known coordinator localhost:9092 (id: 2147483646 rack: null)
2026-08-30T11:51:44.978+05:30  INFO 38280 --- [bmp-notification-service] [pool-3-thread-1] o.a.k.c.c.internals.ConsumerCoordinator  : [Consumer clientId=consumer-anonymous.71319fe6-9081-4354-a696-fc4667b331dc-4, groupId=anonymous.71319fe6-9081-4354-a696-fc4667b331dc] Discovered group coordinator localhost:9092 (id: 2147483646 rack: null)
2026-08-30T11:51:44.997+05:30  INFO 38280 --- [bmp-notification-service] [pool-3-thread-1] o.a.k.c.c.internals.ConsumerCoordinator  : [Consumer clientId=consumer-anonymous.71319fe6-9081-4354-a696-fc4667b331dc-4, groupId=anonymous.71319fe6-9081-4354-a696-fc4667b331dc] Found no committed offset for partition springCloudBus-0
2026-08-30T11:56:06.554+05:30  INFO 38280 --- [bmp-notification-service] [container-0-C-1] org.apache.kafka.clients.NetworkClient   : [Consumer clientId=consumer-anonymous.71319fe6-9081-4354-a696-fc4667b331dc-2, groupId=anonymous.71319fe6-9081-4354-a696-fc4667b331dc] Disconnecting from node 1 due to request timeout.
2026-08-30T11:56:07.702+05:30  INFO 38280 --- [bmp-notification-service] [container-0-C-1] org.apache.kafka.clients.NetworkClient   : [Consumer clientId=consumer-anonymous.71319fe6-9081-4354-a696-fc4667b331dc-2, groupId=anonymous.71319fe6-9081-4354-a696-fc4667b331dc] Cancelled in-flight FETCH request with correlation id 92837 due to node 1 being disconnected (elapsed time since creation: 250895ms, elapsed time since send: 250895ms, throttle time: 0ms, request timeout: 30000ms)
2026-08-30T11:56:06.642+05:30  INFO 38280 --- [bmp-notification-service] [ntainer#0-0-C-1] org.apache.kafka.clients.NetworkClient   : [Consumer clientId=consumer-bmp-notification-service-3, groupId=bmp-notification-service] Disconnecting from node 1 due to request timeout.
2026-08-30T11:56:07.702+05:30  INFO 38280 --- [bmp-notification-service] [container-0-C-1] org.apache.kafka.clients.NetworkClient   : [Consumer clientId=consumer-anonymous.71319fe6-9081-4354-a696-fc4667b331dc-2, groupId=anonymous.71319fe6-9081-4354-a696-fc4667b331dc] Disconnecting from node 2147483646 due to request timeout.
2026-08-30T11:56:07.703+05:30  INFO 38280 --- [bmp-notification-service] [container-0-C-1] org.apache.kafka.clients.NetworkClient   : [Consumer clientId=consumer-anonymous.71319fe6-9081-4354-a696-fc4667b331dc-2, groupId=anonymous.71319fe6-9081-4354-a696-fc4667b331dc] Cancelled in-flight HEARTBEAT request with correlation id 92838 due to node 2147483646 being disconnected (elapsed time since creation: 248976ms, elapsed time since send: 248976ms, throttle time: 0ms, request timeout: 30000ms)
2026-08-30T11:56:07.710+05:30  INFO 38280 --- [bmp-notification-service] [ntainer#0-0-C-1] org.apache.kafka.clients.NetworkClient   : [Consumer clientId=consumer-bmp-notification-service-3, groupId=bmp-notification-service] Cancelled in-flight FETCH request with correlation id 92804 due to node 1 being disconnected (elapsed time since creation: 250985ms, elapsed time since send: 250985ms, throttle time: 0ms, request timeout: 30000ms)
2026-08-30T11:56:07.712+05:30  INFO 38280 --- [bmp-notification-service] [ntainer#0-0-C-1] org.apache.kafka.clients.NetworkClient   : [Consumer clientId=consumer-bmp-notification-service-3, groupId=bmp-notification-service] Disconnecting from node 2147483646 due to request timeout.
2026-08-30T11:56:07.712+05:30  INFO 38280 --- [bmp-notification-service] [ntainer#0-0-C-1] org.apache.kafka.clients.NetworkClient   : [Consumer clientId=consumer-bmp-notification-service-3, groupId=bmp-notification-service] Cancelled in-flight HEARTBEAT request with correlation id 92805 due to node 2147483646 being disconnected (elapsed time since creation: 249171ms, elapsed time since send: 249171ms, throttle time: 0ms, request timeout: 30000ms)
2026-08-30T11:56:08.537+05:30  INFO 38280 --- [bmp-notification-service] [96-fc4667b331dc] o.a.k.c.c.internals.ConsumerCoordinator  : [Consumer clientId=consumer-anonymous.71319fe6-9081-4354-a696-fc4667b331dc-2, groupId=anonymous.71319fe6-9081-4354-a696-fc4667b331dc] Group coordinator localhost:9092 (id: 2147483646 rack: null) is unavailable or invalid due to cause: null. isDisconnected: true. Rediscovery will be attempted.
2026-08-30T11:56:08.537+05:30  INFO 38280 --- [bmp-notification-service] [ication-service] o.a.k.c.c.internals.ConsumerCoordinator  : [Consumer clientId=consumer-bmp-notification-service-3, groupId=bmp-notification-service] Group coordinator localhost:9092 (id: 2147483646 rack: null) is unavailable or invalid due to cause: null. isDisconnected: true. Rediscovery will be attempted.
2026-08-30T11:56:07.712+05:30  INFO 38280 --- [bmp-notification-service] [ntainer#0-0-C-1] o.a.kafka.clients.FetchSessionHandler    : [Consumer clientId=consumer-bmp-notification-service-3, groupId=bmp-notification-service] Error sending fetch request (sessionId=981818784, epoch=55) to node 1:

org.apache.kafka.common.errors.DisconnectException: null

2026-08-30T11:56:07.703+05:30  INFO 38280 --- [bmp-notification-service] [container-0-C-1] o.a.kafka.clients.FetchSessionHandler    : [Consumer clientId=consumer-anonymous.71319fe6-9081-4354-a696-fc4667b331dc-2, groupId=anonymous.71319fe6-9081-4354-a696-fc4667b331dc] Error sending fetch request (sessionId=1187356164, epoch=55) to node 1:

org.apache.kafka.common.errors.DisconnectException: null

2026-08-30T11:56:08.946+05:30  INFO 38280 --- [bmp-notification-service] [container-0-C-1] o.a.k.c.c.internals.ConsumerCoordinator  : [Consumer clientId=consumer-anonymous.71319fe6-9081-4354-a696-fc4667b331dc-2, groupId=anonymous.71319fe6-9081-4354-a696-fc4667b331dc] Discovered group coordinator localhost:9092 (id: 2147483646 rack: null)
2026-08-30T11:56:08.986+05:30  INFO 38280 --- [bmp-notification-service] [ntainer#0-0-C-1] o.a.k.c.c.internals.ConsumerCoordinator  : [Consumer clientId=consumer-bmp-notification-service-3, groupId=bmp-notification-service] Discovered group coordinator localhost:9092 (id: 2147483646 rack: null)
2026-08-30T11:56:11.411+05:30  WARN 38280 --- [bmp-notification-service] [l-1 housekeeper] com.zaxxer.hikari.pool.HikariPool        : HikariPool-1 - Thread starvation or clock leap detected (housekeeper delta=4m41s158ms102µs700ns).
2026-08-30T11:56:53.527+05:30  INFO 38280 --- [bmp-notification-service] [pool-3-thread-1] o.a.k.c.c.internals.ConsumerCoordinator  : [Consumer clientId=consumer-anonymous.71319fe6-9081-4354-a696-fc4667b331dc-4, groupId=anonymous.71319fe6-9081-4354-a696-fc4667b331dc] Found no committed offset for partition springCloudBus-0
2026-08-30T11:57:53.553+05:30  INFO 38280 --- [bmp-notification-service] [pool-3-thread-1] o.a.k.c.c.internals.ConsumerCoordinator  : [Consumer clientId=consumer-anonymous.71319fe6-9081-4354-a696-fc4667b331dc-4, groupId=anonymous.71319fe6-9081-4354-a696-fc4667b331dc] Found no committed offset for partition springCloudBus-0
2026-08-30T11:58:53.579+05:30  INFO 38280 --- [bmp-notification-service] [pool-3-thread-1] o.a.k.c.c.internals.ConsumerCoordinator  : [Consumer clientId=consumer-anonymous.71319fe6-9081-4354-a696-fc4667b331dc-4, groupId=anonymous.71319fe6-9081-4354-a696-fc4667b331dc] Found no committed offset for partition springCloudBus-0
2026-08-30T11:59:17.663+05:30  INFO 38280 --- [bmp-notification-service] [rap-executor-%d] c.n.d.s.r.aws.ConfigClusterResolver      : Resolving eureka endpoints via configuration
2026-08-30T11:59:53.605+05:30  INFO 38280 --- [bmp-notification-service] [pool-3-thread-1] o.a.k.c.c.internals.ConsumerCoordinator  : [Consumer clientId=consumer-anonymous.71319fe6-9081-4354-a696-fc4667b331dc-4, groupId=anonymous.71319fe6-9081-4354-a696-fc4667b331dc] Found no committed offset for partition springCloudBus-0
2026-08-30T12:00:53.643+05:30  INFO 38280 --- [bmp-notification-service] [pool-3-thread-1] o.a.k.c.c.internals.ConsumerCoordinator  : [Consumer clientId=consumer-anonymous.71319fe6-9081-4354-a696-fc4667b331dc-4, groupId=anonymous.71319fe6-9081-4354-a696-fc4667b331dc] Found no committed offset for partition springCloudBus-0
2026-08-30T12:01:53.663+05:30  INFO 38280 --- [bmp-notification-service] [pool-3-thread-1] o.a.k.c.c.internals.ConsumerCoordinator  : [Consumer clientId=consumer-anonymous.71319fe6-9081-4354-a696-fc4667b331dc-4, groupId=anonymous.71319fe6-9081-4354-a696-fc4667b331dc] Found no committed offset for partition springCloudBus-0
2026-08-30T12:02:53.684+05:30  INFO 38280 --- [bmp-notification-service] [pool-3-thread-1] o.a.k.c.c.internals.ConsumerCoordinator  : [Consumer clientId=consumer-anonymous.71319fe6-9081-4354-a696-fc4667b331dc-4, groupId=anonymous.71319fe6-9081-4354-a696-fc4667b331dc] Found no committed offset for partition springCloudBus-0
2026-08-30T12:03:53.703+05:30  INFO 38280 --- [bmp-notification-service] [pool-3-thread-1] o.a.k.c.c.internals.ConsumerCoordinator  : [Consumer clientId=consumer-anonymous.71319fe6-9081-4354-a696-fc4667b331dc-4, groupId=anonymous.71319fe6-9081-4354-a696-fc4667b331dc] Found no committed offset for partition springCloudBus-0
2026-08-30T12:04:17.684+05:30  INFO 38280 --- [bmp-notification-service] [rap-executor-%d] c.n.d.s.r.aws.ConfigClusterResolver      : Resolving eureka endpoints via configuration
2026-08-30T12:04:53.719+05:30  INFO 38280 --- [bmp-notification-service] [pool-3-thread-1] o.a.k.c.c.internals.ConsumerCoordinator  : [Consumer clientId=consumer-anonymous.71319fe6-9081-4354-a696-fc4667b331dc-4, groupId=anonymous.71319fe6-9081-4354-a696-fc4667b331dc] Found no committed offset for partition springCloudBus-0
2026-08-30T12:05:53.741+05:30  INFO 38280 --- [bmp-notification-service] [pool-3-thread-1] o.a.k.c.c.internals.ConsumerCoordinator  : [Consumer clientId=consumer-anonymous.71319fe6-9081-4354-a696-fc4667b331dc-4, groupId=anonymous.71319fe6-9081-4354-a696-fc4667b331dc] Found no committed offset for partition springCloudBus-0
2026-08-30T12:06:53.758+05:30  INFO 38280 --- [bmp-notification-service] [pool-3-thread-1] o.a.k.c.c.internals.ConsumerCoordinator  : [Consumer clientId=consumer-anonymous.71319fe6-9081-4354-a696-fc4667b331dc-4, groupId=anonymous.71319fe6-9081-4354-a696-fc4667b331dc] Found no committed offset for partition springCloudBus-0
2026-08-30T12:07:53.778+05:30  INFO 38280 --- [bmp-notification-service] [pool-3-thread-1] o.a.k.c.c.internals.ConsumerCoordinator  : [Consumer clientId=consumer-anonymous.71319fe6-9081-4354-a696-fc4667b331dc-4, groupId=anonymous.71319fe6-9081-4354-a696-fc4667b331dc] Found no committed offset for partition springCloudBus-0
2026-08-30T12:08:53.798+05:30  INFO 38280 --- [bmp-notification-service] [pool-3-thread-1] o.a.k.c.c.internals.ConsumerCoordinator  : [Consumer clientId=consumer-anonymous.71319fe6-9081-4354-a696-fc4667b331dc-4, groupId=anonymous.71319fe6-9081-4354-a696-fc4667b331dc] Found no committed offset for partition springCloudBus-0
2026-08-30T12:09:17.694+05:30  INFO 38280 --- [bmp-notification-service] [rap-executor-%d] c.n.d.s.r.aws.ConfigClusterResolver      : Resolving eureka endpoints via configuration
2026-08-30T12:09:53.811+05:30  INFO 38280 --- [bmp-notification-service] [pool-3-thread-1] o.a.k.c.c.internals.ConsumerCoordinator  : [Consumer clientId=consumer-anonymous.71319fe6-9081-4354-a696-fc4667b331dc-4, groupId=anonymous.71319fe6-9081-4354-a696-fc4667b331dc] Found no committed offset for partition springCloudBus-0
2026-08-30T12:10:53.821+05:30  INFO 38280 --- [bmp-notification-service] [pool-3-thread-1] o.a.k.c.c.internals.ConsumerCoordinator  : [Consumer clientId=consumer-anonymous.71319fe6-9081-4354-a696-fc4667b331dc-4, groupId=anonymous.71319fe6-9081-4354-a696-fc4667b331dc] Found no committed offset for partition springCloudBus-0
2026-08-30T12:11:53.840+05:30  INFO 38280 --- [bmp-notification-service] [pool-3-thread-1] o.a.k.c.c.internals.ConsumerCoordinator  : [Consumer clientId=consumer-anonymous.71319fe6-9081-4354-a696-fc4667b331dc-4, groupId=anonymous.71319fe6-9081-4354-a696-fc4667b331dc] Found no committed offset for partition springCloudBus-0
2026-08-30T12:12:53.862+05:30  INFO 38280 --- [bmp-notification-service] [pool-3-thread-1] o.a.k.c.c.internals.ConsumerCoordinator  : [Consumer clientId=consumer-anonymous.71319fe6-9081-4354-a696-fc4667b331dc-4, groupId=anonymous.71319fe6-9081-4354-a696-fc4667b331dc] Found no committed offset for partition springCloudBus-0
2026-08-30T12:13:53.883+05:30  INFO 38280 --- [bmp-notification-service] [pool-3-thread-1] o.a.k.c.c.internals.ConsumerCoordinator  : [Consumer clientId=consumer-anonymous.71319fe6-9081-4354-a696-fc4667b331dc-4, groupId=anonymous.71319fe6-9081-4354-a696-fc4667b331dc] Found no committed offset for partition springCloudBus-0
2026-08-30T12:14:17.718+05:30  INFO 38280 --- [bmp-notification-service] [rap-executor-%d] c.n.d.s.r.aws.ConfigClusterResolver      : Resolving eureka endpoints via configuration
2026-08-30T12:14:53.907+05:30  INFO 38280 --- [bmp-notification-service] [pool-3-thread-1] o.a.k.c.c.internals.ConsumerCoordinator  : [Consumer clientId=consumer-anonymous.71319fe6-9081-4354-a696-fc4667b331dc-4, groupId=anonymous.71319fe6-9081-4354-a696-fc4667b331dc] Found no committed offset for partition springCloudBus-0
2026-08-30T12:15:53.931+05:30  INFO 38280 --- [bmp-notification-service] [pool-3-thread-1] o.a.k.c.c.internals.ConsumerCoordinator  : [Consumer clientId=consumer-anonymous.71319fe6-9081-4354-a696-fc4667b331dc-4, groupId=anonymous.71319fe6-9081-4354-a696-fc4667b331dc] Found no committed offset for partition springCloudBus-0
2026-08-30T12:16:53.950+05:30  INFO 38280 --- [bmp-notification-service] [pool-3-thread-1] o.a.k.c.c.internals.ConsumerCoordinator  : [Consumer clientId=consumer-anonymous.71319fe6-9081-4354-a696-fc4667b331dc-4, groupId=anonymous.71319fe6-9081-4354-a696-fc4667b331dc] Found no committed offset for partition springCloudBus-0
2026-08-30T12:17:53.979+05:30  INFO 38280 --- [bmp-notification-service] [pool-3-thread-1] o.a.k.c.c.internals.ConsumerCoordinator  : [Consumer clientId=consumer-anonymous.71319fe6-9081-4354-a696-fc4667b331dc-4, groupId=anonymous.71319fe6-9081-4354-a696-fc4667b331dc] Found no committed offset for partition springCloudBus-0
2026-08-30T12:18:54.012+05:30  INFO 38280 --- [bmp-notification-service] [pool-3-thread-1] o.a.k.c.c.internals.ConsumerCoordinator  : [Consumer clientId=consumer-anonymous.71319fe6-9081-4354-a696-fc4667b331dc-4, groupId=anonymous.71319fe6-9081-4354-a696-fc4667b331dc] Found no committed offset for partition springCloudBus-0
2026-08-30T12:19:17.725+05:30  INFO 38280 --- [bmp-notification-service] [rap-executor-%d] c.n.d.s.r.aws.ConfigClusterResolver      : Resolving eureka endpoints via configuration
2026-08-30T12:19:54.030+05:30  INFO 38280 --- [bmp-notification-service] [pool-3-thread-1] o.a.k.c.c.internals.ConsumerCoordinator  : [Consumer clientId=consumer-anonymous.71319fe6-9081-4354-a696-fc4667b331dc-4, groupId=anonymous.71319fe6-9081-4354-a696-fc4667b331dc] Found no committed offset for partition springCloudBus-0
2026-08-30T12:20:54.042+05:30  INFO 38280 --- [bmp-notification-service] [pool-3-thread-1] o.a.k.c.c.internals.ConsumerCoordinator  : [Consumer clientId=consumer-anonymous.71319fe6-9081-4354-a696-fc4667b331dc-4, groupId=anonymous.71319fe6-9081-4354-a696-fc4667b331dc] Found no committed offset for partition springCloudBus-0
2026-08-30T12:21:54.062+05:30  INFO 38280 --- [bmp-notification-service] [pool-3-thread-1] o.a.k.c.c.internals.ConsumerCoordinator  : [Consumer clientId=consumer-anonymous.71319fe6-9081-4354-a696-fc4667b331dc-4, groupId=anonymous.71319fe6-9081-4354-a696-fc4667b331dc] Found no committed offset for partition springCloudBus-0
2026-08-30T12:22:54.083+05:30  INFO 38280 --- [bmp-notification-service] [pool-3-thread-1] o.a.k.c.c.internals.ConsumerCoordinator  : [Consumer clientId=consumer-anonymous.71319fe6-9081-4354-a696-fc4667b331dc-4, groupId=anonymous.71319fe6-9081-4354-a696-fc4667b331dc] Found no committed offset for partition springCloudBus-0
2026-08-30T12:23:54.110+05:30  INFO 38280 --- [bmp-notification-service] [pool-3-thread-1] o.a.k.c.c.internals.ConsumerCoordinator  : [Consumer clientId=consumer-anonymous.71319fe6-9081-4354-a696-fc4667b331dc-4, groupId=anonymous.71319fe6-9081-4354-a696-fc4667b331dc] Found no committed offset for partition springCloudBus-0
2026-08-30T12:24:17.726+05:30  INFO 38280 --- [bmp-notification-service] [rap-executor-%d] c.n.d.s.r.aws.ConfigClusterResolver      : Resolving eureka endpoints via configuration
2026-08-30T12:24:54.132+05:30  INFO 38280 --- [bmp-notification-service] [pool-3-thread-1] o.a.k.c.c.internals.ConsumerCoordinator  : [Consumer clientId=consumer-anonymous.71319fe6-9081-4354-a696-fc4667b331dc-4, groupId=anonymous.71319fe6-9081-4354-a696-fc4667b331dc] Found no committed offset for partition springCloudBus-0
2026-08-30T12:25:54.144+05:30  INFO 38280 --- [bmp-notification-service] [pool-3-thread-1] o.a.k.c.c.internals.ConsumerCoordinator  : [Consumer clientId=consumer-anonymous.71319fe6-9081-4354-a696-fc4667b331dc-4, groupId=anonymous.71319fe6-9081-4354-a696-fc4667b331dc] Found no committed offset for partition springCloudBus-0
2026-08-30T12:26:54.181+05:30  INFO 38280 --- [bmp-notification-service] [pool-3-thread-1] o.a.k.c.c.internals.ConsumerCoordinator  : [Consumer clientId=consumer-anonymous.71319fe6-9081-4354-a696-fc4667b331dc-4, groupId=anonymous.71319fe6-9081-4354-a696-fc4667b331dc] Found no committed offset for partition springCloudBus-0
2026-08-30T12:27:54.206+05:30  INFO 38280 --- [bmp-notification-service] [pool-3-thread-1] o.a.k.c.c.internals.ConsumerCoordinator  : [Consumer clientId=consumer-anonymous.71319fe6-9081-4354-a696-fc4667b331dc-4, groupId=anonymous.71319fe6-9081-4354-a696-fc4667b331dc] Found no committed offset for partition springCloudBus-0
2026-08-30T12:28:54.232+05:30  INFO 38280 --- [bmp-notification-service] [pool-3-thread-1] o.a.k.c.c.internals.ConsumerCoordinator  : [Consumer clientId=consumer-anonymous.71319fe6-9081-4354-a696-fc4667b331dc-4, groupId=anonymous.71319fe6-9081-4354-a696-fc4667b331dc] Found no committed offset for partition springCloudBus-0
2026-08-30T12:29:17.742+05:30  INFO 38280 --- [bmp-notification-service] [rap-executor-%d] c.n.d.s.r.aws.ConfigClusterResolver      : Resolving eureka endpoints via configuration
2026-08-30T12:29:54.247+05:30  INFO 38280 --- [bmp-notification-service] [pool-3-thread-1] o.a.k.c.c.internals.ConsumerCoordinator  : [Consumer clientId=consumer-anonymous.71319fe6-9081-4354-a696-fc4667b331dc-4, groupId=anonymous.71319fe6-9081-4354-a696-fc4667b331dc] Found no committed offset for partition springCloudBus-0
2026-08-30T12:30:54.273+05:30  INFO 38280 --- [bmp-notification-service] [pool-3-thread-1] o.a.k.c.c.internals.ConsumerCoordinator  : [Consumer clientId=consumer-anonymous.71319fe6-9081-4354-a696-fc4667b331dc-4, groupId=anonymous.71319fe6-9081-4354-a696-fc4667b331dc] Found no committed offset for partition springCloudBus-0
2026-08-30T12:31:54.302+05:30  INFO 38280 --- [bmp-notification-service] [pool-3-thread-1] o.a.k.c.c.internals.ConsumerCoordinator  : [Consumer clientId=consumer-anonymous.71319fe6-9081-4354-a696-fc4667b331dc-4, groupId=anonymous.71319fe6-9081-4354-a696-fc4667b331dc] Found no committed offset for partition springCloudBus-0
2026-08-30T12:32:54.325+05:30  INFO 38280 --- [bmp-notification-service] [pool-3-thread-1] o.a.k.c.c.internals.ConsumerCoordinator  : [Consumer clientId=consumer-anonymous.71319fe6-9081-4354-a696-fc4667b331dc-4, groupId=anonymous.71319fe6-9081-4354-a696-fc4667b331dc] Found no committed offset for partition springCloudBus-0
2026-08-30T12:33:54.340+05:30  INFO 38280 --- [bmp-notification-service] [pool-3-thread-1] o.a.k.c.c.internals.ConsumerCoordinator  : [Consumer clientId=consumer-anonymous.71319fe6-9081-4354-a696-fc4667b331dc-4, groupId=anonymous.71319fe6-9081-4354-a696-fc4667b331dc] Found no committed offset for partition springCloudBus-0
2026-08-30T12:34:17.751+05:30  INFO 38280 --- [bmp-notification-service] [rap-executor-%d] c.n.d.s.r.aws.ConfigClusterResolver      : Resolving eureka endpoints via configuration
2026-08-30T12:34:54.350+05:30  INFO 38280 --- [bmp-notification-service] [pool-3-thread-1] o.a.k.c.c.internals.ConsumerCoordinator  : [Consumer clientId=consumer-anonymous.71319fe6-9081-4354-a696-fc4667b331dc-4, groupId=anonymous.71319fe6-9081-4354-a696-fc4667b331dc] Found no committed offset for partition springCloudBus-0
2026-08-30T12:35:54.372+05:30  INFO 38280 --- [bmp-notification-service] [pool-3-thread-1] o.a.k.c.c.internals.ConsumerCoordinator  : [Consumer clientId=consumer-anonymous.71319fe6-9081-4354-a696-fc4667b331dc-4, groupId=anonymous.71319fe6-9081-4354-a696-fc4667b331dc] Found no committed offset for partition springCloudBus-0
2026-08-30T12:36:54.389+05:30  INFO 38280 --- [bmp-notification-service] [pool-3-thread-1] o.a.k.c.c.internals.ConsumerCoordinator  : [Consumer clientId=consumer-anonymous.71319fe6-9081-4354-a696-fc4667b331dc-4, groupId=anonymous.71319fe6-9081-4354-a696-fc4667b331dc] Found no committed offset for partition springCloudBus-0
2026-08-30T12:37:54.401+05:30  INFO 38280 --- [bmp-notification-service] [pool-3-thread-1] o.a.k.c.c.internals.ConsumerCoordinator  : [Consumer clientId=consumer-anonymous.71319fe6-9081-4354-a696-fc4667b331dc-4, groupId=anonymous.71319fe6-9081-4354-a696-fc4667b331dc] Found no committed offset for partition springCloudBus-0
2026-08-30T12:38:54.426+05:30  INFO 38280 --- [bmp-notification-service] [pool-3-thread-1] o.a.k.c.c.internals.ConsumerCoordinator  : [Consumer clientId=consumer-anonymous.71319fe6-9081-4354-a696-fc4667b331dc-4, groupId=anonymous.71319fe6-9081-4354-a696-fc4667b331dc] Found no committed offset for partition springCloudBus-0
2026-08-30T12:39:17.758+05:30  INFO 38280 --- [bmp-notification-service] [rap-executor-%d] c.n.d.s.r.aws.ConfigClusterResolver      : Resolving eureka endpoints via configuration
2026-08-30T12:39:54.440+05:30  INFO 38280 --- [bmp-notification-service] [pool-3-thread-1] o.a.k.c.c.internals.ConsumerCoordinator  : [Consumer clientId=consumer-anonymous.71319fe6-9081-4354-a696-fc4667b331dc-4, groupId=anonymous.71319fe6-9081-4354-a696-fc4667b331dc] Found no committed offset for partition springCloudBus-0
2026-08-30T12:40:54.454+05:30  INFO 38280 --- [bmp-notification-service] [pool-3-thread-1] o.a.k.c.c.internals.ConsumerCoordinator  : [Consumer clientId=consumer-anonymous.71319fe6-9081-4354-a696-fc4667b331dc-4, groupId=anonymous.71319fe6-9081-4354-a696-fc4667b331dc] Found no committed offset for partition springCloudBus-0
2026-08-30T12:41:54.466+05:30  INFO 38280 --- [bmp-notification-service] [pool-3-thread-1] o.a.k.c.c.internals.ConsumerCoordinator  : [Consumer clientId=consumer-anonymous.71319fe6-9081-4354-a696-fc4667b331dc-4, groupId=anonymous.71319fe6-9081-4354-a696-fc4667b331dc] Found no committed offset for partition springCloudBus-0
2026-08-30T12:42:54.476+05:30  INFO 38280 --- [bmp-notification-service] [pool-3-thread-1] o.a.k.c.c.internals.ConsumerCoordinator  : [Consumer clientId=consumer-anonymous.71319fe6-9081-4354-a696-fc4667b331dc-4, groupId=anonymous.71319fe6-9081-4354-a696-fc4667b331dc] Found no committed offset for partition springCloudBus-0
2026-08-30T12:43:54.486+05:30  INFO 38280 --- [bmp-notification-service] [pool-3-thread-1] o.a.k.c.c.internals.ConsumerCoordinator  : [Consumer clientId=consumer-anonymous.71319fe6-9081-4354-a696-fc4667b331dc-4, groupId=anonymous.71319fe6-9081-4354-a696-fc4667b331dc] Found no committed offset for partition springCloudBus-0
2026-08-30T12:44:17.772+05:30  INFO 38280 --- [bmp-notification-service] [rap-executor-%d] c.n.d.s.r.aws.ConfigClusterResolver      : Resolving eureka endpoints via configuration
2026-08-30T12:44:54.511+05:30  INFO 38280 --- [bmp-notification-service] [pool-3-thread-1] o.a.k.c.c.internals.ConsumerCoordinator  : [Consumer clientId=consumer-anonymous.71319fe6-9081-4354-a696-fc4667b331dc-4, groupId=anonymous.71319fe6-9081-4354-a696-fc4667b331dc] Found no committed offset for partition springCloudBus-0
2026-08-30T12:45:54.534+05:30  INFO 38280 --- [bmp-notification-service] [pool-3-thread-1] o.a.k.c.c.internals.ConsumerCoordinator  : [Consumer clientId=consumer-anonymous.71319fe6-9081-4354-a696-fc4667b331dc-4, groupId=anonymous.71319fe6-9081-4354-a696-fc4667b331dc] Found no committed offset for partition springCloudBus-0
2026-08-30T12:46:54.552+05:30  INFO 38280 --- [bmp-notification-service] [pool-3-thread-1] o.a.k.c.c.internals.ConsumerCoordinator  : [Consumer clientId=consumer-anonymous.71319fe6-9081-4354-a696-fc4667b331dc-4, groupId=anonymous.71319fe6-9081-4354-a696-fc4667b331dc] Found no committed offset for partition springCloudBus-0
2026-08-30T12:47:54.576+05:30  INFO 38280 --- [bmp-notification-service] [pool-3-thread-1] o.a.k.c.c.internals.ConsumerCoordinator  : [Consumer clientId=consumer-anonymous.71319fe6-9081-4354-a696-fc4667b331dc-4, groupId=anonymous.71319fe6-9081-4354-a696-fc4667b331dc] Found no committed offset for partition springCloudBus-0
2026-08-30T12:48:54.592+05:30  INFO 38280 --- [bmp-notification-service] [pool-3-thread-1] o.a.k.c.c.internals.ConsumerCoordinator  : [Consumer clientId=consumer-anonymous.71319fe6-9081-4354-a696-fc4667b331dc-4, groupId=anonymous.71319fe6-9081-4354-a696-fc4667b331dc] Found no committed offset for partition springCloudBus-0
2026-08-30T12:49:17.782+05:30  INFO 38280 --- [bmp-notification-service] [rap-executor-%d] c.n.d.s.r.aws.ConfigClusterResolver      : Resolving eureka endpoints via configuration
2026-08-30T12:49:54.603+05:30  INFO 38280 --- [bmp-notification-service] [pool-3-thread-1] o.a.k.c.c.internals.ConsumerCoordinator  : [Consumer clientId=consumer-anonymous.71319fe6-9081-4354-a696-fc4667b331dc-4, groupId=anonymous.71319fe6-9081-4354-a696-fc4667b331dc] Found no committed offset for partition springCloudBus-0
2026-08-30T12:50:54.625+05:30  INFO 38280 --- [bmp-notification-service] [pool-3-thread-1] o.a.k.c.c.internals.ConsumerCoordinator  : [Consumer clientId=consumer-anonymous.71319fe6-9081-4354-a696-fc4667b331dc-4, groupId=anonymous.71319fe6-9081-4354-a696-fc4667b331dc] Found no committed offset for partition springCloudBus-0
2026-08-30T12:51:54.642+05:30  INFO 38280 --- [bmp-notification-service] [pool-3-thread-1] o.a.k.c.c.internals.ConsumerCoordinator  : [Consumer clientId=consumer-anonymous.71319fe6-9081-4354-a696-fc4667b331dc-4, groupId=anonymous.71319fe6-9081-4354-a696-fc4667b331dc] Found no committed offset for partition springCloudBus-0
2026-08-30T12:52:54.654+05:30  INFO 38280 --- [bmp-notification-service] [pool-3-thread-1] o.a.k.c.c.internals.ConsumerCoordinator  : [Consumer clientId=consumer-anonymous.71319fe6-9081-4354-a696-fc4667b331dc-4, groupId=anonymous.71319fe6-9081-4354-a696-fc4667b331dc] Found no committed offset for partition springCloudBus-0
2026-08-30T12:53:54.669+05:30  INFO 38280 --- [bmp-notification-service] [pool-3-thread-1] o.a.k.c.c.internals.ConsumerCoordinator  : [Consumer clientId=consumer-anonymous.71319fe6-9081-4354-a696-fc4667b331dc-4, groupId=anonymous.71319fe6-9081-4354-a696-fc4667b331dc] Found no committed offset for partition springCloudBus-0
2026-08-30T12:54:17.783+05:30  INFO 38280 --- [bmp-notification-service] [rap-executor-%d] c.n.d.s.r.aws.ConfigClusterResolver      : Resolving eureka endpoints via configuration
2026-08-30T12:54:54.689+05:30  INFO 38280 --- [bmp-notification-service] [pool-3-thread-1] o.a.k.c.c.internals.ConsumerCoordinator  : [Consumer clientId=consumer-anonymous.71319fe6-9081-4354-a696-fc4667b331dc-4, groupId=anonymous.71319fe6-9081-4354-a696-fc4667b331dc] Found no committed offset for partition springCloudBus-0
2026-08-30T12:55:54.712+05:30  INFO 38280 --- [bmp-notification-service] [pool-3-thread-1] o.a.k.c.c.internals.ConsumerCoordinator  : [Consumer clientId=consumer-anonymous.71319fe6-9081-4354-a696-fc4667b331dc-4, groupId=anonymous.71319fe6-9081-4354-a696-fc4667b331dc] Found no committed offset for partition springCloudBus-0
2026-08-30T12:56:54.760+05:30  INFO 38280 --- [bmp-notification-service] [pool-3-thread-1] o.a.k.c.c.internals.ConsumerCoordinator  : [Consumer clientId=consumer-anonymous.71319fe6-9081-4354-a696-fc4667b331dc-4, groupId=anonymous.71319fe6-9081-4354-a696-fc4667b331dc] Found no committed offset for partition springCloudBus-0
2026-08-30T12:57:54.810+05:30  INFO 38280 --- [bmp-notification-service] [pool-3-thread-1] o.a.k.c.c.internals.ConsumerCoordinator  : [Consumer clientId=consumer-anonymous.71319fe6-9081-4354-a696-fc4667b331dc-4, groupId=anonymous.71319fe6-9081-4354-a696-fc4667b331dc] Found no committed offset for partition springCloudBus-0
2026-08-30T12:58:54.851+05:30  INFO 38280 --- [bmp-notification-service] [pool-3-thread-1] o.a.k.c.c.internals.ConsumerCoordinator  : [Consumer clientId=consumer-anonymous.71319fe6-9081-4354-a696-fc4667b331dc-4, groupId=anonymous.71319fe6-9081-4354-a696-fc4667b331dc] Found no committed offset for partition springCloudBus-0
2026-08-30T12:59:17.798+05:30  INFO 38280 --- [bmp-notification-service] [rap-executor-%d] c.n.d.s.r.aws.ConfigClusterResolver      : Resolving eureka endpoints via configuration
2026-08-30T12:59:54.908+05:30  INFO 38280 --- [bmp-notification-service] [pool-3-thread-1] o.a.k.c.c.internals.ConsumerCoordinator  : [Consumer clientId=consumer-anonymous.71319fe6-9081-4354-a696-fc4667b331dc-4, groupId=anonymous.71319fe6-9081-4354-a696-fc4667b331dc] Found no committed offset for partition springCloudBus-0
2026-08-30T13:00:54.925+05:30  INFO 38280 --- [bmp-notification-service] [pool-3-thread-1] o.a.k.c.c.internals.ConsumerCoordinator  : [Consumer clientId=consumer-anonymous.71319fe6-9081-4354-a696-fc4667b331dc-4, groupId=anonymous.71319fe6-9081-4354-a696-fc4667b331dc] Found no committed offset for partition springCloudBus-0
2026-08-30T13:01:54.949+05:30  INFO 38280 --- [bmp-notification-service] [pool-3-thread-1] o.a.k.c.c.internals.ConsumerCoordinator  : [Consumer clientId=consumer-anonymous.71319fe6-9081-4354-a696-fc4667b331dc-4, groupId=anonymous.71319fe6-9081-4354-a696-fc4667b331dc] Found no committed offset for partition springCloudBus-0
2026-08-30T13:02:54.969+05:30  INFO 38280 --- [bmp-notification-service] [pool-3-thread-1] o.a.k.c.c.internals.ConsumerCoordinator  : [Consumer clientId=consumer-anonymous.71319fe6-9081-4354-a696-fc4667b331dc-4, groupId=anonymous.71319fe6-9081-4354-a696-fc4667b331dc] Found no committed offset for partition springCloudBus-0
2026-08-30T13:03:54.992+05:30  INFO 38280 --- [bmp-notification-service] [pool-3-thread-1] o.a.k.c.c.internals.ConsumerCoordinator  : [Consumer clientId=consumer-anonymous.71319fe6-9081-4354-a696-fc4667b331dc-4, groupId=anonymous.71319fe6-9081-4354-a696-fc4667b331dc] Found no committed offset for partition springCloudBus-0
2026-08-30T13:04:17.812+05:30  INFO 38280 --- [bmp-notification-service] [rap-executor-%d] c.n.d.s.r.aws.ConfigClusterResolver      : Resolving eureka endpoints via configuration
2026-08-30T13:04:55.014+05:30  INFO 38280 --- [bmp-notification-service] [pool-3-thread-1] o.a.k.c.c.internals.ConsumerCoordinator  : [Consumer clientId=consumer-anonymous.71319fe6-9081-4354-a696-fc4667b331dc-4, groupId=anonymous.71319fe6-9081-4354-a696-fc4667b331dc] Found no committed offset for partition springCloudBus-0
2026-08-30T13:05:55.032+05:30  INFO 38280 --- [bmp-notification-service] [pool-3-thread-1] o.a.k.c.c.internals.ConsumerCoordinator  : [Consumer clientId=consumer-anonymous.71319fe6-9081-4354-a696-fc4667b331dc-4, groupId=anonymous.71319fe6-9081-4354-a696-fc4667b331dc] Found no committed offset for partition springCloudBus-0
2026-08-30T13:06:55.048+05:30  INFO 38280 --- [bmp-notification-service] [pool-3-thread-1] o.a.k.c.c.internals.ConsumerCoordinator  : [Consumer clientId=consumer-anonymous.71319fe6-9081-4354-a696-fc4667b331dc-4, groupId=anonymous.71319fe6-9081-4354-a696-fc4667b331dc] Found no committed offset for partition springCloudBus-0
2026-08-30T13:07:55.072+05:30  INFO 38280 --- [bmp-notification-service] [pool-3-thread-1] o.a.k.c.c.internals.ConsumerCoordinator  : [Consumer clientId=consumer-anonymous.71319fe6-9081-4354-a696-fc4667b331dc-4, groupId=anonymous.71319fe6-9081-4354-a696-fc4667b331dc] Found no committed offset for partition springCloudBus-0
2026-08-30T13:08:55.100+05:30  INFO 38280 --- [bmp-notification-service] [pool-3-thread-1] o.a.k.c.c.internals.ConsumerCoordinator  : [Consumer clientId=consumer-anonymous.71319fe6-9081-4354-a696-fc4667b331dc-4, groupId=anonymous.71319fe6-9081-4354-a696-fc4667b331dc] Found no committed offset for partition springCloudBus-0
2026-08-30T13:09:17.821+05:30  INFO 38280 --- [bmp-notification-service] [rap-executor-%d] c.n.d.s.r.aws.ConfigClusterResolver      : Resolving eureka endpoints via configuration
2026-08-30T13:09:55.124+05:30  INFO 38280 --- [bmp-notification-service] [pool-3-thread-1] o.a.k.c.c.internals.ConsumerCoordinator  : [Consumer clientId=consumer-anonymous.71319fe6-9081-4354-a696-fc4667b331dc-4, groupId=anonymous.71319fe6-9081-4354-a696-fc4667b331dc] Found no committed offset for partition springCloudBus-0
2026-08-30T13:10:55.141+05:30  INFO 38280 --- [bmp-notification-service] [pool-3-thread-1] o.a.k.c.c.internals.ConsumerCoordinator  : [Consumer clientId=consumer-anonymous.71319fe6-9081-4354-a696-fc4667b331dc-4, groupId=anonymous.71319fe6-9081-4354-a696-fc4667b331dc] Found no committed offset for partition springCloudBus-0
2026-08-30T13:11:55.154+05:30  INFO 38280 --- [bmp-notification-service] [pool-3-thread-1] o.a.k.c.c.internals.ConsumerCoordinator  : [Consumer clientId=consumer-anonymous.71319fe6-9081-4354-a696-fc4667b331dc-4, groupId=anonymous.71319fe6-9081-4354-a696-fc4667b331dc] Found no committed offset for partition springCloudBus-0
2026-08-30T13:12:55.175+05:30  INFO 38280 --- [bmp-notification-service] [pool-3-thread-1] o.a.k.c.c.internals.ConsumerCoordinator  : [Consumer clientId=consumer-anonymous.71319fe6-9081-4354-a696-fc4667b331dc-4, groupId=anonymous.71319fe6-9081-4354-a696-fc4667b331dc] Found no committed offset for partition springCloudBus-0
2026-08-30T13:13:55.201+05:30  INFO 38280 --- [bmp-notification-service] [pool-3-thread-1] o.a.k.c.c.internals.ConsumerCoordinator  : [Consumer clientId=consumer-anonymous.71319fe6-9081-4354-a696-fc4667b331dc-4, groupId=anonymous.71319fe6-9081-4354-a696-fc4667b331dc] Found no committed offset for partition springCloudBus-0
2026-08-30T13:14:17.830+05:30  INFO 38280 --- [bmp-notification-service] [rap-executor-%d] c.n.d.s.r.aws.ConfigClusterResolver      : Resolving eureka endpoints via configuration
2026-08-30T13:14:55.229+05:30  INFO 38280 --- [bmp-notification-service] [pool-3-thread-1] o.a.k.c.c.internals.ConsumerCoordinator  : [Consumer clientId=consumer-anonymous.71319fe6-9081-4354-a696-fc4667b331dc-4, groupId=anonymous.71319fe6-9081-4354-a696-fc4667b331dc] Found no committed offset for partition springCloudBus-0
2026-08-30T13:15:55.240+05:30  INFO 38280 --- [bmp-notification-service] [pool-3-thread-1] o.a.k.c.c.internals.ConsumerCoordinator  : [Consumer clientId=consumer-anonymous.71319fe6-9081-4354-a696-fc4667b331dc-4, groupId=anonymous.71319fe6-9081-4354-a696-fc4667b331dc] Found no committed offset for partition springCloudBus-0
2026-08-30T13:16:55.265+05:30  INFO 38280 --- [bmp-notification-service] [pool-3-thread-1] o.a.k.c.c.internals.ConsumerCoordinator  : [Consumer clientId=consumer-anonymous.71319fe6-9081-4354-a696-fc4667b331dc-4, groupId=anonymous.71319fe6-9081-4354-a696-fc4667b331dc] Found no committed offset for partition springCloudBus-0
2026-08-30T13:17:55.283+05:30  INFO 38280 --- [bmp-notification-service] [pool-3-thread-1] o.a.k.c.c.internals.ConsumerCoordinator  : [Consumer clientId=consumer-anonymous.71319fe6-9081-4354-a696-fc4667b331dc-4, groupId=anonymous.71319fe6-9081-4354-a696-fc4667b331dc] Found no committed offset for partition springCloudBus-0
2026-08-30T13:18:55.308+05:30  INFO 38280 --- [bmp-notification-service] [pool-3-thread-1] o.a.k.c.c.internals.ConsumerCoordinator  : [Consumer clientId=consumer-anonymous.71319fe6-9081-4354-a696-fc4667b331dc-4, groupId=anonymous.71319fe6-9081-4354-a696-fc4667b331dc] Found no committed offset for partition springCloudBus-0
2026-08-30T13:19:17.837+05:30  INFO 38280 --- [bmp-notification-service] [rap-executor-%d] c.n.d.s.r.aws.ConfigClusterResolver      : Resolving eureka endpoints via configuration
2026-08-30T13:19:55.348+05:30  INFO 38280 --- [bmp-notification-service] [pool-3-thread-1] o.a.k.c.c.internals.ConsumerCoordinator  : [Consumer clientId=consumer-anonymous.71319fe6-9081-4354-a696-fc4667b331dc-4, groupId=anonymous.71319fe6-9081-4354-a696-fc4667b331dc] Found no committed offset for partition springCloudBus-0
2026-08-30T13:20:55.378+05:30  INFO 38280 --- [bmp-notification-service] [pool-3-thread-1] o.a.k.c.c.internals.ConsumerCoordinator  : [Consumer clientId=consumer-anonymous.71319fe6-9081-4354-a696-fc4667b331dc-4, groupId=anonymous.71319fe6-9081-4354-a696-fc4667b331dc] Found no committed offset for partition springCloudBus-0
2026-08-30T13:21:55.399+05:30  INFO 38280 --- [bmp-notification-service] [pool-3-thread-1] o.a.k.c.c.internals.ConsumerCoordinator  : [Consumer clientId=consumer-anonymous.71319fe6-9081-4354-a696-fc4667b331dc-4, groupId=anonymous.71319fe6-9081-4354-a696-fc4667b331dc] Found no committed offset for partition springCloudBus-0
2026-08-30T13:22:55.419+05:30  INFO 38280 --- [bmp-notification-service] [pool-3-thread-1] o.a.k.c.c.internals.ConsumerCoordinator  : [Consumer clientId=consumer-anonymous.71319fe6-9081-4354-a696-fc4667b331dc-4, groupId=anonymous.71319fe6-9081-4354-a696-fc4667b331dc] Found no committed offset for partition springCloudBus-0
2026-08-30T13:23:55.443+05:30  INFO 38280 --- [bmp-notification-service] [pool-3-thread-1] o.a.k.c.c.internals.ConsumerCoordinator  : [Consumer clientId=consumer-anonymous.71319fe6-9081-4354-a696-fc4667b331dc-4, groupId=anonymous.71319fe6-9081-4354-a696-fc4667b331dc] Found no committed offset for partition springCloudBus-0
2026-08-30T13:24:17.844+05:30  INFO 38280 --- [bmp-notification-service] [rap-executor-%d] c.n.d.s.r.aws.ConfigClusterResolver      : Resolving eureka endpoints via configuration
2026-08-30T13:24:55.462+05:30  INFO 38280 --- [bmp-notification-service] [pool-3-thread-1] o.a.k.c.c.internals.ConsumerCoordinator  : [Consumer clientId=consumer-anonymous.71319fe6-9081-4354-a696-fc4667b331dc-4, groupId=anonymous.71319fe6-9081-4354-a696-fc4667b331dc] Found no committed offset for partition springCloudBus-0
2026-08-30T13:25:55.469+05:30  INFO 38280 --- [bmp-notification-service] [pool-3-thread-1] o.a.k.c.c.internals.ConsumerCoordinator  : [Consumer clientId=consumer-anonymous.71319fe6-9081-4354-a696-fc4667b331dc-4, groupId=anonymous.71319fe6-9081-4354-a696-fc4667b331dc] Found no committed offset for partition springCloudBus-0
2026-08-30T13:26:55.491+05:30  INFO 38280 --- [bmp-notification-service] [pool-3-thread-1] o.a.k.c.c.internals.ConsumerCoordinator  : [Consumer clientId=consumer-anonymous.71319fe6-9081-4354-a696-fc4667b331dc-4, groupId=anonymous.71319fe6-9081-4354-a696-fc4667b331dc] Found no committed offset for partition springCloudBus-0
2026-08-30T13:27:55.506+05:30  INFO 38280 --- [bmp-notification-service] [pool-3-thread-1] o.a.k.c.c.internals.ConsumerCoordinator  : [Consumer clientId=consumer-anonymous.71319fe6-9081-4354-a696-fc4667b331dc-4, groupId=anonymous.71319fe6-9081-4354-a696-fc4667b331dc] Found no committed offset for partition springCloudBus-0
2026-08-30T13:28:55.522+05:30  INFO 38280 --- [bmp-notification-service] [pool-3-thread-1] o.a.k.c.c.internals.ConsumerCoordinator  : [Consumer clientId=consumer-anonymous.71319fe6-9081-4354-a696-fc4667b331dc-4, groupId=anonymous.71319fe6-9081-4354-a696-fc4667b331dc] Found no committed offset for partition springCloudBus-0
2026-08-30T13:29:17.850+05:30  INFO 38280 --- [bmp-notification-service] [rap-executor-%d] c.n.d.s.r.aws.ConfigClusterResolver      : Resolving eureka endpoints via configuration
2026-08-30T13:29:55.535+05:30  INFO 38280 --- [bmp-notification-service] [pool-3-thread-1] o.a.k.c.c.internals.ConsumerCoordinator  : [Consumer clientId=consumer-anonymous.71319fe6-9081-4354-a696-fc4667b331dc-4, groupId=anonymous.71319fe6-9081-4354-a696-fc4667b331dc] Found no committed offset for partition springCloudBus-0
2026-08-30T13:30:55.560+05:30  INFO 38280 --- [bmp-notification-service] [pool-3-thread-1] o.a.k.c.c.internals.ConsumerCoordinator  : [Consumer clientId=consumer-anonymous.71319fe6-9081-4354-a696-fc4667b331dc-4, groupId=anonymous.71319fe6-9081-4354-a696-fc4667b331dc] Found no committed offset for partition springCloudBus-0
2026-08-30T13:31:55.581+05:30  INFO 38280 --- [bmp-notification-service] [pool-3-thread-1] o.a.k.c.c.internals.ConsumerCoordinator  : [Consumer clientId=consumer-anonymous.71319fe6-9081-4354-a696-fc4667b331dc-4, groupId=anonymous.71319fe6-9081-4354-a696-fc4667b331dc] Found no committed offset for partition springCloudBus-0
2026-08-30T13:32:55.590+05:30  INFO 38280 --- [bmp-notification-service] [pool-3-thread-1] o.a.k.c.c.internals.ConsumerCoordinator  : [Consumer clientId=consumer-anonymous.71319fe6-9081-4354-a696-fc4667b331dc-4, groupId=anonymous.71319fe6-9081-4354-a696-fc4667b331dc] Found no committed offset for partition springCloudBus-0
2026-08-30T13:33:55.610+05:30  INFO 38280 --- [bmp-notification-service] [pool-3-thread-1] o.a.k.c.c.internals.ConsumerCoordinator  : [Consumer clientId=consumer-anonymous.71319fe6-9081-4354-a696-fc4667b331dc-4, groupId=anonymous.71319fe6-9081-4354-a696-fc4667b331dc] Found no committed offset for partition springCloudBus-0
2026-08-30T13:34:17.865+05:30  INFO 38280 --- [bmp-notification-service] [rap-executor-%d] c.n.d.s.r.aws.ConfigClusterResolver      : Resolving eureka endpoints via configuration
2026-08-30T13:34:55.629+05:30  INFO 38280 --- [bmp-notification-service] [pool-3-thread-1] o.a.k.c.c.internals.ConsumerCoordinator  : [Consumer clientId=consumer-anonymous.71319fe6-9081-4354-a696-fc4667b331dc-4, groupId=anonymous.71319fe6-9081-4354-a696-fc4667b331dc] Found no committed offset for partition springCloudBus-0
2026-08-30T13:35:55.652+05:30  INFO 38280 --- [bmp-notification-service] [pool-3-thread-1] o.a.k.c.c.internals.ConsumerCoordinator  : [Consumer clientId=consumer-anonymous.71319fe6-9081-4354-a696-fc4667b331dc-4, groupId=anonymous.71319fe6-9081-4354-a696-fc4667b331dc] Found no committed offset for partition springCloudBus-0
2026-08-30T13:36:55.674+05:30  INFO 38280 --- [bmp-notification-service] [pool-3-thread-1] o.a.k.c.c.internals.ConsumerCoordinator  : [Consumer clientId=consumer-anonymous.71319fe6-9081-4354-a696-fc4667b331dc-4, groupId=anonymous.71319fe6-9081-4354-a696-fc4667b331dc] Found no committed offset for partition springCloudBus-0
2026-08-30T13:37:55.689+05:30  INFO 38280 --- [bmp-notification-service] [pool-3-thread-1] o.a.k.c.c.internals.ConsumerCoordinator  : [Consumer clientId=consumer-anonymous.71319fe6-9081-4354-a696-fc4667b331dc-4, groupId=anonymous.71319fe6-9081-4354-a696-fc4667b331dc] Found no committed offset for partition springCloudBus-0
2026-08-30T13:38:55.708+05:30  INFO 38280 --- [bmp-notification-service] [pool-3-thread-1] o.a.k.c.c.internals.ConsumerCoordinator  : [Consumer clientId=consumer-anonymous.71319fe6-9081-4354-a696-fc4667b331dc-4, groupId=anonymous.71319fe6-9081-4354-a696-fc4667b331dc] Found no committed offset for partition springCloudBus-0
2026-08-30T13:39:17.880+05:30  INFO 38280 --- [bmp-notification-service] [rap-executor-%d] c.n.d.s.r.aws.ConfigClusterResolver      : Resolving eureka endpoints via configuration
2026-08-30T13:39:55.732+05:30  INFO 38280 --- [bmp-notification-service] [pool-3-thread-1] o.a.k.c.c.internals.ConsumerCoordinator  : [Consumer clientId=consumer-anonymous.71319fe6-9081-4354-a696-fc4667b331dc-4, groupId=anonymous.71319fe6-9081-4354-a696-fc4667b331dc] Found no committed offset for partition springCloudBus-0
2026-08-30T13:40:55.755+05:30  INFO 38280 --- [bmp-notification-service] [pool-3-thread-1] o.a.k.c.c.internals.ConsumerCoordinator  : [Consumer clientId=consumer-anonymous.71319fe6-9081-4354-a696-fc4667b331dc-4, groupId=anonymous.71319fe6-9081-4354-a696-fc4667b331dc] Found no committed offset for partition springCloudBus-0
2026-08-30T13:41:55.778+05:30  INFO 38280 --- [bmp-notification-service] [pool-3-thread-1] o.a.k.c.c.internals.ConsumerCoordinator  : [Consumer clientId=consumer-anonymous.71319fe6-9081-4354-a696-fc4667b331dc-4, groupId=anonymous.71319fe6-9081-4354-a696-fc4667b331dc] Found no committed offset for partition springCloudBus-0
2026-08-30T13:42:55.792+05:30  INFO 38280 --- [bmp-notification-service] [pool-3-thread-1] o.a.k.c.c.internals.ConsumerCoordinator  : [Consumer clientId=consumer-anonymous.71319fe6-9081-4354-a696-fc4667b331dc-4, groupId=anonymous.71319fe6-9081-4354-a696-fc4667b331dc] Found no committed offset for partition springCloudBus-0
2026-08-30T13:43:55.809+05:30  INFO 38280 --- [bmp-notification-service] [pool-3-thread-1] o.a.k.c.c.internals.ConsumerCoordinator  : [Consumer clientId=consumer-anonymous.71319fe6-9081-4354-a696-fc4667b331dc-4, groupId=anonymous.71319fe6-9081-4354-a696-fc4667b331dc] Found no committed offset for partition springCloudBus-0
2026-08-30T13:44:17.895+05:30  INFO 38280 --- [bmp-notification-service] [rap-executor-%d] c.n.d.s.r.aws.ConfigClusterResolver      : Resolving eureka endpoints via configuration
2026-08-30T13:44:55.831+05:30  INFO 38280 --- [bmp-notification-service] [pool-3-thread-1] o.a.k.c.c.internals.ConsumerCoordinator  : [Consumer clientId=consumer-anonymous.71319fe6-9081-4354-a696-fc4667b331dc-4, groupId=anonymous.71319fe6-9081-4354-a696-fc4667b331dc] Found no committed offset for partition springCloudBus-0
2026-08-30T13:45:55.853+05:30  INFO 38280 --- [bmp-notification-service] [pool-3-thread-1] o.a.k.c.c.internals.ConsumerCoordinator  : [Consumer clientId=consumer-anonymous.71319fe6-9081-4354-a696-fc4667b331dc-4, groupId=anonymous.71319fe6-9081-4354-a696-fc4667b331dc] Found no committed offset for partition springCloudBus-0
2026-08-30T13:46:55.876+05:30  INFO 38280 --- [bmp-notification-service] [pool-3-thread-1] o.a.k.c.c.internals.ConsumerCoordinator  : [Consumer clientId=consumer-anonymous.71319fe6-9081-4354-a696-fc4667b331dc-4, groupId=anonymous.71319fe6-9081-4354-a696-fc4667b331dc] Found no committed offset for partition springCloudBus-0
2026-08-30T13:47:55.990+05:30  INFO 38280 --- [bmp-notification-service] [pool-3-thread-1] o.a.k.c.c.internals.ConsumerCoordinator  : [Consumer clientId=consumer-anonymous.71319fe6-9081-4354-a696-fc4667b331dc-4, groupId=anonymous.71319fe6-9081-4354-a696-fc4667b331dc] Found no committed offset for partition springCloudBus-0
2026-08-30T13:48:56.013+05:30  INFO 38280 --- [bmp-notification-service] [pool-3-thread-1] o.a.k.c.c.internals.ConsumerCoordinator  : [Consumer clientId=consumer-anonymous.71319fe6-9081-4354-a696-fc4667b331dc-4, groupId=anonymous.71319fe6-9081-4354-a696-fc4667b331dc] Found no committed offset for partition springCloudBus-0
2026-08-30T13:49:17.903+05:30  INFO 38280 --- [bmp-notification-service] [rap-executor-%d] c.n.d.s.r.aws.ConfigClusterResolver      : Resolving eureka endpoints via configuration
2026-08-30T13:49:56.036+05:30  INFO 38280 --- [bmp-notification-service] [pool-3-thread-1] o.a.k.c.c.internals.ConsumerCoordinator  : [Consumer clientId=consumer-anonymous.71319fe6-9081-4354-a696-fc4667b331dc-4, groupId=anonymous.71319fe6-9081-4354-a696-fc4667b331dc] Found no committed offset for partition springCloudBus-0
2026-08-30T13:50:56.045+05:30  INFO 38280 --- [bmp-notification-service] [pool-3-thread-1] o.a.k.c.c.internals.ConsumerCoordinator  : [Consumer clientId=consumer-anonymous.71319fe6-9081-4354-a696-fc4667b331dc-4, groupId=anonymous.71319fe6-9081-4354-a696-fc4667b331dc] Found no committed offset for partition springCloudBus-0
2026-08-30T13:51:56.055+05:30  INFO 38280 --- [bmp-notification-service] [pool-3-thread-1] o.a.k.c.c.internals.ConsumerCoordinator  : [Consumer clientId=consumer-anonymous.71319fe6-9081-4354-a696-fc4667b331dc-4, groupId=anonymous.71319fe6-9081-4354-a696-fc4667b331dc] Found no committed offset for partition springCloudBus-0
2026-08-30T13:52:56.076+05:30  INFO 38280 --- [bmp-notification-service] [pool-3-thread-1] o.a.k.c.c.internals.ConsumerCoordinator  : [Consumer clientId=consumer-anonymous.71319fe6-9081-4354-a696-fc4667b331dc-4, groupId=anonymous.71319fe6-9081-4354-a696-fc4667b331dc] Found no committed offset for partition springCloudBus-0
2026-08-30T13:53:56.088+05:30  INFO 38280 --- [bmp-notification-service] [pool-3-thread-1] o.a.k.c.c.internals.ConsumerCoordinator  : [Consumer clientId=consumer-anonymous.71319fe6-9081-4354-a696-fc4667b331dc-4, groupId=anonymous.71319fe6-9081-4354-a696-fc4667b331dc] Found no committed offset for partition springCloudBus-0
2026-08-30T13:54:17.917+05:30  INFO 38280 --- [bmp-notification-service] [rap-executor-%d] c.n.d.s.r.aws.ConfigClusterResolver      : Resolving eureka endpoints via configuration
2026-08-30T13:54:56.115+05:30  INFO 38280 --- [bmp-notification-service] [pool-3-thread-1] o.a.k.c.c.internals.ConsumerCoordinator  : [Consumer clientId=consumer-anonymous.71319fe6-9081-4354-a696-fc4667b331dc-4, groupId=anonymous.71319fe6-9081-4354-a696-fc4667b331dc] Found no committed offset for partition springCloudBus-0
2026-08-30T13:55:56.160+05:30  INFO 38280 --- [bmp-notification-service] [pool-3-thread-1] o.a.k.c.c.internals.ConsumerCoordinator  : [Consumer clientId=consumer-anonymous.71319fe6-9081-4354-a696-fc4667b331dc-4, groupId=anonymous.71319fe6-9081-4354-a696-fc4667b331dc] Found no committed offset for partition springCloudBus-0
2026-08-30T13:56:56.177+05:30  INFO 38280 --- [bmp-notification-service] [pool-3-thread-1] o.a.k.c.c.internals.ConsumerCoordinator  : [Consumer clientId=consumer-anonymous.71319fe6-9081-4354-a696-fc4667b331dc-4, groupId=anonymous.71319fe6-9081-4354-a696-fc4667b331dc] Found no committed offset for partition springCloudBus-0
2026-08-30T13:57:56.201+05:30  INFO 38280 --- [bmp-notification-service] [pool-3-thread-1] o.a.k.c.c.internals.ConsumerCoordinator  : [Consumer clientId=consumer-anonymous.71319fe6-9081-4354-a696-fc4667b331dc-4, groupId=anonymous.71319fe6-9081-4354-a696-fc4667b331dc] Found no committed offset for partition springCloudBus-0
2026-08-30T13:58:56.211+05:30  INFO 38280 --- [bmp-notification-service] [pool-3-thread-1] o.a.k.c.c.internals.ConsumerCoordinator  : [Consumer clientId=consumer-anonymous.71319fe6-9081-4354-a696-fc4667b331dc-4, groupId=anonymous.71319fe6-9081-4354-a696-fc4667b331dc] Found no committed offset for partition springCloudBus-0
2026-08-30T13:59:17.925+05:30  INFO 38280 --- [bmp-notification-service] [rap-executor-%d] c.n.d.s.r.aws.ConfigClusterResolver      : Resolving eureka endpoints via configuration
2026-08-30T13:59:56.232+05:30  INFO 38280 --- [bmp-notification-service] [pool-3-thread-1] o.a.k.c.c.internals.ConsumerCoordinator  : [Consumer clientId=consumer-anonymous.71319fe6-9081-4354-a696-fc4667b331dc-4, groupId=anonymous.71319fe6-9081-4354-a696-fc4667b331dc] Found no committed offset for partition springCloudBus-0
2026-08-30T14:00:56.245+05:30  INFO 38280 --- [bmp-notification-service] [pool-3-thread-1] o.a.k.c.c.internals.ConsumerCoordinator  : [Consumer clientId=consumer-anonymous.71319fe6-9081-4354-a696-fc4667b331dc-4, groupId=anonymous.71319fe6-9081-4354-a696-fc4667b331dc] Found no committed offset for partition springCloudBus-0
2026-08-30T14:01:56.257+05:30  INFO 38280 --- [bmp-notification-service] [pool-3-thread-1] o.a.k.c.c.internals.ConsumerCoordinator  : [Consumer clientId=consumer-anonymous.71319fe6-9081-4354-a696-fc4667b331dc-4, groupId=anonymous.71319fe6-9081-4354-a696-fc4667b331dc] Found no committed offset for partition springCloudBus-0
2026-08-30T14:02:56.279+05:30  INFO 38280 --- [bmp-notification-service] [pool-3-thread-1] o.a.k.c.c.internals.ConsumerCoordinator  : [Consumer clientId=consumer-anonymous.71319fe6-9081-4354-a696-fc4667b331dc-4, groupId=anonymous.71319fe6-9081-4354-a696-fc4667b331dc] Found no committed offset for partition springCloudBus-0
2026-08-30T14:03:56.298+05:30  INFO 38280 --- [bmp-notification-service] [pool-3-thread-1] o.a.k.c.c.internals.ConsumerCoordinator  : [Consumer clientId=consumer-anonymous.71319fe6-9081-4354-a696-fc4667b331dc-4, groupId=anonymous.71319fe6-9081-4354-a696-fc4667b331dc] Found no committed offset for partition springCloudBus-0
2026-08-30T14:04:17.934+05:30  INFO 38280 --- [bmp-notification-service] [rap-executor-%d] c.n.d.s.r.aws.ConfigClusterResolver      : Resolving eureka endpoints via configuration
2026-08-30T14:04:56.310+05:30  INFO 38280 --- [bmp-notification-service] [pool-3-thread-1] o.a.k.c.c.internals.ConsumerCoordinator  : [Consumer clientId=consumer-anonymous.71319fe6-9081-4354-a696-fc4667b331dc-4, groupId=anonymous.71319fe6-9081-4354-a696-fc4667b331dc] Found no committed offset for partition springCloudBus-0
2026-08-30T14:05:56.327+05:30  INFO 38280 --- [bmp-notification-service] [pool-3-thread-1] o.a.k.c.c.internals.ConsumerCoordinator  : [Consumer clientId=consumer-anonymous.71319fe6-9081-4354-a696-fc4667b331dc-4, groupId=anonymous.71319fe6-9081-4354-a696-fc4667b331dc] Found no committed offset for partition springCloudBus-0
2026-08-30T14:06:56.335+05:30  INFO 38280 --- [bmp-notification-service] [pool-3-thread-1] o.a.k.c.c.internals.ConsumerCoordinator  : [Consumer clientId=consumer-anonymous.71319fe6-9081-4354-a696-fc4667b331dc-4, groupId=anonymous.71319fe6-9081-4354-a696-fc4667b331dc] Found no committed offset for partition springCloudBus-0
2026-08-30T14:07:56.343+05:30  INFO 38280 --- [bmp-notification-service] [pool-3-thread-1] o.a.k.c.c.internals.ConsumerCoordinator  : [Consumer clientId=consumer-anonymous.71319fe6-9081-4354-a696-fc4667b331dc-4, groupId=anonymous.71319fe6-9081-4354-a696-fc4667b331dc] Found no committed offset for partition springCloudBus-0
2026-08-30T14:08:56.354+05:30  INFO 38280 --- [bmp-notification-service] [pool-3-thread-1] o.a.k.c.c.internals.ConsumerCoordinator  : [Consumer clientId=consumer-anonymous.71319fe6-9081-4354-a696-fc4667b331dc-4, groupId=anonymous.71319fe6-9081-4354-a696-fc4667b331dc] Found no committed offset for partition springCloudBus-0
2026-08-30T14:09:17.935+05:30  INFO 38280 --- [bmp-notification-service] [rap-executor-%d] c.n.d.s.r.aws.ConfigClusterResolver      : Resolving eureka endpoints via configuration
2026-08-30T14:09:56.375+05:30  INFO 38280 --- [bmp-notification-service] [pool-3-thread-1] o.a.k.c.c.internals.ConsumerCoordinator  : [Consumer clientId=consumer-anonymous.71319fe6-9081-4354-a696-fc4667b331dc-4, groupId=anonymous.71319fe6-9081-4354-a696-fc4667b331dc] Found no committed offset for partition springCloudBus-0
2026-08-30T14:10:56.395+05:30  INFO 38280 --- [bmp-notification-service] [pool-3-thread-1] o.a.k.c.c.internals.ConsumerCoordinator  : [Consumer clientId=consumer-anonymous.71319fe6-9081-4354-a696-fc4667b331dc-4, groupId=anonymous.71319fe6-9081-4354-a696-fc4667b331dc] Found no committed offset for partition springCloudBus-0
2026-08-30T14:11:56.411+05:30  INFO 38280 --- [bmp-notification-service] [pool-3-thread-1] o.a.k.c.c.internals.ConsumerCoordinator  : [Consumer clientId=consumer-anonymous.71319fe6-9081-4354-a696-fc4667b331dc-4, groupId=anonymous.71319fe6-9081-4354-a696-fc4667b331dc] Found no committed offset for partition springCloudBus-0
2026-08-30T14:12:56.429+05:30  INFO 38280 --- [bmp-notification-service] [pool-3-thread-1] o.a.k.c.c.internals.ConsumerCoordinator  : [Consumer clientId=consumer-anonymous.71319fe6-9081-4354-a696-fc4667b331dc-4, groupId=anonymous.71319fe6-9081-4354-a696-fc4667b331dc] Found no committed offset for partition springCloudBus-0
2026-08-30T14:13:56.445+05:30  INFO 38280 --- [bmp-notification-service] [pool-3-thread-1] o.a.k.c.c.internals.ConsumerCoordinator  : [Consumer clientId=consumer-anonymous.71319fe6-9081-4354-a696-fc4667b331dc-4, groupId=anonymous.71319fe6-9081-4354-a696-fc4667b331dc] Found no committed offset for partition springCloudBus-0
2026-08-30T14:14:17.946+05:30  INFO 38280 --- [bmp-notification-service] [rap-executor-%d] c.n.d.s.r.aws.ConfigClusterResolver      : Resolving eureka endpoints via configuration
2026-08-30T14:14:56.468+05:30  INFO 38280 --- [bmp-notification-service] [pool-3-thread-1] o.a.k.c.c.internals.ConsumerCoordinator  : [Consumer clientId=consumer-anonymous.71319fe6-9081-4354-a696-fc4667b331dc-4, groupId=anonymous.71319fe6-9081-4354-a696-fc4667b331dc] Found no committed offset for partition springCloudBus-0
2026-08-30T14:15:56.499+05:30  INFO 38280 --- [bmp-notification-service] [pool-3-thread-1] o.a.k.c.c.internals.ConsumerCoordinator  : [Consumer clientId=consumer-anonymous.71319fe6-9081-4354-a696-fc4667b331dc-4, groupId=anonymous.71319fe6-9081-4354-a696-fc4667b331dc] Found no committed offset for partition springCloudBus-0
2026-08-30T14:16:56.590+05:30  INFO 38280 --- [bmp-notification-service] [pool-3-thread-1] o.a.k.c.c.internals.ConsumerCoordinator  : [Consumer clientId=consumer-anonymous.71319fe6-9081-4354-a696-fc4667b331dc-4, groupId=anonymous.71319fe6-9081-4354-a696-fc4667b331dc] Found no committed offset for partition springCloudBus-0
2026-08-30T14:17:56.605+05:30  INFO 38280 --- [bmp-notification-service] [pool-3-thread-1] o.a.k.c.c.internals.ConsumerCoordinator  : [Consumer clientId=consumer-anonymous.71319fe6-9081-4354-a696-fc4667b331dc-4, groupId=anonymous.71319fe6-9081-4354-a696-fc4667b331dc] Found no committed offset for partition springCloudBus-0
2026-08-30T14:18:56.624+05:30  INFO 38280 --- [bmp-notification-service] [pool-3-thread-1] o.a.k.c.c.internals.ConsumerCoordinator  : [Consumer clientId=consumer-anonymous.71319fe6-9081-4354-a696-fc4667b331dc-4, groupId=anonymous.71319fe6-9081-4354-a696-fc4667b331dc] Found no committed offset for partition springCloudBus-0
2026-08-30T14:19:17.956+05:30  INFO 38280 --- [bmp-notification-service] [rap-executor-%d] c.n.d.s.r.aws.ConfigClusterResolver      : Resolving eureka endpoints via configuration
2026-08-30T14:19:56.655+05:30  INFO 38280 --- [bmp-notification-service] [pool-3-thread-1] o.a.k.c.c.internals.ConsumerCoordinator  : [Consumer clientId=consumer-anonymous.71319fe6-9081-4354-a696-fc4667b331dc-4, groupId=anonymous.71319fe6-9081-4354-a696-fc4667b331dc] Found no committed offset for partition springCloudBus-0
2026-08-30T14:20:56.677+05:30  INFO 38280 --- [bmp-notification-service] [pool-3-thread-1] o.a.k.c.c.internals.ConsumerCoordinator  : [Consumer clientId=consumer-anonymous.71319fe6-9081-4354-a696-fc4667b331dc-4, groupId=anonymous.71319fe6-9081-4354-a696-fc4667b331dc] Found no committed offset for partition springCloudBus-0
2026-08-30T14:21:56.711+05:30  INFO 38280 --- [bmp-notification-service] [pool-3-thread-1] o.a.k.c.c.internals.ConsumerCoordinator  : [Consumer clientId=consumer-anonymous.71319fe6-9081-4354-a696-fc4667b331dc-4, groupId=anonymous.71319fe6-9081-4354-a696-fc4667b331dc] Found no committed offset for partition springCloudBus-0
2026-08-30T14:22:56.739+05:30  INFO 38280 --- [bmp-notification-service] [pool-3-thread-1] o.a.k.c.c.internals.ConsumerCoordinator  : [Consumer clientId=consumer-anonymous.71319fe6-9081-4354-a696-fc4667b331dc-4, groupId=anonymous.71319fe6-9081-4354-a696-fc4667b331dc] Found no committed offset for partition springCloudBus-0
2026-08-30T14:23:56.783+05:30  INFO 38280 --- [bmp-notification-service] [pool-3-thread-1] o.a.k.c.c.internals.ConsumerCoordinator  : [Consumer clientId=consumer-anonymous.71319fe6-9081-4354-a696-fc4667b331dc-4, groupId=anonymous.71319fe6-9081-4354-a696-fc4667b331dc] Found no committed offset for partition springCloudBus-0
2026-08-30T14:24:17.965+05:30  INFO 38280 --- [bmp-notification-service] [rap-executor-%d] c.n.d.s.r.aws.ConfigClusterResolver      : Resolving eureka endpoints via configuration
2026-08-30T14:24:56.814+05:30  INFO 38280 --- [bmp-notification-service] [pool-3-thread-1] o.a.k.c.c.internals.ConsumerCoordinator  : [Consumer clientId=consumer-anonymous.71319fe6-9081-4354-a696-fc4667b331dc-4, groupId=anonymous.71319fe6-9081-4354-a696-fc4667b331dc] Found no committed offset for partition springCloudBus-0
2026-08-30T14:25:56.842+05:30  INFO 38280 --- [bmp-notification-service] [pool-3-thread-1] o.a.k.c.c.internals.ConsumerCoordinator  : [Consumer clientId=consumer-anonymous.71319fe6-9081-4354-a696-fc4667b331dc-4, groupId=anonymous.71319fe6-9081-4354-a696-fc4667b331dc] Found no committed offset for partition springCloudBus-0
2026-08-30T14:26:56.866+05:30  INFO 38280 --- [bmp-notification-service] [pool-3-thread-1] o.a.k.c.c.internals.ConsumerCoordinator  : [Consumer clientId=consumer-anonymous.71319fe6-9081-4354-a696-fc4667b331dc-4, groupId=anonymous.71319fe6-9081-4354-a696-fc4667b331dc] Found no committed offset for partition springCloudBus-0
2026-08-30T14:27:56.889+05:30  INFO 38280 --- [bmp-notification-service] [pool-3-thread-1] o.a.k.c.c.internals.ConsumerCoordinator  : [Consumer clientId=consumer-anonymous.71319fe6-9081-4354-a696-fc4667b331dc-4, groupId=anonymous.71319fe6-9081-4354-a696-fc4667b331dc] Found no committed offset for partition springCloudBus-0
2026-08-30T14:28:56.914+05:30  INFO 38280 --- [bmp-notification-service] [pool-3-thread-1] o.a.k.c.c.internals.ConsumerCoordinator  : [Consumer clientId=consumer-anonymous.71319fe6-9081-4354-a696-fc4667b331dc-4, groupId=anonymous.71319fe6-9081-4354-a696-fc4667b331dc] Found no committed offset for partition springCloudBus-0
2026-08-30T14:29:17.973+05:30  INFO 38280 --- [bmp-notification-service] [rap-executor-%d] c.n.d.s.r.aws.ConfigClusterResolver      : Resolving eureka endpoints via configuration
2026-08-30T14:29:56.942+05:30  INFO 38280 --- [bmp-notification-service] [pool-3-thread-1] o.a.k.c.c.internals.ConsumerCoordinator  : [Consumer clientId=consumer-anonymous.71319fe6-9081-4354-a696-fc4667b331dc-4, groupId=anonymous.71319fe6-9081-4354-a696-fc4667b331dc] Found no committed offset for partition springCloudBus-0
2026-08-30T14:30:56.997+05:30  INFO 38280 --- [bmp-notification-service] [pool-3-thread-1] o.a.k.c.c.internals.ConsumerCoordinator  : [Consumer clientId=consumer-anonymous.71319fe6-9081-4354-a696-fc4667b331dc-4, groupId=anonymous.71319fe6-9081-4354-a696-fc4667b331dc] Found no committed offset for partition springCloudBus-0
2026-08-30T14:31:57.030+05:30  INFO 38280 --- [bmp-notification-service] [pool-3-thread-1] o.a.k.c.c.internals.ConsumerCoordinator  : [Consumer clientId=consumer-anonymous.71319fe6-9081-4354-a696-fc4667b331dc-4, groupId=anonymous.71319fe6-9081-4354-a696-fc4667b331dc] Found no committed offset for partition springCloudBus-0
2026-08-30T14:32:57.053+05:30  INFO 38280 --- [bmp-notification-service] [pool-3-thread-1] o.a.k.c.c.internals.ConsumerCoordinator  : [Consumer clientId=consumer-anonymous.71319fe6-9081-4354-a696-fc4667b331dc-4, groupId=anonymous.71319fe6-9081-4354-a696-fc4667b331dc] Found no committed offset for partition springCloudBus-0
2026-08-30T14:33:57.086+05:30  INFO 38280 --- [bmp-notification-service] [pool-3-thread-1] o.a.k.c.c.internals.ConsumerCoordinator  : [Consumer clientId=consumer-anonymous.71319fe6-9081-4354-a696-fc4667b331dc-4, groupId=anonymous.71319fe6-9081-4354-a696-fc4667b331dc] Found no committed offset for partition springCloudBus-0
2026-08-30T14:34:17.979+05:30  INFO 38280 --- [bmp-notification-service] [rap-executor-%d] c.n.d.s.r.aws.ConfigClusterResolver      : Resolving eureka endpoints via configuration
2026-08-30T14:34:57.112+05:30  INFO 38280 --- [bmp-notification-service] [pool-3-thread-1] o.a.k.c.c.internals.ConsumerCoordinator  : [Consumer clientId=consumer-anonymous.71319fe6-9081-4354-a696-fc4667b331dc-4, groupId=anonymous.71319fe6-9081-4354-a696-fc4667b331dc] Found no committed offset for partition springCloudBus-0
2026-08-30T14:35:57.141+05:30  INFO 38280 --- [bmp-notification-service] [pool-3-thread-1] o.a.k.c.c.internals.ConsumerCoordinator  : [Consumer clientId=consumer-anonymous.71319fe6-9081-4354-a696-fc4667b331dc-4, groupId=anonymous.71319fe6-9081-4354-a696-fc4667b331dc] Found no committed offset for partition springCloudBus-0
2026-08-30T14:36:57.172+05:30  INFO 38280 --- [bmp-notification-service] [pool-3-thread-1] o.a.k.c.c.internals.ConsumerCoordinator  : [Consumer clientId=consumer-anonymous.71319fe6-9081-4354-a696-fc4667b331dc-4, groupId=anonymous.71319fe6-9081-4354-a696-fc4667b331dc] Found no committed offset for partition springCloudBus-0
2026-08-30T14:37:57.193+05:30  INFO 38280 --- [bmp-notification-service] [pool-3-thread-1] o.a.k.c.c.internals.ConsumerCoordinator  : [Consumer clientId=consumer-anonymous.71319fe6-9081-4354-a696-fc4667b331dc-4, groupId=anonymous.71319fe6-9081-4354-a696-fc4667b331dc] Found no committed offset for partition springCloudBus-0
2026-08-30T14:38:57.228+05:30  INFO 38280 --- [bmp-notification-service] [pool-3-thread-1] o.a.k.c.c.internals.ConsumerCoordinator  : [Consumer clientId=consumer-anonymous.71319fe6-9081-4354-a696-fc4667b331dc-4, groupId=anonymous.71319fe6-9081-4354-a696-fc4667b331dc] Found no committed offset for partition springCloudBus-0
2026-08-30T14:39:17.982+05:30  INFO 38280 --- [bmp-notification-service] [rap-executor-%d] c.n.d.s.r.aws.ConfigClusterResolver      : Resolving eureka endpoints via configuration
2026-08-30T14:39:57.254+05:30  INFO 38280 --- [bmp-notification-service] [pool-3-thread-1] o.a.k.c.c.internals.ConsumerCoordinator  : [Consumer clientId=consumer-anonymous.71319fe6-9081-4354-a696-fc4667b331dc-4, groupId=anonymous.71319fe6-9081-4354-a696-fc4667b331dc] Found no committed offset for partition springCloudBus-0
2026-08-30T14:40:57.280+05:30  INFO 38280 --- [bmp-notification-service] [pool-3-thread-1] o.a.k.c.c.internals.ConsumerCoordinator  : [Consumer clientId=consumer-anonymous.71319fe6-9081-4354-a696-fc4667b331dc-4, groupId=anonymous.71319fe6-9081-4354-a696-fc4667b331dc] Found no committed offset for partition springCloudBus-0
2026-08-30T14:41:57.311+05:30  INFO 38280 --- [bmp-notification-service] [pool-3-thread-1] o.a.k.c.c.internals.ConsumerCoordinator  : [Consumer clientId=consumer-anonymous.71319fe6-9081-4354-a696-fc4667b331dc-4, groupId=anonymous.71319fe6-9081-4354-a696-fc4667b331dc] Found no committed offset for partition springCloudBus-0
2026-08-30T17:42:15.869+05:30  INFO 38280 --- [bmp-notification-service] [96-fc4667b331dc] org.apache.kafka.clients.NetworkClient   : [Consumer clientId=consumer-anonymous.71319fe6-9081-4354-a696-fc4667b331dc-2, groupId=anonymous.71319fe6-9081-4354-a696-fc4667b331dc] Disconnecting from node 1 due to request timeout.
2026-08-30T17:42:16.113+05:30  INFO 38280 --- [bmp-notification-service] [96-fc4667b331dc] org.apache.kafka.clients.NetworkClient   : [Consumer clientId=consumer-anonymous.71319fe6-9081-4354-a696-fc4667b331dc-2, groupId=anonymous.71319fe6-9081-4354-a696-fc4667b331dc] Cancelled in-flight FETCH request with correlation id 115868 due to node 1 being disconnected (elapsed time since creation: 10803019ms, elapsed time since send: 10803019ms, throttle time: 0ms, request timeout: 30000ms)
2026-08-30T17:42:16.115+05:30  INFO 38280 --- [bmp-notification-service] [96-fc4667b331dc] org.apache.kafka.clients.NetworkClient   : [Consumer clientId=consumer-anonymous.71319fe6-9081-4354-a696-fc4667b331dc-2, groupId=anonymous.71319fe6-9081-4354-a696-fc4667b331dc] Disconnecting from node 2147483646 due to request timeout.
2026-08-30T17:42:16.115+05:30  INFO 38280 --- [bmp-notification-service] [96-fc4667b331dc] org.apache.kafka.clients.NetworkClient   : [Consumer clientId=consumer-anonymous.71319fe6-9081-4354-a696-fc4667b331dc-2, groupId=anonymous.71319fe6-9081-4354-a696-fc4667b331dc] Cancelled in-flight HEARTBEAT request with correlation id 115869 due to node 2147483646 being disconnected (elapsed time since creation: 10800819ms, elapsed time since send: 10800819ms, throttle time: 0ms, request timeout: 30000ms)
2026-08-30T17:42:16.236+05:30  INFO 38280 --- [bmp-notification-service] [ntainer#0-0-C-1] org.apache.kafka.clients.NetworkClient   : [Consumer clientId=consumer-bmp-notification-service-3, groupId=bmp-notification-service] Node 1 disconnected.
2026-08-30T17:42:16.236+05:30  INFO 38280 --- [bmp-notification-service] [ntainer#0-0-C-1] org.apache.kafka.clients.NetworkClient   : [Consumer clientId=consumer-bmp-notification-service-3, groupId=bmp-notification-service] Cancelled in-flight FETCH request with correlation id 115830 due to node 1 being disconnected (elapsed time since creation: 10803737ms, elapsed time since send: 10803737ms, throttle time: 0ms, request timeout: 30000ms)
2026-08-30T17:42:16.236+05:30  INFO 38280 --- [bmp-notification-service] [ntainer#0-0-C-1] org.apache.kafka.clients.NetworkClient   : [Consumer clientId=consumer-bmp-notification-service-3, groupId=bmp-notification-service] Disconnecting from node 2147483646 due to request timeout.
2026-08-30T17:42:16.236+05:30  INFO 38280 --- [bmp-notification-service] [ntainer#0-0-C-1] org.apache.kafka.clients.NetworkClient   : [Consumer clientId=consumer-bmp-notification-service-3, groupId=bmp-notification-service] Cancelled in-flight HEARTBEAT request with correlation id 115831 due to node 2147483646 being disconnected (elapsed time since creation: 10802347ms, elapsed time since send: 10802347ms, throttle time: 0ms, request timeout: 30000ms)
2026-08-30T17:42:16.238+05:30  INFO 38280 --- [bmp-notification-service] [ication-service] o.a.k.c.c.internals.ConsumerCoordinator  : [Consumer clientId=consumer-bmp-notification-service-3, groupId=bmp-notification-service] Group coordinator localhost:9092 (id: 2147483646 rack: null) is unavailable or invalid due to cause: null. isDisconnected: true. Rediscovery will be attempted.
2026-08-30T17:42:16.237+05:30  INFO 38280 --- [bmp-notification-service] [ntainer#0-0-C-1] o.a.kafka.clients.FetchSessionHandler    : [Consumer clientId=consumer-bmp-notification-service-3, groupId=bmp-notification-service] Error sending fetch request (sessionId=1088783860, epoch=19641) to node 1:

org.apache.kafka.common.errors.DisconnectException: null

2026-08-30T17:42:16.115+05:30  INFO 38280 --- [bmp-notification-service] [96-fc4667b331dc] o.a.kafka.clients.FetchSessionHandler    : [Consumer clientId=consumer-anonymous.71319fe6-9081-4354-a696-fc4667b331dc-2, groupId=anonymous.71319fe6-9081-4354-a696-fc4667b331dc] Error sending fetch request (sessionId=306852082, epoch=19646) to node 1:

org.apache.kafka.common.errors.DisconnectException: null

2026-08-30T17:42:16.397+05:30  INFO 38280 --- [bmp-notification-service] [96-fc4667b331dc] o.a.k.c.c.internals.ConsumerCoordinator  : [Consumer clientId=consumer-anonymous.71319fe6-9081-4354-a696-fc4667b331dc-2, groupId=anonymous.71319fe6-9081-4354-a696-fc4667b331dc] Group coordinator localhost:9092 (id: 2147483646 rack: null) is unavailable or invalid due to cause: null. isDisconnected: true. Rediscovery will be attempted.
2026-08-30T17:42:17.708+05:30  INFO 38280 --- [bmp-notification-service] [ntainer#0-0-C-1] o.a.k.c.c.internals.ConsumerCoordinator  : [Consumer clientId=consumer-bmp-notification-service-3, groupId=bmp-notification-service] Discovered group coordinator localhost:9092 (id: 2147483646 rack: null)
2026-08-30T17:42:18.327+05:30  INFO 38280 --- [bmp-notification-service] [container-0-C-1] o.a.k.c.c.internals.ConsumerCoordinator  : [Consumer clientId=consumer-anonymous.71319fe6-9081-4354-a696-fc4667b331dc-2, groupId=anonymous.71319fe6-9081-4354-a696-fc4667b331dc] Discovered group coordinator localhost:9092 (id: 2147483646 rack: null)
2026-08-31T00:05:55.579+05:30  INFO 38280 --- [bmp-notification-service] [ntainer#0-0-C-1] org.apache.kafka.clients.NetworkClient   : [Consumer clientId=consumer-bmp-notification-service-3, groupId=bmp-notification-service] Node 2147483646 disconnected.
2026-08-31T00:05:55.752+05:30  INFO 38280 --- [bmp-notification-service] [container-0-C-1] org.apache.kafka.clients.NetworkClient   : [Consumer clientId=consumer-anonymous.71319fe6-9081-4354-a696-fc4667b331dc-2, groupId=anonymous.71319fe6-9081-4354-a696-fc4667b331dc] Node 2147483646 disconnected.
2026-08-31T00:05:56.771+05:30  INFO 38280 --- [bmp-notification-service] [ntainer#0-0-C-1] org.apache.kafka.clients.NetworkClient   : [Consumer clientId=consumer-bmp-notification-service-3, groupId=bmp-notification-service] Disconnecting from node 1 due to request timeout.
2026-08-31T00:05:56.962+05:30  INFO 38280 --- [bmp-notification-service] [ntainer#0-0-C-1] org.apache.kafka.clients.NetworkClient   : [Consumer clientId=consumer-bmp-notification-service-3, groupId=bmp-notification-service] Cancelled in-flight FETCH request with correlation id 115854 due to node 1 being disconnected (elapsed time since creation: 23010535ms, elapsed time since send: 23010535ms, throttle time: 0ms, request timeout: 30000ms)
2026-08-31T00:05:56.963+05:30  INFO 38280 --- [bmp-notification-service] [ntainer#0-0-C-1] o.a.kafka.clients.FetchSessionHandler    : [Consumer clientId=consumer-bmp-notification-service-3, groupId=bmp-notification-service] Error sending fetch request (sessionId=1415453015, epoch=14) to node 1:

org.apache.kafka.common.errors.DisconnectException: null

2026-08-31T00:05:56.963+05:30  INFO 38280 --- [bmp-notification-service] [container-0-C-1] org.apache.kafka.clients.NetworkClient   : [Consumer clientId=consumer-anonymous.71319fe6-9081-4354-a696-fc4667b331dc-2, groupId=anonymous.71319fe6-9081-4354-a696-fc4667b331dc] Disconnecting from node 1 due to request timeout.
2026-08-31T00:05:56.964+05:30  INFO 38280 --- [bmp-notification-service] [container-0-C-1] org.apache.kafka.clients.NetworkClient   : [Consumer clientId=consumer-anonymous.71319fe6-9081-4354-a696-fc4667b331dc-2, groupId=anonymous.71319fe6-9081-4354-a696-fc4667b331dc] Cancelled in-flight FETCH request with correlation id 115893 due to node 1 being disconnected (elapsed time since creation: 23010708ms, elapsed time since send: 23010708ms, throttle time: 0ms, request timeout: 30000ms)
2026-08-31T00:05:56.964+05:30  INFO 38280 --- [bmp-notification-service] [container-0-C-1] o.a.kafka.clients.FetchSessionHandler    : [Consumer clientId=consumer-anonymous.71319fe6-9081-4354-a696-fc4667b331dc-2, groupId=anonymous.71319fe6-9081-4354-a696-fc4667b331dc] Error sending fetch request (sessionId=1011398572, epoch=14) to node 1:

org.apache.kafka.common.errors.DisconnectException: null

2026-08-31T00:05:56.963+05:30  INFO 38280 --- [bmp-notification-service] [ication-service] o.a.k.c.c.internals.ConsumerCoordinator  : [Consumer clientId=consumer-bmp-notification-service-3, groupId=bmp-notification-service] Group coordinator localhost:9092 (id: 2147483646 rack: null) is unavailable or invalid due to cause: session timed out without receiving a heartbeat response. isDisconnected: false. Rediscovery will be attempted.
2026-08-31T00:05:56.966+05:30  INFO 38280 --- [bmp-notification-service] [ication-service] o.a.k.c.c.internals.ConsumerCoordinator  : [Consumer clientId=consumer-bmp-notification-service-3, groupId=bmp-notification-service] Requesting disconnect from last known coordinator localhost:9092 (id: 2147483646 rack: null)
2026-08-31T00:05:56.972+05:30  INFO 38280 --- [bmp-notification-service] [96-fc4667b331dc] o.a.k.c.c.internals.ConsumerCoordinator  : [Consumer clientId=consumer-anonymous.71319fe6-9081-4354-a696-fc4667b331dc-2, groupId=anonymous.71319fe6-9081-4354-a696-fc4667b331dc] Group coordinator localhost:9092 (id: 2147483646 rack: null) is unavailable or invalid due to cause: session timed out without receiving a heartbeat response. isDisconnected: false. Rediscovery will be attempted.
2026-08-31T00:05:56.972+05:30  INFO 38280 --- [bmp-notification-service] [96-fc4667b331dc] o.a.k.c.c.internals.ConsumerCoordinator  : [Consumer clientId=consumer-anonymous.71319fe6-9081-4354-a696-fc4667b331dc-2, groupId=anonymous.71319fe6-9081-4354-a696-fc4667b331dc] Requesting disconnect from last known coordinator localhost:9092 (id: 2147483646 rack: null)
2026-08-31T00:05:58.476+05:30  INFO 38280 --- [bmp-notification-service] [ntainer#0-0-C-1] o.a.k.c.c.internals.ConsumerCoordinator  : [Consumer clientId=consumer-bmp-notification-service-3, groupId=bmp-notification-service] Discovered group coordinator localhost:9092 (id: 2147483646 rack: null)
2026-08-31T00:05:58.492+05:30  INFO 38280 --- [bmp-notification-service] [container-0-C-1] o.a.k.c.c.internals.ConsumerCoordinator  : [Consumer clientId=consumer-anonymous.71319fe6-9081-4354-a696-fc4667b331dc-2, groupId=anonymous.71319fe6-9081-4354-a696-fc4667b331dc] Discovered group coordinator localhost:9092 (id: 2147483646 rack: null)
2026-08-31T00:06:13.042+05:30  WARN 38280 --- [bmp-notification-service] [l-1 housekeeper] com.zaxxer.hikari.pool.HikariPool        : HikariPool-1 - Thread starvation or clock leap detected (housekeeper delta=9h24m1s586ms500µs300ns).
2026-08-31T00:06:26.035+05:30  INFO 38280 --- [bmp-notification-service] [pool-3-thread-1] org.apache.kafka.clients.NetworkClient   : [Consumer clientId=consumer-anonymous.71319fe6-9081-4354-a696-fc4667b331dc-4, groupId=anonymous.71319fe6-9081-4354-a696-fc4667b331dc] Node 2147483646 disconnected.
2026-08-31T00:06:26.123+05:30  INFO 38280 --- [bmp-notification-service] [pool-3-thread-1] o.a.k.c.c.internals.ConsumerCoordinator  : [Consumer clientId=consumer-anonymous.71319fe6-9081-4354-a696-fc4667b331dc-4, groupId=anonymous.71319fe6-9081-4354-a696-fc4667b331dc] Found no committed offset for partition springCloudBus-0
2026-08-31T00:07:26.134+05:30  INFO 38280 --- [bmp-notification-service] [pool-3-thread-1] o.a.k.c.c.internals.ConsumerCoordinator  : [Consumer clientId=consumer-anonymous.71319fe6-9081-4354-a696-fc4667b331dc-4, groupId=anonymous.71319fe6-9081-4354-a696-fc4667b331dc] Found no committed offset for partition springCloudBus-0
2026-08-31T00:07:46.661+05:30  INFO 38280 --- [bmp-notification-service] [rap-executor-%d] c.n.d.s.r.aws.ConfigClusterResolver      : Resolving eureka endpoints via configuration
2026-08-31T00:08:26.144+05:30  INFO 38280 --- [bmp-notification-service] [pool-3-thread-1] o.a.k.c.c.internals.ConsumerCoordinator  : [Consumer clientId=consumer-anonymous.71319fe6-9081-4354-a696-fc4667b331dc-4, groupId=anonymous.71319fe6-9081-4354-a696-fc4667b331dc] Found no committed offset for partition springCloudBus-0
2026-08-31T00:09:26.166+05:30  INFO 38280 --- [bmp-notification-service] [pool-3-thread-1] o.a.k.c.c.internals.ConsumerCoordinator  : [Consumer clientId=consumer-anonymous.71319fe6-9081-4354-a696-fc4667b331dc-4, groupId=anonymous.71319fe6-9081-4354-a696-fc4667b331dc] Found no committed offset for partition springCloudBus-0
2026-08-31T00:10:26.185+05:30  INFO 38280 --- [bmp-notification-service] [pool-3-thread-1] o.a.k.c.c.internals.ConsumerCoordinator  : [Consumer clientId=consumer-anonymous.71319fe6-9081-4354-a696-fc4667b331dc-4, groupId=anonymous.71319fe6-9081-4354-a696-fc4667b331dc] Found no committed offset for partition springCloudBus-0
2026-08-31T00:11:26.212+05:30  INFO 38280 --- [bmp-notification-service] [pool-3-thread-1] o.a.k.c.c.internals.ConsumerCoordinator  : [Consumer clientId=consumer-anonymous.71319fe6-9081-4354-a696-fc4667b331dc-4, groupId=anonymous.71319fe6-9081-4354-a696-fc4667b331dc] Found no committed offset for partition springCloudBus-0
2026-08-31T00:12:26.235+05:30  INFO 38280 --- [bmp-notification-service] [pool-3-thread-1] o.a.k.c.c.internals.ConsumerCoordinator  : [Consumer clientId=consumer-anonymous.71319fe6-9081-4354-a696-fc4667b331dc-4, groupId=anonymous.71319fe6-9081-4354-a696-fc4667b331dc] Found no committed offset for partition springCloudBus-0
2026-08-31T00:12:46.668+05:30  INFO 38280 --- [bmp-notification-service] [rap-executor-%d] c.n.d.s.r.aws.ConfigClusterResolver      : Resolving eureka endpoints via configuration
2026-08-31T00:13:26.247+05:30  INFO 38280 --- [bmp-notification-service] [pool-3-thread-1] o.a.k.c.c.internals.ConsumerCoordinator  : [Consumer clientId=consumer-anonymous.71319fe6-9081-4354-a696-fc4667b331dc-4, groupId=anonymous.71319fe6-9081-4354-a696-fc4667b331dc] Found no committed offset for partition springCloudBus-0
2026-08-31T00:14:26.267+05:30  INFO 38280 --- [bmp-notification-service] [pool-3-thread-1] o.a.k.c.c.internals.ConsumerCoordinator  : [Consumer clientId=consumer-anonymous.71319fe6-9081-4354-a696-fc4667b331dc-4, groupId=anonymous.71319fe6-9081-4354-a696-fc4667b331dc] Found no committed offset for partition springCloudBus-0
2026-08-31T00:15:26.289+05:30  INFO 38280 --- [bmp-notification-service] [pool-3-thread-1] o.a.k.c.c.internals.ConsumerCoordinator  : [Consumer clientId=consumer-anonymous.71319fe6-9081-4354-a696-fc4667b331dc-4, groupId=anonymous.71319fe6-9081-4354-a696-fc4667b331dc] Found no committed offset for partition springCloudBus-0
2026-08-31T00:16:26.305+05:30  INFO 38280 --- [bmp-notification-service] [pool-3-thread-1] o.a.k.c.c.internals.ConsumerCoordinator  : [Consumer clientId=consumer-anonymous.71319fe6-9081-4354-a696-fc4667b331dc-4, groupId=anonymous.71319fe6-9081-4354-a696-fc4667b331dc] Found no committed offset for partition springCloudBus-0
2026-08-31T00:17:26.327+05:30  INFO 38280 --- [bmp-notification-service] [pool-3-thread-1] o.a.k.c.c.internals.ConsumerCoordinator  : [Consumer clientId=consumer-anonymous.71319fe6-9081-4354-a696-fc4667b331dc-4, groupId=anonymous.71319fe6-9081-4354-a696-fc4667b331dc] Found no committed offset for partition springCloudBus-0
2026-08-31T00:17:46.675+05:30  INFO 38280 --- [bmp-notification-service] [rap-executor-%d] c.n.d.s.r.aws.ConfigClusterResolver      : Resolving eureka endpoints via configuration
2026-08-31T00:18:26.347+05:30  INFO 38280 --- [bmp-notification-service] [pool-3-thread-1] o.a.k.c.c.internals.ConsumerCoordinator  : [Consumer clientId=consumer-anonymous.71319fe6-9081-4354-a696-fc4667b331dc-4, groupId=anonymous.71319fe6-9081-4354-a696-fc4667b331dc] Found no committed offset for partition springCloudBus-0
2026-08-31T00:19:26.378+05:30  INFO 38280 --- [bmp-notification-service] [pool-3-thread-1] o.a.k.c.c.internals.ConsumerCoordinator  : [Consumer clientId=consumer-anonymous.71319fe6-9081-4354-a696-fc4667b331dc-4, groupId=anonymous.71319fe6-9081-4354-a696-fc4667b331dc] Found no committed offset for partition springCloudBus-0
2026-08-31T00:20:26.410+05:30  INFO 38280 --- [bmp-notification-service] [pool-3-thread-1] o.a.k.c.c.internals.ConsumerCoordinator  : [Consumer clientId=consumer-anonymous.71319fe6-9081-4354-a696-fc4667b331dc-4, groupId=anonymous.71319fe6-9081-4354-a696-fc4667b331dc] Found no committed offset for partition springCloudBus-0
2026-08-31T00:21:26.427+05:30  INFO 38280 --- [bmp-notification-service] [pool-3-thread-1] o.a.k.c.c.internals.ConsumerCoordinator  : [Consumer clientId=consumer-anonymous.71319fe6-9081-4354-a696-fc4667b331dc-4, groupId=anonymous.71319fe6-9081-4354-a696-fc4667b331dc] Found no committed offset for partition springCloudBus-0
2026-08-31T00:22:26.444+05:30  INFO 38280 --- [bmp-notification-service] [pool-3-thread-1] o.a.k.c.c.internals.ConsumerCoordinator  : [Consumer clientId=consumer-anonymous.71319fe6-9081-4354-a696-fc4667b331dc-4, groupId=anonymous.71319fe6-9081-4354-a696-fc4667b331dc] Found no committed offset for partition springCloudBus-0
2026-08-31T00:22:46.692+05:30  INFO 38280 --- [bmp-notification-service] [rap-executor-%d] c.n.d.s.r.aws.ConfigClusterResolver      : Resolving eureka endpoints via configuration
2026-08-31T00:23:26.464+05:30  INFO 38280 --- [bmp-notification-service] [pool-3-thread-1] o.a.k.c.c.internals.ConsumerCoordinator  : [Consumer clientId=consumer-anonymous.71319fe6-9081-4354-a696-fc4667b331dc-4, groupId=anonymous.71319fe6-9081-4354-a696-fc4667b331dc] Found no committed offset for partition springCloudBus-0
2026-08-31T00:24:26.482+05:30  INFO 38280 --- [bmp-notification-service] [pool-3-thread-1] o.a.k.c.c.internals.ConsumerCoordinator  : [Consumer clientId=consumer-anonymous.71319fe6-9081-4354-a696-fc4667b331dc-4, groupId=anonymous.71319fe6-9081-4354-a696-fc4667b331dc] Found no committed offset for partition springCloudBus-0
2026-08-31T00:25:26.492+05:30  INFO 38280 --- [bmp-notification-service] [pool-3-thread-1] o.a.k.c.c.internals.ConsumerCoordinator  : [Consumer clientId=consumer-anonymous.71319fe6-9081-4354-a696-fc4667b331dc-4, groupId=anonymous.71319fe6-9081-4354-a696-fc4667b331dc] Found no committed offset for partition springCloudBus-0
2026-08-31T00:26:26.517+05:30  INFO 38280 --- [bmp-notification-service] [pool-3-thread-1] o.a.k.c.c.internals.ConsumerCoordinator  : [Consumer clientId=consumer-anonymous.71319fe6-9081-4354-a696-fc4667b331dc-4, groupId=anonymous.71319fe6-9081-4354-a696-fc4667b331dc] Found no committed offset for partition springCloudBus-0
2026-08-31T00:27:26.545+05:30  INFO 38280 --- [bmp-notification-service] [pool-3-thread-1] o.a.k.c.c.internals.ConsumerCoordinator  : [Consumer clientId=consumer-anonymous.71319fe6-9081-4354-a696-fc4667b331dc-4, groupId=anonymous.71319fe6-9081-4354-a696-fc4667b331dc] Found no committed offset for partition springCloudBus-0
2026-08-31T00:27:46.707+05:30  INFO 38280 --- [bmp-notification-service] [rap-executor-%d] c.n.d.s.r.aws.ConfigClusterResolver      : Resolving eureka endpoints via configuration
2026-08-31T00:28:26.564+05:30  INFO 38280 --- [bmp-notification-service] [pool-3-thread-1] o.a.k.c.c.internals.ConsumerCoordinator  : [Consumer clientId=consumer-anonymous.71319fe6-9081-4354-a696-fc4667b331dc-4, groupId=anonymous.71319fe6-9081-4354-a696-fc4667b331dc] Found no committed offset for partition springCloudBus-0
2026-08-31T00:29:26.586+05:30  INFO 38280 --- [bmp-notification-service] [pool-3-thread-1] o.a.k.c.c.internals.ConsumerCoordinator  : [Consumer clientId=consumer-anonymous.71319fe6-9081-4354-a696-fc4667b331dc-4, groupId=anonymous.71319fe6-9081-4354-a696-fc4667b331dc] Found no committed offset for partition springCloudBus-0
2026-08-31T00:30:26.618+05:30  INFO 38280 --- [bmp-notification-service] [pool-3-thread-1] o.a.k.c.c.internals.ConsumerCoordinator  : [Consumer clientId=consumer-anonymous.71319fe6-9081-4354-a696-fc4667b331dc-4, groupId=anonymous.71319fe6-9081-4354-a696-fc4667b331dc] Found no committed offset for partition springCloudBus-0
2026-08-31T00:31:26.630+05:30  INFO 38280 --- [bmp-notification-service] [pool-3-thread-1] o.a.k.c.c.internals.ConsumerCoordinator  : [Consumer clientId=consumer-anonymous.71319fe6-9081-4354-a696-fc4667b331dc-4, groupId=anonymous.71319fe6-9081-4354-a696-fc4667b331dc] Found no committed offset for partition springCloudBus-0
2026-08-31T00:32:26.658+05:30  INFO 38280 --- [bmp-notification-service] [pool-3-thread-1] o.a.k.c.c.internals.ConsumerCoordinator  : [Consumer clientId=consumer-anonymous.71319fe6-9081-4354-a696-fc4667b331dc-4, groupId=anonymous.71319fe6-9081-4354-a696-fc4667b331dc] Found no committed offset for partition springCloudBus-0
2026-08-31T00:32:46.714+05:30  INFO 38280 --- [bmp-notification-service] [rap-executor-%d] c.n.d.s.r.aws.ConfigClusterResolver      : Resolving eureka endpoints via configuration
2026-08-31T00:33:26.676+05:30  INFO 38280 --- [bmp-notification-service] [pool-3-thread-1] o.a.k.c.c.internals.ConsumerCoordinator  : [Consumer clientId=consumer-anonymous.71319fe6-9081-4354-a696-fc4667b331dc-4, groupId=anonymous.71319fe6-9081-4354-a696-fc4667b331dc] Found no committed offset for partition springCloudBus-0
2026-08-31T00:34:26.687+05:30  INFO 38280 --- [bmp-notification-service] [pool-3-thread-1] o.a.k.c.c.internals.ConsumerCoordinator  : [Consumer clientId=consumer-anonymous.71319fe6-9081-4354-a696-fc4667b331dc-4, groupId=anonymous.71319fe6-9081-4354-a696-fc4667b331dc] Found no committed offset for partition springCloudBus-0
2026-08-31T00:35:26.702+05:30  INFO 38280 --- [bmp-notification-service] [pool-3-thread-1] o.a.k.c.c.internals.ConsumerCoordinator  : [Consumer clientId=consumer-anonymous.71319fe6-9081-4354-a696-fc4667b331dc-4, groupId=anonymous.71319fe6-9081-4354-a696-fc4667b331dc] Found no committed offset for partition springCloudBus-0
2026-08-31T00:36:26.728+05:30  INFO 38280 --- [bmp-notification-service] [pool-3-thread-1] o.a.k.c.c.internals.ConsumerCoordinator  : [Consumer clientId=consumer-anonymous.71319fe6-9081-4354-a696-fc4667b331dc-4, groupId=anonymous.71319fe6-9081-4354-a696-fc4667b331dc] Found no committed offset for partition springCloudBus-0
2026-08-31T00:37:26.750+05:30  INFO 38280 --- [bmp-notification-service] [pool-3-thread-1] o.a.k.c.c.internals.ConsumerCoordinator  : [Consumer clientId=consumer-anonymous.71319fe6-9081-4354-a696-fc4667b331dc-4, groupId=anonymous.71319fe6-9081-4354-a696-fc4667b331dc] Found no committed offset for partition springCloudBus-0
2026-08-31T00:37:46.718+05:30  INFO 38280 --- [bmp-notification-service] [rap-executor-%d] c.n.d.s.r.aws.ConfigClusterResolver      : Resolving eureka endpoints via configuration
2026-08-31T00:38:26.762+05:30  INFO 38280 --- [bmp-notification-service] [pool-3-thread-1] o.a.k.c.c.internals.ConsumerCoordinator  : [Consumer clientId=consumer-anonymous.71319fe6-9081-4354-a696-fc4667b331dc-4, groupId=anonymous.71319fe6-9081-4354-a696-fc4667b331dc] Found no committed offset for partition springCloudBus-0
2026-08-31T00:39:26.779+05:30  INFO 38280 --- [bmp-notification-service] [pool-3-thread-1] o.a.k.c.c.internals.ConsumerCoordinator  : [Consumer clientId=consumer-anonymous.71319fe6-9081-4354-a696-fc4667b331dc-4, groupId=anonymous.71319fe6-9081-4354-a696-fc4667b331dc] Found no committed offset for partition springCloudBus-0
2026-08-31T00:40:26.793+05:30  INFO 38280 --- [bmp-notification-service] [pool-3-thread-1] o.a.k.c.c.internals.ConsumerCoordinator  : [Consumer clientId=consumer-anonymous.71319fe6-9081-4354-a696-fc4667b331dc-4, groupId=anonymous.71319fe6-9081-4354-a696-fc4667b331dc] Found no committed offset for partition springCloudBus-0
2026-08-31T00:41:26.813+05:30  INFO 38280 --- [bmp-notification-service] [pool-3-thread-1] o.a.k.c.c.internals.ConsumerCoordinator  : [Consumer clientId=consumer-anonymous.71319fe6-9081-4354-a696-fc4667b331dc-4, groupId=anonymous.71319fe6-9081-4354-a696-fc4667b331dc] Found no committed offset for partition springCloudBus-0
2026-08-31T00:42:26.821+05:30  INFO 38280 --- [bmp-notification-service] [pool-3-thread-1] o.a.k.c.c.internals.ConsumerCoordinator  : [Consumer clientId=consumer-anonymous.71319fe6-9081-4354-a696-fc4667b331dc-4, groupId=anonymous.71319fe6-9081-4354-a696-fc4667b331dc] Found no committed offset for partition springCloudBus-0
2026-08-31T00:42:46.723+05:30  INFO 38280 --- [bmp-notification-service] [rap-executor-%d] c.n.d.s.r.aws.ConfigClusterResolver      : Resolving eureka endpoints via configuration
2026-08-31T00:43:26.844+05:30  INFO 38280 --- [bmp-notification-service] [pool-3-thread-1] o.a.k.c.c.internals.ConsumerCoordinator  : [Consumer clientId=consumer-anonymous.71319fe6-9081-4354-a696-fc4667b331dc-4, groupId=anonymous.71319fe6-9081-4354-a696-fc4667b331dc] Found no committed offset for partition springCloudBus-0
2026-08-31T00:44:26.850+05:30  INFO 38280 --- [bmp-notification-service] [pool-3-thread-1] o.a.k.c.c.internals.ConsumerCoordinator  : [Consumer clientId=consumer-anonymous.71319fe6-9081-4354-a696-fc4667b331dc-4, groupId=anonymous.71319fe6-9081-4354-a696-fc4667b331dc] Found no committed offset for partition springCloudBus-0
2026-08-31T00:45:26.869+05:30  INFO 38280 --- [bmp-notification-service] [pool-3-thread-1] o.a.k.c.c.internals.ConsumerCoordinator  : [Consumer clientId=consumer-anonymous.71319fe6-9081-4354-a696-fc4667b331dc-4, groupId=anonymous.71319fe6-9081-4354-a696-fc4667b331dc] Found no committed offset for partition springCloudBus-0
2026-08-31T00:46:26.882+05:30  INFO 38280 --- [bmp-notification-service] [pool-3-thread-1] o.a.k.c.c.internals.ConsumerCoordinator  : [Consumer clientId=consumer-anonymous.71319fe6-9081-4354-a696-fc4667b331dc-4, groupId=anonymous.71319fe6-9081-4354-a696-fc4667b331dc] Found no committed offset for partition springCloudBus-0
2026-08-31T00:47:26.898+05:30  INFO 38280 --- [bmp-notification-service] [pool-3-thread-1] o.a.k.c.c.internals.ConsumerCoordinator  : [Consumer clientId=consumer-anonymous.71319fe6-9081-4354-a696-fc4667b331dc-4, groupId=anonymous.71319fe6-9081-4354-a696-fc4667b331dc] Found no committed offset for partition springCloudBus-0
2026-08-31T00:47:46.726+05:30  INFO 38280 --- [bmp-notification-service] [rap-executor-%d] c.n.d.s.r.aws.ConfigClusterResolver      : Resolving eureka endpoints via configuration
2026-08-31T00:48:26.924+05:30  INFO 38280 --- [bmp-notification-service] [pool-3-thread-1] o.a.k.c.c.internals.ConsumerCoordinator  : [Consumer clientId=consumer-anonymous.71319fe6-9081-4354-a696-fc4667b331dc-4, groupId=anonymous.71319fe6-9081-4354-a696-fc4667b331dc] Found no committed offset for partition springCloudBus-0
2026-08-31T00:49:26.945+05:30  INFO 38280 --- [bmp-notification-service] [pool-3-thread-1] o.a.k.c.c.internals.ConsumerCoordinator  : [Consumer clientId=consumer-anonymous.71319fe6-9081-4354-a696-fc4667b331dc-4, groupId=anonymous.71319fe6-9081-4354-a696-fc4667b331dc] Found no committed offset for partition springCloudBus-0
2026-08-31T00:50:26.964+05:30  INFO 38280 --- [bmp-notification-service] [pool-3-thread-1] o.a.k.c.c.internals.ConsumerCoordinator  : [Consumer clientId=consumer-anonymous.71319fe6-9081-4354-a696-fc4667b331dc-4, groupId=anonymous.71319fe6-9081-4354-a696-fc4667b331dc] Found no committed offset for partition springCloudBus-0
2026-08-31T00:51:26.993+05:30  INFO 38280 --- [bmp-notification-service] [pool-3-thread-1] o.a.k.c.c.internals.ConsumerCoordinator  : [Consumer clientId=consumer-anonymous.71319fe6-9081-4354-a696-fc4667b331dc-4, groupId=anonymous.71319fe6-9081-4354-a696-fc4667b331dc] Found no committed offset for partition springCloudBus-0
2026-08-31T00:52:27.004+05:30  INFO 38280 --- [bmp-notification-service] [pool-3-thread-1] o.a.k.c.c.internals.ConsumerCoordinator  : [Consumer clientId=consumer-anonymous.71319fe6-9081-4354-a696-fc4667b331dc-4, groupId=anonymous.71319fe6-9081-4354-a696-fc4667b331dc] Found no committed offset for partition springCloudBus-0
2026-08-31T00:52:46.741+05:30  INFO 38280 --- [bmp-notification-service] [rap-executor-%d] c.n.d.s.r.aws.ConfigClusterResolver      : Resolving eureka endpoints via configuration
2026-08-31T00:53:27.027+05:30  INFO 38280 --- [bmp-notification-service] [pool-3-thread-1] o.a.k.c.c.internals.ConsumerCoordinator  : [Consumer clientId=consumer-anonymous.71319fe6-9081-4354-a696-fc4667b331dc-4, groupId=anonymous.71319fe6-9081-4354-a696-fc4667b331dc] Found no committed offset for partition springCloudBus-0
2026-08-31T00:54:27.051+05:30  INFO 38280 --- [bmp-notification-service] [pool-3-thread-1] o.a.k.c.c.internals.ConsumerCoordinator  : [Consumer clientId=consumer-anonymous.71319fe6-9081-4354-a696-fc4667b331dc-4, groupId=anonymous.71319fe6-9081-4354-a696-fc4667b331dc] Found no committed offset for partition springCloudBus-0
2026-08-31T03:54:51.740+05:30  INFO 38280 --- [bmp-notification-service] [container-0-C-1] org.apache.kafka.clients.NetworkClient   : [Consumer clientId=consumer-anonymous.71319fe6-9081-4354-a696-fc4667b331dc-2, groupId=anonymous.71319fe6-9081-4354-a696-fc4667b331dc] Node 2147483646 disconnected.
2026-08-31T03:54:51.769+05:30  INFO 38280 --- [bmp-notification-service] [container-0-C-1] org.apache.kafka.clients.NetworkClient   : [Consumer clientId=consumer-anonymous.71319fe6-9081-4354-a696-fc4667b331dc-2, groupId=anonymous.71319fe6-9081-4354-a696-fc4667b331dc] Disconnecting from node 1 due to request timeout.
2026-08-31T03:54:51.841+05:30  INFO 38280 --- [bmp-notification-service] [ntainer#0-0-C-1] org.apache.kafka.clients.NetworkClient   : [Consumer clientId=consumer-bmp-notification-service-3, groupId=bmp-notification-service] Node 2147483646 disconnected.
2026-08-31T03:54:51.841+05:30  INFO 38280 --- [bmp-notification-service] [ntainer#0-0-C-1] org.apache.kafka.clients.NetworkClient   : [Consumer clientId=consumer-bmp-notification-service-3, groupId=bmp-notification-service] Disconnecting from node 1 due to request timeout.
2026-08-31T03:54:51.842+05:30  INFO 38280 --- [bmp-notification-service] [container-0-C-1] org.apache.kafka.clients.NetworkClient   : [Consumer clientId=consumer-anonymous.71319fe6-9081-4354-a696-fc4667b331dc-2, groupId=anonymous.71319fe6-9081-4354-a696-fc4667b331dc] Cancelled in-flight FETCH request with correlation id 122679 due to node 1 being disconnected (elapsed time since creation: 10802510ms, elapsed time since send: 10802510ms, throttle time: 0ms, request timeout: 30000ms)
2026-08-31T03:54:51.842+05:30  INFO 38280 --- [bmp-notification-service] [ntainer#0-0-C-1] org.apache.kafka.clients.NetworkClient   : [Consumer clientId=consumer-bmp-notification-service-3, groupId=bmp-notification-service] Cancelled in-flight FETCH request with correlation id 122636 due to node 1 being disconnected (elapsed time since creation: 10803029ms, elapsed time since send: 10803029ms, throttle time: 0ms, request timeout: 30000ms)
2026-08-31T03:54:51.843+05:30  INFO 38280 --- [bmp-notification-service] [ication-service] o.a.k.c.c.internals.ConsumerCoordinator  : [Consumer clientId=consumer-bmp-notification-service-3, groupId=bmp-notification-service] Group coordinator localhost:9092 (id: 2147483646 rack: null) is unavailable or invalid due to cause: coordinator unavailable. isDisconnected: true. Rediscovery will be attempted.
2026-08-31T03:54:51.843+05:30  INFO 38280 --- [bmp-notification-service] [96-fc4667b331dc] o.a.k.c.c.internals.ConsumerCoordinator  : [Consumer clientId=consumer-anonymous.71319fe6-9081-4354-a696-fc4667b331dc-2, groupId=anonymous.71319fe6-9081-4354-a696-fc4667b331dc] Group coordinator localhost:9092 (id: 2147483646 rack: null) is unavailable or invalid due to cause: session timed out without receiving a heartbeat response. isDisconnected: false. Rediscovery will be attempted.
2026-08-31T03:54:51.843+05:30  INFO 38280 --- [bmp-notification-service] [96-fc4667b331dc] o.a.k.c.c.internals.ConsumerCoordinator  : [Consumer clientId=consumer-anonymous.71319fe6-9081-4354-a696-fc4667b331dc-2, groupId=anonymous.71319fe6-9081-4354-a696-fc4667b331dc] Requesting disconnect from last known coordinator localhost:9092 (id: 2147483646 rack: null)
2026-08-31T03:54:51.842+05:30  INFO 38280 --- [bmp-notification-service] [ntainer#0-0-C-1] o.a.kafka.clients.FetchSessionHandler    : [Consumer clientId=consumer-bmp-notification-service-3, groupId=bmp-notification-service] Error sending fetch request (sessionId=161910419, epoch=5783) to node 1:

org.apache.kafka.common.errors.DisconnectException: null

2026-08-31T03:54:51.842+05:30  INFO 38280 --- [bmp-notification-service] [container-0-C-1] o.a.kafka.clients.FetchSessionHandler    : [Consumer clientId=consumer-anonymous.71319fe6-9081-4354-a696-fc4667b331dc-2, groupId=anonymous.71319fe6-9081-4354-a696-fc4667b331dc] Error sending fetch request (sessionId=1016853044, epoch=5787) to node 1:

org.apache.kafka.common.errors.DisconnectException: null

2026-08-31T03:54:52.800+05:30  INFO 38280 --- [bmp-notification-service] [container-0-C-1] o.a.k.c.c.internals.ConsumerCoordinator  : [Consumer clientId=consumer-anonymous.71319fe6-9081-4354-a696-fc4667b331dc-2, groupId=anonymous.71319fe6-9081-4354-a696-fc4667b331dc] Discovered group coordinator localhost:9092 (id: 2147483646 rack: null)
2026-08-31T03:54:52.799+05:30  INFO 38280 --- [bmp-notification-service] [ntainer#0-0-C-1] o.a.k.c.c.internals.ConsumerCoordinator  : [Consumer clientId=consumer-bmp-notification-service-3, groupId=bmp-notification-service] Discovered group coordinator localhost:9092 (id: 2147483646 rack: null)
2026-08-31T10:17:03.960+05:30  INFO 38280 --- [bmp-notification-service] [ntainer#0-0-C-1] org.apache.kafka.clients.NetworkClient   : [Consumer clientId=consumer-bmp-notification-service-3, groupId=bmp-notification-service] Node 2147483646 disconnected.
2026-08-31T10:17:03.960+05:30  INFO 38280 --- [bmp-notification-service] [container-0-C-1] org.apache.kafka.clients.NetworkClient   : [Consumer clientId=consumer-anonymous.71319fe6-9081-4354-a696-fc4667b331dc-2, groupId=anonymous.71319fe6-9081-4354-a696-fc4667b331dc] Node 2147483646 disconnected.
2026-08-31T10:17:03.961+05:30  INFO 38280 --- [bmp-notification-service] [ntainer#0-0-C-1] org.apache.kafka.clients.NetworkClient   : [Consumer clientId=consumer-bmp-notification-service-3, groupId=bmp-notification-service] Cancelled in-flight HEARTBEAT request with correlation id 122654 due to node 2147483646 being disconnected (elapsed time since creation: 22925136ms, elapsed time since send: 22925136ms, throttle time: 0ms, request timeout: 30000ms)
2026-08-31T10:17:03.961+05:30  INFO 38280 --- [bmp-notification-service] [container-0-C-1] org.apache.kafka.clients.NetworkClient   : [Consumer clientId=consumer-anonymous.71319fe6-9081-4354-a696-fc4667b331dc-2, groupId=anonymous.71319fe6-9081-4354-a696-fc4667b331dc] Cancelled in-flight HEARTBEAT request with correlation id 122697 due to node 2147483646 being disconnected (elapsed time since creation: 22925137ms, elapsed time since send: 22925136ms, throttle time: 0ms, request timeout: 30000ms)
2026-08-31T10:17:03.962+05:30  INFO 38280 --- [bmp-notification-service] [96-fc4667b331dc] o.a.k.c.c.internals.ConsumerCoordinator  : [Consumer clientId=consumer-anonymous.71319fe6-9081-4354-a696-fc4667b331dc-2, groupId=anonymous.71319fe6-9081-4354-a696-fc4667b331dc] Group coordinator localhost:9092 (id: 2147483646 rack: null) is unavailable or invalid due to cause: coordinator unavailable. isDisconnected: true. Rediscovery will be attempted.
2026-08-31T10:17:03.962+05:30  INFO 38280 --- [bmp-notification-service] [ication-service] o.a.k.c.c.internals.ConsumerCoordinator  : [Consumer clientId=consumer-bmp-notification-service-3, groupId=bmp-notification-service] Group coordinator localhost:9092 (id: 2147483646 rack: null) is unavailable or invalid due to cause: coordinator unavailable. isDisconnected: true. Rediscovery will be attempted.
2026-08-31T10:17:04.114+05:30  INFO 38280 --- [bmp-notification-service] [ntainer#0-0-C-1] o.a.k.c.c.internals.ConsumerCoordinator  : [Consumer clientId=consumer-bmp-notification-service-3, groupId=bmp-notification-service] Discovered group coordinator localhost:9092 (id: 2147483646 rack: null)
2026-08-31T10:17:04.114+05:30  INFO 38280 --- [bmp-notification-service] [container-0-C-1] o.a.k.c.c.internals.ConsumerCoordinator  : [Consumer clientId=consumer-anonymous.71319fe6-9081-4354-a696-fc4667b331dc-2, groupId=anonymous.71319fe6-9081-4354-a696-fc4667b331dc] Discovered group coordinator localhost:9092 (id: 2147483646 rack: null)
2026-08-31T10:17:15.227+05:30  WARN 38280 --- [bmp-notification-service] [l-1 housekeeper] com.zaxxer.hikari.pool.HikariPool        : HikariPool-1 - Thread starvation or clock leap detected (housekeeper delta=9h22m34s148ms662µs300ns).
2026-08-31T10:17:28.460+05:30  INFO 38280 --- [bmp-notification-service] [pool-3-thread-1] org.apache.kafka.clients.NetworkClient   : [Consumer clientId=consumer-anonymous.71319fe6-9081-4354-a696-fc4667b331dc-4, groupId=anonymous.71319fe6-9081-4354-a696-fc4667b331dc] Node 2147483646 disconnected.
2026-08-31T10:17:28.673+05:30  INFO 38280 --- [bmp-notification-service] [pool-3-thread-1] o.a.k.c.c.internals.ConsumerCoordinator  : [Consumer clientId=consumer-anonymous.71319fe6-9081-4354-a696-fc4667b331dc-4, groupId=anonymous.71319fe6-9081-4354-a696-fc4667b331dc] Found no committed offset for partition springCloudBus-0
2026-08-31T10:18:28.752+05:30  INFO 38280 --- [bmp-notification-service] [pool-3-thread-1] o.a.k.c.c.internals.ConsumerCoordinator  : [Consumer clientId=consumer-anonymous.71319fe6-9081-4354-a696-fc4667b331dc-4, groupId=anonymous.71319fe6-9081-4354-a696-fc4667b331dc] Found no committed offset for partition springCloudBus-0
2026-08-31T10:19:28.777+05:30  INFO 38280 --- [bmp-notification-service] [pool-3-thread-1] o.a.k.c.c.internals.ConsumerCoordinator  : [Consumer clientId=consumer-anonymous.71319fe6-9081-4354-a696-fc4667b331dc-4, groupId=anonymous.71319fe6-9081-4354-a696-fc4667b331dc] Found no committed offset for partition springCloudBus-0
2026-08-31T10:19:48.128+05:30  INFO 38280 --- [bmp-notification-service] [rap-executor-%d] c.n.d.s.r.aws.ConfigClusterResolver      : Resolving eureka endpoints via configuration
2026-08-31T10:20:28.790+05:30  INFO 38280 --- [bmp-notification-service] [pool-3-thread-1] o.a.k.c.c.internals.ConsumerCoordinator  : [Consumer clientId=consumer-anonymous.71319fe6-9081-4354-a696-fc4667b331dc-4, groupId=anonymous.71319fe6-9081-4354-a696-fc4667b331dc] Found no committed offset for partition springCloudBus-0
2026-08-31T10:21:28.803+05:30  INFO 38280 --- [bmp-notification-service] [pool-3-thread-1] o.a.k.c.c.internals.ConsumerCoordinator  : [Consumer clientId=consumer-anonymous.71319fe6-9081-4354-a696-fc4667b331dc-4, groupId=anonymous.71319fe6-9081-4354-a696-fc4667b331dc] Found no committed offset for partition springCloudBus-0
2026-08-31T10:22:28.824+05:30  INFO 38280 --- [bmp-notification-service] [pool-3-thread-1] o.a.k.c.c.internals.ConsumerCoordinator  : [Consumer clientId=consumer-anonymous.71319fe6-9081-4354-a696-fc4667b331dc-4, groupId=anonymous.71319fe6-9081-4354-a696-fc4667b331dc] Found no committed offset for partition springCloudBus-0
2026-08-31T10:23:28.843+05:30  INFO 38280 --- [bmp-notification-service] [pool-3-thread-1] o.a.k.c.c.internals.ConsumerCoordinator  : [Consumer clientId=consumer-anonymous.71319fe6-9081-4354-a696-fc4667b331dc-4, groupId=anonymous.71319fe6-9081-4354-a696-fc4667b331dc] Found no committed offset for partition springCloudBus-0
2026-08-31T10:24:28.864+05:30  INFO 38280 --- [bmp-notification-service] [pool-3-thread-1] o.a.k.c.c.internals.ConsumerCoordinator  : [Consumer clientId=consumer-anonymous.71319fe6-9081-4354-a696-fc4667b331dc-4, groupId=anonymous.71319fe6-9081-4354-a696-fc4667b331dc] Found no committed offset for partition springCloudBus-0
2026-08-31T10:24:48.145+05:30  INFO 38280 --- [bmp-notification-service] [rap-executor-%d] c.n.d.s.r.aws.ConfigClusterResolver      : Resolving eureka endpoints via configuration
2026-08-31T10:25:28.885+05:30  INFO 38280 --- [bmp-notification-service] [pool-3-thread-1] o.a.k.c.c.internals.ConsumerCoordinator  : [Consumer clientId=consumer-anonymous.71319fe6-9081-4354-a696-fc4667b331dc-4, groupId=anonymous.71319fe6-9081-4354-a696-fc4667b331dc] Found no committed offset for partition springCloudBus-0
2026-08-31T10:26:28.898+05:30  INFO 38280 --- [bmp-notification-service] [pool-3-thread-1] o.a.k.c.c.internals.ConsumerCoordinator  : [Consumer clientId=consumer-anonymous.71319fe6-9081-4354-a696-fc4667b331dc-4, groupId=anonymous.71319fe6-9081-4354-a696-fc4667b331dc] Found no committed offset for partition springCloudBus-0
2026-08-31T10:27:28.909+05:30  INFO 38280 --- [bmp-notification-service] [pool-3-thread-1] o.a.k.c.c.internals.ConsumerCoordinator  : [Consumer clientId=consumer-anonymous.71319fe6-9081-4354-a696-fc4667b331dc-4, groupId=anonymous.71319fe6-9081-4354-a696-fc4667b331dc] Found no committed offset for partition springCloudBus-0
2026-08-31T10:28:28.917+05:30  INFO 38280 --- [bmp-notification-service] [pool-3-thread-1] o.a.k.c.c.internals.ConsumerCoordinator  : [Consumer clientId=consumer-anonymous.71319fe6-9081-4354-a696-fc4667b331dc-4, groupId=anonymous.71319fe6-9081-4354-a696-fc4667b331dc] Found no committed offset for partition springCloudBus-0
2026-08-31T10:29:28.939+05:30  INFO 38280 --- [bmp-notification-service] [pool-3-thread-1] o.a.k.c.c.internals.ConsumerCoordinator  : [Consumer clientId=consumer-anonymous.71319fe6-9081-4354-a696-fc4667b331dc-4, groupId=anonymous.71319fe6-9081-4354-a696-fc4667b331dc] Found no committed offset for partition springCloudBus-0
2026-08-31T10:29:48.154+05:30  INFO 38280 --- [bmp-notification-service] [rap-executor-%d] c.n.d.s.r.aws.ConfigClusterResolver      : Resolving eureka endpoints via configuration
2026-08-31T10:30:28.970+05:30  INFO 38280 --- [bmp-notification-service] [pool-3-thread-1] o.a.k.c.c.internals.ConsumerCoordinator  : [Consumer clientId=consumer-anonymous.71319fe6-9081-4354-a696-fc4667b331dc-4, groupId=anonymous.71319fe6-9081-4354-a696-fc4667b331dc] Found no committed offset for partition springCloudBus-0
2026-08-31T10:31:28.988+05:30  INFO 38280 --- [bmp-notification-service] [pool-3-thread-1] o.a.k.c.c.internals.ConsumerCoordinator  : [Consumer clientId=consumer-anonymous.71319fe6-9081-4354-a696-fc4667b331dc-4, groupId=anonymous.71319fe6-9081-4354-a696-fc4667b331dc] Found no committed offset for partition springCloudBus-0
2026-08-31T10:32:29.015+05:30  INFO 38280 --- [bmp-notification-service] [pool-3-thread-1] o.a.k.c.c.internals.ConsumerCoordinator  : [Consumer clientId=consumer-anonymous.71319fe6-9081-4354-a696-fc4667b331dc-4, groupId=anonymous.71319fe6-9081-4354-a696-fc4667b331dc] Found no committed offset for partition springCloudBus-0
2026-08-31T10:33:29.030+05:30  INFO 38280 --- [bmp-notification-service] [pool-3-thread-1] o.a.k.c.c.internals.ConsumerCoordinator  : [Consumer clientId=consumer-anonymous.71319fe6-9081-4354-a696-fc4667b331dc-4, groupId=anonymous.71319fe6-9081-4354-a696-fc4667b331dc] Found no committed offset for partition springCloudBus-0
2026-08-31T10:34:29.072+05:30  INFO 38280 --- [bmp-notification-service] [pool-3-thread-1] o.a.k.c.c.internals.ConsumerCoordinator  : [Consumer clientId=consumer-anonymous.71319fe6-9081-4354-a696-fc4667b331dc-4, groupId=anonymous.71319fe6-9081-4354-a696-fc4667b331dc] Found no committed offset for partition springCloudBus-0
2026-08-31T10:34:48.160+05:30  INFO 38280 --- [bmp-notification-service] [rap-executor-%d] c.n.d.s.r.aws.ConfigClusterResolver      : Resolving eureka endpoints via configuration
2026-08-31T10:35:29.093+05:30  INFO 38280 --- [bmp-notification-service] [pool-3-thread-1] o.a.k.c.c.internals.ConsumerCoordinator  : [Consumer clientId=consumer-anonymous.71319fe6-9081-4354-a696-fc4667b331dc-4, groupId=anonymous.71319fe6-9081-4354-a696-fc4667b331dc] Found no committed offset for partition springCloudBus-0
2026-08-31T10:36:29.120+05:30  INFO 38280 --- [bmp-notification-service] [pool-3-thread-1] o.a.k.c.c.internals.ConsumerCoordinator  : [Consumer clientId=consumer-anonymous.71319fe6-9081-4354-a696-fc4667b331dc-4, groupId=anonymous.71319fe6-9081-4354-a696-fc4667b331dc] Found no committed offset for partition springCloudBus-0
2026-08-31T10:37:29.152+05:30  INFO 38280 --- [bmp-notification-service] [pool-3-thread-1] o.a.k.c.c.internals.ConsumerCoordinator  : [Consumer clientId=consumer-anonymous.71319fe6-9081-4354-a696-fc4667b331dc-4, groupId=anonymous.71319fe6-9081-4354-a696-fc4667b331dc] Found no committed offset for partition springCloudBus-0
2026-08-31T10:38:29.161+05:30  INFO 38280 --- [bmp-notification-service] [pool-3-thread-1] o.a.k.c.c.internals.ConsumerCoordinator  : [Consumer clientId=consumer-anonymous.71319fe6-9081-4354-a696-fc4667b331dc-4, groupId=anonymous.71319fe6-9081-4354-a696-fc4667b331dc] Found no committed offset for partition springCloudBus-0
2026-08-31T10:39:29.181+05:30  INFO 38280 --- [bmp-notification-service] [pool-3-thread-1] o.a.k.c.c.internals.ConsumerCoordinator  : [Consumer clientId=consumer-anonymous.71319fe6-9081-4354-a696-fc4667b331dc-4, groupId=anonymous.71319fe6-9081-4354-a696-fc4667b331dc] Found no committed offset for partition springCloudBus-0
2026-08-31T10:39:48.160+05:30  INFO 38280 --- [bmp-notification-service] [rap-executor-%d] c.n.d.s.r.aws.ConfigClusterResolver      : Resolving eureka endpoints via configuration
2026-08-31T10:40:29.195+05:30  INFO 38280 --- [bmp-notification-service] [pool-3-thread-1] o.a.k.c.c.internals.ConsumerCoordinator  : [Consumer clientId=consumer-anonymous.71319fe6-9081-4354-a696-fc4667b331dc-4, groupId=anonymous.71319fe6-9081-4354-a696-fc4667b331dc] Found no committed offset for partition springCloudBus-0
2026-08-31T10:41:29.204+05:30  INFO 38280 --- [bmp-notification-service] [pool-3-thread-1] o.a.k.c.c.internals.ConsumerCoordinator  : [Consumer clientId=consumer-anonymous.71319fe6-9081-4354-a696-fc4667b331dc-4, groupId=anonymous.71319fe6-9081-4354-a696-fc4667b331dc] Found no committed offset for partition springCloudBus-0
2026-08-31T10:42:29.220+05:30  INFO 38280 --- [bmp-notification-service] [pool-3-thread-1] o.a.k.c.c.internals.ConsumerCoordinator  : [Consumer clientId=consumer-anonymous.71319fe6-9081-4354-a696-fc4667b331dc-4, groupId=anonymous.71319fe6-9081-4354-a696-fc4667b331dc] Found no committed offset for partition springCloudBus-0
2026-08-31T10:43:29.234+05:30  INFO 38280 --- [bmp-notification-service] [pool-3-thread-1] o.a.k.c.c.internals.ConsumerCoordinator  : [Consumer clientId=consumer-anonymous.71319fe6-9081-4354-a696-fc4667b331dc-4, groupId=anonymous.71319fe6-9081-4354-a696-fc4667b331dc] Found no committed offset for partition springCloudBus-0
2026-08-31T10:44:29.258+05:30  INFO 38280 --- [bmp-notification-service] [pool-3-thread-1] o.a.k.c.c.internals.ConsumerCoordinator  : [Consumer clientId=consumer-anonymous.71319fe6-9081-4354-a696-fc4667b331dc-4, groupId=anonymous.71319fe6-9081-4354-a696-fc4667b331dc] Found no committed offset for partition springCloudBus-0
2026-08-31T10:44:48.171+05:30  INFO 38280 --- [bmp-notification-service] [rap-executor-%d] c.n.d.s.r.aws.ConfigClusterResolver      : Resolving eureka endpoints via configuration
2026-08-31T10:45:29.278+05:30  INFO 38280 --- [bmp-notification-service] [pool-3-thread-1] o.a.k.c.c.internals.ConsumerCoordinator  : [Consumer clientId=consumer-anonymous.71319fe6-9081-4354-a696-fc4667b331dc-4, groupId=anonymous.71319fe6-9081-4354-a696-fc4667b331dc] Found no committed offset for partition springCloudBus-0
2026-08-31T10:46:29.321+05:30  INFO 38280 --- [bmp-notification-service] [pool-3-thread-1] o.a.k.c.c.internals.ConsumerCoordinator  : [Consumer clientId=consumer-anonymous.71319fe6-9081-4354-a696-fc4667b331dc-4, groupId=anonymous.71319fe6-9081-4354-a696-fc4667b331dc] Found no committed offset for partition springCloudBus-0
2026-08-31T10:47:29.338+05:30  INFO 38280 --- [bmp-notification-service] [pool-3-thread-1] o.a.k.c.c.internals.ConsumerCoordinator  : [Consumer clientId=consumer-anonymous.71319fe6-9081-4354-a696-fc4667b331dc-4, groupId=anonymous.71319fe6-9081-4354-a696-fc4667b331dc] Found no committed offset for partition springCloudBus-0
2026-08-31T10:48:29.357+05:30  INFO 38280 --- [bmp-notification-service] [pool-3-thread-1] o.a.k.c.c.internals.ConsumerCoordinator  : [Consumer clientId=consumer-anonymous.71319fe6-9081-4354-a696-fc4667b331dc-4, groupId=anonymous.71319fe6-9081-4354-a696-fc4667b331dc] Found no committed offset for partition springCloudBus-0
2026-08-31T10:49:29.367+05:30  INFO 38280 --- [bmp-notification-service] [pool-3-thread-1] o.a.k.c.c.internals.ConsumerCoordinator  : [Consumer clientId=consumer-anonymous.71319fe6-9081-4354-a696-fc4667b331dc-4, groupId=anonymous.71319fe6-9081-4354-a696-fc4667b331dc] Found no committed offset for partition springCloudBus-0
2026-08-31T10:49:48.187+05:30  INFO 38280 --- [bmp-notification-service] [rap-executor-%d] c.n.d.s.r.aws.ConfigClusterResolver      : Resolving eureka endpoints via configuration
2026-08-31T10:50:29.378+05:30  INFO 38280 --- [bmp-notification-service] [pool-3-thread-1] o.a.k.c.c.internals.ConsumerCoordinator  : [Consumer clientId=consumer-anonymous.71319fe6-9081-4354-a696-fc4667b331dc-4, groupId=anonymous.71319fe6-9081-4354-a696-fc4667b331dc] Found no committed offset for partition springCloudBus-0
2026-08-31T10:51:29.402+05:30  INFO 38280 --- [bmp-notification-service] [pool-3-thread-1] o.a.k.c.c.internals.ConsumerCoordinator  : [Consumer clientId=consumer-anonymous.71319fe6-9081-4354-a696-fc4667b331dc-4, groupId=anonymous.71319fe6-9081-4354-a696-fc4667b331dc] Found no committed offset for partition springCloudBus-0
2026-08-31T10:52:29.413+05:30  INFO 38280 --- [bmp-notification-service] [pool-3-thread-1] o.a.k.c.c.internals.ConsumerCoordinator  : [Consumer clientId=consumer-anonymous.71319fe6-9081-4354-a696-fc4667b331dc-4, groupId=anonymous.71319fe6-9081-4354-a696-fc4667b331dc] Found no committed offset for partition springCloudBus-0
2026-08-31T10:53:29.425+05:30  INFO 38280 --- [bmp-notification-service] [pool-3-thread-1] o.a.k.c.c.internals.ConsumerCoordinator  : [Consumer clientId=consumer-anonymous.71319fe6-9081-4354-a696-fc4667b331dc-4, groupId=anonymous.71319fe6-9081-4354-a696-fc4667b331dc] Found no committed offset for partition springCloudBus-0
2026-08-31T10:54:29.434+05:30  INFO 38280 --- [bmp-notification-service] [pool-3-thread-1] o.a.k.c.c.internals.ConsumerCoordinator  : [Consumer clientId=consumer-anonymous.71319fe6-9081-4354-a696-fc4667b331dc-4, groupId=anonymous.71319fe6-9081-4354-a696-fc4667b331dc] Found no committed offset for partition springCloudBus-0
2026-08-31T10:54:48.201+05:30  INFO 38280 --- [bmp-notification-service] [rap-executor-%d] c.n.d.s.r.aws.ConfigClusterResolver      : Resolving eureka endpoints via configuration
2026-08-31T10:55:29.455+05:30  INFO 38280 --- [bmp-notification-service] [pool-3-thread-1] o.a.k.c.c.internals.ConsumerCoordinator  : [Consumer clientId=consumer-anonymous.71319fe6-9081-4354-a696-fc4667b331dc-4, groupId=anonymous.71319fe6-9081-4354-a696-fc4667b331dc] Found no committed offset for partition springCloudBus-0
2026-08-31T10:56:29.465+05:30  INFO 38280 --- [bmp-notification-service] [pool-3-thread-1] o.a.k.c.c.internals.ConsumerCoordinator  : [Consumer clientId=consumer-anonymous.71319fe6-9081-4354-a696-fc4667b331dc-4, groupId=anonymous.71319fe6-9081-4354-a696-fc4667b331dc] Found no committed offset for partition springCloudBus-0
2026-08-31T10:57:29.498+05:30  INFO 38280 --- [bmp-notification-service] [pool-3-thread-1] o.a.k.c.c.internals.ConsumerCoordinator  : [Consumer clientId=consumer-anonymous.71319fe6-9081-4354-a696-fc4667b331dc-4, groupId=anonymous.71319fe6-9081-4354-a696-fc4667b331dc] Found no committed offset for partition springCloudBus-0
2026-08-31T10:58:29.523+05:30  INFO 38280 --- [bmp-notification-service] [pool-3-thread-1] o.a.k.c.c.internals.ConsumerCoordinator  : [Consumer clientId=consumer-anonymous.71319fe6-9081-4354-a696-fc4667b331dc-4, groupId=anonymous.71319fe6-9081-4354-a696-fc4667b331dc] Found no committed offset for partition springCloudBus-0
2026-08-31T10:59:29.536+05:30  INFO 38280 --- [bmp-notification-service] [pool-3-thread-1] o.a.k.c.c.internals.ConsumerCoordinator  : [Consumer clientId=consumer-anonymous.71319fe6-9081-4354-a696-fc4667b331dc-4, groupId=anonymous.71319fe6-9081-4354-a696-fc4667b331dc] Found no committed offset for partition springCloudBus-0
2026-08-31T10:59:48.217+05:30  INFO 38280 --- [bmp-notification-service] [rap-executor-%d] c.n.d.s.r.aws.ConfigClusterResolver      : Resolving eureka endpoints via configuration
2026-08-31T11:00:29.553+05:30  INFO 38280 --- [bmp-notification-service] [pool-3-thread-1] o.a.k.c.c.internals.ConsumerCoordinator  : [Consumer clientId=consumer-anonymous.71319fe6-9081-4354-a696-fc4667b331dc-4, groupId=anonymous.71319fe6-9081-4354-a696-fc4667b331dc] Found no committed offset for partition springCloudBus-0
2026-08-31T11:01:29.572+05:30  INFO 38280 --- [bmp-notification-service] [pool-3-thread-1] o.a.k.c.c.internals.ConsumerCoordinator  : [Consumer clientId=consumer-anonymous.71319fe6-9081-4354-a696-fc4667b331dc-4, groupId=anonymous.71319fe6-9081-4354-a696-fc4667b331dc] Found no committed offset for partition springCloudBus-0
2026-08-31T11:02:29.581+05:30  INFO 38280 --- [bmp-notification-service] [pool-3-thread-1] o.a.k.c.c.internals.ConsumerCoordinator  : [Consumer clientId=consumer-anonymous.71319fe6-9081-4354-a696-fc4667b331dc-4, groupId=anonymous.71319fe6-9081-4354-a696-fc4667b331dc] Found no committed offset for partition springCloudBus-0
2026-08-31T11:03:29.598+05:30  INFO 38280 --- [bmp-notification-service] [pool-3-thread-1] o.a.k.c.c.internals.ConsumerCoordinator  : [Consumer clientId=consumer-anonymous.71319fe6-9081-4354-a696-fc4667b331dc-4, groupId=anonymous.71319fe6-9081-4354-a696-fc4667b331dc] Found no committed offset for partition springCloudBus-0
2026-08-31T11:04:29.620+05:30  INFO 38280 --- [bmp-notification-service] [pool-3-thread-1] o.a.k.c.c.internals.ConsumerCoordinator  : [Consumer clientId=consumer-anonymous.71319fe6-9081-4354-a696-fc4667b331dc-4, groupId=anonymous.71319fe6-9081-4354-a696-fc4667b331dc] Found no committed offset for partition springCloudBus-0
2026-08-31T11:04:48.226+05:30  INFO 38280 --- [bmp-notification-service] [rap-executor-%d] c.n.d.s.r.aws.ConfigClusterResolver      : Resolving eureka endpoints via configuration
2026-08-31T11:05:29.642+05:30  INFO 38280 --- [bmp-notification-service] [pool-3-thread-1] o.a.k.c.c.internals.ConsumerCoordinator  : [Consumer clientId=consumer-anonymous.71319fe6-9081-4354-a696-fc4667b331dc-4, groupId=anonymous.71319fe6-9081-4354-a696-fc4667b331dc] Found no committed offset for partition springCloudBus-0
2026-08-31T11:06:29.662+05:30  INFO 38280 --- [bmp-notification-service] [pool-3-thread-1] o.a.k.c.c.internals.ConsumerCoordinator  : [Consumer clientId=consumer-anonymous.71319fe6-9081-4354-a696-fc4667b331dc-4, groupId=anonymous.71319fe6-9081-4354-a696-fc4667b331dc] Found no committed offset for partition springCloudBus-0
2026-08-31T11:07:29.679+05:30  INFO 38280 --- [bmp-notification-service] [pool-3-thread-1] o.a.k.c.c.internals.ConsumerCoordinator  : [Consumer clientId=consumer-anonymous.71319fe6-9081-4354-a696-fc4667b331dc-4, groupId=anonymous.71319fe6-9081-4354-a696-fc4667b331dc] Found no committed offset for partition springCloudBus-0
2026-08-31T11:08:29.691+05:30  INFO 38280 --- [bmp-notification-service] [pool-3-thread-1] o.a.k.c.c.internals.ConsumerCoordinator  : [Consumer clientId=consumer-anonymous.71319fe6-9081-4354-a696-fc4667b331dc-4, groupId=anonymous.71319fe6-9081-4354-a696-fc4667b331dc] Found no committed offset for partition springCloudBus-0
2026-08-31T11:09:29.717+05:30  INFO 38280 --- [bmp-notification-service] [pool-3-thread-1] o.a.k.c.c.internals.ConsumerCoordinator  : [Consumer clientId=consumer-anonymous.71319fe6-9081-4354-a696-fc4667b331dc-4, groupId=anonymous.71319fe6-9081-4354-a696-fc4667b331dc] Found no committed offset for partition springCloudBus-0
2026-08-31T11:09:48.232+05:30  INFO 38280 --- [bmp-notification-service] [rap-executor-%d] c.n.d.s.r.aws.ConfigClusterResolver      : Resolving eureka endpoints via configuration
2026-08-31T11:10:29.737+05:30  INFO 38280 --- [bmp-notification-service] [pool-3-thread-1] o.a.k.c.c.internals.ConsumerCoordinator  : [Consumer clientId=consumer-anonymous.71319fe6-9081-4354-a696-fc4667b331dc-4, groupId=anonymous.71319fe6-9081-4354-a696-fc4667b331dc] Found no committed offset for partition springCloudBus-0
2026-08-31T11:11:29.749+05:30  INFO 38280 --- [bmp-notification-service] [pool-3-thread-1] o.a.k.c.c.internals.ConsumerCoordinator  : [Consumer clientId=consumer-anonymous.71319fe6-9081-4354-a696-fc4667b331dc-4, groupId=anonymous.71319fe6-9081-4354-a696-fc4667b331dc] Found no committed offset for partition springCloudBus-0
2026-08-31T11:12:29.771+05:30  INFO 38280 --- [bmp-notification-service] [pool-3-thread-1] o.a.k.c.c.internals.ConsumerCoordinator  : [Consumer clientId=consumer-anonymous.71319fe6-9081-4354-a696-fc4667b331dc-4, groupId=anonymous.71319fe6-9081-4354-a696-fc4667b331dc] Found no committed offset for partition springCloudBus-0
2026-08-31T11:13:29.778+05:30  INFO 38280 --- [bmp-notification-service] [pool-3-thread-1] o.a.k.c.c.internals.ConsumerCoordinator  : [Consumer clientId=consumer-anonymous.71319fe6-9081-4354-a696-fc4667b331dc-4, groupId=anonymous.71319fe6-9081-4354-a696-fc4667b331dc] Found no committed offset for partition springCloudBus-0
2026-08-31T11:14:29.789+05:30  INFO 38280 --- [bmp-notification-service] [pool-3-thread-1] o.a.k.c.c.internals.ConsumerCoordinator  : [Consumer clientId=consumer-anonymous.71319fe6-9081-4354-a696-fc4667b331dc-4, groupId=anonymous.71319fe6-9081-4354-a696-fc4667b331dc] Found no committed offset for partition springCloudBus-0
2026-08-31T11:14:48.233+05:30  INFO 38280 --- [bmp-notification-service] [rap-executor-%d] c.n.d.s.r.aws.ConfigClusterResolver      : Resolving eureka endpoints via configuration
2026-08-31T11:15:29.808+05:30  INFO 38280 --- [bmp-notification-service] [pool-3-thread-1] o.a.k.c.c.internals.ConsumerCoordinator  : [Consumer clientId=consumer-anonymous.71319fe6-9081-4354-a696-fc4667b331dc-4, groupId=anonymous.71319fe6-9081-4354-a696-fc4667b331dc] Found no committed offset for partition springCloudBus-0
2026-08-31T11:16:29.822+05:30  INFO 38280 --- [bmp-notification-service] [pool-3-thread-1] o.a.k.c.c.internals.ConsumerCoordinator  : [Consumer clientId=consumer-anonymous.71319fe6-9081-4354-a696-fc4667b331dc-4, groupId=anonymous.71319fe6-9081-4354-a696-fc4667b331dc] Found no committed offset for partition springCloudBus-0
2026-08-31T11:17:29.841+05:30  INFO 38280 --- [bmp-notification-service] [pool-3-thread-1] o.a.k.c.c.internals.ConsumerCoordinator  : [Consumer clientId=consumer-anonymous.71319fe6-9081-4354-a696-fc4667b331dc-4, groupId=anonymous.71319fe6-9081-4354-a696-fc4667b331dc] Found no committed offset for partition springCloudBus-0
2026-08-31T11:18:29.860+05:30  INFO 38280 --- [bmp-notification-service] [pool-3-thread-1] o.a.k.c.c.internals.ConsumerCoordinator  : [Consumer clientId=consumer-anonymous.71319fe6-9081-4354-a696-fc4667b331dc-4, groupId=anonymous.71319fe6-9081-4354-a696-fc4667b331dc] Found no committed offset for partition springCloudBus-0
2026-08-31T11:19:29.894+05:30  INFO 38280 --- [bmp-notification-service] [pool-3-thread-1] o.a.k.c.c.internals.ConsumerCoordinator  : [Consumer clientId=consumer-anonymous.71319fe6-9081-4354-a696-fc4667b331dc-4, groupId=anonymous.71319fe6-9081-4354-a696-fc4667b331dc] Found no committed offset for partition springCloudBus-0
2026-08-31T11:19:48.247+05:30  INFO 38280 --- [bmp-notification-service] [rap-executor-%d] c.n.d.s.r.aws.ConfigClusterResolver      : Resolving eureka endpoints via configuration
2026-08-31T11:20:29.917+05:30  INFO 38280 --- [bmp-notification-service] [pool-3-thread-1] o.a.k.c.c.internals.ConsumerCoordinator  : [Consumer clientId=consumer-anonymous.71319fe6-9081-4354-a696-fc4667b331dc-4, groupId=anonymous.71319fe6-9081-4354-a696-fc4667b331dc] Found no committed offset for partition springCloudBus-0
2026-08-31T11:21:29.928+05:30  INFO 38280 --- [bmp-notification-service] [pool-3-thread-1] o.a.k.c.c.internals.ConsumerCoordinator  : [Consumer clientId=consumer-anonymous.71319fe6-9081-4354-a696-fc4667b331dc-4, groupId=anonymous.71319fe6-9081-4354-a696-fc4667b331dc] Found no committed offset for partition springCloudBus-0
2026-08-31T11:22:29.951+05:30  INFO 38280 --- [bmp-notification-service] [pool-3-thread-1] o.a.k.c.c.internals.ConsumerCoordinator  : [Consumer clientId=consumer-anonymous.71319fe6-9081-4354-a696-fc4667b331dc-4, groupId=anonymous.71319fe6-9081-4354-a696-fc4667b331dc] Found no committed offset for partition springCloudBus-0
2026-08-31T11:23:29.976+05:30  INFO 38280 --- [bmp-notification-service] [pool-3-thread-1] o.a.k.c.c.internals.ConsumerCoordinator  : [Consumer clientId=consumer-anonymous.71319fe6-9081-4354-a696-fc4667b331dc-4, groupId=anonymous.71319fe6-9081-4354-a696-fc4667b331dc] Found no committed offset for partition springCloudBus-0
2026-08-31T11:24:29.994+05:30  INFO 38280 --- [bmp-notification-service] [pool-3-thread-1] o.a.k.c.c.internals.ConsumerCoordinator  : [Consumer clientId=consumer-anonymous.71319fe6-9081-4354-a696-fc4667b331dc-4, groupId=anonymous.71319fe6-9081-4354-a696-fc4667b331dc] Found no committed offset for partition springCloudBus-0
2026-08-31T11:24:48.259+05:30  INFO 38280 --- [bmp-notification-service] [rap-executor-%d] c.n.d.s.r.aws.ConfigClusterResolver      : Resolving eureka endpoints via configuration
2026-08-31T11:25:30.021+05:30  INFO 38280 --- [bmp-notification-service] [pool-3-thread-1] o.a.k.c.c.internals.ConsumerCoordinator  : [Consumer clientId=consumer-anonymous.71319fe6-9081-4354-a696-fc4667b331dc-4, groupId=anonymous.71319fe6-9081-4354-a696-fc4667b331dc] Found no committed offset for partition springCloudBus-0
2026-08-31T11:26:30.041+05:30  INFO 38280 --- [bmp-notification-service] [pool-3-thread-1] o.a.k.c.c.internals.ConsumerCoordinator  : [Consumer clientId=consumer-anonymous.71319fe6-9081-4354-a696-fc4667b331dc-4, groupId=anonymous.71319fe6-9081-4354-a696-fc4667b331dc] Found no committed offset for partition springCloudBus-0
2026-08-31T11:27:30.072+05:30  INFO 38280 --- [bmp-notification-service] [pool-3-thread-1] o.a.k.c.c.internals.ConsumerCoordinator  : [Consumer clientId=consumer-anonymous.71319fe6-9081-4354-a696-fc4667b331dc-4, groupId=anonymous.71319fe6-9081-4354-a696-fc4667b331dc] Found no committed offset for partition springCloudBus-0
2026-08-31T11:28:30.092+05:30  INFO 38280 --- [bmp-notification-service] [pool-3-thread-1] o.a.k.c.c.internals.ConsumerCoordinator  : [Consumer clientId=consumer-anonymous.71319fe6-9081-4354-a696-fc4667b331dc-4, groupId=anonymous.71319fe6-9081-4354-a696-fc4667b331dc] Found no committed offset for partition springCloudBus-0
2026-08-31T11:29:30.104+05:30  INFO 38280 --- [bmp-notification-service] [pool-3-thread-1] o.a.k.c.c.internals.ConsumerCoordinator  : [Consumer clientId=consumer-anonymous.71319fe6-9081-4354-a696-fc4667b331dc-4, groupId=anonymous.71319fe6-9081-4354-a696-fc4667b331dc] Found no committed offset for partition springCloudBus-0
2026-08-31T11:29:48.268+05:30  INFO 38280 --- [bmp-notification-service] [rap-executor-%d] c.n.d.s.r.aws.ConfigClusterResolver      : Resolving eureka endpoints via configuration
2026-08-31T11:30:30.132+05:30  INFO 38280 --- [bmp-notification-service] [pool-3-thread-1] o.a.k.c.c.internals.ConsumerCoordinator  : [Consumer clientId=consumer-anonymous.71319fe6-9081-4354-a696-fc4667b331dc-4, groupId=anonymous.71319fe6-9081-4354-a696-fc4667b331dc] Found no committed offset for partition springCloudBus-0
2026-08-31T11:31:30.150+05:30  INFO 38280 --- [bmp-notification-service] [pool-3-thread-1] o.a.k.c.c.internals.ConsumerCoordinator  : [Consumer clientId=consumer-anonymous.71319fe6-9081-4354-a696-fc4667b331dc-4, groupId=anonymous.71319fe6-9081-4354-a696-fc4667b331dc] Found no committed offset for partition springCloudBus-0
2026-08-31T11:32:30.170+05:30  INFO 38280 --- [bmp-notification-service] [pool-3-thread-1] o.a.k.c.c.internals.ConsumerCoordinator  : [Consumer clientId=consumer-anonymous.71319fe6-9081-4354-a696-fc4667b331dc-4, groupId=anonymous.71319fe6-9081-4354-a696-fc4667b331dc] Found no committed offset for partition springCloudBus-0
2026-08-31T11:33:30.189+05:30  INFO 38280 --- [bmp-notification-service] [pool-3-thread-1] o.a.k.c.c.internals.ConsumerCoordinator  : [Consumer clientId=consumer-anonymous.71319fe6-9081-4354-a696-fc4667b331dc-4, groupId=anonymous.71319fe6-9081-4354-a696-fc4667b331dc] Found no committed offset for partition springCloudBus-0
2026-08-31T11:34:30.203+05:30  INFO 38280 --- [bmp-notification-service] [pool-3-thread-1] o.a.k.c.c.internals.ConsumerCoordinator  : [Consumer clientId=consumer-anonymous.71319fe6-9081-4354-a696-fc4667b331dc-4, groupId=anonymous.71319fe6-9081-4354-a696-fc4667b331dc] Found no committed offset for partition springCloudBus-0
2026-08-31T11:34:48.280+05:30  INFO 38280 --- [bmp-notification-service] [rap-executor-%d] c.n.d.s.r.aws.ConfigClusterResolver      : Resolving eureka endpoints via configuration
2026-08-31T11:35:30.216+05:30  INFO 38280 --- [bmp-notification-service] [pool-3-thread-1] o.a.k.c.c.internals.ConsumerCoordinator  : [Consumer clientId=consumer-anonymous.71319fe6-9081-4354-a696-fc4667b331dc-4, groupId=anonymous.71319fe6-9081-4354-a696-fc4667b331dc] Found no committed offset for partition springCloudBus-0
2026-08-31T11:36:30.237+05:30  INFO 38280 --- [bmp-notification-service] [pool-3-thread-1] o.a.k.c.c.internals.ConsumerCoordinator  : [Consumer clientId=consumer-anonymous.71319fe6-9081-4354-a696-fc4667b331dc-4, groupId=anonymous.71319fe6-9081-4354-a696-fc4667b331dc] Found no committed offset for partition springCloudBus-0
2026-08-31T11:37:30.255+05:30  INFO 38280 --- [bmp-notification-service] [pool-3-thread-1] o.a.k.c.c.internals.ConsumerCoordinator  : [Consumer clientId=consumer-anonymous.71319fe6-9081-4354-a696-fc4667b331dc-4, groupId=anonymous.71319fe6-9081-4354-a696-fc4667b331dc] Found no committed offset for partition springCloudBus-0
2026-08-31T11:38:30.280+05:30  INFO 38280 --- [bmp-notification-service] [pool-3-thread-1] o.a.k.c.c.internals.ConsumerCoordinator  : [Consumer clientId=consumer-anonymous.71319fe6-9081-4354-a696-fc4667b331dc-4, groupId=anonymous.71319fe6-9081-4354-a696-fc4667b331dc] Found no committed offset for partition springCloudBus-0
2026-08-31T11:39:30.305+05:30  INFO 38280 --- [bmp-notification-service] [pool-3-thread-1] o.a.k.c.c.internals.ConsumerCoordinator  : [Consumer clientId=consumer-anonymous.71319fe6-9081-4354-a696-fc4667b331dc-4, groupId=anonymous.71319fe6-9081-4354-a696-fc4667b331dc] Found no committed offset for partition springCloudBus-0
2026-08-31T11:39:48.294+05:30  INFO 38280 --- [bmp-notification-service] [rap-executor-%d] c.n.d.s.r.aws.ConfigClusterResolver      : Resolving eureka endpoints via configuration
2026-08-31T11:40:30.320+05:30  INFO 38280 --- [bmp-notification-service] [pool-3-thread-1] o.a.k.c.c.internals.ConsumerCoordinator  : [Consumer clientId=consumer-anonymous.71319fe6-9081-4354-a696-fc4667b331dc-4, groupId=anonymous.71319fe6-9081-4354-a696-fc4667b331dc] Found no committed offset for partition springCloudBus-0
2026-08-31T11:41:30.341+05:30  INFO 38280 --- [bmp-notification-service] [pool-3-thread-1] o.a.k.c.c.internals.ConsumerCoordinator  : [Consumer clientId=consumer-anonymous.71319fe6-9081-4354-a696-fc4667b331dc-4, groupId=anonymous.71319fe6-9081-4354-a696-fc4667b331dc] Found no committed offset for partition springCloudBus-0
2026-08-31T11:42:30.351+05:30  INFO 38280 --- [bmp-notification-service] [pool-3-thread-1] o.a.k.c.c.internals.ConsumerCoordinator  : [Consumer clientId=consumer-anonymous.71319fe6-9081-4354-a696-fc4667b331dc-4, groupId=anonymous.71319fe6-9081-4354-a696-fc4667b331dc] Found no committed offset for partition springCloudBus-0
2026-08-31T11:43:30.368+05:30  INFO 38280 --- [bmp-notification-service] [pool-3-thread-1] o.a.k.c.c.internals.ConsumerCoordinator  : [Consumer clientId=consumer-anonymous.71319fe6-9081-4354-a696-fc4667b331dc-4, groupId=anonymous.71319fe6-9081-4354-a696-fc4667b331dc] Found no committed offset for partition springCloudBus-0
2026-08-31T11:44:30.386+05:30  INFO 38280 --- [bmp-notification-service] [pool-3-thread-1] o.a.k.c.c.internals.ConsumerCoordinator  : [Consumer clientId=consumer-anonymous.71319fe6-9081-4354-a696-fc4667b331dc-4, groupId=anonymous.71319fe6-9081-4354-a696-fc4667b331dc] Found no committed offset for partition springCloudBus-0
2026-08-31T11:44:48.294+05:30  INFO 38280 --- [bmp-notification-service] [rap-executor-%d] c.n.d.s.r.aws.ConfigClusterResolver      : Resolving eureka endpoints via configuration
2026-08-31T11:45:30.412+05:30  INFO 38280 --- [bmp-notification-service] [pool-3-thread-1] o.a.k.c.c.internals.ConsumerCoordinator  : [Consumer clientId=consumer-anonymous.71319fe6-9081-4354-a696-fc4667b331dc-4, groupId=anonymous.71319fe6-9081-4354-a696-fc4667b331dc] Found no committed offset for partition springCloudBus-0
2026-08-31T11:46:30.431+05:30  INFO 38280 --- [bmp-notification-service] [pool-3-thread-1] o.a.k.c.c.internals.ConsumerCoordinator  : [Consumer clientId=consumer-anonymous.71319fe6-9081-4354-a696-fc4667b331dc-4, groupId=anonymous.71319fe6-9081-4354-a696-fc4667b331dc] Found no committed offset for partition springCloudBus-0
2026-08-31T11:47:30.456+05:30  INFO 38280 --- [bmp-notification-service] [pool-3-thread-1] o.a.k.c.c.internals.ConsumerCoordinator  : [Consumer clientId=consumer-anonymous.71319fe6-9081-4354-a696-fc4667b331dc-4, groupId=anonymous.71319fe6-9081-4354-a696-fc4667b331dc] Found no committed offset for partition springCloudBus-0
2026-08-31T11:48:30.491+05:30  INFO 38280 --- [bmp-notification-service] [pool-3-thread-1] o.a.k.c.c.internals.ConsumerCoordinator  : [Consumer clientId=consumer-anonymous.71319fe6-9081-4354-a696-fc4667b331dc-4, groupId=anonymous.71319fe6-9081-4354-a696-fc4667b331dc] Found no committed offset for partition springCloudBus-0
2026-08-31T11:49:30.505+05:30  INFO 38280 --- [bmp-notification-service] [pool-3-thread-1] o.a.k.c.c.internals.ConsumerCoordinator  : [Consumer clientId=consumer-anonymous.71319fe6-9081-4354-a696-fc4667b331dc-4, groupId=anonymous.71319fe6-9081-4354-a696-fc4667b331dc] Found no committed offset for partition springCloudBus-0
2026-08-31T11:49:48.303+05:30  INFO 38280 --- [bmp-notification-service] [rap-executor-%d] c.n.d.s.r.aws.ConfigClusterResolver      : Resolving eureka endpoints via configuration
2026-08-31T11:50:30.533+05:30  INFO 38280 --- [bmp-notification-service] [pool-3-thread-1] o.a.k.c.c.internals.ConsumerCoordinator  : [Consumer clientId=consumer-anonymous.71319fe6-9081-4354-a696-fc4667b331dc-4, groupId=anonymous.71319fe6-9081-4354-a696-fc4667b331dc] Found no committed offset for partition springCloudBus-0
2026-08-31T11:51:30.556+05:30  INFO 38280 --- [bmp-notification-service] [pool-3-thread-1] o.a.k.c.c.internals.ConsumerCoordinator  : [Consumer clientId=consumer-anonymous.71319fe6-9081-4354-a696-fc4667b331dc-4, groupId=anonymous.71319fe6-9081-4354-a696-fc4667b331dc] Found no committed offset for partition springCloudBus-0
2026-08-31T11:52:30.578+05:30  INFO 38280 --- [bmp-notification-service] [pool-3-thread-1] o.a.k.c.c.internals.ConsumerCoordinator  : [Consumer clientId=consumer-anonymous.71319fe6-9081-4354-a696-fc4667b331dc-4, groupId=anonymous.71319fe6-9081-4354-a696-fc4667b331dc] Found no committed offset for partition springCloudBus-0
2026-08-31T11:53:30.600+05:30  INFO 38280 --- [bmp-notification-service] [pool-3-thread-1] o.a.k.c.c.internals.ConsumerCoordinator  : [Consumer clientId=consumer-anonymous.71319fe6-9081-4354-a696-fc4667b331dc-4, groupId=anonymous.71319fe6-9081-4354-a696-fc4667b331dc] Found no committed offset for partition springCloudBus-0
2026-08-31T11:54:30.681+05:30  INFO 38280 --- [bmp-notification-service] [pool-3-thread-1] o.a.k.c.c.internals.ConsumerCoordinator  : [Consumer clientId=consumer-anonymous.71319fe6-9081-4354-a696-fc4667b331dc-4, groupId=anonymous.71319fe6-9081-4354-a696-fc4667b331dc] Found no committed offset for partition springCloudBus-0
2026-08-31T11:54:48.308+05:30  INFO 38280 --- [bmp-notification-service] [rap-executor-%d] c.n.d.s.r.aws.ConfigClusterResolver      : Resolving eureka endpoints via configuration
2026-08-31T11:55:30.702+05:30  INFO 38280 --- [bmp-notification-service] [pool-3-thread-1] o.a.k.c.c.internals.ConsumerCoordinator  : [Consumer clientId=consumer-anonymous.71319fe6-9081-4354-a696-fc4667b331dc-4, groupId=anonymous.71319fe6-9081-4354-a696-fc4667b331dc] Found no committed offset for partition springCloudBus-0
2026-08-31T11:56:30.730+05:30  INFO 38280 --- [bmp-notification-service] [pool-3-thread-1] o.a.k.c.c.internals.ConsumerCoordinator  : [Consumer clientId=consumer-anonymous.71319fe6-9081-4354-a696-fc4667b331dc-4, groupId=anonymous.71319fe6-9081-4354-a696-fc4667b331dc] Found no committed offset for partition springCloudBus-0
2026-08-31T11:57:30.758+05:30  INFO 38280 --- [bmp-notification-service] [pool-3-thread-1] o.a.k.c.c.internals.ConsumerCoordinator  : [Consumer clientId=consumer-anonymous.71319fe6-9081-4354-a696-fc4667b331dc-4, groupId=anonymous.71319fe6-9081-4354-a696-fc4667b331dc] Found no committed offset for partition springCloudBus-0
2026-08-31T11:58:30.770+05:30  INFO 38280 --- [bmp-notification-service] [pool-3-thread-1] o.a.k.c.c.internals.ConsumerCoordinator  : [Consumer clientId=consumer-anonymous.71319fe6-9081-4354-a696-fc4667b331dc-4, groupId=anonymous.71319fe6-9081-4354-a696-fc4667b331dc] Found no committed offset for partition springCloudBus-0
2026-08-31T11:59:30.798+05:30  INFO 38280 --- [bmp-notification-service] [pool-3-thread-1] o.a.k.c.c.internals.ConsumerCoordinator  : [Consumer clientId=consumer-anonymous.71319fe6-9081-4354-a696-fc4667b331dc-4, groupId=anonymous.71319fe6-9081-4354-a696-fc4667b331dc] Found no committed offset for partition springCloudBus-0
2026-08-31T11:59:48.311+05:30  INFO 38280 --- [bmp-notification-service] [rap-executor-%d] c.n.d.s.r.aws.ConfigClusterResolver      : Resolving eureka endpoints via configuration
2026-08-31T12:00:30.843+05:30  INFO 38280 --- [bmp-notification-service] [pool-3-thread-1] o.a.k.c.c.internals.ConsumerCoordinator  : [Consumer clientId=consumer-anonymous.71319fe6-9081-4354-a696-fc4667b331dc-4, groupId=anonymous.71319fe6-9081-4354-a696-fc4667b331dc] Found no committed offset for partition springCloudBus-0
2026-08-31T12:01:30.864+05:30  INFO 38280 --- [bmp-notification-service] [pool-3-thread-1] o.a.k.c.c.internals.ConsumerCoordinator  : [Consumer clientId=consumer-anonymous.71319fe6-9081-4354-a696-fc4667b331dc-4, groupId=anonymous.71319fe6-9081-4354-a696-fc4667b331dc] Found no committed offset for partition springCloudBus-0
2026-08-31T12:02:30.887+05:30  INFO 38280 --- [bmp-notification-service] [pool-3-thread-1] o.a.k.c.c.internals.ConsumerCoordinator  : [Consumer clientId=consumer-anonymous.71319fe6-9081-4354-a696-fc4667b331dc-4, groupId=anonymous.71319fe6-9081-4354-a696-fc4667b331dc] Found no committed offset for partition springCloudBus-0
2026-08-31T12:03:30.918+05:30  INFO 38280 --- [bmp-notification-service] [pool-3-thread-1] o.a.k.c.c.internals.ConsumerCoordinator  : [Consumer clientId=consumer-anonymous.71319fe6-9081-4354-a696-fc4667b331dc-4, groupId=anonymous.71319fe6-9081-4354-a696-fc4667b331dc] Found no committed offset for partition springCloudBus-0
2026-08-31T12:04:30.957+05:30  INFO 38280 --- [bmp-notification-service] [pool-3-thread-1] o.a.k.c.c.internals.ConsumerCoordinator  : [Consumer clientId=consumer-anonymous.71319fe6-9081-4354-a696-fc4667b331dc-4, groupId=anonymous.71319fe6-9081-4354-a696-fc4667b331dc] Found no committed offset for partition springCloudBus-0
2026-08-31T12:04:48.322+05:30  INFO 38280 --- [bmp-notification-service] [rap-executor-%d] c.n.d.s.r.aws.ConfigClusterResolver      : Resolving eureka endpoints via configuration
2026-08-31T12:05:30.988+05:30  INFO 38280 --- [bmp-notification-service] [pool-3-thread-1] o.a.k.c.c.internals.ConsumerCoordinator  : [Consumer clientId=consumer-anonymous.71319fe6-9081-4354-a696-fc4667b331dc-4, groupId=anonymous.71319fe6-9081-4354-a696-fc4667b331dc] Found no committed offset for partition springCloudBus-0
2026-08-31T12:06:31.000+05:30  INFO 38280 --- [bmp-notification-service] [pool-3-thread-1] o.a.k.c.c.internals.ConsumerCoordinator  : [Consumer clientId=consumer-anonymous.71319fe6-9081-4354-a696-fc4667b331dc-4, groupId=anonymous.71319fe6-9081-4354-a696-fc4667b331dc] Found no committed offset for partition springCloudBus-0
2026-08-31T12:07:31.028+05:30  INFO 38280 --- [bmp-notification-service] [pool-3-thread-1] o.a.k.c.c.internals.ConsumerCoordinator  : [Consumer clientId=consumer-anonymous.71319fe6-9081-4354-a696-fc4667b331dc-4, groupId=anonymous.71319fe6-9081-4354-a696-fc4667b331dc] Found no committed offset for partition springCloudBus-0
2026-08-31T12:08:31.046+05:30  INFO 38280 --- [bmp-notification-service] [pool-3-thread-1] o.a.k.c.c.internals.ConsumerCoordinator  : [Consumer clientId=consumer-anonymous.71319fe6-9081-4354-a696-fc4667b331dc-4, groupId=anonymous.71319fe6-9081-4354-a696-fc4667b331dc] Found no committed offset for partition springCloudBus-0
2026-08-31T12:09:31.060+05:30  INFO 38280 --- [bmp-notification-service] [pool-3-thread-1] o.a.k.c.c.internals.ConsumerCoordinator  : [Consumer clientId=consumer-anonymous.71319fe6-9081-4354-a696-fc4667b331dc-4, groupId=anonymous.71319fe6-9081-4354-a696-fc4667b331dc] Found no committed offset for partition springCloudBus-0
2026-08-31T12:09:48.336+05:30  INFO 38280 --- [bmp-notification-service] [rap-executor-%d] c.n.d.s.r.aws.ConfigClusterResolver      : Resolving eureka endpoints via configuration
2026-08-31T12:10:31.075+05:30  INFO 38280 --- [bmp-notification-service] [pool-3-thread-1] o.a.k.c.c.internals.ConsumerCoordinator  : [Consumer clientId=consumer-anonymous.71319fe6-9081-4354-a696-fc4667b331dc-4, groupId=anonymous.71319fe6-9081-4354-a696-fc4667b331dc] Found no committed offset for partition springCloudBus-0
2026-08-31T12:11:31.092+05:30  INFO 38280 --- [bmp-notification-service] [pool-3-thread-1] o.a.k.c.c.internals.ConsumerCoordinator  : [Consumer clientId=consumer-anonymous.71319fe6-9081-4354-a696-fc4667b331dc-4, groupId=anonymous.71319fe6-9081-4354-a696-fc4667b331dc] Found no committed offset for partition springCloudBus-0
2026-08-31T12:12:31.112+05:30  INFO 38280 --- [bmp-notification-service] [pool-3-thread-1] o.a.k.c.c.internals.ConsumerCoordinator  : [Consumer clientId=consumer-anonymous.71319fe6-9081-4354-a696-fc4667b331dc-4, groupId=anonymous.71319fe6-9081-4354-a696-fc4667b331dc] Found no committed offset for partition springCloudBus-0
2026-08-31T12:13:31.132+05:30  INFO 38280 --- [bmp-notification-service] [pool-3-thread-1] o.a.k.c.c.internals.ConsumerCoordinator  : [Consumer clientId=consumer-anonymous.71319fe6-9081-4354-a696-fc4667b331dc-4, groupId=anonymous.71319fe6-9081-4354-a696-fc4667b331dc] Found no committed offset for partition springCloudBus-0
2026-08-31T12:14:31.147+05:30  INFO 38280 --- [bmp-notification-service] [pool-3-thread-1] o.a.k.c.c.internals.ConsumerCoordinator  : [Consumer clientId=consumer-anonymous.71319fe6-9081-4354-a696-fc4667b331dc-4, groupId=anonymous.71319fe6-9081-4354-a696-fc4667b331dc] Found no committed offset for partition springCloudBus-0
2026-08-31T12:14:48.345+05:30  INFO 38280 --- [bmp-notification-service] [rap-executor-%d] c.n.d.s.r.aws.ConfigClusterResolver      : Resolving eureka endpoints via configuration
2026-08-31T12:15:31.171+05:30  INFO 38280 --- [bmp-notification-service] [pool-3-thread-1] o.a.k.c.c.internals.ConsumerCoordinator  : [Consumer clientId=consumer-anonymous.71319fe6-9081-4354-a696-fc4667b331dc-4, groupId=anonymous.71319fe6-9081-4354-a696-fc4667b331dc] Found no committed offset for partition springCloudBus-0
2026-08-31T15:16:00.574+05:30  INFO 38280 --- [bmp-notification-service] [ntainer#0-0-C-1] org.apache.kafka.clients.NetworkClient   : [Consumer clientId=consumer-bmp-notification-service-3, groupId=bmp-notification-service] Node 1 disconnected.
2026-08-31T15:16:00.593+05:30  INFO 38280 --- [bmp-notification-service] [ntainer#0-0-C-1] org.apache.kafka.clients.NetworkClient   : [Consumer clientId=consumer-bmp-notification-service-3, groupId=bmp-notification-service] Cancelled in-flight FETCH request with correlation id 139128 due to node 1 being disconnected (elapsed time since creation: 10803688ms, elapsed time since send: 10803688ms, throttle time: 0ms, request timeout: 30000ms)
2026-08-31T15:16:00.594+05:30  INFO 38280 --- [bmp-notification-service] [ntainer#0-0-C-1] org.apache.kafka.clients.NetworkClient   : [Consumer clientId=consumer-bmp-notification-service-3, groupId=bmp-notification-service] Disconnecting from node 2147483646 due to request timeout.
2026-08-31T15:16:00.594+05:30  INFO 38280 --- [bmp-notification-service] [ntainer#0-0-C-1] org.apache.kafka.clients.NetworkClient   : [Consumer clientId=consumer-bmp-notification-service-3, groupId=bmp-notification-service] Cancelled in-flight HEARTBEAT request with correlation id 139129 due to node 2147483646 being disconnected (elapsed time since creation: 10802614ms, elapsed time since send: 10802614ms, throttle time: 0ms, request timeout: 30000ms)
2026-08-31T15:16:00.595+05:30  INFO 38280 --- [bmp-notification-service] [ication-service] o.a.k.c.c.internals.ConsumerCoordinator  : [Consumer clientId=consumer-bmp-notification-service-3, groupId=bmp-notification-service] Group coordinator localhost:9092 (id: 2147483646 rack: null) is unavailable or invalid due to cause: null. isDisconnected: true. Rediscovery will be attempted.
2026-08-31T15:16:00.601+05:30  INFO 38280 --- [bmp-notification-service] [container-0-C-1] org.apache.kafka.clients.NetworkClient   : [Consumer clientId=consumer-anonymous.71319fe6-9081-4354-a696-fc4667b331dc-2, groupId=anonymous.71319fe6-9081-4354-a696-fc4667b331dc] Node 1 disconnected.
2026-08-31T15:16:00.601+05:30  INFO 38280 --- [bmp-notification-service] [container-0-C-1] org.apache.kafka.clients.NetworkClient   : [Consumer clientId=consumer-anonymous.71319fe6-9081-4354-a696-fc4667b331dc-2, groupId=anonymous.71319fe6-9081-4354-a696-fc4667b331dc] Cancelled in-flight FETCH request with correlation id 139175 due to node 1 being disconnected (elapsed time since creation: 10803559ms, elapsed time since send: 10803559ms, throttle time: 0ms, request timeout: 30000ms)
2026-08-31T15:16:00.601+05:30  INFO 38280 --- [bmp-notification-service] [container-0-C-1] org.apache.kafka.clients.NetworkClient   : [Consumer clientId=consumer-anonymous.71319fe6-9081-4354-a696-fc4667b331dc-2, groupId=anonymous.71319fe6-9081-4354-a696-fc4667b331dc] Disconnecting from node 2147483646 due to request timeout.
2026-08-31T15:16:00.602+05:30  INFO 38280 --- [bmp-notification-service] [container-0-C-1] org.apache.kafka.clients.NetworkClient   : [Consumer clientId=consumer-anonymous.71319fe6-9081-4354-a696-fc4667b331dc-2, groupId=anonymous.71319fe6-9081-4354-a696-fc4667b331dc] Cancelled in-flight HEARTBEAT request with correlation id 139176 due to node 2147483646 being disconnected (elapsed time since creation: 10801988ms, elapsed time since send: 10801988ms, throttle time: 0ms, request timeout: 30000ms)
2026-08-31T15:16:00.595+05:30  INFO 38280 --- [bmp-notification-service] [ntainer#0-0-C-1] o.a.kafka.clients.FetchSessionHandler    : [Consumer clientId=consumer-bmp-notification-service-3, groupId=bmp-notification-service] Error sending fetch request (sessionId=1370145921, epoch=14062) to node 1:

org.apache.kafka.common.errors.DisconnectException: null

2026-08-31T15:16:00.602+05:30  INFO 38280 --- [bmp-notification-service] [container-0-C-1] o.a.kafka.clients.FetchSessionHandler    : [Consumer clientId=consumer-anonymous.71319fe6-9081-4354-a696-fc4667b331dc-2, groupId=anonymous.71319fe6-9081-4354-a696-fc4667b331dc] Error sending fetch request (sessionId=893576643, epoch=14066) to node 1:

org.apache.kafka.common.errors.DisconnectException: null

2026-08-31T15:16:00.781+05:30  INFO 38280 --- [bmp-notification-service] [96-fc4667b331dc] o.a.k.c.c.internals.ConsumerCoordinator  : [Consumer clientId=consumer-anonymous.71319fe6-9081-4354-a696-fc4667b331dc-2, groupId=anonymous.71319fe6-9081-4354-a696-fc4667b331dc] Group coordinator localhost:9092 (id: 2147483646 rack: null) is unavailable or invalid due to cause: session timed out without receiving a heartbeat response. isDisconnected: false. Rediscovery will be attempted.
2026-08-31T15:16:00.781+05:30  INFO 38280 --- [bmp-notification-service] [96-fc4667b331dc] o.a.k.c.c.internals.ConsumerCoordinator  : [Consumer clientId=consumer-anonymous.71319fe6-9081-4354-a696-fc4667b331dc-2, groupId=anonymous.71319fe6-9081-4354-a696-fc4667b331dc] Requesting disconnect from last known coordinator localhost:9092 (id: 2147483646 rack: null)
2026-08-31T15:16:01.931+05:30  INFO 38280 --- [bmp-notification-service] [container-0-C-1] o.a.k.c.c.internals.ConsumerCoordinator  : [Consumer clientId=consumer-anonymous.71319fe6-9081-4354-a696-fc4667b331dc-2, groupId=anonymous.71319fe6-9081-4354-a696-fc4667b331dc] Discovered group coordinator localhost:9092 (id: 2147483646 rack: null)
2026-08-31T15:16:01.993+05:30  INFO 38280 --- [bmp-notification-service] [ntainer#0-0-C-1] o.a.k.c.c.internals.ConsumerCoordinator  : [Consumer clientId=consumer-bmp-notification-service-3, groupId=bmp-notification-service] Discovered group coordinator localhost:9092 (id: 2147483646 rack: null)
2026-08-31T22:21:32.743+05:30  INFO 38280 --- [bmp-notification-service] [container-0-C-1] org.apache.kafka.clients.NetworkClient   : [Consumer clientId=consumer-anonymous.71319fe6-9081-4354-a696-fc4667b331dc-2, groupId=anonymous.71319fe6-9081-4354-a696-fc4667b331dc] Node 1 disconnected.
2026-08-31T22:21:32.743+05:30  INFO 38280 --- [bmp-notification-service] [container-0-C-1] org.apache.kafka.clients.NetworkClient   : [Consumer clientId=consumer-anonymous.71319fe6-9081-4354-a696-fc4667b331dc-2, groupId=anonymous.71319fe6-9081-4354-a696-fc4667b331dc] Cancelled in-flight FETCH request with correlation id 139198 due to node 1 being disconnected (elapsed time since creation: 25522982ms, elapsed time since send: 25522982ms, throttle time: 0ms, request timeout: 30000ms)
2026-08-31T22:21:32.743+05:30  INFO 38280 --- [bmp-notification-service] [container-0-C-1] org.apache.kafka.clients.NetworkClient   : [Consumer clientId=consumer-anonymous.71319fe6-9081-4354-a696-fc4667b331dc-2, groupId=anonymous.71319fe6-9081-4354-a696-fc4667b331dc] Disconnecting from node 2147483646 due to request timeout.
2026-08-31T22:21:32.744+05:30  INFO 38280 --- [bmp-notification-service] [container-0-C-1] org.apache.kafka.clients.NetworkClient   : [Consumer clientId=consumer-anonymous.71319fe6-9081-4354-a696-fc4667b331dc-2, groupId=anonymous.71319fe6-9081-4354-a696-fc4667b331dc] Cancelled in-flight HEARTBEAT request with correlation id 139199 due to node 2147483646 being disconnected (elapsed time since creation: 25521768ms, elapsed time since send: 25521768ms, throttle time: 0ms, request timeout: 30000ms)
2026-08-31T22:21:32.744+05:30  INFO 38280 --- [bmp-notification-service] [container-0-C-1] o.a.kafka.clients.FetchSessionHandler    : [Consumer clientId=consumer-anonymous.71319fe6-9081-4354-a696-fc4667b331dc-2, groupId=anonymous.71319fe6-9081-4354-a696-fc4667b331dc] Error sending fetch request (sessionId=477076916, epoch=13) to node 1:

org.apache.kafka.common.errors.DisconnectException: null

2026-08-31T22:21:32.744+05:30  INFO 38280 --- [bmp-notification-service] [96-fc4667b331dc] o.a.k.c.c.internals.ConsumerCoordinator  : [Consumer clientId=consumer-anonymous.71319fe6-9081-4354-a696-fc4667b331dc-2, groupId=anonymous.71319fe6-9081-4354-a696-fc4667b331dc] Group coordinator localhost:9092 (id: 2147483646 rack: null) is unavailable or invalid due to cause: coordinator unavailable. isDisconnected: true. Rediscovery will be attempted.
2026-08-31T22:21:32.807+05:30  INFO 38280 --- [bmp-notification-service] [ntainer#0-0-C-1] org.apache.kafka.clients.NetworkClient   : [Consumer clientId=consumer-bmp-notification-service-3, groupId=bmp-notification-service] Node 1 disconnected.
2026-08-31T22:21:32.808+05:30  INFO 38280 --- [bmp-notification-service] [ntainer#0-0-C-1] org.apache.kafka.clients.NetworkClient   : [Consumer clientId=consumer-bmp-notification-service-3, groupId=bmp-notification-service] Cancelled in-flight FETCH request with correlation id 139151 due to node 1 being disconnected (elapsed time since creation: 25523060ms, elapsed time since send: 25523060ms, throttle time: 0ms, request timeout: 30000ms)
2026-08-31T22:21:32.808+05:30  INFO 38280 --- [bmp-notification-service] [ntainer#0-0-C-1] org.apache.kafka.clients.NetworkClient   : [Consumer clientId=consumer-bmp-notification-service-3, groupId=bmp-notification-service] Disconnecting from node 2147483646 due to request timeout.
2026-08-31T22:21:32.808+05:30  INFO 38280 --- [bmp-notification-service] [ntainer#0-0-C-1] org.apache.kafka.clients.NetworkClient   : [Consumer clientId=consumer-bmp-notification-service-3, groupId=bmp-notification-service] Cancelled in-flight HEARTBEAT request with correlation id 139152 due to node 2147483646 being disconnected (elapsed time since creation: 25521772ms, elapsed time since send: 25521772ms, throttle time: 0ms, request timeout: 30000ms)
2026-08-31T22:21:32.808+05:30  INFO 38280 --- [bmp-notification-service] [ntainer#0-0-C-1] o.a.kafka.clients.FetchSessionHandler    : [Consumer clientId=consumer-bmp-notification-service-3, groupId=bmp-notification-service] Error sending fetch request (sessionId=950918748, epoch=13) to node 1:

org.apache.kafka.common.errors.DisconnectException: null

2026-08-31T22:21:32.809+05:30  INFO 38280 --- [bmp-notification-service] [ication-service] o.a.k.c.c.internals.ConsumerCoordinator  : [Consumer clientId=consumer-bmp-notification-service-3, groupId=bmp-notification-service] Group coordinator localhost:9092 (id: 2147483646 rack: null) is unavailable or invalid due to cause: coordinator unavailable. isDisconnected: true. Rediscovery will be attempted.
2026-08-31T22:21:33.666+05:30  INFO 38280 --- [bmp-notification-service] [ntainer#0-0-C-1] o.a.k.c.c.internals.ConsumerCoordinator  : [Consumer clientId=consumer-bmp-notification-service-3, groupId=bmp-notification-service] Discovered group coordinator localhost:9092 (id: 2147483646 rack: null)
2026-08-31T22:21:34.571+05:30  INFO 38280 --- [bmp-notification-service] [container-0-C-1] o.a.k.c.c.internals.ConsumerCoordinator  : [Consumer clientId=consumer-anonymous.71319fe6-9081-4354-a696-fc4667b331dc-2, groupId=anonymous.71319fe6-9081-4354-a696-fc4667b331dc] Discovered group coordinator localhost:9092 (id: 2147483646 rack: null)
2026-08-31T22:21:35.439+05:30  WARN 38280 --- [bmp-notification-service] [l-1 housekeeper] com.zaxxer.hikari.pool.HikariPool        : HikariPool-1 - Thread starvation or clock leap detected (housekeeper delta=10h5m50s913ms143µs301ns).
2026-08-31T22:21:49.300+05:30  INFO 38280 --- [bmp-notification-service] [pool-3-thread-1] org.apache.kafka.clients.NetworkClient   : [Consumer clientId=consumer-anonymous.71319fe6-9081-4354-a696-fc4667b331dc-4, groupId=anonymous.71319fe6-9081-4354-a696-fc4667b331dc] Node 2147483646 disconnected.
2026-08-31T22:21:49.310+05:30  INFO 38280 --- [bmp-notification-service] [pool-3-thread-1] o.a.k.c.c.internals.ConsumerCoordinator  : [Consumer clientId=consumer-anonymous.71319fe6-9081-4354-a696-fc4667b331dc-4, groupId=anonymous.71319fe6-9081-4354-a696-fc4667b331dc] Group coordinator localhost:9092 (id: 2147483646 rack: null) is unavailable or invalid due to cause: coordinator unavailable. isDisconnected: true. Rediscovery will be attempted.
2026-08-31T22:21:49.317+05:30  INFO 38280 --- [bmp-notification-service] [pool-3-thread-1] o.a.k.c.c.internals.ConsumerCoordinator  : [Consumer clientId=consumer-anonymous.71319fe6-9081-4354-a696-fc4667b331dc-4, groupId=anonymous.71319fe6-9081-4354-a696-fc4667b331dc] Discovered group coordinator localhost:9092 (id: 2147483646 rack: null)
2026-08-31T22:21:49.318+05:30  INFO 38280 --- [bmp-notification-service] [pool-3-thread-1] o.a.k.c.c.internals.ConsumerCoordinator  : [Consumer clientId=consumer-anonymous.71319fe6-9081-4354-a696-fc4667b331dc-4, groupId=anonymous.71319fe6-9081-4354-a696-fc4667b331dc] Group coordinator localhost:9092 (id: 2147483646 rack: null) is unavailable or invalid due to cause: coordinator unavailable. isDisconnected: false. Rediscovery will be attempted.
2026-08-31T22:21:49.318+05:30  INFO 38280 --- [bmp-notification-service] [pool-3-thread-1] o.a.k.c.c.internals.ConsumerCoordinator  : [Consumer clientId=consumer-anonymous.71319fe6-9081-4354-a696-fc4667b331dc-4, groupId=anonymous.71319fe6-9081-4354-a696-fc4667b331dc] Requesting disconnect from last known coordinator localhost:9092 (id: 2147483646 rack: null)
2026-08-31T22:21:49.449+05:30  INFO 38280 --- [bmp-notification-service] [pool-3-thread-1] o.a.k.c.c.internals.ConsumerCoordinator  : [Consumer clientId=consumer-anonymous.71319fe6-9081-4354-a696-fc4667b331dc-4, groupId=anonymous.71319fe6-9081-4354-a696-fc4667b331dc] Discovered group coordinator localhost:9092 (id: 2147483646 rack: null)
2026-08-31T22:21:49.490+05:30  INFO 38280 --- [bmp-notification-service] [pool-3-thread-1] o.a.k.c.c.internals.ConsumerCoordinator  : [Consumer clientId=consumer-anonymous.71319fe6-9081-4354-a696-fc4667b331dc-4, groupId=anonymous.71319fe6-9081-4354-a696-fc4667b331dc] Found no committed offset for partition springCloudBus-0
2026-08-31T22:22:49.578+05:30  INFO 38280 --- [bmp-notification-service] [pool-3-thread-1] o.a.k.c.c.internals.ConsumerCoordinator  : [Consumer clientId=consumer-anonymous.71319fe6-9081-4354-a696-fc4667b331dc-4, groupId=anonymous.71319fe6-9081-4354-a696-fc4667b331dc] Found no committed offset for partition springCloudBus-0
2026-08-31T22:23:49.623+05:30  INFO 38280 --- [bmp-notification-service] [pool-3-thread-1] o.a.k.c.c.internals.ConsumerCoordinator  : [Consumer clientId=consumer-anonymous.71319fe6-9081-4354-a696-fc4667b331dc-4, groupId=anonymous.71319fe6-9081-4354-a696-fc4667b331dc] Found no committed offset for partition springCloudBus-0
2026-08-31T22:24:49.648+05:30  INFO 38280 --- [bmp-notification-service] [pool-3-thread-1] o.a.k.c.c.internals.ConsumerCoordinator  : [Consumer clientId=consumer-anonymous.71319fe6-9081-4354-a696-fc4667b331dc-4, groupId=anonymous.71319fe6-9081-4354-a696-fc4667b331dc] Found no committed offset for partition springCloudBus-0
2026-08-31T22:25:06.468+05:30  INFO 38280 --- [bmp-notification-service] [rap-executor-%d] c.n.d.s.r.aws.ConfigClusterResolver      : Resolving eureka endpoints via configuration
2026-08-31T22:25:49.672+05:30  INFO 38280 --- [bmp-notification-service] [pool-3-thread-1] o.a.k.c.c.internals.ConsumerCoordinator  : [Consumer clientId=consumer-anonymous.71319fe6-9081-4354-a696-fc4667b331dc-4, groupId=anonymous.71319fe6-9081-4354-a696-fc4667b331dc] Found no committed offset for partition springCloudBus-0
2026-08-31T22:26:49.706+05:30  INFO 38280 --- [bmp-notification-service] [pool-3-thread-1] o.a.k.c.c.internals.ConsumerCoordinator  : [Consumer clientId=consumer-anonymous.71319fe6-9081-4354-a696-fc4667b331dc-4, groupId=anonymous.71319fe6-9081-4354-a696-fc4667b331dc] Found no committed offset for partition springCloudBus-0
2026-08-31T22:27:49.775+05:30  INFO 38280 --- [bmp-notification-service] [pool-3-thread-1] o.a.k.c.c.internals.ConsumerCoordinator  : [Consumer clientId=consumer-anonymous.71319fe6-9081-4354-a696-fc4667b331dc-4, groupId=anonymous.71319fe6-9081-4354-a696-fc4667b331dc] Found no committed offset for partition springCloudBus-0
2026-08-31T22:28:49.814+05:30  INFO 38280 --- [bmp-notification-service] [pool-3-thread-1] o.a.k.c.c.internals.ConsumerCoordinator  : [Consumer clientId=consumer-anonymous.71319fe6-9081-4354-a696-fc4667b331dc-4, groupId=anonymous.71319fe6-9081-4354-a696-fc4667b331dc] Found no committed offset for partition springCloudBus-0
2026-08-31T22:29:49.839+05:30  INFO 38280 --- [bmp-notification-service] [pool-3-thread-1] o.a.k.c.c.internals.ConsumerCoordinator  : [Consumer clientId=consumer-anonymous.71319fe6-9081-4354-a696-fc4667b331dc-4, groupId=anonymous.71319fe6-9081-4354-a696-fc4667b331dc] Found no committed offset for partition springCloudBus-0
2026-08-31T22:30:06.496+05:30  INFO 38280 --- [bmp-notification-service] [rap-executor-%d] c.n.d.s.r.aws.ConfigClusterResolver      : Resolving eureka endpoints via configuration
2026-08-31T22:30:49.872+05:30  INFO 38280 --- [bmp-notification-service] [pool-3-thread-1] o.a.k.c.c.internals.ConsumerCoordinator  : [Consumer clientId=consumer-anonymous.71319fe6-9081-4354-a696-fc4667b331dc-4, groupId=anonymous.71319fe6-9081-4354-a696-fc4667b331dc] Found no committed offset for partition springCloudBus-0
2026-08-31T22:38:18.650+05:30  INFO 38280 --- [bmp-notification-service] [ication-service] org.apache.kafka.clients.NetworkClient   : [Consumer clientId=consumer-bmp-notification-service-3, groupId=bmp-notification-service] Disconnecting from node 1 due to request timeout.
2026-08-31T22:38:18.658+05:30  INFO 38280 --- [bmp-notification-service] [ication-service] org.apache.kafka.clients.NetworkClient   : [Consumer clientId=consumer-bmp-notification-service-3, groupId=bmp-notification-service] Cancelled in-flight FETCH request with correlation id 140565 due to node 1 being disconnected (elapsed time since creation: 392268ms, elapsed time since send: 392268ms, throttle time: 0ms, request timeout: 30000ms)
2026-08-31T22:38:18.661+05:30  INFO 38280 --- [bmp-notification-service] [ication-service] org.apache.kafka.clients.NetworkClient   : [Consumer clientId=consumer-bmp-notification-service-3, groupId=bmp-notification-service] Disconnecting from node 2147483646 due to request timeout.
2026-08-31T22:38:18.661+05:30  INFO 38280 --- [bmp-notification-service] [ication-service] org.apache.kafka.clients.NetworkClient   : [Consumer clientId=consumer-bmp-notification-service-3, groupId=bmp-notification-service] Cancelled in-flight HEARTBEAT request with correlation id 140566 due to node 2147483646 being disconnected (elapsed time since creation: 391020ms, elapsed time since send: 391020ms, throttle time: 0ms, request timeout: 30000ms)
2026-08-31T22:38:18.665+05:30  INFO 38280 --- [bmp-notification-service] [96-fc4667b331dc] org.apache.kafka.clients.NetworkClient   : [Consumer clientId=consumer-anonymous.71319fe6-9081-4354-a696-fc4667b331dc-2, groupId=anonymous.71319fe6-9081-4354-a696-fc4667b331dc] Disconnecting from node 1 due to request timeout.
2026-08-31T22:38:18.665+05:30  INFO 38280 --- [bmp-notification-service] [96-fc4667b331dc] org.apache.kafka.clients.NetworkClient   : [Consumer clientId=consumer-anonymous.71319fe6-9081-4354-a696-fc4667b331dc-2, groupId=anonymous.71319fe6-9081-4354-a696-fc4667b331dc] Cancelled in-flight FETCH request with correlation id 140613 due to node 1 being disconnected (elapsed time since creation: 391283ms, elapsed time since send: 391283ms, throttle time: 0ms, request timeout: 30000ms)
2026-08-31T22:38:18.665+05:30  INFO 38280 --- [bmp-notification-service] [96-fc4667b331dc] org.apache.kafka.clients.NetworkClient   : [Consumer clientId=consumer-anonymous.71319fe6-9081-4354-a696-fc4667b331dc-2, groupId=anonymous.71319fe6-9081-4354-a696-fc4667b331dc] Cancelled in-flight METADATA request with correlation id 140615 due to node 1 being disconnected (elapsed time since creation: 0ms, elapsed time since send: 0ms, throttle time: 0ms, request timeout: 30000ms)
2026-08-31T22:38:18.665+05:30  INFO 38280 --- [bmp-notification-service] [96-fc4667b331dc] org.apache.kafka.clients.NetworkClient   : [Consumer clientId=consumer-anonymous.71319fe6-9081-4354-a696-fc4667b331dc-2, groupId=anonymous.71319fe6-9081-4354-a696-fc4667b331dc] Disconnecting from node 2147483646 due to request timeout.
2026-08-31T22:38:18.665+05:30  INFO 38280 --- [bmp-notification-service] [96-fc4667b331dc] org.apache.kafka.clients.NetworkClient   : [Consumer clientId=consumer-anonymous.71319fe6-9081-4354-a696-fc4667b331dc-2, groupId=anonymous.71319fe6-9081-4354-a696-fc4667b331dc] Cancelled in-flight HEARTBEAT request with correlation id 140614 due to node 2147483646 being disconnected (elapsed time since creation: 389163ms, elapsed time since send: 389163ms, throttle time: 0ms, request timeout: 30000ms)
2026-08-31T22:38:18.664+05:30  INFO 38280 --- [bmp-notification-service] [ication-service] o.a.kafka.clients.FetchSessionHandler    : [Consumer clientId=consumer-bmp-notification-service-3, groupId=bmp-notification-service] Error sending fetch request (sessionId=792609936, epoch=1199) to node 1:

org.apache.kafka.common.errors.DisconnectException: null

2026-08-31T22:38:18.805+05:30  INFO 38280 --- [bmp-notification-service] [ication-service] o.a.k.c.c.internals.ConsumerCoordinator  : [Consumer clientId=consumer-bmp-notification-service-3, groupId=bmp-notification-service] Group coordinator localhost:9092 (id: 2147483646 rack: null) is unavailable or invalid due to cause: null. isDisconnected: true. Rediscovery will be attempted.
2026-08-31T22:38:18.665+05:30  INFO 38280 --- [bmp-notification-service] [96-fc4667b331dc] o.a.kafka.clients.FetchSessionHandler    : [Consumer clientId=consumer-anonymous.71319fe6-9081-4354-a696-fc4667b331dc-2, groupId=anonymous.71319fe6-9081-4354-a696-fc4667b331dc] Error sending fetch request (sessionId=1555425210, epoch=1200) to node 1:

org.apache.kafka.common.errors.DisconnectException: null

2026-08-31T22:38:18.850+05:30  INFO 38280 --- [bmp-notification-service] [96-fc4667b331dc] o.a.k.c.c.internals.ConsumerCoordinator  : [Consumer clientId=consumer-anonymous.71319fe6-9081-4354-a696-fc4667b331dc-2, groupId=anonymous.71319fe6-9081-4354-a696-fc4667b331dc] Group coordinator localhost:9092 (id: 2147483646 rack: null) is unavailable or invalid due to cause: null. isDisconnected: true. Rediscovery will be attempted.
2026-08-31T22:38:19.678+05:30  INFO 38280 --- [bmp-notification-service] [pool-3-thread-1] o.a.k.c.c.internals.ConsumerCoordinator  : [Consumer clientId=consumer-anonymous.71319fe6-9081-4354-a696-fc4667b331dc-4, groupId=anonymous.71319fe6-9081-4354-a696-fc4667b331dc] Found no committed offset for partition springCloudBus-0
2026-08-31T22:38:19.747+05:30  INFO 38280 --- [bmp-notification-service] [ntainer#0-0-C-1] o.a.k.c.c.internals.ConsumerCoordinator  : [Consumer clientId=consumer-bmp-notification-service-3, groupId=bmp-notification-service] Discovered group coordinator localhost:9092 (id: 2147483646 rack: null)
2026-08-31T22:38:20.430+05:30  INFO 38280 --- [bmp-notification-service] [container-0-C-1] o.a.k.c.c.internals.ConsumerCoordinator  : [Consumer clientId=consumer-anonymous.71319fe6-9081-4354-a696-fc4667b331dc-2, groupId=anonymous.71319fe6-9081-4354-a696-fc4667b331dc] Discovered group coordinator localhost:9092 (id: 2147483646 rack: null)
2026-08-31T22:38:33.834+05:30  WARN 38280 --- [bmp-notification-service] [l-1 housekeeper] com.zaxxer.hikari.pool.HikariPool        : HikariPool-1 - Thread starvation or clock leap detected (housekeeper delta=6m58s327ms795µs).
2026-08-31T22:39:19.743+05:30  INFO 38280 --- [bmp-notification-service] [pool-3-thread-1] o.a.k.c.c.internals.ConsumerCoordinator  : [Consumer clientId=consumer-anonymous.71319fe6-9081-4354-a696-fc4667b331dc-4, groupId=anonymous.71319fe6-9081-4354-a696-fc4667b331dc] Found no committed offset for partition springCloudBus-0
2026-08-31T22:40:19.753+05:30  INFO 38280 --- [bmp-notification-service] [pool-3-thread-1] o.a.k.c.c.internals.ConsumerCoordinator  : [Consumer clientId=consumer-anonymous.71319fe6-9081-4354-a696-fc4667b331dc-4, groupId=anonymous.71319fe6-9081-4354-a696-fc4667b331dc] Found no committed offset for partition springCloudBus-0
2026-08-31T22:41:19.761+05:30  INFO 38280 --- [bmp-notification-service] [pool-3-thread-1] o.a.k.c.c.internals.ConsumerCoordinator  : [Consumer clientId=consumer-anonymous.71319fe6-9081-4354-a696-fc4667b331dc-4, groupId=anonymous.71319fe6-9081-4354-a696-fc4667b331dc] Found no committed offset for partition springCloudBus-0
2026-08-31T22:41:34.680+05:30  INFO 38280 --- [bmp-notification-service] [rap-executor-%d] c.n.d.s.r.aws.ConfigClusterResolver      : Resolving eureka endpoints via configuration
2026-08-31T22:42:19.783+05:30  INFO 38280 --- [bmp-notification-service] [pool-3-thread-1] o.a.k.c.c.internals.ConsumerCoordinator  : [Consumer clientId=consumer-anonymous.71319fe6-9081-4354-a696-fc4667b331dc-4, groupId=anonymous.71319fe6-9081-4354-a696-fc4667b331dc] Found no committed offset for partition springCloudBus-0
2026-08-31T22:43:19.793+05:30  INFO 38280 --- [bmp-notification-service] [pool-3-thread-1] o.a.k.c.c.internals.ConsumerCoordinator  : [Consumer clientId=consumer-anonymous.71319fe6-9081-4354-a696-fc4667b331dc-4, groupId=anonymous.71319fe6-9081-4354-a696-fc4667b331dc] Found no committed offset for partition springCloudBus-0
2026-08-31T22:44:19.817+05:30  INFO 38280 --- [bmp-notification-service] [pool-3-thread-1] o.a.k.c.c.internals.ConsumerCoordinator  : [Consumer clientId=consumer-anonymous.71319fe6-9081-4354-a696-fc4667b331dc-4, groupId=anonymous.71319fe6-9081-4354-a696-fc4667b331dc] Found no committed offset for partition springCloudBus-0
2026-08-31T22:45:19.838+05:30  INFO 38280 --- [bmp-notification-service] [pool-3-thread-1] o.a.k.c.c.internals.ConsumerCoordinator  : [Consumer clientId=consumer-anonymous.71319fe6-9081-4354-a696-fc4667b331dc-4, groupId=anonymous.71319fe6-9081-4354-a696-fc4667b331dc] Found no committed offset for partition springCloudBus-0
2026-08-31T22:46:19.855+05:30  INFO 38280 --- [bmp-notification-service] [pool-3-thread-1] o.a.k.c.c.internals.ConsumerCoordinator  : [Consumer clientId=consumer-anonymous.71319fe6-9081-4354-a696-fc4667b331dc-4, groupId=anonymous.71319fe6-9081-4354-a696-fc4667b331dc] Found no committed offset for partition springCloudBus-0
2026-08-31T22:46:34.688+05:30  INFO 38280 --- [bmp-notification-service] [rap-executor-%d] c.n.d.s.r.aws.ConfigClusterResolver      : Resolving eureka endpoints via configuration
2026-08-31T22:47:19.873+05:30  INFO 38280 --- [bmp-notification-service] [pool-3-thread-1] o.a.k.c.c.internals.ConsumerCoordinator  : [Consumer clientId=consumer-anonymous.71319fe6-9081-4354-a696-fc4667b331dc-4, groupId=anonymous.71319fe6-9081-4354-a696-fc4667b331dc] Found no committed offset for partition springCloudBus-0
2026-08-31T22:48:19.887+05:30  INFO 38280 --- [bmp-notification-service] [pool-3-thread-1] o.a.k.c.c.internals.ConsumerCoordinator  : [Consumer clientId=consumer-anonymous.71319fe6-9081-4354-a696-fc4667b331dc-4, groupId=anonymous.71319fe6-9081-4354-a696-fc4667b331dc] Found no committed offset for partition springCloudBus-0
2026-08-31T22:49:19.901+05:30  INFO 38280 --- [bmp-notification-service] [pool-3-thread-1] o.a.k.c.c.internals.ConsumerCoordinator  : [Consumer clientId=consumer-anonymous.71319fe6-9081-4354-a696-fc4667b331dc-4, groupId=anonymous.71319fe6-9081-4354-a696-fc4667b331dc] Found no committed offset for partition springCloudBus-0
2026-08-31T22:50:19.922+05:30  INFO 38280 --- [bmp-notification-service] [pool-3-thread-1] o.a.k.c.c.internals.ConsumerCoordinator  : [Consumer clientId=consumer-anonymous.71319fe6-9081-4354-a696-fc4667b331dc-4, groupId=anonymous.71319fe6-9081-4354-a696-fc4667b331dc] Found no committed offset for partition springCloudBus-0
2026-08-31T22:51:19.942+05:30  INFO 38280 --- [bmp-notification-service] [pool-3-thread-1] o.a.k.c.c.internals.ConsumerCoordinator  : [Consumer clientId=consumer-anonymous.71319fe6-9081-4354-a696-fc4667b331dc-4, groupId=anonymous.71319fe6-9081-4354-a696-fc4667b331dc] Found no committed offset for partition springCloudBus-0
2026-08-31T22:51:34.786+05:30  INFO 38280 --- [bmp-notification-service] [rap-executor-%d] c.n.d.s.r.aws.ConfigClusterResolver      : Resolving eureka endpoints via configuration
2026-08-31T22:52:19.960+05:30  INFO 38280 --- [bmp-notification-service] [pool-3-thread-1] o.a.k.c.c.internals.ConsumerCoordinator  : [Consumer clientId=consumer-anonymous.71319fe6-9081-4354-a696-fc4667b331dc-4, groupId=anonymous.71319fe6-9081-4354-a696-fc4667b331dc] Found no committed offset for partition springCloudBus-0
2026-08-31T22:53:19.985+05:30  INFO 38280 --- [bmp-notification-service] [pool-3-thread-1] o.a.k.c.c.internals.ConsumerCoordinator  : [Consumer clientId=consumer-anonymous.71319fe6-9081-4354-a696-fc4667b331dc-4, groupId=anonymous.71319fe6-9081-4354-a696-fc4667b331dc] Found no committed offset for partition springCloudBus-0
2026-08-31T22:54:20.002+05:30  INFO 38280 --- [bmp-notification-service] [pool-3-thread-1] o.a.k.c.c.internals.ConsumerCoordinator  : [Consumer clientId=consumer-anonymous.71319fe6-9081-4354-a696-fc4667b331dc-4, groupId=anonymous.71319fe6-9081-4354-a696-fc4667b331dc] Found no committed offset for partition springCloudBus-0
2026-08-31T22:55:20.021+05:30  INFO 38280 --- [bmp-notification-service] [pool-3-thread-1] o.a.k.c.c.internals.ConsumerCoordinator  : [Consumer clientId=consumer-anonymous.71319fe6-9081-4354-a696-fc4667b331dc-4, groupId=anonymous.71319fe6-9081-4354-a696-fc4667b331dc] Found no committed offset for partition springCloudBus-0
2026-08-31T22:56:20.037+05:30  INFO 38280 --- [bmp-notification-service] [pool-3-thread-1] o.a.k.c.c.internals.ConsumerCoordinator  : [Consumer clientId=consumer-anonymous.71319fe6-9081-4354-a696-fc4667b331dc-4, groupId=anonymous.71319fe6-9081-4354-a696-fc4667b331dc] Found no committed offset for partition springCloudBus-0
2026-08-31T22:56:34.805+05:30  INFO 38280 --- [bmp-notification-service] [rap-executor-%d] c.n.d.s.r.aws.ConfigClusterResolver      : Resolving eureka endpoints via configuration
2026-08-31T22:57:20.064+05:30  INFO 38280 --- [bmp-notification-service] [pool-3-thread-1] o.a.k.c.c.internals.ConsumerCoordinator  : [Consumer clientId=consumer-anonymous.71319fe6-9081-4354-a696-fc4667b331dc-4, groupId=anonymous.71319fe6-9081-4354-a696-fc4667b331dc] Found no committed offset for partition springCloudBus-0
2026-08-31T22:58:20.082+05:30  INFO 38280 --- [bmp-notification-service] [pool-3-thread-1] o.a.k.c.c.internals.ConsumerCoordinator  : [Consumer clientId=consumer-anonymous.71319fe6-9081-4354-a696-fc4667b331dc-4, groupId=anonymous.71319fe6-9081-4354-a696-fc4667b331dc] Found no committed offset for partition springCloudBus-0
2026-08-31T22:59:20.104+05:30  INFO 38280 --- [bmp-notification-service] [pool-3-thread-1] o.a.k.c.c.internals.ConsumerCoordinator  : [Consumer clientId=consumer-anonymous.71319fe6-9081-4354-a696-fc4667b331dc-4, groupId=anonymous.71319fe6-9081-4354-a696-fc4667b331dc] Found no committed offset for partition springCloudBus-0
2026-08-31T23:00:20.114+05:30  INFO 38280 --- [bmp-notification-service] [pool-3-thread-1] o.a.k.c.c.internals.ConsumerCoordinator  : [Consumer clientId=consumer-anonymous.71319fe6-9081-4354-a696-fc4667b331dc-4, groupId=anonymous.71319fe6-9081-4354-a696-fc4667b331dc] Found no committed offset for partition springCloudBus-0
2026-08-31T23:01:20.121+05:30  INFO 38280 --- [bmp-notification-service] [pool-3-thread-1] o.a.k.c.c.internals.ConsumerCoordinator  : [Consumer clientId=consumer-anonymous.71319fe6-9081-4354-a696-fc4667b331dc-4, groupId=anonymous.71319fe6-9081-4354-a696-fc4667b331dc] Found no committed offset for partition springCloudBus-0
2026-08-31T23:01:34.825+05:30  INFO 38280 --- [bmp-notification-service] [rap-executor-%d] c.n.d.s.r.aws.ConfigClusterResolver      : Resolving eureka endpoints via configuration
2026-08-31T23:02:20.131+05:30  INFO 38280 --- [bmp-notification-service] [pool-3-thread-1] o.a.k.c.c.internals.ConsumerCoordinator  : [Consumer clientId=consumer-anonymous.71319fe6-9081-4354-a696-fc4667b331dc-4, groupId=anonymous.71319fe6-9081-4354-a696-fc4667b331dc] Found no committed offset for partition springCloudBus-0
2026-08-31T23:03:20.149+05:30  INFO 38280 --- [bmp-notification-service] [pool-3-thread-1] o.a.k.c.c.internals.ConsumerCoordinator  : [Consumer clientId=consumer-anonymous.71319fe6-9081-4354-a696-fc4667b331dc-4, groupId=anonymous.71319fe6-9081-4354-a696-fc4667b331dc] Found no committed offset for partition springCloudBus-0
2026-08-31T23:04:20.163+05:30  INFO 38280 --- [bmp-notification-service] [pool-3-thread-1] o.a.k.c.c.internals.ConsumerCoordinator  : [Consumer clientId=consumer-anonymous.71319fe6-9081-4354-a696-fc4667b331dc-4, groupId=anonymous.71319fe6-9081-4354-a696-fc4667b331dc] Found no committed offset for partition springCloudBus-0
2026-08-31T23:05:20.185+05:30  INFO 38280 --- [bmp-notification-service] [pool-3-thread-1] o.a.k.c.c.internals.ConsumerCoordinator  : [Consumer clientId=consumer-anonymous.71319fe6-9081-4354-a696-fc4667b331dc-4, groupId=anonymous.71319fe6-9081-4354-a696-fc4667b331dc] Found no committed offset for partition springCloudBus-0
2026-08-31T23:06:20.195+05:30  INFO 38280 --- [bmp-notification-service] [pool-3-thread-1] o.a.k.c.c.internals.ConsumerCoordinator  : [Consumer clientId=consumer-anonymous.71319fe6-9081-4354-a696-fc4667b331dc-4, groupId=anonymous.71319fe6-9081-4354-a696-fc4667b331dc] Found no committed offset for partition springCloudBus-0
2026-08-31T23:06:34.846+05:30  INFO 38280 --- [bmp-notification-service] [rap-executor-%d] c.n.d.s.r.aws.ConfigClusterResolver      : Resolving eureka endpoints via configuration
2026-08-31T23:07:20.209+05:30  INFO 38280 --- [bmp-notification-service] [pool-3-thread-1] o.a.k.c.c.internals.ConsumerCoordinator  : [Consumer clientId=consumer-anonymous.71319fe6-9081-4354-a696-fc4667b331dc-4, groupId=anonymous.71319fe6-9081-4354-a696-fc4667b331dc] Found no committed offset for partition springCloudBus-0
2026-08-31T23:08:20.226+05:30  INFO 38280 --- [bmp-notification-service] [pool-3-thread-1] o.a.k.c.c.internals.ConsumerCoordinator  : [Consumer clientId=consumer-anonymous.71319fe6-9081-4354-a696-fc4667b331dc-4, groupId=anonymous.71319fe6-9081-4354-a696-fc4667b331dc] Found no committed offset for partition springCloudBus-0
2026-08-31T23:09:20.233+05:30  INFO 38280 --- [bmp-notification-service] [pool-3-thread-1] o.a.k.c.c.internals.ConsumerCoordinator  : [Consumer clientId=consumer-anonymous.71319fe6-9081-4354-a696-fc4667b331dc-4, groupId=anonymous.71319fe6-9081-4354-a696-fc4667b331dc] Found no committed offset for partition springCloudBus-0
2026-08-31T23:10:20.247+05:30  INFO 38280 --- [bmp-notification-service] [pool-3-thread-1] o.a.k.c.c.internals.ConsumerCoordinator  : [Consumer clientId=consumer-anonymous.71319fe6-9081-4354-a696-fc4667b331dc-4, groupId=anonymous.71319fe6-9081-4354-a696-fc4667b331dc] Found no committed offset for partition springCloudBus-0
2026-08-31T23:11:20.266+05:30  INFO 38280 --- [bmp-notification-service] [pool-3-thread-1] o.a.k.c.c.internals.ConsumerCoordinator  : [Consumer clientId=consumer-anonymous.71319fe6-9081-4354-a696-fc4667b331dc-4, groupId=anonymous.71319fe6-9081-4354-a696-fc4667b331dc] Found no committed offset for partition springCloudBus-0
2026-08-31T23:11:34.863+05:30  INFO 38280 --- [bmp-notification-service] [rap-executor-%d] c.n.d.s.r.aws.ConfigClusterResolver      : Resolving eureka endpoints via configuration
2026-08-31T23:12:20.286+05:30  INFO 38280 --- [bmp-notification-service] [pool-3-thread-1] o.a.k.c.c.internals.ConsumerCoordinator  : [Consumer clientId=consumer-anonymous.71319fe6-9081-4354-a696-fc4667b331dc-4, groupId=anonymous.71319fe6-9081-4354-a696-fc4667b331dc] Found no committed offset for partition springCloudBus-0
2026-08-31T23:13:20.307+05:30  INFO 38280 --- [bmp-notification-service] [pool-3-thread-1] o.a.k.c.c.internals.ConsumerCoordinator  : [Consumer clientId=consumer-anonymous.71319fe6-9081-4354-a696-fc4667b331dc-4, groupId=anonymous.71319fe6-9081-4354-a696-fc4667b331dc] Found no committed offset for partition springCloudBus-0
2026-08-31T23:14:20.334+05:30  INFO 38280 --- [bmp-notification-service] [pool-3-thread-1] o.a.k.c.c.internals.ConsumerCoordinator  : [Consumer clientId=consumer-anonymous.71319fe6-9081-4354-a696-fc4667b331dc-4, groupId=anonymous.71319fe6-9081-4354-a696-fc4667b331dc] Found no committed offset for partition springCloudBus-0
2026-08-31T23:15:20.343+05:30  INFO 38280 --- [bmp-notification-service] [pool-3-thread-1] o.a.k.c.c.internals.ConsumerCoordinator  : [Consumer clientId=consumer-anonymous.71319fe6-9081-4354-a696-fc4667b331dc-4, groupId=anonymous.71319fe6-9081-4354-a696-fc4667b331dc] Found no committed offset for partition springCloudBus-0
2026-08-31T23:16:20.362+05:30  INFO 38280 --- [bmp-notification-service] [pool-3-thread-1] o.a.k.c.c.internals.ConsumerCoordinator  : [Consumer clientId=consumer-anonymous.71319fe6-9081-4354-a696-fc4667b331dc-4, groupId=anonymous.71319fe6-9081-4354-a696-fc4667b331dc] Found no committed offset for partition springCloudBus-0
2026-08-31T23:16:34.887+05:30  INFO 38280 --- [bmp-notification-service] [rap-executor-%d] c.n.d.s.r.aws.ConfigClusterResolver      : Resolving eureka endpoints via configuration
2026-08-31T23:17:20.383+05:30  INFO 38280 --- [bmp-notification-service] [pool-3-thread-1] o.a.k.c.c.internals.ConsumerCoordinator  : [Consumer clientId=consumer-anonymous.71319fe6-9081-4354-a696-fc4667b331dc-4, groupId=anonymous.71319fe6-9081-4354-a696-fc4667b331dc] Found no committed offset for partition springCloudBus-0
2026-08-31T23:18:20.440+05:30  INFO 38280 --- [bmp-notification-service] [pool-3-thread-1] o.a.k.c.c.internals.ConsumerCoordinator  : [Consumer clientId=consumer-anonymous.71319fe6-9081-4354-a696-fc4667b331dc-4, groupId=anonymous.71319fe6-9081-4354-a696-fc4667b331dc] Found no committed offset for partition springCloudBus-0
2026-08-31T23:19:20.475+05:30  INFO 38280 --- [bmp-notification-service] [pool-3-thread-1] o.a.k.c.c.internals.ConsumerCoordinator  : [Consumer clientId=consumer-anonymous.71319fe6-9081-4354-a696-fc4667b331dc-4, groupId=anonymous.71319fe6-9081-4354-a696-fc4667b331dc] Found no committed offset for partition springCloudBus-0
2026-08-31T23:20:20.498+05:30  INFO 38280 --- [bmp-notification-service] [pool-3-thread-1] o.a.k.c.c.internals.ConsumerCoordinator  : [Consumer clientId=consumer-anonymous.71319fe6-9081-4354-a696-fc4667b331dc-4, groupId=anonymous.71319fe6-9081-4354-a696-fc4667b331dc] Found no committed offset for partition springCloudBus-0
2026-08-31T23:21:20.527+05:30  INFO 38280 --- [bmp-notification-service] [pool-3-thread-1] o.a.k.c.c.internals.ConsumerCoordinator  : [Consumer clientId=consumer-anonymous.71319fe6-9081-4354-a696-fc4667b331dc-4, groupId=anonymous.71319fe6-9081-4354-a696-fc4667b331dc] Found no committed offset for partition springCloudBus-0
2026-08-31T23:21:34.899+05:30  INFO 38280 --- [bmp-notification-service] [rap-executor-%d] c.n.d.s.r.aws.ConfigClusterResolver      : Resolving eureka endpoints via configuration
2026-08-31T23:22:20.557+05:30  INFO 38280 --- [bmp-notification-service] [pool-3-thread-1] o.a.k.c.c.internals.ConsumerCoordinator  : [Consumer clientId=consumer-anonymous.71319fe6-9081-4354-a696-fc4667b331dc-4, groupId=anonymous.71319fe6-9081-4354-a696-fc4667b331dc] Found no committed offset for partition springCloudBus-0
2026-08-31T23:23:20.573+05:30  INFO 38280 --- [bmp-notification-service] [pool-3-thread-1] o.a.k.c.c.internals.ConsumerCoordinator  : [Consumer clientId=consumer-anonymous.71319fe6-9081-4354-a696-fc4667b331dc-4, groupId=anonymous.71319fe6-9081-4354-a696-fc4667b331dc] Found no committed offset for partition springCloudBus-0
2026-08-31T23:24:20.592+05:30  INFO 38280 --- [bmp-notification-service] [pool-3-thread-1] o.a.k.c.c.internals.ConsumerCoordinator  : [Consumer clientId=consumer-anonymous.71319fe6-9081-4354-a696-fc4667b331dc-4, groupId=anonymous.71319fe6-9081-4354-a696-fc4667b331dc] Found no committed offset for partition springCloudBus-0
2026-08-31T23:25:20.611+05:30  INFO 38280 --- [bmp-notification-service] [pool-3-thread-1] o.a.k.c.c.internals.ConsumerCoordinator  : [Consumer clientId=consumer-anonymous.71319fe6-9081-4354-a696-fc4667b331dc-4, groupId=anonymous.71319fe6-9081-4354-a696-fc4667b331dc] Found no committed offset for partition springCloudBus-0
2026-08-31T23:26:20.627+05:30  INFO 38280 --- [bmp-notification-service] [pool-3-thread-1] o.a.k.c.c.internals.ConsumerCoordinator  : [Consumer clientId=consumer-anonymous.71319fe6-9081-4354-a696-fc4667b331dc-4, groupId=anonymous.71319fe6-9081-4354-a696-fc4667b331dc] Found no committed offset for partition springCloudBus-0
2026-08-31T23:26:34.909+05:30  INFO 38280 --- [bmp-notification-service] [rap-executor-%d] c.n.d.s.r.aws.ConfigClusterResolver      : Resolving eureka endpoints via configuration
2026-08-31T23:27:20.643+05:30  INFO 38280 --- [bmp-notification-service] [pool-3-thread-1] o.a.k.c.c.internals.ConsumerCoordinator  : [Consumer clientId=consumer-anonymous.71319fe6-9081-4354-a696-fc4667b331dc-4, groupId=anonymous.71319fe6-9081-4354-a696-fc4667b331dc] Found no committed offset for partition springCloudBus-0
2026-08-31T23:28:20.657+05:30  INFO 38280 --- [bmp-notification-service] [pool-3-thread-1] o.a.k.c.c.internals.ConsumerCoordinator  : [Consumer clientId=consumer-anonymous.71319fe6-9081-4354-a696-fc4667b331dc-4, groupId=anonymous.71319fe6-9081-4354-a696-fc4667b331dc] Found no committed offset for partition springCloudBus-0
2026-08-31T23:29:20.682+05:30  INFO 38280 --- [bmp-notification-service] [pool-3-thread-1] o.a.k.c.c.internals.ConsumerCoordinator  : [Consumer clientId=consumer-anonymous.71319fe6-9081-4354-a696-fc4667b331dc-4, groupId=anonymous.71319fe6-9081-4354-a696-fc4667b331dc] Found no committed offset for partition springCloudBus-0
2026-08-31T23:30:20.708+05:30  INFO 38280 --- [bmp-notification-service] [pool-3-thread-1] o.a.k.c.c.internals.ConsumerCoordinator  : [Consumer clientId=consumer-anonymous.71319fe6-9081-4354-a696-fc4667b331dc-4, groupId=anonymous.71319fe6-9081-4354-a696-fc4667b331dc] Found no committed offset for partition springCloudBus-0
2026-08-31T23:31:20.718+05:30  INFO 38280 --- [bmp-notification-service] [pool-3-thread-1] o.a.k.c.c.internals.ConsumerCoordinator  : [Consumer clientId=consumer-anonymous.71319fe6-9081-4354-a696-fc4667b331dc-4, groupId=anonymous.71319fe6-9081-4354-a696-fc4667b331dc] Found no committed offset for partition springCloudBus-0
2026-08-31T23:31:34.913+05:30  INFO 38280 --- [bmp-notification-service] [rap-executor-%d] c.n.d.s.r.aws.ConfigClusterResolver      : Resolving eureka endpoints via configuration
2026-08-31T23:32:20.739+05:30  INFO 38280 --- [bmp-notification-service] [pool-3-thread-1] o.a.k.c.c.internals.ConsumerCoordinator  : [Consumer clientId=consumer-anonymous.71319fe6-9081-4354-a696-fc4667b331dc-4, groupId=anonymous.71319fe6-9081-4354-a696-fc4667b331dc] Found no committed offset for partition springCloudBus-0
2026-08-31T23:33:20.759+05:30  INFO 38280 --- [bmp-notification-service] [pool-3-thread-1] o.a.k.c.c.internals.ConsumerCoordinator  : [Consumer clientId=consumer-anonymous.71319fe6-9081-4354-a696-fc4667b331dc-4, groupId=anonymous.71319fe6-9081-4354-a696-fc4667b331dc] Found no committed offset for partition springCloudBus-0
2026-08-31T23:34:20.781+05:30  INFO 38280 --- [bmp-notification-service] [pool-3-thread-1] o.a.k.c.c.internals.ConsumerCoordinator  : [Consumer clientId=consumer-anonymous.71319fe6-9081-4354-a696-fc4667b331dc-4, groupId=anonymous.71319fe6-9081-4354-a696-fc4667b331dc] Found no committed offset for partition springCloudBus-0
2026-08-31T23:35:20.802+05:30  INFO 38280 --- [bmp-notification-service] [pool-3-thread-1] o.a.k.c.c.internals.ConsumerCoordinator  : [Consumer clientId=consumer-anonymous.71319fe6-9081-4354-a696-fc4667b331dc-4, groupId=anonymous.71319fe6-9081-4354-a696-fc4667b331dc] Found no committed offset for partition springCloudBus-0
2026-08-31T23:36:20.814+05:30  INFO 38280 --- [bmp-notification-service] [pool-3-thread-1] o.a.k.c.c.internals.ConsumerCoordinator  : [Consumer clientId=consumer-anonymous.71319fe6-9081-4354-a696-fc4667b331dc-4, groupId=anonymous.71319fe6-9081-4354-a696-fc4667b331dc] Found no committed offset for partition springCloudBus-0
2026-08-31T23:36:34.921+05:30  INFO 38280 --- [bmp-notification-service] [rap-executor-%d] c.n.d.s.r.aws.ConfigClusterResolver      : Resolving eureka endpoints via configuration
2026-08-31T23:37:20.840+05:30  INFO 38280 --- [bmp-notification-service] [pool-3-thread-1] o.a.k.c.c.internals.ConsumerCoordinator  : [Consumer clientId=consumer-anonymous.71319fe6-9081-4354-a696-fc4667b331dc-4, groupId=anonymous.71319fe6-9081-4354-a696-fc4667b331dc] Found no committed offset for partition springCloudBus-0
2026-08-31T23:38:20.855+05:30  INFO 38280 --- [bmp-notification-service] [pool-3-thread-1] o.a.k.c.c.internals.ConsumerCoordinator  : [Consumer clientId=consumer-anonymous.71319fe6-9081-4354-a696-fc4667b331dc-4, groupId=anonymous.71319fe6-9081-4354-a696-fc4667b331dc] Found no committed offset for partition springCloudBus-0
2026-08-31T23:39:20.870+05:30  INFO 38280 --- [bmp-notification-service] [pool-3-thread-1] o.a.k.c.c.internals.ConsumerCoordinator  : [Consumer clientId=consumer-anonymous.71319fe6-9081-4354-a696-fc4667b331dc-4, groupId=anonymous.71319fe6-9081-4354-a696-fc4667b331dc] Found no committed offset for partition springCloudBus-0
2026-08-31T23:40:20.892+05:30  INFO 38280 --- [bmp-notification-service] [pool-3-thread-1] o.a.k.c.c.internals.ConsumerCoordinator  : [Consumer clientId=consumer-anonymous.71319fe6-9081-4354-a696-fc4667b331dc-4, groupId=anonymous.71319fe6-9081-4354-a696-fc4667b331dc] Found no committed offset for partition springCloudBus-0
2026-08-31T23:41:20.922+05:30  INFO 38280 --- [bmp-notification-service] [pool-3-thread-1] o.a.k.c.c.internals.ConsumerCoordinator  : [Consumer clientId=consumer-anonymous.71319fe6-9081-4354-a696-fc4667b331dc-4, groupId=anonymous.71319fe6-9081-4354-a696-fc4667b331dc] Found no committed offset for partition springCloudBus-0
2026-08-31T23:41:34.931+05:30  INFO 38280 --- [bmp-notification-service] [rap-executor-%d] c.n.d.s.r.aws.ConfigClusterResolver      : Resolving eureka endpoints via configuration
2026-08-31T23:42:20.934+05:30  INFO 38280 --- [bmp-notification-service] [pool-3-thread-1] o.a.k.c.c.internals.ConsumerCoordinator  : [Consumer clientId=consumer-anonymous.71319fe6-9081-4354-a696-fc4667b331dc-4, groupId=anonymous.71319fe6-9081-4354-a696-fc4667b331dc] Found no committed offset for partition springCloudBus-0
2026-08-31T23:43:20.945+05:30  INFO 38280 --- [bmp-notification-service] [pool-3-thread-1] o.a.k.c.c.internals.ConsumerCoordinator  : [Consumer clientId=consumer-anonymous.71319fe6-9081-4354-a696-fc4667b331dc-4, groupId=anonymous.71319fe6-9081-4354-a696-fc4667b331dc] Found no committed offset for partition springCloudBus-0
2026-08-31T23:44:20.961+05:30  INFO 38280 --- [bmp-notification-service] [pool-3-thread-1] o.a.k.c.c.internals.ConsumerCoordinator  : [Consumer clientId=consumer-anonymous.71319fe6-9081-4354-a696-fc4667b331dc-4, groupId=anonymous.71319fe6-9081-4354-a696-fc4667b331dc] Found no committed offset for partition springCloudBus-0
2026-08-31T23:45:20.986+05:30  INFO 38280 --- [bmp-notification-service] [pool-3-thread-1] o.a.k.c.c.internals.ConsumerCoordinator  : [Consumer clientId=consumer-anonymous.71319fe6-9081-4354-a696-fc4667b331dc-4, groupId=anonymous.71319fe6-9081-4354-a696-fc4667b331dc] Found no committed offset for partition springCloudBus-0
2026-08-31T23:46:21.005+05:30  INFO 38280 --- [bmp-notification-service] [pool-3-thread-1] o.a.k.c.c.internals.ConsumerCoordinator  : [Consumer clientId=consumer-anonymous.71319fe6-9081-4354-a696-fc4667b331dc-4, groupId=anonymous.71319fe6-9081-4354-a696-fc4667b331dc] Found no committed offset for partition springCloudBus-0
2026-08-31T23:46:34.932+05:30  INFO 38280 --- [bmp-notification-service] [rap-executor-%d] c.n.d.s.r.aws.ConfigClusterResolver      : Resolving eureka endpoints via configuration
2026-08-31T23:47:21.038+05:30  INFO 38280 --- [bmp-notification-service] [pool-3-thread-1] o.a.k.c.c.internals.ConsumerCoordinator  : [Consumer clientId=consumer-anonymous.71319fe6-9081-4354-a696-fc4667b331dc-4, groupId=anonymous.71319fe6-9081-4354-a696-fc4667b331dc] Found no committed offset for partition springCloudBus-0
2026-08-31T23:48:21.062+05:30  INFO 38280 --- [bmp-notification-service] [pool-3-thread-1] o.a.k.c.c.internals.ConsumerCoordinator  : [Consumer clientId=consumer-anonymous.71319fe6-9081-4354-a696-fc4667b331dc-4, groupId=anonymous.71319fe6-9081-4354-a696-fc4667b331dc] Found no committed offset for partition springCloudBus-0
2026-08-31T23:49:21.087+05:30  INFO 38280 --- [bmp-notification-service] [pool-3-thread-1] o.a.k.c.c.internals.ConsumerCoordinator  : [Consumer clientId=consumer-anonymous.71319fe6-9081-4354-a696-fc4667b331dc-4, groupId=anonymous.71319fe6-9081-4354-a696-fc4667b331dc] Found no committed offset for partition springCloudBus-0
2026-08-31T23:50:21.111+05:30  INFO 38280 --- [bmp-notification-service] [pool-3-thread-1] o.a.k.c.c.internals.ConsumerCoordinator  : [Consumer clientId=consumer-anonymous.71319fe6-9081-4354-a696-fc4667b331dc-4, groupId=anonymous.71319fe6-9081-4354-a696-fc4667b331dc] Found no committed offset for partition springCloudBus-0
2026-08-31T23:55:24.651+05:30  INFO 38280 --- [bmp-notification-service] [96-fc4667b331dc] org.apache.kafka.clients.NetworkClient   : [Consumer clientId=consumer-anonymous.71319fe6-9081-4354-a696-fc4667b331dc-2, groupId=anonymous.71319fe6-9081-4354-a696-fc4667b331dc] Disconnecting from node 1 due to request timeout.
2026-08-31T23:55:24.737+05:30  INFO 38280 --- [bmp-notification-service] [ication-service] org.apache.kafka.clients.NetworkClient   : [Consumer clientId=consumer-bmp-notification-service-3, groupId=bmp-notification-service] Disconnecting from node 1 due to request timeout.
2026-08-31T23:55:24.817+05:30  INFO 38280 --- [bmp-notification-service] [ication-service] org.apache.kafka.clients.NetworkClient   : [Consumer clientId=consumer-bmp-notification-service-3, groupId=bmp-notification-service] Cancelled in-flight FETCH request with correlation id 150584 due to node 1 being disconnected (elapsed time since creation: 303135ms, elapsed time since send: 303135ms, throttle time: 0ms, request timeout: 30000ms)
2026-08-31T23:55:24.870+05:30  INFO 38280 --- [bmp-notification-service] [96-fc4667b331dc] org.apache.kafka.clients.NetworkClient   : [Consumer clientId=consumer-anonymous.71319fe6-9081-4354-a696-fc4667b331dc-2, groupId=anonymous.71319fe6-9081-4354-a696-fc4667b331dc] Cancelled in-flight FETCH request with correlation id 150629 due to node 1 being disconnected (elapsed time since creation: 303444ms, elapsed time since send: 303444ms, throttle time: 0ms, request timeout: 30000ms)
2026-08-31T23:55:24.871+05:30  INFO 38280 --- [bmp-notification-service] [96-fc4667b331dc] org.apache.kafka.clients.NetworkClient   : [Consumer clientId=consumer-anonymous.71319fe6-9081-4354-a696-fc4667b331dc-2, groupId=anonymous.71319fe6-9081-4354-a696-fc4667b331dc] Disconnecting from node 2147483646 due to request timeout.
2026-08-31T23:55:24.871+05:30  INFO 38280 --- [bmp-notification-service] [96-fc4667b331dc] org.apache.kafka.clients.NetworkClient   : [Consumer clientId=consumer-anonymous.71319fe6-9081-4354-a696-fc4667b331dc-2, groupId=anonymous.71319fe6-9081-4354-a696-fc4667b331dc] Cancelled in-flight HEARTBEAT request with correlation id 150630 due to node 2147483646 being disconnected (elapsed time since creation: 301053ms, elapsed time since send: 301053ms, throttle time: 0ms, request timeout: 30000ms)
2026-08-31T23:55:24.932+05:30  WARN 38280 --- [bmp-notification-service] [l-1 housekeeper] com.zaxxer.hikari.pool.HikariPool        : HikariPool-1 - Thread starvation or clock leap detected (housekeeper delta=5m20s15ms352µs300ns).
2026-08-31T23:55:24.981+05:30  INFO 38280 --- [bmp-notification-service] [ication-service] o.a.kafka.clients.FetchSessionHandler    : [Consumer clientId=consumer-bmp-notification-service-3, groupId=bmp-notification-service] Error sending fetch request (sessionId=476911095, epoch=8546) to node 1:

org.apache.kafka.common.errors.DisconnectException: null

2026-08-31T23:55:24.929+05:30  INFO 38280 --- [bmp-notification-service] [96-fc4667b331dc] o.a.kafka.clients.FetchSessionHandler    : [Consumer clientId=consumer-anonymous.71319fe6-9081-4354-a696-fc4667b331dc-2, groupId=anonymous.71319fe6-9081-4354-a696-fc4667b331dc] Error sending fetch request (sessionId=747109399, epoch=8542) to node 1:

org.apache.kafka.common.errors.DisconnectException: null

2026-08-31T23:55:25.208+05:30  INFO 38280 --- [bmp-notification-service] [96-fc4667b331dc] o.a.k.c.c.internals.ConsumerCoordinator  : [Consumer clientId=consumer-anonymous.71319fe6-9081-4354-a696-fc4667b331dc-2, groupId=anonymous.71319fe6-9081-4354-a696-fc4667b331dc] Group coordinator localhost:9092 (id: 2147483646 rack: null) is unavailable or invalid due to cause: null. isDisconnected: true. Rediscovery will be attempted.
2026-08-31T23:55:25.243+05:30  INFO 38280 --- [bmp-notification-service] [ication-service] o.a.k.c.c.internals.ConsumerCoordinator  : [Consumer clientId=consumer-bmp-notification-service-3, groupId=bmp-notification-service] Group coordinator localhost:9092 (id: 2147483646 rack: null) is unavailable or invalid due to cause: session timed out without receiving a heartbeat response. isDisconnected: false. Rediscovery will be attempted.
2026-08-31T23:55:25.244+05:30  INFO 38280 --- [bmp-notification-service] [ication-service] o.a.k.c.c.internals.ConsumerCoordinator  : [Consumer clientId=consumer-bmp-notification-service-3, groupId=bmp-notification-service] Requesting disconnect from last known coordinator localhost:9092 (id: 2147483646 rack: null)
2026-08-31T23:55:25.245+05:30  INFO 38280 --- [bmp-notification-service] [ication-service] org.apache.kafka.clients.NetworkClient   : [Consumer clientId=consumer-bmp-notification-service-3, groupId=bmp-notification-service] Client requested disconnect from node 2147483646
2026-08-31T23:55:29.384+05:30  INFO 38280 --- [bmp-notification-service] [ntainer#0-0-C-1] o.a.k.c.c.internals.ConsumerCoordinator  : [Consumer clientId=consumer-bmp-notification-service-3, groupId=bmp-notification-service] Discovered group coordinator localhost:9092 (id: 2147483646 rack: null)
2026-08-31T23:55:29.903+05:30  INFO 38280 --- [bmp-notification-service] [container-0-C-1] o.a.k.c.c.internals.ConsumerCoordinator  : [Consumer clientId=consumer-anonymous.71319fe6-9081-4354-a696-fc4667b331dc-2, groupId=anonymous.71319fe6-9081-4354-a696-fc4667b331dc] Discovered group coordinator localhost:9092 (id: 2147483646 rack: null)
2026-08-31T23:56:20.678+05:30  INFO 38280 --- [bmp-notification-service] [pool-3-thread-1] o.a.k.c.c.internals.ConsumerCoordinator  : [Consumer clientId=consumer-anonymous.71319fe6-9081-4354-a696-fc4667b331dc-4, groupId=anonymous.71319fe6-9081-4354-a696-fc4667b331dc] Found no committed offset for partition springCloudBus-0
2026-08-31T23:56:34.465+05:30  INFO 38280 --- [bmp-notification-service] [rap-executor-%d] c.n.d.s.r.aws.ConfigClusterResolver      : Resolving eureka endpoints via configuration
2026-08-31T23:57:20.706+05:30  INFO 38280 --- [bmp-notification-service] [pool-3-thread-1] o.a.k.c.c.internals.ConsumerCoordinator  : [Consumer clientId=consumer-anonymous.71319fe6-9081-4354-a696-fc4667b331dc-4, groupId=anonymous.71319fe6-9081-4354-a696-fc4667b331dc] Found no committed offset for partition springCloudBus-0
2026-08-31T23:58:20.730+05:30  INFO 38280 --- [bmp-notification-service] [pool-3-thread-1] o.a.k.c.c.internals.ConsumerCoordinator  : [Consumer clientId=consumer-anonymous.71319fe6-9081-4354-a696-fc4667b331dc-4, groupId=anonymous.71319fe6-9081-4354-a696-fc4667b331dc] Found no committed offset for partition springCloudBus-0
2026-08-31T23:59:20.747+05:30  INFO 38280 --- [bmp-notification-service] [pool-3-thread-1] o.a.k.c.c.internals.ConsumerCoordinator  : [Consumer clientId=consumer-anonymous.71319fe6-9081-4354-a696-fc4667b331dc-4, groupId=anonymous.71319fe6-9081-4354-a696-fc4667b331dc] Found no committed offset for partition springCloudBus-0
2026-09-01T00:00:20.770+05:30  INFO 38280 --- [bmp-notification-service] [pool-3-thread-1] o.a.k.c.c.internals.ConsumerCoordinator  : [Consumer clientId=consumer-anonymous.71319fe6-9081-4354-a696-fc4667b331dc-4, groupId=anonymous.71319fe6-9081-4354-a696-fc4667b331dc] Found no committed offset for partition springCloudBus-0
2026-09-01T00:01:20.792+05:30  INFO 38280 --- [bmp-notification-service] [pool-3-thread-1] o.a.k.c.c.internals.ConsumerCoordinator  : [Consumer clientId=consumer-anonymous.71319fe6-9081-4354-a696-fc4667b331dc-4, groupId=anonymous.71319fe6-9081-4354-a696-fc4667b331dc] Found no committed offset for partition springCloudBus-0
2026-09-01T00:01:34.492+05:30  INFO 38280 --- [bmp-notification-service] [rap-executor-%d] c.n.d.s.r.aws.ConfigClusterResolver      : Resolving eureka endpoints via configuration
2026-09-01T00:02:20.807+05:30  INFO 38280 --- [bmp-notification-service] [pool-3-thread-1] o.a.k.c.c.internals.ConsumerCoordinator  : [Consumer clientId=consumer-anonymous.71319fe6-9081-4354-a696-fc4667b331dc-4, groupId=anonymous.71319fe6-9081-4354-a696-fc4667b331dc] Found no committed offset for partition springCloudBus-0
2026-09-01T00:03:20.816+05:30  INFO 38280 --- [bmp-notification-service] [pool-3-thread-1] o.a.k.c.c.internals.ConsumerCoordinator  : [Consumer clientId=consumer-anonymous.71319fe6-9081-4354-a696-fc4667b331dc-4, groupId=anonymous.71319fe6-9081-4354-a696-fc4667b331dc] Found no committed offset for partition springCloudBus-0
2026-09-01T00:04:20.839+05:30  INFO 38280 --- [bmp-notification-service] [pool-3-thread-1] o.a.k.c.c.internals.ConsumerCoordinator  : [Consumer clientId=consumer-anonymous.71319fe6-9081-4354-a696-fc4667b331dc-4, groupId=anonymous.71319fe6-9081-4354-a696-fc4667b331dc] Found no committed offset for partition springCloudBus-0
2026-09-01T00:05:20.870+05:30  INFO 38280 --- [bmp-notification-service] [pool-3-thread-1] o.a.k.c.c.internals.ConsumerCoordinator  : [Consumer clientId=consumer-anonymous.71319fe6-9081-4354-a696-fc4667b331dc-4, groupId=anonymous.71319fe6-9081-4354-a696-fc4667b331dc] Found no committed offset for partition springCloudBus-0
2026-09-01T00:06:20.888+05:30  INFO 38280 --- [bmp-notification-service] [pool-3-thread-1] o.a.k.c.c.internals.ConsumerCoordinator  : [Consumer clientId=consumer-anonymous.71319fe6-9081-4354-a696-fc4667b331dc-4, groupId=anonymous.71319fe6-9081-4354-a696-fc4667b331dc] Found no committed offset for partition springCloudBus-0
2026-09-01T00:06:34.522+05:30  INFO 38280 --- [bmp-notification-service] [rap-executor-%d] c.n.d.s.r.aws.ConfigClusterResolver      : Resolving eureka endpoints via configuration
2026-09-01T00:07:20.909+05:30  INFO 38280 --- [bmp-notification-service] [pool-3-thread-1] o.a.k.c.c.internals.ConsumerCoordinator  : [Consumer clientId=consumer-anonymous.71319fe6-9081-4354-a696-fc4667b331dc-4, groupId=anonymous.71319fe6-9081-4354-a696-fc4667b331dc] Found no committed offset for partition springCloudBus-0
2026-09-01T00:08:20.929+05:30  INFO 38280 --- [bmp-notification-service] [pool-3-thread-1] o.a.k.c.c.internals.ConsumerCoordinator  : [Consumer clientId=consumer-anonymous.71319fe6-9081-4354-a696-fc4667b331dc-4, groupId=anonymous.71319fe6-9081-4354-a696-fc4667b331dc] Found no committed offset for partition springCloudBus-0
2026-09-01T00:09:20.963+05:30  INFO 38280 --- [bmp-notification-service] [pool-3-thread-1] o.a.k.c.c.internals.ConsumerCoordinator  : [Consumer clientId=consumer-anonymous.71319fe6-9081-4354-a696-fc4667b331dc-4, groupId=anonymous.71319fe6-9081-4354-a696-fc4667b331dc] Found no committed offset for partition springCloudBus-0
2026-09-01T00:10:20.980+05:30  INFO 38280 --- [bmp-notification-service] [pool-3-thread-1] o.a.k.c.c.internals.ConsumerCoordinator  : [Consumer clientId=consumer-anonymous.71319fe6-9081-4354-a696-fc4667b331dc-4, groupId=anonymous.71319fe6-9081-4354-a696-fc4667b331dc] Found no committed offset for partition springCloudBus-0
2026-09-01T00:11:21.004+05:30  INFO 38280 --- [bmp-notification-service] [pool-3-thread-1] o.a.k.c.c.internals.ConsumerCoordinator  : [Consumer clientId=consumer-anonymous.71319fe6-9081-4354-a696-fc4667b331dc-4, groupId=anonymous.71319fe6-9081-4354-a696-fc4667b331dc] Found no committed offset for partition springCloudBus-0
2026-09-01T00:31:41.666+05:30  WARN 38280 --- [bmp-notification-service] [l-1 housekeeper] com.zaxxer.hikari.pool.HikariPool        : HikariPool-1 - Thread starvation or clock leap detected (housekeeper delta=20m46s266ms202µs600ns).
2026-09-01T00:31:41.699+05:30  INFO 38280 --- [bmp-notification-service] [container-0-C-1] org.apache.kafka.clients.NetworkClient   : [Consumer clientId=consumer-anonymous.71319fe6-9081-4354-a696-fc4667b331dc-2, groupId=anonymous.71319fe6-9081-4354-a696-fc4667b331dc] Node 2147483646 disconnected.
2026-09-01T00:31:41.722+05:30  INFO 38280 --- [bmp-notification-service] [container-0-C-1] org.apache.kafka.clients.NetworkClient   : [Consumer clientId=consumer-anonymous.71319fe6-9081-4354-a696-fc4667b331dc-2, groupId=anonymous.71319fe6-9081-4354-a696-fc4667b331dc] Disconnecting from node 1 due to request timeout.
2026-09-01T00:31:41.790+05:30  INFO 38280 --- [bmp-notification-service] [container-0-C-1] org.apache.kafka.clients.NetworkClient   : [Consumer clientId=consumer-anonymous.71319fe6-9081-4354-a696-fc4667b331dc-2, groupId=anonymous.71319fe6-9081-4354-a696-fc4667b331dc] Cancelled in-flight FETCH request with correlation id 152843 due to node 1 being disconnected (elapsed time since creation: 1219710ms, elapsed time since send: 1219710ms, throttle time: 0ms, request timeout: 30000ms)
2026-09-01T00:31:41.794+05:30  INFO 38280 --- [bmp-notification-service] [96-fc4667b331dc] o.a.k.c.c.internals.ConsumerCoordinator  : [Consumer clientId=consumer-anonymous.71319fe6-9081-4354-a696-fc4667b331dc-2, groupId=anonymous.71319fe6-9081-4354-a696-fc4667b331dc] Group coordinator localhost:9092 (id: 2147483646 rack: null) is unavailable or invalid due to cause: session timed out without receiving a heartbeat response. isDisconnected: false. Rediscovery will be attempted.
2026-09-01T00:31:41.794+05:30  INFO 38280 --- [bmp-notification-service] [96-fc4667b331dc] o.a.k.c.c.internals.ConsumerCoordinator  : [Consumer clientId=consumer-anonymous.71319fe6-9081-4354-a696-fc4667b331dc-2, groupId=anonymous.71319fe6-9081-4354-a696-fc4667b331dc] Requesting disconnect from last known coordinator localhost:9092 (id: 2147483646 rack: null)
2026-09-01T00:31:41.791+05:30  INFO 38280 --- [bmp-notification-service] [container-0-C-1] o.a.kafka.clients.FetchSessionHandler    : [Consumer clientId=consumer-anonymous.71319fe6-9081-4354-a696-fc4667b331dc-2, groupId=anonymous.71319fe6-9081-4354-a696-fc4667b331dc] Error sending fetch request (sessionId=1877052125, epoch=1883) to node 1:

org.apache.kafka.common.errors.DisconnectException: null

2026-09-01T00:31:42.283+05:30  INFO 38280 --- [bmp-notification-service] [ntainer#0-0-C-1] org.apache.kafka.clients.NetworkClient   : [Consumer clientId=consumer-bmp-notification-service-3, groupId=bmp-notification-service] Node 1 disconnected.
2026-09-01T00:31:42.284+05:30  INFO 38280 --- [bmp-notification-service] [ntainer#0-0-C-1] org.apache.kafka.clients.NetworkClient   : [Consumer clientId=consumer-bmp-notification-service-3, groupId=bmp-notification-service] Cancelled in-flight FETCH request with correlation id 152797 due to node 1 being disconnected (elapsed time since creation: 1220307ms, elapsed time since send: 1220307ms, throttle time: 0ms, request timeout: 30000ms)
2026-09-01T00:31:42.284+05:30  INFO 38280 --- [bmp-notification-service] [ntainer#0-0-C-1] org.apache.kafka.clients.NetworkClient   : [Consumer clientId=consumer-bmp-notification-service-3, groupId=bmp-notification-service] Disconnecting from node 2147483646 due to request timeout.
2026-09-01T00:31:42.284+05:30  INFO 38280 --- [bmp-notification-service] [ntainer#0-0-C-1] org.apache.kafka.clients.NetworkClient   : [Consumer clientId=consumer-bmp-notification-service-3, groupId=bmp-notification-service] Cancelled in-flight HEARTBEAT request with correlation id 152798 due to node 2147483646 being disconnected (elapsed time since creation: 1219203ms, elapsed time since send: 1219203ms, throttle time: 0ms, request timeout: 30000ms)
2026-09-01T00:31:42.284+05:30  INFO 38280 --- [bmp-notification-service] [ntainer#0-0-C-1] o.a.kafka.clients.FetchSessionHandler    : [Consumer clientId=consumer-bmp-notification-service-3, groupId=bmp-notification-service] Error sending fetch request (sessionId=1955493123, epoch=1884) to node 1:

org.apache.kafka.common.errors.DisconnectException: null

2026-09-01T00:31:42.288+05:30  INFO 38280 --- [bmp-notification-service] [ication-service] o.a.k.c.c.internals.ConsumerCoordinator  : [Consumer clientId=consumer-bmp-notification-service-3, groupId=bmp-notification-service] Group coordinator localhost:9092 (id: 2147483646 rack: null) is unavailable or invalid due to cause: coordinator unavailable. isDisconnected: true. Rediscovery will be attempted.
2026-09-01T00:31:43.549+05:30  INFO 38280 --- [bmp-notification-service] [container-0-C-1] o.a.k.c.c.internals.ConsumerCoordinator  : [Consumer clientId=consumer-anonymous.71319fe6-9081-4354-a696-fc4667b331dc-2, groupId=anonymous.71319fe6-9081-4354-a696-fc4667b331dc] Discovered group coordinator localhost:9092 (id: 2147483646 rack: null)
2026-09-01T00:31:43.923+05:30  INFO 38280 --- [bmp-notification-service] [ntainer#0-0-C-1] o.a.k.c.c.internals.ConsumerCoordinator  : [Consumer clientId=consumer-bmp-notification-service-3, groupId=bmp-notification-service] Discovered group coordinator localhost:9092 (id: 2147483646 rack: null)
2026-09-01T00:31:50.652+05:30  INFO 38280 --- [bmp-notification-service] [rap-executor-%d] c.n.d.s.r.aws.ConfigClusterResolver      : Resolving eureka endpoints via configuration
2026-09-01T00:32:37.156+05:30  INFO 38280 --- [bmp-notification-service] [pool-3-thread-1] org.apache.kafka.clients.NetworkClient   : [Consumer clientId=consumer-anonymous.71319fe6-9081-4354-a696-fc4667b331dc-4, groupId=anonymous.71319fe6-9081-4354-a696-fc4667b331dc] Node 2147483646 disconnected.
2026-09-01T00:32:37.177+05:30  INFO 38280 --- [bmp-notification-service] [pool-3-thread-1] o.a.k.c.c.internals.ConsumerCoordinator  : [Consumer clientId=consumer-anonymous.71319fe6-9081-4354-a696-fc4667b331dc-4, groupId=anonymous.71319fe6-9081-4354-a696-fc4667b331dc] Group coordinator localhost:9092 (id: 2147483646 rack: null) is unavailable or invalid due to cause: coordinator unavailable. isDisconnected: true. Rediscovery will be attempted.
2026-09-01T00:32:37.186+05:30  INFO 38280 --- [bmp-notification-service] [pool-3-thread-1] o.a.k.c.c.internals.ConsumerCoordinator  : [Consumer clientId=consumer-anonymous.71319fe6-9081-4354-a696-fc4667b331dc-4, groupId=anonymous.71319fe6-9081-4354-a696-fc4667b331dc] Discovered group coordinator localhost:9092 (id: 2147483646 rack: null)
2026-09-01T00:32:37.187+05:30  INFO 38280 --- [bmp-notification-service] [pool-3-thread-1] o.a.k.c.c.internals.ConsumerCoordinator  : [Consumer clientId=consumer-anonymous.71319fe6-9081-4354-a696-fc4667b331dc-4, groupId=anonymous.71319fe6-9081-4354-a696-fc4667b331dc] Group coordinator localhost:9092 (id: 2147483646 rack: null) is unavailable or invalid due to cause: coordinator unavailable. isDisconnected: false. Rediscovery will be attempted.
2026-09-01T00:32:37.187+05:30  INFO 38280 --- [bmp-notification-service] [pool-3-thread-1] o.a.k.c.c.internals.ConsumerCoordinator  : [Consumer clientId=consumer-anonymous.71319fe6-9081-4354-a696-fc4667b331dc-4, groupId=anonymous.71319fe6-9081-4354-a696-fc4667b331dc] Requesting disconnect from last known coordinator localhost:9092 (id: 2147483646 rack: null)
2026-09-01T00:32:37.293+05:30  INFO 38280 --- [bmp-notification-service] [pool-3-thread-1] o.a.k.c.c.internals.ConsumerCoordinator  : [Consumer clientId=consumer-anonymous.71319fe6-9081-4354-a696-fc4667b331dc-4, groupId=anonymous.71319fe6-9081-4354-a696-fc4667b331dc] Discovered group coordinator localhost:9092 (id: 2147483646 rack: null)
2026-09-01T00:32:37.325+05:30  INFO 38280 --- [bmp-notification-service] [pool-3-thread-1] o.a.k.c.c.internals.ConsumerCoordinator  : [Consumer clientId=consumer-anonymous.71319fe6-9081-4354-a696-fc4667b331dc-4, groupId=anonymous.71319fe6-9081-4354-a696-fc4667b331dc] Found no committed offset for partition springCloudBus-0
2026-09-01T00:33:37.344+05:30  INFO 38280 --- [bmp-notification-service] [pool-3-thread-1] o.a.k.c.c.internals.ConsumerCoordinator  : [Consumer clientId=consumer-anonymous.71319fe6-9081-4354-a696-fc4667b331dc-4, groupId=anonymous.71319fe6-9081-4354-a696-fc4667b331dc] Found no committed offset for partition springCloudBus-0
2026-09-01T00:34:37.362+05:30  INFO 38280 --- [bmp-notification-service] [pool-3-thread-1] o.a.k.c.c.internals.ConsumerCoordinator  : [Consumer clientId=consumer-anonymous.71319fe6-9081-4354-a696-fc4667b331dc-4, groupId=anonymous.71319fe6-9081-4354-a696-fc4667b331dc] Found no committed offset for partition springCloudBus-0
2026-09-01T00:35:37.384+05:30  INFO 38280 --- [bmp-notification-service] [pool-3-thread-1] o.a.k.c.c.internals.ConsumerCoordinator  : [Consumer clientId=consumer-anonymous.71319fe6-9081-4354-a696-fc4667b331dc-4, groupId=anonymous.71319fe6-9081-4354-a696-fc4667b331dc] Found no committed offset for partition springCloudBus-0
2026-09-01T00:36:37.656+05:30  INFO 38280 --- [bmp-notification-service] [pool-3-thread-1] o.a.k.c.c.internals.ConsumerCoordinator  : [Consumer clientId=consumer-anonymous.71319fe6-9081-4354-a696-fc4667b331dc-4, groupId=anonymous.71319fe6-9081-4354-a696-fc4667b331dc] Found no committed offset for partition springCloudBus-0
2026-09-01T00:36:50.666+05:30  INFO 38280 --- [bmp-notification-service] [rap-executor-%d] c.n.d.s.r.aws.ConfigClusterResolver      : Resolving eureka endpoints via configuration
2026-09-01T00:37:37.684+05:30  INFO 38280 --- [bmp-notification-service] [pool-3-thread-1] o.a.k.c.c.internals.ConsumerCoordinator  : [Consumer clientId=consumer-anonymous.71319fe6-9081-4354-a696-fc4667b331dc-4, groupId=anonymous.71319fe6-9081-4354-a696-fc4667b331dc] Found no committed offset for partition springCloudBus-0
2026-09-01T00:38:37.702+05:30  INFO 38280 --- [bmp-notification-service] [pool-3-thread-1] o.a.k.c.c.internals.ConsumerCoordinator  : [Consumer clientId=consumer-anonymous.71319fe6-9081-4354-a696-fc4667b331dc-4, groupId=anonymous.71319fe6-9081-4354-a696-fc4667b331dc] Found no committed offset for partition springCloudBus-0
2026-09-01T00:39:37.714+05:30  INFO 38280 --- [bmp-notification-service] [pool-3-thread-1] o.a.k.c.c.internals.ConsumerCoordinator  : [Consumer clientId=consumer-anonymous.71319fe6-9081-4354-a696-fc4667b331dc-4, groupId=anonymous.71319fe6-9081-4354-a696-fc4667b331dc] Found no committed offset for partition springCloudBus-0
2026-09-01T00:40:37.738+05:30  INFO 38280 --- [bmp-notification-service] [pool-3-thread-1] o.a.k.c.c.internals.ConsumerCoordinator  : [Consumer clientId=consumer-anonymous.71319fe6-9081-4354-a696-fc4667b331dc-4, groupId=anonymous.71319fe6-9081-4354-a696-fc4667b331dc] Found no committed offset for partition springCloudBus-0
2026-09-01T00:41:37.763+05:30  INFO 38280 --- [bmp-notification-service] [pool-3-thread-1] o.a.k.c.c.internals.ConsumerCoordinator  : [Consumer clientId=consumer-anonymous.71319fe6-9081-4354-a696-fc4667b331dc-4, groupId=anonymous.71319fe6-9081-4354-a696-fc4667b331dc] Found no committed offset for partition springCloudBus-0
2026-09-01T00:41:50.692+05:30  INFO 38280 --- [bmp-notification-service] [rap-executor-%d] c.n.d.s.r.aws.ConfigClusterResolver      : Resolving eureka endpoints via configuration
2026-09-01T00:42:37.804+05:30  INFO 38280 --- [bmp-notification-service] [pool-3-thread-1] o.a.k.c.c.internals.ConsumerCoordinator  : [Consumer clientId=consumer-anonymous.71319fe6-9081-4354-a696-fc4667b331dc-4, groupId=anonymous.71319fe6-9081-4354-a696-fc4667b331dc] Found no committed offset for partition springCloudBus-0
2026-09-01T00:43:37.853+05:30  INFO 38280 --- [bmp-notification-service] [pool-3-thread-1] o.a.k.c.c.internals.ConsumerCoordinator  : [Consumer clientId=consumer-anonymous.71319fe6-9081-4354-a696-fc4667b331dc-4, groupId=anonymous.71319fe6-9081-4354-a696-fc4667b331dc] Found no committed offset for partition springCloudBus-0
2026-09-01T00:44:38.114+05:30  INFO 38280 --- [bmp-notification-service] [pool-3-thread-1] o.a.k.c.c.internals.ConsumerCoordinator  : [Consumer clientId=consumer-anonymous.71319fe6-9081-4354-a696-fc4667b331dc-4, groupId=anonymous.71319fe6-9081-4354-a696-fc4667b331dc] Found no committed offset for partition springCloudBus-0
2026-09-01T00:45:38.189+05:30  INFO 38280 --- [bmp-notification-service] [pool-3-thread-1] o.a.k.c.c.internals.ConsumerCoordinator  : [Consumer clientId=consumer-anonymous.71319fe6-9081-4354-a696-fc4667b331dc-4, groupId=anonymous.71319fe6-9081-4354-a696-fc4667b331dc] Found no committed offset for partition springCloudBus-0
2026-09-01T00:46:38.216+05:30  INFO 38280 --- [bmp-notification-service] [pool-3-thread-1] o.a.k.c.c.internals.ConsumerCoordinator  : [Consumer clientId=consumer-anonymous.71319fe6-9081-4354-a696-fc4667b331dc-4, groupId=anonymous.71319fe6-9081-4354-a696-fc4667b331dc] Found no committed offset for partition springCloudBus-0
2026-09-01T00:46:50.716+05:30  INFO 38280 --- [bmp-notification-service] [rap-executor-%d] c.n.d.s.r.aws.ConfigClusterResolver      : Resolving eureka endpoints via configuration
2026-09-01T00:47:38.242+05:30  INFO 38280 --- [bmp-notification-service] [pool-3-thread-1] o.a.k.c.c.internals.ConsumerCoordinator  : [Consumer clientId=consumer-anonymous.71319fe6-9081-4354-a696-fc4667b331dc-4, groupId=anonymous.71319fe6-9081-4354-a696-fc4667b331dc] Found no committed offset for partition springCloudBus-0
2026-09-01T00:48:38.323+05:30  INFO 38280 --- [bmp-notification-service] [pool-3-thread-1] o.a.k.c.c.internals.ConsumerCoordinator  : [Consumer clientId=consumer-anonymous.71319fe6-9081-4354-a696-fc4667b331dc-4, groupId=anonymous.71319fe6-9081-4354-a696-fc4667b331dc] Found no committed offset for partition springCloudBus-0
2026-09-01T00:49:38.451+05:30  INFO 38280 --- [bmp-notification-service] [pool-3-thread-1] o.a.k.c.c.internals.ConsumerCoordinator  : [Consumer clientId=consumer-anonymous.71319fe6-9081-4354-a696-fc4667b331dc-4, groupId=anonymous.71319fe6-9081-4354-a696-fc4667b331dc] Found no committed offset for partition springCloudBus-0
2026-09-01T00:50:38.505+05:30  INFO 38280 --- [bmp-notification-service] [pool-3-thread-1] o.a.k.c.c.internals.ConsumerCoordinator  : [Consumer clientId=consumer-anonymous.71319fe6-9081-4354-a696-fc4667b331dc-4, groupId=anonymous.71319fe6-9081-4354-a696-fc4667b331dc] Found no committed offset for partition springCloudBus-0
2026-09-01T00:51:38.551+05:30  INFO 38280 --- [bmp-notification-service] [pool-3-thread-1] o.a.k.c.c.internals.ConsumerCoordinator  : [Consumer clientId=consumer-anonymous.71319fe6-9081-4354-a696-fc4667b331dc-4, groupId=anonymous.71319fe6-9081-4354-a696-fc4667b331dc] Found no committed offset for partition springCloudBus-0
2026-09-01T00:51:50.748+05:30  INFO 38280 --- [bmp-notification-service] [rap-executor-%d] c.n.d.s.r.aws.ConfigClusterResolver      : Resolving eureka endpoints via configuration
2026-09-01T00:52:38.596+05:30  INFO 38280 --- [bmp-notification-service] [pool-3-thread-1] o.a.k.c.c.internals.ConsumerCoordinator  : [Consumer clientId=consumer-anonymous.71319fe6-9081-4354-a696-fc4667b331dc-4, groupId=anonymous.71319fe6-9081-4354-a696-fc4667b331dc] Found no committed offset for partition springCloudBus-0
2026-09-01T00:53:38.615+05:30  INFO 38280 --- [bmp-notification-service] [pool-3-thread-1] o.a.k.c.c.internals.ConsumerCoordinator  : [Consumer clientId=consumer-anonymous.71319fe6-9081-4354-a696-fc4667b331dc-4, groupId=anonymous.71319fe6-9081-4354-a696-fc4667b331dc] Found no committed offset for partition springCloudBus-0
2026-09-01T00:54:38.625+05:30  INFO 38280 --- [bmp-notification-service] [pool-3-thread-1] o.a.k.c.c.internals.ConsumerCoordinator  : [Consumer clientId=consumer-anonymous.71319fe6-9081-4354-a696-fc4667b331dc-4, groupId=anonymous.71319fe6-9081-4354-a696-fc4667b331dc] Found no committed offset for partition springCloudBus-0
2026-09-01T00:55:38.632+05:30  INFO 38280 --- [bmp-notification-service] [pool-3-thread-1] o.a.k.c.c.internals.ConsumerCoordinator  : [Consumer clientId=consumer-anonymous.71319fe6-9081-4354-a696-fc4667b331dc-4, groupId=anonymous.71319fe6-9081-4354-a696-fc4667b331dc] Found no committed offset for partition springCloudBus-0
2026-09-01T00:56:38.664+05:30  INFO 38280 --- [bmp-notification-service] [pool-3-thread-1] o.a.k.c.c.internals.ConsumerCoordinator  : [Consumer clientId=consumer-anonymous.71319fe6-9081-4354-a696-fc4667b331dc-4, groupId=anonymous.71319fe6-9081-4354-a696-fc4667b331dc] Found no committed offset for partition springCloudBus-0
2026-09-01T00:56:50.767+05:30  INFO 38280 --- [bmp-notification-service] [rap-executor-%d] c.n.d.s.r.aws.ConfigClusterResolver      : Resolving eureka endpoints via configuration
2026-09-01T00:57:38.686+05:30  INFO 38280 --- [bmp-notification-service] [pool-3-thread-1] o.a.k.c.c.internals.ConsumerCoordinator  : [Consumer clientId=consumer-anonymous.71319fe6-9081-4354-a696-fc4667b331dc-4, groupId=anonymous.71319fe6-9081-4354-a696-fc4667b331dc] Found no committed offset for partition springCloudBus-0
2026-09-01T00:58:38.708+05:30  INFO 38280 --- [bmp-notification-service] [pool-3-thread-1] o.a.k.c.c.internals.ConsumerCoordinator  : [Consumer clientId=consumer-anonymous.71319fe6-9081-4354-a696-fc4667b331dc-4, groupId=anonymous.71319fe6-9081-4354-a696-fc4667b331dc] Found no committed offset for partition springCloudBus-0
2026-09-01T00:59:38.731+05:30  INFO 38280 --- [bmp-notification-service] [pool-3-thread-1] o.a.k.c.c.internals.ConsumerCoordinator  : [Consumer clientId=consumer-anonymous.71319fe6-9081-4354-a696-fc4667b331dc-4, groupId=anonymous.71319fe6-9081-4354-a696-fc4667b331dc] Found no committed offset for partition springCloudBus-0
2026-09-01T01:00:38.743+05:30  INFO 38280 --- [bmp-notification-service] [pool-3-thread-1] o.a.k.c.c.internals.ConsumerCoordinator  : [Consumer clientId=consumer-anonymous.71319fe6-9081-4354-a696-fc4667b331dc-4, groupId=anonymous.71319fe6-9081-4354-a696-fc4667b331dc] Found no committed offset for partition springCloudBus-0
2026-09-01T01:01:38.765+05:30  INFO 38280 --- [bmp-notification-service] [pool-3-thread-1] o.a.k.c.c.internals.ConsumerCoordinator  : [Consumer clientId=consumer-anonymous.71319fe6-9081-4354-a696-fc4667b331dc-4, groupId=anonymous.71319fe6-9081-4354-a696-fc4667b331dc] Found no committed offset for partition springCloudBus-0
2026-09-01T01:01:50.780+05:30  INFO 38280 --- [bmp-notification-service] [rap-executor-%d] c.n.d.s.r.aws.ConfigClusterResolver      : Resolving eureka endpoints via configuration
2026-09-01T01:02:38.787+05:30  INFO 38280 --- [bmp-notification-service] [pool-3-thread-1] o.a.k.c.c.internals.ConsumerCoordinator  : [Consumer clientId=consumer-anonymous.71319fe6-9081-4354-a696-fc4667b331dc-4, groupId=anonymous.71319fe6-9081-4354-a696-fc4667b331dc] Found no committed offset for partition springCloudBus-0
2026-09-01T01:03:38.805+05:30  INFO 38280 --- [bmp-notification-service] [pool-3-thread-1] o.a.k.c.c.internals.ConsumerCoordinator  : [Consumer clientId=consumer-anonymous.71319fe6-9081-4354-a696-fc4667b331dc-4, groupId=anonymous.71319fe6-9081-4354-a696-fc4667b331dc] Found no committed offset for partition springCloudBus-0
2026-09-01T01:04:38.820+05:30  INFO 38280 --- [bmp-notification-service] [pool-3-thread-1] o.a.k.c.c.internals.ConsumerCoordinator  : [Consumer clientId=consumer-anonymous.71319fe6-9081-4354-a696-fc4667b331dc-4, groupId=anonymous.71319fe6-9081-4354-a696-fc4667b331dc] Found no committed offset for partition springCloudBus-0
2026-09-01T01:05:38.841+05:30  INFO 38280 --- [bmp-notification-service] [pool-3-thread-1] o.a.k.c.c.internals.ConsumerCoordinator  : [Consumer clientId=consumer-anonymous.71319fe6-9081-4354-a696-fc4667b331dc-4, groupId=anonymous.71319fe6-9081-4354-a696-fc4667b331dc] Found no committed offset for partition springCloudBus-0
2026-09-01T01:06:38.871+05:30  INFO 38280 --- [bmp-notification-service] [pool-3-thread-1] o.a.k.c.c.internals.ConsumerCoordinator  : [Consumer clientId=consumer-anonymous.71319fe6-9081-4354-a696-fc4667b331dc-4, groupId=anonymous.71319fe6-9081-4354-a696-fc4667b331dc] Found no committed offset for partition springCloudBus-0
2026-09-01T01:06:50.795+05:30  INFO 38280 --- [bmp-notification-service] [rap-executor-%d] c.n.d.s.r.aws.ConfigClusterResolver      : Resolving eureka endpoints via configuration
2026-09-01T01:07:38.889+05:30  INFO 38280 --- [bmp-notification-service] [pool-3-thread-1] o.a.k.c.c.internals.ConsumerCoordinator  : [Consumer clientId=consumer-anonymous.71319fe6-9081-4354-a696-fc4667b331dc-4, groupId=anonymous.71319fe6-9081-4354-a696-fc4667b331dc] Found no committed offset for partition springCloudBus-0
2026-09-01T01:08:38.912+05:30  INFO 38280 --- [bmp-notification-service] [pool-3-thread-1] o.a.k.c.c.internals.ConsumerCoordinator  : [Consumer clientId=consumer-anonymous.71319fe6-9081-4354-a696-fc4667b331dc-4, groupId=anonymous.71319fe6-9081-4354-a696-fc4667b331dc] Found no committed offset for partition springCloudBus-0
2026-09-01T01:09:38.939+05:30  INFO 38280 --- [bmp-notification-service] [pool-3-thread-1] o.a.k.c.c.internals.ConsumerCoordinator  : [Consumer clientId=consumer-anonymous.71319fe6-9081-4354-a696-fc4667b331dc-4, groupId=anonymous.71319fe6-9081-4354-a696-fc4667b331dc] Found no committed offset for partition springCloudBus-0
2026-09-01T01:10:38.950+05:30  INFO 38280 --- [bmp-notification-service] [pool-3-thread-1] o.a.k.c.c.internals.ConsumerCoordinator  : [Consumer clientId=consumer-anonymous.71319fe6-9081-4354-a696-fc4667b331dc-4, groupId=anonymous.71319fe6-9081-4354-a696-fc4667b331dc] Found no committed offset for partition springCloudBus-0
2026-09-01T01:11:38.971+05:30  INFO 38280 --- [bmp-notification-service] [pool-3-thread-1] o.a.k.c.c.internals.ConsumerCoordinator  : [Consumer clientId=consumer-anonymous.71319fe6-9081-4354-a696-fc4667b331dc-4, groupId=anonymous.71319fe6-9081-4354-a696-fc4667b331dc] Found no committed offset for partition springCloudBus-0
2026-09-01T01:11:50.796+05:30  INFO 38280 --- [bmp-notification-service] [rap-executor-%d] c.n.d.s.r.aws.ConfigClusterResolver      : Resolving eureka endpoints via configuration
2026-09-01T01:12:38.989+05:30  INFO 38280 --- [bmp-notification-service] [pool-3-thread-1] o.a.k.c.c.internals.ConsumerCoordinator  : [Consumer clientId=consumer-anonymous.71319fe6-9081-4354-a696-fc4667b331dc-4, groupId=anonymous.71319fe6-9081-4354-a696-fc4667b331dc] Found no committed offset for partition springCloudBus-0
2026-09-01T01:13:39.010+05:30  INFO 38280 --- [bmp-notification-service] [pool-3-thread-1] o.a.k.c.c.internals.ConsumerCoordinator  : [Consumer clientId=consumer-anonymous.71319fe6-9081-4354-a696-fc4667b331dc-4, groupId=anonymous.71319fe6-9081-4354-a696-fc4667b331dc] Found no committed offset for partition springCloudBus-0
2026-09-01T01:14:39.028+05:30  INFO 38280 --- [bmp-notification-service] [pool-3-thread-1] o.a.k.c.c.internals.ConsumerCoordinator  : [Consumer clientId=consumer-anonymous.71319fe6-9081-4354-a696-fc4667b331dc-4, groupId=anonymous.71319fe6-9081-4354-a696-fc4667b331dc] Found no committed offset for partition springCloudBus-0
2026-09-01T01:15:39.048+05:30  INFO 38280 --- [bmp-notification-service] [pool-3-thread-1] o.a.k.c.c.internals.ConsumerCoordinator  : [Consumer clientId=consumer-anonymous.71319fe6-9081-4354-a696-fc4667b331dc-4, groupId=anonymous.71319fe6-9081-4354-a696-fc4667b331dc] Found no committed offset for partition springCloudBus-0
2026-09-01T01:16:39.065+05:30  INFO 38280 --- [bmp-notification-service] [pool-3-thread-1] o.a.k.c.c.internals.ConsumerCoordinator  : [Consumer clientId=consumer-anonymous.71319fe6-9081-4354-a696-fc4667b331dc-4, groupId=anonymous.71319fe6-9081-4354-a696-fc4667b331dc] Found no committed offset for partition springCloudBus-0
2026-09-01T01:16:50.811+05:30  INFO 38280 --- [bmp-notification-service] [rap-executor-%d] c.n.d.s.r.aws.ConfigClusterResolver      : Resolving eureka endpoints via configuration
2026-09-01T01:17:39.100+05:30  INFO 38280 --- [bmp-notification-service] [pool-3-thread-1] o.a.k.c.c.internals.ConsumerCoordinator  : [Consumer clientId=consumer-anonymous.71319fe6-9081-4354-a696-fc4667b331dc-4, groupId=anonymous.71319fe6-9081-4354-a696-fc4667b331dc] Found no committed offset for partition springCloudBus-0
2026-09-01T01:18:39.125+05:30  INFO 38280 --- [bmp-notification-service] [pool-3-thread-1] o.a.k.c.c.internals.ConsumerCoordinator  : [Consumer clientId=consumer-anonymous.71319fe6-9081-4354-a696-fc4667b331dc-4, groupId=anonymous.71319fe6-9081-4354-a696-fc4667b331dc] Found no committed offset for partition springCloudBus-0
2026-09-01T01:19:39.147+05:30  INFO 38280 --- [bmp-notification-service] [pool-3-thread-1] o.a.k.c.c.internals.ConsumerCoordinator  : [Consumer clientId=consumer-anonymous.71319fe6-9081-4354-a696-fc4667b331dc-4, groupId=anonymous.71319fe6-9081-4354-a696-fc4667b331dc] Found no committed offset for partition springCloudBus-0
2026-09-01T01:20:39.163+05:30  INFO 38280 --- [bmp-notification-service] [pool-3-thread-1] o.a.k.c.c.internals.ConsumerCoordinator  : [Consumer clientId=consumer-anonymous.71319fe6-9081-4354-a696-fc4667b331dc-4, groupId=anonymous.71319fe6-9081-4354-a696-fc4667b331dc] Found no committed offset for partition springCloudBus-0
2026-09-01T01:21:39.204+05:30  INFO 38280 --- [bmp-notification-service] [pool-3-thread-1] o.a.k.c.c.internals.ConsumerCoordinator  : [Consumer clientId=consumer-anonymous.71319fe6-9081-4354-a696-fc4667b331dc-4, groupId=anonymous.71319fe6-9081-4354-a696-fc4667b331dc] Found no committed offset for partition springCloudBus-0
2026-09-01T01:21:50.830+05:30  INFO 38280 --- [bmp-notification-service] [rap-executor-%d] c.n.d.s.r.aws.ConfigClusterResolver      : Resolving eureka endpoints via configuration
2026-09-01T01:22:39.232+05:30  INFO 38280 --- [bmp-notification-service] [pool-3-thread-1] o.a.k.c.c.internals.ConsumerCoordinator  : [Consumer clientId=consumer-anonymous.71319fe6-9081-4354-a696-fc4667b331dc-4, groupId=anonymous.71319fe6-9081-4354-a696-fc4667b331dc] Found no committed offset for partition springCloudBus-0
2026-09-01T01:23:39.263+05:30  INFO 38280 --- [bmp-notification-service] [pool-3-thread-1] o.a.k.c.c.internals.ConsumerCoordinator  : [Consumer clientId=consumer-anonymous.71319fe6-9081-4354-a696-fc4667b331dc-4, groupId=anonymous.71319fe6-9081-4354-a696-fc4667b331dc] Found no committed offset for partition springCloudBus-0
2026-09-01T01:24:39.272+05:30  INFO 38280 --- [bmp-notification-service] [pool-3-thread-1] o.a.k.c.c.internals.ConsumerCoordinator  : [Consumer clientId=consumer-anonymous.71319fe6-9081-4354-a696-fc4667b331dc-4, groupId=anonymous.71319fe6-9081-4354-a696-fc4667b331dc] Found no committed offset for partition springCloudBus-0
2026-09-01T01:25:39.293+05:30  INFO 38280 --- [bmp-notification-service] [pool-3-thread-1] o.a.k.c.c.internals.ConsumerCoordinator  : [Consumer clientId=consumer-anonymous.71319fe6-9081-4354-a696-fc4667b331dc-4, groupId=anonymous.71319fe6-9081-4354-a696-fc4667b331dc] Found no committed offset for partition springCloudBus-0
2026-09-01T01:26:39.306+05:30  INFO 38280 --- [bmp-notification-service] [pool-3-thread-1] o.a.k.c.c.internals.ConsumerCoordinator  : [Consumer clientId=consumer-anonymous.71319fe6-9081-4354-a696-fc4667b331dc-4, groupId=anonymous.71319fe6-9081-4354-a696-fc4667b331dc] Found no committed offset for partition springCloudBus-0
2026-09-01T01:26:50.845+05:30  INFO 38280 --- [bmp-notification-service] [rap-executor-%d] c.n.d.s.r.aws.ConfigClusterResolver      : Resolving eureka endpoints via configuration
2026-09-01T01:27:39.324+05:30  INFO 38280 --- [bmp-notification-service] [pool-3-thread-1] o.a.k.c.c.internals.ConsumerCoordinator  : [Consumer clientId=consumer-anonymous.71319fe6-9081-4354-a696-fc4667b331dc-4, groupId=anonymous.71319fe6-9081-4354-a696-fc4667b331dc] Found no committed offset for partition springCloudBus-0
2026-09-01T01:28:39.347+05:30  INFO 38280 --- [bmp-notification-service] [pool-3-thread-1] o.a.k.c.c.internals.ConsumerCoordinator  : [Consumer clientId=consumer-anonymous.71319fe6-9081-4354-a696-fc4667b331dc-4, groupId=anonymous.71319fe6-9081-4354-a696-fc4667b331dc] Found no committed offset for partition springCloudBus-0
2026-09-01T01:29:39.362+05:30  INFO 38280 --- [bmp-notification-service] [pool-3-thread-1] o.a.k.c.c.internals.ConsumerCoordinator  : [Consumer clientId=consumer-anonymous.71319fe6-9081-4354-a696-fc4667b331dc-4, groupId=anonymous.71319fe6-9081-4354-a696-fc4667b331dc] Found no committed offset for partition springCloudBus-0
2026-09-01T01:30:39.378+05:30  INFO 38280 --- [bmp-notification-service] [pool-3-thread-1] o.a.k.c.c.internals.ConsumerCoordinator  : [Consumer clientId=consumer-anonymous.71319fe6-9081-4354-a696-fc4667b331dc-4, groupId=anonymous.71319fe6-9081-4354-a696-fc4667b331dc] Found no committed offset for partition springCloudBus-0
2026-09-01T01:31:39.400+05:30  INFO 38280 --- [bmp-notification-service] [pool-3-thread-1] o.a.k.c.c.internals.ConsumerCoordinator  : [Consumer clientId=consumer-anonymous.71319fe6-9081-4354-a696-fc4667b331dc-4, groupId=anonymous.71319fe6-9081-4354-a696-fc4667b331dc] Found no committed offset for partition springCloudBus-0
2026-09-01T01:31:50.860+05:30  INFO 38280 --- [bmp-notification-service] [rap-executor-%d] c.n.d.s.r.aws.ConfigClusterResolver      : Resolving eureka endpoints via configuration
2026-09-01T01:32:39.416+05:30  INFO 38280 --- [bmp-notification-service] [pool-3-thread-1] o.a.k.c.c.internals.ConsumerCoordinator  : [Consumer clientId=consumer-anonymous.71319fe6-9081-4354-a696-fc4667b331dc-4, groupId=anonymous.71319fe6-9081-4354-a696-fc4667b331dc] Found no committed offset for partition springCloudBus-0
2026-09-01T01:33:39.429+05:30  INFO 38280 --- [bmp-notification-service] [pool-3-thread-1] o.a.k.c.c.internals.ConsumerCoordinator  : [Consumer clientId=consumer-anonymous.71319fe6-9081-4354-a696-fc4667b331dc-4, groupId=anonymous.71319fe6-9081-4354-a696-fc4667b331dc] Found no committed offset for partition springCloudBus-0
2026-09-01T01:34:39.450+05:30  INFO 38280 --- [bmp-notification-service] [pool-3-thread-1] o.a.k.c.c.internals.ConsumerCoordinator  : [Consumer clientId=consumer-anonymous.71319fe6-9081-4354-a696-fc4667b331dc-4, groupId=anonymous.71319fe6-9081-4354-a696-fc4667b331dc] Found no committed offset for partition springCloudBus-0
2026-09-01T01:35:39.463+05:30  INFO 38280 --- [bmp-notification-service] [pool-3-thread-1] o.a.k.c.c.internals.ConsumerCoordinator  : [Consumer clientId=consumer-anonymous.71319fe6-9081-4354-a696-fc4667b331dc-4, groupId=anonymous.71319fe6-9081-4354-a696-fc4667b331dc] Found no committed offset for partition springCloudBus-0
2026-09-01T01:36:39.486+05:30  INFO 38280 --- [bmp-notification-service] [pool-3-thread-1] o.a.k.c.c.internals.ConsumerCoordinator  : [Consumer clientId=consumer-anonymous.71319fe6-9081-4354-a696-fc4667b331dc-4, groupId=anonymous.71319fe6-9081-4354-a696-fc4667b331dc] Found no committed offset for partition springCloudBus-0
2026-09-01T01:36:50.868+05:30  INFO 38280 --- [bmp-notification-service] [rap-executor-%d] c.n.d.s.r.aws.ConfigClusterResolver      : Resolving eureka endpoints via configuration
2026-09-01T01:37:39.510+05:30  INFO 38280 --- [bmp-notification-service] [pool-3-thread-1] o.a.k.c.c.internals.ConsumerCoordinator  : [Consumer clientId=consumer-anonymous.71319fe6-9081-4354-a696-fc4667b331dc-4, groupId=anonymous.71319fe6-9081-4354-a696-fc4667b331dc] Found no committed offset for partition springCloudBus-0
2026-09-01T01:38:39.520+05:30  INFO 38280 --- [bmp-notification-service] [pool-3-thread-1] o.a.k.c.c.internals.ConsumerCoordinator  : [Consumer clientId=consumer-anonymous.71319fe6-9081-4354-a696-fc4667b331dc-4, groupId=anonymous.71319fe6-9081-4354-a696-fc4667b331dc] Found no committed offset for partition springCloudBus-0
2026-09-01T01:39:39.541+05:30  INFO 38280 --- [bmp-notification-service] [pool-3-thread-1] o.a.k.c.c.internals.ConsumerCoordinator  : [Consumer clientId=consumer-anonymous.71319fe6-9081-4354-a696-fc4667b331dc-4, groupId=anonymous.71319fe6-9081-4354-a696-fc4667b331dc] Found no committed offset for partition springCloudBus-0
2026-09-01T01:40:39.560+05:30  INFO 38280 --- [bmp-notification-service] [pool-3-thread-1] o.a.k.c.c.internals.ConsumerCoordinator  : [Consumer clientId=consumer-anonymous.71319fe6-9081-4354-a696-fc4667b331dc-4, groupId=anonymous.71319fe6-9081-4354-a696-fc4667b331dc] Found no committed offset for partition springCloudBus-0
2026-09-01T04:40:45.888+05:30  INFO 38280 --- [bmp-notification-service] [ntainer#0-0-C-1] org.apache.kafka.clients.NetworkClient   : [Consumer clientId=consumer-bmp-notification-service-3, groupId=bmp-notification-service] Node 1 disconnected.
2026-09-01T04:40:45.888+05:30  INFO 38280 --- [bmp-notification-service] [container-0-C-1] org.apache.kafka.clients.NetworkClient   : [Consumer clientId=consumer-anonymous.71319fe6-9081-4354-a696-fc4667b331dc-2, groupId=anonymous.71319fe6-9081-4354-a696-fc4667b331dc] Node 2147483646 disconnected.
2026-09-01T04:40:45.901+05:30  INFO 38280 --- [bmp-notification-service] [ntainer#0-0-C-1] org.apache.kafka.clients.NetworkClient   : [Consumer clientId=consumer-bmp-notification-service-3, groupId=bmp-notification-service] Cancelled in-flight FETCH request with correlation id 162385 due to node 1 being disconnected (elapsed time since creation: 10802380ms, elapsed time since send: 10802380ms, throttle time: 0ms, request timeout: 30000ms)
2026-09-01T04:40:45.905+05:30  INFO 38280 --- [bmp-notification-service] [ntainer#0-0-C-1] org.apache.kafka.clients.NetworkClient   : [Consumer clientId=consumer-bmp-notification-service-3, groupId=bmp-notification-service] Disconnecting from node 2147483646 due to request timeout.
2026-09-01T04:40:46.010+05:30  INFO 38280 --- [bmp-notification-service] [container-0-C-1] org.apache.kafka.clients.NetworkClient   : [Consumer clientId=consumer-anonymous.71319fe6-9081-4354-a696-fc4667b331dc-2, groupId=anonymous.71319fe6-9081-4354-a696-fc4667b331dc] Disconnecting from node 1 due to request timeout.
2026-09-01T04:40:46.010+05:30  INFO 38280 --- [bmp-notification-service] [container-0-C-1] org.apache.kafka.clients.NetworkClient   : [Consumer clientId=consumer-anonymous.71319fe6-9081-4354-a696-fc4667b331dc-2, groupId=anonymous.71319fe6-9081-4354-a696-fc4667b331dc] Cancelled in-flight FETCH request with correlation id 162431 due to node 1 being disconnected (elapsed time since creation: 10802383ms, elapsed time since send: 10802383ms, throttle time: 0ms, request timeout: 30000ms)
2026-09-01T04:40:46.014+05:30  INFO 38280 --- [bmp-notification-service] [ntainer#0-0-C-1] org.apache.kafka.clients.NetworkClient   : [Consumer clientId=consumer-bmp-notification-service-3, groupId=bmp-notification-service] Cancelled in-flight HEARTBEAT request with correlation id 162386 due to node 2147483646 being disconnected (elapsed time since creation: 10801705ms, elapsed time since send: 10801705ms, throttle time: 0ms, request timeout: 30000ms)
2026-09-01T04:40:46.018+05:30  INFO 38280 --- [bmp-notification-service] [ication-service] o.a.k.c.c.internals.ConsumerCoordinator  : [Consumer clientId=consumer-bmp-notification-service-3, groupId=bmp-notification-service] Group coordinator localhost:9092 (id: 2147483646 rack: null) is unavailable or invalid due to cause: null. isDisconnected: true. Rediscovery will be attempted.
2026-09-01T04:40:46.114+05:30  INFO 38280 --- [bmp-notification-service] [96-fc4667b331dc] o.a.k.c.c.internals.ConsumerCoordinator  : [Consumer clientId=consumer-anonymous.71319fe6-9081-4354-a696-fc4667b331dc-2, groupId=anonymous.71319fe6-9081-4354-a696-fc4667b331dc] Group coordinator localhost:9092 (id: 2147483646 rack: null) is unavailable or invalid due to cause: session timed out without receiving a heartbeat response. isDisconnected: false. Rediscovery will be attempted.
2026-09-01T04:40:46.115+05:30  INFO 38280 --- [bmp-notification-service] [96-fc4667b331dc] o.a.k.c.c.internals.ConsumerCoordinator  : [Consumer clientId=consumer-anonymous.71319fe6-9081-4354-a696-fc4667b331dc-2, groupId=anonymous.71319fe6-9081-4354-a696-fc4667b331dc] Requesting disconnect from last known coordinator localhost:9092 (id: 2147483646 rack: null)
2026-09-01T04:40:46.014+05:30  INFO 38280 --- [bmp-notification-service] [ntainer#0-0-C-1] o.a.kafka.clients.FetchSessionHandler    : [Consumer clientId=consumer-bmp-notification-service-3, groupId=bmp-notification-service] Error sending fetch request (sessionId=1060900866, epoch=8179) to node 1:

org.apache.kafka.common.errors.DisconnectException: null

2026-09-01T04:40:46.014+05:30  INFO 38280 --- [bmp-notification-service] [container-0-C-1] o.a.kafka.clients.FetchSessionHandler    : [Consumer clientId=consumer-anonymous.71319fe6-9081-4354-a696-fc4667b331dc-2, groupId=anonymous.71319fe6-9081-4354-a696-fc4667b331dc] Error sending fetch request (sessionId=372493997, epoch=8179) to node 1:

org.apache.kafka.common.errors.DisconnectException: null

2026-09-01T04:40:46.972+05:30  INFO 38280 --- [bmp-notification-service] [ntainer#0-0-C-1] o.a.k.c.c.internals.ConsumerCoordinator  : [Consumer clientId=consumer-bmp-notification-service-3, groupId=bmp-notification-service] Discovered group coordinator localhost:9092 (id: 2147483646 rack: null)
2026-09-01T04:40:46.973+05:30  INFO 38280 --- [bmp-notification-service] [ntainer#0-0-C-1] o.a.k.c.c.internals.ConsumerCoordinator  : [Consumer clientId=consumer-bmp-notification-service-3, groupId=bmp-notification-service] Discovered group coordinator localhost:9092 (id: 2147483646 rack: null)
2026-09-01T04:40:47.031+05:30  INFO 38280 --- [bmp-notification-service] [container-0-C-1] o.a.k.c.c.internals.ConsumerCoordinator  : [Consumer clientId=consumer-anonymous.71319fe6-9081-4354-a696-fc4667b331dc-2, groupId=anonymous.71319fe6-9081-4354-a696-fc4667b331dc] Discovered group coordinator localhost:9092 (id: 2147483646 rack: null)
2026-09-01T04:40:47.033+05:30  INFO 38280 --- [bmp-notification-service] [container-0-C-1] o.a.k.c.c.internals.ConsumerCoordinator  : [Consumer clientId=consumer-anonymous.71319fe6-9081-4354-a696-fc4667b331dc-2, groupId=anonymous.71319fe6-9081-4354-a696-fc4667b331dc] Discovered group coordinator localhost:9092 (id: 2147483646 rack: null)
2026-09-01T13:42:05.068+05:30  INFO 38280 --- [bmp-notification-service] [ication-service] org.apache.kafka.clients.NetworkClient   : [Consumer clientId=consumer-bmp-notification-service-3, groupId=bmp-notification-service] Node 1 disconnected.
2026-09-01T13:42:05.069+05:30  INFO 38280 --- [bmp-notification-service] [ication-service] org.apache.kafka.clients.NetworkClient   : [Consumer clientId=consumer-bmp-notification-service-3, groupId=bmp-notification-service] Cancelled in-flight FETCH request with correlation id 162411 due to node 1 being disconnected (elapsed time since creation: 32469622ms, elapsed time since send: 32469622ms, throttle time: 0ms, request timeout: 30000ms)
2026-09-01T13:42:05.069+05:30  INFO 38280 --- [bmp-notification-service] [ication-service] org.apache.kafka.clients.NetworkClient   : [Consumer clientId=consumer-bmp-notification-service-3, groupId=bmp-notification-service] Cancelled in-flight METADATA request with correlation id 162413 due to node 1 being disconnected (elapsed time since creation: 1475ms, elapsed time since send: 1475ms, throttle time: 0ms, request timeout: 30000ms)
2026-09-01T13:42:05.070+05:30  INFO 38280 --- [bmp-notification-service] [ication-service] org.apache.kafka.clients.NetworkClient   : [Consumer clientId=consumer-bmp-notification-service-3, groupId=bmp-notification-service] Disconnecting from node 2147483646 due to request timeout.
2026-09-01T13:42:05.070+05:30  INFO 38280 --- [bmp-notification-service] [ication-service] org.apache.kafka.clients.NetworkClient   : [Consumer clientId=consumer-bmp-notification-service-3, groupId=bmp-notification-service] Cancelled in-flight HEARTBEAT request with correlation id 162412 due to node 2147483646 being disconnected (elapsed time since creation: 32469060ms, elapsed time since send: 32469060ms, throttle time: 0ms, request timeout: 30000ms)
2026-09-01T13:42:05.070+05:30  INFO 38280 --- [bmp-notification-service] [ication-service] o.a.kafka.clients.FetchSessionHandler    : [Consumer clientId=consumer-bmp-notification-service-3, groupId=bmp-notification-service] Error sending fetch request (sessionId=1634298262, epoch=15) to node 1:

org.apache.kafka.common.errors.DisconnectException: null

2026-09-01T13:42:05.072+05:30  INFO 38280 --- [bmp-notification-service] [ication-service] o.a.k.c.c.internals.ConsumerCoordinator  : [Consumer clientId=consumer-bmp-notification-service-3, groupId=bmp-notification-service] Group coordinator localhost:9092 (id: 2147483646 rack: null) is unavailable or invalid due to cause: null. isDisconnected: true. Rediscovery will be attempted.
2026-09-01T13:42:05.695+05:30  INFO 38280 --- [bmp-notification-service] [container-0-C-1] org.apache.kafka.clients.NetworkClient   : [Consumer clientId=consumer-anonymous.71319fe6-9081-4354-a696-fc4667b331dc-2, groupId=anonymous.71319fe6-9081-4354-a696-fc4667b331dc] Node 1 disconnected.
2026-09-01T13:42:05.697+05:30  INFO 38280 --- [bmp-notification-service] [container-0-C-1] org.apache.kafka.clients.NetworkClient   : [Consumer clientId=consumer-anonymous.71319fe6-9081-4354-a696-fc4667b331dc-2, groupId=anonymous.71319fe6-9081-4354-a696-fc4667b331dc] Cancelled in-flight FETCH request with correlation id 162456 due to node 1 being disconnected (elapsed time since creation: 32470248ms, elapsed time since send: 32470248ms, throttle time: 0ms, request timeout: 30000ms)
2026-09-01T13:42:05.697+05:30  INFO 38280 --- [bmp-notification-service] [container-0-C-1] org.apache.kafka.clients.NetworkClient   : [Consumer clientId=consumer-anonymous.71319fe6-9081-4354-a696-fc4667b331dc-2, groupId=anonymous.71319fe6-9081-4354-a696-fc4667b331dc] Disconnecting from node 2147483646 due to request timeout.
2026-09-01T13:42:05.697+05:30  INFO 38280 --- [bmp-notification-service] [container-0-C-1] org.apache.kafka.clients.NetworkClient   : [Consumer clientId=consumer-anonymous.71319fe6-9081-4354-a696-fc4667b331dc-2, groupId=anonymous.71319fe6-9081-4354-a696-fc4667b331dc] Cancelled in-flight HEARTBEAT request with correlation id 162457 due to node 2147483646 being disconnected (elapsed time since creation: 32469641ms, elapsed time since send: 32469641ms, throttle time: 0ms, request timeout: 30000ms)
2026-09-01T13:42:05.698+05:30  INFO 38280 --- [bmp-notification-service] [96-fc4667b331dc] o.a.k.c.c.internals.ConsumerCoordinator  : [Consumer clientId=consumer-anonymous.71319fe6-9081-4354-a696-fc4667b331dc-2, groupId=anonymous.71319fe6-9081-4354-a696-fc4667b331dc] Group coordinator localhost:9092 (id: 2147483646 rack: null) is unavailable or invalid due to cause: null. isDisconnected: true. Rediscovery will be attempted.
2026-09-01T13:42:05.697+05:30  INFO 38280 --- [bmp-notification-service] [container-0-C-1] o.a.kafka.clients.FetchSessionHandler    : [Consumer clientId=consumer-anonymous.71319fe6-9081-4354-a696-fc4667b331dc-2, groupId=anonymous.71319fe6-9081-4354-a696-fc4667b331dc] Error sending fetch request (sessionId=235451037, epoch=15) to node 1:

org.apache.kafka.common.errors.DisconnectException: null

2026-09-01T13:42:06.530+05:30  INFO 38280 --- [bmp-notification-service] [container-0-C-1] o.a.k.c.c.internals.ConsumerCoordinator  : [Consumer clientId=consumer-anonymous.71319fe6-9081-4354-a696-fc4667b331dc-2, groupId=anonymous.71319fe6-9081-4354-a696-fc4667b331dc] Discovered group coordinator localhost:9092 (id: 2147483646 rack: null)
2026-09-01T13:42:06.991+05:30  INFO 38280 --- [bmp-notification-service] [ntainer#0-0-C-1] o.a.k.c.c.internals.ConsumerCoordinator  : [Consumer clientId=consumer-bmp-notification-service-3, groupId=bmp-notification-service] Discovered group coordinator localhost:9092 (id: 2147483646 rack: null)
2026-09-01T13:42:18.025+05:30  WARN 38280 --- [bmp-notification-service] [l-1 housekeeper] com.zaxxer.hikari.pool.HikariPool        : HikariPool-1 - Thread starvation or clock leap detected (housekeeper delta=12h1m37s640ms869µs600ns).
2026-09-01T13:42:39.926+05:30  INFO 38280 --- [bmp-notification-service] [pool-3-thread-1] org.apache.kafka.clients.NetworkClient   : [Consumer clientId=consumer-anonymous.71319fe6-9081-4354-a696-fc4667b331dc-4, groupId=anonymous.71319fe6-9081-4354-a696-fc4667b331dc] Node 2147483646 disconnected.
2026-09-01T13:42:39.975+05:30  INFO 38280 --- [bmp-notification-service] [pool-3-thread-1] o.a.k.c.c.internals.ConsumerCoordinator  : [Consumer clientId=consumer-anonymous.71319fe6-9081-4354-a696-fc4667b331dc-4, groupId=anonymous.71319fe6-9081-4354-a696-fc4667b331dc] Group coordinator localhost:9092 (id: 2147483646 rack: null) is unavailable or invalid due to cause: coordinator unavailable. isDisconnected: true. Rediscovery will be attempted.
2026-09-01T13:42:40.003+05:30  INFO 38280 --- [bmp-notification-service] [pool-3-thread-1] o.a.k.c.c.internals.ConsumerCoordinator  : [Consumer clientId=consumer-anonymous.71319fe6-9081-4354-a696-fc4667b331dc-4, groupId=anonymous.71319fe6-9081-4354-a696-fc4667b331dc] Discovered group coordinator localhost:9092 (id: 2147483646 rack: null)
2026-09-01T13:42:40.071+05:30  INFO 38280 --- [bmp-notification-service] [pool-3-thread-1] o.a.k.c.c.internals.ConsumerCoordinator  : [Consumer clientId=consumer-anonymous.71319fe6-9081-4354-a696-fc4667b331dc-4, groupId=anonymous.71319fe6-9081-4354-a696-fc4667b331dc] Found no committed offset for partition springCloudBus-0
2026-09-01T13:42:51.184+05:30  INFO 38280 --- [bmp-notification-service] [rap-executor-%d] c.n.d.s.r.aws.ConfigClusterResolver      : Resolving eureka endpoints via configuration
2026-09-01T13:43:40.136+05:30  INFO 38280 --- [bmp-notification-service] [pool-3-thread-1] o.a.k.c.c.internals.ConsumerCoordinator  : [Consumer clientId=consumer-anonymous.71319fe6-9081-4354-a696-fc4667b331dc-4, groupId=anonymous.71319fe6-9081-4354-a696-fc4667b331dc] Found no committed offset for partition springCloudBus-0
2026-09-01T13:44:40.213+05:30  INFO 38280 --- [bmp-notification-service] [pool-3-thread-1] o.a.k.c.c.internals.ConsumerCoordinator  : [Consumer clientId=consumer-anonymous.71319fe6-9081-4354-a696-fc4667b331dc-4, groupId=anonymous.71319fe6-9081-4354-a696-fc4667b331dc] Found no committed offset for partition springCloudBus-0
2026-09-01T13:45:40.263+05:30  INFO 38280 --- [bmp-notification-service] [pool-3-thread-1] o.a.k.c.c.internals.ConsumerCoordinator  : [Consumer clientId=consumer-anonymous.71319fe6-9081-4354-a696-fc4667b331dc-4, groupId=anonymous.71319fe6-9081-4354-a696-fc4667b331dc] Found no committed offset for partition springCloudBus-0
2026-09-01T13:46:40.326+05:30  INFO 38280 --- [bmp-notification-service] [pool-3-thread-1] o.a.k.c.c.internals.ConsumerCoordinator  : [Consumer clientId=consumer-anonymous.71319fe6-9081-4354-a696-fc4667b331dc-4, groupId=anonymous.71319fe6-9081-4354-a696-fc4667b331dc] Found no committed offset for partition springCloudBus-0
2026-09-01T13:47:40.351+05:30  INFO 38280 --- [bmp-notification-service] [pool-3-thread-1] o.a.k.c.c.internals.ConsumerCoordinator  : [Consumer clientId=consumer-anonymous.71319fe6-9081-4354-a696-fc4667b331dc-4, groupId=anonymous.71319fe6-9081-4354-a696-fc4667b331dc] Found no committed offset for partition springCloudBus-0
2026-09-01T13:47:51.218+05:30  INFO 38280 --- [bmp-notification-service] [rap-executor-%d] c.n.d.s.r.aws.ConfigClusterResolver      : Resolving eureka endpoints via configuration
2026-09-01T13:48:40.397+05:30  INFO 38280 --- [bmp-notification-service] [pool-3-thread-1] o.a.k.c.c.internals.ConsumerCoordinator  : [Consumer clientId=consumer-anonymous.71319fe6-9081-4354-a696-fc4667b331dc-4, groupId=anonymous.71319fe6-9081-4354-a696-fc4667b331dc] Found no committed offset for partition springCloudBus-0
2026-09-01T13:49:40.421+05:30  INFO 38280 --- [bmp-notification-service] [pool-3-thread-1] o.a.k.c.c.internals.ConsumerCoordinator  : [Consumer clientId=consumer-anonymous.71319fe6-9081-4354-a696-fc4667b331dc-4, groupId=anonymous.71319fe6-9081-4354-a696-fc4667b331dc] Found no committed offset for partition springCloudBus-0
2026-09-01T13:50:40.440+05:30  INFO 38280 --- [bmp-notification-service] [pool-3-thread-1] o.a.k.c.c.internals.ConsumerCoordinator  : [Consumer clientId=consumer-anonymous.71319fe6-9081-4354-a696-fc4667b331dc-4, groupId=anonymous.71319fe6-9081-4354-a696-fc4667b331dc] Found no committed offset for partition springCloudBus-0
2026-09-01T13:51:40.463+05:30  INFO 38280 --- [bmp-notification-service] [pool-3-thread-1] o.a.k.c.c.internals.ConsumerCoordinator  : [Consumer clientId=consumer-anonymous.71319fe6-9081-4354-a696-fc4667b331dc-4, groupId=anonymous.71319fe6-9081-4354-a696-fc4667b331dc] Found no committed offset for partition springCloudBus-0
2026-09-01T13:52:40.482+05:30  INFO 38280 --- [bmp-notification-service] [pool-3-thread-1] o.a.k.c.c.internals.ConsumerCoordinator  : [Consumer clientId=consumer-anonymous.71319fe6-9081-4354-a696-fc4667b331dc-4, groupId=anonymous.71319fe6-9081-4354-a696-fc4667b331dc] Found no committed offset for partition springCloudBus-0
2026-09-01T13:52:51.255+05:30  INFO 38280 --- [bmp-notification-service] [rap-executor-%d] c.n.d.s.r.aws.ConfigClusterResolver      : Resolving eureka endpoints via configuration
2026-09-01T13:53:40.504+05:30  INFO 38280 --- [bmp-notification-service] [pool-3-thread-1] o.a.k.c.c.internals.ConsumerCoordinator  : [Consumer clientId=consumer-anonymous.71319fe6-9081-4354-a696-fc4667b331dc-4, groupId=anonymous.71319fe6-9081-4354-a696-fc4667b331dc] Found no committed offset for partition springCloudBus-0
2026-09-01T13:54:40.523+05:30  INFO 38280 --- [bmp-notification-service] [pool-3-thread-1] o.a.k.c.c.internals.ConsumerCoordinator  : [Consumer clientId=consumer-anonymous.71319fe6-9081-4354-a696-fc4667b331dc-4, groupId=anonymous.71319fe6-9081-4354-a696-fc4667b331dc] Found no committed offset for partition springCloudBus-0
2026-09-01T13:55:40.535+05:30  INFO 38280 --- [bmp-notification-service] [pool-3-thread-1] o.a.k.c.c.internals.ConsumerCoordinator  : [Consumer clientId=consumer-anonymous.71319fe6-9081-4354-a696-fc4667b331dc-4, groupId=anonymous.71319fe6-9081-4354-a696-fc4667b331dc] Found no committed offset for partition springCloudBus-0
2026-09-01T13:56:40.552+05:30  INFO 38280 --- [bmp-notification-service] [pool-3-thread-1] o.a.k.c.c.internals.ConsumerCoordinator  : [Consumer clientId=consumer-anonymous.71319fe6-9081-4354-a696-fc4667b331dc-4, groupId=anonymous.71319fe6-9081-4354-a696-fc4667b331dc] Found no committed offset for partition springCloudBus-0
2026-09-01T13:57:40.567+05:30  INFO 38280 --- [bmp-notification-service] [pool-3-thread-1] o.a.k.c.c.internals.ConsumerCoordinator  : [Consumer clientId=consumer-anonymous.71319fe6-9081-4354-a696-fc4667b331dc-4, groupId=anonymous.71319fe6-9081-4354-a696-fc4667b331dc] Found no committed offset for partition springCloudBus-0
2026-09-01T13:57:51.275+05:30  INFO 38280 --- [bmp-notification-service] [rap-executor-%d] c.n.d.s.r.aws.ConfigClusterResolver      : Resolving eureka endpoints via configuration
2026-09-01T13:58:40.587+05:30  INFO 38280 --- [bmp-notification-service] [pool-3-thread-1] o.a.k.c.c.internals.ConsumerCoordinator  : [Consumer clientId=consumer-anonymous.71319fe6-9081-4354-a696-fc4667b331dc-4, groupId=anonymous.71319fe6-9081-4354-a696-fc4667b331dc] Found no committed offset for partition springCloudBus-0
2026-09-01T13:59:40.602+05:30  INFO 38280 --- [bmp-notification-service] [pool-3-thread-1] o.a.k.c.c.internals.ConsumerCoordinator  : [Consumer clientId=consumer-anonymous.71319fe6-9081-4354-a696-fc4667b331dc-4, groupId=anonymous.71319fe6-9081-4354-a696-fc4667b331dc] Found no committed offset for partition springCloudBus-0
2026-09-01T14:00:40.625+05:30  INFO 38280 --- [bmp-notification-service] [pool-3-thread-1] o.a.k.c.c.internals.ConsumerCoordinator  : [Consumer clientId=consumer-anonymous.71319fe6-9081-4354-a696-fc4667b331dc-4, groupId=anonymous.71319fe6-9081-4354-a696-fc4667b331dc] Found no committed offset for partition springCloudBus-0
2026-09-01T14:01:40.654+05:30  INFO 38280 --- [bmp-notification-service] [pool-3-thread-1] o.a.k.c.c.internals.ConsumerCoordinator  : [Consumer clientId=consumer-anonymous.71319fe6-9081-4354-a696-fc4667b331dc-4, groupId=anonymous.71319fe6-9081-4354-a696-fc4667b331dc] Found no committed offset for partition springCloudBus-0
2026-09-01T14:02:40.680+05:30  INFO 38280 --- [bmp-notification-service] [pool-3-thread-1] o.a.k.c.c.internals.ConsumerCoordinator  : [Consumer clientId=consumer-anonymous.71319fe6-9081-4354-a696-fc4667b331dc-4, groupId=anonymous.71319fe6-9081-4354-a696-fc4667b331dc] Found no committed offset for partition springCloudBus-0
2026-09-01T14:02:51.280+05:30  INFO 38280 --- [bmp-notification-service] [rap-executor-%d] c.n.d.s.r.aws.ConfigClusterResolver      : Resolving eureka endpoints via configuration
2026-09-01T14:03:40.701+05:30  INFO 38280 --- [bmp-notification-service] [pool-3-thread-1] o.a.k.c.c.internals.ConsumerCoordinator  : [Consumer clientId=consumer-anonymous.71319fe6-9081-4354-a696-fc4667b331dc-4, groupId=anonymous.71319fe6-9081-4354-a696-fc4667b331dc] Found no committed offset for partition springCloudBus-0
2026-09-01T14:44:41.681+05:30  INFO 38280 --- [bmp-notification-service] [ntainer#0-0-C-1] org.apache.kafka.clients.NetworkClient   : [Consumer clientId=consumer-bmp-notification-service-3, groupId=bmp-notification-service] Node 2147483646 disconnected.
2026-09-01T14:44:41.682+05:30  INFO 38280 --- [bmp-notification-service] [ntainer#0-0-C-1] org.apache.kafka.clients.NetworkClient   : [Consumer clientId=consumer-bmp-notification-service-3, groupId=bmp-notification-service] Disconnecting from node 1 due to request timeout.
2026-09-01T14:44:41.683+05:30  INFO 38280 --- [bmp-notification-service] [ntainer#0-0-C-1] org.apache.kafka.clients.NetworkClient   : [Consumer clientId=consumer-bmp-notification-service-3, groupId=bmp-notification-service] Cancelled in-flight FETCH request with correlation id 165436 due to node 1 being disconnected (elapsed time since creation: 2454789ms, elapsed time since send: 2454789ms, throttle time: 0ms, request timeout: 30000ms)
2026-09-01T14:44:41.718+05:30  INFO 38280 --- [bmp-notification-service] [96-fc4667b331dc] org.apache.kafka.clients.NetworkClient   : [Consumer clientId=consumer-anonymous.71319fe6-9081-4354-a696-fc4667b331dc-2, groupId=anonymous.71319fe6-9081-4354-a696-fc4667b331dc] Node 2147483646 disconnected.
2026-09-01T14:44:41.753+05:30  INFO 38280 --- [bmp-notification-service] [ication-service] o.a.k.c.c.internals.ConsumerCoordinator  : [Consumer clientId=consumer-bmp-notification-service-3, groupId=bmp-notification-service] Group coordinator localhost:9092 (id: 2147483646 rack: null) is unavailable or invalid due to cause: session timed out without receiving a heartbeat response. isDisconnected: false. Rediscovery will be attempted.
2026-09-01T14:44:41.753+05:30  INFO 38280 --- [bmp-notification-service] [ication-service] o.a.k.c.c.internals.ConsumerCoordinator  : [Consumer clientId=consumer-bmp-notification-service-3, groupId=bmp-notification-service] Requesting disconnect from last known coordinator localhost:9092 (id: 2147483646 rack: null)
2026-09-01T14:44:41.834+05:30  INFO 38280 --- [bmp-notification-service] [96-fc4667b331dc] org.apache.kafka.clients.NetworkClient   : [Consumer clientId=consumer-anonymous.71319fe6-9081-4354-a696-fc4667b331dc-2, groupId=anonymous.71319fe6-9081-4354-a696-fc4667b331dc] Disconnecting from node 1 due to request timeout.
2026-09-01T14:44:41.834+05:30  INFO 38280 --- [bmp-notification-service] [96-fc4667b331dc] org.apache.kafka.clients.NetworkClient   : [Consumer clientId=consumer-anonymous.71319fe6-9081-4354-a696-fc4667b331dc-2, groupId=anonymous.71319fe6-9081-4354-a696-fc4667b331dc] Cancelled in-flight FETCH request with correlation id 165478 due to node 1 being disconnected (elapsed time since creation: 2454832ms, elapsed time since send: 2454832ms, throttle time: 0ms, request timeout: 30000ms)
2026-09-01T14:44:41.834+05:30  INFO 38280 --- [bmp-notification-service] [96-fc4667b331dc] org.apache.kafka.clients.NetworkClient   : [Consumer clientId=consumer-anonymous.71319fe6-9081-4354-a696-fc4667b331dc-2, groupId=anonymous.71319fe6-9081-4354-a696-fc4667b331dc] Cancelled in-flight METADATA request with correlation id 165480 due to node 1 being disconnected (elapsed time since creation: 27ms, elapsed time since send: 27ms, throttle time: 0ms, request timeout: 30000ms)
2026-09-01T14:44:41.836+05:30  INFO 38280 --- [bmp-notification-service] [96-fc4667b331dc] o.a.kafka.clients.FetchSessionHandler    : [Consumer clientId=consumer-anonymous.71319fe6-9081-4354-a696-fc4667b331dc-2, groupId=anonymous.71319fe6-9081-4354-a696-fc4667b331dc] Error sending fetch request (sessionId=915766578, epoch=2574) to node 1:

org.apache.kafka.common.errors.DisconnectException: null

2026-09-01T14:44:41.839+05:30  INFO 38280 --- [bmp-notification-service] [96-fc4667b331dc] o.a.k.c.c.internals.ConsumerCoordinator  : [Consumer clientId=consumer-anonymous.71319fe6-9081-4354-a696-fc4667b331dc-2, groupId=anonymous.71319fe6-9081-4354-a696-fc4667b331dc] Group coordinator localhost:9092 (id: 2147483646 rack: null) is unavailable or invalid due to cause: null. isDisconnected: true. Rediscovery will be attempted.
2026-09-01T14:44:41.683+05:30  INFO 38280 --- [bmp-notification-service] [ntainer#0-0-C-1] o.a.kafka.clients.FetchSessionHandler    : [Consumer clientId=consumer-bmp-notification-service-3, groupId=bmp-notification-service] Error sending fetch request (sessionId=45836515, epoch=2575) to node 1:

org.apache.kafka.common.errors.DisconnectException: null

2026-09-01T14:44:42.663+05:30  INFO 38280 --- [bmp-notification-service] [ntainer#0-0-C-1] o.a.k.c.c.internals.ConsumerCoordinator  : [Consumer clientId=consumer-bmp-notification-service-3, groupId=bmp-notification-service] Discovered group coordinator localhost:9092 (id: 2147483646 rack: null)
2026-09-01T14:44:43.397+05:30  INFO 38280 --- [bmp-notification-service] [container-0-C-1] o.a.k.c.c.internals.ConsumerCoordinator  : [Consumer clientId=consumer-anonymous.71319fe6-9081-4354-a696-fc4667b331dc-2, groupId=anonymous.71319fe6-9081-4354-a696-fc4667b331dc] Discovered group coordinator localhost:9092 (id: 2147483646 rack: null)
2026-09-01T14:45:05.098+05:30  WARN 38280 --- [bmp-notification-service] [l-1 housekeeper] com.zaxxer.hikari.pool.HikariPool        : HikariPool-1 - Thread starvation or clock leap detected (housekeeper delta=41m21s470ms496µs400ns).
2026-09-01T14:45:32.039+05:30  INFO 38280 --- [bmp-notification-service] [pool-3-thread-1] org.apache.kafka.clients.NetworkClient   : [Consumer clientId=consumer-anonymous.71319fe6-9081-4354-a696-fc4667b331dc-4, groupId=anonymous.71319fe6-9081-4354-a696-fc4667b331dc] Node 2147483646 disconnected.
2026-09-01T14:45:32.047+05:30  INFO 38280 --- [bmp-notification-service] [pool-3-thread-1] o.a.k.c.c.internals.ConsumerCoordinator  : [Consumer clientId=consumer-anonymous.71319fe6-9081-4354-a696-fc4667b331dc-4, groupId=anonymous.71319fe6-9081-4354-a696-fc4667b331dc] Group coordinator localhost:9092 (id: 2147483646 rack: null) is unavailable or invalid due to cause: coordinator unavailable. isDisconnected: true. Rediscovery will be attempted.
2026-09-01T14:45:32.050+05:30  INFO 38280 --- [bmp-notification-service] [pool-3-thread-1] o.a.k.c.c.internals.ConsumerCoordinator  : [Consumer clientId=consumer-anonymous.71319fe6-9081-4354-a696-fc4667b331dc-4, groupId=anonymous.71319fe6-9081-4354-a696-fc4667b331dc] Discovered group coordinator localhost:9092 (id: 2147483646 rack: null)
2026-09-01T14:45:32.051+05:30  INFO 38280 --- [bmp-notification-service] [pool-3-thread-1] o.a.k.c.c.internals.ConsumerCoordinator  : [Consumer clientId=consumer-anonymous.71319fe6-9081-4354-a696-fc4667b331dc-4, groupId=anonymous.71319fe6-9081-4354-a696-fc4667b331dc] Group coordinator localhost:9092 (id: 2147483646 rack: null) is unavailable or invalid due to cause: coordinator unavailable. isDisconnected: false. Rediscovery will be attempted.
2026-09-01T14:45:32.051+05:30  INFO 38280 --- [bmp-notification-service] [pool-3-thread-1] o.a.k.c.c.internals.ConsumerCoordinator  : [Consumer clientId=consumer-anonymous.71319fe6-9081-4354-a696-fc4667b331dc-4, groupId=anonymous.71319fe6-9081-4354-a696-fc4667b331dc] Requesting disconnect from last known coordinator localhost:9092 (id: 2147483646 rack: null)
2026-09-01T14:45:32.158+05:30  INFO 38280 --- [bmp-notification-service] [pool-3-thread-1] o.a.k.c.c.internals.ConsumerCoordinator  : [Consumer clientId=consumer-anonymous.71319fe6-9081-4354-a696-fc4667b331dc-4, groupId=anonymous.71319fe6-9081-4354-a696-fc4667b331dc] Discovered group coordinator localhost:9092 (id: 2147483646 rack: null)
2026-09-01T14:45:32.173+05:30  INFO 38280 --- [bmp-notification-service] [pool-3-thread-1] o.a.k.c.c.internals.ConsumerCoordinator  : [Consumer clientId=consumer-anonymous.71319fe6-9081-4354-a696-fc4667b331dc-4, groupId=anonymous.71319fe6-9081-4354-a696-fc4667b331dc] Found no committed offset for partition springCloudBus-0
2026-09-01T14:46:32.201+05:30  INFO 38280 --- [bmp-notification-service] [pool-3-thread-1] o.a.k.c.c.internals.ConsumerCoordinator  : [Consumer clientId=consumer-anonymous.71319fe6-9081-4354-a696-fc4667b331dc-4, groupId=anonymous.71319fe6-9081-4354-a696-fc4667b331dc] Found no committed offset for partition springCloudBus-0
2026-09-01T14:47:32.222+05:30  INFO 38280 --- [bmp-notification-service] [pool-3-thread-1] o.a.k.c.c.internals.ConsumerCoordinator  : [Consumer clientId=consumer-anonymous.71319fe6-9081-4354-a696-fc4667b331dc-4, groupId=anonymous.71319fe6-9081-4354-a696-fc4667b331dc] Found no committed offset for partition springCloudBus-0
2026-09-01T14:48:32.247+05:30  INFO 38280 --- [bmp-notification-service] [pool-3-thread-1] o.a.k.c.c.internals.ConsumerCoordinator  : [Consumer clientId=consumer-anonymous.71319fe6-9081-4354-a696-fc4667b331dc-4, groupId=anonymous.71319fe6-9081-4354-a696-fc4667b331dc] Found no committed offset for partition springCloudBus-0
2026-09-01T14:48:42.616+05:30  INFO 38280 --- [bmp-notification-service] [rap-executor-%d] c.n.d.s.r.aws.ConfigClusterResolver      : Resolving eureka endpoints via configuration
2026-09-01T14:49:32.268+05:30  INFO 38280 --- [bmp-notification-service] [pool-3-thread-1] o.a.k.c.c.internals.ConsumerCoordinator  : [Consumer clientId=consumer-anonymous.71319fe6-9081-4354-a696-fc4667b331dc-4, groupId=anonymous.71319fe6-9081-4354-a696-fc4667b331dc] Found no committed offset for partition springCloudBus-0
2026-09-01T14:50:32.286+05:30  INFO 38280 --- [bmp-notification-service] [pool-3-thread-1] o.a.k.c.c.internals.ConsumerCoordinator  : [Consumer clientId=consumer-anonymous.71319fe6-9081-4354-a696-fc4667b331dc-4, groupId=anonymous.71319fe6-9081-4354-a696-fc4667b331dc] Found no committed offset for partition springCloudBus-0
2026-09-01T14:51:32.295+05:30  INFO 38280 --- [bmp-notification-service] [pool-3-thread-1] o.a.k.c.c.internals.ConsumerCoordinator  : [Consumer clientId=consumer-anonymous.71319fe6-9081-4354-a696-fc4667b331dc-4, groupId=anonymous.71319fe6-9081-4354-a696-fc4667b331dc] Found no committed offset for partition springCloudBus-0
2026-09-01T14:52:32.312+05:30  INFO 38280 --- [bmp-notification-service] [pool-3-thread-1] o.a.k.c.c.internals.ConsumerCoordinator  : [Consumer clientId=consumer-anonymous.71319fe6-9081-4354-a696-fc4667b331dc-4, groupId=anonymous.71319fe6-9081-4354-a696-fc4667b331dc] Found no committed offset for partition springCloudBus-0
2026-09-01T14:53:32.324+05:30  INFO 38280 --- [bmp-notification-service] [pool-3-thread-1] o.a.k.c.c.internals.ConsumerCoordinator  : [Consumer clientId=consumer-anonymous.71319fe6-9081-4354-a696-fc4667b331dc-4, groupId=anonymous.71319fe6-9081-4354-a696-fc4667b331dc] Found no committed offset for partition springCloudBus-0
2026-09-01T14:53:42.631+05:30  INFO 38280 --- [bmp-notification-service] [rap-executor-%d] c.n.d.s.r.aws.ConfigClusterResolver      : Resolving eureka endpoints via configuration
2026-09-01T14:54:32.340+05:30  INFO 38280 --- [bmp-notification-service] [pool-3-thread-1] o.a.k.c.c.internals.ConsumerCoordinator  : [Consumer clientId=consumer-anonymous.71319fe6-9081-4354-a696-fc4667b331dc-4, groupId=anonymous.71319fe6-9081-4354-a696-fc4667b331dc] Found no committed offset for partition springCloudBus-0
2026-09-01T14:55:32.364+05:30  INFO 38280 --- [bmp-notification-service] [pool-3-thread-1] o.a.k.c.c.internals.ConsumerCoordinator  : [Consumer clientId=consumer-anonymous.71319fe6-9081-4354-a696-fc4667b331dc-4, groupId=anonymous.71319fe6-9081-4354-a696-fc4667b331dc] Found no committed offset for partition springCloudBus-0
2026-09-01T14:56:32.381+05:30  INFO 38280 --- [bmp-notification-service] [pool-3-thread-1] o.a.k.c.c.internals.ConsumerCoordinator  : [Consumer clientId=consumer-anonymous.71319fe6-9081-4354-a696-fc4667b331dc-4, groupId=anonymous.71319fe6-9081-4354-a696-fc4667b331dc] Found no committed offset for partition springCloudBus-0
2026-09-01T14:57:32.405+05:30  INFO 38280 --- [bmp-notification-service] [pool-3-thread-1] o.a.k.c.c.internals.ConsumerCoordinator  : [Consumer clientId=consumer-anonymous.71319fe6-9081-4354-a696-fc4667b331dc-4, groupId=anonymous.71319fe6-9081-4354-a696-fc4667b331dc] Found no committed offset for partition springCloudBus-0
2026-09-01T14:58:32.459+05:30  INFO 38280 --- [bmp-notification-service] [pool-3-thread-1] o.a.k.c.c.internals.ConsumerCoordinator  : [Consumer clientId=consumer-anonymous.71319fe6-9081-4354-a696-fc4667b331dc-4, groupId=anonymous.71319fe6-9081-4354-a696-fc4667b331dc] Found no committed offset for partition springCloudBus-0
2026-09-01T14:58:42.646+05:30  INFO 38280 --- [bmp-notification-service] [rap-executor-%d] c.n.d.s.r.aws.ConfigClusterResolver      : Resolving eureka endpoints via configuration
2026-09-01T14:59:32.520+05:30  INFO 38280 --- [bmp-notification-service] [pool-3-thread-1] o.a.k.c.c.internals.ConsumerCoordinator  : [Consumer clientId=consumer-anonymous.71319fe6-9081-4354-a696-fc4667b331dc-4, groupId=anonymous.71319fe6-9081-4354-a696-fc4667b331dc] Found no committed offset for partition springCloudBus-0
2026-09-01T15:00:32.547+05:30  INFO 38280 --- [bmp-notification-service] [pool-3-thread-1] o.a.k.c.c.internals.ConsumerCoordinator  : [Consumer clientId=consumer-anonymous.71319fe6-9081-4354-a696-fc4667b331dc-4, groupId=anonymous.71319fe6-9081-4354-a696-fc4667b331dc] Found no committed offset for partition springCloudBus-0
2026-09-01T15:01:32.560+05:30  INFO 38280 --- [bmp-notification-service] [pool-3-thread-1] o.a.k.c.c.internals.ConsumerCoordinator  : [Consumer clientId=consumer-anonymous.71319fe6-9081-4354-a696-fc4667b331dc-4, groupId=anonymous.71319fe6-9081-4354-a696-fc4667b331dc] Found no committed offset for partition springCloudBus-0
2026-09-01T15:02:32.581+05:30  INFO 38280 --- [bmp-notification-service] [pool-3-thread-1] o.a.k.c.c.internals.ConsumerCoordinator  : [Consumer clientId=consumer-anonymous.71319fe6-9081-4354-a696-fc4667b331dc-4, groupId=anonymous.71319fe6-9081-4354-a696-fc4667b331dc] Found no committed offset for partition springCloudBus-0
2026-09-01T15:03:32.605+05:30  INFO 38280 --- [bmp-notification-service] [pool-3-thread-1] o.a.k.c.c.internals.ConsumerCoordinator  : [Consumer clientId=consumer-anonymous.71319fe6-9081-4354-a696-fc4667b331dc-4, groupId=anonymous.71319fe6-9081-4354-a696-fc4667b331dc] Found no committed offset for partition springCloudBus-0
2026-09-01T15:03:42.678+05:30  INFO 38280 --- [bmp-notification-service] [rap-executor-%d] c.n.d.s.r.aws.ConfigClusterResolver      : Resolving eureka endpoints via configuration
2026-09-01T15:04:32.626+05:30  INFO 38280 --- [bmp-notification-service] [pool-3-thread-1] o.a.k.c.c.internals.ConsumerCoordinator  : [Consumer clientId=consumer-anonymous.71319fe6-9081-4354-a696-fc4667b331dc-4, groupId=anonymous.71319fe6-9081-4354-a696-fc4667b331dc] Found no committed offset for partition springCloudBus-0
2026-09-01T15:05:32.648+05:30  INFO 38280 --- [bmp-notification-service] [pool-3-thread-1] o.a.k.c.c.internals.ConsumerCoordinator  : [Consumer clientId=consumer-anonymous.71319fe6-9081-4354-a696-fc4667b331dc-4, groupId=anonymous.71319fe6-9081-4354-a696-fc4667b331dc] Found no committed offset for partition springCloudBus-0
2026-09-01T15:06:32.663+05:30  INFO 38280 --- [bmp-notification-service] [pool-3-thread-1] o.a.k.c.c.internals.ConsumerCoordinator  : [Consumer clientId=consumer-anonymous.71319fe6-9081-4354-a696-fc4667b331dc-4, groupId=anonymous.71319fe6-9081-4354-a696-fc4667b331dc] Found no committed offset for partition springCloudBus-0
2026-09-01T15:07:32.688+05:30  INFO 38280 --- [bmp-notification-service] [pool-3-thread-1] o.a.k.c.c.internals.ConsumerCoordinator  : [Consumer clientId=consumer-anonymous.71319fe6-9081-4354-a696-fc4667b331dc-4, groupId=anonymous.71319fe6-9081-4354-a696-fc4667b331dc] Found no committed offset for partition springCloudBus-0
2026-09-01T15:08:32.707+05:30  INFO 38280 --- [bmp-notification-service] [pool-3-thread-1] o.a.k.c.c.internals.ConsumerCoordinator  : [Consumer clientId=consumer-anonymous.71319fe6-9081-4354-a696-fc4667b331dc-4, groupId=anonymous.71319fe6-9081-4354-a696-fc4667b331dc] Found no committed offset for partition springCloudBus-0
2026-09-01T15:08:42.709+05:30  INFO 38280 --- [bmp-notification-service] [rap-executor-%d] c.n.d.s.r.aws.ConfigClusterResolver      : Resolving eureka endpoints via configuration
2026-09-01T15:09:32.729+05:30  INFO 38280 --- [bmp-notification-service] [pool-3-thread-1] o.a.k.c.c.internals.ConsumerCoordinator  : [Consumer clientId=consumer-anonymous.71319fe6-9081-4354-a696-fc4667b331dc-4, groupId=anonymous.71319fe6-9081-4354-a696-fc4667b331dc] Found no committed offset for partition springCloudBus-0
2026-09-01T15:10:32.741+05:30  INFO 38280 --- [bmp-notification-service] [pool-3-thread-1] o.a.k.c.c.internals.ConsumerCoordinator  : [Consumer clientId=consumer-anonymous.71319fe6-9081-4354-a696-fc4667b331dc-4, groupId=anonymous.71319fe6-9081-4354-a696-fc4667b331dc] Found no committed offset for partition springCloudBus-0
2026-09-01T15:11:32.763+05:30  INFO 38280 --- [bmp-notification-service] [pool-3-thread-1] o.a.k.c.c.internals.ConsumerCoordinator  : [Consumer clientId=consumer-anonymous.71319fe6-9081-4354-a696-fc4667b331dc-4, groupId=anonymous.71319fe6-9081-4354-a696-fc4667b331dc] Found no committed offset for partition springCloudBus-0
2026-09-01T15:12:32.779+05:30  INFO 38280 --- [bmp-notification-service] [pool-3-thread-1] o.a.k.c.c.internals.ConsumerCoordinator  : [Consumer clientId=consumer-anonymous.71319fe6-9081-4354-a696-fc4667b331dc-4, groupId=anonymous.71319fe6-9081-4354-a696-fc4667b331dc] Found no committed offset for partition springCloudBus-0
2026-09-01T15:13:32.792+05:30  INFO 38280 --- [bmp-notification-service] [pool-3-thread-1] o.a.k.c.c.internals.ConsumerCoordinator  : [Consumer clientId=consumer-anonymous.71319fe6-9081-4354-a696-fc4667b331dc-4, groupId=anonymous.71319fe6-9081-4354-a696-fc4667b331dc] Found no committed offset for partition springCloudBus-0
2026-09-01T15:13:42.726+05:30  INFO 38280 --- [bmp-notification-service] [rap-executor-%d] c.n.d.s.r.aws.ConfigClusterResolver      : Resolving eureka endpoints via configuration
2026-09-01T15:14:32.817+05:30  INFO 38280 --- [bmp-notification-service] [pool-3-thread-1] o.a.k.c.c.internals.ConsumerCoordinator  : [Consumer clientId=consumer-anonymous.71319fe6-9081-4354-a696-fc4667b331dc-4, groupId=anonymous.71319fe6-9081-4354-a696-fc4667b331dc] Found no committed offset for partition springCloudBus-0
2026-09-01T15:15:32.841+05:30  INFO 38280 --- [bmp-notification-service] [pool-3-thread-1] o.a.k.c.c.internals.ConsumerCoordinator  : [Consumer clientId=consumer-anonymous.71319fe6-9081-4354-a696-fc4667b331dc-4, groupId=anonymous.71319fe6-9081-4354-a696-fc4667b331dc] Found no committed offset for partition springCloudBus-0
2026-09-01T15:16:32.855+05:30  INFO 38280 --- [bmp-notification-service] [pool-3-thread-1] o.a.k.c.c.internals.ConsumerCoordinator  : [Consumer clientId=consumer-anonymous.71319fe6-9081-4354-a696-fc4667b331dc-4, groupId=anonymous.71319fe6-9081-4354-a696-fc4667b331dc] Found no committed offset for partition springCloudBus-0
2026-09-01T15:17:32.872+05:30  INFO 38280 --- [bmp-notification-service] [pool-3-thread-1] o.a.k.c.c.internals.ConsumerCoordinator  : [Consumer clientId=consumer-anonymous.71319fe6-9081-4354-a696-fc4667b331dc-4, groupId=anonymous.71319fe6-9081-4354-a696-fc4667b331dc] Found no committed offset for partition springCloudBus-0
2026-09-01T15:18:32.900+05:30  INFO 38280 --- [bmp-notification-service] [pool-3-thread-1] o.a.k.c.c.internals.ConsumerCoordinator  : [Consumer clientId=consumer-anonymous.71319fe6-9081-4354-a696-fc4667b331dc-4, groupId=anonymous.71319fe6-9081-4354-a696-fc4667b331dc] Found no committed offset for partition springCloudBus-0
2026-09-01T15:18:42.741+05:30  INFO 38280 --- [bmp-notification-service] [rap-executor-%d] c.n.d.s.r.aws.ConfigClusterResolver      : Resolving eureka endpoints via configuration
2026-09-01T15:19:32.919+05:30  INFO 38280 --- [bmp-notification-service] [pool-3-thread-1] o.a.k.c.c.internals.ConsumerCoordinator  : [Consumer clientId=consumer-anonymous.71319fe6-9081-4354-a696-fc4667b331dc-4, groupId=anonymous.71319fe6-9081-4354-a696-fc4667b331dc] Found no committed offset for partition springCloudBus-0
2026-09-01T15:20:32.946+05:30  INFO 38280 --- [bmp-notification-service] [pool-3-thread-1] o.a.k.c.c.internals.ConsumerCoordinator  : [Consumer clientId=consumer-anonymous.71319fe6-9081-4354-a696-fc4667b331dc-4, groupId=anonymous.71319fe6-9081-4354-a696-fc4667b331dc] Found no committed offset for partition springCloudBus-0
2026-09-01T15:21:32.970+05:30  INFO 38280 --- [bmp-notification-service] [pool-3-thread-1] o.a.k.c.c.internals.ConsumerCoordinator  : [Consumer clientId=consumer-anonymous.71319fe6-9081-4354-a696-fc4667b331dc-4, groupId=anonymous.71319fe6-9081-4354-a696-fc4667b331dc] Found no committed offset for partition springCloudBus-0
2026-09-01T15:22:32.987+05:30  INFO 38280 --- [bmp-notification-service] [pool-3-thread-1] o.a.k.c.c.internals.ConsumerCoordinator  : [Consumer clientId=consumer-anonymous.71319fe6-9081-4354-a696-fc4667b331dc-4, groupId=anonymous.71319fe6-9081-4354-a696-fc4667b331dc] Found no committed offset for partition springCloudBus-0
2026-09-01T15:23:33.015+05:30  INFO 38280 --- [bmp-notification-service] [pool-3-thread-1] o.a.k.c.c.internals.ConsumerCoordinator  : [Consumer clientId=consumer-anonymous.71319fe6-9081-4354-a696-fc4667b331dc-4, groupId=anonymous.71319fe6-9081-4354-a696-fc4667b331dc] Found no committed offset for partition springCloudBus-0
2026-09-01T15:23:42.752+05:30  INFO 38280 --- [bmp-notification-service] [rap-executor-%d] c.n.d.s.r.aws.ConfigClusterResolver      : Resolving eureka endpoints via configuration
2026-09-01T15:24:33.033+05:30  INFO 38280 --- [bmp-notification-service] [pool-3-thread-1] o.a.k.c.c.internals.ConsumerCoordinator  : [Consumer clientId=consumer-anonymous.71319fe6-9081-4354-a696-fc4667b331dc-4, groupId=anonymous.71319fe6-9081-4354-a696-fc4667b331dc] Found no committed offset for partition springCloudBus-0
2026-09-01T15:25:33.045+05:30  INFO 38280 --- [bmp-notification-service] [pool-3-thread-1] o.a.k.c.c.internals.ConsumerCoordinator  : [Consumer clientId=consumer-anonymous.71319fe6-9081-4354-a696-fc4667b331dc-4, groupId=anonymous.71319fe6-9081-4354-a696-fc4667b331dc] Found no committed offset for partition springCloudBus-0
2026-09-01T15:26:33.059+05:30  INFO 38280 --- [bmp-notification-service] [pool-3-thread-1] o.a.k.c.c.internals.ConsumerCoordinator  : [Consumer clientId=consumer-anonymous.71319fe6-9081-4354-a696-fc4667b331dc-4, groupId=anonymous.71319fe6-9081-4354-a696-fc4667b331dc] Found no committed offset for partition springCloudBus-0
2026-09-01T15:27:33.080+05:30  INFO 38280 --- [bmp-notification-service] [pool-3-thread-1] o.a.k.c.c.internals.ConsumerCoordinator  : [Consumer clientId=consumer-anonymous.71319fe6-9081-4354-a696-fc4667b331dc-4, groupId=anonymous.71319fe6-9081-4354-a696-fc4667b331dc] Found no committed offset for partition springCloudBus-0
2026-09-01T15:28:33.102+05:30  INFO 38280 --- [bmp-notification-service] [pool-3-thread-1] o.a.k.c.c.internals.ConsumerCoordinator  : [Consumer clientId=consumer-anonymous.71319fe6-9081-4354-a696-fc4667b331dc-4, groupId=anonymous.71319fe6-9081-4354-a696-fc4667b331dc] Found no committed offset for partition springCloudBus-0
2026-09-01T15:28:42.757+05:30  INFO 38280 --- [bmp-notification-service] [rap-executor-%d] c.n.d.s.r.aws.ConfigClusterResolver      : Resolving eureka endpoints via configuration
2026-09-01T15:29:33.128+05:30  INFO 38280 --- [bmp-notification-service] [pool-3-thread-1] o.a.k.c.c.internals.ConsumerCoordinator  : [Consumer clientId=consumer-anonymous.71319fe6-9081-4354-a696-fc4667b331dc-4, groupId=anonymous.71319fe6-9081-4354-a696-fc4667b331dc] Found no committed offset for partition springCloudBus-0
2026-09-01T15:30:33.155+05:30  INFO 38280 --- [bmp-notification-service] [pool-3-thread-1] o.a.k.c.c.internals.ConsumerCoordinator  : [Consumer clientId=consumer-anonymous.71319fe6-9081-4354-a696-fc4667b331dc-4, groupId=anonymous.71319fe6-9081-4354-a696-fc4667b331dc] Found no committed offset for partition springCloudBus-0
2026-09-01T15:31:33.171+05:30  INFO 38280 --- [bmp-notification-service] [pool-3-thread-1] o.a.k.c.c.internals.ConsumerCoordinator  : [Consumer clientId=consumer-anonymous.71319fe6-9081-4354-a696-fc4667b331dc-4, groupId=anonymous.71319fe6-9081-4354-a696-fc4667b331dc] Found no committed offset for partition springCloudBus-0
2026-09-01T15:32:33.186+05:30  INFO 38280 --- [bmp-notification-service] [pool-3-thread-1] o.a.k.c.c.internals.ConsumerCoordinator  : [Consumer clientId=consumer-anonymous.71319fe6-9081-4354-a696-fc4667b331dc-4, groupId=anonymous.71319fe6-9081-4354-a696-fc4667b331dc] Found no committed offset for partition springCloudBus-0
2026-09-01T15:33:33.214+05:30  INFO 38280 --- [bmp-notification-service] [pool-3-thread-1] o.a.k.c.c.internals.ConsumerCoordinator  : [Consumer clientId=consumer-anonymous.71319fe6-9081-4354-a696-fc4667b331dc-4, groupId=anonymous.71319fe6-9081-4354-a696-fc4667b331dc] Found no committed offset for partition springCloudBus-0
2026-09-01T15:33:42.778+05:30  INFO 38280 --- [bmp-notification-service] [rap-executor-%d] c.n.d.s.r.aws.ConfigClusterResolver      : Resolving eureka endpoints via configuration
2026-09-01T15:34:33.225+05:30  INFO 38280 --- [bmp-notification-service] [pool-3-thread-1] o.a.k.c.c.internals.ConsumerCoordinator  : [Consumer clientId=consumer-anonymous.71319fe6-9081-4354-a696-fc4667b331dc-4, groupId=anonymous.71319fe6-9081-4354-a696-fc4667b331dc] Found no committed offset for partition springCloudBus-0
2026-09-01T15:35:33.238+05:30  INFO 38280 --- [bmp-notification-service] [pool-3-thread-1] o.a.k.c.c.internals.ConsumerCoordinator  : [Consumer clientId=consumer-anonymous.71319fe6-9081-4354-a696-fc4667b331dc-4, groupId=anonymous.71319fe6-9081-4354-a696-fc4667b331dc] Found no committed offset for partition springCloudBus-0
2026-09-01T15:36:33.260+05:30  INFO 38280 --- [bmp-notification-service] [pool-3-thread-1] o.a.k.c.c.internals.ConsumerCoordinator  : [Consumer clientId=consumer-anonymous.71319fe6-9081-4354-a696-fc4667b331dc-4, groupId=anonymous.71319fe6-9081-4354-a696-fc4667b331dc] Found no committed offset for partition springCloudBus-0
2026-09-01T15:37:33.273+05:30  INFO 38280 --- [bmp-notification-service] [pool-3-thread-1] o.a.k.c.c.internals.ConsumerCoordinator  : [Consumer clientId=consumer-anonymous.71319fe6-9081-4354-a696-fc4667b331dc-4, groupId=anonymous.71319fe6-9081-4354-a696-fc4667b331dc] Found no committed offset for partition springCloudBus-0
2026-09-01T15:38:33.289+05:30  INFO 38280 --- [bmp-notification-service] [pool-3-thread-1] o.a.k.c.c.internals.ConsumerCoordinator  : [Consumer clientId=consumer-anonymous.71319fe6-9081-4354-a696-fc4667b331dc-4, groupId=anonymous.71319fe6-9081-4354-a696-fc4667b331dc] Found no committed offset for partition springCloudBus-0
2026-09-01T15:38:42.809+05:30  INFO 38280 --- [bmp-notification-service] [rap-executor-%d] c.n.d.s.r.aws.ConfigClusterResolver      : Resolving eureka endpoints via configuration
2026-09-01T15:39:33.304+05:30  INFO 38280 --- [bmp-notification-service] [pool-3-thread-1] o.a.k.c.c.internals.ConsumerCoordinator  : [Consumer clientId=consumer-anonymous.71319fe6-9081-4354-a696-fc4667b331dc-4, groupId=anonymous.71319fe6-9081-4354-a696-fc4667b331dc] Found no committed offset for partition springCloudBus-0
2026-09-01T15:40:33.327+05:30  INFO 38280 --- [bmp-notification-service] [pool-3-thread-1] o.a.k.c.c.internals.ConsumerCoordinator  : [Consumer clientId=consumer-anonymous.71319fe6-9081-4354-a696-fc4667b331dc-4, groupId=anonymous.71319fe6-9081-4354-a696-fc4667b331dc] Found no committed offset for partition springCloudBus-0
2026-09-01T15:41:33.348+05:30  INFO 38280 --- [bmp-notification-service] [pool-3-thread-1] o.a.k.c.c.internals.ConsumerCoordinator  : [Consumer clientId=consumer-anonymous.71319fe6-9081-4354-a696-fc4667b331dc-4, groupId=anonymous.71319fe6-9081-4354-a696-fc4667b331dc] Found no committed offset for partition springCloudBus-0
2026-09-01T15:42:33.368+05:30  INFO 38280 --- [bmp-notification-service] [pool-3-thread-1] o.a.k.c.c.internals.ConsumerCoordinator  : [Consumer clientId=consumer-anonymous.71319fe6-9081-4354-a696-fc4667b331dc-4, groupId=anonymous.71319fe6-9081-4354-a696-fc4667b331dc] Found no committed offset for partition springCloudBus-0
2026-09-01T15:43:33.388+05:30  INFO 38280 --- [bmp-notification-service] [pool-3-thread-1] o.a.k.c.c.internals.ConsumerCoordinator  : [Consumer clientId=consumer-anonymous.71319fe6-9081-4354-a696-fc4667b331dc-4, groupId=anonymous.71319fe6-9081-4354-a696-fc4667b331dc] Found no committed offset for partition springCloudBus-0
2026-09-01T15:43:42.819+05:30  INFO 38280 --- [bmp-notification-service] [rap-executor-%d] c.n.d.s.r.aws.ConfigClusterResolver      : Resolving eureka endpoints via configuration
2026-09-01T15:44:33.404+05:30  INFO 38280 --- [bmp-notification-service] [pool-3-thread-1] o.a.k.c.c.internals.ConsumerCoordinator  : [Consumer clientId=consumer-anonymous.71319fe6-9081-4354-a696-fc4667b331dc-4, groupId=anonymous.71319fe6-9081-4354-a696-fc4667b331dc] Found no committed offset for partition springCloudBus-0
2026-09-01T15:45:33.426+05:30  INFO 38280 --- [bmp-notification-service] [pool-3-thread-1] o.a.k.c.c.internals.ConsumerCoordinator  : [Consumer clientId=consumer-anonymous.71319fe6-9081-4354-a696-fc4667b331dc-4, groupId=anonymous.71319fe6-9081-4354-a696-fc4667b331dc] Found no committed offset for partition springCloudBus-0
2026-09-01T15:46:33.446+05:30  INFO 38280 --- [bmp-notification-service] [pool-3-thread-1] o.a.k.c.c.internals.ConsumerCoordinator  : [Consumer clientId=consumer-anonymous.71319fe6-9081-4354-a696-fc4667b331dc-4, groupId=anonymous.71319fe6-9081-4354-a696-fc4667b331dc] Found no committed offset for partition springCloudBus-0
2026-09-01T15:47:33.456+05:30  INFO 38280 --- [bmp-notification-service] [pool-3-thread-1] o.a.k.c.c.internals.ConsumerCoordinator  : [Consumer clientId=consumer-anonymous.71319fe6-9081-4354-a696-fc4667b331dc-4, groupId=anonymous.71319fe6-9081-4354-a696-fc4667b331dc] Found no committed offset for partition springCloudBus-0
2026-09-01T15:48:33.466+05:30  INFO 38280 --- [bmp-notification-service] [pool-3-thread-1] o.a.k.c.c.internals.ConsumerCoordinator  : [Consumer clientId=consumer-anonymous.71319fe6-9081-4354-a696-fc4667b331dc-4, groupId=anonymous.71319fe6-9081-4354-a696-fc4667b331dc] Found no committed offset for partition springCloudBus-0
2026-09-01T15:48:42.832+05:30  INFO 38280 --- [bmp-notification-service] [rap-executor-%d] c.n.d.s.r.aws.ConfigClusterResolver      : Resolving eureka endpoints via configuration
2026-09-01T15:49:33.480+05:30  INFO 38280 --- [bmp-notification-service] [pool-3-thread-1] o.a.k.c.c.internals.ConsumerCoordinator  : [Consumer clientId=consumer-anonymous.71319fe6-9081-4354-a696-fc4667b331dc-4, groupId=anonymous.71319fe6-9081-4354-a696-fc4667b331dc] Found no committed offset for partition springCloudBus-0
2026-09-01T15:50:33.522+05:30  INFO 38280 --- [bmp-notification-service] [pool-3-thread-1] o.a.k.c.c.internals.ConsumerCoordinator  : [Consumer clientId=consumer-anonymous.71319fe6-9081-4354-a696-fc4667b331dc-4, groupId=anonymous.71319fe6-9081-4354-a696-fc4667b331dc] Found no committed offset for partition springCloudBus-0
2026-09-01T15:51:33.546+05:30  INFO 38280 --- [bmp-notification-service] [pool-3-thread-1] o.a.k.c.c.internals.ConsumerCoordinator  : [Consumer clientId=consumer-anonymous.71319fe6-9081-4354-a696-fc4667b331dc-4, groupId=anonymous.71319fe6-9081-4354-a696-fc4667b331dc] Found no committed offset for partition springCloudBus-0
2026-09-01T15:52:33.567+05:30  INFO 38280 --- [bmp-notification-service] [pool-3-thread-1] o.a.k.c.c.internals.ConsumerCoordinator  : [Consumer clientId=consumer-anonymous.71319fe6-9081-4354-a696-fc4667b331dc-4, groupId=anonymous.71319fe6-9081-4354-a696-fc4667b331dc] Found no committed offset for partition springCloudBus-0
2026-09-01T15:53:33.585+05:30  INFO 38280 --- [bmp-notification-service] [pool-3-thread-1] o.a.k.c.c.internals.ConsumerCoordinator  : [Consumer clientId=consumer-anonymous.71319fe6-9081-4354-a696-fc4667b331dc-4, groupId=anonymous.71319fe6-9081-4354-a696-fc4667b331dc] Found no committed offset for partition springCloudBus-0
2026-09-01T15:53:42.834+05:30  INFO 38280 --- [bmp-notification-service] [rap-executor-%d] c.n.d.s.r.aws.ConfigClusterResolver      : Resolving eureka endpoints via configuration
2026-09-01T15:54:33.607+05:30  INFO 38280 --- [bmp-notification-service] [pool-3-thread-1] o.a.k.c.c.internals.ConsumerCoordinator  : [Consumer clientId=consumer-anonymous.71319fe6-9081-4354-a696-fc4667b331dc-4, groupId=anonymous.71319fe6-9081-4354-a696-fc4667b331dc] Found no committed offset for partition springCloudBus-0
2026-09-01T15:55:33.618+05:30  INFO 38280 --- [bmp-notification-service] [pool-3-thread-1] o.a.k.c.c.internals.ConsumerCoordinator  : [Consumer clientId=consumer-anonymous.71319fe6-9081-4354-a696-fc4667b331dc-4, groupId=anonymous.71319fe6-9081-4354-a696-fc4667b331dc] Found no committed offset for partition springCloudBus-0
2026-09-01T15:56:33.640+05:30  INFO 38280 --- [bmp-notification-service] [pool-3-thread-1] o.a.k.c.c.internals.ConsumerCoordinator  : [Consumer clientId=consumer-anonymous.71319fe6-9081-4354-a696-fc4667b331dc-4, groupId=anonymous.71319fe6-9081-4354-a696-fc4667b331dc] Found no committed offset for partition springCloudBus-0
2026-09-01T15:57:33.661+05:30  INFO 38280 --- [bmp-notification-service] [pool-3-thread-1] o.a.k.c.c.internals.ConsumerCoordinator  : [Consumer clientId=consumer-anonymous.71319fe6-9081-4354-a696-fc4667b331dc-4, groupId=anonymous.71319fe6-9081-4354-a696-fc4667b331dc] Found no committed offset for partition springCloudBus-0
2026-09-01T15:58:33.682+05:30  INFO 38280 --- [bmp-notification-service] [pool-3-thread-1] o.a.k.c.c.internals.ConsumerCoordinator  : [Consumer clientId=consumer-anonymous.71319fe6-9081-4354-a696-fc4667b331dc-4, groupId=anonymous.71319fe6-9081-4354-a696-fc4667b331dc] Found no committed offset for partition springCloudBus-0
2026-09-01T15:58:42.840+05:30  INFO 38280 --- [bmp-notification-service] [rap-executor-%d] c.n.d.s.r.aws.ConfigClusterResolver      : Resolving eureka endpoints via configuration
2026-09-01T15:59:33.700+05:30  INFO 38280 --- [bmp-notification-service] [pool-3-thread-1] o.a.k.c.c.internals.ConsumerCoordinator  : [Consumer clientId=consumer-anonymous.71319fe6-9081-4354-a696-fc4667b331dc-4, groupId=anonymous.71319fe6-9081-4354-a696-fc4667b331dc] Found no committed offset for partition springCloudBus-0
2026-09-01T16:00:33.718+05:30  INFO 38280 --- [bmp-notification-service] [pool-3-thread-1] o.a.k.c.c.internals.ConsumerCoordinator  : [Consumer clientId=consumer-anonymous.71319fe6-9081-4354-a696-fc4667b331dc-4, groupId=anonymous.71319fe6-9081-4354-a696-fc4667b331dc] Found no committed offset for partition springCloudBus-0
2026-09-01T16:01:33.737+05:30  INFO 38280 --- [bmp-notification-service] [pool-3-thread-1] o.a.k.c.c.internals.ConsumerCoordinator  : [Consumer clientId=consumer-anonymous.71319fe6-9081-4354-a696-fc4667b331dc-4, groupId=anonymous.71319fe6-9081-4354-a696-fc4667b331dc] Found no committed offset for partition springCloudBus-0
2026-09-01T16:02:33.755+05:30  INFO 38280 --- [bmp-notification-service] [pool-3-thread-1] o.a.k.c.c.internals.ConsumerCoordinator  : [Consumer clientId=consumer-anonymous.71319fe6-9081-4354-a696-fc4667b331dc-4, groupId=anonymous.71319fe6-9081-4354-a696-fc4667b331dc] Found no committed offset for partition springCloudBus-0
2026-09-01T16:03:33.765+05:30  INFO 38280 --- [bmp-notification-service] [pool-3-thread-1] o.a.k.c.c.internals.ConsumerCoordinator  : [Consumer clientId=consumer-anonymous.71319fe6-9081-4354-a696-fc4667b331dc-4, groupId=anonymous.71319fe6-9081-4354-a696-fc4667b331dc] Found no committed offset for partition springCloudBus-0
2026-09-01T16:03:42.854+05:30  INFO 38280 --- [bmp-notification-service] [rap-executor-%d] c.n.d.s.r.aws.ConfigClusterResolver      : Resolving eureka endpoints via configuration
2026-09-01T16:04:33.790+05:30  INFO 38280 --- [bmp-notification-service] [pool-3-thread-1] o.a.k.c.c.internals.ConsumerCoordinator  : [Consumer clientId=consumer-anonymous.71319fe6-9081-4354-a696-fc4667b331dc-4, groupId=anonymous.71319fe6-9081-4354-a696-fc4667b331dc] Found no committed offset for partition springCloudBus-0
2026-09-01T16:05:33.807+05:30  INFO 38280 --- [bmp-notification-service] [pool-3-thread-1] o.a.k.c.c.internals.ConsumerCoordinator  : [Consumer clientId=consumer-anonymous.71319fe6-9081-4354-a696-fc4667b331dc-4, groupId=anonymous.71319fe6-9081-4354-a696-fc4667b331dc] Found no committed offset for partition springCloudBus-0
2026-09-01T16:06:33.813+05:30  INFO 38280 --- [bmp-notification-service] [pool-3-thread-1] o.a.k.c.c.internals.ConsumerCoordinator  : [Consumer clientId=consumer-anonymous.71319fe6-9081-4354-a696-fc4667b331dc-4, groupId=anonymous.71319fe6-9081-4354-a696-fc4667b331dc] Found no committed offset for partition springCloudBus-0
2026-09-01T16:07:33.833+05:30  INFO 38280 --- [bmp-notification-service] [pool-3-thread-1] o.a.k.c.c.internals.ConsumerCoordinator  : [Consumer clientId=consumer-anonymous.71319fe6-9081-4354-a696-fc4667b331dc-4, groupId=anonymous.71319fe6-9081-4354-a696-fc4667b331dc] Found no committed offset for partition springCloudBus-0
2026-09-01T16:08:33.853+05:30  INFO 38280 --- [bmp-notification-service] [pool-3-thread-1] o.a.k.c.c.internals.ConsumerCoordinator  : [Consumer clientId=consumer-anonymous.71319fe6-9081-4354-a696-fc4667b331dc-4, groupId=anonymous.71319fe6-9081-4354-a696-fc4667b331dc] Found no committed offset for partition springCloudBus-0
2026-09-01T16:08:42.869+05:30  INFO 38280 --- [bmp-notification-service] [rap-executor-%d] c.n.d.s.r.aws.ConfigClusterResolver      : Resolving eureka endpoints via configuration
2026-09-01T16:09:33.869+05:30  INFO 38280 --- [bmp-notification-service] [pool-3-thread-1] o.a.k.c.c.internals.ConsumerCoordinator  : [Consumer clientId=consumer-anonymous.71319fe6-9081-4354-a696-fc4667b331dc-4, groupId=anonymous.71319fe6-9081-4354-a696-fc4667b331dc] Found no committed offset for partition springCloudBus-0
2026-09-01T16:10:33.885+05:30  INFO 38280 --- [bmp-notification-service] [pool-3-thread-1] o.a.k.c.c.internals.ConsumerCoordinator  : [Consumer clientId=consumer-anonymous.71319fe6-9081-4354-a696-fc4667b331dc-4, groupId=anonymous.71319fe6-9081-4354-a696-fc4667b331dc] Found no committed offset for partition springCloudBus-0
2026-09-01T16:11:33.894+05:30  INFO 38280 --- [bmp-notification-service] [pool-3-thread-1] o.a.k.c.c.internals.ConsumerCoordinator  : [Consumer clientId=consumer-anonymous.71319fe6-9081-4354-a696-fc4667b331dc-4, groupId=anonymous.71319fe6-9081-4354-a696-fc4667b331dc] Found no committed offset for partition springCloudBus-0
2026-09-01T16:12:33.927+05:30  INFO 38280 --- [bmp-notification-service] [pool-3-thread-1] o.a.k.c.c.internals.ConsumerCoordinator  : [Consumer clientId=consumer-anonymous.71319fe6-9081-4354-a696-fc4667b331dc-4, groupId=anonymous.71319fe6-9081-4354-a696-fc4667b331dc] Found no committed offset for partition springCloudBus-0
2026-09-01T16:13:33.949+05:30  INFO 38280 --- [bmp-notification-service] [pool-3-thread-1] o.a.k.c.c.internals.ConsumerCoordinator  : [Consumer clientId=consumer-anonymous.71319fe6-9081-4354-a696-fc4667b331dc-4, groupId=anonymous.71319fe6-9081-4354-a696-fc4667b331dc] Found no committed offset for partition springCloudBus-0
2026-09-01T16:13:42.883+05:30  INFO 38280 --- [bmp-notification-service] [rap-executor-%d] c.n.d.s.r.aws.ConfigClusterResolver      : Resolving eureka endpoints via configuration
2026-09-01T16:14:33.972+05:30  INFO 38280 --- [bmp-notification-service] [pool-3-thread-1] o.a.k.c.c.internals.ConsumerCoordinator  : [Consumer clientId=consumer-anonymous.71319fe6-9081-4354-a696-fc4667b331dc-4, groupId=anonymous.71319fe6-9081-4354-a696-fc4667b331dc] Found no committed offset for partition springCloudBus-0
2026-09-01T16:15:33.989+05:30  INFO 38280 --- [bmp-notification-service] [pool-3-thread-1] o.a.k.c.c.internals.ConsumerCoordinator  : [Consumer clientId=consumer-anonymous.71319fe6-9081-4354-a696-fc4667b331dc-4, groupId=anonymous.71319fe6-9081-4354-a696-fc4667b331dc] Found no committed offset for partition springCloudBus-0
2026-09-01T16:16:34.015+05:30  INFO 38280 --- [bmp-notification-service] [pool-3-thread-1] o.a.k.c.c.internals.ConsumerCoordinator  : [Consumer clientId=consumer-anonymous.71319fe6-9081-4354-a696-fc4667b331dc-4, groupId=anonymous.71319fe6-9081-4354-a696-fc4667b331dc] Found no committed offset for partition springCloudBus-0
2026-09-01T16:17:34.026+05:30  INFO 38280 --- [bmp-notification-service] [pool-3-thread-1] o.a.k.c.c.internals.ConsumerCoordinator  : [Consumer clientId=consumer-anonymous.71319fe6-9081-4354-a696-fc4667b331dc-4, groupId=anonymous.71319fe6-9081-4354-a696-fc4667b331dc] Found no committed offset for partition springCloudBus-0
2026-09-01T16:18:34.055+05:30  INFO 38280 --- [bmp-notification-service] [pool-3-thread-1] o.a.k.c.c.internals.ConsumerCoordinator  : [Consumer clientId=consumer-anonymous.71319fe6-9081-4354-a696-fc4667b331dc-4, groupId=anonymous.71319fe6-9081-4354-a696-fc4667b331dc] Found no committed offset for partition springCloudBus-0
2026-09-01T16:18:42.898+05:30  INFO 38280 --- [bmp-notification-service] [rap-executor-%d] c.n.d.s.r.aws.ConfigClusterResolver      : Resolving eureka endpoints via configuration
2026-09-01T16:19:34.074+05:30  INFO 38280 --- [bmp-notification-service] [pool-3-thread-1] o.a.k.c.c.internals.ConsumerCoordinator  : [Consumer clientId=consumer-anonymous.71319fe6-9081-4354-a696-fc4667b331dc-4, groupId=anonymous.71319fe6-9081-4354-a696-fc4667b331dc] Found no committed offset for partition springCloudBus-0
2026-09-01T16:20:34.088+05:30  INFO 38280 --- [bmp-notification-service] [pool-3-thread-1] o.a.k.c.c.internals.ConsumerCoordinator  : [Consumer clientId=consumer-anonymous.71319fe6-9081-4354-a696-fc4667b331dc-4, groupId=anonymous.71319fe6-9081-4354-a696-fc4667b331dc] Found no committed offset for partition springCloudBus-0
2026-09-01T16:21:34.113+05:30  INFO 38280 --- [bmp-notification-service] [pool-3-thread-1] o.a.k.c.c.internals.ConsumerCoordinator  : [Consumer clientId=consumer-anonymous.71319fe6-9081-4354-a696-fc4667b331dc-4, groupId=anonymous.71319fe6-9081-4354-a696-fc4667b331dc] Found no committed offset for partition springCloudBus-0
2026-09-01T17:07:55.747+05:30  INFO 38280 --- [bmp-notification-service] [ntainer#0-0-C-1] org.apache.kafka.clients.NetworkClient   : [Consumer clientId=consumer-bmp-notification-service-3, groupId=bmp-notification-service] Node 2147483646 disconnected.
2026-09-01T17:07:55.766+05:30  INFO 38280 --- [bmp-notification-service] [ntainer#0-0-C-1] org.apache.kafka.clients.NetworkClient   : [Consumer clientId=consumer-bmp-notification-service-3, groupId=bmp-notification-service] Disconnecting from node 1 due to request timeout.
2026-09-01T17:07:55.769+05:30  INFO 38280 --- [bmp-notification-service] [ntainer#0-0-C-1] org.apache.kafka.clients.NetworkClient   : [Consumer clientId=consumer-bmp-notification-service-3, groupId=bmp-notification-service] Cancelled in-flight FETCH request with correlation id 179027 due to node 1 being disconnected (elapsed time since creation: 2728328ms, elapsed time since send: 2728328ms, throttle time: 0ms, request timeout: 30000ms)
2026-09-01T17:07:55.777+05:30  INFO 38280 --- [bmp-notification-service] [ication-service] o.a.k.c.c.internals.ConsumerCoordinator  : [Consumer clientId=consumer-bmp-notification-service-3, groupId=bmp-notification-service] Group coordinator localhost:9092 (id: 2147483646 rack: null) is unavailable or invalid due to cause: coordinator unavailable. isDisconnected: true. Rediscovery will be attempted.
2026-09-01T17:07:55.826+05:30  INFO 38280 --- [bmp-notification-service] [container-0-C-1] org.apache.kafka.clients.NetworkClient   : [Consumer clientId=consumer-anonymous.71319fe6-9081-4354-a696-fc4667b331dc-2, groupId=anonymous.71319fe6-9081-4354-a696-fc4667b331dc] Node 2147483646 disconnected.
2026-09-01T17:07:55.827+05:30  INFO 38280 --- [bmp-notification-service] [container-0-C-1] org.apache.kafka.clients.NetworkClient   : [Consumer clientId=consumer-anonymous.71319fe6-9081-4354-a696-fc4667b331dc-2, groupId=anonymous.71319fe6-9081-4354-a696-fc4667b331dc] Disconnecting from node 1 due to request timeout.
2026-09-01T17:07:55.827+05:30  INFO 38280 --- [bmp-notification-service] [container-0-C-1] org.apache.kafka.clients.NetworkClient   : [Consumer clientId=consumer-anonymous.71319fe6-9081-4354-a696-fc4667b331dc-2, groupId=anonymous.71319fe6-9081-4354-a696-fc4667b331dc] Cancelled in-flight FETCH request with correlation id 179073 due to node 1 being disconnected (elapsed time since creation: 2728407ms, elapsed time since send: 2728407ms, throttle time: 0ms, request timeout: 30000ms)
2026-09-01T17:07:55.828+05:30  INFO 38280 --- [bmp-notification-service] [96-fc4667b331dc] o.a.k.c.c.internals.ConsumerCoordinator  : [Consumer clientId=consumer-anonymous.71319fe6-9081-4354-a696-fc4667b331dc-2, groupId=anonymous.71319fe6-9081-4354-a696-fc4667b331dc] Group coordinator localhost:9092 (id: 2147483646 rack: null) is unavailable or invalid due to cause: coordinator unavailable. isDisconnected: true. Rediscovery will be attempted.
2026-09-01T17:07:55.900+05:30  INFO 38280 --- [bmp-notification-service] [ntainer#0-0-C-1] o.a.kafka.clients.FetchSessionHandler    : [Consumer clientId=consumer-bmp-notification-service-3, groupId=bmp-notification-service] Error sending fetch request (sessionId=1827216948, epoch=11597) to node 1:

org.apache.kafka.common.errors.DisconnectException: null

2026-09-01T17:07:55.827+05:30  INFO 38280 --- [bmp-notification-service] [container-0-C-1] o.a.kafka.clients.FetchSessionHandler    : [Consumer clientId=consumer-anonymous.71319fe6-9081-4354-a696-fc4667b331dc-2, groupId=anonymous.71319fe6-9081-4354-a696-fc4667b331dc] Error sending fetch request (sessionId=1092507146, epoch=11598) to node 1:

org.apache.kafka.common.errors.DisconnectException: null

2026-09-01T17:07:56.854+05:30  INFO 38280 --- [bmp-notification-service] [container-0-C-1] o.a.k.c.c.internals.ConsumerCoordinator  : [Consumer clientId=consumer-anonymous.71319fe6-9081-4354-a696-fc4667b331dc-2, groupId=anonymous.71319fe6-9081-4354-a696-fc4667b331dc] Discovered group coordinator localhost:9092 (id: 2147483646 rack: null)
2026-09-01T17:07:56.853+05:30  INFO 38280 --- [bmp-notification-service] [ntainer#0-0-C-1] o.a.k.c.c.internals.ConsumerCoordinator  : [Consumer clientId=consumer-bmp-notification-service-3, groupId=bmp-notification-service] Discovered group coordinator localhost:9092 (id: 2147483646 rack: null)
2026-09-01T17:07:56.861+05:30  INFO 38280 --- [bmp-notification-service] [ntainer#0-0-C-1] o.a.k.c.c.internals.ConsumerCoordinator  : [Consumer clientId=consumer-bmp-notification-service-3, groupId=bmp-notification-service] Discovered group coordinator localhost:9092 (id: 2147483646 rack: null)
2026-09-01T17:07:56.862+05:30  INFO 38280 --- [bmp-notification-service] [container-0-C-1] o.a.k.c.c.internals.ConsumerCoordinator  : [Consumer clientId=consumer-anonymous.71319fe6-9081-4354-a696-fc4667b331dc-2, groupId=anonymous.71319fe6-9081-4354-a696-fc4667b331dc] Discovered group coordinator localhost:9092 (id: 2147483646 rack: null)
2026-09-01T17:07:59.073+05:30  INFO 38280 --- [bmp-notification-service] [pool-3-thread-1] org.apache.kafka.clients.NetworkClient   : [Consumer clientId=consumer-anonymous.71319fe6-9081-4354-a696-fc4667b331dc-4, groupId=anonymous.71319fe6-9081-4354-a696-fc4667b331dc] Node 2147483646 disconnected.
2026-09-01T17:07:59.361+05:30  INFO 38280 --- [bmp-notification-service] [pool-3-thread-1] o.a.k.c.c.internals.ConsumerCoordinator  : [Consumer clientId=consumer-anonymous.71319fe6-9081-4354-a696-fc4667b331dc-4, groupId=anonymous.71319fe6-9081-4354-a696-fc4667b331dc] Found no committed offset for partition springCloudBus-0
2026-09-01T17:08:01.702+05:30  WARN 38280 --- [bmp-notification-service] [l-1 housekeeper] com.zaxxer.hikari.pool.HikariPool        : HikariPool-1 - Thread starvation or clock leap detected (housekeeper delta=45m55s60ms603µs100ns).
2026-09-01T17:08:59.410+05:30  INFO 38280 --- [bmp-notification-service] [pool-3-thread-1] o.a.k.c.c.internals.ConsumerCoordinator  : [Consumer clientId=consumer-anonymous.71319fe6-9081-4354-a696-fc4667b331dc-4, groupId=anonymous.71319fe6-9081-4354-a696-fc4667b331dc] Found no committed offset for partition springCloudBus-0
2026-09-01T17:09:07.845+05:30  INFO 38280 --- [bmp-notification-service] [rap-executor-%d] c.n.d.s.r.aws.ConfigClusterResolver      : Resolving eureka endpoints via configuration
2026-09-01T17:09:59.436+05:30  INFO 38280 --- [bmp-notification-service] [pool-3-thread-1] o.a.k.c.c.internals.ConsumerCoordinator  : [Consumer clientId=consumer-anonymous.71319fe6-9081-4354-a696-fc4667b331dc-4, groupId=anonymous.71319fe6-9081-4354-a696-fc4667b331dc] Found no committed offset for partition springCloudBus-0
2026-09-01T17:10:59.446+05:30  INFO 38280 --- [bmp-notification-service] [pool-3-thread-1] o.a.k.c.c.internals.ConsumerCoordinator  : [Consumer clientId=consumer-anonymous.71319fe6-9081-4354-a696-fc4667b331dc-4, groupId=anonymous.71319fe6-9081-4354-a696-fc4667b331dc] Found no committed offset for partition springCloudBus-0
2026-09-01T17:11:59.464+05:30  INFO 38280 --- [bmp-notification-service] [pool-3-thread-1] o.a.k.c.c.internals.ConsumerCoordinator  : [Consumer clientId=consumer-anonymous.71319fe6-9081-4354-a696-fc4667b331dc-4, groupId=anonymous.71319fe6-9081-4354-a696-fc4667b331dc] Found no committed offset for partition springCloudBus-0
2026-09-01T17:12:59.478+05:30  INFO 38280 --- [bmp-notification-service] [pool-3-thread-1] o.a.k.c.c.internals.ConsumerCoordinator  : [Consumer clientId=consumer-anonymous.71319fe6-9081-4354-a696-fc4667b331dc-4, groupId=anonymous.71319fe6-9081-4354-a696-fc4667b331dc] Found no committed offset for partition springCloudBus-0
2026-09-01T17:13:59.497+05:30  INFO 38280 --- [bmp-notification-service] [pool-3-thread-1] o.a.k.c.c.internals.ConsumerCoordinator  : [Consumer clientId=consumer-anonymous.71319fe6-9081-4354-a696-fc4667b331dc-4, groupId=anonymous.71319fe6-9081-4354-a696-fc4667b331dc] Found no committed offset for partition springCloudBus-0
2026-09-01T17:14:07.868+05:30  INFO 38280 --- [bmp-notification-service] [rap-executor-%d] c.n.d.s.r.aws.ConfigClusterResolver      : Resolving eureka endpoints via configuration
2026-09-01T17:14:59.512+05:30  INFO 38280 --- [bmp-notification-service] [pool-3-thread-1] o.a.k.c.c.internals.ConsumerCoordinator  : [Consumer clientId=consumer-anonymous.71319fe6-9081-4354-a696-fc4667b331dc-4, groupId=anonymous.71319fe6-9081-4354-a696-fc4667b331dc] Found no committed offset for partition springCloudBus-0
2026-09-01T17:15:59.527+05:30  INFO 38280 --- [bmp-notification-service] [pool-3-thread-1] o.a.k.c.c.internals.ConsumerCoordinator  : [Consumer clientId=consumer-anonymous.71319fe6-9081-4354-a696-fc4667b331dc-4, groupId=anonymous.71319fe6-9081-4354-a696-fc4667b331dc] Found no committed offset for partition springCloudBus-0
2026-09-01T17:16:59.561+05:30  INFO 38280 --- [bmp-notification-service] [pool-3-thread-1] o.a.k.c.c.internals.ConsumerCoordinator  : [Consumer clientId=consumer-anonymous.71319fe6-9081-4354-a696-fc4667b331dc-4, groupId=anonymous.71319fe6-9081-4354-a696-fc4667b331dc] Found no committed offset for partition springCloudBus-0
2026-09-01T17:17:59.593+05:30  INFO 38280 --- [bmp-notification-service] [pool-3-thread-1] o.a.k.c.c.internals.ConsumerCoordinator  : [Consumer clientId=consumer-anonymous.71319fe6-9081-4354-a696-fc4667b331dc-4, groupId=anonymous.71319fe6-9081-4354-a696-fc4667b331dc] Found no committed offset for partition springCloudBus-0
2026-09-01T17:18:59.603+05:30  INFO 38280 --- [bmp-notification-service] [pool-3-thread-1] o.a.k.c.c.internals.ConsumerCoordinator  : [Consumer clientId=consumer-anonymous.71319fe6-9081-4354-a696-fc4667b331dc-4, groupId=anonymous.71319fe6-9081-4354-a696-fc4667b331dc] Found no committed offset for partition springCloudBus-0
2026-09-01T17:19:07.876+05:30  INFO 38280 --- [bmp-notification-service] [rap-executor-%d] c.n.d.s.r.aws.ConfigClusterResolver      : Resolving eureka endpoints via configuration
2026-09-01T17:19:59.627+05:30  INFO 38280 --- [bmp-notification-service] [pool-3-thread-1] o.a.k.c.c.internals.ConsumerCoordinator  : [Consumer clientId=consumer-anonymous.71319fe6-9081-4354-a696-fc4667b331dc-4, groupId=anonymous.71319fe6-9081-4354-a696-fc4667b331dc] Found no committed offset for partition springCloudBus-0
2026-09-01T17:20:59.651+05:30  INFO 38280 --- [bmp-notification-service] [pool-3-thread-1] o.a.k.c.c.internals.ConsumerCoordinator  : [Consumer clientId=consumer-anonymous.71319fe6-9081-4354-a696-fc4667b331dc-4, groupId=anonymous.71319fe6-9081-4354-a696-fc4667b331dc] Found no committed offset for partition springCloudBus-0
2026-09-01T17:21:59.685+05:30  INFO 38280 --- [bmp-notification-service] [pool-3-thread-1] o.a.k.c.c.internals.ConsumerCoordinator  : [Consumer clientId=consumer-anonymous.71319fe6-9081-4354-a696-fc4667b331dc-4, groupId=anonymous.71319fe6-9081-4354-a696-fc4667b331dc] Found no committed offset for partition springCloudBus-0
2026-09-01T17:22:59.715+05:30  INFO 38280 --- [bmp-notification-service] [pool-3-thread-1] o.a.k.c.c.internals.ConsumerCoordinator  : [Consumer clientId=consumer-anonymous.71319fe6-9081-4354-a696-fc4667b331dc-4, groupId=anonymous.71319fe6-9081-4354-a696-fc4667b331dc] Found no committed offset for partition springCloudBus-0
2026-09-01T17:23:59.746+05:30  INFO 38280 --- [bmp-notification-service] [pool-3-thread-1] o.a.k.c.c.internals.ConsumerCoordinator  : [Consumer clientId=consumer-anonymous.71319fe6-9081-4354-a696-fc4667b331dc-4, groupId=anonymous.71319fe6-9081-4354-a696-fc4667b331dc] Found no committed offset for partition springCloudBus-0
2026-09-01T17:24:07.891+05:30  INFO 38280 --- [bmp-notification-service] [rap-executor-%d] c.n.d.s.r.aws.ConfigClusterResolver      : Resolving eureka endpoints via configuration
2026-09-01T17:24:59.777+05:30  INFO 38280 --- [bmp-notification-service] [pool-3-thread-1] o.a.k.c.c.internals.ConsumerCoordinator  : [Consumer clientId=consumer-anonymous.71319fe6-9081-4354-a696-fc4667b331dc-4, groupId=anonymous.71319fe6-9081-4354-a696-fc4667b331dc] Found no committed offset for partition springCloudBus-0
2026-09-01T17:25:59.802+05:30  INFO 38280 --- [bmp-notification-service] [pool-3-thread-1] o.a.k.c.c.internals.ConsumerCoordinator  : [Consumer clientId=consumer-anonymous.71319fe6-9081-4354-a696-fc4667b331dc-4, groupId=anonymous.71319fe6-9081-4354-a696-fc4667b331dc] Found no committed offset for partition springCloudBus-0
2026-09-01T17:26:59.818+05:30  INFO 38280 --- [bmp-notification-service] [pool-3-thread-1] o.a.k.c.c.internals.ConsumerCoordinator  : [Consumer clientId=consumer-anonymous.71319fe6-9081-4354-a696-fc4667b331dc-4, groupId=anonymous.71319fe6-9081-4354-a696-fc4667b331dc] Found no committed offset for partition springCloudBus-0
2026-09-01T17:27:59.839+05:30  INFO 38280 --- [bmp-notification-service] [pool-3-thread-1] o.a.k.c.c.internals.ConsumerCoordinator  : [Consumer clientId=consumer-anonymous.71319fe6-9081-4354-a696-fc4667b331dc-4, groupId=anonymous.71319fe6-9081-4354-a696-fc4667b331dc] Found no committed offset for partition springCloudBus-0
2026-09-01T17:28:59.866+05:30  INFO 38280 --- [bmp-notification-service] [pool-3-thread-1] o.a.k.c.c.internals.ConsumerCoordinator  : [Consumer clientId=consumer-anonymous.71319fe6-9081-4354-a696-fc4667b331dc-4, groupId=anonymous.71319fe6-9081-4354-a696-fc4667b331dc] Found no committed offset for partition springCloudBus-0
2026-09-01T17:29:07.911+05:30  INFO 38280 --- [bmp-notification-service] [rap-executor-%d] c.n.d.s.r.aws.ConfigClusterResolver      : Resolving eureka endpoints via configuration
2026-09-01T17:29:59.894+05:30  INFO 38280 --- [bmp-notification-service] [pool-3-thread-1] o.a.k.c.c.internals.ConsumerCoordinator  : [Consumer clientId=consumer-anonymous.71319fe6-9081-4354-a696-fc4667b331dc-4, groupId=anonymous.71319fe6-9081-4354-a696-fc4667b331dc] Found no committed offset for partition springCloudBus-0
2026-09-01T17:30:59.914+05:30  INFO 38280 --- [bmp-notification-service] [pool-3-thread-1] o.a.k.c.c.internals.ConsumerCoordinator  : [Consumer clientId=consumer-anonymous.71319fe6-9081-4354-a696-fc4667b331dc-4, groupId=anonymous.71319fe6-9081-4354-a696-fc4667b331dc] Found no committed offset for partition springCloudBus-0
2026-09-01T17:31:59.938+05:30  INFO 38280 --- [bmp-notification-service] [pool-3-thread-1] o.a.k.c.c.internals.ConsumerCoordinator  : [Consumer clientId=consumer-anonymous.71319fe6-9081-4354-a696-fc4667b331dc-4, groupId=anonymous.71319fe6-9081-4354-a696-fc4667b331dc] Found no committed offset for partition springCloudBus-0
2026-09-01T17:32:59.957+05:30  INFO 38280 --- [bmp-notification-service] [pool-3-thread-1] o.a.k.c.c.internals.ConsumerCoordinator  : [Consumer clientId=consumer-anonymous.71319fe6-9081-4354-a696-fc4667b331dc-4, groupId=anonymous.71319fe6-9081-4354-a696-fc4667b331dc] Found no committed offset for partition springCloudBus-0
2026-09-01T17:33:59.980+05:30  INFO 38280 --- [bmp-notification-service] [pool-3-thread-1] o.a.k.c.c.internals.ConsumerCoordinator  : [Consumer clientId=consumer-anonymous.71319fe6-9081-4354-a696-fc4667b331dc-4, groupId=anonymous.71319fe6-9081-4354-a696-fc4667b331dc] Found no committed offset for partition springCloudBus-0
2026-09-01T17:34:07.914+05:30  INFO 38280 --- [bmp-notification-service] [rap-executor-%d] c.n.d.s.r.aws.ConfigClusterResolver      : Resolving eureka endpoints via configuration
2026-09-01T17:35:00.003+05:30  INFO 38280 --- [bmp-notification-service] [pool-3-thread-1] o.a.k.c.c.internals.ConsumerCoordinator  : [Consumer clientId=consumer-anonymous.71319fe6-9081-4354-a696-fc4667b331dc-4, groupId=anonymous.71319fe6-9081-4354-a696-fc4667b331dc] Found no committed offset for partition springCloudBus-0
2026-09-01T17:36:00.030+05:30  INFO 38280 --- [bmp-notification-service] [pool-3-thread-1] o.a.k.c.c.internals.ConsumerCoordinator  : [Consumer clientId=consumer-anonymous.71319fe6-9081-4354-a696-fc4667b331dc-4, groupId=anonymous.71319fe6-9081-4354-a696-fc4667b331dc] Found no committed offset for partition springCloudBus-0
2026-09-01T17:37:00.050+05:30  INFO 38280 --- [bmp-notification-service] [pool-3-thread-1] o.a.k.c.c.internals.ConsumerCoordinator  : [Consumer clientId=consumer-anonymous.71319fe6-9081-4354-a696-fc4667b331dc-4, groupId=anonymous.71319fe6-9081-4354-a696-fc4667b331dc] Found no committed offset for partition springCloudBus-0
2026-09-01T17:38:00.085+05:30  INFO 38280 --- [bmp-notification-service] [pool-3-thread-1] o.a.k.c.c.internals.ConsumerCoordinator  : [Consumer clientId=consumer-anonymous.71319fe6-9081-4354-a696-fc4667b331dc-4, groupId=anonymous.71319fe6-9081-4354-a696-fc4667b331dc] Found no committed offset for partition springCloudBus-0
2026-09-01T17:39:00.114+05:30  INFO 38280 --- [bmp-notification-service] [pool-3-thread-1] o.a.k.c.c.internals.ConsumerCoordinator  : [Consumer clientId=consumer-anonymous.71319fe6-9081-4354-a696-fc4667b331dc-4, groupId=anonymous.71319fe6-9081-4354-a696-fc4667b331dc] Found no committed offset for partition springCloudBus-0
2026-09-01T17:39:07.930+05:30  INFO 38280 --- [bmp-notification-service] [rap-executor-%d] c.n.d.s.r.aws.ConfigClusterResolver      : Resolving eureka endpoints via configuration
2026-09-01T17:40:00.132+05:30  INFO 38280 --- [bmp-notification-service] [pool-3-thread-1] o.a.k.c.c.internals.ConsumerCoordinator  : [Consumer clientId=consumer-anonymous.71319fe6-9081-4354-a696-fc4667b331dc-4, groupId=anonymous.71319fe6-9081-4354-a696-fc4667b331dc] Found no committed offset for partition springCloudBus-0
2026-09-01T17:41:00.153+05:30  INFO 38280 --- [bmp-notification-service] [pool-3-thread-1] o.a.k.c.c.internals.ConsumerCoordinator  : [Consumer clientId=consumer-anonymous.71319fe6-9081-4354-a696-fc4667b331dc-4, groupId=anonymous.71319fe6-9081-4354-a696-fc4667b331dc] Found no committed offset for partition springCloudBus-0
2026-09-01T17:42:00.166+05:30  INFO 38280 --- [bmp-notification-service] [pool-3-thread-1] o.a.k.c.c.internals.ConsumerCoordinator  : [Consumer clientId=consumer-anonymous.71319fe6-9081-4354-a696-fc4667b331dc-4, groupId=anonymous.71319fe6-9081-4354-a696-fc4667b331dc] Found no committed offset for partition springCloudBus-0
2026-09-01T17:43:00.184+05:30  INFO 38280 --- [bmp-notification-service] [pool-3-thread-1] o.a.k.c.c.internals.ConsumerCoordinator  : [Consumer clientId=consumer-anonymous.71319fe6-9081-4354-a696-fc4667b331dc-4, groupId=anonymous.71319fe6-9081-4354-a696-fc4667b331dc] Found no committed offset for partition springCloudBus-0
2026-09-01T17:44:00.207+05:30  INFO 38280 --- [bmp-notification-service] [pool-3-thread-1] o.a.k.c.c.internals.ConsumerCoordinator  : [Consumer clientId=consumer-anonymous.71319fe6-9081-4354-a696-fc4667b331dc-4, groupId=anonymous.71319fe6-9081-4354-a696-fc4667b331dc] Found no committed offset for partition springCloudBus-0
2026-09-01T17:44:07.943+05:30  INFO 38280 --- [bmp-notification-service] [rap-executor-%d] c.n.d.s.r.aws.ConfigClusterResolver      : Resolving eureka endpoints via configuration
2026-09-01T17:45:00.231+05:30  INFO 38280 --- [bmp-notification-service] [pool-3-thread-1] o.a.k.c.c.internals.ConsumerCoordinator  : [Consumer clientId=consumer-anonymous.71319fe6-9081-4354-a696-fc4667b331dc-4, groupId=anonymous.71319fe6-9081-4354-a696-fc4667b331dc] Found no committed offset for partition springCloudBus-0
2026-09-01T17:46:00.247+05:30  INFO 38280 --- [bmp-notification-service] [pool-3-thread-1] o.a.k.c.c.internals.ConsumerCoordinator  : [Consumer clientId=consumer-anonymous.71319fe6-9081-4354-a696-fc4667b331dc-4, groupId=anonymous.71319fe6-9081-4354-a696-fc4667b331dc] Found no committed offset for partition springCloudBus-0
2026-09-01T17:47:00.254+05:30  INFO 38280 --- [bmp-notification-service] [pool-3-thread-1] o.a.k.c.c.internals.ConsumerCoordinator  : [Consumer clientId=consumer-anonymous.71319fe6-9081-4354-a696-fc4667b331dc-4, groupId=anonymous.71319fe6-9081-4354-a696-fc4667b331dc] Found no committed offset for partition springCloudBus-0
2026-09-01T17:48:00.267+05:30  INFO 38280 --- [bmp-notification-service] [pool-3-thread-1] o.a.k.c.c.internals.ConsumerCoordinator  : [Consumer clientId=consumer-anonymous.71319fe6-9081-4354-a696-fc4667b331dc-4, groupId=anonymous.71319fe6-9081-4354-a696-fc4667b331dc] Found no committed offset for partition springCloudBus-0
2026-09-01T17:49:00.287+05:30  INFO 38280 --- [bmp-notification-service] [pool-3-thread-1] o.a.k.c.c.internals.ConsumerCoordinator  : [Consumer clientId=consumer-anonymous.71319fe6-9081-4354-a696-fc4667b331dc-4, groupId=anonymous.71319fe6-9081-4354-a696-fc4667b331dc] Found no committed offset for partition springCloudBus-0
2026-09-01T17:49:07.956+05:30  INFO 38280 --- [bmp-notification-service] [rap-executor-%d] c.n.d.s.r.aws.ConfigClusterResolver      : Resolving eureka endpoints via configuration
2026-09-01T17:50:00.330+05:30  INFO 38280 --- [bmp-notification-service] [pool-3-thread-1] o.a.k.c.c.internals.ConsumerCoordinator  : [Consumer clientId=consumer-anonymous.71319fe6-9081-4354-a696-fc4667b331dc-4, groupId=anonymous.71319fe6-9081-4354-a696-fc4667b331dc] Found no committed offset for partition springCloudBus-0
2026-09-01T17:51:00.349+05:30  INFO 38280 --- [bmp-notification-service] [pool-3-thread-1] o.a.k.c.c.internals.ConsumerCoordinator  : [Consumer clientId=consumer-anonymous.71319fe6-9081-4354-a696-fc4667b331dc-4, groupId=anonymous.71319fe6-9081-4354-a696-fc4667b331dc] Found no committed offset for partition springCloudBus-0
2026-09-01T17:52:00.362+05:30  INFO 38280 --- [bmp-notification-service] [pool-3-thread-1] o.a.k.c.c.internals.ConsumerCoordinator  : [Consumer clientId=consumer-anonymous.71319fe6-9081-4354-a696-fc4667b331dc-4, groupId=anonymous.71319fe6-9081-4354-a696-fc4667b331dc] Found no committed offset for partition springCloudBus-0
2026-09-01T17:53:00.383+05:30  INFO 38280 --- [bmp-notification-service] [pool-3-thread-1] o.a.k.c.c.internals.ConsumerCoordinator  : [Consumer clientId=consumer-anonymous.71319fe6-9081-4354-a696-fc4667b331dc-4, groupId=anonymous.71319fe6-9081-4354-a696-fc4667b331dc] Found no committed offset for partition springCloudBus-0
2026-09-01T17:54:00.408+05:30  INFO 38280 --- [bmp-notification-service] [pool-3-thread-1] o.a.k.c.c.internals.ConsumerCoordinator  : [Consumer clientId=consumer-anonymous.71319fe6-9081-4354-a696-fc4667b331dc-4, groupId=anonymous.71319fe6-9081-4354-a696-fc4667b331dc] Found no committed offset for partition springCloudBus-0
2026-09-01T17:54:07.963+05:30  INFO 38280 --- [bmp-notification-service] [rap-executor-%d] c.n.d.s.r.aws.ConfigClusterResolver      : Resolving eureka endpoints via configuration
2026-09-01T17:55:00.434+05:30  INFO 38280 --- [bmp-notification-service] [pool-3-thread-1] o.a.k.c.c.internals.ConsumerCoordinator  : [Consumer clientId=consumer-anonymous.71319fe6-9081-4354-a696-fc4667b331dc-4, groupId=anonymous.71319fe6-9081-4354-a696-fc4667b331dc] Found no committed offset for partition springCloudBus-0
2026-09-01T17:56:00.452+05:30  INFO 38280 --- [bmp-notification-service] [pool-3-thread-1] o.a.k.c.c.internals.ConsumerCoordinator  : [Consumer clientId=consumer-anonymous.71319fe6-9081-4354-a696-fc4667b331dc-4, groupId=anonymous.71319fe6-9081-4354-a696-fc4667b331dc] Found no committed offset for partition springCloudBus-0
2026-09-01T17:57:00.472+05:30  INFO 38280 --- [bmp-notification-service] [pool-3-thread-1] o.a.k.c.c.internals.ConsumerCoordinator  : [Consumer clientId=consumer-anonymous.71319fe6-9081-4354-a696-fc4667b331dc-4, groupId=anonymous.71319fe6-9081-4354-a696-fc4667b331dc] Found no committed offset for partition springCloudBus-0
2026-09-01T17:58:00.494+05:30  INFO 38280 --- [bmp-notification-service] [pool-3-thread-1] o.a.k.c.c.internals.ConsumerCoordinator  : [Consumer clientId=consumer-anonymous.71319fe6-9081-4354-a696-fc4667b331dc-4, groupId=anonymous.71319fe6-9081-4354-a696-fc4667b331dc] Found no committed offset for partition springCloudBus-0
2026-09-01T17:59:00.510+05:30  INFO 38280 --- [bmp-notification-service] [pool-3-thread-1] o.a.k.c.c.internals.ConsumerCoordinator  : [Consumer clientId=consumer-anonymous.71319fe6-9081-4354-a696-fc4667b331dc-4, groupId=anonymous.71319fe6-9081-4354-a696-fc4667b331dc] Found no committed offset for partition springCloudBus-0
2026-09-01T17:59:07.978+05:30  INFO 38280 --- [bmp-notification-service] [rap-executor-%d] c.n.d.s.r.aws.ConfigClusterResolver      : Resolving eureka endpoints via configuration
2026-09-01T18:00:00.531+05:30  INFO 38280 --- [bmp-notification-service] [pool-3-thread-1] o.a.k.c.c.internals.ConsumerCoordinator  : [Consumer clientId=consumer-anonymous.71319fe6-9081-4354-a696-fc4667b331dc-4, groupId=anonymous.71319fe6-9081-4354-a696-fc4667b331dc] Found no committed offset for partition springCloudBus-0
2026-09-01T18:01:00.561+05:30  INFO 38280 --- [bmp-notification-service] [pool-3-thread-1] o.a.k.c.c.internals.ConsumerCoordinator  : [Consumer clientId=consumer-anonymous.71319fe6-9081-4354-a696-fc4667b331dc-4, groupId=anonymous.71319fe6-9081-4354-a696-fc4667b331dc] Found no committed offset for partition springCloudBus-0
2026-09-01T18:02:00.579+05:30  INFO 38280 --- [bmp-notification-service] [pool-3-thread-1] o.a.k.c.c.internals.ConsumerCoordinator  : [Consumer clientId=consumer-anonymous.71319fe6-9081-4354-a696-fc4667b331dc-4, groupId=anonymous.71319fe6-9081-4354-a696-fc4667b331dc] Found no committed offset for partition springCloudBus-0
2026-09-01T18:03:00.591+05:30  INFO 38280 --- [bmp-notification-service] [pool-3-thread-1] o.a.k.c.c.internals.ConsumerCoordinator  : [Consumer clientId=consumer-anonymous.71319fe6-9081-4354-a696-fc4667b331dc-4, groupId=anonymous.71319fe6-9081-4354-a696-fc4667b331dc] Found no committed offset for partition springCloudBus-0
2026-09-01T18:04:00.614+05:30  INFO 38280 --- [bmp-notification-service] [pool-3-thread-1] o.a.k.c.c.internals.ConsumerCoordinator  : [Consumer clientId=consumer-anonymous.71319fe6-9081-4354-a696-fc4667b331dc-4, groupId=anonymous.71319fe6-9081-4354-a696-fc4667b331dc] Found no committed offset for partition springCloudBus-0
2026-09-01T18:04:07.983+05:30  INFO 38280 --- [bmp-notification-service] [rap-executor-%d] c.n.d.s.r.aws.ConfigClusterResolver      : Resolving eureka endpoints via configuration
2026-09-01T18:15:31.714+05:30  INFO 38280 --- [bmp-notification-service] [container-0-C-1] org.apache.kafka.clients.NetworkClient   : [Consumer clientId=consumer-anonymous.71319fe6-9081-4354-a696-fc4667b331dc-2, groupId=anonymous.71319fe6-9081-4354-a696-fc4667b331dc] Node 1 disconnected.
2026-09-01T18:15:31.721+05:30  INFO 38280 --- [bmp-notification-service] [ication-service] org.apache.kafka.clients.NetworkClient   : [Consumer clientId=consumer-bmp-notification-service-3, groupId=bmp-notification-service] Node 1 disconnected.
2026-09-01T18:15:31.729+05:30  INFO 38280 --- [bmp-notification-service] [container-0-C-1] org.apache.kafka.clients.NetworkClient   : [Consumer clientId=consumer-anonymous.71319fe6-9081-4354-a696-fc4667b331dc-2, groupId=anonymous.71319fe6-9081-4354-a696-fc4667b331dc] Cancelled in-flight FETCH request with correlation id 186967 due to node 1 being disconnected (elapsed time since creation: 646482ms, elapsed time since send: 646482ms, throttle time: 0ms, request timeout: 30000ms)
2026-09-01T18:15:31.732+05:30  INFO 38280 --- [bmp-notification-service] [ication-service] org.apache.kafka.clients.NetworkClient   : [Consumer clientId=consumer-bmp-notification-service-3, groupId=bmp-notification-service] Cancelled in-flight FETCH request with correlation id 186923 due to node 1 being disconnected (elapsed time since creation: 646589ms, elapsed time since send: 646589ms, throttle time: 0ms, request timeout: 30000ms)
2026-09-01T18:15:31.735+05:30  INFO 38280 --- [bmp-notification-service] [container-0-C-1] org.apache.kafka.clients.NetworkClient   : [Consumer clientId=consumer-anonymous.71319fe6-9081-4354-a696-fc4667b331dc-2, groupId=anonymous.71319fe6-9081-4354-a696-fc4667b331dc] Disconnecting from node 2147483646 due to request timeout.
2026-09-01T18:15:31.735+05:30  INFO 38280 --- [bmp-notification-service] [ication-service] org.apache.kafka.clients.NetworkClient   : [Consumer clientId=consumer-bmp-notification-service-3, groupId=bmp-notification-service] Disconnecting from node 2147483646 due to request timeout.
2026-09-01T18:15:31.736+05:30  INFO 38280 --- [bmp-notification-service] [ication-service] org.apache.kafka.clients.NetworkClient   : [Consumer clientId=consumer-bmp-notification-service-3, groupId=bmp-notification-service] Cancelled in-flight HEARTBEAT request with correlation id 186924 due to node 2147483646 being disconnected (elapsed time since creation: 646428ms, elapsed time since send: 646428ms, throttle time: 0ms, request timeout: 30000ms)
2026-09-01T18:15:31.736+05:30  INFO 38280 --- [bmp-notification-service] [container-0-C-1] org.apache.kafka.clients.NetworkClient   : [Consumer clientId=consumer-anonymous.71319fe6-9081-4354-a696-fc4667b331dc-2, groupId=anonymous.71319fe6-9081-4354-a696-fc4667b331dc] Cancelled in-flight HEARTBEAT request with correlation id 186968 due to node 2147483646 being disconnected (elapsed time since creation: 646436ms, elapsed time since send: 646436ms, throttle time: 0ms, request timeout: 30000ms)
2026-09-01T18:15:31.856+05:30  INFO 38280 --- [bmp-notification-service] [96-fc4667b331dc] o.a.k.c.c.internals.ConsumerCoordinator  : [Consumer clientId=consumer-anonymous.71319fe6-9081-4354-a696-fc4667b331dc-2, groupId=anonymous.71319fe6-9081-4354-a696-fc4667b331dc] Group coordinator localhost:9092 (id: 2147483646 rack: null) is unavailable or invalid due to cause: null. isDisconnected: true. Rediscovery will be attempted.
2026-09-01T18:15:31.738+05:30  INFO 38280 --- [bmp-notification-service] [ication-service] o.a.kafka.clients.FetchSessionHandler    : [Consumer clientId=consumer-bmp-notification-service-3, groupId=bmp-notification-service] Error sending fetch request (sessionId=874263251, epoch=6734) to node 1:

org.apache.kafka.common.errors.DisconnectException: null

2026-09-01T18:15:31.946+05:30  INFO 38280 --- [bmp-notification-service] [ication-service] o.a.k.c.c.internals.ConsumerCoordinator  : [Consumer clientId=consumer-bmp-notification-service-3, groupId=bmp-notification-service] Group coordinator localhost:9092 (id: 2147483646 rack: null) is unavailable or invalid due to cause: null. isDisconnected: true. Rediscovery will be attempted.
2026-09-01T18:15:31.853+05:30  INFO 38280 --- [bmp-notification-service] [container-0-C-1] o.a.kafka.clients.FetchSessionHandler    : [Consumer clientId=consumer-anonymous.71319fe6-9081-4354-a696-fc4667b331dc-2, groupId=anonymous.71319fe6-9081-4354-a696-fc4667b331dc] Error sending fetch request (sessionId=222749685, epoch=6732) to node 1:

org.apache.kafka.common.errors.DisconnectException: null

2026-09-01T18:15:32.748+05:30  INFO 38280 --- [bmp-notification-service] [container-0-C-1] o.a.k.c.c.internals.ConsumerCoordinator  : [Consumer clientId=consumer-anonymous.71319fe6-9081-4354-a696-fc4667b331dc-2, groupId=anonymous.71319fe6-9081-4354-a696-fc4667b331dc] Discovered group coordinator localhost:9092 (id: 2147483646 rack: null)
2026-09-01T18:15:34.125+05:30  INFO 38280 --- [bmp-notification-service] [ntainer#0-0-C-1] o.a.k.c.c.internals.ConsumerCoordinator  : [Consumer clientId=consumer-bmp-notification-service-3, groupId=bmp-notification-service] Discovered group coordinator localhost:9092 (id: 2147483646 rack: null)
2026-09-01T18:15:43.772+05:30  INFO 38280 --- [bmp-notification-service] [pool-3-thread-1] org.apache.kafka.clients.NetworkClient   : [Consumer clientId=consumer-anonymous.71319fe6-9081-4354-a696-fc4667b331dc-4, groupId=anonymous.71319fe6-9081-4354-a696-fc4667b331dc] Node 2147483646 disconnected.
2026-09-01T18:15:43.774+05:30  INFO 38280 --- [bmp-notification-service] [pool-3-thread-1] o.a.k.c.c.internals.ConsumerCoordinator  : [Consumer clientId=consumer-anonymous.71319fe6-9081-4354-a696-fc4667b331dc-4, groupId=anonymous.71319fe6-9081-4354-a696-fc4667b331dc] Group coordinator localhost:9092 (id: 2147483646 rack: null) is unavailable or invalid due to cause: coordinator unavailable. isDisconnected: true. Rediscovery will be attempted.
2026-09-01T18:15:43.776+05:30  INFO 38280 --- [bmp-notification-service] [pool-3-thread-1] o.a.k.c.c.internals.ConsumerCoordinator  : [Consumer clientId=consumer-anonymous.71319fe6-9081-4354-a696-fc4667b331dc-4, groupId=anonymous.71319fe6-9081-4354-a696-fc4667b331dc] Discovered group coordinator localhost:9092 (id: 2147483646 rack: null)
2026-09-01T18:15:43.776+05:30  INFO 38280 --- [bmp-notification-service] [pool-3-thread-1] o.a.k.c.c.internals.ConsumerCoordinator  : [Consumer clientId=consumer-anonymous.71319fe6-9081-4354-a696-fc4667b331dc-4, groupId=anonymous.71319fe6-9081-4354-a696-fc4667b331dc] Group coordinator localhost:9092 (id: 2147483646 rack: null) is unavailable or invalid due to cause: coordinator unavailable. isDisconnected: false. Rediscovery will be attempted.
2026-09-01T18:15:43.776+05:30  INFO 38280 --- [bmp-notification-service] [pool-3-thread-1] o.a.k.c.c.internals.ConsumerCoordinator  : [Consumer clientId=consumer-anonymous.71319fe6-9081-4354-a696-fc4667b331dc-4, groupId=anonymous.71319fe6-9081-4354-a696-fc4667b331dc] Requesting disconnect from last known coordinator localhost:9092 (id: 2147483646 rack: null)
2026-09-01T18:15:43.879+05:30  INFO 38280 --- [bmp-notification-service] [pool-3-thread-1] o.a.k.c.c.internals.ConsumerCoordinator  : [Consumer clientId=consumer-anonymous.71319fe6-9081-4354-a696-fc4667b331dc-4, groupId=anonymous.71319fe6-9081-4354-a696-fc4667b331dc] Discovered group coordinator localhost:9092 (id: 2147483646 rack: null)
2026-09-01T18:15:43.884+05:30  INFO 38280 --- [bmp-notification-service] [pool-3-thread-1] o.a.k.c.c.internals.ConsumerCoordinator  : [Consumer clientId=consumer-anonymous.71319fe6-9081-4354-a696-fc4667b331dc-4, groupId=anonymous.71319fe6-9081-4354-a696-fc4667b331dc] Found no committed offset for partition springCloudBus-0
2026-09-01T18:15:45.888+05:30  WARN 38280 --- [bmp-notification-service] [l-1 housekeeper] com.zaxxer.hikari.pool.HikariPool        : HikariPool-1 - Thread starvation or clock leap detected (housekeeper delta=11m13s283ms962µs500ns).
2026-09-01T18:16:43.904+05:30  INFO 38280 --- [bmp-notification-service] [pool-3-thread-1] o.a.k.c.c.internals.ConsumerCoordinator  : [Consumer clientId=consumer-anonymous.71319fe6-9081-4354-a696-fc4667b331dc-4, groupId=anonymous.71319fe6-9081-4354-a696-fc4667b331dc] Found no committed offset for partition springCloudBus-0
2026-09-01T18:17:43.914+05:30  INFO 38280 --- [bmp-notification-service] [pool-3-thread-1] o.a.k.c.c.internals.ConsumerCoordinator  : [Consumer clientId=consumer-anonymous.71319fe6-9081-4354-a696-fc4667b331dc-4, groupId=anonymous.71319fe6-9081-4354-a696-fc4667b331dc] Found no committed offset for partition springCloudBus-0
2026-09-01T18:18:43.924+05:30  INFO 38280 --- [bmp-notification-service] [pool-3-thread-1] o.a.k.c.c.internals.ConsumerCoordinator  : [Consumer clientId=consumer-anonymous.71319fe6-9081-4354-a696-fc4667b331dc-4, groupId=anonymous.71319fe6-9081-4354-a696-fc4667b331dc] Found no committed offset for partition springCloudBus-0
2026-09-01T18:19:43.939+05:30  INFO 38280 --- [bmp-notification-service] [pool-3-thread-1] o.a.k.c.c.internals.ConsumerCoordinator  : [Consumer clientId=consumer-anonymous.71319fe6-9081-4354-a696-fc4667b331dc-4, groupId=anonymous.71319fe6-9081-4354-a696-fc4667b331dc] Found no committed offset for partition springCloudBus-0
2026-09-01T18:19:51.134+05:30  INFO 38280 --- [bmp-notification-service] [rap-executor-%d] c.n.d.s.r.aws.ConfigClusterResolver      : Resolving eureka endpoints via configuration
2026-09-01T18:20:43.949+05:30  INFO 38280 --- [bmp-notification-service] [pool-3-thread-1] o.a.k.c.c.internals.ConsumerCoordinator  : [Consumer clientId=consumer-anonymous.71319fe6-9081-4354-a696-fc4667b331dc-4, groupId=anonymous.71319fe6-9081-4354-a696-fc4667b331dc] Found no committed offset for partition springCloudBus-0
2026-09-01T18:21:43.969+05:30  INFO 38280 --- [bmp-notification-service] [pool-3-thread-1] o.a.k.c.c.internals.ConsumerCoordinator  : [Consumer clientId=consumer-anonymous.71319fe6-9081-4354-a696-fc4667b331dc-4, groupId=anonymous.71319fe6-9081-4354-a696-fc4667b331dc] Found no committed offset for partition springCloudBus-0
2026-09-01T18:22:43.991+05:30  INFO 38280 --- [bmp-notification-service] [pool-3-thread-1] o.a.k.c.c.internals.ConsumerCoordinator  : [Consumer clientId=consumer-anonymous.71319fe6-9081-4354-a696-fc4667b331dc-4, groupId=anonymous.71319fe6-9081-4354-a696-fc4667b331dc] Found no committed offset for partition springCloudBus-0
2026-09-01T18:23:44.010+05:30  INFO 38280 --- [bmp-notification-service] [pool-3-thread-1] o.a.k.c.c.internals.ConsumerCoordinator  : [Consumer clientId=consumer-anonymous.71319fe6-9081-4354-a696-fc4667b331dc-4, groupId=anonymous.71319fe6-9081-4354-a696-fc4667b331dc] Found no committed offset for partition springCloudBus-0
2026-09-01T18:24:44.021+05:30  INFO 38280 --- [bmp-notification-service] [pool-3-thread-1] o.a.k.c.c.internals.ConsumerCoordinator  : [Consumer clientId=consumer-anonymous.71319fe6-9081-4354-a696-fc4667b331dc-4, groupId=anonymous.71319fe6-9081-4354-a696-fc4667b331dc] Found no committed offset for partition springCloudBus-0
2026-09-01T18:24:51.144+05:30  INFO 38280 --- [bmp-notification-service] [rap-executor-%d] c.n.d.s.r.aws.ConfigClusterResolver      : Resolving eureka endpoints via configuration
2026-09-01T18:25:44.039+05:30  INFO 38280 --- [bmp-notification-service] [pool-3-thread-1] o.a.k.c.c.internals.ConsumerCoordinator  : [Consumer clientId=consumer-anonymous.71319fe6-9081-4354-a696-fc4667b331dc-4, groupId=anonymous.71319fe6-9081-4354-a696-fc4667b331dc] Found no committed offset for partition springCloudBus-0
2026-09-01T18:26:44.059+05:30  INFO 38280 --- [bmp-notification-service] [pool-3-thread-1] o.a.k.c.c.internals.ConsumerCoordinator  : [Consumer clientId=consumer-anonymous.71319fe6-9081-4354-a696-fc4667b331dc-4, groupId=anonymous.71319fe6-9081-4354-a696-fc4667b331dc] Found no committed offset for partition springCloudBus-0
2026-09-01T18:27:44.078+05:30  INFO 38280 --- [bmp-notification-service] [pool-3-thread-1] o.a.k.c.c.internals.ConsumerCoordinator  : [Consumer clientId=consumer-anonymous.71319fe6-9081-4354-a696-fc4667b331dc-4, groupId=anonymous.71319fe6-9081-4354-a696-fc4667b331dc] Found no committed offset for partition springCloudBus-0
2026-09-01T18:28:44.088+05:30  INFO 38280 --- [bmp-notification-service] [pool-3-thread-1] o.a.k.c.c.internals.ConsumerCoordinator  : [Consumer clientId=consumer-anonymous.71319fe6-9081-4354-a696-fc4667b331dc-4, groupId=anonymous.71319fe6-9081-4354-a696-fc4667b331dc] Found no committed offset for partition springCloudBus-0
2026-09-01T18:29:44.111+05:30  INFO 38280 --- [bmp-notification-service] [pool-3-thread-1] o.a.k.c.c.internals.ConsumerCoordinator  : [Consumer clientId=consumer-anonymous.71319fe6-9081-4354-a696-fc4667b331dc-4, groupId=anonymous.71319fe6-9081-4354-a696-fc4667b331dc] Found no committed offset for partition springCloudBus-0
2026-09-01T18:29:51.156+05:30  INFO 38280 --- [bmp-notification-service] [rap-executor-%d] c.n.d.s.r.aws.ConfigClusterResolver      : Resolving eureka endpoints via configuration
2026-09-01T18:30:44.129+05:30  INFO 38280 --- [bmp-notification-service] [pool-3-thread-1] o.a.k.c.c.internals.ConsumerCoordinator  : [Consumer clientId=consumer-anonymous.71319fe6-9081-4354-a696-fc4667b331dc-4, groupId=anonymous.71319fe6-9081-4354-a696-fc4667b331dc] Found no committed offset for partition springCloudBus-0
2026-09-01T18:31:44.142+05:30  INFO 38280 --- [bmp-notification-service] [pool-3-thread-1] o.a.k.c.c.internals.ConsumerCoordinator  : [Consumer clientId=consumer-anonymous.71319fe6-9081-4354-a696-fc4667b331dc-4, groupId=anonymous.71319fe6-9081-4354-a696-fc4667b331dc] Found no committed offset for partition springCloudBus-0
2026-09-01T18:32:44.159+05:30  INFO 38280 --- [bmp-notification-service] [pool-3-thread-1] o.a.k.c.c.internals.ConsumerCoordinator  : [Consumer clientId=consumer-anonymous.71319fe6-9081-4354-a696-fc4667b331dc-4, groupId=anonymous.71319fe6-9081-4354-a696-fc4667b331dc] Found no committed offset for partition springCloudBus-0
2026-09-01T18:33:44.176+05:30  INFO 38280 --- [bmp-notification-service] [pool-3-thread-1] o.a.k.c.c.internals.ConsumerCoordinator  : [Consumer clientId=consumer-anonymous.71319fe6-9081-4354-a696-fc4667b331dc-4, groupId=anonymous.71319fe6-9081-4354-a696-fc4667b331dc] Found no committed offset for partition springCloudBus-0
2026-09-01T18:34:44.199+05:30  INFO 38280 --- [bmp-notification-service] [pool-3-thread-1] o.a.k.c.c.internals.ConsumerCoordinator  : [Consumer clientId=consumer-anonymous.71319fe6-9081-4354-a696-fc4667b331dc-4, groupId=anonymous.71319fe6-9081-4354-a696-fc4667b331dc] Found no committed offset for partition springCloudBus-0
2026-09-01T18:34:51.165+05:30  INFO 38280 --- [bmp-notification-service] [rap-executor-%d] c.n.d.s.r.aws.ConfigClusterResolver      : Resolving eureka endpoints via configuration
2026-09-01T18:35:44.218+05:30  INFO 38280 --- [bmp-notification-service] [pool-3-thread-1] o.a.k.c.c.internals.ConsumerCoordinator  : [Consumer clientId=consumer-anonymous.71319fe6-9081-4354-a696-fc4667b331dc-4, groupId=anonymous.71319fe6-9081-4354-a696-fc4667b331dc] Found no committed offset for partition springCloudBus-0
2026-09-01T18:36:44.229+05:30  INFO 38280 --- [bmp-notification-service] [pool-3-thread-1] o.a.k.c.c.internals.ConsumerCoordinator  : [Consumer clientId=consumer-anonymous.71319fe6-9081-4354-a696-fc4667b331dc-4, groupId=anonymous.71319fe6-9081-4354-a696-fc4667b331dc] Found no committed offset for partition springCloudBus-0
2026-09-01T18:37:44.245+05:30  INFO 38280 --- [bmp-notification-service] [pool-3-thread-1] o.a.k.c.c.internals.ConsumerCoordinator  : [Consumer clientId=consumer-anonymous.71319fe6-9081-4354-a696-fc4667b331dc-4, groupId=anonymous.71319fe6-9081-4354-a696-fc4667b331dc] Found no committed offset for partition springCloudBus-0
2026-09-01T18:38:44.263+05:30  INFO 38280 --- [bmp-notification-service] [pool-3-thread-1] o.a.k.c.c.internals.ConsumerCoordinator  : [Consumer clientId=consumer-anonymous.71319fe6-9081-4354-a696-fc4667b331dc-4, groupId=anonymous.71319fe6-9081-4354-a696-fc4667b331dc] Found no committed offset for partition springCloudBus-0
2026-09-01T18:39:44.292+05:30  INFO 38280 --- [bmp-notification-service] [pool-3-thread-1] o.a.k.c.c.internals.ConsumerCoordinator  : [Consumer clientId=consumer-anonymous.71319fe6-9081-4354-a696-fc4667b331dc-4, groupId=anonymous.71319fe6-9081-4354-a696-fc4667b331dc] Found no committed offset for partition springCloudBus-0
2026-09-01T18:39:51.183+05:30  INFO 38280 --- [bmp-notification-service] [rap-executor-%d] c.n.d.s.r.aws.ConfigClusterResolver      : Resolving eureka endpoints via configuration
2026-09-01T18:40:44.326+05:30  INFO 38280 --- [bmp-notification-service] [pool-3-thread-1] o.a.k.c.c.internals.ConsumerCoordinator  : [Consumer clientId=consumer-anonymous.71319fe6-9081-4354-a696-fc4667b331dc-4, groupId=anonymous.71319fe6-9081-4354-a696-fc4667b331dc] Found no committed offset for partition springCloudBus-0
2026-09-01T18:41:44.353+05:30  INFO 38280 --- [bmp-notification-service] [pool-3-thread-1] o.a.k.c.c.internals.ConsumerCoordinator  : [Consumer clientId=consumer-anonymous.71319fe6-9081-4354-a696-fc4667b331dc-4, groupId=anonymous.71319fe6-9081-4354-a696-fc4667b331dc] Found no committed offset for partition springCloudBus-0
2026-09-01T18:42:44.377+05:30  INFO 38280 --- [bmp-notification-service] [pool-3-thread-1] o.a.k.c.c.internals.ConsumerCoordinator  : [Consumer clientId=consumer-anonymous.71319fe6-9081-4354-a696-fc4667b331dc-4, groupId=anonymous.71319fe6-9081-4354-a696-fc4667b331dc] Found no committed offset for partition springCloudBus-0
2026-09-01T18:43:44.439+05:30  INFO 38280 --- [bmp-notification-service] [pool-3-thread-1] o.a.k.c.c.internals.ConsumerCoordinator  : [Consumer clientId=consumer-anonymous.71319fe6-9081-4354-a696-fc4667b331dc-4, groupId=anonymous.71319fe6-9081-4354-a696-fc4667b331dc] Found no committed offset for partition springCloudBus-0
2026-09-01T18:44:44.483+05:30  INFO 38280 --- [bmp-notification-service] [pool-3-thread-1] o.a.k.c.c.internals.ConsumerCoordinator  : [Consumer clientId=consumer-anonymous.71319fe6-9081-4354-a696-fc4667b331dc-4, groupId=anonymous.71319fe6-9081-4354-a696-fc4667b331dc] Found no committed offset for partition springCloudBus-0
2026-09-01T18:44:51.187+05:30  INFO 38280 --- [bmp-notification-service] [rap-executor-%d] c.n.d.s.r.aws.ConfigClusterResolver      : Resolving eureka endpoints via configuration
2026-09-01T18:45:44.494+05:30  INFO 38280 --- [bmp-notification-service] [pool-3-thread-1] o.a.k.c.c.internals.ConsumerCoordinator  : [Consumer clientId=consumer-anonymous.71319fe6-9081-4354-a696-fc4667b331dc-4, groupId=anonymous.71319fe6-9081-4354-a696-fc4667b331dc] Found no committed offset for partition springCloudBus-0
2026-09-01T18:46:44.516+05:30  INFO 38280 --- [bmp-notification-service] [pool-3-thread-1] o.a.k.c.c.internals.ConsumerCoordinator  : [Consumer clientId=consumer-anonymous.71319fe6-9081-4354-a696-fc4667b331dc-4, groupId=anonymous.71319fe6-9081-4354-a696-fc4667b331dc] Found no committed offset for partition springCloudBus-0
2026-09-01T18:47:44.533+05:30  INFO 38280 --- [bmp-notification-service] [pool-3-thread-1] o.a.k.c.c.internals.ConsumerCoordinator  : [Consumer clientId=consumer-anonymous.71319fe6-9081-4354-a696-fc4667b331dc-4, groupId=anonymous.71319fe6-9081-4354-a696-fc4667b331dc] Found no committed offset for partition springCloudBus-0
2026-09-01T18:48:44.544+05:30  INFO 38280 --- [bmp-notification-service] [pool-3-thread-1] o.a.k.c.c.internals.ConsumerCoordinator  : [Consumer clientId=consumer-anonymous.71319fe6-9081-4354-a696-fc4667b331dc-4, groupId=anonymous.71319fe6-9081-4354-a696-fc4667b331dc] Found no committed offset for partition springCloudBus-0
2026-09-01T18:49:44.556+05:30  INFO 38280 --- [bmp-notification-service] [pool-3-thread-1] o.a.k.c.c.internals.ConsumerCoordinator  : [Consumer clientId=consumer-anonymous.71319fe6-9081-4354-a696-fc4667b331dc-4, groupId=anonymous.71319fe6-9081-4354-a696-fc4667b331dc] Found no committed offset for partition springCloudBus-0
2026-09-01T18:49:51.201+05:30  INFO 38280 --- [bmp-notification-service] [rap-executor-%d] c.n.d.s.r.aws.ConfigClusterResolver      : Resolving eureka endpoints via configuration
2026-09-01T18:50:44.569+05:30  INFO 38280 --- [bmp-notification-service] [pool-3-thread-1] o.a.k.c.c.internals.ConsumerCoordinator  : [Consumer clientId=consumer-anonymous.71319fe6-9081-4354-a696-fc4667b331dc-4, groupId=anonymous.71319fe6-9081-4354-a696-fc4667b331dc] Found no committed offset for partition springCloudBus-0
2026-09-01T18:51:44.590+05:30  INFO 38280 --- [bmp-notification-service] [pool-3-thread-1] o.a.k.c.c.internals.ConsumerCoordinator  : [Consumer clientId=consumer-anonymous.71319fe6-9081-4354-a696-fc4667b331dc-4, groupId=anonymous.71319fe6-9081-4354-a696-fc4667b331dc] Found no committed offset for partition springCloudBus-0
2026-09-01T18:52:44.617+05:30  INFO 38280 --- [bmp-notification-service] [pool-3-thread-1] o.a.k.c.c.internals.ConsumerCoordinator  : [Consumer clientId=consumer-anonymous.71319fe6-9081-4354-a696-fc4667b331dc-4, groupId=anonymous.71319fe6-9081-4354-a696-fc4667b331dc] Found no committed offset for partition springCloudBus-0
2026-09-01T18:53:44.643+05:30  INFO 38280 --- [bmp-notification-service] [pool-3-thread-1] o.a.k.c.c.internals.ConsumerCoordinator  : [Consumer clientId=consumer-anonymous.71319fe6-9081-4354-a696-fc4667b331dc-4, groupId=anonymous.71319fe6-9081-4354-a696-fc4667b331dc] Found no committed offset for partition springCloudBus-0
2026-09-01T18:54:44.661+05:30  INFO 38280 --- [bmp-notification-service] [pool-3-thread-1] o.a.k.c.c.internals.ConsumerCoordinator  : [Consumer clientId=consumer-anonymous.71319fe6-9081-4354-a696-fc4667b331dc-4, groupId=anonymous.71319fe6-9081-4354-a696-fc4667b331dc] Found no committed offset for partition springCloudBus-0
2026-09-01T18:54:51.215+05:30  INFO 38280 --- [bmp-notification-service] [rap-executor-%d] c.n.d.s.r.aws.ConfigClusterResolver      : Resolving eureka endpoints via configuration
2026-09-01T18:55:44.674+05:30  INFO 38280 --- [bmp-notification-service] [pool-3-thread-1] o.a.k.c.c.internals.ConsumerCoordinator  : [Consumer clientId=consumer-anonymous.71319fe6-9081-4354-a696-fc4667b331dc-4, groupId=anonymous.71319fe6-9081-4354-a696-fc4667b331dc] Found no committed offset for partition springCloudBus-0
2026-09-01T18:56:44.694+05:30  INFO 38280 --- [bmp-notification-service] [pool-3-thread-1] o.a.k.c.c.internals.ConsumerCoordinator  : [Consumer clientId=consumer-anonymous.71319fe6-9081-4354-a696-fc4667b331dc-4, groupId=anonymous.71319fe6-9081-4354-a696-fc4667b331dc] Found no committed offset for partition springCloudBus-0
2026-09-01T18:57:44.703+05:30  INFO 38280 --- [bmp-notification-service] [pool-3-thread-1] o.a.k.c.c.internals.ConsumerCoordinator  : [Consumer clientId=consumer-anonymous.71319fe6-9081-4354-a696-fc4667b331dc-4, groupId=anonymous.71319fe6-9081-4354-a696-fc4667b331dc] Found no committed offset for partition springCloudBus-0
2026-09-01T18:58:44.718+05:30  INFO 38280 --- [bmp-notification-service] [pool-3-thread-1] o.a.k.c.c.internals.ConsumerCoordinator  : [Consumer clientId=consumer-anonymous.71319fe6-9081-4354-a696-fc4667b331dc-4, groupId=anonymous.71319fe6-9081-4354-a696-fc4667b331dc] Found no committed offset for partition springCloudBus-0
2026-09-01T18:59:44.736+05:30  INFO 38280 --- [bmp-notification-service] [pool-3-thread-1] o.a.k.c.c.internals.ConsumerCoordinator  : [Consumer clientId=consumer-anonymous.71319fe6-9081-4354-a696-fc4667b331dc-4, groupId=anonymous.71319fe6-9081-4354-a696-fc4667b331dc] Found no committed offset for partition springCloudBus-0
2026-09-01T18:59:51.221+05:30  INFO 38280 --- [bmp-notification-service] [rap-executor-%d] c.n.d.s.r.aws.ConfigClusterResolver      : Resolving eureka endpoints via configuration
2026-09-01T19:00:44.753+05:30  INFO 38280 --- [bmp-notification-service] [pool-3-thread-1] o.a.k.c.c.internals.ConsumerCoordinator  : [Consumer clientId=consumer-anonymous.71319fe6-9081-4354-a696-fc4667b331dc-4, groupId=anonymous.71319fe6-9081-4354-a696-fc4667b331dc] Found no committed offset for partition springCloudBus-0
2026-09-01T19:01:44.773+05:30  INFO 38280 --- [bmp-notification-service] [pool-3-thread-1] o.a.k.c.c.internals.ConsumerCoordinator  : [Consumer clientId=consumer-anonymous.71319fe6-9081-4354-a696-fc4667b331dc-4, groupId=anonymous.71319fe6-9081-4354-a696-fc4667b331dc] Found no committed offset for partition springCloudBus-0
2026-09-01T19:02:44.787+05:30  INFO 38280 --- [bmp-notification-service] [pool-3-thread-1] o.a.k.c.c.internals.ConsumerCoordinator  : [Consumer clientId=consumer-anonymous.71319fe6-9081-4354-a696-fc4667b331dc-4, groupId=anonymous.71319fe6-9081-4354-a696-fc4667b331dc] Found no committed offset for partition springCloudBus-0
2026-09-01T19:03:44.814+05:30  INFO 38280 --- [bmp-notification-service] [pool-3-thread-1] o.a.k.c.c.internals.ConsumerCoordinator  : [Consumer clientId=consumer-anonymous.71319fe6-9081-4354-a696-fc4667b331dc-4, groupId=anonymous.71319fe6-9081-4354-a696-fc4667b331dc] Found no committed offset for partition springCloudBus-0
2026-09-01T19:04:44.835+05:30  INFO 38280 --- [bmp-notification-service] [pool-3-thread-1] o.a.k.c.c.internals.ConsumerCoordinator  : [Consumer clientId=consumer-anonymous.71319fe6-9081-4354-a696-fc4667b331dc-4, groupId=anonymous.71319fe6-9081-4354-a696-fc4667b331dc] Found no committed offset for partition springCloudBus-0
2026-09-01T19:04:51.240+05:30  INFO 38280 --- [bmp-notification-service] [rap-executor-%d] c.n.d.s.r.aws.ConfigClusterResolver      : Resolving eureka endpoints via configuration
2026-09-01T19:05:44.862+05:30  INFO 38280 --- [bmp-notification-service] [pool-3-thread-1] o.a.k.c.c.internals.ConsumerCoordinator  : [Consumer clientId=consumer-anonymous.71319fe6-9081-4354-a696-fc4667b331dc-4, groupId=anonymous.71319fe6-9081-4354-a696-fc4667b331dc] Found no committed offset for partition springCloudBus-0
2026-09-01T19:06:44.880+05:30  INFO 38280 --- [bmp-notification-service] [pool-3-thread-1] o.a.k.c.c.internals.ConsumerCoordinator  : [Consumer clientId=consumer-anonymous.71319fe6-9081-4354-a696-fc4667b331dc-4, groupId=anonymous.71319fe6-9081-4354-a696-fc4667b331dc] Found no committed offset for partition springCloudBus-0
2026-09-01T19:07:44.890+05:30  INFO 38280 --- [bmp-notification-service] [pool-3-thread-1] o.a.k.c.c.internals.ConsumerCoordinator  : [Consumer clientId=consumer-anonymous.71319fe6-9081-4354-a696-fc4667b331dc-4, groupId=anonymous.71319fe6-9081-4354-a696-fc4667b331dc] Found no committed offset for partition springCloudBus-0
2026-09-01T19:08:44.919+05:30  INFO 38280 --- [bmp-notification-service] [pool-3-thread-1] o.a.k.c.c.internals.ConsumerCoordinator  : [Consumer clientId=consumer-anonymous.71319fe6-9081-4354-a696-fc4667b331dc-4, groupId=anonymous.71319fe6-9081-4354-a696-fc4667b331dc] Found no committed offset for partition springCloudBus-0
2026-09-01T19:09:44.941+05:30  INFO 38280 --- [bmp-notification-service] [pool-3-thread-1] o.a.k.c.c.internals.ConsumerCoordinator  : [Consumer clientId=consumer-anonymous.71319fe6-9081-4354-a696-fc4667b331dc-4, groupId=anonymous.71319fe6-9081-4354-a696-fc4667b331dc] Found no committed offset for partition springCloudBus-0
2026-09-01T19:09:51.256+05:30  INFO 38280 --- [bmp-notification-service] [rap-executor-%d] c.n.d.s.r.aws.ConfigClusterResolver      : Resolving eureka endpoints via configuration
2026-09-01T19:10:44.977+05:30  INFO 38280 --- [bmp-notification-service] [pool-3-thread-1] o.a.k.c.c.internals.ConsumerCoordinator  : [Consumer clientId=consumer-anonymous.71319fe6-9081-4354-a696-fc4667b331dc-4, groupId=anonymous.71319fe6-9081-4354-a696-fc4667b331dc] Found no committed offset for partition springCloudBus-0
2026-09-01T19:11:44.989+05:30  INFO 38280 --- [bmp-notification-service] [pool-3-thread-1] o.a.k.c.c.internals.ConsumerCoordinator  : [Consumer clientId=consumer-anonymous.71319fe6-9081-4354-a696-fc4667b331dc-4, groupId=anonymous.71319fe6-9081-4354-a696-fc4667b331dc] Found no committed offset for partition springCloudBus-0
2026-09-01T19:12:45.004+05:30  INFO 38280 --- [bmp-notification-service] [pool-3-thread-1] o.a.k.c.c.internals.ConsumerCoordinator  : [Consumer clientId=consumer-anonymous.71319fe6-9081-4354-a696-fc4667b331dc-4, groupId=anonymous.71319fe6-9081-4354-a696-fc4667b331dc] Found no committed offset for partition springCloudBus-0
2026-09-01T19:13:45.028+05:30  INFO 38280 --- [bmp-notification-service] [pool-3-thread-1] o.a.k.c.c.internals.ConsumerCoordinator  : [Consumer clientId=consumer-anonymous.71319fe6-9081-4354-a696-fc4667b331dc-4, groupId=anonymous.71319fe6-9081-4354-a696-fc4667b331dc] Found no committed offset for partition springCloudBus-0
2026-09-01T19:14:45.037+05:30  INFO 38280 --- [bmp-notification-service] [pool-3-thread-1] o.a.k.c.c.internals.ConsumerCoordinator  : [Consumer clientId=consumer-anonymous.71319fe6-9081-4354-a696-fc4667b331dc-4, groupId=anonymous.71319fe6-9081-4354-a696-fc4667b331dc] Found no committed offset for partition springCloudBus-0
2026-09-01T19:14:51.267+05:30  INFO 38280 --- [bmp-notification-service] [rap-executor-%d] c.n.d.s.r.aws.ConfigClusterResolver      : Resolving eureka endpoints via configuration
2026-09-01T19:15:45.055+05:30  INFO 38280 --- [bmp-notification-service] [pool-3-thread-1] o.a.k.c.c.internals.ConsumerCoordinator  : [Consumer clientId=consumer-anonymous.71319fe6-9081-4354-a696-fc4667b331dc-4, groupId=anonymous.71319fe6-9081-4354-a696-fc4667b331dc] Found no committed offset for partition springCloudBus-0
2026-09-01T19:16:45.069+05:30  INFO 38280 --- [bmp-notification-service] [pool-3-thread-1] o.a.k.c.c.internals.ConsumerCoordinator  : [Consumer clientId=consumer-anonymous.71319fe6-9081-4354-a696-fc4667b331dc-4, groupId=anonymous.71319fe6-9081-4354-a696-fc4667b331dc] Found no committed offset for partition springCloudBus-0
2026-09-01T19:17:45.089+05:30  INFO 38280 --- [bmp-notification-service] [pool-3-thread-1] o.a.k.c.c.internals.ConsumerCoordinator  : [Consumer clientId=consumer-anonymous.71319fe6-9081-4354-a696-fc4667b331dc-4, groupId=anonymous.71319fe6-9081-4354-a696-fc4667b331dc] Found no committed offset for partition springCloudBus-0
2026-09-01T19:18:45.108+05:30  INFO 38280 --- [bmp-notification-service] [pool-3-thread-1] o.a.k.c.c.internals.ConsumerCoordinator  : [Consumer clientId=consumer-anonymous.71319fe6-9081-4354-a696-fc4667b331dc-4, groupId=anonymous.71319fe6-9081-4354-a696-fc4667b331dc] Found no committed offset for partition springCloudBus-0
2026-09-01T19:19:45.115+05:30  INFO 38280 --- [bmp-notification-service] [pool-3-thread-1] o.a.k.c.c.internals.ConsumerCoordinator  : [Consumer clientId=consumer-anonymous.71319fe6-9081-4354-a696-fc4667b331dc-4, groupId=anonymous.71319fe6-9081-4354-a696-fc4667b331dc] Found no committed offset for partition springCloudBus-0
2026-09-01T19:19:51.287+05:30  INFO 38280 --- [bmp-notification-service] [rap-executor-%d] c.n.d.s.r.aws.ConfigClusterResolver      : Resolving eureka endpoints via configuration
2026-09-01T19:20:45.130+05:30  INFO 38280 --- [bmp-notification-service] [pool-3-thread-1] o.a.k.c.c.internals.ConsumerCoordinator  : [Consumer clientId=consumer-anonymous.71319fe6-9081-4354-a696-fc4667b331dc-4, groupId=anonymous.71319fe6-9081-4354-a696-fc4667b331dc] Found no committed offset for partition springCloudBus-0
2026-09-01T19:21:45.141+05:30  INFO 38280 --- [bmp-notification-service] [pool-3-thread-1] o.a.k.c.c.internals.ConsumerCoordinator  : [Consumer clientId=consumer-anonymous.71319fe6-9081-4354-a696-fc4667b331dc-4, groupId=anonymous.71319fe6-9081-4354-a696-fc4667b331dc] Found no committed offset for partition springCloudBus-0
2026-09-01T19:22:45.162+05:30  INFO 38280 --- [bmp-notification-service] [pool-3-thread-1] o.a.k.c.c.internals.ConsumerCoordinator  : [Consumer clientId=consumer-anonymous.71319fe6-9081-4354-a696-fc4667b331dc-4, groupId=anonymous.71319fe6-9081-4354-a696-fc4667b331dc] Found no committed offset for partition springCloudBus-0
2026-09-01T22:19:18.671+05:30  INFO 38280 --- [bmp-notification-service] [container-0-C-1] org.apache.kafka.clients.NetworkClient   : [Consumer clientId=consumer-anonymous.71319fe6-9081-4354-a696-fc4667b331dc-2, groupId=anonymous.71319fe6-9081-4354-a696-fc4667b331dc] Node 2147483646 disconnected.
2026-09-01T22:19:18.673+05:30  INFO 38280 --- [bmp-notification-service] [container-0-C-1] org.apache.kafka.clients.NetworkClient   : [Consumer clientId=consumer-anonymous.71319fe6-9081-4354-a696-fc4667b331dc-2, groupId=anonymous.71319fe6-9081-4354-a696-fc4667b331dc] Disconnecting from node 1 due to request timeout.
2026-09-01T22:19:18.676+05:30  INFO 38280 --- [bmp-notification-service] [ntainer#0-0-C-1] org.apache.kafka.clients.NetworkClient   : [Consumer clientId=consumer-bmp-notification-service-3, groupId=bmp-notification-service] Node 1 disconnected.
2026-09-01T22:19:18.678+05:30  INFO 38280 --- [bmp-notification-service] [ntainer#0-0-C-1] org.apache.kafka.clients.NetworkClient   : [Consumer clientId=consumer-bmp-notification-service-3, groupId=bmp-notification-service] Cancelled in-flight FETCH request with correlation id 196297 due to node 1 being disconnected (elapsed time since creation: 10575500ms, elapsed time since send: 10575500ms, throttle time: 0ms, request timeout: 30000ms)
2026-09-01T22:19:18.678+05:30  INFO 38280 --- [bmp-notification-service] [ntainer#0-0-C-1] org.apache.kafka.clients.NetworkClient   : [Consumer clientId=consumer-bmp-notification-service-3, groupId=bmp-notification-service] Disconnecting from node 2147483646 due to request timeout.
2026-09-01T22:19:18.678+05:30  INFO 38280 --- [bmp-notification-service] [ntainer#0-0-C-1] org.apache.kafka.clients.NetworkClient   : [Consumer clientId=consumer-bmp-notification-service-3, groupId=bmp-notification-service] Cancelled in-flight HEARTBEAT request with correlation id 196298 due to node 2147483646 being disconnected (elapsed time since creation: 10575107ms, elapsed time since send: 10575107ms, throttle time: 0ms, request timeout: 30000ms)
2026-09-01T22:19:18.681+05:30  INFO 38280 --- [bmp-notification-service] [container-0-C-1] org.apache.kafka.clients.NetworkClient   : [Consumer clientId=consumer-anonymous.71319fe6-9081-4354-a696-fc4667b331dc-2, groupId=anonymous.71319fe6-9081-4354-a696-fc4667b331dc] Cancelled in-flight FETCH request with correlation id 196340 due to node 1 being disconnected (elapsed time since creation: 10575516ms, elapsed time since send: 10575516ms, throttle time: 0ms, request timeout: 30000ms)
2026-09-01T22:19:18.681+05:30  INFO 38280 --- [bmp-notification-service] [ication-service] o.a.k.c.c.internals.ConsumerCoordinator  : [Consumer clientId=consumer-bmp-notification-service-3, groupId=bmp-notification-service] Group coordinator localhost:9092 (id: 2147483646 rack: null) is unavailable or invalid due to cause: null. isDisconnected: true. Rediscovery will be attempted.
2026-09-01T22:19:18.682+05:30  INFO 38280 --- [bmp-notification-service] [container-0-C-1] o.a.kafka.clients.FetchSessionHandler    : [Consumer clientId=consumer-anonymous.71319fe6-9081-4354-a696-fc4667b331dc-2, groupId=anonymous.71319fe6-9081-4354-a696-fc4667b331dc] Error sending fetch request (sessionId=1187464744, epoch=7993) to node 1:

org.apache.kafka.common.errors.DisconnectException: null

2026-09-01T22:19:18.679+05:30  INFO 38280 --- [bmp-notification-service] [ntainer#0-0-C-1] o.a.kafka.clients.FetchSessionHandler    : [Consumer clientId=consumer-bmp-notification-service-3, groupId=bmp-notification-service] Error sending fetch request (sessionId=1359057147, epoch=7994) to node 1:

org.apache.kafka.common.errors.DisconnectException: null

2026-09-01T22:19:18.966+05:30  INFO 38280 --- [bmp-notification-service] [96-fc4667b331dc] o.a.k.c.c.internals.ConsumerCoordinator  : [Consumer clientId=consumer-anonymous.71319fe6-9081-4354-a696-fc4667b331dc-2, groupId=anonymous.71319fe6-9081-4354-a696-fc4667b331dc] Group coordinator localhost:9092 (id: 2147483646 rack: null) is unavailable or invalid due to cause: session timed out without receiving a heartbeat response. isDisconnected: false. Rediscovery will be attempted.
2026-09-01T22:19:18.974+05:30  INFO 38280 --- [bmp-notification-service] [96-fc4667b331dc] o.a.k.c.c.internals.ConsumerCoordinator  : [Consumer clientId=consumer-anonymous.71319fe6-9081-4354-a696-fc4667b331dc-2, groupId=anonymous.71319fe6-9081-4354-a696-fc4667b331dc] Requesting disconnect from last known coordinator localhost:9092 (id: 2147483646 rack: null)
2026-09-01T22:19:22.309+05:30  INFO 38280 --- [bmp-notification-service] [container-0-C-1] o.a.k.c.c.internals.ConsumerCoordinator  : [Consumer clientId=consumer-anonymous.71319fe6-9081-4354-a696-fc4667b331dc-2, groupId=anonymous.71319fe6-9081-4354-a696-fc4667b331dc] Discovered group coordinator localhost:9092 (id: 2147483646 rack: null)
2026-09-01T22:19:22.325+05:30  INFO 38280 --- [bmp-notification-service] [ntainer#0-0-C-1] o.a.k.c.c.internals.ConsumerCoordinator  : [Consumer clientId=consumer-bmp-notification-service-3, groupId=bmp-notification-service] Discovered group coordinator localhost:9092 (id: 2147483646 rack: null)
2026-09-01T22:19:28.914+05:30  WARN 38280 --- [bmp-notification-service] [l-1 housekeeper] com.zaxxer.hikari.pool.HikariPool        : HikariPool-1 - Thread starvation or clock leap detected (housekeeper delta=2h56m41s892ms545µs900ns).
2026-09-01T22:19:56.965+05:30  INFO 38280 --- [bmp-notification-service] [pool-3-thread-1] org.apache.kafka.clients.NetworkClient   : [Consumer clientId=consumer-anonymous.71319fe6-9081-4354-a696-fc4667b331dc-4, groupId=anonymous.71319fe6-9081-4354-a696-fc4667b331dc] Node 2147483646 disconnected.
2026-09-01T22:19:57.131+05:30  INFO 38280 --- [bmp-notification-service] [pool-3-thread-1] o.a.k.c.c.internals.ConsumerCoordinator  : [Consumer clientId=consumer-anonymous.71319fe6-9081-4354-a696-fc4667b331dc-4, groupId=anonymous.71319fe6-9081-4354-a696-fc4667b331dc] Found no committed offset for partition springCloudBus-0
2026-09-01T22:20:57.147+05:30  INFO 38280 --- [bmp-notification-service] [pool-3-thread-1] o.a.k.c.c.internals.ConsumerCoordinator  : [Consumer clientId=consumer-anonymous.71319fe6-9081-4354-a696-fc4667b331dc-4, groupId=anonymous.71319fe6-9081-4354-a696-fc4667b331dc] Found no committed offset for partition springCloudBus-0
2026-09-01T22:21:03.044+05:30  INFO 38280 --- [bmp-notification-service] [rap-executor-%d] c.n.d.s.r.aws.ConfigClusterResolver      : Resolving eureka endpoints via configuration
2026-09-01T22:21:57.161+05:30  INFO 38280 --- [bmp-notification-service] [pool-3-thread-1] o.a.k.c.c.internals.ConsumerCoordinator  : [Consumer clientId=consumer-anonymous.71319fe6-9081-4354-a696-fc4667b331dc-4, groupId=anonymous.71319fe6-9081-4354-a696-fc4667b331dc] Found no committed offset for partition springCloudBus-0
2026-09-01T22:22:57.168+05:30  INFO 38280 --- [bmp-notification-service] [pool-3-thread-1] o.a.k.c.c.internals.ConsumerCoordinator  : [Consumer clientId=consumer-anonymous.71319fe6-9081-4354-a696-fc4667b331dc-4, groupId=anonymous.71319fe6-9081-4354-a696-fc4667b331dc] Found no committed offset for partition springCloudBus-0
2026-09-01T22:23:57.198+05:30  INFO 38280 --- [bmp-notification-service] [pool-3-thread-1] o.a.k.c.c.internals.ConsumerCoordinator  : [Consumer clientId=consumer-anonymous.71319fe6-9081-4354-a696-fc4667b331dc-4, groupId=anonymous.71319fe6-9081-4354-a696-fc4667b331dc] Found no committed offset for partition springCloudBus-0
2026-09-01T22:24:57.212+05:30  INFO 38280 --- [bmp-notification-service] [pool-3-thread-1] o.a.k.c.c.internals.ConsumerCoordinator  : [Consumer clientId=consumer-anonymous.71319fe6-9081-4354-a696-fc4667b331dc-4, groupId=anonymous.71319fe6-9081-4354-a696-fc4667b331dc] Found no committed offset for partition springCloudBus-0
2026-09-01T22:25:57.226+05:30  INFO 38280 --- [bmp-notification-service] [pool-3-thread-1] o.a.k.c.c.internals.ConsumerCoordinator  : [Consumer clientId=consumer-anonymous.71319fe6-9081-4354-a696-fc4667b331dc-4, groupId=anonymous.71319fe6-9081-4354-a696-fc4667b331dc] Found no committed offset for partition springCloudBus-0
2026-09-01T22:26:03.086+05:30  INFO 38280 --- [bmp-notification-service] [rap-executor-%d] c.n.d.s.r.aws.ConfigClusterResolver      : Resolving eureka endpoints via configuration
2026-09-01T22:26:57.338+05:30  INFO 38280 --- [bmp-notification-service] [pool-3-thread-1] o.a.k.c.c.internals.ConsumerCoordinator  : [Consumer clientId=consumer-anonymous.71319fe6-9081-4354-a696-fc4667b331dc-4, groupId=anonymous.71319fe6-9081-4354-a696-fc4667b331dc] Found no committed offset for partition springCloudBus-0
2026-09-01T22:27:57.363+05:30  INFO 38280 --- [bmp-notification-service] [pool-3-thread-1] o.a.k.c.c.internals.ConsumerCoordinator  : [Consumer clientId=consumer-anonymous.71319fe6-9081-4354-a696-fc4667b331dc-4, groupId=anonymous.71319fe6-9081-4354-a696-fc4667b331dc] Found no committed offset for partition springCloudBus-0
2026-09-01T22:28:57.384+05:30  INFO 38280 --- [bmp-notification-service] [pool-3-thread-1] o.a.k.c.c.internals.ConsumerCoordinator  : [Consumer clientId=consumer-anonymous.71319fe6-9081-4354-a696-fc4667b331dc-4, groupId=anonymous.71319fe6-9081-4354-a696-fc4667b331dc] Found no committed offset for partition springCloudBus-0
2026-09-01T22:29:57.405+05:30  INFO 38280 --- [bmp-notification-service] [pool-3-thread-1] o.a.k.c.c.internals.ConsumerCoordinator  : [Consumer clientId=consumer-anonymous.71319fe6-9081-4354-a696-fc4667b331dc-4, groupId=anonymous.71319fe6-9081-4354-a696-fc4667b331dc] Found no committed offset for partition springCloudBus-0
2026-09-01T22:30:57.429+05:30  INFO 38280 --- [bmp-notification-service] [pool-3-thread-1] o.a.k.c.c.internals.ConsumerCoordinator  : [Consumer clientId=consumer-anonymous.71319fe6-9081-4354-a696-fc4667b331dc-4, groupId=anonymous.71319fe6-9081-4354-a696-fc4667b331dc] Found no committed offset for partition springCloudBus-0
2026-09-01T22:31:03.122+05:30  INFO 38280 --- [bmp-notification-service] [rap-executor-%d] c.n.d.s.r.aws.ConfigClusterResolver      : Resolving eureka endpoints via configuration
2026-09-01T22:31:57.445+05:30  INFO 38280 --- [bmp-notification-service] [pool-3-thread-1] o.a.k.c.c.internals.ConsumerCoordinator  : [Consumer clientId=consumer-anonymous.71319fe6-9081-4354-a696-fc4667b331dc-4, groupId=anonymous.71319fe6-9081-4354-a696-fc4667b331dc] Found no committed offset for partition springCloudBus-0
2026-09-01T22:32:57.459+05:30  INFO 38280 --- [bmp-notification-service] [pool-3-thread-1] o.a.k.c.c.internals.ConsumerCoordinator  : [Consumer clientId=consumer-anonymous.71319fe6-9081-4354-a696-fc4667b331dc-4, groupId=anonymous.71319fe6-9081-4354-a696-fc4667b331dc] Found no committed offset for partition springCloudBus-0
2026-09-01T22:33:57.573+05:30  INFO 38280 --- [bmp-notification-service] [pool-3-thread-1] o.a.k.c.c.internals.ConsumerCoordinator  : [Consumer clientId=consumer-anonymous.71319fe6-9081-4354-a696-fc4667b331dc-4, groupId=anonymous.71319fe6-9081-4354-a696-fc4667b331dc] Found no committed offset for partition springCloudBus-0
2026-09-01T22:34:57.623+05:30  INFO 38280 --- [bmp-notification-service] [pool-3-thread-1] o.a.k.c.c.internals.ConsumerCoordinator  : [Consumer clientId=consumer-anonymous.71319fe6-9081-4354-a696-fc4667b331dc-4, groupId=anonymous.71319fe6-9081-4354-a696-fc4667b331dc] Found no committed offset for partition springCloudBus-0
2026-09-01T22:35:57.651+05:30  INFO 38280 --- [bmp-notification-service] [pool-3-thread-1] o.a.k.c.c.internals.ConsumerCoordinator  : [Consumer clientId=consumer-anonymous.71319fe6-9081-4354-a696-fc4667b331dc-4, groupId=anonymous.71319fe6-9081-4354-a696-fc4667b331dc] Found no committed offset for partition springCloudBus-0
2026-09-01T22:36:03.153+05:30  INFO 38280 --- [bmp-notification-service] [rap-executor-%d] c.n.d.s.r.aws.ConfigClusterResolver      : Resolving eureka endpoints via configuration
2026-09-01T22:36:57.661+05:30  INFO 38280 --- [bmp-notification-service] [pool-3-thread-1] o.a.k.c.c.internals.ConsumerCoordinator  : [Consumer clientId=consumer-anonymous.71319fe6-9081-4354-a696-fc4667b331dc-4, groupId=anonymous.71319fe6-9081-4354-a696-fc4667b331dc] Found no committed offset for partition springCloudBus-0
2026-09-01T22:37:57.681+05:30  INFO 38280 --- [bmp-notification-service] [pool-3-thread-1] o.a.k.c.c.internals.ConsumerCoordinator  : [Consumer clientId=consumer-anonymous.71319fe6-9081-4354-a696-fc4667b331dc-4, groupId=anonymous.71319fe6-9081-4354-a696-fc4667b331dc] Found no committed offset for partition springCloudBus-0
2026-09-01T22:38:57.700+05:30  INFO 38280 --- [bmp-notification-service] [pool-3-thread-1] o.a.k.c.c.internals.ConsumerCoordinator  : [Consumer clientId=consumer-anonymous.71319fe6-9081-4354-a696-fc4667b331dc-4, groupId=anonymous.71319fe6-9081-4354-a696-fc4667b331dc] Found no committed offset for partition springCloudBus-0
2026-09-01T22:39:57.721+05:30  INFO 38280 --- [bmp-notification-service] [pool-3-thread-1] o.a.k.c.c.internals.ConsumerCoordinator  : [Consumer clientId=consumer-anonymous.71319fe6-9081-4354-a696-fc4667b331dc-4, groupId=anonymous.71319fe6-9081-4354-a696-fc4667b331dc] Found no committed offset for partition springCloudBus-0
2026-09-01T22:40:57.734+05:30  INFO 38280 --- [bmp-notification-service] [pool-3-thread-1] o.a.k.c.c.internals.ConsumerCoordinator  : [Consumer clientId=consumer-anonymous.71319fe6-9081-4354-a696-fc4667b331dc-4, groupId=anonymous.71319fe6-9081-4354-a696-fc4667b331dc] Found no committed offset for partition springCloudBus-0
2026-09-01T22:41:03.163+05:30  INFO 38280 --- [bmp-notification-service] [rap-executor-%d] c.n.d.s.r.aws.ConfigClusterResolver      : Resolving eureka endpoints via configuration
2026-09-01T22:41:57.891+05:30  INFO 38280 --- [bmp-notification-service] [pool-3-thread-1] o.a.k.c.c.internals.ConsumerCoordinator  : [Consumer clientId=consumer-anonymous.71319fe6-9081-4354-a696-fc4667b331dc-4, groupId=anonymous.71319fe6-9081-4354-a696-fc4667b331dc] Found no committed offset for partition springCloudBus-0
2026-09-01T22:42:57.918+05:30  INFO 38280 --- [bmp-notification-service] [pool-3-thread-1] o.a.k.c.c.internals.ConsumerCoordinator  : [Consumer clientId=consumer-anonymous.71319fe6-9081-4354-a696-fc4667b331dc-4, groupId=anonymous.71319fe6-9081-4354-a696-fc4667b331dc] Found no committed offset for partition springCloudBus-0
2026-09-01T22:43:57.942+05:30  INFO 38280 --- [bmp-notification-service] [pool-3-thread-1] o.a.k.c.c.internals.ConsumerCoordinator  : [Consumer clientId=consumer-anonymous.71319fe6-9081-4354-a696-fc4667b331dc-4, groupId=anonymous.71319fe6-9081-4354-a696-fc4667b331dc] Found no committed offset for partition springCloudBus-0
2026-09-01T22:44:57.972+05:30  INFO 38280 --- [bmp-notification-service] [pool-3-thread-1] o.a.k.c.c.internals.ConsumerCoordinator  : [Consumer clientId=consumer-anonymous.71319fe6-9081-4354-a696-fc4667b331dc-4, groupId=anonymous.71319fe6-9081-4354-a696-fc4667b331dc] Found no committed offset for partition springCloudBus-0
2026-09-01T22:45:57.984+05:30  INFO 38280 --- [bmp-notification-service] [pool-3-thread-1] o.a.k.c.c.internals.ConsumerCoordinator  : [Consumer clientId=consumer-anonymous.71319fe6-9081-4354-a696-fc4667b331dc-4, groupId=anonymous.71319fe6-9081-4354-a696-fc4667b331dc] Found no committed offset for partition springCloudBus-0
2026-09-01T22:46:03.175+05:30  INFO 38280 --- [bmp-notification-service] [rap-executor-%d] c.n.d.s.r.aws.ConfigClusterResolver      : Resolving eureka endpoints via configuration
2026-09-01T22:46:58.015+05:30  INFO 38280 --- [bmp-notification-service] [pool-3-thread-1] o.a.k.c.c.internals.ConsumerCoordinator  : [Consumer clientId=consumer-anonymous.71319fe6-9081-4354-a696-fc4667b331dc-4, groupId=anonymous.71319fe6-9081-4354-a696-fc4667b331dc] Found no committed offset for partition springCloudBus-0
2026-09-01T22:47:58.048+05:30  INFO 38280 --- [bmp-notification-service] [pool-3-thread-1] o.a.k.c.c.internals.ConsumerCoordinator  : [Consumer clientId=consumer-anonymous.71319fe6-9081-4354-a696-fc4667b331dc-4, groupId=anonymous.71319fe6-9081-4354-a696-fc4667b331dc] Found no committed offset for partition springCloudBus-0
2026-09-01T22:48:58.071+05:30  INFO 38280 --- [bmp-notification-service] [pool-3-thread-1] o.a.k.c.c.internals.ConsumerCoordinator  : [Consumer clientId=consumer-anonymous.71319fe6-9081-4354-a696-fc4667b331dc-4, groupId=anonymous.71319fe6-9081-4354-a696-fc4667b331dc] Found no committed offset for partition springCloudBus-0
2026-09-01T22:49:58.099+05:30  INFO 38280 --- [bmp-notification-service] [pool-3-thread-1] o.a.k.c.c.internals.ConsumerCoordinator  : [Consumer clientId=consumer-anonymous.71319fe6-9081-4354-a696-fc4667b331dc-4, groupId=anonymous.71319fe6-9081-4354-a696-fc4667b331dc] Found no committed offset for partition springCloudBus-0
2026-09-01T22:50:58.135+05:30  INFO 38280 --- [bmp-notification-service] [pool-3-thread-1] o.a.k.c.c.internals.ConsumerCoordinator  : [Consumer clientId=consumer-anonymous.71319fe6-9081-4354-a696-fc4667b331dc-4, groupId=anonymous.71319fe6-9081-4354-a696-fc4667b331dc] Found no committed offset for partition springCloudBus-0
2026-09-01T22:51:03.186+05:30  INFO 38280 --- [bmp-notification-service] [rap-executor-%d] c.n.d.s.r.aws.ConfigClusterResolver      : Resolving eureka endpoints via configuration
2026-09-01T22:51:58.174+05:30  INFO 38280 --- [bmp-notification-service] [pool-3-thread-1] o.a.k.c.c.internals.ConsumerCoordinator  : [Consumer clientId=consumer-anonymous.71319fe6-9081-4354-a696-fc4667b331dc-4, groupId=anonymous.71319fe6-9081-4354-a696-fc4667b331dc] Found no committed offset for partition springCloudBus-0
2026-09-01T22:52:58.193+05:30  INFO 38280 --- [bmp-notification-service] [pool-3-thread-1] o.a.k.c.c.internals.ConsumerCoordinator  : [Consumer clientId=consumer-anonymous.71319fe6-9081-4354-a696-fc4667b331dc-4, groupId=anonymous.71319fe6-9081-4354-a696-fc4667b331dc] Found no committed offset for partition springCloudBus-0
2026-09-01T22:53:58.208+05:30  INFO 38280 --- [bmp-notification-service] [pool-3-thread-1] o.a.k.c.c.internals.ConsumerCoordinator  : [Consumer clientId=consumer-anonymous.71319fe6-9081-4354-a696-fc4667b331dc-4, groupId=anonymous.71319fe6-9081-4354-a696-fc4667b331dc] Found no committed offset for partition springCloudBus-0
2026-09-01T22:54:58.252+05:30  INFO 38280 --- [bmp-notification-service] [pool-3-thread-1] o.a.k.c.c.internals.ConsumerCoordinator  : [Consumer clientId=consumer-anonymous.71319fe6-9081-4354-a696-fc4667b331dc-4, groupId=anonymous.71319fe6-9081-4354-a696-fc4667b331dc] Found no committed offset for partition springCloudBus-0
2026-09-01T22:55:58.269+05:30  INFO 38280 --- [bmp-notification-service] [pool-3-thread-1] o.a.k.c.c.internals.ConsumerCoordinator  : [Consumer clientId=consumer-anonymous.71319fe6-9081-4354-a696-fc4667b331dc-4, groupId=anonymous.71319fe6-9081-4354-a696-fc4667b331dc] Found no committed offset for partition springCloudBus-0
2026-09-01T22:56:03.198+05:30  INFO 38280 --- [bmp-notification-service] [rap-executor-%d] c.n.d.s.r.aws.ConfigClusterResolver      : Resolving eureka endpoints via configuration
2026-09-01T22:56:58.289+05:30  INFO 38280 --- [bmp-notification-service] [pool-3-thread-1] o.a.k.c.c.internals.ConsumerCoordinator  : [Consumer clientId=consumer-anonymous.71319fe6-9081-4354-a696-fc4667b331dc-4, groupId=anonymous.71319fe6-9081-4354-a696-fc4667b331dc] Found no committed offset for partition springCloudBus-0
2026-09-01T22:57:58.307+05:30  INFO 38280 --- [bmp-notification-service] [pool-3-thread-1] o.a.k.c.c.internals.ConsumerCoordinator  : [Consumer clientId=consumer-anonymous.71319fe6-9081-4354-a696-fc4667b331dc-4, groupId=anonymous.71319fe6-9081-4354-a696-fc4667b331dc] Found no committed offset for partition springCloudBus-0
2026-09-01T22:58:58.323+05:30  INFO 38280 --- [bmp-notification-service] [pool-3-thread-1] o.a.k.c.c.internals.ConsumerCoordinator  : [Consumer clientId=consumer-anonymous.71319fe6-9081-4354-a696-fc4667b331dc-4, groupId=anonymous.71319fe6-9081-4354-a696-fc4667b331dc] Found no committed offset for partition springCloudBus-0
2026-09-01T22:59:58.344+05:30  INFO 38280 --- [bmp-notification-service] [pool-3-thread-1] o.a.k.c.c.internals.ConsumerCoordinator  : [Consumer clientId=consumer-anonymous.71319fe6-9081-4354-a696-fc4667b331dc-4, groupId=anonymous.71319fe6-9081-4354-a696-fc4667b331dc] Found no committed offset for partition springCloudBus-0
2026-09-01T23:00:58.381+05:30  INFO 38280 --- [bmp-notification-service] [pool-3-thread-1] o.a.k.c.c.internals.ConsumerCoordinator  : [Consumer clientId=consumer-anonymous.71319fe6-9081-4354-a696-fc4667b331dc-4, groupId=anonymous.71319fe6-9081-4354-a696-fc4667b331dc] Found no committed offset for partition springCloudBus-0
2026-09-01T23:01:03.205+05:30  INFO 38280 --- [bmp-notification-service] [rap-executor-%d] c.n.d.s.r.aws.ConfigClusterResolver      : Resolving eureka endpoints via configuration
2026-09-01T23:01:58.391+05:30  INFO 38280 --- [bmp-notification-service] [pool-3-thread-1] o.a.k.c.c.internals.ConsumerCoordinator  : [Consumer clientId=consumer-anonymous.71319fe6-9081-4354-a696-fc4667b331dc-4, groupId=anonymous.71319fe6-9081-4354-a696-fc4667b331dc] Found no committed offset for partition springCloudBus-0
2026-09-01T23:02:58.399+05:30  INFO 38280 --- [bmp-notification-service] [pool-3-thread-1] o.a.k.c.c.internals.ConsumerCoordinator  : [Consumer clientId=consumer-anonymous.71319fe6-9081-4354-a696-fc4667b331dc-4, groupId=anonymous.71319fe6-9081-4354-a696-fc4667b331dc] Found no committed offset for partition springCloudBus-0
2026-09-01T23:03:58.416+05:30  INFO 38280 --- [bmp-notification-service] [pool-3-thread-1] o.a.k.c.c.internals.ConsumerCoordinator  : [Consumer clientId=consumer-anonymous.71319fe6-9081-4354-a696-fc4667b331dc-4, groupId=anonymous.71319fe6-9081-4354-a696-fc4667b331dc] Found no committed offset for partition springCloudBus-0
2026-09-01T23:04:58.440+05:30  INFO 38280 --- [bmp-notification-service] [pool-3-thread-1] o.a.k.c.c.internals.ConsumerCoordinator  : [Consumer clientId=consumer-anonymous.71319fe6-9081-4354-a696-fc4667b331dc-4, groupId=anonymous.71319fe6-9081-4354-a696-fc4667b331dc] Found no committed offset for partition springCloudBus-0
2026-09-01T23:05:58.457+05:30  INFO 38280 --- [bmp-notification-service] [pool-3-thread-1] o.a.k.c.c.internals.ConsumerCoordinator  : [Consumer clientId=consumer-anonymous.71319fe6-9081-4354-a696-fc4667b331dc-4, groupId=anonymous.71319fe6-9081-4354-a696-fc4667b331dc] Found no committed offset for partition springCloudBus-0
2026-09-01T23:06:03.212+05:30  INFO 38280 --- [bmp-notification-service] [rap-executor-%d] c.n.d.s.r.aws.ConfigClusterResolver      : Resolving eureka endpoints via configuration
2026-09-01T23:06:58.470+05:30  INFO 38280 --- [bmp-notification-service] [pool-3-thread-1] o.a.k.c.c.internals.ConsumerCoordinator  : [Consumer clientId=consumer-anonymous.71319fe6-9081-4354-a696-fc4667b331dc-4, groupId=anonymous.71319fe6-9081-4354-a696-fc4667b331dc] Found no committed offset for partition springCloudBus-0
2026-09-01T23:07:58.510+05:30  INFO 38280 --- [bmp-notification-service] [pool-3-thread-1] o.a.k.c.c.internals.ConsumerCoordinator  : [Consumer clientId=consumer-anonymous.71319fe6-9081-4354-a696-fc4667b331dc-4, groupId=anonymous.71319fe6-9081-4354-a696-fc4667b331dc] Found no committed offset for partition springCloudBus-0
2026-09-01T23:08:58.533+05:30  INFO 38280 --- [bmp-notification-service] [pool-3-thread-1] o.a.k.c.c.internals.ConsumerCoordinator  : [Consumer clientId=consumer-anonymous.71319fe6-9081-4354-a696-fc4667b331dc-4, groupId=anonymous.71319fe6-9081-4354-a696-fc4667b331dc] Found no committed offset for partition springCloudBus-0
2026-09-01T23:09:58.543+05:30  INFO 38280 --- [bmp-notification-service] [pool-3-thread-1] o.a.k.c.c.internals.ConsumerCoordinator  : [Consumer clientId=consumer-anonymous.71319fe6-9081-4354-a696-fc4667b331dc-4, groupId=anonymous.71319fe6-9081-4354-a696-fc4667b331dc] Found no committed offset for partition springCloudBus-0
2026-09-01T23:10:58.576+05:30  INFO 38280 --- [bmp-notification-service] [pool-3-thread-1] o.a.k.c.c.internals.ConsumerCoordinator  : [Consumer clientId=consumer-anonymous.71319fe6-9081-4354-a696-fc4667b331dc-4, groupId=anonymous.71319fe6-9081-4354-a696-fc4667b331dc] Found no committed offset for partition springCloudBus-0
2026-09-01T23:11:03.224+05:30  INFO 38280 --- [bmp-notification-service] [rap-executor-%d] c.n.d.s.r.aws.ConfigClusterResolver      : Resolving eureka endpoints via configuration
2026-09-01T23:11:58.600+05:30  INFO 38280 --- [bmp-notification-service] [pool-3-thread-1] o.a.k.c.c.internals.ConsumerCoordinator  : [Consumer clientId=consumer-anonymous.71319fe6-9081-4354-a696-fc4667b331dc-4, groupId=anonymous.71319fe6-9081-4354-a696-fc4667b331dc] Found no committed offset for partition springCloudBus-0
2026-09-01T23:12:58.630+05:30  INFO 38280 --- [bmp-notification-service] [pool-3-thread-1] o.a.k.c.c.internals.ConsumerCoordinator  : [Consumer clientId=consumer-anonymous.71319fe6-9081-4354-a696-fc4667b331dc-4, groupId=anonymous.71319fe6-9081-4354-a696-fc4667b331dc] Found no committed offset for partition springCloudBus-0
2026-09-01T23:13:58.651+05:30  INFO 38280 --- [bmp-notification-service] [pool-3-thread-1] o.a.k.c.c.internals.ConsumerCoordinator  : [Consumer clientId=consumer-anonymous.71319fe6-9081-4354-a696-fc4667b331dc-4, groupId=anonymous.71319fe6-9081-4354-a696-fc4667b331dc] Found no committed offset for partition springCloudBus-0
2026-09-01T23:14:58.670+05:30  INFO 38280 --- [bmp-notification-service] [pool-3-thread-1] o.a.k.c.c.internals.ConsumerCoordinator  : [Consumer clientId=consumer-anonymous.71319fe6-9081-4354-a696-fc4667b331dc-4, groupId=anonymous.71319fe6-9081-4354-a696-fc4667b331dc] Found no committed offset for partition springCloudBus-0
2026-09-01T23:15:58.692+05:30  INFO 38280 --- [bmp-notification-service] [pool-3-thread-1] o.a.k.c.c.internals.ConsumerCoordinator  : [Consumer clientId=consumer-anonymous.71319fe6-9081-4354-a696-fc4667b331dc-4, groupId=anonymous.71319fe6-9081-4354-a696-fc4667b331dc] Found no committed offset for partition springCloudBus-0
2026-09-01T23:16:03.238+05:30  INFO 38280 --- [bmp-notification-service] [rap-executor-%d] c.n.d.s.r.aws.ConfigClusterResolver      : Resolving eureka endpoints via configuration
2026-09-01T23:16:58.708+05:30  INFO 38280 --- [bmp-notification-service] [pool-3-thread-1] o.a.k.c.c.internals.ConsumerCoordinator  : [Consumer clientId=consumer-anonymous.71319fe6-9081-4354-a696-fc4667b331dc-4, groupId=anonymous.71319fe6-9081-4354-a696-fc4667b331dc] Found no committed offset for partition springCloudBus-0
2026-09-01T23:17:58.731+05:30  INFO 38280 --- [bmp-notification-service] [pool-3-thread-1] o.a.k.c.c.internals.ConsumerCoordinator  : [Consumer clientId=consumer-anonymous.71319fe6-9081-4354-a696-fc4667b331dc-4, groupId=anonymous.71319fe6-9081-4354-a696-fc4667b331dc] Found no committed offset for partition springCloudBus-0
2026-09-01T23:18:58.751+05:30  INFO 38280 --- [bmp-notification-service] [pool-3-thread-1] o.a.k.c.c.internals.ConsumerCoordinator  : [Consumer clientId=consumer-anonymous.71319fe6-9081-4354-a696-fc4667b331dc-4, groupId=anonymous.71319fe6-9081-4354-a696-fc4667b331dc] Found no committed offset for partition springCloudBus-0
2026-09-01T23:19:58.774+05:30  INFO 38280 --- [bmp-notification-service] [pool-3-thread-1] o.a.k.c.c.internals.ConsumerCoordinator  : [Consumer clientId=consumer-anonymous.71319fe6-9081-4354-a696-fc4667b331dc-4, groupId=anonymous.71319fe6-9081-4354-a696-fc4667b331dc] Found no committed offset for partition springCloudBus-0
2026-09-01T23:20:58.802+05:30  INFO 38280 --- [bmp-notification-service] [pool-3-thread-1] o.a.k.c.c.internals.ConsumerCoordinator  : [Consumer clientId=consumer-anonymous.71319fe6-9081-4354-a696-fc4667b331dc-4, groupId=anonymous.71319fe6-9081-4354-a696-fc4667b331dc] Found no committed offset for partition springCloudBus-0
2026-09-01T23:21:03.256+05:30  INFO 38280 --- [bmp-notification-service] [rap-executor-%d] c.n.d.s.r.aws.ConfigClusterResolver      : Resolving eureka endpoints via configuration
2026-09-01T23:21:58.822+05:30  INFO 38280 --- [bmp-notification-service] [pool-3-thread-1] o.a.k.c.c.internals.ConsumerCoordinator  : [Consumer clientId=consumer-anonymous.71319fe6-9081-4354-a696-fc4667b331dc-4, groupId=anonymous.71319fe6-9081-4354-a696-fc4667b331dc] Found no committed offset for partition springCloudBus-0
2026-09-01T23:22:58.845+05:30  INFO 38280 --- [bmp-notification-service] [pool-3-thread-1] o.a.k.c.c.internals.ConsumerCoordinator  : [Consumer clientId=consumer-anonymous.71319fe6-9081-4354-a696-fc4667b331dc-4, groupId=anonymous.71319fe6-9081-4354-a696-fc4667b331dc] Found no committed offset for partition springCloudBus-0
2026-09-01T23:23:58.876+05:30  INFO 38280 --- [bmp-notification-service] [pool-3-thread-1] o.a.k.c.c.internals.ConsumerCoordinator  : [Consumer clientId=consumer-anonymous.71319fe6-9081-4354-a696-fc4667b331dc-4, groupId=anonymous.71319fe6-9081-4354-a696-fc4667b331dc] Found no committed offset for partition springCloudBus-0
2026-09-01T23:24:58.906+05:30  INFO 38280 --- [bmp-notification-service] [pool-3-thread-1] o.a.k.c.c.internals.ConsumerCoordinator  : [Consumer clientId=consumer-anonymous.71319fe6-9081-4354-a696-fc4667b331dc-4, groupId=anonymous.71319fe6-9081-4354-a696-fc4667b331dc] Found no committed offset for partition springCloudBus-0
2026-09-01T23:25:58.941+05:30  INFO 38280 --- [bmp-notification-service] [pool-3-thread-1] o.a.k.c.c.internals.ConsumerCoordinator  : [Consumer clientId=consumer-anonymous.71319fe6-9081-4354-a696-fc4667b331dc-4, groupId=anonymous.71319fe6-9081-4354-a696-fc4667b331dc] Found no committed offset for partition springCloudBus-0
2026-09-01T23:26:03.266+05:30  INFO 38280 --- [bmp-notification-service] [rap-executor-%d] c.n.d.s.r.aws.ConfigClusterResolver      : Resolving eureka endpoints via configuration
2026-09-01T23:26:58.957+05:30  INFO 38280 --- [bmp-notification-service] [pool-3-thread-1] o.a.k.c.c.internals.ConsumerCoordinator  : [Consumer clientId=consumer-anonymous.71319fe6-9081-4354-a696-fc4667b331dc-4, groupId=anonymous.71319fe6-9081-4354-a696-fc4667b331dc] Found no committed offset for partition springCloudBus-0
2026-09-01T23:27:58.972+05:30  INFO 38280 --- [bmp-notification-service] [pool-3-thread-1] o.a.k.c.c.internals.ConsumerCoordinator  : [Consumer clientId=consumer-anonymous.71319fe6-9081-4354-a696-fc4667b331dc-4, groupId=anonymous.71319fe6-9081-4354-a696-fc4667b331dc] Found no committed offset for partition springCloudBus-0
2026-09-01T23:28:58.982+05:30  INFO 38280 --- [bmp-notification-service] [pool-3-thread-1] o.a.k.c.c.internals.ConsumerCoordinator  : [Consumer clientId=consumer-anonymous.71319fe6-9081-4354-a696-fc4667b331dc-4, groupId=anonymous.71319fe6-9081-4354-a696-fc4667b331dc] Found no committed offset for partition springCloudBus-0
2026-09-01T23:29:59.009+05:30  INFO 38280 --- [bmp-notification-service] [pool-3-thread-1] o.a.k.c.c.internals.ConsumerCoordinator  : [Consumer clientId=consumer-anonymous.71319fe6-9081-4354-a696-fc4667b331dc-4, groupId=anonymous.71319fe6-9081-4354-a696-fc4667b331dc] Found no committed offset for partition springCloudBus-0
2026-09-01T23:30:59.022+05:30  INFO 38280 --- [bmp-notification-service] [pool-3-thread-1] o.a.k.c.c.internals.ConsumerCoordinator  : [Consumer clientId=consumer-anonymous.71319fe6-9081-4354-a696-fc4667b331dc-4, groupId=anonymous.71319fe6-9081-4354-a696-fc4667b331dc] Found no committed offset for partition springCloudBus-0
2026-09-01T23:31:03.276+05:30  INFO 38280 --- [bmp-notification-service] [rap-executor-%d] c.n.d.s.r.aws.ConfigClusterResolver      : Resolving eureka endpoints via configuration
2026-09-01T23:31:59.042+05:30  INFO 38280 --- [bmp-notification-service] [pool-3-thread-1] o.a.k.c.c.internals.ConsumerCoordinator  : [Consumer clientId=consumer-anonymous.71319fe6-9081-4354-a696-fc4667b331dc-4, groupId=anonymous.71319fe6-9081-4354-a696-fc4667b331dc] Found no committed offset for partition springCloudBus-0
2026-09-01T23:32:59.064+05:30  INFO 38280 --- [bmp-notification-service] [pool-3-thread-1] o.a.k.c.c.internals.ConsumerCoordinator  : [Consumer clientId=consumer-anonymous.71319fe6-9081-4354-a696-fc4667b331dc-4, groupId=anonymous.71319fe6-9081-4354-a696-fc4667b331dc] Found no committed offset for partition springCloudBus-0
2026-09-01T23:33:59.093+05:30  INFO 38280 --- [bmp-notification-service] [pool-3-thread-1] o.a.k.c.c.internals.ConsumerCoordinator  : [Consumer clientId=consumer-anonymous.71319fe6-9081-4354-a696-fc4667b331dc-4, groupId=anonymous.71319fe6-9081-4354-a696-fc4667b331dc] Found no committed offset for partition springCloudBus-0
2026-09-01T23:34:59.130+05:30  INFO 38280 --- [bmp-notification-service] [pool-3-thread-1] o.a.k.c.c.internals.ConsumerCoordinator  : [Consumer clientId=consumer-anonymous.71319fe6-9081-4354-a696-fc4667b331dc-4, groupId=anonymous.71319fe6-9081-4354-a696-fc4667b331dc] Found no committed offset for partition springCloudBus-0
2026-09-01T23:35:59.147+05:30  INFO 38280 --- [bmp-notification-service] [pool-3-thread-1] o.a.k.c.c.internals.ConsumerCoordinator  : [Consumer clientId=consumer-anonymous.71319fe6-9081-4354-a696-fc4667b331dc-4, groupId=anonymous.71319fe6-9081-4354-a696-fc4667b331dc] Found no committed offset for partition springCloudBus-0
2026-09-01T23:36:03.284+05:30  INFO 38280 --- [bmp-notification-service] [rap-executor-%d] c.n.d.s.r.aws.ConfigClusterResolver      : Resolving eureka endpoints via configuration
2026-09-01T23:36:59.155+05:30  INFO 38280 --- [bmp-notification-service] [pool-3-thread-1] o.a.k.c.c.internals.ConsumerCoordinator  : [Consumer clientId=consumer-anonymous.71319fe6-9081-4354-a696-fc4667b331dc-4, groupId=anonymous.71319fe6-9081-4354-a696-fc4667b331dc] Found no committed offset for partition springCloudBus-0
2026-09-01T23:37:59.180+05:30  INFO 38280 --- [bmp-notification-service] [pool-3-thread-1] o.a.k.c.c.internals.ConsumerCoordinator  : [Consumer clientId=consumer-anonymous.71319fe6-9081-4354-a696-fc4667b331dc-4, groupId=anonymous.71319fe6-9081-4354-a696-fc4667b331dc] Found no committed offset for partition springCloudBus-0
2026-09-01T23:38:59.194+05:30  INFO 38280 --- [bmp-notification-service] [pool-3-thread-1] o.a.k.c.c.internals.ConsumerCoordinator  : [Consumer clientId=consumer-anonymous.71319fe6-9081-4354-a696-fc4667b331dc-4, groupId=anonymous.71319fe6-9081-4354-a696-fc4667b331dc] Found no committed offset for partition springCloudBus-0
2026-09-01T23:39:59.215+05:30  INFO 38280 --- [bmp-notification-service] [pool-3-thread-1] o.a.k.c.c.internals.ConsumerCoordinator  : [Consumer clientId=consumer-anonymous.71319fe6-9081-4354-a696-fc4667b331dc-4, groupId=anonymous.71319fe6-9081-4354-a696-fc4667b331dc] Found no committed offset for partition springCloudBus-0
2026-09-01T23:40:59.238+05:30  INFO 38280 --- [bmp-notification-service] [pool-3-thread-1] o.a.k.c.c.internals.ConsumerCoordinator  : [Consumer clientId=consumer-anonymous.71319fe6-9081-4354-a696-fc4667b331dc-4, groupId=anonymous.71319fe6-9081-4354-a696-fc4667b331dc] Found no committed offset for partition springCloudBus-0
2026-09-01T23:41:03.300+05:30  INFO 38280 --- [bmp-notification-service] [rap-executor-%d] c.n.d.s.r.aws.ConfigClusterResolver      : Resolving eureka endpoints via configuration
2026-09-01T23:41:59.268+05:30  INFO 38280 --- [bmp-notification-service] [pool-3-thread-1] o.a.k.c.c.internals.ConsumerCoordinator  : [Consumer clientId=consumer-anonymous.71319fe6-9081-4354-a696-fc4667b331dc-4, groupId=anonymous.71319fe6-9081-4354-a696-fc4667b331dc] Found no committed offset for partition springCloudBus-0
2026-09-01T23:42:59.287+05:30  INFO 38280 --- [bmp-notification-service] [pool-3-thread-1] o.a.k.c.c.internals.ConsumerCoordinator  : [Consumer clientId=consumer-anonymous.71319fe6-9081-4354-a696-fc4667b331dc-4, groupId=anonymous.71319fe6-9081-4354-a696-fc4667b331dc] Found no committed offset for partition springCloudBus-0
2026-09-01T23:43:59.299+05:30  INFO 38280 --- [bmp-notification-service] [pool-3-thread-1] o.a.k.c.c.internals.ConsumerCoordinator  : [Consumer clientId=consumer-anonymous.71319fe6-9081-4354-a696-fc4667b331dc-4, groupId=anonymous.71319fe6-9081-4354-a696-fc4667b331dc] Found no committed offset for partition springCloudBus-0
2026-09-01T23:44:59.320+05:30  INFO 38280 --- [bmp-notification-service] [pool-3-thread-1] o.a.k.c.c.internals.ConsumerCoordinator  : [Consumer clientId=consumer-anonymous.71319fe6-9081-4354-a696-fc4667b331dc-4, groupId=anonymous.71319fe6-9081-4354-a696-fc4667b331dc] Found no committed offset for partition springCloudBus-0
2026-09-01T23:45:59.330+05:30  INFO 38280 --- [bmp-notification-service] [pool-3-thread-1] o.a.k.c.c.internals.ConsumerCoordinator  : [Consumer clientId=consumer-anonymous.71319fe6-9081-4354-a696-fc4667b331dc-4, groupId=anonymous.71319fe6-9081-4354-a696-fc4667b331dc] Found no committed offset for partition springCloudBus-0
2026-09-01T23:46:03.314+05:30  INFO 38280 --- [bmp-notification-service] [rap-executor-%d] c.n.d.s.r.aws.ConfigClusterResolver      : Resolving eureka endpoints via configuration
2026-09-01T23:46:59.351+05:30  INFO 38280 --- [bmp-notification-service] [pool-3-thread-1] o.a.k.c.c.internals.ConsumerCoordinator  : [Consumer clientId=consumer-anonymous.71319fe6-9081-4354-a696-fc4667b331dc-4, groupId=anonymous.71319fe6-9081-4354-a696-fc4667b331dc] Found no committed offset for partition springCloudBus-0
2026-09-01T23:47:59.379+05:30  INFO 38280 --- [bmp-notification-service] [pool-3-thread-1] o.a.k.c.c.internals.ConsumerCoordinator  : [Consumer clientId=consumer-anonymous.71319fe6-9081-4354-a696-fc4667b331dc-4, groupId=anonymous.71319fe6-9081-4354-a696-fc4667b331dc] Found no committed offset for partition springCloudBus-0
2026-09-01T23:48:59.404+05:30  INFO 38280 --- [bmp-notification-service] [pool-3-thread-1] o.a.k.c.c.internals.ConsumerCoordinator  : [Consumer clientId=consumer-anonymous.71319fe6-9081-4354-a696-fc4667b331dc-4, groupId=anonymous.71319fe6-9081-4354-a696-fc4667b331dc] Found no committed offset for partition springCloudBus-0
2026-09-01T23:49:59.425+05:30  INFO 38280 --- [bmp-notification-service] [pool-3-thread-1] o.a.k.c.c.internals.ConsumerCoordinator  : [Consumer clientId=consumer-anonymous.71319fe6-9081-4354-a696-fc4667b331dc-4, groupId=anonymous.71319fe6-9081-4354-a696-fc4667b331dc] Found no committed offset for partition springCloudBus-0
2026-09-01T23:50:59.446+05:30  INFO 38280 --- [bmp-notification-service] [pool-3-thread-1] o.a.k.c.c.internals.ConsumerCoordinator  : [Consumer clientId=consumer-anonymous.71319fe6-9081-4354-a696-fc4667b331dc-4, groupId=anonymous.71319fe6-9081-4354-a696-fc4667b331dc] Found no committed offset for partition springCloudBus-0
2026-09-01T23:51:03.323+05:30  INFO 38280 --- [bmp-notification-service] [rap-executor-%d] c.n.d.s.r.aws.ConfigClusterResolver      : Resolving eureka endpoints via configuration
2026-09-01T23:51:59.475+05:30  INFO 38280 --- [bmp-notification-service] [pool-3-thread-1] o.a.k.c.c.internals.ConsumerCoordinator  : [Consumer clientId=consumer-anonymous.71319fe6-9081-4354-a696-fc4667b331dc-4, groupId=anonymous.71319fe6-9081-4354-a696-fc4667b331dc] Found no committed offset for partition springCloudBus-0
2026-09-01T23:52:59.493+05:30  INFO 38280 --- [bmp-notification-service] [pool-3-thread-1] o.a.k.c.c.internals.ConsumerCoordinator  : [Consumer clientId=consumer-anonymous.71319fe6-9081-4354-a696-fc4667b331dc-4, groupId=anonymous.71319fe6-9081-4354-a696-fc4667b331dc] Found no committed offset for partition springCloudBus-0
2026-09-01T23:53:59.502+05:30  INFO 38280 --- [bmp-notification-service] [pool-3-thread-1] o.a.k.c.c.internals.ConsumerCoordinator  : [Consumer clientId=consumer-anonymous.71319fe6-9081-4354-a696-fc4667b331dc-4, groupId=anonymous.71319fe6-9081-4354-a696-fc4667b331dc] Found no committed offset for partition springCloudBus-0
2026-09-01T23:54:59.525+05:30  INFO 38280 --- [bmp-notification-service] [pool-3-thread-1] o.a.k.c.c.internals.ConsumerCoordinator  : [Consumer clientId=consumer-anonymous.71319fe6-9081-4354-a696-fc4667b331dc-4, groupId=anonymous.71319fe6-9081-4354-a696-fc4667b331dc] Found no committed offset for partition springCloudBus-0
2026-09-01T23:55:59.546+05:30  INFO 38280 --- [bmp-notification-service] [pool-3-thread-1] o.a.k.c.c.internals.ConsumerCoordinator  : [Consumer clientId=consumer-anonymous.71319fe6-9081-4354-a696-fc4667b331dc-4, groupId=anonymous.71319fe6-9081-4354-a696-fc4667b331dc] Found no committed offset for partition springCloudBus-0
2026-09-01T23:56:03.327+05:30  INFO 38280 --- [bmp-notification-service] [rap-executor-%d] c.n.d.s.r.aws.ConfigClusterResolver      : Resolving eureka endpoints via configuration
2026-09-01T23:56:59.557+05:30  INFO 38280 --- [bmp-notification-service] [pool-3-thread-1] o.a.k.c.c.internals.ConsumerCoordinator  : [Consumer clientId=consumer-anonymous.71319fe6-9081-4354-a696-fc4667b331dc-4, groupId=anonymous.71319fe6-9081-4354-a696-fc4667b331dc] Found no committed offset for partition springCloudBus-0
2026-09-01T23:57:59.566+05:30  INFO 38280 --- [bmp-notification-service] [pool-3-thread-1] o.a.k.c.c.internals.ConsumerCoordinator  : [Consumer clientId=consumer-anonymous.71319fe6-9081-4354-a696-fc4667b331dc-4, groupId=anonymous.71319fe6-9081-4354-a696-fc4667b331dc] Found no committed offset for partition springCloudBus-0
2026-09-01T23:58:59.582+05:30  INFO 38280 --- [bmp-notification-service] [pool-3-thread-1] o.a.k.c.c.internals.ConsumerCoordinator  : [Consumer clientId=consumer-anonymous.71319fe6-9081-4354-a696-fc4667b331dc-4, groupId=anonymous.71319fe6-9081-4354-a696-fc4667b331dc] Found no committed offset for partition springCloudBus-0
2026-09-01T23:59:59.596+05:30  INFO 38280 --- [bmp-notification-service] [pool-3-thread-1] o.a.k.c.c.internals.ConsumerCoordinator  : [Consumer clientId=consumer-anonymous.71319fe6-9081-4354-a696-fc4667b331dc-4, groupId=anonymous.71319fe6-9081-4354-a696-fc4667b331dc] Found no committed offset for partition springCloudBus-0
2026-09-02T00:00:59.781+05:30  INFO 38280 --- [bmp-notification-service] [pool-3-thread-1] o.a.k.c.c.internals.ConsumerCoordinator  : [Consumer clientId=consumer-anonymous.71319fe6-9081-4354-a696-fc4667b331dc-4, groupId=anonymous.71319fe6-9081-4354-a696-fc4667b331dc] Found no committed offset for partition springCloudBus-0
2026-09-02T00:01:03.339+05:30  INFO 38280 --- [bmp-notification-service] [rap-executor-%d] c.n.d.s.r.aws.ConfigClusterResolver      : Resolving eureka endpoints via configuration
2026-09-02T00:01:59.803+05:30  INFO 38280 --- [bmp-notification-service] [pool-3-thread-1] o.a.k.c.c.internals.ConsumerCoordinator  : [Consumer clientId=consumer-anonymous.71319fe6-9081-4354-a696-fc4667b331dc-4, groupId=anonymous.71319fe6-9081-4354-a696-fc4667b331dc] Found no committed offset for partition springCloudBus-0
2026-09-02T00:02:59.818+05:30  INFO 38280 --- [bmp-notification-service] [pool-3-thread-1] o.a.k.c.c.internals.ConsumerCoordinator  : [Consumer clientId=consumer-anonymous.71319fe6-9081-4354-a696-fc4667b331dc-4, groupId=anonymous.71319fe6-9081-4354-a696-fc4667b331dc] Found no committed offset for partition springCloudBus-0
2026-09-02T00:03:59.836+05:30  INFO 38280 --- [bmp-notification-service] [pool-3-thread-1] o.a.k.c.c.internals.ConsumerCoordinator  : [Consumer clientId=consumer-anonymous.71319fe6-9081-4354-a696-fc4667b331dc-4, groupId=anonymous.71319fe6-9081-4354-a696-fc4667b331dc] Found no committed offset for partition springCloudBus-0
2026-09-02T00:04:59.850+05:30  INFO 38280 --- [bmp-notification-service] [pool-3-thread-1] o.a.k.c.c.internals.ConsumerCoordinator  : [Consumer clientId=consumer-anonymous.71319fe6-9081-4354-a696-fc4667b331dc-4, groupId=anonymous.71319fe6-9081-4354-a696-fc4667b331dc] Found no committed offset for partition springCloudBus-0
2026-09-02T00:05:59.865+05:30  INFO 38280 --- [bmp-notification-service] [pool-3-thread-1] o.a.k.c.c.internals.ConsumerCoordinator  : [Consumer clientId=consumer-anonymous.71319fe6-9081-4354-a696-fc4667b331dc-4, groupId=anonymous.71319fe6-9081-4354-a696-fc4667b331dc] Found no committed offset for partition springCloudBus-0
2026-09-02T00:06:03.352+05:30  INFO 38280 --- [bmp-notification-service] [rap-executor-%d] c.n.d.s.r.aws.ConfigClusterResolver      : Resolving eureka endpoints via configuration
2026-09-02T00:06:59.886+05:30  INFO 38280 --- [bmp-notification-service] [pool-3-thread-1] o.a.k.c.c.internals.ConsumerCoordinator  : [Consumer clientId=consumer-anonymous.71319fe6-9081-4354-a696-fc4667b331dc-4, groupId=anonymous.71319fe6-9081-4354-a696-fc4667b331dc] Found no committed offset for partition springCloudBus-0
2026-09-02T00:07:59.905+05:30  INFO 38280 --- [bmp-notification-service] [pool-3-thread-1] o.a.k.c.c.internals.ConsumerCoordinator  : [Consumer clientId=consumer-anonymous.71319fe6-9081-4354-a696-fc4667b331dc-4, groupId=anonymous.71319fe6-9081-4354-a696-fc4667b331dc] Found no committed offset for partition springCloudBus-0
2026-09-02T00:08:59.932+05:30  INFO 38280 --- [bmp-notification-service] [pool-3-thread-1] o.a.k.c.c.internals.ConsumerCoordinator  : [Consumer clientId=consumer-anonymous.71319fe6-9081-4354-a696-fc4667b331dc-4, groupId=anonymous.71319fe6-9081-4354-a696-fc4667b331dc] Found no committed offset for partition springCloudBus-0
2026-09-02T00:09:59.956+05:30  INFO 38280 --- [bmp-notification-service] [pool-3-thread-1] o.a.k.c.c.internals.ConsumerCoordinator  : [Consumer clientId=consumer-anonymous.71319fe6-9081-4354-a696-fc4667b331dc-4, groupId=anonymous.71319fe6-9081-4354-a696-fc4667b331dc] Found no committed offset for partition springCloudBus-0
2026-09-02T00:10:59.972+05:30  INFO 38280 --- [bmp-notification-service] [pool-3-thread-1] o.a.k.c.c.internals.ConsumerCoordinator  : [Consumer clientId=consumer-anonymous.71319fe6-9081-4354-a696-fc4667b331dc-4, groupId=anonymous.71319fe6-9081-4354-a696-fc4667b331dc] Found no committed offset for partition springCloudBus-0
2026-09-02T00:11:03.368+05:30  INFO 38280 --- [bmp-notification-service] [rap-executor-%d] c.n.d.s.r.aws.ConfigClusterResolver      : Resolving eureka endpoints via configuration
2026-09-02T00:11:59.977+05:30  INFO 38280 --- [bmp-notification-service] [pool-3-thread-1] o.a.k.c.c.internals.ConsumerCoordinator  : [Consumer clientId=consumer-anonymous.71319fe6-9081-4354-a696-fc4667b331dc-4, groupId=anonymous.71319fe6-9081-4354-a696-fc4667b331dc] Found no committed offset for partition springCloudBus-0
2026-09-02T00:12:59.994+05:30  INFO 38280 --- [bmp-notification-service] [pool-3-thread-1] o.a.k.c.c.internals.ConsumerCoordinator  : [Consumer clientId=consumer-anonymous.71319fe6-9081-4354-a696-fc4667b331dc-4, groupId=anonymous.71319fe6-9081-4354-a696-fc4667b331dc] Found no committed offset for partition springCloudBus-0
2026-09-02T00:14:00.011+05:30  INFO 38280 --- [bmp-notification-service] [pool-3-thread-1] o.a.k.c.c.internals.ConsumerCoordinator  : [Consumer clientId=consumer-anonymous.71319fe6-9081-4354-a696-fc4667b331dc-4, groupId=anonymous.71319fe6-9081-4354-a696-fc4667b331dc] Found no committed offset for partition springCloudBus-0
2026-09-02T00:15:00.044+05:30  INFO 38280 --- [bmp-notification-service] [pool-3-thread-1] o.a.k.c.c.internals.ConsumerCoordinator  : [Consumer clientId=consumer-anonymous.71319fe6-9081-4354-a696-fc4667b331dc-4, groupId=anonymous.71319fe6-9081-4354-a696-fc4667b331dc] Found no committed offset for partition springCloudBus-0
2026-09-02T00:16:00.063+05:30  INFO 38280 --- [bmp-notification-service] [pool-3-thread-1] o.a.k.c.c.internals.ConsumerCoordinator  : [Consumer clientId=consumer-anonymous.71319fe6-9081-4354-a696-fc4667b331dc-4, groupId=anonymous.71319fe6-9081-4354-a696-fc4667b331dc] Found no committed offset for partition springCloudBus-0
2026-09-02T00:16:03.376+05:30  INFO 38280 --- [bmp-notification-service] [rap-executor-%d] c.n.d.s.r.aws.ConfigClusterResolver      : Resolving eureka endpoints via configuration
2026-09-02T00:17:00.082+05:30  INFO 38280 --- [bmp-notification-service] [pool-3-thread-1] o.a.k.c.c.internals.ConsumerCoordinator  : [Consumer clientId=consumer-anonymous.71319fe6-9081-4354-a696-fc4667b331dc-4, groupId=anonymous.71319fe6-9081-4354-a696-fc4667b331dc] Found no committed offset for partition springCloudBus-0
2026-09-02T00:18:00.096+05:30  INFO 38280 --- [bmp-notification-service] [pool-3-thread-1] o.a.k.c.c.internals.ConsumerCoordinator  : [Consumer clientId=consumer-anonymous.71319fe6-9081-4354-a696-fc4667b331dc-4, groupId=anonymous.71319fe6-9081-4354-a696-fc4667b331dc] Found no committed offset for partition springCloudBus-0
2026-09-02T00:19:00.118+05:30  INFO 38280 --- [bmp-notification-service] [pool-3-thread-1] o.a.k.c.c.internals.ConsumerCoordinator  : [Consumer clientId=consumer-anonymous.71319fe6-9081-4354-a696-fc4667b331dc-4, groupId=anonymous.71319fe6-9081-4354-a696-fc4667b331dc] Found no committed offset for partition springCloudBus-0
2026-09-02T00:20:00.131+05:30  INFO 38280 --- [bmp-notification-service] [pool-3-thread-1] o.a.k.c.c.internals.ConsumerCoordinator  : [Consumer clientId=consumer-anonymous.71319fe6-9081-4354-a696-fc4667b331dc-4, groupId=anonymous.71319fe6-9081-4354-a696-fc4667b331dc] Found no committed offset for partition springCloudBus-0
2026-09-02T00:21:00.157+05:30  INFO 38280 --- [bmp-notification-service] [pool-3-thread-1] o.a.k.c.c.internals.ConsumerCoordinator  : [Consumer clientId=consumer-anonymous.71319fe6-9081-4354-a696-fc4667b331dc-4, groupId=anonymous.71319fe6-9081-4354-a696-fc4667b331dc] Found no committed offset for partition springCloudBus-0
2026-09-02T00:21:03.388+05:30  INFO 38280 --- [bmp-notification-service] [rap-executor-%d] c.n.d.s.r.aws.ConfigClusterResolver      : Resolving eureka endpoints via configuration
2026-09-02T00:22:00.177+05:30  INFO 38280 --- [bmp-notification-service] [pool-3-thread-1] o.a.k.c.c.internals.ConsumerCoordinator  : [Consumer clientId=consumer-anonymous.71319fe6-9081-4354-a696-fc4667b331dc-4, groupId=anonymous.71319fe6-9081-4354-a696-fc4667b331dc] Found no committed offset for partition springCloudBus-0
2026-09-02T00:23:00.196+05:30  INFO 38280 --- [bmp-notification-service] [pool-3-thread-1] o.a.k.c.c.internals.ConsumerCoordinator  : [Consumer clientId=consumer-anonymous.71319fe6-9081-4354-a696-fc4667b331dc-4, groupId=anonymous.71319fe6-9081-4354-a696-fc4667b331dc] Found no committed offset for partition springCloudBus-0
2026-09-02T00:24:00.219+05:30  INFO 38280 --- [bmp-notification-service] [pool-3-thread-1] o.a.k.c.c.internals.ConsumerCoordinator  : [Consumer clientId=consumer-anonymous.71319fe6-9081-4354-a696-fc4667b331dc-4, groupId=anonymous.71319fe6-9081-4354-a696-fc4667b331dc] Found no committed offset for partition springCloudBus-0
2026-09-02T00:25:00.233+05:30  INFO 38280 --- [bmp-notification-service] [pool-3-thread-1] o.a.k.c.c.internals.ConsumerCoordinator  : [Consumer clientId=consumer-anonymous.71319fe6-9081-4354-a696-fc4667b331dc-4, groupId=anonymous.71319fe6-9081-4354-a696-fc4667b331dc] Found no committed offset for partition springCloudBus-0
2026-09-02T00:26:00.255+05:30  INFO 38280 --- [bmp-notification-service] [pool-3-thread-1] o.a.k.c.c.internals.ConsumerCoordinator  : [Consumer clientId=consumer-anonymous.71319fe6-9081-4354-a696-fc4667b331dc-4, groupId=anonymous.71319fe6-9081-4354-a696-fc4667b331dc] Found no committed offset for partition springCloudBus-0
2026-09-02T00:26:03.398+05:30  INFO 38280 --- [bmp-notification-service] [rap-executor-%d] c.n.d.s.r.aws.ConfigClusterResolver      : Resolving eureka endpoints via configuration
2026-09-02T00:27:00.277+05:30  INFO 38280 --- [bmp-notification-service] [pool-3-thread-1] o.a.k.c.c.internals.ConsumerCoordinator  : [Consumer clientId=consumer-anonymous.71319fe6-9081-4354-a696-fc4667b331dc-4, groupId=anonymous.71319fe6-9081-4354-a696-fc4667b331dc] Found no committed offset for partition springCloudBus-0
2026-09-02T00:28:00.294+05:30  INFO 38280 --- [bmp-notification-service] [pool-3-thread-1] o.a.k.c.c.internals.ConsumerCoordinator  : [Consumer clientId=consumer-anonymous.71319fe6-9081-4354-a696-fc4667b331dc-4, groupId=anonymous.71319fe6-9081-4354-a696-fc4667b331dc] Found no committed offset for partition springCloudBus-0
2026-09-02T00:29:00.322+05:30  INFO 38280 --- [bmp-notification-service] [pool-3-thread-1] o.a.k.c.c.internals.ConsumerCoordinator  : [Consumer clientId=consumer-anonymous.71319fe6-9081-4354-a696-fc4667b331dc-4, groupId=anonymous.71319fe6-9081-4354-a696-fc4667b331dc] Found no committed offset for partition springCloudBus-0
2026-09-02T00:30:00.347+05:30  INFO 38280 --- [bmp-notification-service] [pool-3-thread-1] o.a.k.c.c.internals.ConsumerCoordinator  : [Consumer clientId=consumer-anonymous.71319fe6-9081-4354-a696-fc4667b331dc-4, groupId=anonymous.71319fe6-9081-4354-a696-fc4667b331dc] Found no committed offset for partition springCloudBus-0
2026-09-02T00:31:00.361+05:30  INFO 38280 --- [bmp-notification-service] [pool-3-thread-1] o.a.k.c.c.internals.ConsumerCoordinator  : [Consumer clientId=consumer-anonymous.71319fe6-9081-4354-a696-fc4667b331dc-4, groupId=anonymous.71319fe6-9081-4354-a696-fc4667b331dc] Found no committed offset for partition springCloudBus-0
2026-09-02T00:31:03.410+05:30  INFO 38280 --- [bmp-notification-service] [rap-executor-%d] c.n.d.s.r.aws.ConfigClusterResolver      : Resolving eureka endpoints via configuration
2026-09-02T00:32:00.374+05:30  INFO 38280 --- [bmp-notification-service] [pool-3-thread-1] o.a.k.c.c.internals.ConsumerCoordinator  : [Consumer clientId=consumer-anonymous.71319fe6-9081-4354-a696-fc4667b331dc-4, groupId=anonymous.71319fe6-9081-4354-a696-fc4667b331dc] Found no committed offset for partition springCloudBus-0
2026-09-02T00:33:00.394+05:30  INFO 38280 --- [bmp-notification-service] [pool-3-thread-1] o.a.k.c.c.internals.ConsumerCoordinator  : [Consumer clientId=consumer-anonymous.71319fe6-9081-4354-a696-fc4667b331dc-4, groupId=anonymous.71319fe6-9081-4354-a696-fc4667b331dc] Found no committed offset for partition springCloudBus-0
2026-09-02T00:34:00.404+05:30  INFO 38280 --- [bmp-notification-service] [pool-3-thread-1] o.a.k.c.c.internals.ConsumerCoordinator  : [Consumer clientId=consumer-anonymous.71319fe6-9081-4354-a696-fc4667b331dc-4, groupId=anonymous.71319fe6-9081-4354-a696-fc4667b331dc] Found no committed offset for partition springCloudBus-0
2026-09-02T00:35:00.432+05:30  INFO 38280 --- [bmp-notification-service] [pool-3-thread-1] o.a.k.c.c.internals.ConsumerCoordinator  : [Consumer clientId=consumer-anonymous.71319fe6-9081-4354-a696-fc4667b331dc-4, groupId=anonymous.71319fe6-9081-4354-a696-fc4667b331dc] Found no committed offset for partition springCloudBus-0
2026-09-02T00:36:00.451+05:30  INFO 38280 --- [bmp-notification-service] [pool-3-thread-1] o.a.k.c.c.internals.ConsumerCoordinator  : [Consumer clientId=consumer-anonymous.71319fe6-9081-4354-a696-fc4667b331dc-4, groupId=anonymous.71319fe6-9081-4354-a696-fc4667b331dc] Found no committed offset for partition springCloudBus-0
2026-09-02T00:36:03.417+05:30  INFO 38280 --- [bmp-notification-service] [rap-executor-%d] c.n.d.s.r.aws.ConfigClusterResolver      : Resolving eureka endpoints via configuration
2026-09-02T00:37:00.469+05:30  INFO 38280 --- [bmp-notification-service] [pool-3-thread-1] o.a.k.c.c.internals.ConsumerCoordinator  : [Consumer clientId=consumer-anonymous.71319fe6-9081-4354-a696-fc4667b331dc-4, groupId=anonymous.71319fe6-9081-4354-a696-fc4667b331dc] Found no committed offset for partition springCloudBus-0
2026-09-02T00:38:00.478+05:30  INFO 38280 --- [bmp-notification-service] [pool-3-thread-1] o.a.k.c.c.internals.ConsumerCoordinator  : [Consumer clientId=consumer-anonymous.71319fe6-9081-4354-a696-fc4667b331dc-4, groupId=anonymous.71319fe6-9081-4354-a696-fc4667b331dc] Found no committed offset for partition springCloudBus-0
2026-09-02T00:39:00.496+05:30  INFO 38280 --- [bmp-notification-service] [pool-3-thread-1] o.a.k.c.c.internals.ConsumerCoordinator  : [Consumer clientId=consumer-anonymous.71319fe6-9081-4354-a696-fc4667b331dc-4, groupId=anonymous.71319fe6-9081-4354-a696-fc4667b331dc] Found no committed offset for partition springCloudBus-0
2026-09-02T00:40:00.505+05:30  INFO 38280 --- [bmp-notification-service] [pool-3-thread-1] o.a.k.c.c.internals.ConsumerCoordinator  : [Consumer clientId=consumer-anonymous.71319fe6-9081-4354-a696-fc4667b331dc-4, groupId=anonymous.71319fe6-9081-4354-a696-fc4667b331dc] Found no committed offset for partition springCloudBus-0
2026-09-02T03:40:09.704+05:30  INFO 38280 --- [bmp-notification-service] [ntainer#0-0-C-1] org.apache.kafka.clients.NetworkClient   : [Consumer clientId=consumer-bmp-notification-service-3, groupId=bmp-notification-service] Node 1 disconnected.
2026-09-02T03:40:09.712+05:30  INFO 38280 --- [bmp-notification-service] [ntainer#0-0-C-1] org.apache.kafka.clients.NetworkClient   : [Consumer clientId=consumer-bmp-notification-service-3, groupId=bmp-notification-service] Cancelled in-flight FETCH request with correlation id 215838 due to node 1 being disconnected (elapsed time since creation: 10803689ms, elapsed time since send: 10803689ms, throttle time: 0ms, request timeout: 30000ms)
2026-09-02T03:40:09.718+05:30  INFO 38280 --- [bmp-notification-service] [ntainer#0-0-C-1] org.apache.kafka.clients.NetworkClient   : [Consumer clientId=consumer-bmp-notification-service-3, groupId=bmp-notification-service] Disconnecting from node 2147483646 due to request timeout.
2026-09-02T03:40:09.718+05:30  INFO 38280 --- [bmp-notification-service] [ntainer#0-0-C-1] org.apache.kafka.clients.NetworkClient   : [Consumer clientId=consumer-bmp-notification-service-3, groupId=bmp-notification-service] Cancelled in-flight HEARTBEAT request with correlation id 215839 due to node 2147483646 being disconnected (elapsed time since creation: 10802628ms, elapsed time since send: 10802628ms, throttle time: 0ms, request timeout: 30000ms)
2026-09-02T03:40:09.729+05:30  INFO 38280 --- [bmp-notification-service] [ication-service] o.a.k.c.c.internals.ConsumerCoordinator  : [Consumer clientId=consumer-bmp-notification-service-3, groupId=bmp-notification-service] Group coordinator localhost:9092 (id: 2147483646 rack: null) is unavailable or invalid due to cause: null. isDisconnected: true. Rediscovery will be attempted.
2026-09-02T03:40:09.724+05:30  INFO 38280 --- [bmp-notification-service] [ntainer#0-0-C-1] o.a.kafka.clients.FetchSessionHandler    : [Consumer clientId=consumer-bmp-notification-service-3, groupId=bmp-notification-service] Error sending fetch request (sessionId=86308952, epoch=16671) to node 1:

org.apache.kafka.common.errors.DisconnectException: null

2026-09-02T03:40:09.947+05:30  INFO 38280 --- [bmp-notification-service] [96-fc4667b331dc] o.a.k.c.c.internals.ConsumerCoordinator  : [Consumer clientId=consumer-anonymous.71319fe6-9081-4354-a696-fc4667b331dc-2, groupId=anonymous.71319fe6-9081-4354-a696-fc4667b331dc] Group coordinator localhost:9092 (id: 2147483646 rack: null) is unavailable or invalid due to cause: session timed out without receiving a heartbeat response. isDisconnected: false. Rediscovery will be attempted.
2026-09-02T03:40:09.957+05:30  INFO 38280 --- [bmp-notification-service] [96-fc4667b331dc] o.a.k.c.c.internals.ConsumerCoordinator  : [Consumer clientId=consumer-anonymous.71319fe6-9081-4354-a696-fc4667b331dc-2, groupId=anonymous.71319fe6-9081-4354-a696-fc4667b331dc] Requesting disconnect from last known coordinator localhost:9092 (id: 2147483646 rack: null)
2026-09-02T03:40:09.981+05:30  INFO 38280 --- [bmp-notification-service] [96-fc4667b331dc] org.apache.kafka.clients.NetworkClient   : [Consumer clientId=consumer-anonymous.71319fe6-9081-4354-a696-fc4667b331dc-2, groupId=anonymous.71319fe6-9081-4354-a696-fc4667b331dc] Client requested disconnect from node 2147483646
2026-09-02T03:40:10.298+05:30  INFO 38280 --- [bmp-notification-service] [96-fc4667b331dc] org.apache.kafka.clients.NetworkClient   : [Consumer clientId=consumer-anonymous.71319fe6-9081-4354-a696-fc4667b331dc-2, groupId=anonymous.71319fe6-9081-4354-a696-fc4667b331dc] Cancelled in-flight HEARTBEAT request with correlation id 215878 due to node 2147483646 being disconnected (elapsed time since creation: 10802236ms, elapsed time since send: 10802236ms, throttle time: 0ms, request timeout: 30000ms)
2026-09-02T03:40:10.310+05:30  INFO 38280 --- [bmp-notification-service] [container-0-C-1] org.apache.kafka.clients.NetworkClient   : [Consumer clientId=consumer-anonymous.71319fe6-9081-4354-a696-fc4667b331dc-2, groupId=anonymous.71319fe6-9081-4354-a696-fc4667b331dc] Node 1 disconnected.
2026-09-02T03:40:10.310+05:30  INFO 38280 --- [bmp-notification-service] [container-0-C-1] org.apache.kafka.clients.NetworkClient   : [Consumer clientId=consumer-anonymous.71319fe6-9081-4354-a696-fc4667b331dc-2, groupId=anonymous.71319fe6-9081-4354-a696-fc4667b331dc] Cancelled in-flight FETCH request with correlation id 215877 due to node 1 being disconnected (elapsed time since creation: 10804631ms, elapsed time since send: 10804631ms, throttle time: 0ms, request timeout: 30000ms)
2026-09-02T03:40:10.310+05:30  INFO 38280 --- [bmp-notification-service] [container-0-C-1] org.apache.kafka.clients.NetworkClient   : [Consumer clientId=consumer-anonymous.71319fe6-9081-4354-a696-fc4667b331dc-2, groupId=anonymous.71319fe6-9081-4354-a696-fc4667b331dc] Cancelled in-flight FIND_COORDINATOR request with correlation id 215879 due to node 1 being disconnected (elapsed time since creation: 1ms, elapsed time since send: 10802248ms, throttle time: 0ms, request timeout: 30000ms)
2026-09-02T03:40:10.310+05:30  INFO 38280 --- [bmp-notification-service] [container-0-C-1] o.a.kafka.clients.FetchSessionHandler    : [Consumer clientId=consumer-anonymous.71319fe6-9081-4354-a696-fc4667b331dc-2, groupId=anonymous.71319fe6-9081-4354-a696-fc4667b331dc] Error sending fetch request (sessionId=326779321, epoch=16668) to node 1:

org.apache.kafka.common.errors.DisconnectException: null

2026-09-02T03:40:13.073+05:30  INFO 38280 --- [bmp-notification-service] [ntainer#0-0-C-1] o.a.k.c.c.internals.ConsumerCoordinator  : [Consumer clientId=consumer-bmp-notification-service-3, groupId=bmp-notification-service] Discovered group coordinator localhost:9092 (id: 2147483646 rack: null)
2026-09-02T03:40:13.114+05:30  INFO 38280 --- [bmp-notification-service] [container-0-C-1] o.a.k.c.c.internals.ConsumerCoordinator  : [Consumer clientId=consumer-anonymous.71319fe6-9081-4354-a696-fc4667b331dc-2, groupId=anonymous.71319fe6-9081-4354-a696-fc4667b331dc] Discovered group coordinator localhost:9092 (id: 2147483646 rack: null)
2026-09-02T03:40:13.778+05:30  WARN 38280 --- [bmp-notification-service] [l-1 housekeeper] com.zaxxer.hikari.pool.HikariPool        : HikariPool-1 - Thread starvation or clock leap detected (housekeeper delta=3h29s534ms785µs900ns).
2026-09-02T10:42:51.173+05:30  INFO 38280 --- [bmp-notification-service] [ntainer#0-0-C-1] org.apache.kafka.clients.NetworkClient   : [Consumer clientId=consumer-bmp-notification-service-3, groupId=bmp-notification-service] Node 2147483646 disconnected.
2026-09-02T10:42:51.174+05:30  INFO 38280 --- [bmp-notification-service] [ntainer#0-0-C-1] org.apache.kafka.clients.NetworkClient   : [Consumer clientId=consumer-bmp-notification-service-3, groupId=bmp-notification-service] Disconnecting from node 1 due to request timeout.
2026-09-02T10:42:51.174+05:30  INFO 38280 --- [bmp-notification-service] [ntainer#0-0-C-1] org.apache.kafka.clients.NetworkClient   : [Consumer clientId=consumer-bmp-notification-service-3, groupId=bmp-notification-service] Cancelled in-flight FETCH request with correlation id 215853 due to node 1 being disconnected (elapsed time since creation: 25354661ms, elapsed time since send: 25354661ms, throttle time: 0ms, request timeout: 30000ms)
2026-09-02T10:42:51.174+05:30  INFO 38280 --- [bmp-notification-service] [ntainer#0-0-C-1] o.a.kafka.clients.FetchSessionHandler    : [Consumer clientId=consumer-bmp-notification-service-3, groupId=bmp-notification-service] Error sending fetch request (sessionId=1408911898, epoch=6) to node 1:

org.apache.kafka.common.errors.DisconnectException: null

2026-09-02T10:42:51.176+05:30  INFO 38280 --- [bmp-notification-service] [ication-service] o.a.k.c.c.internals.ConsumerCoordinator  : [Consumer clientId=consumer-bmp-notification-service-3, groupId=bmp-notification-service] Group coordinator localhost:9092 (id: 2147483646 rack: null) is unavailable or invalid due to cause: coordinator unavailable. isDisconnected: true. Rediscovery will be attempted.
2026-09-02T10:42:51.203+05:30  INFO 38280 --- [bmp-notification-service] [container-0-C-1] org.apache.kafka.clients.NetworkClient   : [Consumer clientId=consumer-anonymous.71319fe6-9081-4354-a696-fc4667b331dc-2, groupId=anonymous.71319fe6-9081-4354-a696-fc4667b331dc] Node 2147483646 disconnected.
2026-09-02T10:42:51.205+05:30  INFO 38280 --- [bmp-notification-service] [container-0-C-1] org.apache.kafka.clients.NetworkClient   : [Consumer clientId=consumer-anonymous.71319fe6-9081-4354-a696-fc4667b331dc-2, groupId=anonymous.71319fe6-9081-4354-a696-fc4667b331dc] Disconnecting from node 1 due to request timeout.
2026-09-02T10:42:51.205+05:30  INFO 38280 --- [bmp-notification-service] [container-0-C-1] org.apache.kafka.clients.NetworkClient   : [Consumer clientId=consumer-anonymous.71319fe6-9081-4354-a696-fc4667b331dc-2, groupId=anonymous.71319fe6-9081-4354-a696-fc4667b331dc] Cancelled in-flight FETCH request with correlation id 215893 due to node 1 being disconnected (elapsed time since creation: 25354692ms, elapsed time since send: 25354691ms, throttle time: 0ms, request timeout: 30000ms)
2026-09-02T10:42:51.206+05:30  INFO 38280 --- [bmp-notification-service] [96-fc4667b331dc] o.a.k.c.c.internals.ConsumerCoordinator  : [Consumer clientId=consumer-anonymous.71319fe6-9081-4354-a696-fc4667b331dc-2, groupId=anonymous.71319fe6-9081-4354-a696-fc4667b331dc] Group coordinator localhost:9092 (id: 2147483646 rack: null) is unavailable or invalid due to cause: coordinator unavailable. isDisconnected: true. Rediscovery will be attempted.
2026-09-02T10:42:51.205+05:30  INFO 38280 --- [bmp-notification-service] [container-0-C-1] o.a.kafka.clients.FetchSessionHandler    : [Consumer clientId=consumer-anonymous.71319fe6-9081-4354-a696-fc4667b331dc-2, groupId=anonymous.71319fe6-9081-4354-a696-fc4667b331dc] Error sending fetch request (sessionId=1845143026, epoch=6) to node 1:

org.apache.kafka.common.errors.DisconnectException: null

2026-09-02T10:42:54.229+05:30  INFO 38280 --- [bmp-notification-service] [container-0-C-1] o.a.k.c.c.internals.ConsumerCoordinator  : [Consumer clientId=consumer-anonymous.71319fe6-9081-4354-a696-fc4667b331dc-2, groupId=anonymous.71319fe6-9081-4354-a696-fc4667b331dc] Discovered group coordinator localhost:9092 (id: 2147483646 rack: null)
2026-09-02T10:42:55.488+05:30  INFO 38280 --- [bmp-notification-service] [ntainer#0-0-C-1] o.a.k.c.c.internals.ConsumerCoordinator  : [Consumer clientId=consumer-bmp-notification-service-3, groupId=bmp-notification-service] Discovered group coordinator localhost:9092 (id: 2147483646 rack: null)
2026-09-02T10:43:15.973+05:30  WARN 38280 --- [bmp-notification-service] [l-1 housekeeper] com.zaxxer.hikari.pool.HikariPool        : HikariPool-1 - Thread starvation or clock leap detected (housekeeper delta=7h3m4s844ms312µs).
2026-09-02T10:43:32.008+05:30  INFO 38280 --- [bmp-notification-service] [pool-3-thread-1] org.apache.kafka.clients.NetworkClient   : [Consumer clientId=consumer-anonymous.71319fe6-9081-4354-a696-fc4667b331dc-4, groupId=anonymous.71319fe6-9081-4354-a696-fc4667b331dc] Node 2147483646 disconnected.
2026-09-02T10:43:32.050+05:30  INFO 38280 --- [bmp-notification-service] [pool-3-thread-1] o.a.k.c.c.internals.ConsumerCoordinator  : [Consumer clientId=consumer-anonymous.71319fe6-9081-4354-a696-fc4667b331dc-4, groupId=anonymous.71319fe6-9081-4354-a696-fc4667b331dc] Group coordinator localhost:9092 (id: 2147483646 rack: null) is unavailable or invalid due to cause: coordinator unavailable. isDisconnected: true. Rediscovery will be attempted.
2026-09-02T10:43:32.069+05:30  INFO 38280 --- [bmp-notification-service] [pool-3-thread-1] o.a.k.c.c.internals.ConsumerCoordinator  : [Consumer clientId=consumer-anonymous.71319fe6-9081-4354-a696-fc4667b331dc-4, groupId=anonymous.71319fe6-9081-4354-a696-fc4667b331dc] Discovered group coordinator localhost:9092 (id: 2147483646 rack: null)
2026-09-02T10:43:32.132+05:30  INFO 38280 --- [bmp-notification-service] [pool-3-thread-1] o.a.k.c.c.internals.ConsumerCoordinator  : [Consumer clientId=consumer-anonymous.71319fe6-9081-4354-a696-fc4667b331dc-4, groupId=anonymous.71319fe6-9081-4354-a696-fc4667b331dc] Found no committed offset for partition springCloudBus-0
2026-09-02T10:43:34.886+05:30  INFO 38280 --- [bmp-notification-service] [rap-executor-%d] c.n.d.s.r.aws.ConfigClusterResolver      : Resolving eureka endpoints via configuration
2026-09-02T10:44:32.154+05:30  INFO 38280 --- [bmp-notification-service] [pool-3-thread-1] o.a.k.c.c.internals.ConsumerCoordinator  : [Consumer clientId=consumer-anonymous.71319fe6-9081-4354-a696-fc4667b331dc-4, groupId=anonymous.71319fe6-9081-4354-a696-fc4667b331dc] Found no committed offset for partition springCloudBus-0
2026-09-02T10:45:32.176+05:30  INFO 38280 --- [bmp-notification-service] [pool-3-thread-1] o.a.k.c.c.internals.ConsumerCoordinator  : [Consumer clientId=consumer-anonymous.71319fe6-9081-4354-a696-fc4667b331dc-4, groupId=anonymous.71319fe6-9081-4354-a696-fc4667b331dc] Found no committed offset for partition springCloudBus-0
2026-09-02T10:46:32.196+05:30  INFO 38280 --- [bmp-notification-service] [pool-3-thread-1] o.a.k.c.c.internals.ConsumerCoordinator  : [Consumer clientId=consumer-anonymous.71319fe6-9081-4354-a696-fc4667b331dc-4, groupId=anonymous.71319fe6-9081-4354-a696-fc4667b331dc] Found no committed offset for partition springCloudBus-0
2026-09-02T10:47:32.214+05:30  INFO 38280 --- [bmp-notification-service] [pool-3-thread-1] o.a.k.c.c.internals.ConsumerCoordinator  : [Consumer clientId=consumer-anonymous.71319fe6-9081-4354-a696-fc4667b331dc-4, groupId=anonymous.71319fe6-9081-4354-a696-fc4667b331dc] Found no committed offset for partition springCloudBus-0
2026-09-02T10:48:32.231+05:30  INFO 38280 --- [bmp-notification-service] [pool-3-thread-1] o.a.k.c.c.internals.ConsumerCoordinator  : [Consumer clientId=consumer-anonymous.71319fe6-9081-4354-a696-fc4667b331dc-4, groupId=anonymous.71319fe6-9081-4354-a696-fc4667b331dc] Found no committed offset for partition springCloudBus-0
2026-09-02T10:48:34.908+05:30  INFO 38280 --- [bmp-notification-service] [rap-executor-%d] c.n.d.s.r.aws.ConfigClusterResolver      : Resolving eureka endpoints via configuration
2026-09-02T10:49:32.245+05:30  INFO 38280 --- [bmp-notification-service] [pool-3-thread-1] o.a.k.c.c.internals.ConsumerCoordinator  : [Consumer clientId=consumer-anonymous.71319fe6-9081-4354-a696-fc4667b331dc-4, groupId=anonymous.71319fe6-9081-4354-a696-fc4667b331dc] Found no committed offset for partition springCloudBus-0
2026-09-02T10:50:32.264+05:30  INFO 38280 --- [bmp-notification-service] [pool-3-thread-1] o.a.k.c.c.internals.ConsumerCoordinator  : [Consumer clientId=consumer-anonymous.71319fe6-9081-4354-a696-fc4667b331dc-4, groupId=anonymous.71319fe6-9081-4354-a696-fc4667b331dc] Found no committed offset for partition springCloudBus-0
2026-09-02T10:51:32.274+05:30  INFO 38280 --- [bmp-notification-service] [pool-3-thread-1] o.a.k.c.c.internals.ConsumerCoordinator  : [Consumer clientId=consumer-anonymous.71319fe6-9081-4354-a696-fc4667b331dc-4, groupId=anonymous.71319fe6-9081-4354-a696-fc4667b331dc] Found no committed offset for partition springCloudBus-0
2026-09-02T10:52:32.286+05:30  INFO 38280 --- [bmp-notification-service] [pool-3-thread-1] o.a.k.c.c.internals.ConsumerCoordinator  : [Consumer clientId=consumer-anonymous.71319fe6-9081-4354-a696-fc4667b331dc-4, groupId=anonymous.71319fe6-9081-4354-a696-fc4667b331dc] Found no committed offset for partition springCloudBus-0
2026-09-02T10:53:32.302+05:30  INFO 38280 --- [bmp-notification-service] [pool-3-thread-1] o.a.k.c.c.internals.ConsumerCoordinator  : [Consumer clientId=consumer-anonymous.71319fe6-9081-4354-a696-fc4667b331dc-4, groupId=anonymous.71319fe6-9081-4354-a696-fc4667b331dc] Found no committed offset for partition springCloudBus-0
2026-09-02T10:53:34.912+05:30  INFO 38280 --- [bmp-notification-service] [rap-executor-%d] c.n.d.s.r.aws.ConfigClusterResolver      : Resolving eureka endpoints via configuration
2026-09-02T10:54:32.310+05:30  INFO 38280 --- [bmp-notification-service] [pool-3-thread-1] o.a.k.c.c.internals.ConsumerCoordinator  : [Consumer clientId=consumer-anonymous.71319fe6-9081-4354-a696-fc4667b331dc-4, groupId=anonymous.71319fe6-9081-4354-a696-fc4667b331dc] Found no committed offset for partition springCloudBus-0
2026-09-02T10:55:32.326+05:30  INFO 38280 --- [bmp-notification-service] [pool-3-thread-1] o.a.k.c.c.internals.ConsumerCoordinator  : [Consumer clientId=consumer-anonymous.71319fe6-9081-4354-a696-fc4667b331dc-4, groupId=anonymous.71319fe6-9081-4354-a696-fc4667b331dc] Found no committed offset for partition springCloudBus-0
2026-09-02T10:56:32.350+05:30  INFO 38280 --- [bmp-notification-service] [pool-3-thread-1] o.a.k.c.c.internals.ConsumerCoordinator  : [Consumer clientId=consumer-anonymous.71319fe6-9081-4354-a696-fc4667b331dc-4, groupId=anonymous.71319fe6-9081-4354-a696-fc4667b331dc] Found no committed offset for partition springCloudBus-0
2026-09-02T10:57:32.364+05:30  INFO 38280 --- [bmp-notification-service] [pool-3-thread-1] o.a.k.c.c.internals.ConsumerCoordinator  : [Consumer clientId=consumer-anonymous.71319fe6-9081-4354-a696-fc4667b331dc-4, groupId=anonymous.71319fe6-9081-4354-a696-fc4667b331dc] Found no committed offset for partition springCloudBus-0
2026-09-02T10:58:32.388+05:30  INFO 38280 --- [bmp-notification-service] [pool-3-thread-1] o.a.k.c.c.internals.ConsumerCoordinator  : [Consumer clientId=consumer-anonymous.71319fe6-9081-4354-a696-fc4667b331dc-4, groupId=anonymous.71319fe6-9081-4354-a696-fc4667b331dc] Found no committed offset for partition springCloudBus-0
2026-09-02T10:58:34.919+05:30  INFO 38280 --- [bmp-notification-service] [rap-executor-%d] c.n.d.s.r.aws.ConfigClusterResolver      : Resolving eureka endpoints via configuration
2026-09-02T10:59:32.411+05:30  INFO 38280 --- [bmp-notification-service] [pool-3-thread-1] o.a.k.c.c.internals.ConsumerCoordinator  : [Consumer clientId=consumer-anonymous.71319fe6-9081-4354-a696-fc4667b331dc-4, groupId=anonymous.71319fe6-9081-4354-a696-fc4667b331dc] Found no committed offset for partition springCloudBus-0
2026-09-02T11:00:32.434+05:30  INFO 38280 --- [bmp-notification-service] [pool-3-thread-1] o.a.k.c.c.internals.ConsumerCoordinator  : [Consumer clientId=consumer-anonymous.71319fe6-9081-4354-a696-fc4667b331dc-4, groupId=anonymous.71319fe6-9081-4354-a696-fc4667b331dc] Found no committed offset for partition springCloudBus-0
2026-09-02T11:01:32.463+05:30  INFO 38280 --- [bmp-notification-service] [pool-3-thread-1] o.a.k.c.c.internals.ConsumerCoordinator  : [Consumer clientId=consumer-anonymous.71319fe6-9081-4354-a696-fc4667b331dc-4, groupId=anonymous.71319fe6-9081-4354-a696-fc4667b331dc] Found no committed offset for partition springCloudBus-0
2026-09-02T11:02:32.509+05:30  INFO 38280 --- [bmp-notification-service] [pool-3-thread-1] o.a.k.c.c.internals.ConsumerCoordinator  : [Consumer clientId=consumer-anonymous.71319fe6-9081-4354-a696-fc4667b331dc-4, groupId=anonymous.71319fe6-9081-4354-a696-fc4667b331dc] Found no committed offset for partition springCloudBus-0
2026-09-02T11:03:32.531+05:30  INFO 38280 --- [bmp-notification-service] [pool-3-thread-1] o.a.k.c.c.internals.ConsumerCoordinator  : [Consumer clientId=consumer-anonymous.71319fe6-9081-4354-a696-fc4667b331dc-4, groupId=anonymous.71319fe6-9081-4354-a696-fc4667b331dc] Found no committed offset for partition springCloudBus-0
2026-09-02T11:03:34.926+05:30  INFO 38280 --- [bmp-notification-service] [rap-executor-%d] c.n.d.s.r.aws.ConfigClusterResolver      : Resolving eureka endpoints via configuration
2026-09-02T11:04:32.542+05:30  INFO 38280 --- [bmp-notification-service] [pool-3-thread-1] o.a.k.c.c.internals.ConsumerCoordinator  : [Consumer clientId=consumer-anonymous.71319fe6-9081-4354-a696-fc4667b331dc-4, groupId=anonymous.71319fe6-9081-4354-a696-fc4667b331dc] Found no committed offset for partition springCloudBus-0
2026-09-02T11:05:32.552+05:30  INFO 38280 --- [bmp-notification-service] [pool-3-thread-1] o.a.k.c.c.internals.ConsumerCoordinator  : [Consumer clientId=consumer-anonymous.71319fe6-9081-4354-a696-fc4667b331dc-4, groupId=anonymous.71319fe6-9081-4354-a696-fc4667b331dc] Found no committed offset for partition springCloudBus-0
2026-09-02T11:06:32.571+05:30  INFO 38280 --- [bmp-notification-service] [pool-3-thread-1] o.a.k.c.c.internals.ConsumerCoordinator  : [Consumer clientId=consumer-anonymous.71319fe6-9081-4354-a696-fc4667b331dc-4, groupId=anonymous.71319fe6-9081-4354-a696-fc4667b331dc] Found no committed offset for partition springCloudBus-0
2026-09-02T11:07:32.599+05:30  INFO 38280 --- [bmp-notification-service] [pool-3-thread-1] o.a.k.c.c.internals.ConsumerCoordinator  : [Consumer clientId=consumer-anonymous.71319fe6-9081-4354-a696-fc4667b331dc-4, groupId=anonymous.71319fe6-9081-4354-a696-fc4667b331dc] Found no committed offset for partition springCloudBus-0
2026-09-02T11:08:32.615+05:30  INFO 38280 --- [bmp-notification-service] [pool-3-thread-1] o.a.k.c.c.internals.ConsumerCoordinator  : [Consumer clientId=consumer-anonymous.71319fe6-9081-4354-a696-fc4667b331dc-4, groupId=anonymous.71319fe6-9081-4354-a696-fc4667b331dc] Found no committed offset for partition springCloudBus-0
2026-09-02T11:08:34.941+05:30  INFO 38280 --- [bmp-notification-service] [rap-executor-%d] c.n.d.s.r.aws.ConfigClusterResolver      : Resolving eureka endpoints via configuration
2026-09-02T11:09:32.638+05:30  INFO 38280 --- [bmp-notification-service] [pool-3-thread-1] o.a.k.c.c.internals.ConsumerCoordinator  : [Consumer clientId=consumer-anonymous.71319fe6-9081-4354-a696-fc4667b331dc-4, groupId=anonymous.71319fe6-9081-4354-a696-fc4667b331dc] Found no committed offset for partition springCloudBus-0
2026-09-02T11:10:32.675+05:30  INFO 38280 --- [bmp-notification-service] [pool-3-thread-1] o.a.k.c.c.internals.ConsumerCoordinator  : [Consumer clientId=consumer-anonymous.71319fe6-9081-4354-a696-fc4667b331dc-4, groupId=anonymous.71319fe6-9081-4354-a696-fc4667b331dc] Found no committed offset for partition springCloudBus-0
2026-09-02T11:11:32.720+05:30  INFO 38280 --- [bmp-notification-service] [pool-3-thread-1] o.a.k.c.c.internals.ConsumerCoordinator  : [Consumer clientId=consumer-anonymous.71319fe6-9081-4354-a696-fc4667b331dc-4, groupId=anonymous.71319fe6-9081-4354-a696-fc4667b331dc] Found no committed offset for partition springCloudBus-0
2026-09-02T11:12:32.742+05:30  INFO 38280 --- [bmp-notification-service] [pool-3-thread-1] o.a.k.c.c.internals.ConsumerCoordinator  : [Consumer clientId=consumer-anonymous.71319fe6-9081-4354-a696-fc4667b331dc-4, groupId=anonymous.71319fe6-9081-4354-a696-fc4667b331dc] Found no committed offset for partition springCloudBus-0
2026-09-02T11:13:32.760+05:30  INFO 38280 --- [bmp-notification-service] [pool-3-thread-1] o.a.k.c.c.internals.ConsumerCoordinator  : [Consumer clientId=consumer-anonymous.71319fe6-9081-4354-a696-fc4667b331dc-4, groupId=anonymous.71319fe6-9081-4354-a696-fc4667b331dc] Found no committed offset for partition springCloudBus-0
2026-09-02T11:13:34.943+05:30  INFO 38280 --- [bmp-notification-service] [rap-executor-%d] c.n.d.s.r.aws.ConfigClusterResolver      : Resolving eureka endpoints via configuration
2026-09-02T11:14:32.791+05:30  INFO 38280 --- [bmp-notification-service] [pool-3-thread-1] o.a.k.c.c.internals.ConsumerCoordinator  : [Consumer clientId=consumer-anonymous.71319fe6-9081-4354-a696-fc4667b331dc-4, groupId=anonymous.71319fe6-9081-4354-a696-fc4667b331dc] Found no committed offset for partition springCloudBus-0
2026-09-02T11:15:32.800+05:30  INFO 38280 --- [bmp-notification-service] [pool-3-thread-1] o.a.k.c.c.internals.ConsumerCoordinator  : [Consumer clientId=consumer-anonymous.71319fe6-9081-4354-a696-fc4667b331dc-4, groupId=anonymous.71319fe6-9081-4354-a696-fc4667b331dc] Found no committed offset for partition springCloudBus-0
2026-09-02T11:16:32.814+05:30  INFO 38280 --- [bmp-notification-service] [pool-3-thread-1] o.a.k.c.c.internals.ConsumerCoordinator  : [Consumer clientId=consumer-anonymous.71319fe6-9081-4354-a696-fc4667b331dc-4, groupId=anonymous.71319fe6-9081-4354-a696-fc4667b331dc] Found no committed offset for partition springCloudBus-0
2026-09-02T11:17:32.828+05:30  INFO 38280 --- [bmp-notification-service] [pool-3-thread-1] o.a.k.c.c.internals.ConsumerCoordinator  : [Consumer clientId=consumer-anonymous.71319fe6-9081-4354-a696-fc4667b331dc-4, groupId=anonymous.71319fe6-9081-4354-a696-fc4667b331dc] Found no committed offset for partition springCloudBus-0
2026-09-02T11:18:32.853+05:30  INFO 38280 --- [bmp-notification-service] [pool-3-thread-1] o.a.k.c.c.internals.ConsumerCoordinator  : [Consumer clientId=consumer-anonymous.71319fe6-9081-4354-a696-fc4667b331dc-4, groupId=anonymous.71319fe6-9081-4354-a696-fc4667b331dc] Found no committed offset for partition springCloudBus-0
2026-09-02T11:18:34.956+05:30  INFO 38280 --- [bmp-notification-service] [rap-executor-%d] c.n.d.s.r.aws.ConfigClusterResolver      : Resolving eureka endpoints via configuration
2026-09-02T11:19:32.875+05:30  INFO 38280 --- [bmp-notification-service] [pool-3-thread-1] o.a.k.c.c.internals.ConsumerCoordinator  : [Consumer clientId=consumer-anonymous.71319fe6-9081-4354-a696-fc4667b331dc-4, groupId=anonymous.71319fe6-9081-4354-a696-fc4667b331dc] Found no committed offset for partition springCloudBus-0
2026-09-02T11:20:32.898+05:30  INFO 38280 --- [bmp-notification-service] [pool-3-thread-1] o.a.k.c.c.internals.ConsumerCoordinator  : [Consumer clientId=consumer-anonymous.71319fe6-9081-4354-a696-fc4667b331dc-4, groupId=anonymous.71319fe6-9081-4354-a696-fc4667b331dc] Found no committed offset for partition springCloudBus-0
2026-09-02T11:21:32.913+05:30  INFO 38280 --- [bmp-notification-service] [pool-3-thread-1] o.a.k.c.c.internals.ConsumerCoordinator  : [Consumer clientId=consumer-anonymous.71319fe6-9081-4354-a696-fc4667b331dc-4, groupId=anonymous.71319fe6-9081-4354-a696-fc4667b331dc] Found no committed offset for partition springCloudBus-0
2026-09-02T11:22:32.928+05:30  INFO 38280 --- [bmp-notification-service] [pool-3-thread-1] o.a.k.c.c.internals.ConsumerCoordinator  : [Consumer clientId=consumer-anonymous.71319fe6-9081-4354-a696-fc4667b331dc-4, groupId=anonymous.71319fe6-9081-4354-a696-fc4667b331dc] Found no committed offset for partition springCloudBus-0
2026-09-02T11:23:32.938+05:30  INFO 38280 --- [bmp-notification-service] [pool-3-thread-1] o.a.k.c.c.internals.ConsumerCoordinator  : [Consumer clientId=consumer-anonymous.71319fe6-9081-4354-a696-fc4667b331dc-4, groupId=anonymous.71319fe6-9081-4354-a696-fc4667b331dc] Found no committed offset for partition springCloudBus-0
2026-09-02T11:23:34.970+05:30  INFO 38280 --- [bmp-notification-service] [rap-executor-%d] c.n.d.s.r.aws.ConfigClusterResolver      : Resolving eureka endpoints via configuration
2026-09-02T11:24:32.967+05:30  INFO 38280 --- [bmp-notification-service] [pool-3-thread-1] o.a.k.c.c.internals.ConsumerCoordinator  : [Consumer clientId=consumer-anonymous.71319fe6-9081-4354-a696-fc4667b331dc-4, groupId=anonymous.71319fe6-9081-4354-a696-fc4667b331dc] Found no committed offset for partition springCloudBus-0
2026-09-02T12:20:59.892+05:30  INFO 38280 --- [bmp-notification-service] [ntainer#0-0-C-1] org.apache.kafka.clients.NetworkClient   : [Consumer clientId=consumer-bmp-notification-service-3, groupId=bmp-notification-service] Node 2147483646 disconnected.
2026-09-02T12:20:59.893+05:30  INFO 38280 --- [bmp-notification-service] [pool-3-thread-1] org.apache.kafka.clients.NetworkClient   : [Consumer clientId=consumer-anonymous.71319fe6-9081-4354-a696-fc4667b331dc-4, groupId=anonymous.71319fe6-9081-4354-a696-fc4667b331dc] Node 2147483646 disconnected.
2026-09-02T12:20:59.904+05:30  INFO 38280 --- [bmp-notification-service] [ntainer#0-0-C-1] org.apache.kafka.clients.NetworkClient   : [Consumer clientId=consumer-bmp-notification-service-3, groupId=bmp-notification-service] Disconnecting from node 1 due to request timeout.
2026-09-02T12:20:59.906+05:30  INFO 38280 --- [bmp-notification-service] [ntainer#0-0-C-1] org.apache.kafka.clients.NetworkClient   : [Consumer clientId=consumer-bmp-notification-service-3, groupId=bmp-notification-service] Cancelled in-flight FETCH request with correlation id 221762 due to node 1 being disconnected (elapsed time since creation: 3329923ms, elapsed time since send: 3329923ms, throttle time: 0ms, request timeout: 30000ms)
2026-09-02T12:20:59.911+05:30  INFO 38280 --- [bmp-notification-service] [ication-service] o.a.k.c.c.internals.ConsumerCoordinator  : [Consumer clientId=consumer-bmp-notification-service-3, groupId=bmp-notification-service] Group coordinator localhost:9092 (id: 2147483646 rack: null) is unavailable or invalid due to cause: coordinator unavailable. isDisconnected: true. Rediscovery will be attempted.
2026-09-02T12:20:59.908+05:30  INFO 38280 --- [bmp-notification-service] [ntainer#0-0-C-1] o.a.kafka.clients.FetchSessionHandler    : [Consumer clientId=consumer-bmp-notification-service-3, groupId=bmp-notification-service] Error sending fetch request (sessionId=961024801, epoch=5036) to node 1:

org.apache.kafka.common.errors.DisconnectException: null

2026-09-02T12:21:00.173+05:30  INFO 38280 --- [bmp-notification-service] [96-fc4667b331dc] org.apache.kafka.clients.NetworkClient   : [Consumer clientId=consumer-anonymous.71319fe6-9081-4354-a696-fc4667b331dc-2, groupId=anonymous.71319fe6-9081-4354-a696-fc4667b331dc] Node 1 disconnected.
2026-09-02T12:21:00.174+05:30  INFO 38280 --- [bmp-notification-service] [96-fc4667b331dc] org.apache.kafka.clients.NetworkClient   : [Consumer clientId=consumer-anonymous.71319fe6-9081-4354-a696-fc4667b331dc-2, groupId=anonymous.71319fe6-9081-4354-a696-fc4667b331dc] Cancelled in-flight FETCH request with correlation id 221801 due to node 1 being disconnected (elapsed time since creation: 3330210ms, elapsed time since send: 3330210ms, throttle time: 0ms, request timeout: 30000ms)
2026-09-02T12:21:00.175+05:30  INFO 38280 --- [bmp-notification-service] [96-fc4667b331dc] org.apache.kafka.clients.NetworkClient   : [Consumer clientId=consumer-anonymous.71319fe6-9081-4354-a696-fc4667b331dc-2, groupId=anonymous.71319fe6-9081-4354-a696-fc4667b331dc] Cancelled in-flight METADATA request with correlation id 221803 due to node 1 being disconnected (elapsed time since creation: 1580ms, elapsed time since send: 1580ms, throttle time: 0ms, request timeout: 30000ms)
2026-09-02T12:21:00.175+05:30  INFO 38280 --- [bmp-notification-service] [96-fc4667b331dc] org.apache.kafka.clients.NetworkClient   : [Consumer clientId=consumer-anonymous.71319fe6-9081-4354-a696-fc4667b331dc-2, groupId=anonymous.71319fe6-9081-4354-a696-fc4667b331dc] Disconnecting from node 2147483646 due to request timeout.
2026-09-02T12:21:00.176+05:30  INFO 38280 --- [bmp-notification-service] [96-fc4667b331dc] org.apache.kafka.clients.NetworkClient   : [Consumer clientId=consumer-anonymous.71319fe6-9081-4354-a696-fc4667b331dc-2, groupId=anonymous.71319fe6-9081-4354-a696-fc4667b331dc] Cancelled in-flight HEARTBEAT request with correlation id 221802 due to node 2147483646 being disconnected (elapsed time since creation: 3328776ms, elapsed time since send: 3328776ms, throttle time: 0ms, request timeout: 30000ms)
2026-09-02T12:21:00.177+05:30  INFO 38280 --- [bmp-notification-service] [96-fc4667b331dc] o.a.kafka.clients.FetchSessionHandler    : [Consumer clientId=consumer-anonymous.71319fe6-9081-4354-a696-fc4667b331dc-2, groupId=anonymous.71319fe6-9081-4354-a696-fc4667b331dc] Error sending fetch request (sessionId=664845891, epoch=5036) to node 1:

org.apache.kafka.common.errors.DisconnectException: null

2026-09-02T12:21:00.363+05:30  INFO 38280 --- [bmp-notification-service] [96-fc4667b331dc] o.a.k.c.c.internals.ConsumerCoordinator  : [Consumer clientId=consumer-anonymous.71319fe6-9081-4354-a696-fc4667b331dc-2, groupId=anonymous.71319fe6-9081-4354-a696-fc4667b331dc] Group coordinator localhost:9092 (id: 2147483646 rack: null) is unavailable or invalid due to cause: null. isDisconnected: true. Rediscovery will be attempted.
2026-09-02T12:21:04.787+05:30  INFO 38280 --- [bmp-notification-service] [ntainer#0-0-C-1] o.a.k.c.c.internals.ConsumerCoordinator  : [Consumer clientId=consumer-bmp-notification-service-3, groupId=bmp-notification-service] Discovered group coordinator localhost:9092 (id: 2147483646 rack: null)
2026-09-02T12:21:05.094+05:30  INFO 38280 --- [bmp-notification-service] [pool-3-thread-1] o.a.k.c.c.internals.ConsumerCoordinator  : [Consumer clientId=consumer-anonymous.71319fe6-9081-4354-a696-fc4667b331dc-4, groupId=anonymous.71319fe6-9081-4354-a696-fc4667b331dc] Found no committed offset for partition springCloudBus-0
2026-09-02T12:21:05.409+05:30  INFO 38280 --- [bmp-notification-service] [container-0-C-1] o.a.k.c.c.internals.ConsumerCoordinator  : [Consumer clientId=consumer-anonymous.71319fe6-9081-4354-a696-fc4667b331dc-2, groupId=anonymous.71319fe6-9081-4354-a696-fc4667b331dc] Discovered group coordinator localhost:9092 (id: 2147483646 rack: null)
2026-09-02T12:21:13.445+05:30  WARN 38280 --- [bmp-notification-service] [l-1 housekeeper] com.zaxxer.hikari.pool.HikariPool        : HikariPool-1 - Thread starvation or clock leap detected (housekeeper delta=55m56s677ms642µs100ns).
2026-09-02T12:22:05.309+05:30  INFO 38280 --- [bmp-notification-service] [pool-3-thread-1] o.a.k.c.c.internals.ConsumerCoordinator  : [Consumer clientId=consumer-anonymous.71319fe6-9081-4354-a696-fc4667b331dc-4, groupId=anonymous.71319fe6-9081-4354-a696-fc4667b331dc] Found no committed offset for partition springCloudBus-0
2026-09-02T12:23:05.330+05:30  INFO 38280 --- [bmp-notification-service] [pool-3-thread-1] o.a.k.c.c.internals.ConsumerCoordinator  : [Consumer clientId=consumer-anonymous.71319fe6-9081-4354-a696-fc4667b331dc-4, groupId=anonymous.71319fe6-9081-4354-a696-fc4667b331dc] Found no committed offset for partition springCloudBus-0
2026-09-02T12:24:01.517+05:30  INFO 38280 --- [bmp-notification-service] [rap-executor-%d] c.n.d.s.r.aws.ConfigClusterResolver      : Resolving eureka endpoints via configuration
2026-09-02T12:24:05.349+05:30  INFO 38280 --- [bmp-notification-service] [pool-3-thread-1] o.a.k.c.c.internals.ConsumerCoordinator  : [Consumer clientId=consumer-anonymous.71319fe6-9081-4354-a696-fc4667b331dc-4, groupId=anonymous.71319fe6-9081-4354-a696-fc4667b331dc] Found no committed offset for partition springCloudBus-0
2026-09-02T12:25:05.369+05:30  INFO 38280 --- [bmp-notification-service] [pool-3-thread-1] o.a.k.c.c.internals.ConsumerCoordinator  : [Consumer clientId=consumer-anonymous.71319fe6-9081-4354-a696-fc4667b331dc-4, groupId=anonymous.71319fe6-9081-4354-a696-fc4667b331dc] Found no committed offset for partition springCloudBus-0
2026-09-02T12:26:05.401+05:30  INFO 38280 --- [bmp-notification-service] [pool-3-thread-1] o.a.k.c.c.internals.ConsumerCoordinator  : [Consumer clientId=consumer-anonymous.71319fe6-9081-4354-a696-fc4667b331dc-4, groupId=anonymous.71319fe6-9081-4354-a696-fc4667b331dc] Found no committed offset for partition springCloudBus-0
2026-09-02T12:27:05.417+05:30  INFO 38280 --- [bmp-notification-service] [pool-3-thread-1] o.a.k.c.c.internals.ConsumerCoordinator  : [Consumer clientId=consumer-anonymous.71319fe6-9081-4354-a696-fc4667b331dc-4, groupId=anonymous.71319fe6-9081-4354-a696-fc4667b331dc] Found no committed offset for partition springCloudBus-0
2026-09-02T12:28:05.439+05:30  INFO 38280 --- [bmp-notification-service] [pool-3-thread-1] o.a.k.c.c.internals.ConsumerCoordinator  : [Consumer clientId=consumer-anonymous.71319fe6-9081-4354-a696-fc4667b331dc-4, groupId=anonymous.71319fe6-9081-4354-a696-fc4667b331dc] Found no committed offset for partition springCloudBus-0
2026-09-02T12:29:01.532+05:30  INFO 38280 --- [bmp-notification-service] [rap-executor-%d] c.n.d.s.r.aws.ConfigClusterResolver      : Resolving eureka endpoints via configuration
2026-09-02T12:29:05.450+05:30  INFO 38280 --- [bmp-notification-service] [pool-3-thread-1] o.a.k.c.c.internals.ConsumerCoordinator  : [Consumer clientId=consumer-anonymous.71319fe6-9081-4354-a696-fc4667b331dc-4, groupId=anonymous.71319fe6-9081-4354-a696-fc4667b331dc] Found no committed offset for partition springCloudBus-0
2026-09-02T12:30:05.462+05:30  INFO 38280 --- [bmp-notification-service] [pool-3-thread-1] o.a.k.c.c.internals.ConsumerCoordinator  : [Consumer clientId=consumer-anonymous.71319fe6-9081-4354-a696-fc4667b331dc-4, groupId=anonymous.71319fe6-9081-4354-a696-fc4667b331dc] Found no committed offset for partition springCloudBus-0
2026-09-02T12:31:05.478+05:30  INFO 38280 --- [bmp-notification-service] [pool-3-thread-1] o.a.k.c.c.internals.ConsumerCoordinator  : [Consumer clientId=consumer-anonymous.71319fe6-9081-4354-a696-fc4667b331dc-4, groupId=anonymous.71319fe6-9081-4354-a696-fc4667b331dc] Found no committed offset for partition springCloudBus-0
2026-09-02T12:32:05.485+05:30  INFO 38280 --- [bmp-notification-service] [pool-3-thread-1] o.a.k.c.c.internals.ConsumerCoordinator  : [Consumer clientId=consumer-anonymous.71319fe6-9081-4354-a696-fc4667b331dc-4, groupId=anonymous.71319fe6-9081-4354-a696-fc4667b331dc] Found no committed offset for partition springCloudBus-0
2026-09-02T12:33:05.504+05:30  INFO 38280 --- [bmp-notification-service] [pool-3-thread-1] o.a.k.c.c.internals.ConsumerCoordinator  : [Consumer clientId=consumer-anonymous.71319fe6-9081-4354-a696-fc4667b331dc-4, groupId=anonymous.71319fe6-9081-4354-a696-fc4667b331dc] Found no committed offset for partition springCloudBus-0
2026-09-02T12:34:01.536+05:30  INFO 38280 --- [bmp-notification-service] [rap-executor-%d] c.n.d.s.r.aws.ConfigClusterResolver      : Resolving eureka endpoints via configuration
2026-09-02T12:34:05.536+05:30  INFO 38280 --- [bmp-notification-service] [pool-3-thread-1] o.a.k.c.c.internals.ConsumerCoordinator  : [Consumer clientId=consumer-anonymous.71319fe6-9081-4354-a696-fc4667b331dc-4, groupId=anonymous.71319fe6-9081-4354-a696-fc4667b331dc] Found no committed offset for partition springCloudBus-0
2026-09-02T12:35:05.551+05:30  INFO 38280 --- [bmp-notification-service] [pool-3-thread-1] o.a.k.c.c.internals.ConsumerCoordinator  : [Consumer clientId=consumer-anonymous.71319fe6-9081-4354-a696-fc4667b331dc-4, groupId=anonymous.71319fe6-9081-4354-a696-fc4667b331dc] Found no committed offset for partition springCloudBus-0
2026-09-02T12:36:05.566+05:30  INFO 38280 --- [bmp-notification-service] [pool-3-thread-1] o.a.k.c.c.internals.ConsumerCoordinator  : [Consumer clientId=consumer-anonymous.71319fe6-9081-4354-a696-fc4667b331dc-4, groupId=anonymous.71319fe6-9081-4354-a696-fc4667b331dc] Found no committed offset for partition springCloudBus-0
2026-09-02T12:37:05.581+05:30  INFO 38280 --- [bmp-notification-service] [pool-3-thread-1] o.a.k.c.c.internals.ConsumerCoordinator  : [Consumer clientId=consumer-anonymous.71319fe6-9081-4354-a696-fc4667b331dc-4, groupId=anonymous.71319fe6-9081-4354-a696-fc4667b331dc] Found no committed offset for partition springCloudBus-0
2026-09-02T12:38:05.593+05:30  INFO 38280 --- [bmp-notification-service] [pool-3-thread-1] o.a.k.c.c.internals.ConsumerCoordinator  : [Consumer clientId=consumer-anonymous.71319fe6-9081-4354-a696-fc4667b331dc-4, groupId=anonymous.71319fe6-9081-4354-a696-fc4667b331dc] Found no committed offset for partition springCloudBus-0
2026-09-02T12:39:01.539+05:30  INFO 38280 --- [bmp-notification-service] [rap-executor-%d] c.n.d.s.r.aws.ConfigClusterResolver      : Resolving eureka endpoints via configuration
2026-09-02T12:39:05.614+05:30  INFO 38280 --- [bmp-notification-service] [pool-3-thread-1] o.a.k.c.c.internals.ConsumerCoordinator  : [Consumer clientId=consumer-anonymous.71319fe6-9081-4354-a696-fc4667b331dc-4, groupId=anonymous.71319fe6-9081-4354-a696-fc4667b331dc] Found no committed offset for partition springCloudBus-0
2026-09-02T12:40:05.635+05:30  INFO 38280 --- [bmp-notification-service] [pool-3-thread-1] o.a.k.c.c.internals.ConsumerCoordinator  : [Consumer clientId=consumer-anonymous.71319fe6-9081-4354-a696-fc4667b331dc-4, groupId=anonymous.71319fe6-9081-4354-a696-fc4667b331dc] Found no committed offset for partition springCloudBus-0
2026-09-02T12:41:05.707+05:30  INFO 38280 --- [bmp-notification-service] [pool-3-thread-1] o.a.k.c.c.internals.ConsumerCoordinator  : [Consumer clientId=consumer-anonymous.71319fe6-9081-4354-a696-fc4667b331dc-4, groupId=anonymous.71319fe6-9081-4354-a696-fc4667b331dc] Found no committed offset for partition springCloudBus-0
2026-09-02T12:42:05.723+05:30  INFO 38280 --- [bmp-notification-service] [pool-3-thread-1] o.a.k.c.c.internals.ConsumerCoordinator  : [Consumer clientId=consumer-anonymous.71319fe6-9081-4354-a696-fc4667b331dc-4, groupId=anonymous.71319fe6-9081-4354-a696-fc4667b331dc] Found no committed offset for partition springCloudBus-0
2026-09-02T12:43:05.739+05:30  INFO 38280 --- [bmp-notification-service] [pool-3-thread-1] o.a.k.c.c.internals.ConsumerCoordinator  : [Consumer clientId=consumer-anonymous.71319fe6-9081-4354-a696-fc4667b331dc-4, groupId=anonymous.71319fe6-9081-4354-a696-fc4667b331dc] Found no committed offset for partition springCloudBus-0
2026-09-02T12:44:01.551+05:30  INFO 38280 --- [bmp-notification-service] [rap-executor-%d] c.n.d.s.r.aws.ConfigClusterResolver      : Resolving eureka endpoints via configuration
2026-09-02T12:44:05.760+05:30  INFO 38280 --- [bmp-notification-service] [pool-3-thread-1] o.a.k.c.c.internals.ConsumerCoordinator  : [Consumer clientId=consumer-anonymous.71319fe6-9081-4354-a696-fc4667b331dc-4, groupId=anonymous.71319fe6-9081-4354-a696-fc4667b331dc] Found no committed offset for partition springCloudBus-0
2026-09-02T12:45:05.786+05:30  INFO 38280 --- [bmp-notification-service] [pool-3-thread-1] o.a.k.c.c.internals.ConsumerCoordinator  : [Consumer clientId=consumer-anonymous.71319fe6-9081-4354-a696-fc4667b331dc-4, groupId=anonymous.71319fe6-9081-4354-a696-fc4667b331dc] Found no committed offset for partition springCloudBus-0
2026-09-02T12:46:05.809+05:30  INFO 38280 --- [bmp-notification-service] [pool-3-thread-1] o.a.k.c.c.internals.ConsumerCoordinator  : [Consumer clientId=consumer-anonymous.71319fe6-9081-4354-a696-fc4667b331dc-4, groupId=anonymous.71319fe6-9081-4354-a696-fc4667b331dc] Found no committed offset for partition springCloudBus-0
2026-09-02T12:47:05.826+05:30  INFO 38280 --- [bmp-notification-service] [pool-3-thread-1] o.a.k.c.c.internals.ConsumerCoordinator  : [Consumer clientId=consumer-anonymous.71319fe6-9081-4354-a696-fc4667b331dc-4, groupId=anonymous.71319fe6-9081-4354-a696-fc4667b331dc] Found no committed offset for partition springCloudBus-0
2026-09-02T12:48:05.842+05:30  INFO 38280 --- [bmp-notification-service] [pool-3-thread-1] o.a.k.c.c.internals.ConsumerCoordinator  : [Consumer clientId=consumer-anonymous.71319fe6-9081-4354-a696-fc4667b331dc-4, groupId=anonymous.71319fe6-9081-4354-a696-fc4667b331dc] Found no committed offset for partition springCloudBus-0
2026-09-02T12:49:01.560+05:30  INFO 38280 --- [bmp-notification-service] [rap-executor-%d] c.n.d.s.r.aws.ConfigClusterResolver      : Resolving eureka endpoints via configuration
2026-09-02T12:49:05.855+05:30  INFO 38280 --- [bmp-notification-service] [pool-3-thread-1] o.a.k.c.c.internals.ConsumerCoordinator  : [Consumer clientId=consumer-anonymous.71319fe6-9081-4354-a696-fc4667b331dc-4, groupId=anonymous.71319fe6-9081-4354-a696-fc4667b331dc] Found no committed offset for partition springCloudBus-0
2026-09-02T12:50:05.883+05:30  INFO 38280 --- [bmp-notification-service] [pool-3-thread-1] o.a.k.c.c.internals.ConsumerCoordinator  : [Consumer clientId=consumer-anonymous.71319fe6-9081-4354-a696-fc4667b331dc-4, groupId=anonymous.71319fe6-9081-4354-a696-fc4667b331dc] Found no committed offset for partition springCloudBus-0
2026-09-02T12:51:05.925+05:30  INFO 38280 --- [bmp-notification-service] [pool-3-thread-1] o.a.k.c.c.internals.ConsumerCoordinator  : [Consumer clientId=consumer-anonymous.71319fe6-9081-4354-a696-fc4667b331dc-4, groupId=anonymous.71319fe6-9081-4354-a696-fc4667b331dc] Found no committed offset for partition springCloudBus-0
2026-09-02T12:52:05.944+05:30  INFO 38280 --- [bmp-notification-service] [pool-3-thread-1] o.a.k.c.c.internals.ConsumerCoordinator  : [Consumer clientId=consumer-anonymous.71319fe6-9081-4354-a696-fc4667b331dc-4, groupId=anonymous.71319fe6-9081-4354-a696-fc4667b331dc] Found no committed offset for partition springCloudBus-0
2026-09-02T12:53:05.965+05:30  INFO 38280 --- [bmp-notification-service] [pool-3-thread-1] o.a.k.c.c.internals.ConsumerCoordinator  : [Consumer clientId=consumer-anonymous.71319fe6-9081-4354-a696-fc4667b331dc-4, groupId=anonymous.71319fe6-9081-4354-a696-fc4667b331dc] Found no committed offset for partition springCloudBus-0
2026-09-02T12:54:01.574+05:30  INFO 38280 --- [bmp-notification-service] [rap-executor-%d] c.n.d.s.r.aws.ConfigClusterResolver      : Resolving eureka endpoints via configuration
2026-09-02T12:54:05.990+05:30  INFO 38280 --- [bmp-notification-service] [pool-3-thread-1] o.a.k.c.c.internals.ConsumerCoordinator  : [Consumer clientId=consumer-anonymous.71319fe6-9081-4354-a696-fc4667b331dc-4, groupId=anonymous.71319fe6-9081-4354-a696-fc4667b331dc] Found no committed offset for partition springCloudBus-0
2026-09-02T12:55:06.009+05:30  INFO 38280 --- [bmp-notification-service] [pool-3-thread-1] o.a.k.c.c.internals.ConsumerCoordinator  : [Consumer clientId=consumer-anonymous.71319fe6-9081-4354-a696-fc4667b331dc-4, groupId=anonymous.71319fe6-9081-4354-a696-fc4667b331dc] Found no committed offset for partition springCloudBus-0
2026-09-02T12:56:06.031+05:30  INFO 38280 --- [bmp-notification-service] [pool-3-thread-1] o.a.k.c.c.internals.ConsumerCoordinator  : [Consumer clientId=consumer-anonymous.71319fe6-9081-4354-a696-fc4667b331dc-4, groupId=anonymous.71319fe6-9081-4354-a696-fc4667b331dc] Found no committed offset for partition springCloudBus-0
2026-09-02T12:57:06.051+05:30  INFO 38280 --- [bmp-notification-service] [pool-3-thread-1] o.a.k.c.c.internals.ConsumerCoordinator  : [Consumer clientId=consumer-anonymous.71319fe6-9081-4354-a696-fc4667b331dc-4, groupId=anonymous.71319fe6-9081-4354-a696-fc4667b331dc] Found no committed offset for partition springCloudBus-0
2026-09-02T12:58:06.076+05:30  INFO 38280 --- [bmp-notification-service] [pool-3-thread-1] o.a.k.c.c.internals.ConsumerCoordinator  : [Consumer clientId=consumer-anonymous.71319fe6-9081-4354-a696-fc4667b331dc-4, groupId=anonymous.71319fe6-9081-4354-a696-fc4667b331dc] Found no committed offset for partition springCloudBus-0
2026-09-02T12:59:01.585+05:30  INFO 38280 --- [bmp-notification-service] [rap-executor-%d] c.n.d.s.r.aws.ConfigClusterResolver      : Resolving eureka endpoints via configuration
2026-09-02T12:59:06.098+05:30  INFO 38280 --- [bmp-notification-service] [pool-3-thread-1] o.a.k.c.c.internals.ConsumerCoordinator  : [Consumer clientId=consumer-anonymous.71319fe6-9081-4354-a696-fc4667b331dc-4, groupId=anonymous.71319fe6-9081-4354-a696-fc4667b331dc] Found no committed offset for partition springCloudBus-0
2026-09-02T13:00:06.128+05:30  INFO 38280 --- [bmp-notification-service] [pool-3-thread-1] o.a.k.c.c.internals.ConsumerCoordinator  : [Consumer clientId=consumer-anonymous.71319fe6-9081-4354-a696-fc4667b331dc-4, groupId=anonymous.71319fe6-9081-4354-a696-fc4667b331dc] Found no committed offset for partition springCloudBus-0
2026-09-02T13:01:06.144+05:30  INFO 38280 --- [bmp-notification-service] [pool-3-thread-1] o.a.k.c.c.internals.ConsumerCoordinator  : [Consumer clientId=consumer-anonymous.71319fe6-9081-4354-a696-fc4667b331dc-4, groupId=anonymous.71319fe6-9081-4354-a696-fc4667b331dc] Found no committed offset for partition springCloudBus-0
2026-09-02T13:02:06.166+05:30  INFO 38280 --- [bmp-notification-service] [pool-3-thread-1] o.a.k.c.c.internals.ConsumerCoordinator  : [Consumer clientId=consumer-anonymous.71319fe6-9081-4354-a696-fc4667b331dc-4, groupId=anonymous.71319fe6-9081-4354-a696-fc4667b331dc] Found no committed offset for partition springCloudBus-0
2026-09-02T13:03:06.190+05:30  INFO 38280 --- [bmp-notification-service] [pool-3-thread-1] o.a.k.c.c.internals.ConsumerCoordinator  : [Consumer clientId=consumer-anonymous.71319fe6-9081-4354-a696-fc4667b331dc-4, groupId=anonymous.71319fe6-9081-4354-a696-fc4667b331dc] Found no committed offset for partition springCloudBus-0
2026-09-02T13:04:01.595+05:30  INFO 38280 --- [bmp-notification-service] [rap-executor-%d] c.n.d.s.r.aws.ConfigClusterResolver      : Resolving eureka endpoints via configuration
2026-09-02T13:04:06.203+05:30  INFO 38280 --- [bmp-notification-service] [pool-3-thread-1] o.a.k.c.c.internals.ConsumerCoordinator  : [Consumer clientId=consumer-anonymous.71319fe6-9081-4354-a696-fc4667b331dc-4, groupId=anonymous.71319fe6-9081-4354-a696-fc4667b331dc] Found no committed offset for partition springCloudBus-0
2026-09-02T13:05:06.233+05:30  INFO 38280 --- [bmp-notification-service] [pool-3-thread-1] o.a.k.c.c.internals.ConsumerCoordinator  : [Consumer clientId=consumer-anonymous.71319fe6-9081-4354-a696-fc4667b331dc-4, groupId=anonymous.71319fe6-9081-4354-a696-fc4667b331dc] Found no committed offset for partition springCloudBus-0
2026-09-02T13:06:06.252+05:30  INFO 38280 --- [bmp-notification-service] [pool-3-thread-1] o.a.k.c.c.internals.ConsumerCoordinator  : [Consumer clientId=consumer-anonymous.71319fe6-9081-4354-a696-fc4667b331dc-4, groupId=anonymous.71319fe6-9081-4354-a696-fc4667b331dc] Found no committed offset for partition springCloudBus-0
2026-09-02T13:07:06.303+05:30  INFO 38280 --- [bmp-notification-service] [pool-3-thread-1] o.a.k.c.c.internals.ConsumerCoordinator  : [Consumer clientId=consumer-anonymous.71319fe6-9081-4354-a696-fc4667b331dc-4, groupId=anonymous.71319fe6-9081-4354-a696-fc4667b331dc] Found no committed offset for partition springCloudBus-0
2026-09-02T13:08:06.325+05:30  INFO 38280 --- [bmp-notification-service] [pool-3-thread-1] o.a.k.c.c.internals.ConsumerCoordinator  : [Consumer clientId=consumer-anonymous.71319fe6-9081-4354-a696-fc4667b331dc-4, groupId=anonymous.71319fe6-9081-4354-a696-fc4667b331dc] Found no committed offset for partition springCloudBus-0
2026-09-02T13:09:01.599+05:30  INFO 38280 --- [bmp-notification-service] [rap-executor-%d] c.n.d.s.r.aws.ConfigClusterResolver      : Resolving eureka endpoints via configuration
2026-09-02T13:09:06.354+05:30  INFO 38280 --- [bmp-notification-service] [pool-3-thread-1] o.a.k.c.c.internals.ConsumerCoordinator  : [Consumer clientId=consumer-anonymous.71319fe6-9081-4354-a696-fc4667b331dc-4, groupId=anonymous.71319fe6-9081-4354-a696-fc4667b331dc] Found no committed offset for partition springCloudBus-0
2026-09-02T13:10:06.393+05:30  INFO 38280 --- [bmp-notification-service] [pool-3-thread-1] o.a.k.c.c.internals.ConsumerCoordinator  : [Consumer clientId=consumer-anonymous.71319fe6-9081-4354-a696-fc4667b331dc-4, groupId=anonymous.71319fe6-9081-4354-a696-fc4667b331dc] Found no committed offset for partition springCloudBus-0
2026-09-02T13:11:06.434+05:30  INFO 38280 --- [bmp-notification-service] [pool-3-thread-1] o.a.k.c.c.internals.ConsumerCoordinator  : [Consumer clientId=consumer-anonymous.71319fe6-9081-4354-a696-fc4667b331dc-4, groupId=anonymous.71319fe6-9081-4354-a696-fc4667b331dc] Found no committed offset for partition springCloudBus-0
2026-09-02T13:12:06.451+05:30  INFO 38280 --- [bmp-notification-service] [pool-3-thread-1] o.a.k.c.c.internals.ConsumerCoordinator  : [Consumer clientId=consumer-anonymous.71319fe6-9081-4354-a696-fc4667b331dc-4, groupId=anonymous.71319fe6-9081-4354-a696-fc4667b331dc] Found no committed offset for partition springCloudBus-0
2026-09-02T13:13:06.477+05:30  INFO 38280 --- [bmp-notification-service] [pool-3-thread-1] o.a.k.c.c.internals.ConsumerCoordinator  : [Consumer clientId=consumer-anonymous.71319fe6-9081-4354-a696-fc4667b331dc-4, groupId=anonymous.71319fe6-9081-4354-a696-fc4667b331dc] Found no committed offset for partition springCloudBus-0
2026-09-02T13:14:01.617+05:30  INFO 38280 --- [bmp-notification-service] [rap-executor-%d] c.n.d.s.r.aws.ConfigClusterResolver      : Resolving eureka endpoints via configuration
2026-09-02T13:14:06.524+05:30  INFO 38280 --- [bmp-notification-service] [pool-3-thread-1] o.a.k.c.c.internals.ConsumerCoordinator  : [Consumer clientId=consumer-anonymous.71319fe6-9081-4354-a696-fc4667b331dc-4, groupId=anonymous.71319fe6-9081-4354-a696-fc4667b331dc] Found no committed offset for partition springCloudBus-0
2026-09-02T13:15:06.557+05:30  INFO 38280 --- [bmp-notification-service] [pool-3-thread-1] o.a.k.c.c.internals.ConsumerCoordinator  : [Consumer clientId=consumer-anonymous.71319fe6-9081-4354-a696-fc4667b331dc-4, groupId=anonymous.71319fe6-9081-4354-a696-fc4667b331dc] Found no committed offset for partition springCloudBus-0
2026-09-02T13:16:06.592+05:30  INFO 38280 --- [bmp-notification-service] [pool-3-thread-1] o.a.k.c.c.internals.ConsumerCoordinator  : [Consumer clientId=consumer-anonymous.71319fe6-9081-4354-a696-fc4667b331dc-4, groupId=anonymous.71319fe6-9081-4354-a696-fc4667b331dc] Found no committed offset for partition springCloudBus-0
2026-09-02T13:17:06.614+05:30  INFO 38280 --- [bmp-notification-service] [pool-3-thread-1] o.a.k.c.c.internals.ConsumerCoordinator  : [Consumer clientId=consumer-anonymous.71319fe6-9081-4354-a696-fc4667b331dc-4, groupId=anonymous.71319fe6-9081-4354-a696-fc4667b331dc] Found no committed offset for partition springCloudBus-0
2026-09-02T13:18:06.631+05:30  INFO 38280 --- [bmp-notification-service] [pool-3-thread-1] o.a.k.c.c.internals.ConsumerCoordinator  : [Consumer clientId=consumer-anonymous.71319fe6-9081-4354-a696-fc4667b331dc-4, groupId=anonymous.71319fe6-9081-4354-a696-fc4667b331dc] Found no committed offset for partition springCloudBus-0
2026-09-02T13:19:01.628+05:30  INFO 38280 --- [bmp-notification-service] [rap-executor-%d] c.n.d.s.r.aws.ConfigClusterResolver      : Resolving eureka endpoints via configuration
2026-09-02T13:19:06.663+05:30  INFO 38280 --- [bmp-notification-service] [pool-3-thread-1] o.a.k.c.c.internals.ConsumerCoordinator  : [Consumer clientId=consumer-anonymous.71319fe6-9081-4354-a696-fc4667b331dc-4, groupId=anonymous.71319fe6-9081-4354-a696-fc4667b331dc] Found no committed offset for partition springCloudBus-0
2026-09-02T13:20:06.686+05:30  INFO 38280 --- [bmp-notification-service] [pool-3-thread-1] o.a.k.c.c.internals.ConsumerCoordinator  : [Consumer clientId=consumer-anonymous.71319fe6-9081-4354-a696-fc4667b331dc-4, groupId=anonymous.71319fe6-9081-4354-a696-fc4667b331dc] Found no committed offset for partition springCloudBus-0
2026-09-02T13:21:06.703+05:30  INFO 38280 --- [bmp-notification-service] [pool-3-thread-1] o.a.k.c.c.internals.ConsumerCoordinator  : [Consumer clientId=consumer-anonymous.71319fe6-9081-4354-a696-fc4667b331dc-4, groupId=anonymous.71319fe6-9081-4354-a696-fc4667b331dc] Found no committed offset for partition springCloudBus-0
2026-09-02T13:22:06.730+05:30  INFO 38280 --- [bmp-notification-service] [pool-3-thread-1] o.a.k.c.c.internals.ConsumerCoordinator  : [Consumer clientId=consumer-anonymous.71319fe6-9081-4354-a696-fc4667b331dc-4, groupId=anonymous.71319fe6-9081-4354-a696-fc4667b331dc] Found no committed offset for partition springCloudBus-0
2026-09-02T13:23:06.749+05:30  INFO 38280 --- [bmp-notification-service] [pool-3-thread-1] o.a.k.c.c.internals.ConsumerCoordinator  : [Consumer clientId=consumer-anonymous.71319fe6-9081-4354-a696-fc4667b331dc-4, groupId=anonymous.71319fe6-9081-4354-a696-fc4667b331dc] Found no committed offset for partition springCloudBus-0
2026-09-02T13:24:01.637+05:30  INFO 38280 --- [bmp-notification-service] [rap-executor-%d] c.n.d.s.r.aws.ConfigClusterResolver      : Resolving eureka endpoints via configuration
2026-09-02T13:24:06.761+05:30  INFO 38280 --- [bmp-notification-service] [pool-3-thread-1] o.a.k.c.c.internals.ConsumerCoordinator  : [Consumer clientId=consumer-anonymous.71319fe6-9081-4354-a696-fc4667b331dc-4, groupId=anonymous.71319fe6-9081-4354-a696-fc4667b331dc] Found no committed offset for partition springCloudBus-0
2026-09-02T20:02:25.664+05:30  INFO 38280 --- [bmp-notification-service] [ntainer#0-0-C-1] org.apache.kafka.clients.NetworkClient   : [Consumer clientId=consumer-bmp-notification-service-3, groupId=bmp-notification-service] Node 2147483646 disconnected.
2026-09-02T20:02:25.676+05:30  INFO 38280 --- [bmp-notification-service] [ntainer#0-0-C-1] org.apache.kafka.clients.NetworkClient   : [Consumer clientId=consumer-bmp-notification-service-3, groupId=bmp-notification-service] Disconnecting from node 1 due to request timeout.
2026-09-02T20:02:25.683+05:30  INFO 38280 --- [bmp-notification-service] [ntainer#0-0-C-1] org.apache.kafka.clients.NetworkClient   : [Consumer clientId=consumer-bmp-notification-service-3, groupId=bmp-notification-service] Cancelled in-flight FETCH request with correlation id 230488 due to node 1 being disconnected (elapsed time since creation: 23888626ms, elapsed time since send: 23888626ms, throttle time: 0ms, request timeout: 30000ms)
2026-09-02T20:02:25.687+05:30  INFO 38280 --- [bmp-notification-service] [ication-service] o.a.k.c.c.internals.ConsumerCoordinator  : [Consumer clientId=consumer-bmp-notification-service-3, groupId=bmp-notification-service] Group coordinator localhost:9092 (id: 2147483646 rack: null) is unavailable or invalid due to cause: coordinator unavailable. isDisconnected: true. Rediscovery will be attempted.
2026-09-02T20:02:25.685+05:30  INFO 38280 --- [bmp-notification-service] [ntainer#0-0-C-1] o.a.kafka.clients.FetchSessionHandler    : [Consumer clientId=consumer-bmp-notification-service-3, groupId=bmp-notification-service] Error sending fetch request (sessionId=1942800440, epoch=7435) to node 1:

org.apache.kafka.common.errors.DisconnectException: null

2026-09-02T20:02:26.227+05:30  INFO 38280 --- [bmp-notification-service] [container-0-C-1] org.apache.kafka.clients.NetworkClient   : [Consumer clientId=consumer-anonymous.71319fe6-9081-4354-a696-fc4667b331dc-2, groupId=anonymous.71319fe6-9081-4354-a696-fc4667b331dc] Node 1 disconnected.
2026-09-02T20:02:26.227+05:30  INFO 38280 --- [bmp-notification-service] [container-0-C-1] org.apache.kafka.clients.NetworkClient   : [Consumer clientId=consumer-anonymous.71319fe6-9081-4354-a696-fc4667b331dc-2, groupId=anonymous.71319fe6-9081-4354-a696-fc4667b331dc] Cancelled in-flight FETCH request with correlation id 230531 due to node 1 being disconnected (elapsed time since creation: 23889189ms, elapsed time since send: 23889189ms, throttle time: 0ms, request timeout: 30000ms)
2026-09-02T20:02:26.227+05:30  INFO 38280 --- [bmp-notification-service] [container-0-C-1] o.a.kafka.clients.FetchSessionHandler    : [Consumer clientId=consumer-anonymous.71319fe6-9081-4354-a696-fc4667b331dc-2, groupId=anonymous.71319fe6-9081-4354-a696-fc4667b331dc] Error sending fetch request (sessionId=1653042854, epoch=7437) to node 1:

org.apache.kafka.common.errors.DisconnectException: null

2026-09-02T20:02:26.248+05:30  INFO 38280 --- [bmp-notification-service] [96-fc4667b331dc] org.apache.kafka.clients.NetworkClient   : [Consumer clientId=consumer-anonymous.71319fe6-9081-4354-a696-fc4667b331dc-2, groupId=anonymous.71319fe6-9081-4354-a696-fc4667b331dc] Node 2147483646 disconnected.
2026-09-02T20:02:26.250+05:30  INFO 38280 --- [bmp-notification-service] [96-fc4667b331dc] o.a.k.c.c.internals.ConsumerCoordinator  : [Consumer clientId=consumer-anonymous.71319fe6-9081-4354-a696-fc4667b331dc-2, groupId=anonymous.71319fe6-9081-4354-a696-fc4667b331dc] Group coordinator localhost:9092 (id: 2147483646 rack: null) is unavailable or invalid due to cause: coordinator unavailable. isDisconnected: true. Rediscovery will be attempted.
2026-09-02T20:02:27.572+05:30  INFO 38280 --- [bmp-notification-service] [ntainer#0-0-C-1] o.a.k.c.c.internals.ConsumerCoordinator  : [Consumer clientId=consumer-bmp-notification-service-3, groupId=bmp-notification-service] Discovered group coordinator localhost:9092 (id: 2147483646 rack: null)
2026-09-02T20:02:33.576+05:30  INFO 38280 --- [bmp-notification-service] [container-0-C-1] o.a.k.c.c.internals.ConsumerCoordinator  : [Consumer clientId=consumer-anonymous.71319fe6-9081-4354-a696-fc4667b331dc-2, groupId=anonymous.71319fe6-9081-4354-a696-fc4667b331dc] Discovered group coordinator localhost:9092 (id: 2147483646 rack: null)
2026-09-02T20:02:50.849+05:30  WARN 38280 --- [bmp-notification-service] [l-1 housekeeper] com.zaxxer.hikari.pool.HikariPool        : HikariPool-1 - Thread starvation or clock leap detected (housekeeper delta=6h38m38s586ms781µs700ns).
2026-09-02T20:03:12.898+05:30  INFO 38280 --- [bmp-notification-service] [pool-3-thread-1] org.apache.kafka.clients.NetworkClient   : [Consumer clientId=consumer-anonymous.71319fe6-9081-4354-a696-fc4667b331dc-4, groupId=anonymous.71319fe6-9081-4354-a696-fc4667b331dc] Node 2147483646 disconnected.
2026-09-02T20:03:12.914+05:30  INFO 38280 --- [bmp-notification-service] [pool-3-thread-1] o.a.k.c.c.internals.ConsumerCoordinator  : [Consumer clientId=consumer-anonymous.71319fe6-9081-4354-a696-fc4667b331dc-4, groupId=anonymous.71319fe6-9081-4354-a696-fc4667b331dc] Group coordinator localhost:9092 (id: 2147483646 rack: null) is unavailable or invalid due to cause: coordinator unavailable. isDisconnected: true. Rediscovery will be attempted.
2026-09-02T20:03:12.921+05:30  INFO 38280 --- [bmp-notification-service] [pool-3-thread-1] o.a.k.c.c.internals.ConsumerCoordinator  : [Consumer clientId=consumer-anonymous.71319fe6-9081-4354-a696-fc4667b331dc-4, groupId=anonymous.71319fe6-9081-4354-a696-fc4667b331dc] Discovered group coordinator localhost:9092 (id: 2147483646 rack: null)
2026-09-02T20:03:12.922+05:30  INFO 38280 --- [bmp-notification-service] [pool-3-thread-1] o.a.k.c.c.internals.ConsumerCoordinator  : [Consumer clientId=consumer-anonymous.71319fe6-9081-4354-a696-fc4667b331dc-4, groupId=anonymous.71319fe6-9081-4354-a696-fc4667b331dc] Group coordinator localhost:9092 (id: 2147483646 rack: null) is unavailable or invalid due to cause: coordinator unavailable. isDisconnected: false. Rediscovery will be attempted.
2026-09-02T20:03:12.922+05:30  INFO 38280 --- [bmp-notification-service] [pool-3-thread-1] o.a.k.c.c.internals.ConsumerCoordinator  : [Consumer clientId=consumer-anonymous.71319fe6-9081-4354-a696-fc4667b331dc-4, groupId=anonymous.71319fe6-9081-4354-a696-fc4667b331dc] Requesting disconnect from last known coordinator localhost:9092 (id: 2147483646 rack: null)
2026-09-02T20:03:13.028+05:30  INFO 38280 --- [bmp-notification-service] [pool-3-thread-1] o.a.k.c.c.internals.ConsumerCoordinator  : [Consumer clientId=consumer-anonymous.71319fe6-9081-4354-a696-fc4667b331dc-4, groupId=anonymous.71319fe6-9081-4354-a696-fc4667b331dc] Discovered group coordinator localhost:9092 (id: 2147483646 rack: null)
2026-09-02T20:03:13.055+05:30  INFO 38280 --- [bmp-notification-service] [pool-3-thread-1] o.a.k.c.c.internals.ConsumerCoordinator  : [Consumer clientId=consumer-anonymous.71319fe6-9081-4354-a696-fc4667b331dc-4, groupId=anonymous.71319fe6-9081-4354-a696-fc4667b331dc] Found no committed offset for partition springCloudBus-0
2026-09-02T20:04:13.067+05:30  INFO 38280 --- [bmp-notification-service] [pool-3-thread-1] o.a.k.c.c.internals.ConsumerCoordinator  : [Consumer clientId=consumer-anonymous.71319fe6-9081-4354-a696-fc4667b331dc-4, groupId=anonymous.71319fe6-9081-4354-a696-fc4667b331dc] Found no committed offset for partition springCloudBus-0
2026-09-02T20:05:13.081+05:30  INFO 38280 --- [bmp-notification-service] [pool-3-thread-1] o.a.k.c.c.internals.ConsumerCoordinator  : [Consumer clientId=consumer-anonymous.71319fe6-9081-4354-a696-fc4667b331dc-4, groupId=anonymous.71319fe6-9081-4354-a696-fc4667b331dc] Found no committed offset for partition springCloudBus-0
2026-09-02T20:06:13.103+05:30  INFO 38280 --- [bmp-notification-service] [pool-3-thread-1] o.a.k.c.c.internals.ConsumerCoordinator  : [Consumer clientId=consumer-anonymous.71319fe6-9081-4354-a696-fc4667b331dc-4, groupId=anonymous.71319fe6-9081-4354-a696-fc4667b331dc] Found no committed offset for partition springCloudBus-0
2026-09-02T20:07:07.759+05:30  INFO 38280 --- [bmp-notification-service] [rap-executor-%d] c.n.d.s.r.aws.ConfigClusterResolver      : Resolving eureka endpoints via configuration
2026-09-02T20:07:13.118+05:30  INFO 38280 --- [bmp-notification-service] [pool-3-thread-1] o.a.k.c.c.internals.ConsumerCoordinator  : [Consumer clientId=consumer-anonymous.71319fe6-9081-4354-a696-fc4667b331dc-4, groupId=anonymous.71319fe6-9081-4354-a696-fc4667b331dc] Found no committed offset for partition springCloudBus-0
2026-09-02T20:08:13.140+05:30  INFO 38280 --- [bmp-notification-service] [pool-3-thread-1] o.a.k.c.c.internals.ConsumerCoordinator  : [Consumer clientId=consumer-anonymous.71319fe6-9081-4354-a696-fc4667b331dc-4, groupId=anonymous.71319fe6-9081-4354-a696-fc4667b331dc] Found no committed offset for partition springCloudBus-0
2026-09-02T20:09:13.157+05:30  INFO 38280 --- [bmp-notification-service] [pool-3-thread-1] o.a.k.c.c.internals.ConsumerCoordinator  : [Consumer clientId=consumer-anonymous.71319fe6-9081-4354-a696-fc4667b331dc-4, groupId=anonymous.71319fe6-9081-4354-a696-fc4667b331dc] Found no committed offset for partition springCloudBus-0
2026-09-02T20:10:13.175+05:30  INFO 38280 --- [bmp-notification-service] [pool-3-thread-1] o.a.k.c.c.internals.ConsumerCoordinator  : [Consumer clientId=consumer-anonymous.71319fe6-9081-4354-a696-fc4667b331dc-4, groupId=anonymous.71319fe6-9081-4354-a696-fc4667b331dc] Found no committed offset for partition springCloudBus-0
2026-09-02T20:11:13.194+05:30  INFO 38280 --- [bmp-notification-service] [pool-3-thread-1] o.a.k.c.c.internals.ConsumerCoordinator  : [Consumer clientId=consumer-anonymous.71319fe6-9081-4354-a696-fc4667b331dc-4, groupId=anonymous.71319fe6-9081-4354-a696-fc4667b331dc] Found no committed offset for partition springCloudBus-0
2026-09-02T20:12:07.785+05:30  INFO 38280 --- [bmp-notification-service] [rap-executor-%d] c.n.d.s.r.aws.ConfigClusterResolver      : Resolving eureka endpoints via configuration
2026-09-02T20:12:13.206+05:30  INFO 38280 --- [bmp-notification-service] [pool-3-thread-1] o.a.k.c.c.internals.ConsumerCoordinator  : [Consumer clientId=consumer-anonymous.71319fe6-9081-4354-a696-fc4667b331dc-4, groupId=anonymous.71319fe6-9081-4354-a696-fc4667b331dc] Found no committed offset for partition springCloudBus-0
2026-09-02T20:13:13.219+05:30  INFO 38280 --- [bmp-notification-service] [pool-3-thread-1] o.a.k.c.c.internals.ConsumerCoordinator  : [Consumer clientId=consumer-anonymous.71319fe6-9081-4354-a696-fc4667b331dc-4, groupId=anonymous.71319fe6-9081-4354-a696-fc4667b331dc] Found no committed offset for partition springCloudBus-0
2026-09-02T20:14:13.240+05:30  INFO 38280 --- [bmp-notification-service] [pool-3-thread-1] o.a.k.c.c.internals.ConsumerCoordinator  : [Consumer clientId=consumer-anonymous.71319fe6-9081-4354-a696-fc4667b331dc-4, groupId=anonymous.71319fe6-9081-4354-a696-fc4667b331dc] Found no committed offset for partition springCloudBus-0
2026-09-02T20:15:13.258+05:30  INFO 38280 --- [bmp-notification-service] [pool-3-thread-1] o.a.k.c.c.internals.ConsumerCoordinator  : [Consumer clientId=consumer-anonymous.71319fe6-9081-4354-a696-fc4667b331dc-4, groupId=anonymous.71319fe6-9081-4354-a696-fc4667b331dc] Found no committed offset for partition springCloudBus-0
2026-09-02T20:16:13.278+05:30  INFO 38280 --- [bmp-notification-service] [pool-3-thread-1] o.a.k.c.c.internals.ConsumerCoordinator  : [Consumer clientId=consumer-anonymous.71319fe6-9081-4354-a696-fc4667b331dc-4, groupId=anonymous.71319fe6-9081-4354-a696-fc4667b331dc] Found no committed offset for partition springCloudBus-0
2026-09-02T20:17:07.800+05:30  INFO 38280 --- [bmp-notification-service] [rap-executor-%d] c.n.d.s.r.aws.ConfigClusterResolver      : Resolving eureka endpoints via configuration
2026-09-02T20:17:13.305+05:30  INFO 38280 --- [bmp-notification-service] [pool-3-thread-1] o.a.k.c.c.internals.ConsumerCoordinator  : [Consumer clientId=consumer-anonymous.71319fe6-9081-4354-a696-fc4667b331dc-4, groupId=anonymous.71319fe6-9081-4354-a696-fc4667b331dc] Found no committed offset for partition springCloudBus-0
2026-09-02T20:18:13.329+05:30  INFO 38280 --- [bmp-notification-service] [pool-3-thread-1] o.a.k.c.c.internals.ConsumerCoordinator  : [Consumer clientId=consumer-anonymous.71319fe6-9081-4354-a696-fc4667b331dc-4, groupId=anonymous.71319fe6-9081-4354-a696-fc4667b331dc] Found no committed offset for partition springCloudBus-0
2026-09-02T20:19:13.340+05:30  INFO 38280 --- [bmp-notification-service] [pool-3-thread-1] o.a.k.c.c.internals.ConsumerCoordinator  : [Consumer clientId=consumer-anonymous.71319fe6-9081-4354-a696-fc4667b331dc-4, groupId=anonymous.71319fe6-9081-4354-a696-fc4667b331dc] Found no committed offset for partition springCloudBus-0
2026-09-02T20:20:13.359+05:30  INFO 38280 --- [bmp-notification-service] [pool-3-thread-1] o.a.k.c.c.internals.ConsumerCoordinator  : [Consumer clientId=consumer-anonymous.71319fe6-9081-4354-a696-fc4667b331dc-4, groupId=anonymous.71319fe6-9081-4354-a696-fc4667b331dc] Found no committed offset for partition springCloudBus-0
2026-09-02T20:21:13.376+05:30  INFO 38280 --- [bmp-notification-service] [pool-3-thread-1] o.a.k.c.c.internals.ConsumerCoordinator  : [Consumer clientId=consumer-anonymous.71319fe6-9081-4354-a696-fc4667b331dc-4, groupId=anonymous.71319fe6-9081-4354-a696-fc4667b331dc] Found no committed offset for partition springCloudBus-0
2026-09-02T20:22:07.818+05:30  INFO 38280 --- [bmp-notification-service] [rap-executor-%d] c.n.d.s.r.aws.ConfigClusterResolver      : Resolving eureka endpoints via configuration
2026-09-02T20:22:13.393+05:30  INFO 38280 --- [bmp-notification-service] [pool-3-thread-1] o.a.k.c.c.internals.ConsumerCoordinator  : [Consumer clientId=consumer-anonymous.71319fe6-9081-4354-a696-fc4667b331dc-4, groupId=anonymous.71319fe6-9081-4354-a696-fc4667b331dc] Found no committed offset for partition springCloudBus-0
2026-09-02T20:23:13.415+05:30  INFO 38280 --- [bmp-notification-service] [pool-3-thread-1] o.a.k.c.c.internals.ConsumerCoordinator  : [Consumer clientId=consumer-anonymous.71319fe6-9081-4354-a696-fc4667b331dc-4, groupId=anonymous.71319fe6-9081-4354-a696-fc4667b331dc] Found no committed offset for partition springCloudBus-0
2026-09-02T20:24:13.435+05:30  INFO 38280 --- [bmp-notification-service] [pool-3-thread-1] o.a.k.c.c.internals.ConsumerCoordinator  : [Consumer clientId=consumer-anonymous.71319fe6-9081-4354-a696-fc4667b331dc-4, groupId=anonymous.71319fe6-9081-4354-a696-fc4667b331dc] Found no committed offset for partition springCloudBus-0
2026-09-02T20:25:13.452+05:30  INFO 38280 --- [bmp-notification-service] [pool-3-thread-1] o.a.k.c.c.internals.ConsumerCoordinator  : [Consumer clientId=consumer-anonymous.71319fe6-9081-4354-a696-fc4667b331dc-4, groupId=anonymous.71319fe6-9081-4354-a696-fc4667b331dc] Found no committed offset for partition springCloudBus-0
2026-09-02T20:26:13.466+05:30  INFO 38280 --- [bmp-notification-service] [pool-3-thread-1] o.a.k.c.c.internals.ConsumerCoordinator  : [Consumer clientId=consumer-anonymous.71319fe6-9081-4354-a696-fc4667b331dc-4, groupId=anonymous.71319fe6-9081-4354-a696-fc4667b331dc] Found no committed offset for partition springCloudBus-0
2026-09-02T20:27:07.831+05:30  INFO 38280 --- [bmp-notification-service] [rap-executor-%d] c.n.d.s.r.aws.ConfigClusterResolver      : Resolving eureka endpoints via configuration
2026-09-02T20:27:13.508+05:30  INFO 38280 --- [bmp-notification-service] [pool-3-thread-1] o.a.k.c.c.internals.ConsumerCoordinator  : [Consumer clientId=consumer-anonymous.71319fe6-9081-4354-a696-fc4667b331dc-4, groupId=anonymous.71319fe6-9081-4354-a696-fc4667b331dc] Found no committed offset for partition springCloudBus-0
2026-09-02T20:28:13.549+05:30  INFO 38280 --- [bmp-notification-service] [pool-3-thread-1] o.a.k.c.c.internals.ConsumerCoordinator  : [Consumer clientId=consumer-anonymous.71319fe6-9081-4354-a696-fc4667b331dc-4, groupId=anonymous.71319fe6-9081-4354-a696-fc4667b331dc] Found no committed offset for partition springCloudBus-0
2026-09-02T20:29:13.569+05:30  INFO 38280 --- [bmp-notification-service] [pool-3-thread-1] o.a.k.c.c.internals.ConsumerCoordinator  : [Consumer clientId=consumer-anonymous.71319fe6-9081-4354-a696-fc4667b331dc-4, groupId=anonymous.71319fe6-9081-4354-a696-fc4667b331dc] Found no committed offset for partition springCloudBus-0
2026-09-02T20:30:13.590+05:30  INFO 38280 --- [bmp-notification-service] [pool-3-thread-1] o.a.k.c.c.internals.ConsumerCoordinator  : [Consumer clientId=consumer-anonymous.71319fe6-9081-4354-a696-fc4667b331dc-4, groupId=anonymous.71319fe6-9081-4354-a696-fc4667b331dc] Found no committed offset for partition springCloudBus-0
2026-09-02T20:31:13.602+05:30  INFO 38280 --- [bmp-notification-service] [pool-3-thread-1] o.a.k.c.c.internals.ConsumerCoordinator  : [Consumer clientId=consumer-anonymous.71319fe6-9081-4354-a696-fc4667b331dc-4, groupId=anonymous.71319fe6-9081-4354-a696-fc4667b331dc] Found no committed offset for partition springCloudBus-0
2026-09-02T20:32:07.843+05:30  INFO 38280 --- [bmp-notification-service] [rap-executor-%d] c.n.d.s.r.aws.ConfigClusterResolver      : Resolving eureka endpoints via configuration
2026-09-02T20:32:13.617+05:30  INFO 38280 --- [bmp-notification-service] [pool-3-thread-1] o.a.k.c.c.internals.ConsumerCoordinator  : [Consumer clientId=consumer-anonymous.71319fe6-9081-4354-a696-fc4667b331dc-4, groupId=anonymous.71319fe6-9081-4354-a696-fc4667b331dc] Found no committed offset for partition springCloudBus-0
2026-09-02T20:33:13.633+05:30  INFO 38280 --- [bmp-notification-service] [pool-3-thread-1] o.a.k.c.c.internals.ConsumerCoordinator  : [Consumer clientId=consumer-anonymous.71319fe6-9081-4354-a696-fc4667b331dc-4, groupId=anonymous.71319fe6-9081-4354-a696-fc4667b331dc] Found no committed offset for partition springCloudBus-0
2026-09-02T20:34:13.655+05:30  INFO 38280 --- [bmp-notification-service] [pool-3-thread-1] o.a.k.c.c.internals.ConsumerCoordinator  : [Consumer clientId=consumer-anonymous.71319fe6-9081-4354-a696-fc4667b331dc-4, groupId=anonymous.71319fe6-9081-4354-a696-fc4667b331dc] Found no committed offset for partition springCloudBus-0
2026-09-02T20:35:13.677+05:30  INFO 38280 --- [bmp-notification-service] [pool-3-thread-1] o.a.k.c.c.internals.ConsumerCoordinator  : [Consumer clientId=consumer-anonymous.71319fe6-9081-4354-a696-fc4667b331dc-4, groupId=anonymous.71319fe6-9081-4354-a696-fc4667b331dc] Found no committed offset for partition springCloudBus-0
2026-09-02T20:36:13.702+05:30  INFO 38280 --- [bmp-notification-service] [pool-3-thread-1] o.a.k.c.c.internals.ConsumerCoordinator  : [Consumer clientId=consumer-anonymous.71319fe6-9081-4354-a696-fc4667b331dc-4, groupId=anonymous.71319fe6-9081-4354-a696-fc4667b331dc] Found no committed offset for partition springCloudBus-0
2026-09-02T20:37:07.856+05:30  INFO 38280 --- [bmp-notification-service] [rap-executor-%d] c.n.d.s.r.aws.ConfigClusterResolver      : Resolving eureka endpoints via configuration
2026-09-02T20:37:13.714+05:30  INFO 38280 --- [bmp-notification-service] [pool-3-thread-1] o.a.k.c.c.internals.ConsumerCoordinator  : [Consumer clientId=consumer-anonymous.71319fe6-9081-4354-a696-fc4667b331dc-4, groupId=anonymous.71319fe6-9081-4354-a696-fc4667b331dc] Found no committed offset for partition springCloudBus-0
2026-09-02T20:38:13.728+05:30  INFO 38280 --- [bmp-notification-service] [pool-3-thread-1] o.a.k.c.c.internals.ConsumerCoordinator  : [Consumer clientId=consumer-anonymous.71319fe6-9081-4354-a696-fc4667b331dc-4, groupId=anonymous.71319fe6-9081-4354-a696-fc4667b331dc] Found no committed offset for partition springCloudBus-0
2026-09-02T20:39:13.742+05:30  INFO 38280 --- [bmp-notification-service] [pool-3-thread-1] o.a.k.c.c.internals.ConsumerCoordinator  : [Consumer clientId=consumer-anonymous.71319fe6-9081-4354-a696-fc4667b331dc-4, groupId=anonymous.71319fe6-9081-4354-a696-fc4667b331dc] Found no committed offset for partition springCloudBus-0
2026-09-02T20:40:13.774+05:30  INFO 38280 --- [bmp-notification-service] [pool-3-thread-1] o.a.k.c.c.internals.ConsumerCoordinator  : [Consumer clientId=consumer-anonymous.71319fe6-9081-4354-a696-fc4667b331dc-4, groupId=anonymous.71319fe6-9081-4354-a696-fc4667b331dc] Found no committed offset for partition springCloudBus-0
2026-09-02T20:41:13.803+05:30  INFO 38280 --- [bmp-notification-service] [pool-3-thread-1] o.a.k.c.c.internals.ConsumerCoordinator  : [Consumer clientId=consumer-anonymous.71319fe6-9081-4354-a696-fc4667b331dc-4, groupId=anonymous.71319fe6-9081-4354-a696-fc4667b331dc] Found no committed offset for partition springCloudBus-0
2026-09-02T20:42:07.872+05:30  INFO 38280 --- [bmp-notification-service] [rap-executor-%d] c.n.d.s.r.aws.ConfigClusterResolver      : Resolving eureka endpoints via configuration
2026-09-02T20:42:13.831+05:30  INFO 38280 --- [bmp-notification-service] [pool-3-thread-1] o.a.k.c.c.internals.ConsumerCoordinator  : [Consumer clientId=consumer-anonymous.71319fe6-9081-4354-a696-fc4667b331dc-4, groupId=anonymous.71319fe6-9081-4354-a696-fc4667b331dc] Found no committed offset for partition springCloudBus-0
2026-09-02T20:43:13.841+05:30  INFO 38280 --- [bmp-notification-service] [pool-3-thread-1] o.a.k.c.c.internals.ConsumerCoordinator  : [Consumer clientId=consumer-anonymous.71319fe6-9081-4354-a696-fc4667b331dc-4, groupId=anonymous.71319fe6-9081-4354-a696-fc4667b331dc] Found no committed offset for partition springCloudBus-0
2026-09-02T20:44:13.863+05:30  INFO 38280 --- [bmp-notification-service] [pool-3-thread-1] o.a.k.c.c.internals.ConsumerCoordinator  : [Consumer clientId=consumer-anonymous.71319fe6-9081-4354-a696-fc4667b331dc-4, groupId=anonymous.71319fe6-9081-4354-a696-fc4667b331dc] Found no committed offset for partition springCloudBus-0
2026-09-02T20:45:13.883+05:30  INFO 38280 --- [bmp-notification-service] [pool-3-thread-1] o.a.k.c.c.internals.ConsumerCoordinator  : [Consumer clientId=consumer-anonymous.71319fe6-9081-4354-a696-fc4667b331dc-4, groupId=anonymous.71319fe6-9081-4354-a696-fc4667b331dc] Found no committed offset for partition springCloudBus-0
2026-09-02T20:46:13.904+05:30  INFO 38280 --- [bmp-notification-service] [pool-3-thread-1] o.a.k.c.c.internals.ConsumerCoordinator  : [Consumer clientId=consumer-anonymous.71319fe6-9081-4354-a696-fc4667b331dc-4, groupId=anonymous.71319fe6-9081-4354-a696-fc4667b331dc] Found no committed offset for partition springCloudBus-0
2026-09-02T20:47:07.879+05:30  INFO 38280 --- [bmp-notification-service] [rap-executor-%d] c.n.d.s.r.aws.ConfigClusterResolver      : Resolving eureka endpoints via configuration
2026-09-02T20:47:13.932+05:30  INFO 38280 --- [bmp-notification-service] [pool-3-thread-1] o.a.k.c.c.internals.ConsumerCoordinator  : [Consumer clientId=consumer-anonymous.71319fe6-9081-4354-a696-fc4667b331dc-4, groupId=anonymous.71319fe6-9081-4354-a696-fc4667b331dc] Found no committed offset for partition springCloudBus-0
2026-09-02T20:48:13.957+05:30  INFO 38280 --- [bmp-notification-service] [pool-3-thread-1] o.a.k.c.c.internals.ConsumerCoordinator  : [Consumer clientId=consumer-anonymous.71319fe6-9081-4354-a696-fc4667b331dc-4, groupId=anonymous.71319fe6-9081-4354-a696-fc4667b331dc] Found no committed offset for partition springCloudBus-0
2026-09-02T20:49:13.982+05:30  INFO 38280 --- [bmp-notification-service] [pool-3-thread-1] o.a.k.c.c.internals.ConsumerCoordinator  : [Consumer clientId=consumer-anonymous.71319fe6-9081-4354-a696-fc4667b331dc-4, groupId=anonymous.71319fe6-9081-4354-a696-fc4667b331dc] Found no committed offset for partition springCloudBus-0
2026-09-02T20:50:13.995+05:30  INFO 38280 --- [bmp-notification-service] [pool-3-thread-1] o.a.k.c.c.internals.ConsumerCoordinator  : [Consumer clientId=consumer-anonymous.71319fe6-9081-4354-a696-fc4667b331dc-4, groupId=anonymous.71319fe6-9081-4354-a696-fc4667b331dc] Found no committed offset for partition springCloudBus-0
2026-09-02T20:51:14.011+05:30  INFO 38280 --- [bmp-notification-service] [pool-3-thread-1] o.a.k.c.c.internals.ConsumerCoordinator  : [Consumer clientId=consumer-anonymous.71319fe6-9081-4354-a696-fc4667b331dc-4, groupId=anonymous.71319fe6-9081-4354-a696-fc4667b331dc] Found no committed offset for partition springCloudBus-0
2026-09-02T20:52:07.880+05:30  INFO 38280 --- [bmp-notification-service] [rap-executor-%d] c.n.d.s.r.aws.ConfigClusterResolver      : Resolving eureka endpoints via configuration
2026-09-02T20:52:14.021+05:30  INFO 38280 --- [bmp-notification-service] [pool-3-thread-1] o.a.k.c.c.internals.ConsumerCoordinator  : [Consumer clientId=consumer-anonymous.71319fe6-9081-4354-a696-fc4667b331dc-4, groupId=anonymous.71319fe6-9081-4354-a696-fc4667b331dc] Found no committed offset for partition springCloudBus-0
2026-09-02T20:53:14.032+05:30  INFO 38280 --- [bmp-notification-service] [pool-3-thread-1] o.a.k.c.c.internals.ConsumerCoordinator  : [Consumer clientId=consumer-anonymous.71319fe6-9081-4354-a696-fc4667b331dc-4, groupId=anonymous.71319fe6-9081-4354-a696-fc4667b331dc] Found no committed offset for partition springCloudBus-0
2026-09-02T20:54:14.047+05:30  INFO 38280 --- [bmp-notification-service] [pool-3-thread-1] o.a.k.c.c.internals.ConsumerCoordinator  : [Consumer clientId=consumer-anonymous.71319fe6-9081-4354-a696-fc4667b331dc-4, groupId=anonymous.71319fe6-9081-4354-a696-fc4667b331dc] Found no committed offset for partition springCloudBus-0
2026-09-02T20:55:14.057+05:30  INFO 38280 --- [bmp-notification-service] [pool-3-thread-1] o.a.k.c.c.internals.ConsumerCoordinator  : [Consumer clientId=consumer-anonymous.71319fe6-9081-4354-a696-fc4667b331dc-4, groupId=anonymous.71319fe6-9081-4354-a696-fc4667b331dc] Found no committed offset for partition springCloudBus-0
2026-09-02T20:56:14.074+05:30  INFO 38280 --- [bmp-notification-service] [pool-3-thread-1] o.a.k.c.c.internals.ConsumerCoordinator  : [Consumer clientId=consumer-anonymous.71319fe6-9081-4354-a696-fc4667b331dc-4, groupId=anonymous.71319fe6-9081-4354-a696-fc4667b331dc] Found no committed offset for partition springCloudBus-0
2026-09-02T20:57:07.890+05:30  INFO 38280 --- [bmp-notification-service] [rap-executor-%d] c.n.d.s.r.aws.ConfigClusterResolver      : Resolving eureka endpoints via configuration
2026-09-02T20:57:14.085+05:30  INFO 38280 --- [bmp-notification-service] [pool-3-thread-1] o.a.k.c.c.internals.ConsumerCoordinator  : [Consumer clientId=consumer-anonymous.71319fe6-9081-4354-a696-fc4667b331dc-4, groupId=anonymous.71319fe6-9081-4354-a696-fc4667b331dc] Found no committed offset for partition springCloudBus-0
2026-09-02T20:58:14.102+05:30  INFO 38280 --- [bmp-notification-service] [pool-3-thread-1] o.a.k.c.c.internals.ConsumerCoordinator  : [Consumer clientId=consumer-anonymous.71319fe6-9081-4354-a696-fc4667b331dc-4, groupId=anonymous.71319fe6-9081-4354-a696-fc4667b331dc] Found no committed offset for partition springCloudBus-0
2026-09-02T20:59:14.111+05:30  INFO 38280 --- [bmp-notification-service] [pool-3-thread-1] o.a.k.c.c.internals.ConsumerCoordinator  : [Consumer clientId=consumer-anonymous.71319fe6-9081-4354-a696-fc4667b331dc-4, groupId=anonymous.71319fe6-9081-4354-a696-fc4667b331dc] Found no committed offset for partition springCloudBus-0
2026-09-02T21:00:14.134+05:30  INFO 38280 --- [bmp-notification-service] [pool-3-thread-1] o.a.k.c.c.internals.ConsumerCoordinator  : [Consumer clientId=consumer-anonymous.71319fe6-9081-4354-a696-fc4667b331dc-4, groupId=anonymous.71319fe6-9081-4354-a696-fc4667b331dc] Found no committed offset for partition springCloudBus-0
2026-09-02T21:01:14.163+05:30  INFO 38280 --- [bmp-notification-service] [pool-3-thread-1] o.a.k.c.c.internals.ConsumerCoordinator  : [Consumer clientId=consumer-anonymous.71319fe6-9081-4354-a696-fc4667b331dc-4, groupId=anonymous.71319fe6-9081-4354-a696-fc4667b331dc] Found no committed offset for partition springCloudBus-0
2026-09-02T21:02:07.904+05:30  INFO 38280 --- [bmp-notification-service] [rap-executor-%d] c.n.d.s.r.aws.ConfigClusterResolver      : Resolving eureka endpoints via configuration
2026-09-02T21:02:14.187+05:30  INFO 38280 --- [bmp-notification-service] [pool-3-thread-1] o.a.k.c.c.internals.ConsumerCoordinator  : [Consumer clientId=consumer-anonymous.71319fe6-9081-4354-a696-fc4667b331dc-4, groupId=anonymous.71319fe6-9081-4354-a696-fc4667b331dc] Found no committed offset for partition springCloudBus-0
2026-09-02T21:03:14.204+05:30  INFO 38280 --- [bmp-notification-service] [pool-3-thread-1] o.a.k.c.c.internals.ConsumerCoordinator  : [Consumer clientId=consumer-anonymous.71319fe6-9081-4354-a696-fc4667b331dc-4, groupId=anonymous.71319fe6-9081-4354-a696-fc4667b331dc] Found no committed offset for partition springCloudBus-0
2026-09-02T21:04:14.226+05:30  INFO 38280 --- [bmp-notification-service] [pool-3-thread-1] o.a.k.c.c.internals.ConsumerCoordinator  : [Consumer clientId=consumer-anonymous.71319fe6-9081-4354-a696-fc4667b331dc-4, groupId=anonymous.71319fe6-9081-4354-a696-fc4667b331dc] Found no committed offset for partition springCloudBus-0
2026-09-02T21:05:14.235+05:30  INFO 38280 --- [bmp-notification-service] [pool-3-thread-1] o.a.k.c.c.internals.ConsumerCoordinator  : [Consumer clientId=consumer-anonymous.71319fe6-9081-4354-a696-fc4667b331dc-4, groupId=anonymous.71319fe6-9081-4354-a696-fc4667b331dc] Found no committed offset for partition springCloudBus-0
2026-09-02T21:06:14.250+05:30  INFO 38280 --- [bmp-notification-service] [pool-3-thread-1] o.a.k.c.c.internals.ConsumerCoordinator  : [Consumer clientId=consumer-anonymous.71319fe6-9081-4354-a696-fc4667b331dc-4, groupId=anonymous.71319fe6-9081-4354-a696-fc4667b331dc] Found no committed offset for partition springCloudBus-0
2026-09-02T21:07:07.916+05:30  INFO 38280 --- [bmp-notification-service] [rap-executor-%d] c.n.d.s.r.aws.ConfigClusterResolver      : Resolving eureka endpoints via configuration
2026-09-02T21:07:14.261+05:30  INFO 38280 --- [bmp-notification-service] [pool-3-thread-1] o.a.k.c.c.internals.ConsumerCoordinator  : [Consumer clientId=consumer-anonymous.71319fe6-9081-4354-a696-fc4667b331dc-4, groupId=anonymous.71319fe6-9081-4354-a696-fc4667b331dc] Found no committed offset for partition springCloudBus-0
2026-09-02T21:08:14.279+05:30  INFO 38280 --- [bmp-notification-service] [pool-3-thread-1] o.a.k.c.c.internals.ConsumerCoordinator  : [Consumer clientId=consumer-anonymous.71319fe6-9081-4354-a696-fc4667b331dc-4, groupId=anonymous.71319fe6-9081-4354-a696-fc4667b331dc] Found no committed offset for partition springCloudBus-0
2026-09-02T21:09:14.286+05:30  INFO 38280 --- [bmp-notification-service] [pool-3-thread-1] o.a.k.c.c.internals.ConsumerCoordinator  : [Consumer clientId=consumer-anonymous.71319fe6-9081-4354-a696-fc4667b331dc-4, groupId=anonymous.71319fe6-9081-4354-a696-fc4667b331dc] Found no committed offset for partition springCloudBus-0
2026-09-02T21:10:14.308+05:30  INFO 38280 --- [bmp-notification-service] [pool-3-thread-1] o.a.k.c.c.internals.ConsumerCoordinator  : [Consumer clientId=consumer-anonymous.71319fe6-9081-4354-a696-fc4667b331dc-4, groupId=anonymous.71319fe6-9081-4354-a696-fc4667b331dc] Found no committed offset for partition springCloudBus-0
2026-09-02T21:11:14.334+05:30  INFO 38280 --- [bmp-notification-service] [pool-3-thread-1] o.a.k.c.c.internals.ConsumerCoordinator  : [Consumer clientId=consumer-anonymous.71319fe6-9081-4354-a696-fc4667b331dc-4, groupId=anonymous.71319fe6-9081-4354-a696-fc4667b331dc] Found no committed offset for partition springCloudBus-0
2026-09-02T21:12:07.932+05:30  INFO 38280 --- [bmp-notification-service] [rap-executor-%d] c.n.d.s.r.aws.ConfigClusterResolver      : Resolving eureka endpoints via configuration
2026-09-02T21:12:14.351+05:30  INFO 38280 --- [bmp-notification-service] [pool-3-thread-1] o.a.k.c.c.internals.ConsumerCoordinator  : [Consumer clientId=consumer-anonymous.71319fe6-9081-4354-a696-fc4667b331dc-4, groupId=anonymous.71319fe6-9081-4354-a696-fc4667b331dc] Found no committed offset for partition springCloudBus-0
2026-09-02T21:13:14.372+05:30  INFO 38280 --- [bmp-notification-service] [pool-3-thread-1] o.a.k.c.c.internals.ConsumerCoordinator  : [Consumer clientId=consumer-anonymous.71319fe6-9081-4354-a696-fc4667b331dc-4, groupId=anonymous.71319fe6-9081-4354-a696-fc4667b331dc] Found no committed offset for partition springCloudBus-0
2026-09-02T21:14:14.385+05:30  INFO 38280 --- [bmp-notification-service] [pool-3-thread-1] o.a.k.c.c.internals.ConsumerCoordinator  : [Consumer clientId=consumer-anonymous.71319fe6-9081-4354-a696-fc4667b331dc-4, groupId=anonymous.71319fe6-9081-4354-a696-fc4667b331dc] Found no committed offset for partition springCloudBus-0
2026-09-02T21:15:14.406+05:30  INFO 38280 --- [bmp-notification-service] [pool-3-thread-1] o.a.k.c.c.internals.ConsumerCoordinator  : [Consumer clientId=consumer-anonymous.71319fe6-9081-4354-a696-fc4667b331dc-4, groupId=anonymous.71319fe6-9081-4354-a696-fc4667b331dc] Found no committed offset for partition springCloudBus-0
2026-09-02T21:16:14.420+05:30  INFO 38280 --- [bmp-notification-service] [pool-3-thread-1] o.a.k.c.c.internals.ConsumerCoordinator  : [Consumer clientId=consumer-anonymous.71319fe6-9081-4354-a696-fc4667b331dc-4, groupId=anonymous.71319fe6-9081-4354-a696-fc4667b331dc] Found no committed offset for partition springCloudBus-0
2026-09-02T21:17:07.947+05:30  INFO 38280 --- [bmp-notification-service] [rap-executor-%d] c.n.d.s.r.aws.ConfigClusterResolver      : Resolving eureka endpoints via configuration
2026-09-02T21:17:14.437+05:30  INFO 38280 --- [bmp-notification-service] [pool-3-thread-1] o.a.k.c.c.internals.ConsumerCoordinator  : [Consumer clientId=consumer-anonymous.71319fe6-9081-4354-a696-fc4667b331dc-4, groupId=anonymous.71319fe6-9081-4354-a696-fc4667b331dc] Found no committed offset for partition springCloudBus-0
2026-09-02T21:18:14.466+05:30  INFO 38280 --- [bmp-notification-service] [pool-3-thread-1] o.a.k.c.c.internals.ConsumerCoordinator  : [Consumer clientId=consumer-anonymous.71319fe6-9081-4354-a696-fc4667b331dc-4, groupId=anonymous.71319fe6-9081-4354-a696-fc4667b331dc] Found no committed offset for partition springCloudBus-0
2026-09-02T21:19:14.496+05:30  INFO 38280 --- [bmp-notification-service] [pool-3-thread-1] o.a.k.c.c.internals.ConsumerCoordinator  : [Consumer clientId=consumer-anonymous.71319fe6-9081-4354-a696-fc4667b331dc-4, groupId=anonymous.71319fe6-9081-4354-a696-fc4667b331dc] Found no committed offset for partition springCloudBus-0
2026-09-02T21:20:14.522+05:30  INFO 38280 --- [bmp-notification-service] [pool-3-thread-1] o.a.k.c.c.internals.ConsumerCoordinator  : [Consumer clientId=consumer-anonymous.71319fe6-9081-4354-a696-fc4667b331dc-4, groupId=anonymous.71319fe6-9081-4354-a696-fc4667b331dc] Found no committed offset for partition springCloudBus-0
2026-09-02T21:21:14.546+05:30  INFO 38280 --- [bmp-notification-service] [pool-3-thread-1] o.a.k.c.c.internals.ConsumerCoordinator  : [Consumer clientId=consumer-anonymous.71319fe6-9081-4354-a696-fc4667b331dc-4, groupId=anonymous.71319fe6-9081-4354-a696-fc4667b331dc] Found no committed offset for partition springCloudBus-0
2026-09-02T21:22:07.964+05:30  INFO 38280 --- [bmp-notification-service] [rap-executor-%d] c.n.d.s.r.aws.ConfigClusterResolver      : Resolving eureka endpoints via configuration
2026-09-02T21:22:14.560+05:30  INFO 38280 --- [bmp-notification-service] [pool-3-thread-1] o.a.k.c.c.internals.ConsumerCoordinator  : [Consumer clientId=consumer-anonymous.71319fe6-9081-4354-a696-fc4667b331dc-4, groupId=anonymous.71319fe6-9081-4354-a696-fc4667b331dc] Found no committed offset for partition springCloudBus-0
2026-09-02T21:23:14.571+05:30  INFO 38280 --- [bmp-notification-service] [pool-3-thread-1] o.a.k.c.c.internals.ConsumerCoordinator  : [Consumer clientId=consumer-anonymous.71319fe6-9081-4354-a696-fc4667b331dc-4, groupId=anonymous.71319fe6-9081-4354-a696-fc4667b331dc] Found no committed offset for partition springCloudBus-0
2026-09-02T21:24:14.592+05:30  INFO 38280 --- [bmp-notification-service] [pool-3-thread-1] o.a.k.c.c.internals.ConsumerCoordinator  : [Consumer clientId=consumer-anonymous.71319fe6-9081-4354-a696-fc4667b331dc-4, groupId=anonymous.71319fe6-9081-4354-a696-fc4667b331dc] Found no committed offset for partition springCloudBus-0
2026-09-02T21:25:14.608+05:30  INFO 38280 --- [bmp-notification-service] [pool-3-thread-1] o.a.k.c.c.internals.ConsumerCoordinator  : [Consumer clientId=consumer-anonymous.71319fe6-9081-4354-a696-fc4667b331dc-4, groupId=anonymous.71319fe6-9081-4354-a696-fc4667b331dc] Found no committed offset for partition springCloudBus-0
2026-09-02T21:26:14.621+05:30  INFO 38280 --- [bmp-notification-service] [pool-3-thread-1] o.a.k.c.c.internals.ConsumerCoordinator  : [Consumer clientId=consumer-anonymous.71319fe6-9081-4354-a696-fc4667b331dc-4, groupId=anonymous.71319fe6-9081-4354-a696-fc4667b331dc] Found no committed offset for partition springCloudBus-0
2026-09-02T21:27:07.965+05:30  INFO 38280 --- [bmp-notification-service] [rap-executor-%d] c.n.d.s.r.aws.ConfigClusterResolver      : Resolving eureka endpoints via configuration
2026-09-02T21:27:14.638+05:30  INFO 38280 --- [bmp-notification-service] [pool-3-thread-1] o.a.k.c.c.internals.ConsumerCoordinator  : [Consumer clientId=consumer-anonymous.71319fe6-9081-4354-a696-fc4667b331dc-4, groupId=anonymous.71319fe6-9081-4354-a696-fc4667b331dc] Found no committed offset for partition springCloudBus-0
2026-09-02T21:28:14.653+05:30  INFO 38280 --- [bmp-notification-service] [pool-3-thread-1] o.a.k.c.c.internals.ConsumerCoordinator  : [Consumer clientId=consumer-anonymous.71319fe6-9081-4354-a696-fc4667b331dc-4, groupId=anonymous.71319fe6-9081-4354-a696-fc4667b331dc] Found no committed offset for partition springCloudBus-0
2026-09-02T21:29:14.671+05:30  INFO 38280 --- [bmp-notification-service] [pool-3-thread-1] o.a.k.c.c.internals.ConsumerCoordinator  : [Consumer clientId=consumer-anonymous.71319fe6-9081-4354-a696-fc4667b331dc-4, groupId=anonymous.71319fe6-9081-4354-a696-fc4667b331dc] Found no committed offset for partition springCloudBus-0
2026-09-02T21:30:14.693+05:30  INFO 38280 --- [bmp-notification-service] [pool-3-thread-1] o.a.k.c.c.internals.ConsumerCoordinator  : [Consumer clientId=consumer-anonymous.71319fe6-9081-4354-a696-fc4667b331dc-4, groupId=anonymous.71319fe6-9081-4354-a696-fc4667b331dc] Found no committed offset for partition springCloudBus-0
2026-09-02T21:31:14.713+05:30  INFO 38280 --- [bmp-notification-service] [pool-3-thread-1] o.a.k.c.c.internals.ConsumerCoordinator  : [Consumer clientId=consumer-anonymous.71319fe6-9081-4354-a696-fc4667b331dc-4, groupId=anonymous.71319fe6-9081-4354-a696-fc4667b331dc] Found no committed offset for partition springCloudBus-0
2026-09-02T21:32:07.978+05:30  INFO 38280 --- [bmp-notification-service] [rap-executor-%d] c.n.d.s.r.aws.ConfigClusterResolver      : Resolving eureka endpoints via configuration
2026-09-02T21:32:14.732+05:30  INFO 38280 --- [bmp-notification-service] [pool-3-thread-1] o.a.k.c.c.internals.ConsumerCoordinator  : [Consumer clientId=consumer-anonymous.71319fe6-9081-4354-a696-fc4667b331dc-4, groupId=anonymous.71319fe6-9081-4354-a696-fc4667b331dc] Found no committed offset for partition springCloudBus-0
2026-09-02T21:33:14.742+05:30  INFO 38280 --- [bmp-notification-service] [pool-3-thread-1] o.a.k.c.c.internals.ConsumerCoordinator  : [Consumer clientId=consumer-anonymous.71319fe6-9081-4354-a696-fc4667b331dc-4, groupId=anonymous.71319fe6-9081-4354-a696-fc4667b331dc] Found no committed offset for partition springCloudBus-0
2026-09-02T21:34:14.767+05:30  INFO 38280 --- [bmp-notification-service] [pool-3-thread-1] o.a.k.c.c.internals.ConsumerCoordinator  : [Consumer clientId=consumer-anonymous.71319fe6-9081-4354-a696-fc4667b331dc-4, groupId=anonymous.71319fe6-9081-4354-a696-fc4667b331dc] Found no committed offset for partition springCloudBus-0
2026-09-02T21:35:14.788+05:30  INFO 38280 --- [bmp-notification-service] [pool-3-thread-1] o.a.k.c.c.internals.ConsumerCoordinator  : [Consumer clientId=consumer-anonymous.71319fe6-9081-4354-a696-fc4667b331dc-4, groupId=anonymous.71319fe6-9081-4354-a696-fc4667b331dc] Found no committed offset for partition springCloudBus-0
2026-09-02T21:36:14.814+05:30  INFO 38280 --- [bmp-notification-service] [pool-3-thread-1] o.a.k.c.c.internals.ConsumerCoordinator  : [Consumer clientId=consumer-anonymous.71319fe6-9081-4354-a696-fc4667b331dc-4, groupId=anonymous.71319fe6-9081-4354-a696-fc4667b331dc] Found no committed offset for partition springCloudBus-0
2026-09-02T21:37:07.983+05:30  INFO 38280 --- [bmp-notification-service] [rap-executor-%d] c.n.d.s.r.aws.ConfigClusterResolver      : Resolving eureka endpoints via configuration
2026-09-02T21:37:14.837+05:30  INFO 38280 --- [bmp-notification-service] [pool-3-thread-1] o.a.k.c.c.internals.ConsumerCoordinator  : [Consumer clientId=consumer-anonymous.71319fe6-9081-4354-a696-fc4667b331dc-4, groupId=anonymous.71319fe6-9081-4354-a696-fc4667b331dc] Found no committed offset for partition springCloudBus-0
2026-09-02T21:38:14.857+05:30  INFO 38280 --- [bmp-notification-service] [pool-3-thread-1] o.a.k.c.c.internals.ConsumerCoordinator  : [Consumer clientId=consumer-anonymous.71319fe6-9081-4354-a696-fc4667b331dc-4, groupId=anonymous.71319fe6-9081-4354-a696-fc4667b331dc] Found no committed offset for partition springCloudBus-0
2026-09-02T21:39:14.879+05:30  INFO 38280 --- [bmp-notification-service] [pool-3-thread-1] o.a.k.c.c.internals.ConsumerCoordinator  : [Consumer clientId=consumer-anonymous.71319fe6-9081-4354-a696-fc4667b331dc-4, groupId=anonymous.71319fe6-9081-4354-a696-fc4667b331dc] Found no committed offset for partition springCloudBus-0
2026-09-02T21:40:14.891+05:30  INFO 38280 --- [bmp-notification-service] [pool-3-thread-1] o.a.k.c.c.internals.ConsumerCoordinator  : [Consumer clientId=consumer-anonymous.71319fe6-9081-4354-a696-fc4667b331dc-4, groupId=anonymous.71319fe6-9081-4354-a696-fc4667b331dc] Found no committed offset for partition springCloudBus-0
2026-09-02T21:41:14.907+05:30  INFO 38280 --- [bmp-notification-service] [pool-3-thread-1] o.a.k.c.c.internals.ConsumerCoordinator  : [Consumer clientId=consumer-anonymous.71319fe6-9081-4354-a696-fc4667b331dc-4, groupId=anonymous.71319fe6-9081-4354-a696-fc4667b331dc] Found no committed offset for partition springCloudBus-0
2026-09-02T21:42:07.995+05:30  INFO 38280 --- [bmp-notification-service] [rap-executor-%d] c.n.d.s.r.aws.ConfigClusterResolver      : Resolving eureka endpoints via configuration
2026-09-02T21:42:14.923+05:30  INFO 38280 --- [bmp-notification-service] [pool-3-thread-1] o.a.k.c.c.internals.ConsumerCoordinator  : [Consumer clientId=consumer-anonymous.71319fe6-9081-4354-a696-fc4667b331dc-4, groupId=anonymous.71319fe6-9081-4354-a696-fc4667b331dc] Found no committed offset for partition springCloudBus-0
2026-09-02T21:43:14.951+05:30  INFO 38280 --- [bmp-notification-service] [pool-3-thread-1] o.a.k.c.c.internals.ConsumerCoordinator  : [Consumer clientId=consumer-anonymous.71319fe6-9081-4354-a696-fc4667b331dc-4, groupId=anonymous.71319fe6-9081-4354-a696-fc4667b331dc] Found no committed offset for partition springCloudBus-0
2026-09-02T21:44:14.972+05:30  INFO 38280 --- [bmp-notification-service] [pool-3-thread-1] o.a.k.c.c.internals.ConsumerCoordinator  : [Consumer clientId=consumer-anonymous.71319fe6-9081-4354-a696-fc4667b331dc-4, groupId=anonymous.71319fe6-9081-4354-a696-fc4667b331dc] Found no committed offset for partition springCloudBus-0
2026-09-02T21:45:14.987+05:30  INFO 38280 --- [bmp-notification-service] [pool-3-thread-1] o.a.k.c.c.internals.ConsumerCoordinator  : [Consumer clientId=consumer-anonymous.71319fe6-9081-4354-a696-fc4667b331dc-4, groupId=anonymous.71319fe6-9081-4354-a696-fc4667b331dc] Found no committed offset for partition springCloudBus-0
2026-09-02T21:46:15.008+05:30  INFO 38280 --- [bmp-notification-service] [pool-3-thread-1] o.a.k.c.c.internals.ConsumerCoordinator  : [Consumer clientId=consumer-anonymous.71319fe6-9081-4354-a696-fc4667b331dc-4, groupId=anonymous.71319fe6-9081-4354-a696-fc4667b331dc] Found no committed offset for partition springCloudBus-0
2026-09-02T21:47:08.009+05:30  INFO 38280 --- [bmp-notification-service] [rap-executor-%d] c.n.d.s.r.aws.ConfigClusterResolver      : Resolving eureka endpoints via configuration
2026-09-02T21:47:15.051+05:30  INFO 38280 --- [bmp-notification-service] [pool-3-thread-1] o.a.k.c.c.internals.ConsumerCoordinator  : [Consumer clientId=consumer-anonymous.71319fe6-9081-4354-a696-fc4667b331dc-4, groupId=anonymous.71319fe6-9081-4354-a696-fc4667b331dc] Found no committed offset for partition springCloudBus-0
2026-09-02T21:48:15.073+05:30  INFO 38280 --- [bmp-notification-service] [pool-3-thread-1] o.a.k.c.c.internals.ConsumerCoordinator  : [Consumer clientId=consumer-anonymous.71319fe6-9081-4354-a696-fc4667b331dc-4, groupId=anonymous.71319fe6-9081-4354-a696-fc4667b331dc] Found no committed offset for partition springCloudBus-0
2026-09-02T21:49:15.091+05:30  INFO 38280 --- [bmp-notification-service] [pool-3-thread-1] o.a.k.c.c.internals.ConsumerCoordinator  : [Consumer clientId=consumer-anonymous.71319fe6-9081-4354-a696-fc4667b331dc-4, groupId=anonymous.71319fe6-9081-4354-a696-fc4667b331dc] Found no committed offset for partition springCloudBus-0
2026-09-02T21:50:15.104+05:30  INFO 38280 --- [bmp-notification-service] [pool-3-thread-1] o.a.k.c.c.internals.ConsumerCoordinator  : [Consumer clientId=consumer-anonymous.71319fe6-9081-4354-a696-fc4667b331dc-4, groupId=anonymous.71319fe6-9081-4354-a696-fc4667b331dc] Found no committed offset for partition springCloudBus-0
2026-09-02T21:51:15.118+05:30  INFO 38280 --- [bmp-notification-service] [pool-3-thread-1] o.a.k.c.c.internals.ConsumerCoordinator  : [Consumer clientId=consumer-anonymous.71319fe6-9081-4354-a696-fc4667b331dc-4, groupId=anonymous.71319fe6-9081-4354-a696-fc4667b331dc] Found no committed offset for partition springCloudBus-0
2026-09-02T21:52:08.019+05:30  INFO 38280 --- [bmp-notification-service] [rap-executor-%d] c.n.d.s.r.aws.ConfigClusterResolver      : Resolving eureka endpoints via configuration
2026-09-02T21:52:15.146+05:30  INFO 38280 --- [bmp-notification-service] [pool-3-thread-1] o.a.k.c.c.internals.ConsumerCoordinator  : [Consumer clientId=consumer-anonymous.71319fe6-9081-4354-a696-fc4667b331dc-4, groupId=anonymous.71319fe6-9081-4354-a696-fc4667b331dc] Found no committed offset for partition springCloudBus-0
2026-09-02T21:53:15.173+05:30  INFO 38280 --- [bmp-notification-service] [pool-3-thread-1] o.a.k.c.c.internals.ConsumerCoordinator  : [Consumer clientId=consumer-anonymous.71319fe6-9081-4354-a696-fc4667b331dc-4, groupId=anonymous.71319fe6-9081-4354-a696-fc4667b331dc] Found no committed offset for partition springCloudBus-0
2026-09-02T21:54:15.188+05:30  INFO 38280 --- [bmp-notification-service] [pool-3-thread-1] o.a.k.c.c.internals.ConsumerCoordinator  : [Consumer clientId=consumer-anonymous.71319fe6-9081-4354-a696-fc4667b331dc-4, groupId=anonymous.71319fe6-9081-4354-a696-fc4667b331dc] Found no committed offset for partition springCloudBus-0
2026-09-02T21:55:15.229+05:30  INFO 38280 --- [bmp-notification-service] [pool-3-thread-1] o.a.k.c.c.internals.ConsumerCoordinator  : [Consumer clientId=consumer-anonymous.71319fe6-9081-4354-a696-fc4667b331dc-4, groupId=anonymous.71319fe6-9081-4354-a696-fc4667b331dc] Found no committed offset for partition springCloudBus-0
2026-09-02T21:56:15.255+05:30  INFO 38280 --- [bmp-notification-service] [pool-3-thread-1] o.a.k.c.c.internals.ConsumerCoordinator  : [Consumer clientId=consumer-anonymous.71319fe6-9081-4354-a696-fc4667b331dc-4, groupId=anonymous.71319fe6-9081-4354-a696-fc4667b331dc] Found no committed offset for partition springCloudBus-0
2026-09-02T21:57:08.027+05:30  INFO 38280 --- [bmp-notification-service] [rap-executor-%d] c.n.d.s.r.aws.ConfigClusterResolver      : Resolving eureka endpoints via configuration
2026-09-02T21:57:15.275+05:30  INFO 38280 --- [bmp-notification-service] [pool-3-thread-1] o.a.k.c.c.internals.ConsumerCoordinator  : [Consumer clientId=consumer-anonymous.71319fe6-9081-4354-a696-fc4667b331dc-4, groupId=anonymous.71319fe6-9081-4354-a696-fc4667b331dc] Found no committed offset for partition springCloudBus-0
2026-09-02T21:58:15.292+05:30  INFO 38280 --- [bmp-notification-service] [pool-3-thread-1] o.a.k.c.c.internals.ConsumerCoordinator  : [Consumer clientId=consumer-anonymous.71319fe6-9081-4354-a696-fc4667b331dc-4, groupId=anonymous.71319fe6-9081-4354-a696-fc4667b331dc] Found no committed offset for partition springCloudBus-0
2026-09-02T21:59:15.325+05:30  INFO 38280 --- [bmp-notification-service] [pool-3-thread-1] o.a.k.c.c.internals.ConsumerCoordinator  : [Consumer clientId=consumer-anonymous.71319fe6-9081-4354-a696-fc4667b331dc-4, groupId=anonymous.71319fe6-9081-4354-a696-fc4667b331dc] Found no committed offset for partition springCloudBus-0
2026-09-02T22:00:15.361+05:30  INFO 38280 --- [bmp-notification-service] [pool-3-thread-1] o.a.k.c.c.internals.ConsumerCoordinator  : [Consumer clientId=consumer-anonymous.71319fe6-9081-4354-a696-fc4667b331dc-4, groupId=anonymous.71319fe6-9081-4354-a696-fc4667b331dc] Found no committed offset for partition springCloudBus-0
2026-09-02T22:01:15.388+05:30  INFO 38280 --- [bmp-notification-service] [pool-3-thread-1] o.a.k.c.c.internals.ConsumerCoordinator  : [Consumer clientId=consumer-anonymous.71319fe6-9081-4354-a696-fc4667b331dc-4, groupId=anonymous.71319fe6-9081-4354-a696-fc4667b331dc] Found no committed offset for partition springCloudBus-0
2026-09-02T22:02:08.039+05:30  INFO 38280 --- [bmp-notification-service] [rap-executor-%d] c.n.d.s.r.aws.ConfigClusterResolver      : Resolving eureka endpoints via configuration
2026-09-02T22:02:15.397+05:30  INFO 38280 --- [bmp-notification-service] [pool-3-thread-1] o.a.k.c.c.internals.ConsumerCoordinator  : [Consumer clientId=consumer-anonymous.71319fe6-9081-4354-a696-fc4667b331dc-4, groupId=anonymous.71319fe6-9081-4354-a696-fc4667b331dc] Found no committed offset for partition springCloudBus-0
2026-09-02T22:03:15.422+05:30  INFO 38280 --- [bmp-notification-service] [pool-3-thread-1] o.a.k.c.c.internals.ConsumerCoordinator  : [Consumer clientId=consumer-anonymous.71319fe6-9081-4354-a696-fc4667b331dc-4, groupId=anonymous.71319fe6-9081-4354-a696-fc4667b331dc] Found no committed offset for partition springCloudBus-0
2026-09-02T22:04:15.443+05:30  INFO 38280 --- [bmp-notification-service] [pool-3-thread-1] o.a.k.c.c.internals.ConsumerCoordinator  : [Consumer clientId=consumer-anonymous.71319fe6-9081-4354-a696-fc4667b331dc-4, groupId=anonymous.71319fe6-9081-4354-a696-fc4667b331dc] Found no committed offset for partition springCloudBus-0
2026-09-02T22:05:15.456+05:30  INFO 38280 --- [bmp-notification-service] [pool-3-thread-1] o.a.k.c.c.internals.ConsumerCoordinator  : [Consumer clientId=consumer-anonymous.71319fe6-9081-4354-a696-fc4667b331dc-4, groupId=anonymous.71319fe6-9081-4354-a696-fc4667b331dc] Found no committed offset for partition springCloudBus-0
2026-09-02T22:06:15.473+05:30  INFO 38280 --- [bmp-notification-service] [pool-3-thread-1] o.a.k.c.c.internals.ConsumerCoordinator  : [Consumer clientId=consumer-anonymous.71319fe6-9081-4354-a696-fc4667b331dc-4, groupId=anonymous.71319fe6-9081-4354-a696-fc4667b331dc] Found no committed offset for partition springCloudBus-0
2026-09-02T22:07:08.042+05:30  INFO 38280 --- [bmp-notification-service] [rap-executor-%d] c.n.d.s.r.aws.ConfigClusterResolver      : Resolving eureka endpoints via configuration
2026-09-02T22:07:15.490+05:30  INFO 38280 --- [bmp-notification-service] [pool-3-thread-1] o.a.k.c.c.internals.ConsumerCoordinator  : [Consumer clientId=consumer-anonymous.71319fe6-9081-4354-a696-fc4667b331dc-4, groupId=anonymous.71319fe6-9081-4354-a696-fc4667b331dc] Found no committed offset for partition springCloudBus-0
2026-09-02T22:08:15.514+05:30  INFO 38280 --- [bmp-notification-service] [pool-3-thread-1] o.a.k.c.c.internals.ConsumerCoordinator  : [Consumer clientId=consumer-anonymous.71319fe6-9081-4354-a696-fc4667b331dc-4, groupId=anonymous.71319fe6-9081-4354-a696-fc4667b331dc] Found no committed offset for partition springCloudBus-0
2026-09-02T22:09:15.522+05:30  INFO 38280 --- [bmp-notification-service] [pool-3-thread-1] o.a.k.c.c.internals.ConsumerCoordinator  : [Consumer clientId=consumer-anonymous.71319fe6-9081-4354-a696-fc4667b331dc-4, groupId=anonymous.71319fe6-9081-4354-a696-fc4667b331dc] Found no committed offset for partition springCloudBus-0
2026-09-02T22:10:15.545+05:30  INFO 38280 --- [bmp-notification-service] [pool-3-thread-1] o.a.k.c.c.internals.ConsumerCoordinator  : [Consumer clientId=consumer-anonymous.71319fe6-9081-4354-a696-fc4667b331dc-4, groupId=anonymous.71319fe6-9081-4354-a696-fc4667b331dc] Found no committed offset for partition springCloudBus-0
