
  .   ____          _            __ _ _
 /\\ / ___'_ __ _ _(_)_ __  __ _ \ \ \ \
( ( )\___ | '_ | '_| | '_ \/ _` | \ \ \ \
 \\/  ___)| |_)| | | | | || (_| |  ) ) ) )
  '  |____| .__|_| |_|_| |_\__, | / / / /
 =========|_|==============|___/=/_/_/_/

 :: Spring Boot ::                (v3.4.1)

2026-08-28T22:36:11.375+05:30  INFO 34200 --- [bmp-payment-service] [           main] com.bmp.payment.BmpPaymentApplication    : Starting BmpPaymentApplication using Java 21.0.11 with PID 34200 (C:\BMP -PRJ\BMP\bmp-payment\target\classes started by Lenovo in C:\BMP -PRJ\BMP\bmp-payment)
2026-08-28T22:36:11.396+05:30  INFO 34200 --- [bmp-payment-service] [           main] com.bmp.payment.BmpPaymentApplication    : No active profile set, falling back to 1 default profile: "default"
2026-08-28T22:36:11.601+05:30  INFO 34200 --- [bmp-payment-service] [           main] o.s.c.c.c.ConfigServerConfigDataLoader   : Fetching config from server at : http://localhost:8888
2026-08-28T22:36:11.605+05:30  INFO 34200 --- [bmp-payment-service] [           main] o.s.c.c.c.ConfigServerConfigDataLoader   : Located environment: name=bmp-payment-service, profiles=[default], label=null, version=e49a1a5dcfcb36643a08d9529e85f702a6d4d502, state=
2026-08-28T22:36:15.771+05:30  INFO 34200 --- [bmp-payment-service] [           main] .s.d.r.c.RepositoryConfigurationDelegate : Bootstrapping Spring Data JPA repositories in DEFAULT mode.
2026-08-28T22:36:16.329+05:30  INFO 34200 --- [bmp-payment-service] [           main] .s.d.r.c.RepositoryConfigurationDelegate : Finished Spring Data repository scanning in 525 ms. Found 10 JPA repository interfaces.
2026-08-28T22:36:19.935+05:30  INFO 34200 --- [bmp-payment-service] [           main] faultConfiguringBeanFactoryPostProcessor : No bean named 'errorChannel' has been explicitly defined. Therefore, a default PublishSubscribeChannel will be created.
2026-08-28T22:36:19.967+05:30  INFO 34200 --- [bmp-payment-service] [           main] faultConfiguringBeanFactoryPostProcessor : No bean named 'integrationHeaderChannelRegistry' has been explicitly defined. Therefore, a default DefaultHeaderChannelRegistry will be created.
2026-08-28T22:36:20.469+05:30  INFO 34200 --- [bmp-payment-service] [           main] o.s.cloud.context.scope.GenericScope     : BeanFactory id=f76ac6ea-5c56-3fa1-82b8-0a64b5d74ab8
2026-08-28T22:36:22.999+05:30  INFO 34200 --- [bmp-payment-service] [           main] o.s.b.w.embedded.tomcat.TomcatWebServer  : Tomcat initialized with port 8085 (http)
2026-08-28T22:36:23.032+05:30  INFO 34200 --- [bmp-payment-service] [           main] o.apache.catalina.core.StandardService   : Starting service [Tomcat]
2026-08-28T22:36:23.033+05:30  INFO 34200 --- [bmp-payment-service] [           main] o.apache.catalina.core.StandardEngine    : Starting Servlet engine: [Apache Tomcat/10.1.34]
2026-08-28T22:36:23.299+05:30  INFO 34200 --- [bmp-payment-service] [           main] o.a.c.c.C.[Tomcat].[localhost].[/]       : Initializing Spring embedded WebApplicationContext
2026-08-28T22:36:23.302+05:30  INFO 34200 --- [bmp-payment-service] [           main] w.s.c.ServletWebServerApplicationContext : Root WebApplicationContext: initialization completed in 11688 ms
2026-08-28T22:36:24.888+05:30  INFO 34200 --- [bmp-payment-service] [           main] com.zaxxer.hikari.HikariDataSource       : HikariPool-1 - Starting...
2026-08-28T22:36:25.473+05:30  INFO 34200 --- [bmp-payment-service] [           main] com.zaxxer.hikari.pool.HikariPool        : HikariPool-1 - Added connection org.postgresql.jdbc.PgConnection@1640a6b5
2026-08-28T22:36:25.479+05:30  INFO 34200 --- [bmp-payment-service] [           main] com.zaxxer.hikari.HikariDataSource       : HikariPool-1 - Start completed.
2026-08-28T22:36:25.592+05:30  INFO 34200 --- [bmp-payment-service] [           main] org.flywaydb.core.FlywayExecutor         : Database: jdbc:postgresql://localhost:5432/bmp (PostgreSQL 16.4)
2026-08-28T22:36:25.927+05:30  INFO 34200 --- [bmp-payment-service] [           main] o.f.core.internal.command.DbValidate     : Successfully validated 4 migrations (execution time 00:00.226s)
2026-08-28T22:36:26.026+05:30  INFO 34200 --- [bmp-payment-service] [           main] o.f.core.internal.command.DbMigrate      : Current version of schema "common_schema": 003
2026-08-28T22:36:26.034+05:30  INFO 34200 --- [bmp-payment-service] [           main] o.f.core.internal.command.DbMigrate      : Schema "common_schema" is up to date. No migration necessary.
2026-08-28T22:36:26.397+05:30  INFO 34200 --- [bmp-payment-service] [           main] o.hibernate.jpa.internal.util.LogHelper  : HHH000204: Processing PersistenceUnitInfo [name: default]
2026-08-28T22:36:26.595+05:30  INFO 34200 --- [bmp-payment-service] [           main] org.hibernate.Version                    : HHH000412: Hibernate ORM core version 6.6.4.Final
2026-08-28T22:36:26.689+05:30  INFO 34200 --- [bmp-payment-service] [           main] o.h.c.internal.RegionFactoryInitiator    : HHH000026: Second-level cache disabled
2026-08-28T22:36:27.249+05:30  INFO 34200 --- [bmp-payment-service] [           main] o.s.o.j.p.SpringPersistenceUnitInfo      : No LoadTimeWeaver setup: ignoring JPA class transformer
2026-08-28T22:36:27.443+05:30  INFO 34200 --- [bmp-payment-service] [           main] org.hibernate.orm.connections.pooling    : HHH10001005: Database info:
	Database JDBC URL [Connecting through datasource 'HikariDataSource (HikariPool-1)']
	Database driver: undefined/unknown
	Database version: 16.4
	Autocommit mode: undefined/unknown
	Isolation level: undefined/unknown
	Minimum pool size: undefined/unknown
	Maximum pool size: undefined/unknown
2026-08-28T22:36:28.764+05:30  INFO 34200 --- [bmp-payment-service] [           main] o.h.e.t.j.p.i.JtaPlatformInitiator       : HHH000489: No JTA platform available (set 'hibernate.transaction.jta.platform' to enable JTA platform integration)
2026-08-28T22:36:28.907+05:30  INFO 34200 --- [bmp-payment-service] [           main] j.LocalContainerEntityManagerFactoryBean : Initialized JPA EntityManagerFactory for persistence unit 'default'
2026-08-28T22:36:29.420+05:30  WARN 34200 --- [bmp-payment-service] [           main] .s.s.UserDetailsServiceAutoConfiguration : 

Using generated security password: edb7a550-dc4f-48c7-b36b-7bae6bc0e874

This generated password is for development use only. Your security configuration must be updated before running your application in production.

2026-08-28T22:36:29.439+05:30  INFO 34200 --- [bmp-payment-service] [           main] r$InitializeUserDetailsManagerConfigurer : Global AuthenticationManager configured with UserDetailsService bean with name inMemoryUserDetailsManager
2026-08-28T22:36:30.389+05:30  INFO 34200 --- [bmp-payment-service] [           main] o.s.b.a.e.web.EndpointLinksResolver      : Exposing 10 endpoints beneath base path '/actuator'
2026-08-28T22:36:31.962+05:30  INFO 34200 --- [bmp-payment-service] [           main] o.s.c.s.m.DirectWithAttributesChannel    : Channel 'bmp-payment-service.springCloudBusInput' has 1 subscriber(s).
2026-08-28T22:36:34.147+05:30  INFO 34200 --- [bmp-payment-service] [           main] DiscoveryClientOptionalArgsConfiguration : Eureka HTTP Client uses RestTemplate.
2026-08-28T22:36:34.503+05:30  WARN 34200 --- [bmp-payment-service] [           main] iguration$LoadBalancerCaffeineWarnLogger : Spring Cloud LoadBalancer is currently working with the default cache. While this cache implementation is useful for development and tests, it's recommended to use Caffeine cache in production.You can switch to using Caffeine cache, by adding it and org.springframework.cache.caffeine.CaffeineCacheManager to the classpath.
2026-08-28T22:36:35.188+05:30  INFO 34200 --- [bmp-payment-service] [           main] o.s.i.endpoint.EventDrivenConsumer       : Adding {logging-channel-adapter:_org.springframework.integration.errorLogger} as a subscriber to the 'errorChannel' channel
2026-08-28T22:36:35.188+05:30  INFO 34200 --- [bmp-payment-service] [           main] o.s.i.channel.PublishSubscribeChannel    : Channel 'bmp-payment-service.errorChannel' has 1 subscriber(s).
2026-08-28T22:36:35.189+05:30  INFO 34200 --- [bmp-payment-service] [           main] o.s.i.endpoint.EventDrivenConsumer       : started bean '_org.springframework.integration.errorLogger'
2026-08-28T22:36:35.221+05:30  INFO 34200 --- [bmp-payment-service] [           main] o.s.c.n.eureka.InstanceInfoFactory       : Setting initial instance status as: STARTING
2026-08-28T22:36:35.298+05:30  INFO 34200 --- [bmp-payment-service] [           main] com.netflix.discovery.DiscoveryClient    : Initializing Eureka in region us-east-1
2026-08-28T22:36:35.306+05:30  INFO 34200 --- [bmp-payment-service] [           main] c.n.d.s.r.aws.ConfigClusterResolver      : Resolving eureka endpoints via configuration
2026-08-28T22:36:35.333+05:30  INFO 34200 --- [bmp-payment-service] [           main] com.netflix.discovery.DiscoveryClient    : Disable delta property : false
2026-08-28T22:36:35.333+05:30  INFO 34200 --- [bmp-payment-service] [           main] com.netflix.discovery.DiscoveryClient    : Single vip registry refresh property : null
2026-08-28T22:36:35.333+05:30  INFO 34200 --- [bmp-payment-service] [           main] com.netflix.discovery.DiscoveryClient    : Force full registry fetch : false
2026-08-28T22:36:35.334+05:30  INFO 34200 --- [bmp-payment-service] [           main] com.netflix.discovery.DiscoveryClient    : Application is null : false
2026-08-28T22:36:35.336+05:30  INFO 34200 --- [bmp-payment-service] [           main] com.netflix.discovery.DiscoveryClient    : Registered Applications size is zero : true
2026-08-28T22:36:35.336+05:30  INFO 34200 --- [bmp-payment-service] [           main] com.netflix.discovery.DiscoveryClient    : Application version is -1: true
2026-08-28T22:36:35.336+05:30  INFO 34200 --- [bmp-payment-service] [           main] com.netflix.discovery.DiscoveryClient    : Getting all instance registry info from the eureka server
2026-08-28T22:36:36.361+05:30  INFO 34200 --- [bmp-payment-service] [           main] com.netflix.discovery.DiscoveryClient    : The response status is 200
2026-08-28T22:36:36.367+05:30  INFO 34200 --- [bmp-payment-service] [           main] com.netflix.discovery.DiscoveryClient    : Starting heartbeat executor: renew interval is: 30
2026-08-28T22:36:36.382+05:30  INFO 34200 --- [bmp-payment-service] [           main] c.n.discovery.InstanceInfoReplicator     : InstanceInfoReplicator onDemand update allowed rate per min is 4
2026-08-28T22:36:36.389+05:30  INFO 34200 --- [bmp-payment-service] [           main] com.netflix.discovery.DiscoveryClient    : Discovery Client initialized at timestamp 1787936796384 with initial instances count: 5
2026-08-28T22:36:36.414+05:30  INFO 34200 --- [bmp-payment-service] [           main] o.s.c.n.e.s.EurekaServiceRegistry        : Registering application BMP-PAYMENT-SERVICE with eureka with status UP
2026-08-28T22:36:36.416+05:30  INFO 34200 --- [bmp-payment-service] [           main] com.netflix.discovery.DiscoveryClient    : Saw local status change event StatusChangeEvent [timestamp=1787936796416, current=UP, previous=STARTING]
2026-08-28T22:36:36.419+05:30  INFO 34200 --- [bmp-payment-service] [foReplicator-%d] com.netflix.discovery.DiscoveryClient    : DiscoveryClient_BMP-PAYMENT-SERVICE/Darshan.mshome.net:bmp-payment-service:8085: registering service...
2026-08-28T22:36:36.515+05:30  INFO 34200 --- [bmp-payment-service] [           main] o.s.b.w.embedded.tomcat.TomcatWebServer  : Tomcat started on port 8085 (http) with context path '/'
2026-08-28T22:36:36.516+05:30  INFO 34200 --- [bmp-payment-service] [foReplicator-%d] com.netflix.discovery.DiscoveryClient    : DiscoveryClient_BMP-PAYMENT-SERVICE/Darshan.mshome.net:bmp-payment-service:8085 - registration status: 204
2026-08-28T22:36:36.518+05:30  INFO 34200 --- [bmp-payment-service] [           main] .s.c.n.e.s.EurekaAutoServiceRegistration : Updating port to 8085
2026-08-28T22:36:36.547+05:30  INFO 34200 --- [bmp-payment-service] [           main] o.s.c.s.binder.DefaultBinderFactory      : Creating binder: kafka
2026-08-28T22:36:36.547+05:30  INFO 34200 --- [bmp-payment-service] [           main] o.s.c.s.binder.DefaultBinderFactory      : Constructing binder child context for kafka
2026-08-28T22:36:37.419+05:30  INFO 34200 --- [bmp-payment-service] [           main] o.s.c.s.binder.DefaultBinderFactory      : Caching the binder: kafka
2026-08-28T22:36:37.871+05:30  INFO 34200 --- [bmp-payment-service] [           main] o.a.k.clients.admin.AdminClientConfig    : AdminClientConfig values: 
	auto.include.jmx.reporter = true
	bootstrap.controllers = []
	bootstrap.servers = [localhost:9092]
	client.dns.lookup = use_all_dns_ips
	client.id = 
	connections.max.idle.ms = 300000
	default.api.timeout.ms = 60000
	enable.metrics.push = true
	metadata.max.age.ms = 300000
	metadata.recovery.strategy = none
	metric.reporters = []
	metrics.num.samples = 2
	metrics.recording.level = INFO
	metrics.sample.window.ms = 30000
	receive.buffer.bytes = 65536
	reconnect.backoff.max.ms = 1000
	reconnect.backoff.ms = 50
	request.timeout.ms = 30000
	retries = 2147483647
	retry.backoff.max.ms = 1000
	retry.backoff.ms = 100
	sasl.client.callback.handler.class = null
	sasl.jaas.config = null
	sasl.kerberos.kinit.cmd = /usr/bin/kinit
	sasl.kerberos.min.time.before.relogin = 60000
	sasl.kerberos.service.name = null
	sasl.kerberos.ticket.renew.jitter = 0.05
	sasl.kerberos.ticket.renew.window.factor = 0.8
	sasl.login.callback.handler.class = null
	sasl.login.class = null
	sasl.login.connect.timeout.ms = null
	sasl.login.read.timeout.ms = null
	sasl.login.refresh.buffer.seconds = 300
	sasl.login.refresh.min.period.seconds = 60
	sasl.login.refresh.window.factor = 0.8
	sasl.login.refresh.window.jitter = 0.05
	sasl.login.retry.backoff.max.ms = 10000
	sasl.login.retry.backoff.ms = 100
	sasl.mechanism = GSSAPI
	sasl.oauthbearer.clock.skew.seconds = 30
	sasl.oauthbearer.expected.audience = null
	sasl.oauthbearer.expected.issuer = null
	sasl.oauthbearer.jwks.endpoint.refresh.ms = 3600000
	sasl.oauthbearer.jwks.endpoint.retry.backoff.max.ms = 10000
	sasl.oauthbearer.jwks.endpoint.retry.backoff.ms = 100
	sasl.oauthbearer.jwks.endpoint.url = null
	sasl.oauthbearer.scope.claim.name = scope
	sasl.oauthbearer.sub.claim.name = sub
	sasl.oauthbearer.token.endpoint.url = null
	security.protocol = PLAINTEXT
	security.providers = null
	send.buffer.bytes = 131072
	socket.connection.setup.timeout.max.ms = 30000
	socket.connection.setup.timeout.ms = 10000
	ssl.cipher.suites = null
	ssl.enabled.protocols = [TLSv1.2, TLSv1.3]
	ssl.endpoint.identification.algorithm = https
	ssl.engine.factory.class = null
	ssl.key.password = null
	ssl.keymanager.algorithm = SunX509
	ssl.keystore.certificate.chain = null
	ssl.keystore.key = null
	ssl.keystore.location = null
	ssl.keystore.password = null
	ssl.keystore.type = JKS
	ssl.protocol = TLSv1.3
	ssl.provider = null
	ssl.secure.random.implementation = null
	ssl.trustmanager.algorithm = PKIX
	ssl.truststore.certificates = null
	ssl.truststore.location = null
	ssl.truststore.password = null
	ssl.truststore.type = JKS

2026-08-28T22:36:38.418+05:30  INFO 34200 --- [bmp-payment-service] [           main] o.a.kafka.common.utils.AppInfoParser     : Kafka version: 3.8.1
2026-08-28T22:36:38.418+05:30  INFO 34200 --- [bmp-payment-service] [           main] o.a.kafka.common.utils.AppInfoParser     : Kafka commitId: 70d6ff42debf7e17
2026-08-28T22:36:38.418+05:30  INFO 34200 --- [bmp-payment-service] [           main] o.a.kafka.common.utils.AppInfoParser     : Kafka startTimeMs: 1787936798414
2026-08-28T22:36:39.734+05:30  INFO 34200 --- [bmp-payment-service] [| adminclient-1] o.a.kafka.common.utils.AppInfoParser     : App info kafka.admin.client for adminclient-1 unregistered
2026-08-28T22:36:39.742+05:30  INFO 34200 --- [bmp-payment-service] [| adminclient-1] o.apache.kafka.common.metrics.Metrics    : Metrics scheduler closed
2026-08-28T22:36:39.742+05:30  INFO 34200 --- [bmp-payment-service] [| adminclient-1] o.apache.kafka.common.metrics.Metrics    : Closing reporter org.apache.kafka.common.metrics.JmxReporter
2026-08-28T22:36:39.742+05:30  INFO 34200 --- [bmp-payment-service] [| adminclient-1] o.apache.kafka.common.metrics.Metrics    : Metrics reporters closed
2026-08-28T22:36:39.765+05:30  INFO 34200 --- [bmp-payment-service] [           main] o.a.k.clients.consumer.ConsumerConfig    : ConsumerConfig values: 
	allow.auto.create.topics = true
	auto.commit.interval.ms = 100
	auto.include.jmx.reporter = true
	auto.offset.reset = latest
	bootstrap.servers = [localhost:9092]
	check.crcs = true
	client.dns.lookup = use_all_dns_ips
	client.id = consumer-anonymous.f27927d3-4c74-446c-9c94-2f1117fc50d2-1
	client.rack = 
	connections.max.idle.ms = 540000
	default.api.timeout.ms = 60000
	enable.auto.commit = false
	enable.metrics.push = true
	exclude.internal.topics = true
	fetch.max.bytes = 52428800
	fetch.max.wait.ms = 500
	fetch.min.bytes = 1
	group.id = anonymous.f27927d3-4c74-446c-9c94-2f1117fc50d2
	group.instance.id = null
	group.protocol = classic
	group.remote.assignor = null
	heartbeat.interval.ms = 3000
	interceptor.classes = []
	internal.leave.group.on.close = true
	internal.throw.on.fetch.stable.offset.unsupported = false
	isolation.level = read_uncommitted
	key.deserializer = class org.apache.kafka.common.serialization.ByteArrayDeserializer
	max.partition.fetch.bytes = 1048576
	max.poll.interval.ms = 300000
	max.poll.records = 500
	metadata.max.age.ms = 300000
	metadata.recovery.strategy = none
	metric.reporters = []
	metrics.num.samples = 2
	metrics.recording.level = INFO
	metrics.sample.window.ms = 30000
	partition.assignment.strategy = [class org.apache.kafka.clients.consumer.RangeAssignor, class org.apache.kafka.clients.consumer.CooperativeStickyAssignor]
	receive.buffer.bytes = 65536
	reconnect.backoff.max.ms = 1000
	reconnect.backoff.ms = 50
	request.timeout.ms = 30000
	retry.backoff.max.ms = 1000
	retry.backoff.ms = 100
	sasl.client.callback.handler.class = null
	sasl.jaas.config = null
	sasl.kerberos.kinit.cmd = /usr/bin/kinit
	sasl.kerberos.min.time.before.relogin = 60000
	sasl.kerberos.service.name = null
	sasl.kerberos.ticket.renew.jitter = 0.05
	sasl.kerberos.ticket.renew.window.factor = 0.8
	sasl.login.callback.handler.class = null
	sasl.login.class = null
	sasl.login.connect.timeout.ms = null
	sasl.login.read.timeout.ms = null
	sasl.login.refresh.buffer.seconds = 300
	sasl.login.refresh.min.period.seconds = 60
	sasl.login.refresh.window.factor = 0.8
	sasl.login.refresh.window.jitter = 0.05
	sasl.login.retry.backoff.max.ms = 10000
	sasl.login.retry.backoff.ms = 100
	sasl.mechanism = GSSAPI
	sasl.oauthbearer.clock.skew.seconds = 30
	sasl.oauthbearer.expected.audience = null
	sasl.oauthbearer.expected.issuer = null
	sasl.oauthbearer.jwks.endpoint.refresh.ms = 3600000
	sasl.oauthbearer.jwks.endpoint.retry.backoff.max.ms = 10000
	sasl.oauthbearer.jwks.endpoint.retry.backoff.ms = 100
	sasl.oauthbearer.jwks.endpoint.url = null
	sasl.oauthbearer.scope.claim.name = scope
	sasl.oauthbearer.sub.claim.name = sub
	sasl.oauthbearer.token.endpoint.url = null
	security.protocol = PLAINTEXT
	security.providers = null
	send.buffer.bytes = 131072
	session.timeout.ms = 45000
	socket.connection.setup.timeout.max.ms = 30000
	socket.connection.setup.timeout.ms = 10000
	ssl.cipher.suites = null
	ssl.enabled.protocols = [TLSv1.2, TLSv1.3]
	ssl.endpoint.identification.algorithm = https
	ssl.engine.factory.class = null
	ssl.key.password = null
	ssl.keymanager.algorithm = SunX509
	ssl.keystore.certificate.chain = null
	ssl.keystore.key = null
	ssl.keystore.location = null
	ssl.keystore.password = null
	ssl.keystore.type = JKS
	ssl.protocol = TLSv1.3
	ssl.provider = null
	ssl.secure.random.implementation = null
	ssl.trustmanager.algorithm = PKIX
	ssl.truststore.certificates = null
	ssl.truststore.location = null
	ssl.truststore.password = null
	ssl.truststore.type = JKS
	value.deserializer = class org.apache.kafka.common.serialization.ByteArrayDeserializer

2026-08-28T22:36:39.868+05:30  INFO 34200 --- [bmp-payment-service] [           main] o.a.k.c.t.i.KafkaMetricsCollector        : initializing Kafka metrics collector
2026-08-28T22:36:39.963+05:30  INFO 34200 --- [bmp-payment-service] [           main] o.a.kafka.common.utils.AppInfoParser     : Kafka version: 3.8.1
2026-08-28T22:36:39.963+05:30  INFO 34200 --- [bmp-payment-service] [           main] o.a.kafka.common.utils.AppInfoParser     : Kafka commitId: 70d6ff42debf7e17
2026-08-28T22:36:39.963+05:30  INFO 34200 --- [bmp-payment-service] [           main] o.a.kafka.common.utils.AppInfoParser     : Kafka startTimeMs: 1787936799963
2026-08-28T22:36:39.999+05:30  INFO 34200 --- [bmp-payment-service] [           main] org.apache.kafka.clients.Metadata        : [Consumer clientId=consumer-anonymous.f27927d3-4c74-446c-9c94-2f1117fc50d2-1, groupId=anonymous.f27927d3-4c74-446c-9c94-2f1117fc50d2] Cluster ID: 5L6g3nShT-eMCtK--X86sw
2026-08-28T22:36:40.004+05:30  INFO 34200 --- [bmp-payment-service] [           main] o.a.k.c.c.internals.ConsumerCoordinator  : [Consumer clientId=consumer-anonymous.f27927d3-4c74-446c-9c94-2f1117fc50d2-1, groupId=anonymous.f27927d3-4c74-446c-9c94-2f1117fc50d2] Resetting generation and member id due to: consumer pro-actively leaving the group
2026-08-28T22:36:40.005+05:30  INFO 34200 --- [bmp-payment-service] [           main] o.a.k.c.c.internals.ConsumerCoordinator  : [Consumer clientId=consumer-anonymous.f27927d3-4c74-446c-9c94-2f1117fc50d2-1, groupId=anonymous.f27927d3-4c74-446c-9c94-2f1117fc50d2] Request joining group due to: consumer pro-actively leaving the group
2026-08-28T22:36:40.016+05:30  INFO 34200 --- [bmp-payment-service] [           main] o.apache.kafka.common.metrics.Metrics    : Metrics scheduler closed
2026-08-28T22:36:40.017+05:30  INFO 34200 --- [bmp-payment-service] [           main] o.apache.kafka.common.metrics.Metrics    : Closing reporter org.apache.kafka.common.metrics.JmxReporter
2026-08-28T22:36:40.018+05:30  INFO 34200 --- [bmp-payment-service] [           main] o.apache.kafka.common.metrics.Metrics    : Closing reporter org.apache.kafka.common.telemetry.internals.ClientTelemetryReporter
2026-08-28T22:36:40.018+05:30  INFO 34200 --- [bmp-payment-service] [           main] o.apache.kafka.common.metrics.Metrics    : Metrics reporters closed
2026-08-28T22:36:40.027+05:30  INFO 34200 --- [bmp-payment-service] [           main] o.a.kafka.common.utils.AppInfoParser     : App info kafka.consumer for consumer-anonymous.f27927d3-4c74-446c-9c94-2f1117fc50d2-1 unregistered
2026-08-28T22:36:40.109+05:30  INFO 34200 --- [bmp-payment-service] [           main] o.s.c.stream.binder.BinderErrorChannel   : Channel 'kafka-1881246122.springCloudBusInput.errors' has 1 subscriber(s).
2026-08-28T22:36:40.112+05:30  INFO 34200 --- [bmp-payment-service] [           main] o.s.c.stream.binder.BinderErrorChannel   : Channel 'kafka-1881246122.springCloudBusInput.errors' has 0 subscriber(s).
2026-08-28T22:36:40.113+05:30  INFO 34200 --- [bmp-payment-service] [           main] o.s.c.stream.binder.BinderErrorChannel   : Channel 'kafka-1881246122.springCloudBusInput.errors' has 1 subscriber(s).
2026-08-28T22:36:40.113+05:30  INFO 34200 --- [bmp-payment-service] [           main] o.s.c.stream.binder.BinderErrorChannel   : Channel 'kafka-1881246122.springCloudBusInput.errors' has 2 subscriber(s).
2026-08-28T22:36:40.149+05:30  INFO 34200 --- [bmp-payment-service] [           main] o.a.k.clients.consumer.ConsumerConfig    : ConsumerConfig values: 
	allow.auto.create.topics = true
	auto.commit.interval.ms = 100
	auto.include.jmx.reporter = true
	auto.offset.reset = latest
	bootstrap.servers = [localhost:9092]
	check.crcs = true
	client.dns.lookup = use_all_dns_ips
	client.id = consumer-anonymous.f27927d3-4c74-446c-9c94-2f1117fc50d2-2
	client.rack = 
	connections.max.idle.ms = 540000
	default.api.timeout.ms = 60000
	enable.auto.commit = false
	enable.metrics.push = true
	exclude.internal.topics = true
	fetch.max.bytes = 52428800
	fetch.max.wait.ms = 500
	fetch.min.bytes = 1
	group.id = anonymous.f27927d3-4c74-446c-9c94-2f1117fc50d2
	group.instance.id = null
	group.protocol = classic
	group.remote.assignor = null
	heartbeat.interval.ms = 3000
	interceptor.classes = []
	internal.leave.group.on.close = true
	internal.throw.on.fetch.stable.offset.unsupported = false
	isolation.level = read_uncommitted
	key.deserializer = class org.apache.kafka.common.serialization.ByteArrayDeserializer
	max.partition.fetch.bytes = 1048576
	max.poll.interval.ms = 300000
	max.poll.records = 500
	metadata.max.age.ms = 300000
	metadata.recovery.strategy = none
	metric.reporters = []
	metrics.num.samples = 2
	metrics.recording.level = INFO
	metrics.sample.window.ms = 30000
	partition.assignment.strategy = [class org.apache.kafka.clients.consumer.RangeAssignor, class org.apache.kafka.clients.consumer.CooperativeStickyAssignor]
	receive.buffer.bytes = 65536
	reconnect.backoff.max.ms = 1000
	reconnect.backoff.ms = 50
	request.timeout.ms = 30000
	retry.backoff.max.ms = 1000
	retry.backoff.ms = 100
	sasl.client.callback.handler.class = null
	sasl.jaas.config = null
	sasl.kerberos.kinit.cmd = /usr/bin/kinit
	sasl.kerberos.min.time.before.relogin = 60000
	sasl.kerberos.service.name = null
	sasl.kerberos.ticket.renew.jitter = 0.05
	sasl.kerberos.ticket.renew.window.factor = 0.8
	sasl.login.callback.handler.class = null
	sasl.login.class = null
	sasl.login.connect.timeout.ms = null
	sasl.login.read.timeout.ms = null
	sasl.login.refresh.buffer.seconds = 300
	sasl.login.refresh.min.period.seconds = 60
	sasl.login.refresh.window.factor = 0.8
	sasl.login.refresh.window.jitter = 0.05
	sasl.login.retry.backoff.max.ms = 10000
	sasl.login.retry.backoff.ms = 100
	sasl.mechanism = GSSAPI
	sasl.oauthbearer.clock.skew.seconds = 30
	sasl.oauthbearer.expected.audience = null
	sasl.oauthbearer.expected.issuer = null
	sasl.oauthbearer.jwks.endpoint.refresh.ms = 3600000
	sasl.oauthbearer.jwks.endpoint.retry.backoff.max.ms = 10000
	sasl.oauthbearer.jwks.endpoint.retry.backoff.ms = 100
	sasl.oauthbearer.jwks.endpoint.url = null
	sasl.oauthbearer.scope.claim.name = scope
	sasl.oauthbearer.sub.claim.name = sub
	sasl.oauthbearer.token.endpoint.url = null
	security.protocol = PLAINTEXT
	security.providers = null
	send.buffer.bytes = 131072
	session.timeout.ms = 45000
	socket.connection.setup.timeout.max.ms = 30000
	socket.connection.setup.timeout.ms = 10000
	ssl.cipher.suites = null
	ssl.enabled.protocols = [TLSv1.2, TLSv1.3]
	ssl.endpoint.identification.algorithm = https
	ssl.engine.factory.class = null
	ssl.key.password = null
	ssl.keymanager.algorithm = SunX509
	ssl.keystore.certificate.chain = null
	ssl.keystore.key = null
	ssl.keystore.location = null
	ssl.keystore.password = null
	ssl.keystore.type = JKS
	ssl.protocol = TLSv1.3
	ssl.provider = null
	ssl.secure.random.implementation = null
	ssl.trustmanager.algorithm = PKIX
	ssl.truststore.certificates = null
	ssl.truststore.location = null
	ssl.truststore.password = null
	ssl.truststore.type = JKS
	value.deserializer = class org.apache.kafka.common.serialization.ByteArrayDeserializer

2026-08-28T22:36:40.150+05:30  INFO 34200 --- [bmp-payment-service] [           main] o.a.k.c.t.i.KafkaMetricsCollector        : initializing Kafka metrics collector
2026-08-28T22:36:40.165+05:30  INFO 34200 --- [bmp-payment-service] [           main] o.a.kafka.common.utils.AppInfoParser     : Kafka version: 3.8.1
2026-08-28T22:36:40.166+05:30  INFO 34200 --- [bmp-payment-service] [           main] o.a.kafka.common.utils.AppInfoParser     : Kafka commitId: 70d6ff42debf7e17
2026-08-28T22:36:40.166+05:30  INFO 34200 --- [bmp-payment-service] [           main] o.a.kafka.common.utils.AppInfoParser     : Kafka startTimeMs: 1787936800165
2026-08-28T22:36:40.178+05:30  INFO 34200 --- [bmp-payment-service] [           main] o.a.k.c.c.internals.LegacyKafkaConsumer  : [Consumer clientId=consumer-anonymous.f27927d3-4c74-446c-9c94-2f1117fc50d2-2, groupId=anonymous.f27927d3-4c74-446c-9c94-2f1117fc50d2] Subscribed to topic(s): springCloudBus
2026-08-28T22:36:40.196+05:30  INFO 34200 --- [bmp-payment-service] [           main] s.i.k.i.KafkaMessageDrivenChannelAdapter : started org.springframework.integration.kafka.inbound.KafkaMessageDrivenChannelAdapter@f7269a2
2026-08-28T22:36:40.222+05:30  INFO 34200 --- [bmp-payment-service] [container-0-C-1] org.apache.kafka.clients.Metadata        : [Consumer clientId=consumer-anonymous.f27927d3-4c74-446c-9c94-2f1117fc50d2-2, groupId=anonymous.f27927d3-4c74-446c-9c94-2f1117fc50d2] Cluster ID: 5L6g3nShT-eMCtK--X86sw
2026-08-28T22:36:40.223+05:30  INFO 34200 --- [bmp-payment-service] [container-0-C-1] o.a.k.c.c.internals.ConsumerCoordinator  : [Consumer clientId=consumer-anonymous.f27927d3-4c74-446c-9c94-2f1117fc50d2-2, groupId=anonymous.f27927d3-4c74-446c-9c94-2f1117fc50d2] Discovered group coordinator localhost:9092 (id: 2147483646 rack: null)
2026-08-28T22:36:40.228+05:30  INFO 34200 --- [bmp-payment-service] [container-0-C-1] o.a.k.c.c.internals.ConsumerCoordinator  : [Consumer clientId=consumer-anonymous.f27927d3-4c74-446c-9c94-2f1117fc50d2-2, groupId=anonymous.f27927d3-4c74-446c-9c94-2f1117fc50d2] (Re-)joining group
2026-08-28T22:36:40.272+05:30  INFO 34200 --- [bmp-payment-service] [container-0-C-1] o.a.k.c.c.internals.ConsumerCoordinator  : [Consumer clientId=consumer-anonymous.f27927d3-4c74-446c-9c94-2f1117fc50d2-2, groupId=anonymous.f27927d3-4c74-446c-9c94-2f1117fc50d2] Request joining group due to: need to re-join with the given member-id: consumer-anonymous.f27927d3-4c74-446c-9c94-2f1117fc50d2-2-6d11e2df-5e5a-4b9c-99e9-7252dac046a0
2026-08-28T22:36:40.273+05:30  INFO 34200 --- [bmp-payment-service] [container-0-C-1] o.a.k.c.c.internals.ConsumerCoordinator  : [Consumer clientId=consumer-anonymous.f27927d3-4c74-446c-9c94-2f1117fc50d2-2, groupId=anonymous.f27927d3-4c74-446c-9c94-2f1117fc50d2] (Re-)joining group
2026-08-28T22:36:40.478+05:30  INFO 34200 --- [bmp-payment-service] [           main] com.bmp.payment.BmpPaymentApplication    : Started BmpPaymentApplication in 45.539 seconds (process running for 46.267)
2026-08-28T22:36:41.216+05:30  INFO 34200 --- [bmp-payment-service] [pool-2-thread-1] o.a.k.clients.consumer.ConsumerConfig    : ConsumerConfig values: 
	allow.auto.create.topics = true
	auto.commit.interval.ms = 5000
	auto.include.jmx.reporter = true
	auto.offset.reset = latest
	bootstrap.servers = [localhost:9092]
	check.crcs = true
	client.dns.lookup = use_all_dns_ips
	client.id = consumer-anonymous.f27927d3-4c74-446c-9c94-2f1117fc50d2-3
	client.rack = 
	connections.max.idle.ms = 540000
	default.api.timeout.ms = 60000
	enable.auto.commit = true
	enable.metrics.push = true
	exclude.internal.topics = true
	fetch.max.bytes = 52428800
	fetch.max.wait.ms = 500
	fetch.min.bytes = 1
	group.id = anonymous.f27927d3-4c74-446c-9c94-2f1117fc50d2
	group.instance.id = null
	group.protocol = classic
	group.remote.assignor = null
	heartbeat.interval.ms = 3000
	interceptor.classes = []
	internal.leave.group.on.close = true
	internal.throw.on.fetch.stable.offset.unsupported = false
	isolation.level = read_uncommitted
	key.deserializer = class org.apache.kafka.common.serialization.ByteArrayDeserializer
	max.partition.fetch.bytes = 1048576
	max.poll.interval.ms = 300000
	max.poll.records = 500
	metadata.max.age.ms = 300000
	metadata.recovery.strategy = none
	metric.reporters = []
	metrics.num.samples = 2
	metrics.recording.level = INFO
	metrics.sample.window.ms = 30000
	partition.assignment.strategy = [class org.apache.kafka.clients.consumer.RangeAssignor, class org.apache.kafka.clients.consumer.CooperativeStickyAssignor]
	receive.buffer.bytes = 65536
	reconnect.backoff.max.ms = 1000
	reconnect.backoff.ms = 50
	request.timeout.ms = 30000
	retry.backoff.max.ms = 1000
	retry.backoff.ms = 100
	sasl.client.callback.handler.class = null
	sasl.jaas.config = null
	sasl.kerberos.kinit.cmd = /usr/bin/kinit
	sasl.kerberos.min.time.before.relogin = 60000
	sasl.kerberos.service.name = null
	sasl.kerberos.ticket.renew.jitter = 0.05
	sasl.kerberos.ticket.renew.window.factor = 0.8
	sasl.login.callback.handler.class = null
	sasl.login.class = null
	sasl.login.connect.timeout.ms = null
	sasl.login.read.timeout.ms = null
	sasl.login.refresh.buffer.seconds = 300
	sasl.login.refresh.min.period.seconds = 60
	sasl.login.refresh.window.factor = 0.8
	sasl.login.refresh.window.jitter = 0.05
	sasl.login.retry.backoff.max.ms = 10000
	sasl.login.retry.backoff.ms = 100
	sasl.mechanism = GSSAPI
	sasl.oauthbearer.clock.skew.seconds = 30
	sasl.oauthbearer.expected.audience = null
	sasl.oauthbearer.expected.issuer = null
	sasl.oauthbearer.jwks.endpoint.refresh.ms = 3600000
	sasl.oauthbearer.jwks.endpoint.retry.backoff.max.ms = 10000
	sasl.oauthbearer.jwks.endpoint.retry.backoff.ms = 100
	sasl.oauthbearer.jwks.endpoint.url = null
	sasl.oauthbearer.scope.claim.name = scope
	sasl.oauthbearer.sub.claim.name = sub
	sasl.oauthbearer.token.endpoint.url = null
	security.protocol = PLAINTEXT
	security.providers = null
	send.buffer.bytes = 131072
	session.timeout.ms = 45000
	socket.connection.setup.timeout.max.ms = 30000
	socket.connection.setup.timeout.ms = 10000
	ssl.cipher.suites = null
	ssl.enabled.protocols = [TLSv1.2, TLSv1.3]
	ssl.endpoint.identification.algorithm = https
	ssl.engine.factory.class = null
	ssl.key.password = null
	ssl.keymanager.algorithm = SunX509
	ssl.keystore.certificate.chain = null
	ssl.keystore.key = null
	ssl.keystore.location = null
	ssl.keystore.password = null
	ssl.keystore.type = JKS
	ssl.protocol = TLSv1.3
	ssl.provider = null
	ssl.secure.random.implementation = null
	ssl.trustmanager.algorithm = PKIX
	ssl.truststore.certificates = null
	ssl.truststore.location = null
	ssl.truststore.password = null
	ssl.truststore.type = JKS
	value.deserializer = class org.apache.kafka.common.serialization.ByteArrayDeserializer

2026-08-28T22:36:41.218+05:30  INFO 34200 --- [bmp-payment-service] [pool-2-thread-1] o.a.k.c.t.i.KafkaMetricsCollector        : initializing Kafka metrics collector
2026-08-28T22:36:41.236+05:30  INFO 34200 --- [bmp-payment-service] [pool-2-thread-1] o.a.kafka.common.utils.AppInfoParser     : Kafka version: 3.8.1
2026-08-28T22:36:41.236+05:30  INFO 34200 --- [bmp-payment-service] [pool-2-thread-1] o.a.kafka.common.utils.AppInfoParser     : Kafka commitId: 70d6ff42debf7e17
2026-08-28T22:36:41.236+05:30  INFO 34200 --- [bmp-payment-service] [pool-2-thread-1] o.a.kafka.common.utils.AppInfoParser     : Kafka startTimeMs: 1787936801236
2026-08-28T22:36:41.247+05:30  INFO 34200 --- [bmp-payment-service] [pool-2-thread-1] org.apache.kafka.clients.Metadata        : [Consumer clientId=consumer-anonymous.f27927d3-4c74-446c-9c94-2f1117fc50d2-3, groupId=anonymous.f27927d3-4c74-446c-9c94-2f1117fc50d2] Cluster ID: 5L6g3nShT-eMCtK--X86sw
2026-08-28T22:36:41.274+05:30  INFO 34200 --- [bmp-payment-service] [pool-2-thread-1] o.a.k.c.c.internals.ConsumerCoordinator  : [Consumer clientId=consumer-anonymous.f27927d3-4c74-446c-9c94-2f1117fc50d2-3, groupId=anonymous.f27927d3-4c74-446c-9c94-2f1117fc50d2] Discovered group coordinator localhost:9092 (id: 2147483646 rack: null)
2026-08-28T22:36:41.286+05:30  INFO 34200 --- [bmp-payment-service] [pool-2-thread-1] o.a.k.c.c.internals.ConsumerCoordinator  : [Consumer clientId=consumer-anonymous.f27927d3-4c74-446c-9c94-2f1117fc50d2-3, groupId=anonymous.f27927d3-4c74-446c-9c94-2f1117fc50d2] Found no committed offset for partition springCloudBus-0
2026-08-28T22:36:43.283+05:30  INFO 34200 --- [bmp-payment-service] [container-0-C-1] o.a.k.c.c.internals.ConsumerCoordinator  : [Consumer clientId=consumer-anonymous.f27927d3-4c74-446c-9c94-2f1117fc50d2-2, groupId=anonymous.f27927d3-4c74-446c-9c94-2f1117fc50d2] Successfully joined group with generation Generation{generationId=1, memberId='consumer-anonymous.f27927d3-4c74-446c-9c94-2f1117fc50d2-2-6d11e2df-5e5a-4b9c-99e9-7252dac046a0', protocol='range'}
2026-08-28T22:36:43.321+05:30  INFO 34200 --- [bmp-payment-service] [container-0-C-1] o.a.k.c.c.internals.ConsumerCoordinator  : [Consumer clientId=consumer-anonymous.f27927d3-4c74-446c-9c94-2f1117fc50d2-2, groupId=anonymous.f27927d3-4c74-446c-9c94-2f1117fc50d2] Finished assignment for group at generation 1: {consumer-anonymous.f27927d3-4c74-446c-9c94-2f1117fc50d2-2-6d11e2df-5e5a-4b9c-99e9-7252dac046a0=Assignment(partitions=[springCloudBus-0])}
2026-08-28T22:36:43.346+05:30  INFO 34200 --- [bmp-payment-service] [container-0-C-1] o.a.k.c.c.internals.ConsumerCoordinator  : [Consumer clientId=consumer-anonymous.f27927d3-4c74-446c-9c94-2f1117fc50d2-2, groupId=anonymous.f27927d3-4c74-446c-9c94-2f1117fc50d2] Successfully synced group in generation Generation{generationId=1, memberId='consumer-anonymous.f27927d3-4c74-446c-9c94-2f1117fc50d2-2-6d11e2df-5e5a-4b9c-99e9-7252dac046a0', protocol='range'}
2026-08-28T22:36:43.348+05:30  INFO 34200 --- [bmp-payment-service] [container-0-C-1] o.a.k.c.c.internals.ConsumerCoordinator  : [Consumer clientId=consumer-anonymous.f27927d3-4c74-446c-9c94-2f1117fc50d2-2, groupId=anonymous.f27927d3-4c74-446c-9c94-2f1117fc50d2] Notifying assignor about the new Assignment(partitions=[springCloudBus-0])
2026-08-28T22:36:43.368+05:30  INFO 34200 --- [bmp-payment-service] [container-0-C-1] k.c.c.i.ConsumerRebalanceListenerInvoker : [Consumer clientId=consumer-anonymous.f27927d3-4c74-446c-9c94-2f1117fc50d2-2, groupId=anonymous.f27927d3-4c74-446c-9c94-2f1117fc50d2] Adding newly assigned partitions: springCloudBus-0
2026-08-28T22:36:43.378+05:30  INFO 34200 --- [bmp-payment-service] [container-0-C-1] o.a.k.c.c.internals.ConsumerCoordinator  : [Consumer clientId=consumer-anonymous.f27927d3-4c74-446c-9c94-2f1117fc50d2-2, groupId=anonymous.f27927d3-4c74-446c-9c94-2f1117fc50d2] Found no committed offset for partition springCloudBus-0
2026-08-28T22:36:43.394+05:30  INFO 34200 --- [bmp-payment-service] [container-0-C-1] o.a.k.c.c.internals.ConsumerCoordinator  : [Consumer clientId=consumer-anonymous.f27927d3-4c74-446c-9c94-2f1117fc50d2-2, groupId=anonymous.f27927d3-4c74-446c-9c94-2f1117fc50d2] Found no committed offset for partition springCloudBus-0
2026-08-28T22:36:43.417+05:30  INFO 34200 --- [bmp-payment-service] [container-0-C-1] o.a.k.c.c.internals.SubscriptionState    : [Consumer clientId=consumer-anonymous.f27927d3-4c74-446c-9c94-2f1117fc50d2-2, groupId=anonymous.f27927d3-4c74-446c-9c94-2f1117fc50d2] Resetting offset for partition springCloudBus-0 to position FetchPosition{offset=0, offsetEpoch=Optional.empty, currentLeader=LeaderAndEpoch{leader=Optional[localhost:9092 (id: 1 rack: null)], epoch=0}}.
2026-08-28T22:36:43.432+05:30  INFO 34200 --- [bmp-payment-service] [container-0-C-1] o.s.c.s.b.k.KafkaMessageChannelBinder$2  : anonymous.f27927d3-4c74-446c-9c94-2f1117fc50d2: partitions assigned: [springCloudBus-0]
2026-08-28T22:37:03.085+05:30  INFO 34200 --- [bmp-payment-service] [nio-8085-exec-1] o.a.c.c.C.[Tomcat].[localhost].[/]       : Initializing Spring DispatcherServlet 'dispatcherServlet'
2026-08-28T22:37:03.087+05:30  INFO 34200 --- [bmp-payment-service] [nio-8085-exec-1] o.s.web.servlet.DispatcherServlet        : Initializing Servlet 'dispatcherServlet'
2026-08-28T22:37:03.092+05:30  INFO 34200 --- [bmp-payment-service] [nio-8085-exec-1] o.s.web.servlet.DispatcherServlet        : Completed initialization in 5 ms
2026-08-28T22:37:03.295+05:30  INFO 34200 --- [bmp-payment-service] [binder-health-1] o.a.k.clients.consumer.ConsumerConfig    : ConsumerConfig values: 
	allow.auto.create.topics = true
	auto.commit.interval.ms = 5000
	auto.include.jmx.reporter = true
	auto.offset.reset = latest
	bootstrap.servers = [localhost:9092]
	check.crcs = true
	client.dns.lookup = use_all_dns_ips
	client.id = consumer-null-4
	client.rack = 
	connections.max.idle.ms = 540000
	default.api.timeout.ms = 60000
	enable.auto.commit = false
	enable.metrics.push = true
	exclude.internal.topics = true
	fetch.max.bytes = 52428800
	fetch.max.wait.ms = 500
	fetch.min.bytes = 1
	group.id = null
	group.instance.id = null
	group.protocol = classic
	group.remote.assignor = null
	heartbeat.interval.ms = 3000
	interceptor.classes = []
	internal.leave.group.on.close = true
	internal.throw.on.fetch.stable.offset.unsupported = false
	isolation.level = read_uncommitted
	key.deserializer = class org.apache.kafka.common.serialization.ByteArrayDeserializer
	max.partition.fetch.bytes = 1048576
	max.poll.interval.ms = 300000
	max.poll.records = 500
	metadata.max.age.ms = 300000
	metadata.recovery.strategy = none
	metric.reporters = []
	metrics.num.samples = 2
	metrics.recording.level = INFO
	metrics.sample.window.ms = 30000
	partition.assignment.strategy = [class org.apache.kafka.clients.consumer.RangeAssignor, class org.apache.kafka.clients.consumer.CooperativeStickyAssignor]
	receive.buffer.bytes = 65536
	reconnect.backoff.max.ms = 1000
	reconnect.backoff.ms = 50
	request.timeout.ms = 30000
	retry.backoff.max.ms = 1000
	retry.backoff.ms = 100
	sasl.client.callback.handler.class = null
	sasl.jaas.config = null
	sasl.kerberos.kinit.cmd = /usr/bin/kinit
	sasl.kerberos.min.time.before.relogin = 60000
	sasl.kerberos.service.name = null
	sasl.kerberos.ticket.renew.jitter = 0.05
	sasl.kerberos.ticket.renew.window.factor = 0.8
	sasl.login.callback.handler.class = null
	sasl.login.class = null
	sasl.login.connect.timeout.ms = null
	sasl.login.read.timeout.ms = null
	sasl.login.refresh.buffer.seconds = 300
	sasl.login.refresh.min.period.seconds = 60
	sasl.login.refresh.window.factor = 0.8
	sasl.login.refresh.window.jitter = 0.05
	sasl.login.retry.backoff.max.ms = 10000
	sasl.login.retry.backoff.ms = 100
	sasl.mechanism = GSSAPI
	sasl.oauthbearer.clock.skew.seconds = 30
	sasl.oauthbearer.expected.audience = null
	sasl.oauthbearer.expected.issuer = null
	sasl.oauthbearer.jwks.endpoint.refresh.ms = 3600000
	sasl.oauthbearer.jwks.endpoint.retry.backoff.max.ms = 10000
	sasl.oauthbearer.jwks.endpoint.retry.backoff.ms = 100
	sasl.oauthbearer.jwks.endpoint.url = null
	sasl.oauthbearer.scope.claim.name = scope
	sasl.oauthbearer.sub.claim.name = sub
	sasl.oauthbearer.token.endpoint.url = null
	security.protocol = PLAINTEXT
	security.providers = null
	send.buffer.bytes = 131072
	session.timeout.ms = 45000
	socket.connection.setup.timeout.max.ms = 30000
	socket.connection.setup.timeout.ms = 10000
	ssl.cipher.suites = null
	ssl.enabled.protocols = [TLSv1.2, TLSv1.3]
	ssl.endpoint.identification.algorithm = https
	ssl.engine.factory.class = null
	ssl.key.password = null
	ssl.keymanager.algorithm = SunX509
	ssl.keystore.certificate.chain = null
	ssl.keystore.key = null
	ssl.keystore.location = null
	ssl.keystore.password = null
	ssl.keystore.type = JKS
	ssl.protocol = TLSv1.3
	ssl.provider = null
	ssl.secure.random.implementation = null
	ssl.trustmanager.algorithm = PKIX
	ssl.truststore.certificates = null
	ssl.truststore.location = null
	ssl.truststore.password = null
	ssl.truststore.type = JKS
	value.deserializer = class org.apache.kafka.common.serialization.ByteArrayDeserializer

2026-08-28T22:37:03.296+05:30  INFO 34200 --- [bmp-payment-service] [binder-health-1] o.a.k.c.t.i.KafkaMetricsCollector        : initializing Kafka metrics collector
2026-08-28T22:37:03.308+05:30  INFO 34200 --- [bmp-payment-service] [binder-health-1] o.a.kafka.common.utils.AppInfoParser     : Kafka version: 3.8.1
2026-08-28T22:37:03.308+05:30  INFO 34200 --- [bmp-payment-service] [binder-health-1] o.a.kafka.common.utils.AppInfoParser     : Kafka commitId: 70d6ff42debf7e17
2026-08-28T22:37:03.308+05:30  INFO 34200 --- [bmp-payment-service] [binder-health-1] o.a.kafka.common.utils.AppInfoParser     : Kafka startTimeMs: 1787936823307
2026-08-28T22:37:03.319+05:30  INFO 34200 --- [bmp-payment-service] [binder-health-1] org.apache.kafka.clients.Metadata        : [Consumer clientId=consumer-null-4, groupId=null] Cluster ID: 5L6g3nShT-eMCtK--X86sw
2026-08-28T22:41:35.369+05:30  INFO 34200 --- [bmp-payment-service] [rap-executor-%d] c.n.d.s.r.aws.ConfigClusterResolver      : Resolving eureka endpoints via configuration
2026-08-28T22:45:40.487+05:30  INFO 34200 --- [bmp-payment-service] [container-0-C-1] org.apache.kafka.clients.NetworkClient   : [Consumer clientId=consumer-anonymous.f27927d3-4c74-446c-9c94-2f1117fc50d2-2, groupId=anonymous.f27927d3-4c74-446c-9c94-2f1117fc50d2] Node -1 disconnected.
2026-08-28T22:45:41.466+05:30  INFO 34200 --- [bmp-payment-service] [pool-2-thread-1] org.apache.kafka.clients.NetworkClient   : [Consumer clientId=consumer-anonymous.f27927d3-4c74-446c-9c94-2f1117fc50d2-3, groupId=anonymous.f27927d3-4c74-446c-9c94-2f1117fc50d2] Node -1 disconnected.
2026-08-28T22:46:18.761+05:30  INFO 34200 --- [bmp-payment-service] [binder-health-1] org.apache.kafka.clients.NetworkClient   : [Consumer clientId=consumer-null-4, groupId=null] Node -1 disconnected.
2026-08-28T22:46:35.393+05:30  INFO 34200 --- [bmp-payment-service] [rap-executor-%d] c.n.d.s.r.aws.ConfigClusterResolver      : Resolving eureka endpoints via configuration
2026-08-28T22:51:35.398+05:30  INFO 34200 --- [bmp-payment-service] [rap-executor-%d] c.n.d.s.r.aws.ConfigClusterResolver      : Resolving eureka endpoints via configuration
2026-08-28T22:55:40.491+05:30  INFO 34200 --- [bmp-payment-service] [container-0-C-1] org.apache.kafka.clients.NetworkClient   : [Consumer clientId=consumer-anonymous.f27927d3-4c74-446c-9c94-2f1117fc50d2-2, groupId=anonymous.f27927d3-4c74-446c-9c94-2f1117fc50d2] Node -1 disconnected.
2026-08-28T22:55:41.691+05:30  INFO 34200 --- [bmp-payment-service] [pool-2-thread-1] org.apache.kafka.clients.NetworkClient   : [Consumer clientId=consumer-anonymous.f27927d3-4c74-446c-9c94-2f1117fc50d2-3, groupId=anonymous.f27927d3-4c74-446c-9c94-2f1117fc50d2] Node -1 disconnected.
2026-08-28T22:56:35.418+05:30  INFO 34200 --- [bmp-payment-service] [rap-executor-%d] c.n.d.s.r.aws.ConfigClusterResolver      : Resolving eureka endpoints via configuration
2026-08-28T22:57:18.767+05:30  INFO 34200 --- [bmp-payment-service] [binder-health-1] org.apache.kafka.clients.NetworkClient   : [Consumer clientId=consumer-null-4, groupId=null] Node -1 disconnected.
2026-08-28T23:01:35.435+05:30  INFO 34200 --- [bmp-payment-service] [rap-executor-%d] c.n.d.s.r.aws.ConfigClusterResolver      : Resolving eureka endpoints via configuration
2026-08-28T23:06:35.465+05:30  INFO 34200 --- [bmp-payment-service] [rap-executor-%d] c.n.d.s.r.aws.ConfigClusterResolver      : Resolving eureka endpoints via configuration
2026-08-28T23:11:35.497+05:30  INFO 34200 --- [bmp-payment-service] [rap-executor-%d] c.n.d.s.r.aws.ConfigClusterResolver      : Resolving eureka endpoints via configuration
2026-08-28T23:16:35.526+05:30  INFO 34200 --- [bmp-payment-service] [rap-executor-%d] c.n.d.s.r.aws.ConfigClusterResolver      : Resolving eureka endpoints via configuration
2026-08-28T23:21:35.563+05:30  INFO 34200 --- [bmp-payment-service] [rap-executor-%d] c.n.d.s.r.aws.ConfigClusterResolver      : Resolving eureka endpoints via configuration
2026-08-28T23:26:35.591+05:30  INFO 34200 --- [bmp-payment-service] [rap-executor-%d] c.n.d.s.r.aws.ConfigClusterResolver      : Resolving eureka endpoints via configuration
2026-08-28T23:31:35.630+05:30  INFO 34200 --- [bmp-payment-service] [rap-executor-%d] c.n.d.s.r.aws.ConfigClusterResolver      : Resolving eureka endpoints via configuration
2026-08-28T23:36:35.637+05:30  INFO 34200 --- [bmp-payment-service] [rap-executor-%d] c.n.d.s.r.aws.ConfigClusterResolver      : Resolving eureka endpoints via configuration
2026-08-28T23:41:35.639+05:30  INFO 34200 --- [bmp-payment-service] [rap-executor-%d] c.n.d.s.r.aws.ConfigClusterResolver      : Resolving eureka endpoints via configuration
2026-08-28T23:46:35.665+05:30  INFO 34200 --- [bmp-payment-service] [rap-executor-%d] c.n.d.s.r.aws.ConfigClusterResolver      : Resolving eureka endpoints via configuration
2026-08-28T23:51:35.691+05:30  INFO 34200 --- [bmp-payment-service] [rap-executor-%d] c.n.d.s.r.aws.ConfigClusterResolver      : Resolving eureka endpoints via configuration
2026-08-28T23:56:35.692+05:30  INFO 34200 --- [bmp-payment-service] [rap-executor-%d] c.n.d.s.r.aws.ConfigClusterResolver      : Resolving eureka endpoints via configuration
2026-08-29T00:01:35.705+05:30  INFO 34200 --- [bmp-payment-service] [rap-executor-%d] c.n.d.s.r.aws.ConfigClusterResolver      : Resolving eureka endpoints via configuration
2026-08-29T00:06:35.717+05:30  INFO 34200 --- [bmp-payment-service] [rap-executor-%d] c.n.d.s.r.aws.ConfigClusterResolver      : Resolving eureka endpoints via configuration
2026-08-29T00:11:35.724+05:30  INFO 34200 --- [bmp-payment-service] [rap-executor-%d] c.n.d.s.r.aws.ConfigClusterResolver      : Resolving eureka endpoints via configuration
2026-08-29T00:16:35.751+05:30  INFO 34200 --- [bmp-payment-service] [rap-executor-%d] c.n.d.s.r.aws.ConfigClusterResolver      : Resolving eureka endpoints via configuration
2026-08-29T00:21:35.753+05:30  INFO 34200 --- [bmp-payment-service] [rap-executor-%d] c.n.d.s.r.aws.ConfigClusterResolver      : Resolving eureka endpoints via configuration
2026-08-29T00:26:35.762+05:30  INFO 34200 --- [bmp-payment-service] [rap-executor-%d] c.n.d.s.r.aws.ConfigClusterResolver      : Resolving eureka endpoints via configuration
2026-08-29T00:31:35.768+05:30  INFO 34200 --- [bmp-payment-service] [rap-executor-%d] c.n.d.s.r.aws.ConfigClusterResolver      : Resolving eureka endpoints via configuration
2026-08-29T00:36:35.784+05:30  INFO 34200 --- [bmp-payment-service] [rap-executor-%d] c.n.d.s.r.aws.ConfigClusterResolver      : Resolving eureka endpoints via configuration
2026-08-29T03:40:14.651+05:30  INFO 34200 --- [bmp-payment-service] [container-0-C-1] org.apache.kafka.clients.NetworkClient   : [Consumer clientId=consumer-anonymous.f27927d3-4c74-446c-9c94-2f1117fc50d2-2, groupId=anonymous.f27927d3-4c74-446c-9c94-2f1117fc50d2] Node 1 disconnected.
2026-08-29T03:40:14.655+05:30  INFO 34200 --- [bmp-payment-service] [binder-health-1] org.apache.kafka.clients.NetworkClient   : [Consumer clientId=consumer-null-4, groupId=null] Node 1 disconnected.
2026-08-29T03:40:14.658+05:30  INFO 34200 --- [bmp-payment-service] [binder-health-1] org.apache.kafka.clients.NetworkClient   : [Consumer clientId=consumer-null-4, groupId=null] Cancelled in-flight METADATA request with correlation id 422 due to node 1 being disconnected (elapsed time since creation: 10795894ms, elapsed time since send: 10795894ms, throttle time: 0ms, request timeout: 30000ms)
2026-08-29T03:40:14.665+05:30  INFO 34200 --- [bmp-payment-service] [container-0-C-1] org.apache.kafka.clients.NetworkClient   : [Consumer clientId=consumer-anonymous.f27927d3-4c74-446c-9c94-2f1117fc50d2-2, groupId=anonymous.f27927d3-4c74-446c-9c94-2f1117fc50d2] Cancelled in-flight FETCH request with correlation id 17174 due to node 1 being disconnected (elapsed time since creation: 10802386ms, elapsed time since send: 10802386ms, throttle time: 0ms, request timeout: 30000ms)
2026-08-29T03:40:14.686+05:30  INFO 34200 --- [bmp-payment-service] [container-0-C-1] org.apache.kafka.clients.NetworkClient   : [Consumer clientId=consumer-anonymous.f27927d3-4c74-446c-9c94-2f1117fc50d2-2, groupId=anonymous.f27927d3-4c74-446c-9c94-2f1117fc50d2] Disconnecting from node 2147483646 due to request timeout.
2026-08-29T03:40:14.686+05:30  INFO 34200 --- [bmp-payment-service] [container-0-C-1] org.apache.kafka.clients.NetworkClient   : [Consumer clientId=consumer-anonymous.f27927d3-4c74-446c-9c94-2f1117fc50d2-2, groupId=anonymous.f27927d3-4c74-446c-9c94-2f1117fc50d2] Cancelled in-flight HEARTBEAT request with correlation id 17175 due to node 2147483646 being disconnected (elapsed time since creation: 10801595ms, elapsed time since send: 10801595ms, throttle time: 0ms, request timeout: 30000ms)
2026-08-29T03:40:14.687+05:30  INFO 34200 --- [bmp-payment-service] [container-0-C-1] org.apache.kafka.clients.NetworkClient   : [Consumer clientId=consumer-anonymous.f27927d3-4c74-446c-9c94-2f1117fc50d2-2, groupId=anonymous.f27927d3-4c74-446c-9c94-2f1117fc50d2] Cancelled in-flight HEARTBEAT request with correlation id 17176 due to node 2147483646 being disconnected (elapsed time since creation: 10798581ms, elapsed time since send: 10798581ms, throttle time: 0ms, request timeout: 30000ms)
2026-08-29T03:40:14.687+05:30  INFO 34200 --- [bmp-payment-service] [container-0-C-1] org.apache.kafka.clients.NetworkClient   : [Consumer clientId=consumer-anonymous.f27927d3-4c74-446c-9c94-2f1117fc50d2-2, groupId=anonymous.f27927d3-4c74-446c-9c94-2f1117fc50d2] Cancelled in-flight HEARTBEAT request with correlation id 17177 due to node 2147483646 being disconnected (elapsed time since creation: 10795570ms, elapsed time since send: 10795570ms, throttle time: 0ms, request timeout: 30000ms)
2026-08-29T03:40:14.687+05:30  INFO 34200 --- [bmp-payment-service] [container-0-C-1] org.apache.kafka.clients.NetworkClient   : [Consumer clientId=consumer-anonymous.f27927d3-4c74-446c-9c94-2f1117fc50d2-2, groupId=anonymous.f27927d3-4c74-446c-9c94-2f1117fc50d2] Cancelled in-flight HEARTBEAT request with correlation id 17178 due to node 2147483646 being disconnected (elapsed time since creation: 10792558ms, elapsed time since send: 10792558ms, throttle time: 0ms, request timeout: 30000ms)
2026-08-29T03:40:14.693+05:30  INFO 34200 --- [bmp-payment-service] [container-0-C-1] o.a.kafka.clients.FetchSessionHandler    : [Consumer clientId=consumer-anonymous.f27927d3-4c74-446c-9c94-2f1117fc50d2-2, groupId=anonymous.f27927d3-4c74-446c-9c94-2f1117fc50d2] Error sending fetch request (sessionId=1033548299, epoch=14650) to node 1:

org.apache.kafka.common.errors.DisconnectException: null

2026-08-29T03:40:14.892+05:30  INFO 34200 --- [bmp-payment-service] [94-2f1117fc50d2] o.a.k.c.c.internals.ConsumerCoordinator  : [Consumer clientId=consumer-anonymous.f27927d3-4c74-446c-9c94-2f1117fc50d2-2, groupId=anonymous.f27927d3-4c74-446c-9c94-2f1117fc50d2] Group coordinator localhost:9092 (id: 2147483646 rack: null) is unavailable or invalid due to cause: null. isDisconnected: true. Rediscovery will be attempted.
2026-08-29T03:40:17.378+05:30  WARN 34200 --- [bmp-payment-service] [l-1 housekeeper] com.zaxxer.hikari.pool.HikariPool        : HikariPool-1 - Thread starvation or clock leap detected (housekeeper delta=3h19s754ms494µs500ns).
2026-08-29T03:40:17.894+05:30  WARN 34200 --- [bmp-payment-service] [nio-8085-exec-5] o.s.b.a.health.HealthEndpointSupport     : Health contributor org.springframework.cloud.stream.binder.kafka.KafkaBinderHealthIndicator (binders/kafka) took 10796127ms to respond
2026-08-29T11:13:23.691+05:30  INFO 34200 --- [bmp-payment-service] [container-0-C-1] org.apache.kafka.clients.NetworkClient   : [Consumer clientId=consumer-anonymous.f27927d3-4c74-446c-9c94-2f1117fc50d2-2, groupId=anonymous.f27927d3-4c74-446c-9c94-2f1117fc50d2] Node 1 disconnected.
2026-08-29T11:13:23.694+05:30  INFO 34200 --- [bmp-payment-service] [container-0-C-1] org.apache.kafka.clients.NetworkClient   : [Consumer clientId=consumer-anonymous.f27927d3-4c74-446c-9c94-2f1117fc50d2-2, groupId=anonymous.f27927d3-4c74-446c-9c94-2f1117fc50d2] Cancelled in-flight METADATA request with correlation id 17182 due to node 1 being disconnected (elapsed time since creation: 27185989ms, elapsed time since send: 27185989ms, throttle time: 0ms, request timeout: 30000ms)
2026-08-29T11:13:23.725+05:30  INFO 34200 --- [bmp-payment-service] [container-0-C-1] org.apache.kafka.clients.NetworkClient   : [Consumer clientId=consumer-anonymous.f27927d3-4c74-446c-9c94-2f1117fc50d2-2, groupId=anonymous.f27927d3-4c74-446c-9c94-2f1117fc50d2] Cancelled in-flight FIND_COORDINATOR request with correlation id 17179 due to node 1 being disconnected (elapsed time since creation: 27186375ms, elapsed time since send: 27185989ms, throttle time: 0ms, request timeout: 30000ms)
2026-08-29T11:13:23.748+05:30  INFO 34200 --- [bmp-payment-service] [container-0-C-1] org.apache.kafka.clients.NetworkClient   : [Consumer clientId=consumer-anonymous.f27927d3-4c74-446c-9c94-2f1117fc50d2-2, groupId=anonymous.f27927d3-4c74-446c-9c94-2f1117fc50d2] Cancelled in-flight FIND_COORDINATOR request with correlation id 17181 due to node 1 being disconnected (elapsed time since creation: 27186065ms, elapsed time since send: 27185988ms, throttle time: 0ms, request timeout: 30000ms)
2026-08-29T11:13:25.898+05:30  WARN 34200 --- [bmp-payment-service] [nio-8085-exec-5] o.s.b.a.health.HealthEndpointSupport     : Health contributor org.springframework.boot.actuate.jdbc.DataSourceHealthIndicator (db) took 27187971ms to respond
2026-08-29T11:13:28.392+05:30  INFO 34200 --- [bmp-payment-service] [container-0-C-1] o.a.k.c.c.internals.ConsumerCoordinator  : [Consumer clientId=consumer-anonymous.f27927d3-4c74-446c-9c94-2f1117fc50d2-2, groupId=anonymous.f27927d3-4c74-446c-9c94-2f1117fc50d2] Discovered group coordinator localhost:9092 (id: 2147483646 rack: null)
2026-08-29T11:13:35.669+05:30  INFO 34200 --- [bmp-payment-service] [pool-2-thread-1] org.apache.kafka.clients.NetworkClient   : [Consumer clientId=consumer-anonymous.f27927d3-4c74-446c-9c94-2f1117fc50d2-3, groupId=anonymous.f27927d3-4c74-446c-9c94-2f1117fc50d2] Node 2147483646 disconnected.
2026-08-29T11:13:50.352+05:30  WARN 34200 --- [bmp-payment-service] [l-1 housekeeper] com.zaxxer.hikari.pool.HikariPool        : HikariPool-1 - Thread starvation or clock leap detected (housekeeper delta=7h33m35s684ms371µs100ns).
2026-08-29T11:14:27.519+05:30  INFO 34200 --- [bmp-payment-service] [rap-executor-%d] c.n.d.s.r.aws.ConfigClusterResolver      : Resolving eureka endpoints via configuration
2026-08-29T11:19:27.532+05:30  INFO 34200 --- [bmp-payment-service] [rap-executor-%d] c.n.d.s.r.aws.ConfigClusterResolver      : Resolving eureka endpoints via configuration
2026-08-29T11:24:27.545+05:30  INFO 34200 --- [bmp-payment-service] [rap-executor-%d] c.n.d.s.r.aws.ConfigClusterResolver      : Resolving eureka endpoints via configuration
2026-08-29T11:29:27.559+05:30  INFO 34200 --- [bmp-payment-service] [rap-executor-%d] c.n.d.s.r.aws.ConfigClusterResolver      : Resolving eureka endpoints via configuration
2026-08-29T11:34:27.568+05:30  INFO 34200 --- [bmp-payment-service] [rap-executor-%d] c.n.d.s.r.aws.ConfigClusterResolver      : Resolving eureka endpoints via configuration
2026-08-29T11:58:08.804+05:30  INFO 34200 --- [bmp-payment-service] [container-0-C-1] org.apache.kafka.clients.NetworkClient   : [Consumer clientId=consumer-anonymous.f27927d3-4c74-446c-9c94-2f1117fc50d2-2, groupId=anonymous.f27927d3-4c74-446c-9c94-2f1117fc50d2] Node 1 disconnected.
2026-08-29T11:58:08.806+05:30  INFO 34200 --- [bmp-payment-service] [container-0-C-1] org.apache.kafka.clients.NetworkClient   : [Consumer clientId=consumer-anonymous.f27927d3-4c74-446c-9c94-2f1117fc50d2-2, groupId=anonymous.f27927d3-4c74-446c-9c94-2f1117fc50d2] Cancelled in-flight FETCH request with correlation id 20346 due to node 1 being disconnected (elapsed time since creation: 1306996ms, elapsed time since send: 1306996ms, throttle time: 0ms, request timeout: 30000ms)
2026-08-29T11:58:08.807+05:30  INFO 34200 --- [bmp-payment-service] [container-0-C-1] org.apache.kafka.clients.NetworkClient   : [Consumer clientId=consumer-anonymous.f27927d3-4c74-446c-9c94-2f1117fc50d2-2, groupId=anonymous.f27927d3-4c74-446c-9c94-2f1117fc50d2] Disconnecting from node 2147483646 due to request timeout.
2026-08-29T11:58:08.807+05:30  INFO 34200 --- [bmp-payment-service] [container-0-C-1] org.apache.kafka.clients.NetworkClient   : [Consumer clientId=consumer-anonymous.f27927d3-4c74-446c-9c94-2f1117fc50d2-2, groupId=anonymous.f27927d3-4c74-446c-9c94-2f1117fc50d2] Cancelled in-flight HEARTBEAT request with correlation id 20347 due to node 2147483646 being disconnected (elapsed time since creation: 1305208ms, elapsed time since send: 1305208ms, throttle time: 0ms, request timeout: 30000ms)
2026-08-29T11:58:08.807+05:30  INFO 34200 --- [bmp-payment-service] [container-0-C-1] org.apache.kafka.clients.NetworkClient   : [Consumer clientId=consumer-anonymous.f27927d3-4c74-446c-9c94-2f1117fc50d2-2, groupId=anonymous.f27927d3-4c74-446c-9c94-2f1117fc50d2] Cancelled in-flight HEARTBEAT request with correlation id 20348 due to node 2147483646 being disconnected (elapsed time since creation: 1302197ms, elapsed time since send: 1302197ms, throttle time: 0ms, request timeout: 30000ms)
2026-08-29T11:58:08.807+05:30  INFO 34200 --- [bmp-payment-service] [container-0-C-1] org.apache.kafka.clients.NetworkClient   : [Consumer clientId=consumer-anonymous.f27927d3-4c74-446c-9c94-2f1117fc50d2-2, groupId=anonymous.f27927d3-4c74-446c-9c94-2f1117fc50d2] Cancelled in-flight HEARTBEAT request with correlation id 20349 due to node 2147483646 being disconnected (elapsed time since creation: 1299185ms, elapsed time since send: 1299185ms, throttle time: 0ms, request timeout: 30000ms)
2026-08-29T11:58:08.807+05:30  INFO 34200 --- [bmp-payment-service] [container-0-C-1] org.apache.kafka.clients.NetworkClient   : [Consumer clientId=consumer-anonymous.f27927d3-4c74-446c-9c94-2f1117fc50d2-2, groupId=anonymous.f27927d3-4c74-446c-9c94-2f1117fc50d2] Cancelled in-flight HEARTBEAT request with correlation id 20350 due to node 2147483646 being disconnected (elapsed time since creation: 1296174ms, elapsed time since send: 1296174ms, throttle time: 0ms, request timeout: 30000ms)
2026-08-29T11:58:08.809+05:30  INFO 34200 --- [bmp-payment-service] [container-0-C-1] o.a.kafka.clients.FetchSessionHandler    : [Consumer clientId=consumer-anonymous.f27927d3-4c74-446c-9c94-2f1117fc50d2-2, groupId=anonymous.f27927d3-4c74-446c-9c94-2f1117fc50d2] Error sending fetch request (sessionId=758810094, epoch=2693) to node 1:

org.apache.kafka.common.errors.DisconnectException: null

2026-08-29T11:58:08.822+05:30  INFO 34200 --- [bmp-payment-service] [94-2f1117fc50d2] o.a.k.c.c.internals.ConsumerCoordinator  : [Consumer clientId=consumer-anonymous.f27927d3-4c74-446c-9c94-2f1117fc50d2-2, groupId=anonymous.f27927d3-4c74-446c-9c94-2f1117fc50d2] Group coordinator localhost:9092 (id: 2147483646 rack: null) is unavailable or invalid due to cause: null. isDisconnected: true. Rediscovery will be attempted.
2026-08-29T11:58:09.733+05:30  INFO 34200 --- [bmp-payment-service] [container-0-C-1] o.a.k.c.c.internals.ConsumerCoordinator  : [Consumer clientId=consumer-anonymous.f27927d3-4c74-446c-9c94-2f1117fc50d2-2, groupId=anonymous.f27927d3-4c74-446c-9c94-2f1117fc50d2] Discovered group coordinator localhost:9092 (id: 2147483646 rack: null)
2026-08-29T11:58:12.094+05:30  INFO 34200 --- [bmp-payment-service] [pool-2-thread-1] org.apache.kafka.clients.NetworkClient   : [Consumer clientId=consumer-anonymous.f27927d3-4c74-446c-9c94-2f1117fc50d2-3, groupId=anonymous.f27927d3-4c74-446c-9c94-2f1117fc50d2] Node 2147483646 disconnected.
2026-08-29T11:58:23.919+05:30  WARN 34200 --- [bmp-payment-service] [l-1 housekeeper] com.zaxxer.hikari.pool.HikariPool        : HikariPool-1 - Thread starvation or clock leap detected (housekeeper delta=22m3s303ms10µs).
2026-08-29T12:01:00.751+05:30  INFO 34200 --- [bmp-payment-service] [rap-executor-%d] c.n.d.s.r.aws.ConfigClusterResolver      : Resolving eureka endpoints via configuration
2026-08-29T12:06:00.767+05:30  INFO 34200 --- [bmp-payment-service] [rap-executor-%d] c.n.d.s.r.aws.ConfigClusterResolver      : Resolving eureka endpoints via configuration
2026-08-29T12:11:00.782+05:30  INFO 34200 --- [bmp-payment-service] [rap-executor-%d] c.n.d.s.r.aws.ConfigClusterResolver      : Resolving eureka endpoints via configuration
2026-08-29T12:16:00.794+05:30  INFO 34200 --- [bmp-payment-service] [rap-executor-%d] c.n.d.s.r.aws.ConfigClusterResolver      : Resolving eureka endpoints via configuration
2026-08-29T12:21:00.798+05:30  INFO 34200 --- [bmp-payment-service] [rap-executor-%d] c.n.d.s.r.aws.ConfigClusterResolver      : Resolving eureka endpoints via configuration
2026-08-29T12:26:00.805+05:30  INFO 34200 --- [bmp-payment-service] [rap-executor-%d] c.n.d.s.r.aws.ConfigClusterResolver      : Resolving eureka endpoints via configuration
2026-08-29T12:31:00.812+05:30  INFO 34200 --- [bmp-payment-service] [rap-executor-%d] c.n.d.s.r.aws.ConfigClusterResolver      : Resolving eureka endpoints via configuration
2026-08-29T12:36:00.826+05:30  INFO 34200 --- [bmp-payment-service] [rap-executor-%d] c.n.d.s.r.aws.ConfigClusterResolver      : Resolving eureka endpoints via configuration
2026-08-29T12:41:00.851+05:30  INFO 34200 --- [bmp-payment-service] [rap-executor-%d] c.n.d.s.r.aws.ConfigClusterResolver      : Resolving eureka endpoints via configuration
2026-08-29T12:46:00.874+05:30  INFO 34200 --- [bmp-payment-service] [rap-executor-%d] c.n.d.s.r.aws.ConfigClusterResolver      : Resolving eureka endpoints via configuration
2026-08-29T12:51:00.877+05:30  INFO 34200 --- [bmp-payment-service] [rap-executor-%d] c.n.d.s.r.aws.ConfigClusterResolver      : Resolving eureka endpoints via configuration
2026-08-29T12:56:00.887+05:30  INFO 34200 --- [bmp-payment-service] [rap-executor-%d] c.n.d.s.r.aws.ConfigClusterResolver      : Resolving eureka endpoints via configuration
2026-08-29T13:01:00.897+05:30  INFO 34200 --- [bmp-payment-service] [rap-executor-%d] c.n.d.s.r.aws.ConfigClusterResolver      : Resolving eureka endpoints via configuration
2026-08-29T14:26:53.593+05:30  INFO 34200 --- [bmp-payment-service] [binder-health-1] org.apache.kafka.clients.NetworkClient   : [Consumer clientId=consumer-null-4, groupId=null] Node 1 disconnected.
2026-08-29T14:26:53.595+05:30  INFO 34200 --- [bmp-payment-service] [binder-health-1] org.apache.kafka.clients.NetworkClient   : [Consumer clientId=consumer-null-4, groupId=null] Cancelled in-flight METADATA request with correlation id 721 due to node 1 being disconnected (elapsed time since creation: 5090088ms, elapsed time since send: 5090088ms, throttle time: 0ms, request timeout: 30000ms)
2026-08-29T14:26:53.810+05:30  INFO 34200 --- [bmp-payment-service] [container-0-C-1] org.apache.kafka.clients.NetworkClient   : [Consumer clientId=consumer-anonymous.f27927d3-4c74-446c-9c94-2f1117fc50d2-2, groupId=anonymous.f27927d3-4c74-446c-9c94-2f1117fc50d2] Node 1 disconnected.
2026-08-29T14:26:53.811+05:30  INFO 34200 --- [bmp-payment-service] [container-0-C-1] org.apache.kafka.clients.NetworkClient   : [Consumer clientId=consumer-anonymous.f27927d3-4c74-446c-9c94-2f1117fc50d2-2, groupId=anonymous.f27927d3-4c74-446c-9c94-2f1117fc50d2] Cancelled in-flight FETCH request with correlation id 29140 due to node 1 being disconnected (elapsed time since creation: 5101296ms, elapsed time since send: 5101296ms, throttle time: 0ms, request timeout: 30000ms)
2026-08-29T14:26:53.812+05:30  INFO 34200 --- [bmp-payment-service] [container-0-C-1] org.apache.kafka.clients.NetworkClient   : [Consumer clientId=consumer-anonymous.f27927d3-4c74-446c-9c94-2f1117fc50d2-2, groupId=anonymous.f27927d3-4c74-446c-9c94-2f1117fc50d2] Disconnecting from node 2147483646 due to request timeout.
2026-08-29T14:26:53.812+05:30  INFO 34200 --- [bmp-payment-service] [container-0-C-1] org.apache.kafka.clients.NetworkClient   : [Consumer clientId=consumer-anonymous.f27927d3-4c74-446c-9c94-2f1117fc50d2-2, groupId=anonymous.f27927d3-4c74-446c-9c94-2f1117fc50d2] Cancelled in-flight HEARTBEAT request with correlation id 29141 due to node 2147483646 being disconnected (elapsed time since creation: 5098916ms, elapsed time since send: 5098916ms, throttle time: 0ms, request timeout: 30000ms)
2026-08-29T14:26:53.812+05:30  INFO 34200 --- [bmp-payment-service] [container-0-C-1] org.apache.kafka.clients.NetworkClient   : [Consumer clientId=consumer-anonymous.f27927d3-4c74-446c-9c94-2f1117fc50d2-2, groupId=anonymous.f27927d3-4c74-446c-9c94-2f1117fc50d2] Cancelled in-flight HEARTBEAT request with correlation id 29142 due to node 2147483646 being disconnected (elapsed time since creation: 5095912ms, elapsed time since send: 5095912ms, throttle time: 0ms, request timeout: 30000ms)
2026-08-29T14:26:53.812+05:30  INFO 34200 --- [bmp-payment-service] [container-0-C-1] org.apache.kafka.clients.NetworkClient   : [Consumer clientId=consumer-anonymous.f27927d3-4c74-446c-9c94-2f1117fc50d2-2, groupId=anonymous.f27927d3-4c74-446c-9c94-2f1117fc50d2] Cancelled in-flight HEARTBEAT request with correlation id 29143 due to node 2147483646 being disconnected (elapsed time since creation: 5092905ms, elapsed time since send: 5092905ms, throttle time: 0ms, request timeout: 30000ms)
2026-08-29T14:26:53.812+05:30  INFO 34200 --- [bmp-payment-service] [container-0-C-1] org.apache.kafka.clients.NetworkClient   : [Consumer clientId=consumer-anonymous.f27927d3-4c74-446c-9c94-2f1117fc50d2-2, groupId=anonymous.f27927d3-4c74-446c-9c94-2f1117fc50d2] Cancelled in-flight HEARTBEAT request with correlation id 29144 due to node 2147483646 being disconnected (elapsed time since creation: 5089896ms, elapsed time since send: 5089896ms, throttle time: 0ms, request timeout: 30000ms)
2026-08-29T14:26:53.816+05:30  INFO 34200 --- [bmp-payment-service] [container-0-C-1] o.a.kafka.clients.FetchSessionHandler    : [Consumer clientId=consumer-anonymous.f27927d3-4c74-446c-9c94-2f1117fc50d2-2, groupId=anonymous.f27927d3-4c74-446c-9c94-2f1117fc50d2] Error sending fetch request (sessionId=785451107, epoch=7489) to node 1:

org.apache.kafka.common.errors.DisconnectException: null

2026-08-29T14:26:53.835+05:30  INFO 34200 --- [bmp-payment-service] [94-2f1117fc50d2] o.a.k.c.c.internals.ConsumerCoordinator  : [Consumer clientId=consumer-anonymous.f27927d3-4c74-446c-9c94-2f1117fc50d2-2, groupId=anonymous.f27927d3-4c74-446c-9c94-2f1117fc50d2] Group coordinator localhost:9092 (id: 2147483646 rack: null) is unavailable or invalid due to cause: null. isDisconnected: true. Rediscovery will be attempted.
2026-08-29T14:26:54.025+05:30  WARN 34200 --- [bmp-payment-service] [nio-8085-exec-8] o.s.b.a.health.HealthEndpointSupport     : Health contributor org.springframework.cloud.stream.binder.kafka.KafkaBinderHealthIndicator (binders/kafka) took 5090283ms to respond
2026-08-29T14:26:56.364+05:30  INFO 34200 --- [bmp-payment-service] [container-0-C-1] o.a.k.c.c.internals.ConsumerCoordinator  : [Consumer clientId=consumer-anonymous.f27927d3-4c74-446c-9c94-2f1117fc50d2-2, groupId=anonymous.f27927d3-4c74-446c-9c94-2f1117fc50d2] Discovered group coordinator localhost:9092 (id: 2147483646 rack: null)
2026-08-29T14:27:02.182+05:30  INFO 34200 --- [bmp-payment-service] [pool-2-thread-1] org.apache.kafka.clients.NetworkClient   : [Consumer clientId=consumer-anonymous.f27927d3-4c74-446c-9c94-2f1117fc50d2-3, groupId=anonymous.f27927d3-4c74-446c-9c94-2f1117fc50d2] Node 2147483646 disconnected.
2026-08-29T14:27:02.187+05:30  INFO 34200 --- [bmp-payment-service] [pool-2-thread-1] o.a.k.c.c.internals.ConsumerCoordinator  : [Consumer clientId=consumer-anonymous.f27927d3-4c74-446c-9c94-2f1117fc50d2-3, groupId=anonymous.f27927d3-4c74-446c-9c94-2f1117fc50d2] Group coordinator localhost:9092 (id: 2147483646 rack: null) is unavailable or invalid due to cause: coordinator unavailable. isDisconnected: true. Rediscovery will be attempted.
2026-08-29T14:27:02.197+05:30  INFO 34200 --- [bmp-payment-service] [pool-2-thread-1] o.a.k.c.c.internals.ConsumerCoordinator  : [Consumer clientId=consumer-anonymous.f27927d3-4c74-446c-9c94-2f1117fc50d2-3, groupId=anonymous.f27927d3-4c74-446c-9c94-2f1117fc50d2] Discovered group coordinator localhost:9092 (id: 2147483646 rack: null)
2026-08-29T14:27:02.198+05:30  INFO 34200 --- [bmp-payment-service] [pool-2-thread-1] o.a.k.c.c.internals.ConsumerCoordinator  : [Consumer clientId=consumer-anonymous.f27927d3-4c74-446c-9c94-2f1117fc50d2-3, groupId=anonymous.f27927d3-4c74-446c-9c94-2f1117fc50d2] Group coordinator localhost:9092 (id: 2147483646 rack: null) is unavailable or invalid due to cause: coordinator unavailable. isDisconnected: false. Rediscovery will be attempted.
2026-08-29T14:27:02.198+05:30  INFO 34200 --- [bmp-payment-service] [pool-2-thread-1] o.a.k.c.c.internals.ConsumerCoordinator  : [Consumer clientId=consumer-anonymous.f27927d3-4c74-446c-9c94-2f1117fc50d2-3, groupId=anonymous.f27927d3-4c74-446c-9c94-2f1117fc50d2] Requesting disconnect from last known coordinator localhost:9092 (id: 2147483646 rack: null)
2026-08-29T14:27:02.301+05:30  INFO 34200 --- [bmp-payment-service] [pool-2-thread-1] o.a.k.c.c.internals.ConsumerCoordinator  : [Consumer clientId=consumer-anonymous.f27927d3-4c74-446c-9c94-2f1117fc50d2-3, groupId=anonymous.f27927d3-4c74-446c-9c94-2f1117fc50d2] Discovered group coordinator localhost:9092 (id: 2147483646 rack: null)
2026-08-29T14:27:11.973+05:30  WARN 34200 --- [bmp-payment-service] [l-1 housekeeper] com.zaxxer.hikari.pool.HikariPool        : HikariPool-1 - Thread starvation or clock leap detected (housekeeper delta=1h25m17s41ms117µs600ns).
2026-08-29T14:30:47.800+05:30  INFO 34200 --- [bmp-payment-service] [rap-executor-%d] c.n.d.s.r.aws.ConfigClusterResolver      : Resolving eureka endpoints via configuration
2026-08-29T14:35:47.819+05:30  INFO 34200 --- [bmp-payment-service] [rap-executor-%d] c.n.d.s.r.aws.ConfigClusterResolver      : Resolving eureka endpoints via configuration
2026-08-29T14:40:47.834+05:30  INFO 34200 --- [bmp-payment-service] [rap-executor-%d] c.n.d.s.r.aws.ConfigClusterResolver      : Resolving eureka endpoints via configuration
2026-08-29T14:45:47.838+05:30  INFO 34200 --- [bmp-payment-service] [rap-executor-%d] c.n.d.s.r.aws.ConfigClusterResolver      : Resolving eureka endpoints via configuration
2026-08-29T14:50:47.841+05:30  INFO 34200 --- [bmp-payment-service] [rap-executor-%d] c.n.d.s.r.aws.ConfigClusterResolver      : Resolving eureka endpoints via configuration
2026-08-29T14:55:47.869+05:30  INFO 34200 --- [bmp-payment-service] [rap-executor-%d] c.n.d.s.r.aws.ConfigClusterResolver      : Resolving eureka endpoints via configuration
2026-08-29T15:00:47.872+05:30  INFO 34200 --- [bmp-payment-service] [rap-executor-%d] c.n.d.s.r.aws.ConfigClusterResolver      : Resolving eureka endpoints via configuration
2026-08-29T15:05:47.886+05:30  INFO 34200 --- [bmp-payment-service] [rap-executor-%d] c.n.d.s.r.aws.ConfigClusterResolver      : Resolving eureka endpoints via configuration
2026-08-29T15:10:47.890+05:30  INFO 34200 --- [bmp-payment-service] [rap-executor-%d] c.n.d.s.r.aws.ConfigClusterResolver      : Resolving eureka endpoints via configuration
2026-08-29T15:15:47.900+05:30  INFO 34200 --- [bmp-payment-service] [rap-executor-%d] c.n.d.s.r.aws.ConfigClusterResolver      : Resolving eureka endpoints via configuration
2026-08-29T15:20:47.923+05:30  INFO 34200 --- [bmp-payment-service] [rap-executor-%d] c.n.d.s.r.aws.ConfigClusterResolver      : Resolving eureka endpoints via configuration
2026-08-29T15:25:47.927+05:30  INFO 34200 --- [bmp-payment-service] [rap-executor-%d] c.n.d.s.r.aws.ConfigClusterResolver      : Resolving eureka endpoints via configuration
2026-08-29T15:30:47.936+05:30  INFO 34200 --- [bmp-payment-service] [rap-executor-%d] c.n.d.s.r.aws.ConfigClusterResolver      : Resolving eureka endpoints via configuration
2026-08-29T15:35:47.946+05:30  INFO 34200 --- [bmp-payment-service] [rap-executor-%d] c.n.d.s.r.aws.ConfigClusterResolver      : Resolving eureka endpoints via configuration
2026-08-29T15:40:47.957+05:30  INFO 34200 --- [bmp-payment-service] [rap-executor-%d] c.n.d.s.r.aws.ConfigClusterResolver      : Resolving eureka endpoints via configuration
2026-08-29T16:37:26.650+05:30  INFO 34200 --- [bmp-payment-service] [container-0-C-1] org.apache.kafka.clients.NetworkClient   : [Consumer clientId=consumer-anonymous.f27927d3-4c74-446c-9c94-2f1117fc50d2-2, groupId=anonymous.f27927d3-4c74-446c-9c94-2f1117fc50d2] Node 1 disconnected.
2026-08-29T16:37:26.651+05:30  INFO 34200 --- [bmp-payment-service] [container-0-C-1] org.apache.kafka.clients.NetworkClient   : [Consumer clientId=consumer-anonymous.f27927d3-4c74-446c-9c94-2f1117fc50d2-2, groupId=anonymous.f27927d3-4c74-446c-9c94-2f1117fc50d2] Cancelled in-flight FETCH request with correlation id 39447 due to node 1 being disconnected (elapsed time since creation: 3363851ms, elapsed time since send: 3363851ms, throttle time: 0ms, request timeout: 30000ms)
2026-08-29T16:37:26.652+05:30  INFO 34200 --- [bmp-payment-service] [container-0-C-1] org.apache.kafka.clients.NetworkClient   : [Consumer clientId=consumer-anonymous.f27927d3-4c74-446c-9c94-2f1117fc50d2-2, groupId=anonymous.f27927d3-4c74-446c-9c94-2f1117fc50d2] Disconnecting from node 2147483646 due to request timeout.
2026-08-29T16:37:26.652+05:30  INFO 34200 --- [bmp-payment-service] [container-0-C-1] org.apache.kafka.clients.NetworkClient   : [Consumer clientId=consumer-anonymous.f27927d3-4c74-446c-9c94-2f1117fc50d2-2, groupId=anonymous.f27927d3-4c74-446c-9c94-2f1117fc50d2] Cancelled in-flight HEARTBEAT request with correlation id 39448 due to node 2147483646 being disconnected (elapsed time since creation: 3362132ms, elapsed time since send: 3362132ms, throttle time: 0ms, request timeout: 30000ms)
2026-08-29T16:37:26.652+05:30  INFO 34200 --- [bmp-payment-service] [container-0-C-1] org.apache.kafka.clients.NetworkClient   : [Consumer clientId=consumer-anonymous.f27927d3-4c74-446c-9c94-2f1117fc50d2-2, groupId=anonymous.f27927d3-4c74-446c-9c94-2f1117fc50d2] Cancelled in-flight HEARTBEAT request with correlation id 39449 due to node 2147483646 being disconnected (elapsed time since creation: 3359124ms, elapsed time since send: 3359124ms, throttle time: 0ms, request timeout: 30000ms)
2026-08-29T16:37:26.652+05:30  INFO 34200 --- [bmp-payment-service] [container-0-C-1] org.apache.kafka.clients.NetworkClient   : [Consumer clientId=consumer-anonymous.f27927d3-4c74-446c-9c94-2f1117fc50d2-2, groupId=anonymous.f27927d3-4c74-446c-9c94-2f1117fc50d2] Cancelled in-flight HEARTBEAT request with correlation id 39450 due to node 2147483646 being disconnected (elapsed time since creation: 3356122ms, elapsed time since send: 3356122ms, throttle time: 0ms, request timeout: 30000ms)
2026-08-29T16:37:26.652+05:30  INFO 34200 --- [bmp-payment-service] [container-0-C-1] org.apache.kafka.clients.NetworkClient   : [Consumer clientId=consumer-anonymous.f27927d3-4c74-446c-9c94-2f1117fc50d2-2, groupId=anonymous.f27927d3-4c74-446c-9c94-2f1117fc50d2] Cancelled in-flight HEARTBEAT request with correlation id 39451 due to node 2147483646 being disconnected (elapsed time since creation: 3353118ms, elapsed time since send: 3353118ms, throttle time: 0ms, request timeout: 30000ms)
2026-08-29T16:37:26.578+05:30  INFO 34200 --- [bmp-payment-service] [binder-health-1] org.apache.kafka.clients.NetworkClient   : [Consumer clientId=consumer-null-4, groupId=null] Node 1 disconnected.
2026-08-29T16:37:26.653+05:30  INFO 34200 --- [bmp-payment-service] [binder-health-1] org.apache.kafka.clients.NetworkClient   : [Consumer clientId=consumer-null-4, groupId=null] Cancelled in-flight METADATA request with correlation id 976 due to node 1 being disconnected (elapsed time since creation: 3359078ms, elapsed time since send: 3359078ms, throttle time: 0ms, request timeout: 30000ms)
2026-08-29T16:37:26.653+05:30  INFO 34200 --- [bmp-payment-service] [container-0-C-1] o.a.kafka.clients.FetchSessionHandler    : [Consumer clientId=consumer-anonymous.f27927d3-4c74-446c-9c94-2f1117fc50d2-2, groupId=anonymous.f27927d3-4c74-446c-9c94-2f1117fc50d2] Error sending fetch request (sessionId=1694878477, epoch=8785) to node 1:

org.apache.kafka.common.errors.DisconnectException: null

2026-08-29T16:37:29.293+05:30  WARN 34200 --- [bmp-payment-service] [io-8085-exec-10] o.s.b.a.health.HealthEndpointSupport     : Health contributor org.springframework.cloud.stream.binder.kafka.KafkaBinderHealthIndicator (binders/kafka) took 3361793ms to respond
2026-08-29T16:37:29.296+05:30  INFO 34200 --- [bmp-payment-service] [94-2f1117fc50d2] o.a.k.c.c.internals.ConsumerCoordinator  : [Consumer clientId=consumer-anonymous.f27927d3-4c74-446c-9c94-2f1117fc50d2-2, groupId=anonymous.f27927d3-4c74-446c-9c94-2f1117fc50d2] Group coordinator localhost:9092 (id: 2147483646 rack: null) is unavailable or invalid due to cause: null. isDisconnected: true. Rediscovery will be attempted.
2026-08-29T16:37:29.406+05:30  INFO 34200 --- [bmp-payment-service] [container-0-C-1] o.a.k.c.c.internals.ConsumerCoordinator  : [Consumer clientId=consumer-anonymous.f27927d3-4c74-446c-9c94-2f1117fc50d2-2, groupId=anonymous.f27927d3-4c74-446c-9c94-2f1117fc50d2] Discovered group coordinator localhost:9092 (id: 2147483646 rack: null)
2026-08-29T16:37:29.408+05:30  INFO 34200 --- [bmp-payment-service] [container-0-C-1] o.a.k.c.c.internals.ConsumerCoordinator  : [Consumer clientId=consumer-anonymous.f27927d3-4c74-446c-9c94-2f1117fc50d2-2, groupId=anonymous.f27927d3-4c74-446c-9c94-2f1117fc50d2] Discovered group coordinator localhost:9092 (id: 2147483646 rack: null)
2026-08-29T16:37:33.252+05:30  WARN 34200 --- [bmp-payment-service] [l-1 housekeeper] com.zaxxer.hikari.pool.HikariPool        : HikariPool-1 - Thread starvation or clock leap detected (housekeeper delta=56m20s81ms989µs800ns).
2026-08-29T16:37:54.170+05:30  INFO 34200 --- [bmp-payment-service] [pool-2-thread-1] org.apache.kafka.clients.NetworkClient   : [Consumer clientId=consumer-anonymous.f27927d3-4c74-446c-9c94-2f1117fc50d2-3, groupId=anonymous.f27927d3-4c74-446c-9c94-2f1117fc50d2] Node 2147483646 disconnected.
2026-08-29T16:37:54.174+05:30  INFO 34200 --- [bmp-payment-service] [pool-2-thread-1] o.a.k.c.c.internals.ConsumerCoordinator  : [Consumer clientId=consumer-anonymous.f27927d3-4c74-446c-9c94-2f1117fc50d2-3, groupId=anonymous.f27927d3-4c74-446c-9c94-2f1117fc50d2] Group coordinator localhost:9092 (id: 2147483646 rack: null) is unavailable or invalid due to cause: coordinator unavailable. isDisconnected: true. Rediscovery will be attempted.
2026-08-29T16:37:54.178+05:30  INFO 34200 --- [bmp-payment-service] [pool-2-thread-1] o.a.k.c.c.internals.ConsumerCoordinator  : [Consumer clientId=consumer-anonymous.f27927d3-4c74-446c-9c94-2f1117fc50d2-3, groupId=anonymous.f27927d3-4c74-446c-9c94-2f1117fc50d2] Discovered group coordinator localhost:9092 (id: 2147483646 rack: null)
2026-08-29T16:37:54.179+05:30  INFO 34200 --- [bmp-payment-service] [pool-2-thread-1] o.a.k.c.c.internals.ConsumerCoordinator  : [Consumer clientId=consumer-anonymous.f27927d3-4c74-446c-9c94-2f1117fc50d2-3, groupId=anonymous.f27927d3-4c74-446c-9c94-2f1117fc50d2] Group coordinator localhost:9092 (id: 2147483646 rack: null) is unavailable or invalid due to cause: coordinator unavailable. isDisconnected: false. Rediscovery will be attempted.
2026-08-29T16:37:54.179+05:30  INFO 34200 --- [bmp-payment-service] [pool-2-thread-1] o.a.k.c.c.internals.ConsumerCoordinator  : [Consumer clientId=consumer-anonymous.f27927d3-4c74-446c-9c94-2f1117fc50d2-3, groupId=anonymous.f27927d3-4c74-446c-9c94-2f1117fc50d2] Requesting disconnect from last known coordinator localhost:9092 (id: 2147483646 rack: null)
2026-08-29T16:37:54.308+05:30  INFO 34200 --- [bmp-payment-service] [pool-2-thread-1] o.a.k.c.c.internals.ConsumerCoordinator  : [Consumer clientId=consumer-anonymous.f27927d3-4c74-446c-9c94-2f1117fc50d2-3, groupId=anonymous.f27927d3-4c74-446c-9c94-2f1117fc50d2] Discovered group coordinator localhost:9092 (id: 2147483646 rack: null)
2026-08-29T16:41:37.879+05:30  INFO 34200 --- [bmp-payment-service] [rap-executor-%d] c.n.d.s.r.aws.ConfigClusterResolver      : Resolving eureka endpoints via configuration
2026-08-29T16:46:37.888+05:30  INFO 34200 --- [bmp-payment-service] [rap-executor-%d] c.n.d.s.r.aws.ConfigClusterResolver      : Resolving eureka endpoints via configuration
2026-08-29T16:51:37.894+05:30  INFO 34200 --- [bmp-payment-service] [rap-executor-%d] c.n.d.s.r.aws.ConfigClusterResolver      : Resolving eureka endpoints via configuration
2026-08-29T16:56:37.909+05:30  INFO 34200 --- [bmp-payment-service] [rap-executor-%d] c.n.d.s.r.aws.ConfigClusterResolver      : Resolving eureka endpoints via configuration
2026-08-29T17:01:37.923+05:30  INFO 34200 --- [bmp-payment-service] [rap-executor-%d] c.n.d.s.r.aws.ConfigClusterResolver      : Resolving eureka endpoints via configuration
2026-08-29T17:06:37.929+05:30  INFO 34200 --- [bmp-payment-service] [rap-executor-%d] c.n.d.s.r.aws.ConfigClusterResolver      : Resolving eureka endpoints via configuration
2026-08-29T17:11:37.944+05:30  INFO 34200 --- [bmp-payment-service] [rap-executor-%d] c.n.d.s.r.aws.ConfigClusterResolver      : Resolving eureka endpoints via configuration
2026-08-29T17:16:37.946+05:30  INFO 34200 --- [bmp-payment-service] [rap-executor-%d] c.n.d.s.r.aws.ConfigClusterResolver      : Resolving eureka endpoints via configuration
2026-08-29T17:21:37.948+05:30  INFO 34200 --- [bmp-payment-service] [rap-executor-%d] c.n.d.s.r.aws.ConfigClusterResolver      : Resolving eureka endpoints via configuration
2026-08-29T17:26:37.965+05:30  INFO 34200 --- [bmp-payment-service] [rap-executor-%d] c.n.d.s.r.aws.ConfigClusterResolver      : Resolving eureka endpoints via configuration
2026-08-29T17:31:37.989+05:30  INFO 34200 --- [bmp-payment-service] [rap-executor-%d] c.n.d.s.r.aws.ConfigClusterResolver      : Resolving eureka endpoints via configuration
2026-08-29T17:36:37.996+05:30  INFO 34200 --- [bmp-payment-service] [rap-executor-%d] c.n.d.s.r.aws.ConfigClusterResolver      : Resolving eureka endpoints via configuration
2026-08-29T17:41:38.006+05:30  INFO 34200 --- [bmp-payment-service] [rap-executor-%d] c.n.d.s.r.aws.ConfigClusterResolver      : Resolving eureka endpoints via configuration
2026-08-29T17:56:52.590+05:30  INFO 34200 --- [bmp-payment-service] [container-0-C-1] org.apache.kafka.clients.NetworkClient   : [Consumer clientId=consumer-anonymous.f27927d3-4c74-446c-9c94-2f1117fc50d2-2, groupId=anonymous.f27927d3-4c74-446c-9c94-2f1117fc50d2] Node 1 disconnected.
2026-08-29T17:56:52.591+05:30  INFO 34200 --- [bmp-payment-service] [container-0-C-1] org.apache.kafka.clients.NetworkClient   : [Consumer clientId=consumer-anonymous.f27927d3-4c74-446c-9c94-2f1117fc50d2-2, groupId=anonymous.f27927d3-4c74-446c-9c94-2f1117fc50d2] Cancelled in-flight FETCH request with correlation id 48491 due to node 1 being disconnected (elapsed time since creation: 827864ms, elapsed time since send: 827864ms, throttle time: 0ms, request timeout: 30000ms)
2026-08-29T17:56:52.592+05:30  INFO 34200 --- [bmp-payment-service] [container-0-C-1] org.apache.kafka.clients.NetworkClient   : [Consumer clientId=consumer-anonymous.f27927d3-4c74-446c-9c94-2f1117fc50d2-2, groupId=anonymous.f27927d3-4c74-446c-9c94-2f1117fc50d2] Disconnecting from node 2147483646 due to request timeout.
2026-08-29T17:56:52.598+05:30  INFO 34200 --- [bmp-payment-service] [binder-health-1] org.apache.kafka.clients.NetworkClient   : [Consumer clientId=consumer-null-4, groupId=null] Node 1 disconnected.
2026-08-29T17:56:52.599+05:30  INFO 34200 --- [bmp-payment-service] [binder-health-1] org.apache.kafka.clients.NetworkClient   : [Consumer clientId=consumer-null-4, groupId=null] Cancelled in-flight METADATA request with correlation id 1200 due to node 1 being disconnected (elapsed time since creation: 823543ms, elapsed time since send: 823543ms, throttle time: 0ms, request timeout: 30000ms)
2026-08-29T17:56:52.593+05:30  INFO 34200 --- [bmp-payment-service] [container-0-C-1] org.apache.kafka.clients.NetworkClient   : [Consumer clientId=consumer-anonymous.f27927d3-4c74-446c-9c94-2f1117fc50d2-2, groupId=anonymous.f27927d3-4c74-446c-9c94-2f1117fc50d2] Cancelled in-flight HEARTBEAT request with correlation id 48492 due to node 2147483646 being disconnected (elapsed time since creation: 826699ms, elapsed time since send: 826699ms, throttle time: 0ms, request timeout: 30000ms)
2026-08-29T17:56:52.601+05:30  INFO 34200 --- [bmp-payment-service] [container-0-C-1] org.apache.kafka.clients.NetworkClient   : [Consumer clientId=consumer-anonymous.f27927d3-4c74-446c-9c94-2f1117fc50d2-2, groupId=anonymous.f27927d3-4c74-446c-9c94-2f1117fc50d2] Cancelled in-flight HEARTBEAT request with correlation id 48493 due to node 2147483646 being disconnected (elapsed time since creation: 823684ms, elapsed time since send: 823684ms, throttle time: 0ms, request timeout: 30000ms)
2026-08-29T17:56:52.601+05:30  INFO 34200 --- [bmp-payment-service] [container-0-C-1] org.apache.kafka.clients.NetworkClient   : [Consumer clientId=consumer-anonymous.f27927d3-4c74-446c-9c94-2f1117fc50d2-2, groupId=anonymous.f27927d3-4c74-446c-9c94-2f1117fc50d2] Cancelled in-flight HEARTBEAT request with correlation id 48494 due to node 2147483646 being disconnected (elapsed time since creation: 820677ms, elapsed time since send: 820677ms, throttle time: 0ms, request timeout: 30000ms)
2026-08-29T17:56:52.601+05:30  INFO 34200 --- [bmp-payment-service] [container-0-C-1] org.apache.kafka.clients.NetworkClient   : [Consumer clientId=consumer-anonymous.f27927d3-4c74-446c-9c94-2f1117fc50d2-2, groupId=anonymous.f27927d3-4c74-446c-9c94-2f1117fc50d2] Cancelled in-flight HEARTBEAT request with correlation id 48495 due to node 2147483646 being disconnected (elapsed time since creation: 817661ms, elapsed time since send: 817661ms, throttle time: 0ms, request timeout: 30000ms)
2026-08-29T17:56:52.602+05:30  INFO 34200 --- [bmp-payment-service] [container-0-C-1] o.a.kafka.clients.FetchSessionHandler    : [Consumer clientId=consumer-anonymous.f27927d3-4c74-446c-9c94-2f1117fc50d2-2, groupId=anonymous.f27927d3-4c74-446c-9c94-2f1117fc50d2] Error sending fetch request (sessionId=279572546, epoch=7699) to node 1:

org.apache.kafka.common.errors.DisconnectException: null

2026-08-29T17:56:52.702+05:30  WARN 34200 --- [bmp-payment-service] [nio-8085-exec-8] o.s.b.a.health.HealthEndpointSupport     : Health contributor org.springframework.cloud.stream.binder.kafka.KafkaBinderHealthIndicator (binders/kafka) took 823646ms to respond
2026-08-29T17:56:52.721+05:30  INFO 34200 --- [bmp-payment-service] [94-2f1117fc50d2] o.a.k.c.c.internals.ConsumerCoordinator  : [Consumer clientId=consumer-anonymous.f27927d3-4c74-446c-9c94-2f1117fc50d2-2, groupId=anonymous.f27927d3-4c74-446c-9c94-2f1117fc50d2] Group coordinator localhost:9092 (id: 2147483646 rack: null) is unavailable or invalid due to cause: null. isDisconnected: true. Rediscovery will be attempted.
2026-08-29T17:56:54.464+05:30  INFO 34200 --- [bmp-payment-service] [container-0-C-1] o.a.k.c.c.internals.ConsumerCoordinator  : [Consumer clientId=consumer-anonymous.f27927d3-4c74-446c-9c94-2f1117fc50d2-2, groupId=anonymous.f27927d3-4c74-446c-9c94-2f1117fc50d2] Discovered group coordinator localhost:9092 (id: 2147483646 rack: null)
2026-08-29T17:57:08.874+05:30  WARN 34200 --- [bmp-payment-service] [l-1 housekeeper] com.zaxxer.hikari.pool.HikariPool        : HikariPool-1 - Thread starvation or clock leap detected (housekeeper delta=14m4s401ms534µs).
2026-08-29T17:57:30.787+05:30  INFO 34200 --- [bmp-payment-service] [pool-2-thread-1] org.apache.kafka.clients.NetworkClient   : [Consumer clientId=consumer-anonymous.f27927d3-4c74-446c-9c94-2f1117fc50d2-3, groupId=anonymous.f27927d3-4c74-446c-9c94-2f1117fc50d2] Node 2147483646 disconnected.
2026-08-29T17:57:30.791+05:30  INFO 34200 --- [bmp-payment-service] [pool-2-thread-1] o.a.k.c.c.internals.ConsumerCoordinator  : [Consumer clientId=consumer-anonymous.f27927d3-4c74-446c-9c94-2f1117fc50d2-3, groupId=anonymous.f27927d3-4c74-446c-9c94-2f1117fc50d2] Group coordinator localhost:9092 (id: 2147483646 rack: null) is unavailable or invalid due to cause: coordinator unavailable. isDisconnected: true. Rediscovery will be attempted.
2026-08-29T17:57:30.792+05:30  INFO 34200 --- [bmp-payment-service] [pool-2-thread-1] o.a.k.c.c.internals.ConsumerCoordinator  : [Consumer clientId=consumer-anonymous.f27927d3-4c74-446c-9c94-2f1117fc50d2-3, groupId=anonymous.f27927d3-4c74-446c-9c94-2f1117fc50d2] Discovered group coordinator localhost:9092 (id: 2147483646 rack: null)
2026-08-29T17:57:30.792+05:30  INFO 34200 --- [bmp-payment-service] [pool-2-thread-1] o.a.k.c.c.internals.ConsumerCoordinator  : [Consumer clientId=consumer-anonymous.f27927d3-4c74-446c-9c94-2f1117fc50d2-3, groupId=anonymous.f27927d3-4c74-446c-9c94-2f1117fc50d2] Group coordinator localhost:9092 (id: 2147483646 rack: null) is unavailable or invalid due to cause: coordinator unavailable. isDisconnected: false. Rediscovery will be attempted.
2026-08-29T17:57:30.792+05:30  INFO 34200 --- [bmp-payment-service] [pool-2-thread-1] o.a.k.c.c.internals.ConsumerCoordinator  : [Consumer clientId=consumer-anonymous.f27927d3-4c74-446c-9c94-2f1117fc50d2-3, groupId=anonymous.f27927d3-4c74-446c-9c94-2f1117fc50d2] Requesting disconnect from last known coordinator localhost:9092 (id: 2147483646 rack: null)
2026-08-29T17:57:30.896+05:30  INFO 34200 --- [bmp-payment-service] [pool-2-thread-1] o.a.k.c.c.internals.ConsumerCoordinator  : [Consumer clientId=consumer-anonymous.f27927d3-4c74-446c-9c94-2f1117fc50d2-3, groupId=anonymous.f27927d3-4c74-446c-9c94-2f1117fc50d2] Discovered group coordinator localhost:9092 (id: 2147483646 rack: null)
2026-08-29T18:00:06.704+05:30  WARN 34200 --- [bmp-payment-service] [l-1 housekeeper] com.zaxxer.hikari.pool.HikariPool        : HikariPool-1 - Thread starvation or clock leap detected (housekeeper delta=59s314ms140µs).
2026-08-29T18:00:06.782+05:30  INFO 34200 --- [bmp-payment-service] [container-0-C-1] org.apache.kafka.clients.NetworkClient   : [Consumer clientId=consumer-anonymous.f27927d3-4c74-446c-9c94-2f1117fc50d2-2, groupId=anonymous.f27927d3-4c74-446c-9c94-2f1117fc50d2] Disconnecting from node 1 due to request timeout.
2026-08-29T18:00:06.782+05:30  INFO 34200 --- [bmp-payment-service] [container-0-C-1] org.apache.kafka.clients.NetworkClient   : [Consumer clientId=consumer-anonymous.f27927d3-4c74-446c-9c94-2f1117fc50d2-2, groupId=anonymous.f27927d3-4c74-446c-9c94-2f1117fc50d2] Cancelled in-flight FETCH request with correlation id 48852 due to node 1 being disconnected (elapsed time since creation: 39655ms, elapsed time since send: 39655ms, throttle time: 0ms, request timeout: 30000ms)
2026-08-29T18:00:06.782+05:30  INFO 34200 --- [bmp-payment-service] [container-0-C-1] org.apache.kafka.clients.NetworkClient   : [Consumer clientId=consumer-anonymous.f27927d3-4c74-446c-9c94-2f1117fc50d2-2, groupId=anonymous.f27927d3-4c74-446c-9c94-2f1117fc50d2] Disconnecting from node 2147483646 due to request timeout.
2026-08-29T18:00:06.782+05:30  INFO 34200 --- [bmp-payment-service] [container-0-C-1] org.apache.kafka.clients.NetworkClient   : [Consumer clientId=consumer-anonymous.f27927d3-4c74-446c-9c94-2f1117fc50d2-2, groupId=anonymous.f27927d3-4c74-446c-9c94-2f1117fc50d2] Cancelled in-flight HEARTBEAT request with correlation id 48853 due to node 2147483646 being disconnected (elapsed time since creation: 38854ms, elapsed time since send: 38854ms, throttle time: 0ms, request timeout: 30000ms)
2026-08-29T18:00:06.783+05:30  INFO 34200 --- [bmp-payment-service] [container-0-C-1] org.apache.kafka.clients.NetworkClient   : [Consumer clientId=consumer-anonymous.f27927d3-4c74-446c-9c94-2f1117fc50d2-2, groupId=anonymous.f27927d3-4c74-446c-9c94-2f1117fc50d2] Cancelled in-flight HEARTBEAT request with correlation id 48854 due to node 2147483646 being disconnected (elapsed time since creation: 35853ms, elapsed time since send: 35853ms, throttle time: 0ms, request timeout: 30000ms)
2026-08-29T18:00:06.783+05:30  INFO 34200 --- [bmp-payment-service] [container-0-C-1] org.apache.kafka.clients.NetworkClient   : [Consumer clientId=consumer-anonymous.f27927d3-4c74-446c-9c94-2f1117fc50d2-2, groupId=anonymous.f27927d3-4c74-446c-9c94-2f1117fc50d2] Cancelled in-flight HEARTBEAT request with correlation id 48855 due to node 2147483646 being disconnected (elapsed time since creation: 32838ms, elapsed time since send: 32838ms, throttle time: 0ms, request timeout: 30000ms)
2026-08-29T18:00:06.783+05:30  INFO 34200 --- [bmp-payment-service] [container-0-C-1] org.apache.kafka.clients.NetworkClient   : [Consumer clientId=consumer-anonymous.f27927d3-4c74-446c-9c94-2f1117fc50d2-2, groupId=anonymous.f27927d3-4c74-446c-9c94-2f1117fc50d2] Cancelled in-flight HEARTBEAT request with correlation id 48856 due to node 2147483646 being disconnected (elapsed time since creation: 29830ms, elapsed time since send: 29830ms, throttle time: 0ms, request timeout: 30000ms)
2026-08-29T18:00:06.783+05:30  INFO 34200 --- [bmp-payment-service] [container-0-C-1] o.a.kafka.clients.FetchSessionHandler    : [Consumer clientId=consumer-anonymous.f27927d3-4c74-446c-9c94-2f1117fc50d2-2, groupId=anonymous.f27927d3-4c74-446c-9c94-2f1117fc50d2] Error sending fetch request (sessionId=790097339, epoch=300) to node 1:

org.apache.kafka.common.errors.DisconnectException: null

2026-08-29T18:00:06.793+05:30  INFO 34200 --- [bmp-payment-service] [94-2f1117fc50d2] o.a.k.c.c.internals.ConsumerCoordinator  : [Consumer clientId=consumer-anonymous.f27927d3-4c74-446c-9c94-2f1117fc50d2-2, groupId=anonymous.f27927d3-4c74-446c-9c94-2f1117fc50d2] Group coordinator localhost:9092 (id: 2147483646 rack: null) is unavailable or invalid due to cause: null. isDisconnected: true. Rediscovery will be attempted.
2026-08-29T18:00:06.814+05:30  INFO 34200 --- [bmp-payment-service] [pool-2-thread-1] org.apache.kafka.clients.NetworkClient   : [Consumer clientId=consumer-anonymous.f27927d3-4c74-446c-9c94-2f1117fc50d2-3, groupId=anonymous.f27927d3-4c74-446c-9c94-2f1117fc50d2] Disconnecting from node 1 due to request timeout.
2026-08-29T18:00:06.814+05:30  INFO 34200 --- [bmp-payment-service] [pool-2-thread-1] org.apache.kafka.clients.NetworkClient   : [Consumer clientId=consumer-anonymous.f27927d3-4c74-446c-9c94-2f1117fc50d2-3, groupId=anonymous.f27927d3-4c74-446c-9c94-2f1117fc50d2] Cancelled in-flight LIST_OFFSETS request with correlation id 1227 due to node 1 being disconnected (elapsed time since creation: 35853ms, elapsed time since send: 35853ms, throttle time: 0ms, request timeout: 30000ms)
2026-08-29T18:00:08.671+05:30  WARN 34200 --- [bmp-payment-service] [nio-8085-exec-8] o.s.b.a.health.HealthEndpointSupport     : Health contributor org.springframework.cloud.stream.binder.kafka.KafkaBinderHealthIndicator (binders/kafka) took 31099ms to respond
2026-08-29T18:00:08.775+05:30  INFO 34200 --- [bmp-payment-service] [container-0-C-1] o.a.k.c.c.internals.ConsumerCoordinator  : [Consumer clientId=consumer-anonymous.f27927d3-4c74-446c-9c94-2f1117fc50d2-2, groupId=anonymous.f27927d3-4c74-446c-9c94-2f1117fc50d2] Discovered group coordinator localhost:9092 (id: 2147483646 rack: null)
2026-08-29T18:00:39.081+05:30  INFO 34200 --- [bmp-payment-service] [rap-executor-%d] c.n.d.s.r.aws.ConfigClusterResolver      : Resolving eureka endpoints via configuration
2026-08-29T18:05:39.087+05:30  INFO 34200 --- [bmp-payment-service] [rap-executor-%d] c.n.d.s.r.aws.ConfigClusterResolver      : Resolving eureka endpoints via configuration
2026-08-29T18:10:39.096+05:30  INFO 34200 --- [bmp-payment-service] [rap-executor-%d] c.n.d.s.r.aws.ConfigClusterResolver      : Resolving eureka endpoints via configuration
2026-08-29T18:15:39.112+05:30  INFO 34200 --- [bmp-payment-service] [rap-executor-%d] c.n.d.s.r.aws.ConfigClusterResolver      : Resolving eureka endpoints via configuration
2026-08-29T19:23:52.831+05:30  INFO 34200 --- [bmp-payment-service] [94-2f1117fc50d2] org.apache.kafka.clients.NetworkClient   : [Consumer clientId=consumer-anonymous.f27927d3-4c74-446c-9c94-2f1117fc50d2-2, groupId=anonymous.f27927d3-4c74-446c-9c94-2f1117fc50d2] Node 1 disconnected.
2026-08-29T19:23:52.860+05:30  INFO 34200 --- [bmp-payment-service] [94-2f1117fc50d2] org.apache.kafka.clients.NetworkClient   : [Consumer clientId=consumer-anonymous.f27927d3-4c74-446c-9c94-2f1117fc50d2-2, groupId=anonymous.f27927d3-4c74-446c-9c94-2f1117fc50d2] Cancelled in-flight FETCH request with correlation id 51178 due to node 1 being disconnected (elapsed time since creation: 4023855ms, elapsed time since send: 4023855ms, throttle time: 0ms, request timeout: 30000ms)
2026-08-29T19:23:52.860+05:30  INFO 34200 --- [bmp-payment-service] [94-2f1117fc50d2] org.apache.kafka.clients.NetworkClient   : [Consumer clientId=consumer-anonymous.f27927d3-4c74-446c-9c94-2f1117fc50d2-2, groupId=anonymous.f27927d3-4c74-446c-9c94-2f1117fc50d2] Cancelled in-flight METADATA request with correlation id 51180 due to node 1 being disconnected (elapsed time since creation: 1216ms, elapsed time since send: 1216ms, throttle time: 0ms, request timeout: 30000ms)
2026-08-29T19:23:52.913+05:30  INFO 34200 --- [bmp-payment-service] [94-2f1117fc50d2] org.apache.kafka.clients.NetworkClient   : [Consumer clientId=consumer-anonymous.f27927d3-4c74-446c-9c94-2f1117fc50d2-2, groupId=anonymous.f27927d3-4c74-446c-9c94-2f1117fc50d2] Disconnecting from node 2147483646 due to request timeout.
2026-08-29T19:23:52.914+05:30  INFO 34200 --- [bmp-payment-service] [94-2f1117fc50d2] org.apache.kafka.clients.NetworkClient   : [Consumer clientId=consumer-anonymous.f27927d3-4c74-446c-9c94-2f1117fc50d2-2, groupId=anonymous.f27927d3-4c74-446c-9c94-2f1117fc50d2] Cancelled in-flight HEARTBEAT request with correlation id 51179 due to node 2147483646 being disconnected (elapsed time since creation: 4022006ms, elapsed time since send: 4022006ms, throttle time: 0ms, request timeout: 30000ms)
2026-08-29T19:23:52.914+05:30  INFO 34200 --- [bmp-payment-service] [94-2f1117fc50d2] o.a.kafka.clients.FetchSessionHandler    : [Consumer clientId=consumer-anonymous.f27927d3-4c74-446c-9c94-2f1117fc50d2-2, groupId=anonymous.f27927d3-4c74-446c-9c94-2f1117fc50d2] Error sending fetch request (sessionId=970624665, epoch=1978) to node 1:

org.apache.kafka.common.errors.DisconnectException: null

2026-08-29T19:23:53.091+05:30  INFO 34200 --- [bmp-payment-service] [94-2f1117fc50d2] o.a.k.c.c.internals.ConsumerCoordinator  : [Consumer clientId=consumer-anonymous.f27927d3-4c74-446c-9c94-2f1117fc50d2-2, groupId=anonymous.f27927d3-4c74-446c-9c94-2f1117fc50d2] Group coordinator localhost:9092 (id: 2147483646 rack: null) is unavailable or invalid due to cause: null. isDisconnected: true. Rediscovery will be attempted.
2026-08-29T19:23:55.853+05:30  INFO 34200 --- [bmp-payment-service] [container-0-C-1] o.a.k.c.c.internals.ConsumerCoordinator  : [Consumer clientId=consumer-anonymous.f27927d3-4c74-446c-9c94-2f1117fc50d2-2, groupId=anonymous.f27927d3-4c74-446c-9c94-2f1117fc50d2] Discovered group coordinator localhost:9092 (id: 2147483646 rack: null)
2026-08-29T19:24:07.482+05:30  WARN 34200 --- [bmp-payment-service] [l-1 housekeeper] com.zaxxer.hikari.pool.HikariPool        : HikariPool-1 - Thread starvation or clock leap detected (housekeeper delta=1h7m30s600ms94µs500ns).
2026-08-29T19:24:09.586+05:30  INFO 34200 --- [bmp-payment-service] [pool-2-thread-1] org.apache.kafka.clients.NetworkClient   : [Consumer clientId=consumer-anonymous.f27927d3-4c74-446c-9c94-2f1117fc50d2-3, groupId=anonymous.f27927d3-4c74-446c-9c94-2f1117fc50d2] Node 2147483646 disconnected.
2026-08-29T19:24:09.589+05:30  INFO 34200 --- [bmp-payment-service] [pool-2-thread-1] o.a.k.c.c.internals.ConsumerCoordinator  : [Consumer clientId=consumer-anonymous.f27927d3-4c74-446c-9c94-2f1117fc50d2-3, groupId=anonymous.f27927d3-4c74-446c-9c94-2f1117fc50d2] Group coordinator localhost:9092 (id: 2147483646 rack: null) is unavailable or invalid due to cause: coordinator unavailable. isDisconnected: true. Rediscovery will be attempted.
2026-08-29T19:24:09.591+05:30  INFO 34200 --- [bmp-payment-service] [pool-2-thread-1] o.a.k.c.c.internals.ConsumerCoordinator  : [Consumer clientId=consumer-anonymous.f27927d3-4c74-446c-9c94-2f1117fc50d2-3, groupId=anonymous.f27927d3-4c74-446c-9c94-2f1117fc50d2] Discovered group coordinator localhost:9092 (id: 2147483646 rack: null)
2026-08-29T19:24:09.591+05:30  INFO 34200 --- [bmp-payment-service] [pool-2-thread-1] o.a.k.c.c.internals.ConsumerCoordinator  : [Consumer clientId=consumer-anonymous.f27927d3-4c74-446c-9c94-2f1117fc50d2-3, groupId=anonymous.f27927d3-4c74-446c-9c94-2f1117fc50d2] Group coordinator localhost:9092 (id: 2147483646 rack: null) is unavailable or invalid due to cause: coordinator unavailable. isDisconnected: false. Rediscovery will be attempted.
2026-08-29T19:24:09.591+05:30  INFO 34200 --- [bmp-payment-service] [pool-2-thread-1] o.a.k.c.c.internals.ConsumerCoordinator  : [Consumer clientId=consumer-anonymous.f27927d3-4c74-446c-9c94-2f1117fc50d2-3, groupId=anonymous.f27927d3-4c74-446c-9c94-2f1117fc50d2] Requesting disconnect from last known coordinator localhost:9092 (id: 2147483646 rack: null)
2026-08-29T19:24:09.711+05:30  INFO 34200 --- [bmp-payment-service] [pool-2-thread-1] o.a.k.c.c.internals.ConsumerCoordinator  : [Consumer clientId=consumer-anonymous.f27927d3-4c74-446c-9c94-2f1117fc50d2-3, groupId=anonymous.f27927d3-4c74-446c-9c94-2f1117fc50d2] Discovered group coordinator localhost:9092 (id: 2147483646 rack: null)
2026-08-29T19:27:39.585+05:30  INFO 34200 --- [bmp-payment-service] [rap-executor-%d] c.n.d.s.r.aws.ConfigClusterResolver      : Resolving eureka endpoints via configuration
2026-08-29T19:32:39.600+05:30  INFO 34200 --- [bmp-payment-service] [rap-executor-%d] c.n.d.s.r.aws.ConfigClusterResolver      : Resolving eureka endpoints via configuration
2026-08-29T19:37:39.612+05:30  INFO 34200 --- [bmp-payment-service] [rap-executor-%d] c.n.d.s.r.aws.ConfigClusterResolver      : Resolving eureka endpoints via configuration
2026-08-29T19:42:39.627+05:30  INFO 34200 --- [bmp-payment-service] [rap-executor-%d] c.n.d.s.r.aws.ConfigClusterResolver      : Resolving eureka endpoints via configuration
2026-08-29T19:47:39.635+05:30  INFO 34200 --- [bmp-payment-service] [rap-executor-%d] c.n.d.s.r.aws.ConfigClusterResolver      : Resolving eureka endpoints via configuration
2026-08-29T19:52:39.637+05:30  INFO 34200 --- [bmp-payment-service] [rap-executor-%d] c.n.d.s.r.aws.ConfigClusterResolver      : Resolving eureka endpoints via configuration
2026-08-29T19:57:39.655+05:30  INFO 34200 --- [bmp-payment-service] [rap-executor-%d] c.n.d.s.r.aws.ConfigClusterResolver      : Resolving eureka endpoints via configuration
2026-08-29T20:03:00.611+05:30  INFO 34200 --- [bmp-payment-service] [94-2f1117fc50d2] org.apache.kafka.clients.NetworkClient   : [Consumer clientId=consumer-anonymous.f27927d3-4c74-446c-9c94-2f1117fc50d2-2, groupId=anonymous.f27927d3-4c74-446c-9c94-2f1117fc50d2] Disconnecting from node 1 due to request timeout.
2026-08-29T20:03:00.627+05:30  INFO 34200 --- [bmp-payment-service] [94-2f1117fc50d2] org.apache.kafka.clients.NetworkClient   : [Consumer clientId=consumer-anonymous.f27927d3-4c74-446c-9c94-2f1117fc50d2-2, groupId=anonymous.f27927d3-4c74-446c-9c94-2f1117fc50d2] Cancelled in-flight FETCH request with correlation id 55975 due to node 1 being disconnected (elapsed time since creation: 277096ms, elapsed time since send: 277096ms, throttle time: 0ms, request timeout: 30000ms)
2026-08-29T20:03:00.628+05:30  INFO 34200 --- [bmp-payment-service] [94-2f1117fc50d2] org.apache.kafka.clients.NetworkClient   : [Consumer clientId=consumer-anonymous.f27927d3-4c74-446c-9c94-2f1117fc50d2-2, groupId=anonymous.f27927d3-4c74-446c-9c94-2f1117fc50d2] Cancelled in-flight METADATA request with correlation id 55981 due to node 1 being disconnected (elapsed time since creation: 0ms, elapsed time since send: 0ms, throttle time: 0ms, request timeout: 30000ms)
2026-08-29T20:03:00.694+05:30  INFO 34200 --- [bmp-payment-service] [94-2f1117fc50d2] org.apache.kafka.clients.NetworkClient   : [Consumer clientId=consumer-anonymous.f27927d3-4c74-446c-9c94-2f1117fc50d2-2, groupId=anonymous.f27927d3-4c74-446c-9c94-2f1117fc50d2] Disconnecting from node 2147483646 due to request timeout.
2026-08-29T20:03:00.694+05:30  INFO 34200 --- [bmp-payment-service] [94-2f1117fc50d2] org.apache.kafka.clients.NetworkClient   : [Consumer clientId=consumer-anonymous.f27927d3-4c74-446c-9c94-2f1117fc50d2-2, groupId=anonymous.f27927d3-4c74-446c-9c94-2f1117fc50d2] Cancelled in-flight HEARTBEAT request with correlation id 55977 due to node 2147483646 being disconnected (elapsed time since creation: 274024ms, elapsed time since send: 274024ms, throttle time: 0ms, request timeout: 30000ms)
2026-08-29T20:03:00.694+05:30  INFO 34200 --- [bmp-payment-service] [94-2f1117fc50d2] org.apache.kafka.clients.NetworkClient   : [Consumer clientId=consumer-anonymous.f27927d3-4c74-446c-9c94-2f1117fc50d2-2, groupId=anonymous.f27927d3-4c74-446c-9c94-2f1117fc50d2] Cancelled in-flight HEARTBEAT request with correlation id 55978 due to node 2147483646 being disconnected (elapsed time since creation: 271010ms, elapsed time since send: 271010ms, throttle time: 0ms, request timeout: 30000ms)
2026-08-29T20:03:00.694+05:30  INFO 34200 --- [bmp-payment-service] [94-2f1117fc50d2] org.apache.kafka.clients.NetworkClient   : [Consumer clientId=consumer-anonymous.f27927d3-4c74-446c-9c94-2f1117fc50d2-2, groupId=anonymous.f27927d3-4c74-446c-9c94-2f1117fc50d2] Cancelled in-flight HEARTBEAT request with correlation id 55979 due to node 2147483646 being disconnected (elapsed time since creation: 267998ms, elapsed time since send: 267998ms, throttle time: 0ms, request timeout: 30000ms)
2026-08-29T20:03:00.694+05:30  INFO 34200 --- [bmp-payment-service] [94-2f1117fc50d2] org.apache.kafka.clients.NetworkClient   : [Consumer clientId=consumer-anonymous.f27927d3-4c74-446c-9c94-2f1117fc50d2-2, groupId=anonymous.f27927d3-4c74-446c-9c94-2f1117fc50d2] Cancelled in-flight HEARTBEAT request with correlation id 55980 due to node 2147483646 being disconnected (elapsed time since creation: 264987ms, elapsed time since send: 264987ms, throttle time: 0ms, request timeout: 30000ms)
2026-08-29T20:03:00.695+05:30  INFO 34200 --- [bmp-payment-service] [94-2f1117fc50d2] o.a.kafka.clients.FetchSessionHandler    : [Consumer clientId=consumer-anonymous.f27927d3-4c74-446c-9c94-2f1117fc50d2-2, groupId=anonymous.f27927d3-4c74-446c-9c94-2f1117fc50d2] Error sending fetch request (sessionId=1749839174, epoch=4089) to node 1:

org.apache.kafka.common.errors.DisconnectException: null

2026-08-29T20:03:00.737+05:30  INFO 34200 --- [bmp-payment-service] [94-2f1117fc50d2] o.a.k.c.c.internals.ConsumerCoordinator  : [Consumer clientId=consumer-anonymous.f27927d3-4c74-446c-9c94-2f1117fc50d2-2, groupId=anonymous.f27927d3-4c74-446c-9c94-2f1117fc50d2] Group coordinator localhost:9092 (id: 2147483646 rack: null) is unavailable or invalid due to cause: null. isDisconnected: true. Rediscovery will be attempted.
2026-08-29T20:03:01.624+05:30  WARN 34200 --- [bmp-payment-service] [nio-8085-exec-5] o.s.b.a.health.HealthEndpointSupport     : Health contributor org.springframework.cloud.stream.binder.kafka.KafkaBinderHealthIndicator (binders/kafka) took 273328ms to respond
2026-08-29T20:03:02.236+05:30  INFO 34200 --- [bmp-payment-service] [container-0-C-1] o.a.k.c.c.internals.ConsumerCoordinator  : [Consumer clientId=consumer-anonymous.f27927d3-4c74-446c-9c94-2f1117fc50d2-2, groupId=anonymous.f27927d3-4c74-446c-9c94-2f1117fc50d2] Discovered group coordinator localhost:9092 (id: 2147483646 rack: null)
2026-08-29T20:03:02.565+05:30  WARN 34200 --- [bmp-payment-service] [l-1 housekeeper] com.zaxxer.hikari.pool.HikariPool        : HikariPool-1 - Thread starvation or clock leap detected (housekeeper delta=4m54s595ms375µs).
2026-08-29T20:07:04.112+05:30  INFO 34200 --- [bmp-payment-service] [rap-executor-%d] c.n.d.s.r.aws.ConfigClusterResolver      : Resolving eureka endpoints via configuration
2026-08-29T20:12:04.142+05:30  INFO 34200 --- [bmp-payment-service] [rap-executor-%d] c.n.d.s.r.aws.ConfigClusterResolver      : Resolving eureka endpoints via configuration
2026-08-29T20:17:04.150+05:30  INFO 34200 --- [bmp-payment-service] [rap-executor-%d] c.n.d.s.r.aws.ConfigClusterResolver      : Resolving eureka endpoints via configuration
2026-08-29T20:22:04.155+05:30  INFO 34200 --- [bmp-payment-service] [rap-executor-%d] c.n.d.s.r.aws.ConfigClusterResolver      : Resolving eureka endpoints via configuration
2026-08-29T20:27:04.177+05:30  INFO 34200 --- [bmp-payment-service] [rap-executor-%d] c.n.d.s.r.aws.ConfigClusterResolver      : Resolving eureka endpoints via configuration
2026-08-29T20:32:04.185+05:30  INFO 34200 --- [bmp-payment-service] [rap-executor-%d] c.n.d.s.r.aws.ConfigClusterResolver      : Resolving eureka endpoints via configuration
2026-08-29T20:37:04.201+05:30  INFO 34200 --- [bmp-payment-service] [rap-executor-%d] c.n.d.s.r.aws.ConfigClusterResolver      : Resolving eureka endpoints via configuration
2026-08-29T20:49:18.717+05:30  INFO 34200 --- [bmp-payment-service] [94-2f1117fc50d2] org.apache.kafka.clients.NetworkClient   : [Consumer clientId=consumer-anonymous.f27927d3-4c74-446c-9c94-2f1117fc50d2-2, groupId=anonymous.f27927d3-4c74-446c-9c94-2f1117fc50d2] Node 1 disconnected.
2026-08-29T20:49:18.843+05:30  INFO 34200 --- [bmp-payment-service] [94-2f1117fc50d2] org.apache.kafka.clients.NetworkClient   : [Consumer clientId=consumer-anonymous.f27927d3-4c74-446c-9c94-2f1117fc50d2-2, groupId=anonymous.f27927d3-4c74-446c-9c94-2f1117fc50d2] Cancelled in-flight FETCH request with correlation id 61144 due to node 1 being disconnected (elapsed time since creation: 551187ms, elapsed time since send: 551187ms, throttle time: 0ms, request timeout: 30000ms)
2026-08-29T20:49:18.844+05:30  INFO 34200 --- [bmp-payment-service] [94-2f1117fc50d2] org.apache.kafka.clients.NetworkClient   : [Consumer clientId=consumer-anonymous.f27927d3-4c74-446c-9c94-2f1117fc50d2-2, groupId=anonymous.f27927d3-4c74-446c-9c94-2f1117fc50d2] Cancelled in-flight METADATA request with correlation id 61149 due to node 1 being disconnected (elapsed time since creation: 1119ms, elapsed time since send: 1119ms, throttle time: 0ms, request timeout: 30000ms)
2026-08-29T20:49:18.911+05:30  INFO 34200 --- [bmp-payment-service] [94-2f1117fc50d2] org.apache.kafka.clients.NetworkClient   : [Consumer clientId=consumer-anonymous.f27927d3-4c74-446c-9c94-2f1117fc50d2-2, groupId=anonymous.f27927d3-4c74-446c-9c94-2f1117fc50d2] Disconnecting from node 2147483646 due to request timeout.
2026-08-29T20:49:18.911+05:30  INFO 34200 --- [bmp-payment-service] [94-2f1117fc50d2] org.apache.kafka.clients.NetworkClient   : [Consumer clientId=consumer-anonymous.f27927d3-4c74-446c-9c94-2f1117fc50d2-2, groupId=anonymous.f27927d3-4c74-446c-9c94-2f1117fc50d2] Cancelled in-flight HEARTBEAT request with correlation id 61145 due to node 2147483646 being disconnected (elapsed time since creation: 550106ms, elapsed time since send: 550106ms, throttle time: 0ms, request timeout: 30000ms)
2026-08-29T20:49:18.911+05:30  INFO 34200 --- [bmp-payment-service] [94-2f1117fc50d2] org.apache.kafka.clients.NetworkClient   : [Consumer clientId=consumer-anonymous.f27927d3-4c74-446c-9c94-2f1117fc50d2-2, groupId=anonymous.f27927d3-4c74-446c-9c94-2f1117fc50d2] Cancelled in-flight HEARTBEAT request with correlation id 61146 due to node 2147483646 being disconnected (elapsed time since creation: 547103ms, elapsed time since send: 547103ms, throttle time: 0ms, request timeout: 30000ms)
2026-08-29T20:49:18.911+05:30  INFO 34200 --- [bmp-payment-service] [94-2f1117fc50d2] org.apache.kafka.clients.NetworkClient   : [Consumer clientId=consumer-anonymous.f27927d3-4c74-446c-9c94-2f1117fc50d2-2, groupId=anonymous.f27927d3-4c74-446c-9c94-2f1117fc50d2] Cancelled in-flight HEARTBEAT request with correlation id 61147 due to node 2147483646 being disconnected (elapsed time since creation: 544102ms, elapsed time since send: 544102ms, throttle time: 0ms, request timeout: 30000ms)
2026-08-29T20:49:18.912+05:30  INFO 34200 --- [bmp-payment-service] [94-2f1117fc50d2] org.apache.kafka.clients.NetworkClient   : [Consumer clientId=consumer-anonymous.f27927d3-4c74-446c-9c94-2f1117fc50d2-2, groupId=anonymous.f27927d3-4c74-446c-9c94-2f1117fc50d2] Cancelled in-flight HEARTBEAT request with correlation id 61148 due to node 2147483646 being disconnected (elapsed time since creation: 541087ms, elapsed time since send: 541087ms, throttle time: 0ms, request timeout: 30000ms)
2026-08-29T20:49:18.913+05:30  INFO 34200 --- [bmp-payment-service] [94-2f1117fc50d2] o.a.kafka.clients.FetchSessionHandler    : [Consumer clientId=consumer-anonymous.f27927d3-4c74-446c-9c94-2f1117fc50d2-2, groupId=anonymous.f27927d3-4c74-446c-9c94-2f1117fc50d2] Error sending fetch request (sessionId=967529752, epoch=4402) to node 1:

org.apache.kafka.common.errors.DisconnectException: null

2026-08-29T20:49:19.015+05:30  INFO 34200 --- [bmp-payment-service] [94-2f1117fc50d2] o.a.k.c.c.internals.ConsumerCoordinator  : [Consumer clientId=consumer-anonymous.f27927d3-4c74-446c-9c94-2f1117fc50d2-2, groupId=anonymous.f27927d3-4c74-446c-9c94-2f1117fc50d2] Group coordinator localhost:9092 (id: 2147483646 rack: null) is unavailable or invalid due to cause: null. isDisconnected: true. Rediscovery will be attempted.
2026-08-29T20:49:20.536+05:30  INFO 34200 --- [bmp-payment-service] [container-0-C-1] o.a.k.c.c.internals.ConsumerCoordinator  : [Consumer clientId=consumer-anonymous.f27927d3-4c74-446c-9c94-2f1117fc50d2-2, groupId=anonymous.f27927d3-4c74-446c-9c94-2f1117fc50d2] Discovered group coordinator localhost:9092 (id: 2147483646 rack: null)
2026-08-29T20:49:30.541+05:30  WARN 34200 --- [bmp-payment-service] [l-1 housekeeper] com.zaxxer.hikari.pool.HikariPool        : HikariPool-1 - Thread starvation or clock leap detected (housekeeper delta=9m27s572ms523µs200ns).
2026-08-29T20:49:32.972+05:30  INFO 34200 --- [bmp-payment-service] [pool-2-thread-1] org.apache.kafka.clients.NetworkClient   : [Consumer clientId=consumer-anonymous.f27927d3-4c74-446c-9c94-2f1117fc50d2-3, groupId=anonymous.f27927d3-4c74-446c-9c94-2f1117fc50d2] Node 2147483646 disconnected.
2026-08-29T20:49:32.976+05:30  INFO 34200 --- [bmp-payment-service] [pool-2-thread-1] o.a.k.c.c.internals.ConsumerCoordinator  : [Consumer clientId=consumer-anonymous.f27927d3-4c74-446c-9c94-2f1117fc50d2-3, groupId=anonymous.f27927d3-4c74-446c-9c94-2f1117fc50d2] Group coordinator localhost:9092 (id: 2147483646 rack: null) is unavailable or invalid due to cause: coordinator unavailable. isDisconnected: true. Rediscovery will be attempted.
2026-08-29T20:49:32.979+05:30  INFO 34200 --- [bmp-payment-service] [pool-2-thread-1] o.a.k.c.c.internals.ConsumerCoordinator  : [Consumer clientId=consumer-anonymous.f27927d3-4c74-446c-9c94-2f1117fc50d2-3, groupId=anonymous.f27927d3-4c74-446c-9c94-2f1117fc50d2] Discovered group coordinator localhost:9092 (id: 2147483646 rack: null)
2026-08-29T20:49:32.979+05:30  INFO 34200 --- [bmp-payment-service] [pool-2-thread-1] o.a.k.c.c.internals.ConsumerCoordinator  : [Consumer clientId=consumer-anonymous.f27927d3-4c74-446c-9c94-2f1117fc50d2-3, groupId=anonymous.f27927d3-4c74-446c-9c94-2f1117fc50d2] Group coordinator localhost:9092 (id: 2147483646 rack: null) is unavailable or invalid due to cause: coordinator unavailable. isDisconnected: false. Rediscovery will be attempted.
2026-08-29T20:49:32.979+05:30  INFO 34200 --- [bmp-payment-service] [pool-2-thread-1] o.a.k.c.c.internals.ConsumerCoordinator  : [Consumer clientId=consumer-anonymous.f27927d3-4c74-446c-9c94-2f1117fc50d2-3, groupId=anonymous.f27927d3-4c74-446c-9c94-2f1117fc50d2] Requesting disconnect from last known coordinator localhost:9092 (id: 2147483646 rack: null)
2026-08-29T20:49:33.100+05:30  INFO 34200 --- [bmp-payment-service] [pool-2-thread-1] o.a.k.c.c.internals.ConsumerCoordinator  : [Consumer clientId=consumer-anonymous.f27927d3-4c74-446c-9c94-2f1117fc50d2-3, groupId=anonymous.f27927d3-4c74-446c-9c94-2f1117fc50d2] Discovered group coordinator localhost:9092 (id: 2147483646 rack: null)
2026-08-29T20:51:01.627+05:30  INFO 34200 --- [bmp-payment-service] [rap-executor-%d] c.n.d.s.r.aws.ConfigClusterResolver      : Resolving eureka endpoints via configuration
2026-08-29T20:56:01.639+05:30  INFO 34200 --- [bmp-payment-service] [rap-executor-%d] c.n.d.s.r.aws.ConfigClusterResolver      : Resolving eureka endpoints via configuration
2026-08-29T21:23:27.020+05:30  INFO 34200 --- [bmp-payment-service] [94-2f1117fc50d2] org.apache.kafka.clients.NetworkClient   : [Consumer clientId=consumer-anonymous.f27927d3-4c74-446c-9c94-2f1117fc50d2-2, groupId=anonymous.f27927d3-4c74-446c-9c94-2f1117fc50d2] Node 1 disconnected.
2026-08-29T21:23:27.143+05:30  INFO 34200 --- [bmp-payment-service] [94-2f1117fc50d2] org.apache.kafka.clients.NetworkClient   : [Consumer clientId=consumer-anonymous.f27927d3-4c74-446c-9c94-2f1117fc50d2-2, groupId=anonymous.f27927d3-4c74-446c-9c94-2f1117fc50d2] Cancelled in-flight FETCH request with correlation id 62747 due to node 1 being disconnected (elapsed time since creation: 1359986ms, elapsed time since send: 1359986ms, throttle time: 0ms, request timeout: 30000ms)
2026-08-29T21:23:27.144+05:30  INFO 34200 --- [bmp-payment-service] [94-2f1117fc50d2] org.apache.kafka.clients.NetworkClient   : [Consumer clientId=consumer-anonymous.f27927d3-4c74-446c-9c94-2f1117fc50d2-2, groupId=anonymous.f27927d3-4c74-446c-9c94-2f1117fc50d2] Cancelled in-flight METADATA request with correlation id 62752 due to node 1 being disconnected (elapsed time since creation: 1183ms, elapsed time since send: 1183ms, throttle time: 0ms, request timeout: 30000ms)
2026-08-29T21:23:27.146+05:30  INFO 34200 --- [bmp-payment-service] [94-2f1117fc50d2] org.apache.kafka.clients.NetworkClient   : [Consumer clientId=consumer-anonymous.f27927d3-4c74-446c-9c94-2f1117fc50d2-2, groupId=anonymous.f27927d3-4c74-446c-9c94-2f1117fc50d2] Disconnecting from node 2147483646 due to request timeout.
2026-08-29T21:23:27.146+05:30  INFO 34200 --- [bmp-payment-service] [94-2f1117fc50d2] org.apache.kafka.clients.NetworkClient   : [Consumer clientId=consumer-anonymous.f27927d3-4c74-446c-9c94-2f1117fc50d2-2, groupId=anonymous.f27927d3-4c74-446c-9c94-2f1117fc50d2] Cancelled in-flight HEARTBEAT request with correlation id 62748 due to node 2147483646 being disconnected (elapsed time since creation: 1357286ms, elapsed time since send: 1357286ms, throttle time: 0ms, request timeout: 30000ms)
2026-08-29T21:23:27.146+05:30  INFO 34200 --- [bmp-payment-service] [94-2f1117fc50d2] org.apache.kafka.clients.NetworkClient   : [Consumer clientId=consumer-anonymous.f27927d3-4c74-446c-9c94-2f1117fc50d2-2, groupId=anonymous.f27927d3-4c74-446c-9c94-2f1117fc50d2] Cancelled in-flight HEARTBEAT request with correlation id 62749 due to node 2147483646 being disconnected (elapsed time since creation: 1354271ms, elapsed time since send: 1354271ms, throttle time: 0ms, request timeout: 30000ms)
2026-08-29T21:23:27.146+05:30  INFO 34200 --- [bmp-payment-service] [94-2f1117fc50d2] org.apache.kafka.clients.NetworkClient   : [Consumer clientId=consumer-anonymous.f27927d3-4c74-446c-9c94-2f1117fc50d2-2, groupId=anonymous.f27927d3-4c74-446c-9c94-2f1117fc50d2] Cancelled in-flight HEARTBEAT request with correlation id 62750 due to node 2147483646 being disconnected (elapsed time since creation: 1351269ms, elapsed time since send: 1351269ms, throttle time: 0ms, request timeout: 30000ms)
2026-08-29T21:23:27.146+05:30  INFO 34200 --- [bmp-payment-service] [94-2f1117fc50d2] org.apache.kafka.clients.NetworkClient   : [Consumer clientId=consumer-anonymous.f27927d3-4c74-446c-9c94-2f1117fc50d2-2, groupId=anonymous.f27927d3-4c74-446c-9c94-2f1117fc50d2] Cancelled in-flight HEARTBEAT request with correlation id 62751 due to node 2147483646 being disconnected (elapsed time since creation: 1348264ms, elapsed time since send: 1348264ms, throttle time: 0ms, request timeout: 30000ms)
2026-08-29T21:23:27.147+05:30  INFO 34200 --- [bmp-payment-service] [94-2f1117fc50d2] o.a.kafka.clients.FetchSessionHandler    : [Consumer clientId=consumer-anonymous.f27927d3-4c74-446c-9c94-2f1117fc50d2-2, groupId=anonymous.f27927d3-4c74-446c-9c94-2f1117fc50d2] Error sending fetch request (sessionId=695398794, epoch=1358) to node 1:

org.apache.kafka.common.errors.DisconnectException: null

2026-08-29T21:23:27.243+05:30  INFO 34200 --- [bmp-payment-service] [94-2f1117fc50d2] o.a.k.c.c.internals.ConsumerCoordinator  : [Consumer clientId=consumer-anonymous.f27927d3-4c74-446c-9c94-2f1117fc50d2-2, groupId=anonymous.f27927d3-4c74-446c-9c94-2f1117fc50d2] Group coordinator localhost:9092 (id: 2147483646 rack: null) is unavailable or invalid due to cause: null. isDisconnected: true. Rediscovery will be attempted.
2026-08-29T21:23:27.723+05:30  WARN 34200 --- [bmp-payment-service] [l-1 housekeeper] com.zaxxer.hikari.pool.HikariPool        : HikariPool-1 - Thread starvation or clock leap detected (housekeeper delta=22m57s120ms858µs300ns).
2026-08-29T21:23:28.657+05:30  INFO 34200 --- [bmp-payment-service] [rap-executor-%d] c.n.d.s.r.aws.ConfigClusterResolver      : Resolving eureka endpoints via configuration
2026-08-29T21:23:28.678+05:30  INFO 34200 --- [bmp-payment-service] [container-0-C-1] o.a.k.c.c.internals.ConsumerCoordinator  : [Consumer clientId=consumer-anonymous.f27927d3-4c74-446c-9c94-2f1117fc50d2-2, groupId=anonymous.f27927d3-4c74-446c-9c94-2f1117fc50d2] Discovered group coordinator localhost:9092 (id: 2147483646 rack: null)
2026-08-29T21:24:00.377+05:30  INFO 34200 --- [bmp-payment-service] [pool-2-thread-1] org.apache.kafka.clients.NetworkClient   : [Consumer clientId=consumer-anonymous.f27927d3-4c74-446c-9c94-2f1117fc50d2-3, groupId=anonymous.f27927d3-4c74-446c-9c94-2f1117fc50d2] Node 2147483646 disconnected.
2026-08-29T21:24:00.379+05:30  INFO 34200 --- [bmp-payment-service] [pool-2-thread-1] o.a.k.c.c.internals.ConsumerCoordinator  : [Consumer clientId=consumer-anonymous.f27927d3-4c74-446c-9c94-2f1117fc50d2-3, groupId=anonymous.f27927d3-4c74-446c-9c94-2f1117fc50d2] Group coordinator localhost:9092 (id: 2147483646 rack: null) is unavailable or invalid due to cause: coordinator unavailable. isDisconnected: true. Rediscovery will be attempted.
2026-08-29T21:24:00.381+05:30  INFO 34200 --- [bmp-payment-service] [pool-2-thread-1] o.a.k.c.c.internals.ConsumerCoordinator  : [Consumer clientId=consumer-anonymous.f27927d3-4c74-446c-9c94-2f1117fc50d2-3, groupId=anonymous.f27927d3-4c74-446c-9c94-2f1117fc50d2] Discovered group coordinator localhost:9092 (id: 2147483646 rack: null)
2026-08-29T21:24:00.381+05:30  INFO 34200 --- [bmp-payment-service] [pool-2-thread-1] o.a.k.c.c.internals.ConsumerCoordinator  : [Consumer clientId=consumer-anonymous.f27927d3-4c74-446c-9c94-2f1117fc50d2-3, groupId=anonymous.f27927d3-4c74-446c-9c94-2f1117fc50d2] Group coordinator localhost:9092 (id: 2147483646 rack: null) is unavailable or invalid due to cause: coordinator unavailable. isDisconnected: false. Rediscovery will be attempted.
2026-08-29T21:24:00.381+05:30  INFO 34200 --- [bmp-payment-service] [pool-2-thread-1] o.a.k.c.c.internals.ConsumerCoordinator  : [Consumer clientId=consumer-anonymous.f27927d3-4c74-446c-9c94-2f1117fc50d2-3, groupId=anonymous.f27927d3-4c74-446c-9c94-2f1117fc50d2] Requesting disconnect from last known coordinator localhost:9092 (id: 2147483646 rack: null)
2026-08-29T21:24:00.486+05:30  INFO 34200 --- [bmp-payment-service] [pool-2-thread-1] o.a.k.c.c.internals.ConsumerCoordinator  : [Consumer clientId=consumer-anonymous.f27927d3-4c74-446c-9c94-2f1117fc50d2-3, groupId=anonymous.f27927d3-4c74-446c-9c94-2f1117fc50d2] Discovered group coordinator localhost:9092 (id: 2147483646 rack: null)
2026-08-29T21:28:28.664+05:30  INFO 34200 --- [bmp-payment-service] [rap-executor-%d] c.n.d.s.r.aws.ConfigClusterResolver      : Resolving eureka endpoints via configuration
2026-08-29T21:33:28.669+05:30  INFO 34200 --- [bmp-payment-service] [rap-executor-%d] c.n.d.s.r.aws.ConfigClusterResolver      : Resolving eureka endpoints via configuration
2026-08-29T21:38:28.682+05:30  INFO 34200 --- [bmp-payment-service] [rap-executor-%d] c.n.d.s.r.aws.ConfigClusterResolver      : Resolving eureka endpoints via configuration
2026-08-29T21:43:28.687+05:30  INFO 34200 --- [bmp-payment-service] [rap-executor-%d] c.n.d.s.r.aws.ConfigClusterResolver      : Resolving eureka endpoints via configuration
2026-08-29T21:48:28.705+05:30  INFO 34200 --- [bmp-payment-service] [rap-executor-%d] c.n.d.s.r.aws.ConfigClusterResolver      : Resolving eureka endpoints via configuration
2026-08-29T21:53:28.710+05:30  INFO 34200 --- [bmp-payment-service] [rap-executor-%d] c.n.d.s.r.aws.ConfigClusterResolver      : Resolving eureka endpoints via configuration
2026-08-29T21:58:28.712+05:30  INFO 34200 --- [bmp-payment-service] [rap-executor-%d] c.n.d.s.r.aws.ConfigClusterResolver      : Resolving eureka endpoints via configuration
2026-08-29T22:03:28.719+05:30  INFO 34200 --- [bmp-payment-service] [rap-executor-%d] c.n.d.s.r.aws.ConfigClusterResolver      : Resolving eureka endpoints via configuration
2026-08-29T22:08:28.738+05:30  INFO 34200 --- [bmp-payment-service] [rap-executor-%d] c.n.d.s.r.aws.ConfigClusterResolver      : Resolving eureka endpoints via configuration
2026-08-29T22:13:28.772+05:30  INFO 34200 --- [bmp-payment-service] [rap-executor-%d] c.n.d.s.r.aws.ConfigClusterResolver      : Resolving eureka endpoints via configuration
2026-08-29T22:18:28.785+05:30  INFO 34200 --- [bmp-payment-service] [rap-executor-%d] c.n.d.s.r.aws.ConfigClusterResolver      : Resolving eureka endpoints via configuration
2026-08-29T22:23:28.792+05:30  INFO 34200 --- [bmp-payment-service] [rap-executor-%d] c.n.d.s.r.aws.ConfigClusterResolver      : Resolving eureka endpoints via configuration
2026-08-29T22:28:28.793+05:30  INFO 34200 --- [bmp-payment-service] [rap-executor-%d] c.n.d.s.r.aws.ConfigClusterResolver      : Resolving eureka endpoints via configuration
2026-08-29T22:33:28.808+05:30  INFO 34200 --- [bmp-payment-service] [rap-executor-%d] c.n.d.s.r.aws.ConfigClusterResolver      : Resolving eureka endpoints via configuration
2026-08-29T22:38:28.822+05:30  INFO 34200 --- [bmp-payment-service] [rap-executor-%d] c.n.d.s.r.aws.ConfigClusterResolver      : Resolving eureka endpoints via configuration
2026-08-29T22:43:28.822+05:30  INFO 34200 --- [bmp-payment-service] [rap-executor-%d] c.n.d.s.r.aws.ConfigClusterResolver      : Resolving eureka endpoints via configuration
2026-08-29T22:48:28.832+05:30  INFO 34200 --- [bmp-payment-service] [rap-executor-%d] c.n.d.s.r.aws.ConfigClusterResolver      : Resolving eureka endpoints via configuration
2026-08-29T22:53:28.843+05:30  INFO 34200 --- [bmp-payment-service] [rap-executor-%d] c.n.d.s.r.aws.ConfigClusterResolver      : Resolving eureka endpoints via configuration
2026-08-29T22:58:28.853+05:30  INFO 34200 --- [bmp-payment-service] [rap-executor-%d] c.n.d.s.r.aws.ConfigClusterResolver      : Resolving eureka endpoints via configuration
2026-08-29T23:03:28.868+05:30  INFO 34200 --- [bmp-payment-service] [rap-executor-%d] c.n.d.s.r.aws.ConfigClusterResolver      : Resolving eureka endpoints via configuration
2026-08-29T23:08:28.875+05:30  INFO 34200 --- [bmp-payment-service] [rap-executor-%d] c.n.d.s.r.aws.ConfigClusterResolver      : Resolving eureka endpoints via configuration
2026-08-29T23:13:28.891+05:30  INFO 34200 --- [bmp-payment-service] [rap-executor-%d] c.n.d.s.r.aws.ConfigClusterResolver      : Resolving eureka endpoints via configuration
2026-08-29T23:18:28.896+05:30  INFO 34200 --- [bmp-payment-service] [rap-executor-%d] c.n.d.s.r.aws.ConfigClusterResolver      : Resolving eureka endpoints via configuration
2026-08-29T23:23:28.901+05:30  INFO 34200 --- [bmp-payment-service] [rap-executor-%d] c.n.d.s.r.aws.ConfigClusterResolver      : Resolving eureka endpoints via configuration
2026-08-29T23:28:28.906+05:30  INFO 34200 --- [bmp-payment-service] [rap-executor-%d] c.n.d.s.r.aws.ConfigClusterResolver      : Resolving eureka endpoints via configuration
2026-08-29T23:33:28.939+05:30  INFO 34200 --- [bmp-payment-service] [rap-executor-%d] c.n.d.s.r.aws.ConfigClusterResolver      : Resolving eureka endpoints via configuration
2026-08-29T23:38:28.951+05:30  INFO 34200 --- [bmp-payment-service] [rap-executor-%d] c.n.d.s.r.aws.ConfigClusterResolver      : Resolving eureka endpoints via configuration
2026-08-29T23:43:28.960+05:30  INFO 34200 --- [bmp-payment-service] [rap-executor-%d] c.n.d.s.r.aws.ConfigClusterResolver      : Resolving eureka endpoints via configuration
2026-08-29T23:48:28.964+05:30  INFO 34200 --- [bmp-payment-service] [rap-executor-%d] c.n.d.s.r.aws.ConfigClusterResolver      : Resolving eureka endpoints via configuration
2026-08-30T00:04:37.664+05:30  INFO 34200 --- [bmp-payment-service] [container-0-C-1] org.apache.kafka.clients.NetworkClient   : [Consumer clientId=consumer-anonymous.f27927d3-4c74-446c-9c94-2f1117fc50d2-2, groupId=anonymous.f27927d3-4c74-446c-9c94-2f1117fc50d2] Node 2147483646 disconnected.
2026-08-30T00:04:37.671+05:30  INFO 34200 --- [bmp-payment-service] [container-0-C-1] org.apache.kafka.clients.NetworkClient   : [Consumer clientId=consumer-anonymous.f27927d3-4c74-446c-9c94-2f1117fc50d2-2, groupId=anonymous.f27927d3-4c74-446c-9c94-2f1117fc50d2] Disconnecting from node 1 due to request timeout.
2026-08-30T00:04:37.672+05:30  INFO 34200 --- [bmp-payment-service] [container-0-C-1] org.apache.kafka.clients.NetworkClient   : [Consumer clientId=consumer-anonymous.f27927d3-4c74-446c-9c94-2f1117fc50d2-2, groupId=anonymous.f27927d3-4c74-446c-9c94-2f1117fc50d2] Cancelled in-flight FETCH request with correlation id 83228 due to node 1 being disconnected (elapsed time since creation: 826762ms, elapsed time since send: 826762ms, throttle time: 0ms, request timeout: 30000ms)
2026-08-30T00:04:37.674+05:30  INFO 34200 --- [bmp-payment-service] [container-0-C-1] o.a.kafka.clients.FetchSessionHandler    : [Consumer clientId=consumer-anonymous.f27927d3-4c74-446c-9c94-2f1117fc50d2-2, groupId=anonymous.f27927d3-4c74-446c-9c94-2f1117fc50d2] Error sending fetch request (sessionId=1260420334, epoch=17471) to node 1:

org.apache.kafka.common.errors.DisconnectException: null

2026-08-30T00:04:38.934+05:30  INFO 34200 --- [bmp-payment-service] [94-2f1117fc50d2] o.a.k.c.c.internals.ConsumerCoordinator  : [Consumer clientId=consumer-anonymous.f27927d3-4c74-446c-9c94-2f1117fc50d2-2, groupId=anonymous.f27927d3-4c74-446c-9c94-2f1117fc50d2] Group coordinator localhost:9092 (id: 2147483646 rack: null) is unavailable or invalid due to cause: session timed out without receiving a heartbeat response. isDisconnected: false. Rediscovery will be attempted.
2026-08-30T00:04:38.936+05:30  INFO 34200 --- [bmp-payment-service] [94-2f1117fc50d2] o.a.k.c.c.internals.ConsumerCoordinator  : [Consumer clientId=consumer-anonymous.f27927d3-4c74-446c-9c94-2f1117fc50d2-2, groupId=anonymous.f27927d3-4c74-446c-9c94-2f1117fc50d2] Requesting disconnect from last known coordinator localhost:9092 (id: 2147483646 rack: null)
2026-08-30T00:04:39.904+05:30  INFO 34200 --- [bmp-payment-service] [container-0-C-1] o.a.k.c.c.internals.ConsumerCoordinator  : [Consumer clientId=consumer-anonymous.f27927d3-4c74-446c-9c94-2f1117fc50d2-2, groupId=anonymous.f27927d3-4c74-446c-9c94-2f1117fc50d2] Discovered group coordinator localhost:9092 (id: 2147483646 rack: null)
2026-08-30T00:04:42.911+05:30  WARN 34200 --- [bmp-payment-service] [l-1 housekeeper] com.zaxxer.hikari.pool.HikariPool        : HikariPool-1 - Thread starvation or clock leap detected (housekeeper delta=14m13s709ms422µs).
2026-08-30T00:04:46.108+05:30  INFO 34200 --- [bmp-payment-service] [pool-2-thread-1] org.apache.kafka.clients.NetworkClient   : [Consumer clientId=consumer-anonymous.f27927d3-4c74-446c-9c94-2f1117fc50d2-3, groupId=anonymous.f27927d3-4c74-446c-9c94-2f1117fc50d2] Node 2147483646 disconnected.
2026-08-30T00:07:11.462+05:30  INFO 34200 --- [bmp-payment-service] [rap-executor-%d] c.n.d.s.r.aws.ConfigClusterResolver      : Resolving eureka endpoints via configuration
2026-08-30T00:12:11.473+05:30  INFO 34200 --- [bmp-payment-service] [rap-executor-%d] c.n.d.s.r.aws.ConfigClusterResolver      : Resolving eureka endpoints via configuration
2026-08-30T00:17:11.499+05:30  INFO 34200 --- [bmp-payment-service] [rap-executor-%d] c.n.d.s.r.aws.ConfigClusterResolver      : Resolving eureka endpoints via configuration
2026-08-30T00:22:36.370+05:30  INFO 34200 --- [bmp-payment-service] [rap-executor-%d] c.n.d.s.r.aws.ConfigClusterResolver      : Resolving eureka endpoints via configuration
2026-08-30T00:22:38.033+05:30  WARN 34200 --- [bmp-payment-service] [l-1 housekeeper] com.zaxxer.hikari.pool.HikariPool        : HikariPool-1 - Thread starvation or clock leap detected (housekeeper delta=54s999ms779µs700ns).
2026-08-30T00:27:36.373+05:30  INFO 34200 --- [bmp-payment-service] [rap-executor-%d] c.n.d.s.r.aws.ConfigClusterResolver      : Resolving eureka endpoints via configuration
2026-08-30T00:32:36.381+05:30  INFO 34200 --- [bmp-payment-service] [rap-executor-%d] c.n.d.s.r.aws.ConfigClusterResolver      : Resolving eureka endpoints via configuration
2026-08-30T00:37:36.395+05:30  INFO 34200 --- [bmp-payment-service] [rap-executor-%d] c.n.d.s.r.aws.ConfigClusterResolver      : Resolving eureka endpoints via configuration
2026-08-30T00:40:35.655+05:30  INFO 34200 --- [bmp-payment-service] [container-0-C-1] org.apache.kafka.clients.NetworkClient   : [Consumer clientId=consumer-anonymous.f27927d3-4c74-446c-9c94-2f1117fc50d2-2, groupId=anonymous.f27927d3-4c74-446c-9c94-2f1117fc50d2] Disconnecting from node 1 due to request timeout.
2026-08-30T00:40:35.674+05:30  INFO 34200 --- [bmp-payment-service] [container-0-C-1] org.apache.kafka.clients.NetworkClient   : [Consumer clientId=consumer-anonymous.f27927d3-4c74-446c-9c94-2f1117fc50d2-2, groupId=anonymous.f27927d3-4c74-446c-9c94-2f1117fc50d2] Cancelled in-flight FETCH request with correlation id 87864 due to node 1 being disconnected (elapsed time since creation: 126479ms, elapsed time since send: 126479ms, throttle time: 0ms, request timeout: 30000ms)
2026-08-30T00:40:35.678+05:30  INFO 34200 --- [bmp-payment-service] [container-0-C-1] o.a.kafka.clients.FetchSessionHandler    : [Consumer clientId=consumer-anonymous.f27927d3-4c74-446c-9c94-2f1117fc50d2-2, groupId=anonymous.f27927d3-4c74-446c-9c94-2f1117fc50d2] Error sending fetch request (sessionId=1760091290, epoch=3951) to node 1:

org.apache.kafka.common.errors.DisconnectException: null

2026-08-30T00:40:35.732+05:30  INFO 34200 --- [bmp-payment-service] [94-2f1117fc50d2] o.a.k.c.c.internals.ConsumerCoordinator  : [Consumer clientId=consumer-anonymous.f27927d3-4c74-446c-9c94-2f1117fc50d2-2, groupId=anonymous.f27927d3-4c74-446c-9c94-2f1117fc50d2] Group coordinator localhost:9092 (id: 2147483646 rack: null) is unavailable or invalid due to cause: session timed out without receiving a heartbeat response. isDisconnected: false. Rediscovery will be attempted.
2026-08-30T00:40:35.832+05:30  INFO 34200 --- [bmp-payment-service] [94-2f1117fc50d2] o.a.k.c.c.internals.ConsumerCoordinator  : [Consumer clientId=consumer-anonymous.f27927d3-4c74-446c-9c94-2f1117fc50d2-2, groupId=anonymous.f27927d3-4c74-446c-9c94-2f1117fc50d2] Requesting disconnect from last known coordinator localhost:9092 (id: 2147483646 rack: null)
2026-08-30T00:40:35.834+05:30  INFO 34200 --- [bmp-payment-service] [94-2f1117fc50d2] org.apache.kafka.clients.NetworkClient   : [Consumer clientId=consumer-anonymous.f27927d3-4c74-446c-9c94-2f1117fc50d2-2, groupId=anonymous.f27927d3-4c74-446c-9c94-2f1117fc50d2] Client requested disconnect from node 2147483646
2026-08-30T00:40:36.677+05:30  INFO 34200 --- [bmp-payment-service] [container-0-C-1] o.a.k.c.c.internals.ConsumerCoordinator  : [Consumer clientId=consumer-anonymous.f27927d3-4c74-446c-9c94-2f1117fc50d2-2, groupId=anonymous.f27927d3-4c74-446c-9c94-2f1117fc50d2] Discovered group coordinator localhost:9092 (id: 2147483646 rack: null)
2026-08-30T00:40:42.096+05:30  WARN 34200 --- [bmp-payment-service] [l-1 housekeeper] com.zaxxer.hikari.pool.HikariPool        : HikariPool-1 - Thread starvation or clock leap detected (housekeeper delta=2m33s899ms762µs501ns).
2026-08-30T00:44:40.168+05:30  INFO 34200 --- [bmp-payment-service] [rap-executor-%d] c.n.d.s.r.aws.ConfigClusterResolver      : Resolving eureka endpoints via configuration
2026-08-30T00:49:40.182+05:30  INFO 34200 --- [bmp-payment-service] [rap-executor-%d] c.n.d.s.r.aws.ConfigClusterResolver      : Resolving eureka endpoints via configuration
2026-08-30T00:54:40.184+05:30  INFO 34200 --- [bmp-payment-service] [rap-executor-%d] c.n.d.s.r.aws.ConfigClusterResolver      : Resolving eureka endpoints via configuration
2026-08-30T00:59:40.193+05:30  INFO 34200 --- [bmp-payment-service] [rap-executor-%d] c.n.d.s.r.aws.ConfigClusterResolver      : Resolving eureka endpoints via configuration
2026-08-30T01:04:40.205+05:30  INFO 34200 --- [bmp-payment-service] [rap-executor-%d] c.n.d.s.r.aws.ConfigClusterResolver      : Resolving eureka endpoints via configuration
2026-08-30T01:09:40.208+05:30  INFO 34200 --- [bmp-payment-service] [rap-executor-%d] c.n.d.s.r.aws.ConfigClusterResolver      : Resolving eureka endpoints via configuration
2026-08-30T01:14:40.214+05:30  INFO 34200 --- [bmp-payment-service] [rap-executor-%d] c.n.d.s.r.aws.ConfigClusterResolver      : Resolving eureka endpoints via configuration
2026-08-30T04:15:48.667+05:30  INFO 34200 --- [bmp-payment-service] [container-0-C-1] org.apache.kafka.clients.NetworkClient   : [Consumer clientId=consumer-anonymous.f27927d3-4c74-446c-9c94-2f1117fc50d2-2, groupId=anonymous.f27927d3-4c74-446c-9c94-2f1117fc50d2] Node 1 disconnected.
2026-08-30T04:15:48.674+05:30  INFO 34200 --- [bmp-payment-service] [container-0-C-1] org.apache.kafka.clients.NetworkClient   : [Consumer clientId=consumer-anonymous.f27927d3-4c74-446c-9c94-2f1117fc50d2-2, groupId=anonymous.f27927d3-4c74-446c-9c94-2f1117fc50d2] Cancelled in-flight FETCH request with correlation id 92717 due to node 1 being disconnected (elapsed time since creation: 10802498ms, elapsed time since send: 10802498ms, throttle time: 0ms, request timeout: 30000ms)
2026-08-30T04:15:48.681+05:30  INFO 34200 --- [bmp-payment-service] [container-0-C-1] o.a.kafka.clients.FetchSessionHandler    : [Consumer clientId=consumer-anonymous.f27927d3-4c74-446c-9c94-2f1117fc50d2-2, groupId=anonymous.f27927d3-4c74-446c-9c94-2f1117fc50d2] Error sending fetch request (sessionId=824967479, epoch=4132) to node 1:

org.apache.kafka.common.errors.DisconnectException: null

2026-08-30T04:15:48.868+05:30  INFO 34200 --- [bmp-payment-service] [94-2f1117fc50d2] org.apache.kafka.clients.NetworkClient   : [Consumer clientId=consumer-anonymous.f27927d3-4c74-446c-9c94-2f1117fc50d2-2, groupId=anonymous.f27927d3-4c74-446c-9c94-2f1117fc50d2] Node 2147483646 disconnected.
2026-08-30T04:15:48.902+05:30  INFO 34200 --- [bmp-payment-service] [94-2f1117fc50d2] o.a.k.c.c.internals.ConsumerCoordinator  : [Consumer clientId=consumer-anonymous.f27927d3-4c74-446c-9c94-2f1117fc50d2-2, groupId=anonymous.f27927d3-4c74-446c-9c94-2f1117fc50d2] Group coordinator localhost:9092 (id: 2147483646 rack: null) is unavailable or invalid due to cause: coordinator unavailable. isDisconnected: true. Rediscovery will be attempted.
2026-08-30T04:15:51.451+05:30  INFO 34200 --- [bmp-payment-service] [container-0-C-1] o.a.k.c.c.internals.ConsumerCoordinator  : [Consumer clientId=consumer-anonymous.f27927d3-4c74-446c-9c94-2f1117fc50d2-2, groupId=anonymous.f27927d3-4c74-446c-9c94-2f1117fc50d2] Discovered group coordinator localhost:9092 (id: 2147483646 rack: null)
2026-08-30T11:51:22.798+05:30  INFO 34200 --- [bmp-payment-service] [container-0-C-1] org.apache.kafka.clients.NetworkClient   : [Consumer clientId=consumer-anonymous.f27927d3-4c74-446c-9c94-2f1117fc50d2-2, groupId=anonymous.f27927d3-4c74-446c-9c94-2f1117fc50d2] Node 2147483646 disconnected.
2026-08-30T11:51:22.804+05:30  INFO 34200 --- [bmp-payment-service] [container-0-C-1] org.apache.kafka.clients.NetworkClient   : [Consumer clientId=consumer-anonymous.f27927d3-4c74-446c-9c94-2f1117fc50d2-2, groupId=anonymous.f27927d3-4c74-446c-9c94-2f1117fc50d2] Disconnecting from node 1 due to request timeout.
2026-08-30T11:51:22.804+05:30  INFO 34200 --- [bmp-payment-service] [container-0-C-1] org.apache.kafka.clients.NetworkClient   : [Consumer clientId=consumer-anonymous.f27927d3-4c74-446c-9c94-2f1117fc50d2-2, groupId=anonymous.f27927d3-4c74-446c-9c94-2f1117fc50d2] Cancelled in-flight FETCH request with correlation id 92741 due to node 1 being disconnected (elapsed time since creation: 27321837ms, elapsed time since send: 27321837ms, throttle time: 0ms, request timeout: 30000ms)
2026-08-30T11:51:22.804+05:30  INFO 34200 --- [bmp-payment-service] [container-0-C-1] o.a.kafka.clients.FetchSessionHandler    : [Consumer clientId=consumer-anonymous.f27927d3-4c74-446c-9c94-2f1117fc50d2-2, groupId=anonymous.f27927d3-4c74-446c-9c94-2f1117fc50d2] Error sending fetch request (sessionId=595894517, epoch=13) to node 1:

org.apache.kafka.common.errors.DisconnectException: null

2026-08-30T11:51:22.827+05:30  INFO 34200 --- [bmp-payment-service] [94-2f1117fc50d2] o.a.k.c.c.internals.ConsumerCoordinator  : [Consumer clientId=consumer-anonymous.f27927d3-4c74-446c-9c94-2f1117fc50d2-2, groupId=anonymous.f27927d3-4c74-446c-9c94-2f1117fc50d2] Group coordinator localhost:9092 (id: 2147483646 rack: null) is unavailable or invalid due to cause: coordinator unavailable. isDisconnected: true. Rediscovery will be attempted.
2026-08-30T11:51:26.956+05:30  INFO 34200 --- [bmp-payment-service] [container-0-C-1] o.a.k.c.c.internals.ConsumerCoordinator  : [Consumer clientId=consumer-anonymous.f27927d3-4c74-446c-9c94-2f1117fc50d2-2, groupId=anonymous.f27927d3-4c74-446c-9c94-2f1117fc50d2] Discovered group coordinator localhost:9092 (id: 2147483646 rack: null)
2026-08-30T11:51:30.465+05:30  WARN 34200 --- [bmp-payment-service] [l-1 housekeeper] com.zaxxer.hikari.pool.HikariPool        : HikariPool-1 - Thread starvation or clock leap detected (housekeeper delta=10h35m50s300ms315µs500ns).
2026-08-30T11:51:33.928+05:30  INFO 34200 --- [bmp-payment-service] [pool-2-thread-1] org.apache.kafka.clients.NetworkClient   : [Consumer clientId=consumer-anonymous.f27927d3-4c74-446c-9c94-2f1117fc50d2-3, groupId=anonymous.f27927d3-4c74-446c-9c94-2f1117fc50d2] Node 2147483646 disconnected.
2026-08-30T11:51:33.950+05:30  INFO 34200 --- [bmp-payment-service] [pool-2-thread-1] o.a.k.c.c.internals.ConsumerCoordinator  : [Consumer clientId=consumer-anonymous.f27927d3-4c74-446c-9c94-2f1117fc50d2-3, groupId=anonymous.f27927d3-4c74-446c-9c94-2f1117fc50d2] Group coordinator localhost:9092 (id: 2147483646 rack: null) is unavailable or invalid due to cause: coordinator unavailable. isDisconnected: true. Rediscovery will be attempted.
2026-08-30T11:51:33.984+05:30  INFO 34200 --- [bmp-payment-service] [pool-2-thread-1] o.a.k.c.c.internals.ConsumerCoordinator  : [Consumer clientId=consumer-anonymous.f27927d3-4c74-446c-9c94-2f1117fc50d2-3, groupId=anonymous.f27927d3-4c74-446c-9c94-2f1117fc50d2] Discovered group coordinator localhost:9092 (id: 2147483646 rack: null)
2026-08-30T11:56:07.712+05:30  INFO 34200 --- [bmp-payment-service] [94-2f1117fc50d2] org.apache.kafka.clients.NetworkClient   : [Consumer clientId=consumer-anonymous.f27927d3-4c74-446c-9c94-2f1117fc50d2-2, groupId=anonymous.f27927d3-4c74-446c-9c94-2f1117fc50d2] Disconnecting from node 1 due to request timeout.
2026-08-30T11:56:07.726+05:30  INFO 34200 --- [bmp-payment-service] [94-2f1117fc50d2] org.apache.kafka.clients.NetworkClient   : [Consumer clientId=consumer-anonymous.f27927d3-4c74-446c-9c94-2f1117fc50d2-2, groupId=anonymous.f27927d3-4c74-446c-9c94-2f1117fc50d2] Cancelled in-flight FETCH request with correlation id 92813 due to node 1 being disconnected (elapsed time since creation: 250933ms, elapsed time since send: 250933ms, throttle time: 0ms, request timeout: 30000ms)
2026-08-30T11:56:07.726+05:30  INFO 34200 --- [bmp-payment-service] [94-2f1117fc50d2] org.apache.kafka.clients.NetworkClient   : [Consumer clientId=consumer-anonymous.f27927d3-4c74-446c-9c94-2f1117fc50d2-2, groupId=anonymous.f27927d3-4c74-446c-9c94-2f1117fc50d2] Disconnecting from node 2147483646 due to request timeout.
2026-08-30T11:56:07.726+05:30  INFO 34200 --- [bmp-payment-service] [94-2f1117fc50d2] org.apache.kafka.clients.NetworkClient   : [Consumer clientId=consumer-anonymous.f27927d3-4c74-446c-9c94-2f1117fc50d2-2, groupId=anonymous.f27927d3-4c74-446c-9c94-2f1117fc50d2] Cancelled in-flight HEARTBEAT request with correlation id 92814 due to node 2147483646 being disconnected (elapsed time since creation: 249529ms, elapsed time since send: 249529ms, throttle time: 0ms, request timeout: 30000ms)
2026-08-30T11:56:07.769+05:30  INFO 34200 --- [bmp-payment-service] [94-2f1117fc50d2] o.a.kafka.clients.FetchSessionHandler    : [Consumer clientId=consumer-anonymous.f27927d3-4c74-446c-9c94-2f1117fc50d2-2, groupId=anonymous.f27927d3-4c74-446c-9c94-2f1117fc50d2] Error sending fetch request (sessionId=117615496, epoch=55) to node 1:

org.apache.kafka.common.errors.DisconnectException: null

2026-08-30T11:56:07.806+05:30  INFO 34200 --- [bmp-payment-service] [94-2f1117fc50d2] o.a.k.c.c.internals.ConsumerCoordinator  : [Consumer clientId=consumer-anonymous.f27927d3-4c74-446c-9c94-2f1117fc50d2-2, groupId=anonymous.f27927d3-4c74-446c-9c94-2f1117fc50d2] Group coordinator localhost:9092 (id: 2147483646 rack: null) is unavailable or invalid due to cause: null. isDisconnected: true. Rediscovery will be attempted.
2026-08-30T11:56:09.020+05:30  WARN 34200 --- [bmp-payment-service] [l-1 housekeeper] com.zaxxer.hikari.pool.HikariPool        : HikariPool-1 - Thread starvation or clock leap detected (housekeeper delta=4m41s18ms721µs).
2026-08-30T11:56:09.520+05:30  INFO 34200 --- [bmp-payment-service] [container-0-C-1] o.a.k.c.c.internals.ConsumerCoordinator  : [Consumer clientId=consumer-anonymous.f27927d3-4c74-446c-9c94-2f1117fc50d2-2, groupId=anonymous.f27927d3-4c74-446c-9c94-2f1117fc50d2] Discovered group coordinator localhost:9092 (id: 2147483646 rack: null)
2026-08-30T11:59:06.262+05:30  INFO 34200 --- [bmp-payment-service] [rap-executor-%d] c.n.d.s.r.aws.ConfigClusterResolver      : Resolving eureka endpoints via configuration
2026-08-30T12:04:06.287+05:30  INFO 34200 --- [bmp-payment-service] [rap-executor-%d] c.n.d.s.r.aws.ConfigClusterResolver      : Resolving eureka endpoints via configuration
2026-08-30T12:09:06.291+05:30  INFO 34200 --- [bmp-payment-service] [rap-executor-%d] c.n.d.s.r.aws.ConfigClusterResolver      : Resolving eureka endpoints via configuration
2026-08-30T12:14:06.317+05:30  INFO 34200 --- [bmp-payment-service] [rap-executor-%d] c.n.d.s.r.aws.ConfigClusterResolver      : Resolving eureka endpoints via configuration
2026-08-30T12:19:06.335+05:30  INFO 34200 --- [bmp-payment-service] [rap-executor-%d] c.n.d.s.r.aws.ConfigClusterResolver      : Resolving eureka endpoints via configuration
2026-08-30T12:24:06.350+05:30  INFO 34200 --- [bmp-payment-service] [rap-executor-%d] c.n.d.s.r.aws.ConfigClusterResolver      : Resolving eureka endpoints via configuration
2026-08-30T12:29:06.351+05:30  INFO 34200 --- [bmp-payment-service] [rap-executor-%d] c.n.d.s.r.aws.ConfigClusterResolver      : Resolving eureka endpoints via configuration
2026-08-30T12:34:06.364+05:30  INFO 34200 --- [bmp-payment-service] [rap-executor-%d] c.n.d.s.r.aws.ConfigClusterResolver      : Resolving eureka endpoints via configuration
2026-08-30T12:39:06.377+05:30  INFO 34200 --- [bmp-payment-service] [rap-executor-%d] c.n.d.s.r.aws.ConfigClusterResolver      : Resolving eureka endpoints via configuration
2026-08-30T12:44:06.381+05:30  INFO 34200 --- [bmp-payment-service] [rap-executor-%d] c.n.d.s.r.aws.ConfigClusterResolver      : Resolving eureka endpoints via configuration
2026-08-30T12:49:06.397+05:30  INFO 34200 --- [bmp-payment-service] [rap-executor-%d] c.n.d.s.r.aws.ConfigClusterResolver      : Resolving eureka endpoints via configuration
2026-08-30T12:54:06.403+05:30  INFO 34200 --- [bmp-payment-service] [rap-executor-%d] c.n.d.s.r.aws.ConfigClusterResolver      : Resolving eureka endpoints via configuration
2026-08-30T12:59:06.428+05:30  INFO 34200 --- [bmp-payment-service] [rap-executor-%d] c.n.d.s.r.aws.ConfigClusterResolver      : Resolving eureka endpoints via configuration
2026-08-30T13:04:06.456+05:30  INFO 34200 --- [bmp-payment-service] [rap-executor-%d] c.n.d.s.r.aws.ConfigClusterResolver      : Resolving eureka endpoints via configuration
2026-08-30T13:09:06.473+05:30  INFO 34200 --- [bmp-payment-service] [rap-executor-%d] c.n.d.s.r.aws.ConfigClusterResolver      : Resolving eureka endpoints via configuration
2026-08-30T13:14:06.481+05:30  INFO 34200 --- [bmp-payment-service] [rap-executor-%d] c.n.d.s.r.aws.ConfigClusterResolver      : Resolving eureka endpoints via configuration
2026-08-30T13:19:06.493+05:30  INFO 34200 --- [bmp-payment-service] [rap-executor-%d] c.n.d.s.r.aws.ConfigClusterResolver      : Resolving eureka endpoints via configuration
2026-08-30T13:24:06.499+05:30  INFO 34200 --- [bmp-payment-service] [rap-executor-%d] c.n.d.s.r.aws.ConfigClusterResolver      : Resolving eureka endpoints via configuration
2026-08-30T13:29:06.506+05:30  INFO 34200 --- [bmp-payment-service] [rap-executor-%d] c.n.d.s.r.aws.ConfigClusterResolver      : Resolving eureka endpoints via configuration
2026-08-30T13:34:06.509+05:30  INFO 34200 --- [bmp-payment-service] [rap-executor-%d] c.n.d.s.r.aws.ConfigClusterResolver      : Resolving eureka endpoints via configuration
2026-08-30T13:39:06.520+05:30  INFO 34200 --- [bmp-payment-service] [rap-executor-%d] c.n.d.s.r.aws.ConfigClusterResolver      : Resolving eureka endpoints via configuration
2026-08-30T13:44:06.525+05:30  INFO 34200 --- [bmp-payment-service] [rap-executor-%d] c.n.d.s.r.aws.ConfigClusterResolver      : Resolving eureka endpoints via configuration
2026-08-30T13:49:06.540+05:30  INFO 34200 --- [bmp-payment-service] [rap-executor-%d] c.n.d.s.r.aws.ConfigClusterResolver      : Resolving eureka endpoints via configuration
2026-08-30T13:54:06.551+05:30  INFO 34200 --- [bmp-payment-service] [rap-executor-%d] c.n.d.s.r.aws.ConfigClusterResolver      : Resolving eureka endpoints via configuration
2026-08-30T13:59:06.559+05:30  INFO 34200 --- [bmp-payment-service] [rap-executor-%d] c.n.d.s.r.aws.ConfigClusterResolver      : Resolving eureka endpoints via configuration
2026-08-30T14:04:06.574+05:30  INFO 34200 --- [bmp-payment-service] [rap-executor-%d] c.n.d.s.r.aws.ConfigClusterResolver      : Resolving eureka endpoints via configuration
2026-08-30T14:09:06.584+05:30  INFO 34200 --- [bmp-payment-service] [rap-executor-%d] c.n.d.s.r.aws.ConfigClusterResolver      : Resolving eureka endpoints via configuration
2026-08-30T14:14:06.593+05:30  INFO 34200 --- [bmp-payment-service] [rap-executor-%d] c.n.d.s.r.aws.ConfigClusterResolver      : Resolving eureka endpoints via configuration
2026-08-30T14:19:06.600+05:30  INFO 34200 --- [bmp-payment-service] [rap-executor-%d] c.n.d.s.r.aws.ConfigClusterResolver      : Resolving eureka endpoints via configuration
2026-08-30T14:24:06.613+05:30  INFO 34200 --- [bmp-payment-service] [rap-executor-%d] c.n.d.s.r.aws.ConfigClusterResolver      : Resolving eureka endpoints via configuration
2026-08-30T14:29:06.627+05:30  INFO 34200 --- [bmp-payment-service] [rap-executor-%d] c.n.d.s.r.aws.ConfigClusterResolver      : Resolving eureka endpoints via configuration
2026-08-30T14:34:06.638+05:30  INFO 34200 --- [bmp-payment-service] [rap-executor-%d] c.n.d.s.r.aws.ConfigClusterResolver      : Resolving eureka endpoints via configuration
2026-08-30T14:39:06.650+05:30  INFO 34200 --- [bmp-payment-service] [rap-executor-%d] c.n.d.s.r.aws.ConfigClusterResolver      : Resolving eureka endpoints via configuration
2026-08-30T17:42:16.436+05:30  INFO 34200 --- [bmp-payment-service] [container-0-C-1] org.apache.kafka.clients.NetworkClient   : [Consumer clientId=consumer-anonymous.f27927d3-4c74-446c-9c94-2f1117fc50d2-2, groupId=anonymous.f27927d3-4c74-446c-9c94-2f1117fc50d2] Node 1 disconnected.
2026-08-30T17:42:16.559+05:30  INFO 34200 --- [bmp-payment-service] [container-0-C-1] org.apache.kafka.clients.NetworkClient   : [Consumer clientId=consumer-anonymous.f27927d3-4c74-446c-9c94-2f1117fc50d2-2, groupId=anonymous.f27927d3-4c74-446c-9c94-2f1117fc50d2] Cancelled in-flight FETCH request with correlation id 115835 due to node 1 being disconnected (elapsed time since creation: 10803923ms, elapsed time since send: 10803923ms, throttle time: 0ms, request timeout: 30000ms)
2026-08-30T17:42:16.660+05:30  INFO 34200 --- [bmp-payment-service] [container-0-C-1] org.apache.kafka.clients.NetworkClient   : [Consumer clientId=consumer-anonymous.f27927d3-4c74-446c-9c94-2f1117fc50d2-2, groupId=anonymous.f27927d3-4c74-446c-9c94-2f1117fc50d2] Disconnecting from node 2147483646 due to request timeout.
2026-08-30T17:42:16.662+05:30  INFO 34200 --- [bmp-payment-service] [container-0-C-1] org.apache.kafka.clients.NetworkClient   : [Consumer clientId=consumer-anonymous.f27927d3-4c74-446c-9c94-2f1117fc50d2-2, groupId=anonymous.f27927d3-4c74-446c-9c94-2f1117fc50d2] Cancelled in-flight HEARTBEAT request with correlation id 115836 due to node 2147483646 being disconnected (elapsed time since creation: 10802374ms, elapsed time since send: 10802373ms, throttle time: 0ms, request timeout: 30000ms)
2026-08-30T17:42:16.722+05:30  INFO 34200 --- [bmp-payment-service] [94-2f1117fc50d2] o.a.k.c.c.internals.ConsumerCoordinator  : [Consumer clientId=consumer-anonymous.f27927d3-4c74-446c-9c94-2f1117fc50d2-2, groupId=anonymous.f27927d3-4c74-446c-9c94-2f1117fc50d2] Group coordinator localhost:9092 (id: 2147483646 rack: null) is unavailable or invalid due to cause: null. isDisconnected: true. Rediscovery will be attempted.
2026-08-30T17:42:16.671+05:30  INFO 34200 --- [bmp-payment-service] [container-0-C-1] o.a.kafka.clients.FetchSessionHandler    : [Consumer clientId=consumer-anonymous.f27927d3-4c74-446c-9c94-2f1117fc50d2-2, groupId=anonymous.f27927d3-4c74-446c-9c94-2f1117fc50d2] Error sending fetch request (sessionId=1001108496, epoch=19636) to node 1:

org.apache.kafka.common.errors.DisconnectException: null

2026-08-30T17:42:17.750+05:30  INFO 34200 --- [bmp-payment-service] [container-0-C-1] o.a.k.c.c.internals.ConsumerCoordinator  : [Consumer clientId=consumer-anonymous.f27927d3-4c74-446c-9c94-2f1117fc50d2-2, groupId=anonymous.f27927d3-4c74-446c-9c94-2f1117fc50d2] Discovered group coordinator localhost:9092 (id: 2147483646 rack: null)
2026-08-30T17:42:17.899+05:30  INFO 34200 --- [bmp-payment-service] [container-0-C-1] o.a.k.c.c.internals.ConsumerCoordinator  : [Consumer clientId=consumer-anonymous.f27927d3-4c74-446c-9c94-2f1117fc50d2-2, groupId=anonymous.f27927d3-4c74-446c-9c94-2f1117fc50d2] Discovered group coordinator localhost:9092 (id: 2147483646 rack: null)
2026-08-31T00:05:56.773+05:30  INFO 34200 --- [bmp-payment-service] [container-0-C-1] org.apache.kafka.clients.NetworkClient   : [Consumer clientId=consumer-anonymous.f27927d3-4c74-446c-9c94-2f1117fc50d2-2, groupId=anonymous.f27927d3-4c74-446c-9c94-2f1117fc50d2] Node 2147483646 disconnected.
2026-08-31T00:05:56.874+05:30  INFO 34200 --- [bmp-payment-service] [container-0-C-1] org.apache.kafka.clients.NetworkClient   : [Consumer clientId=consumer-anonymous.f27927d3-4c74-446c-9c94-2f1117fc50d2-2, groupId=anonymous.f27927d3-4c74-446c-9c94-2f1117fc50d2] Disconnecting from node 1 due to request timeout.
2026-08-31T00:05:56.875+05:30  INFO 34200 --- [bmp-payment-service] [container-0-C-1] org.apache.kafka.clients.NetworkClient   : [Consumer clientId=consumer-anonymous.f27927d3-4c74-446c-9c94-2f1117fc50d2-2, groupId=anonymous.f27927d3-4c74-446c-9c94-2f1117fc50d2] Cancelled in-flight FETCH request with correlation id 115859 due to node 1 being disconnected (elapsed time since creation: 23011859ms, elapsed time since send: 23011859ms, throttle time: 0ms, request timeout: 30000ms)
2026-08-31T00:05:56.875+05:30  INFO 34200 --- [bmp-payment-service] [container-0-C-1] o.a.kafka.clients.FetchSessionHandler    : [Consumer clientId=consumer-anonymous.f27927d3-4c74-446c-9c94-2f1117fc50d2-2, groupId=anonymous.f27927d3-4c74-446c-9c94-2f1117fc50d2] Error sending fetch request (sessionId=270116241, epoch=13) to node 1:

org.apache.kafka.common.errors.DisconnectException: null

2026-08-31T00:05:56.891+05:30  INFO 34200 --- [bmp-payment-service] [94-2f1117fc50d2] o.a.k.c.c.internals.ConsumerCoordinator  : [Consumer clientId=consumer-anonymous.f27927d3-4c74-446c-9c94-2f1117fc50d2-2, groupId=anonymous.f27927d3-4c74-446c-9c94-2f1117fc50d2] Group coordinator localhost:9092 (id: 2147483646 rack: null) is unavailable or invalid due to cause: session timed out without receiving a heartbeat response. isDisconnected: false. Rediscovery will be attempted.
2026-08-31T00:05:56.901+05:30  INFO 34200 --- [bmp-payment-service] [94-2f1117fc50d2] o.a.k.c.c.internals.ConsumerCoordinator  : [Consumer clientId=consumer-anonymous.f27927d3-4c74-446c-9c94-2f1117fc50d2-2, groupId=anonymous.f27927d3-4c74-446c-9c94-2f1117fc50d2] Requesting disconnect from last known coordinator localhost:9092 (id: 2147483646 rack: null)
2026-08-31T00:05:58.476+05:30  INFO 34200 --- [bmp-payment-service] [container-0-C-1] o.a.k.c.c.internals.ConsumerCoordinator  : [Consumer clientId=consumer-anonymous.f27927d3-4c74-446c-9c94-2f1117fc50d2-2, groupId=anonymous.f27927d3-4c74-446c-9c94-2f1117fc50d2] Discovered group coordinator localhost:9092 (id: 2147483646 rack: null)
2026-08-31T00:06:10.793+05:30  WARN 34200 --- [bmp-payment-service] [l-1 housekeeper] com.zaxxer.hikari.pool.HikariPool        : HikariPool-1 - Thread starvation or clock leap detected (housekeeper delta=9h24m1s480ms74µs400ns).
2026-08-31T00:06:15.244+05:30  INFO 34200 --- [bmp-payment-service] [pool-2-thread-1] org.apache.kafka.clients.NetworkClient   : [Consumer clientId=consumer-anonymous.f27927d3-4c74-446c-9c94-2f1117fc50d2-3, groupId=anonymous.f27927d3-4c74-446c-9c94-2f1117fc50d2] Node 2147483646 disconnected.
2026-08-31T00:06:15.272+05:30  INFO 34200 --- [bmp-payment-service] [pool-2-thread-1] o.a.k.c.c.internals.ConsumerCoordinator  : [Consumer clientId=consumer-anonymous.f27927d3-4c74-446c-9c94-2f1117fc50d2-3, groupId=anonymous.f27927d3-4c74-446c-9c94-2f1117fc50d2] Group coordinator localhost:9092 (id: 2147483646 rack: null) is unavailable or invalid due to cause: coordinator unavailable. isDisconnected: true. Rediscovery will be attempted.
2026-08-31T00:06:15.286+05:30  INFO 34200 --- [bmp-payment-service] [pool-2-thread-1] o.a.k.c.c.internals.ConsumerCoordinator  : [Consumer clientId=consumer-anonymous.f27927d3-4c74-446c-9c94-2f1117fc50d2-3, groupId=anonymous.f27927d3-4c74-446c-9c94-2f1117fc50d2] Discovered group coordinator localhost:9092 (id: 2147483646 rack: null)
2026-08-31T00:06:15.286+05:30  INFO 34200 --- [bmp-payment-service] [pool-2-thread-1] o.a.k.c.c.internals.ConsumerCoordinator  : [Consumer clientId=consumer-anonymous.f27927d3-4c74-446c-9c94-2f1117fc50d2-3, groupId=anonymous.f27927d3-4c74-446c-9c94-2f1117fc50d2] Group coordinator localhost:9092 (id: 2147483646 rack: null) is unavailable or invalid due to cause: coordinator unavailable. isDisconnected: false. Rediscovery will be attempted.
2026-08-31T00:06:15.287+05:30  INFO 34200 --- [bmp-payment-service] [pool-2-thread-1] o.a.k.c.c.internals.ConsumerCoordinator  : [Consumer clientId=consumer-anonymous.f27927d3-4c74-446c-9c94-2f1117fc50d2-3, groupId=anonymous.f27927d3-4c74-446c-9c94-2f1117fc50d2] Requesting disconnect from last known coordinator localhost:9092 (id: 2147483646 rack: null)
2026-08-31T00:06:15.423+05:30  INFO 34200 --- [bmp-payment-service] [pool-2-thread-1] o.a.k.c.c.internals.ConsumerCoordinator  : [Consumer clientId=consumer-anonymous.f27927d3-4c74-446c-9c94-2f1117fc50d2-3, groupId=anonymous.f27927d3-4c74-446c-9c94-2f1117fc50d2] Discovered group coordinator localhost:9092 (id: 2147483646 rack: null)
2026-08-31T00:07:35.313+05:30  INFO 34200 --- [bmp-payment-service] [rap-executor-%d] c.n.d.s.r.aws.ConfigClusterResolver      : Resolving eureka endpoints via configuration
2026-08-31T00:12:35.331+05:30  INFO 34200 --- [bmp-payment-service] [rap-executor-%d] c.n.d.s.r.aws.ConfigClusterResolver      : Resolving eureka endpoints via configuration
2026-08-31T00:17:35.348+05:30  INFO 34200 --- [bmp-payment-service] [rap-executor-%d] c.n.d.s.r.aws.ConfigClusterResolver      : Resolving eureka endpoints via configuration
2026-08-31T00:22:35.355+05:30  INFO 34200 --- [bmp-payment-service] [rap-executor-%d] c.n.d.s.r.aws.ConfigClusterResolver      : Resolving eureka endpoints via configuration
2026-08-31T00:27:35.358+05:30  INFO 34200 --- [bmp-payment-service] [rap-executor-%d] c.n.d.s.r.aws.ConfigClusterResolver      : Resolving eureka endpoints via configuration
2026-08-31T00:32:35.375+05:30  INFO 34200 --- [bmp-payment-service] [rap-executor-%d] c.n.d.s.r.aws.ConfigClusterResolver      : Resolving eureka endpoints via configuration
2026-08-31T00:37:35.380+05:30  INFO 34200 --- [bmp-payment-service] [rap-executor-%d] c.n.d.s.r.aws.ConfigClusterResolver      : Resolving eureka endpoints via configuration
2026-08-31T00:42:35.389+05:30  INFO 34200 --- [bmp-payment-service] [rap-executor-%d] c.n.d.s.r.aws.ConfigClusterResolver      : Resolving eureka endpoints via configuration
2026-08-31T00:47:35.404+05:30  INFO 34200 --- [bmp-payment-service] [rap-executor-%d] c.n.d.s.r.aws.ConfigClusterResolver      : Resolving eureka endpoints via configuration
2026-08-31T00:52:35.416+05:30  INFO 34200 --- [bmp-payment-service] [rap-executor-%d] c.n.d.s.r.aws.ConfigClusterResolver      : Resolving eureka endpoints via configuration
2026-08-31T03:54:51.746+05:30  INFO 34200 --- [bmp-payment-service] [container-0-C-1] org.apache.kafka.clients.NetworkClient   : [Consumer clientId=consumer-anonymous.f27927d3-4c74-446c-9c94-2f1117fc50d2-2, groupId=anonymous.f27927d3-4c74-446c-9c94-2f1117fc50d2] Node 2147483646 disconnected.
2026-08-31T03:54:51.878+05:30  INFO 34200 --- [bmp-payment-service] [container-0-C-1] org.apache.kafka.clients.NetworkClient   : [Consumer clientId=consumer-anonymous.f27927d3-4c74-446c-9c94-2f1117fc50d2-2, groupId=anonymous.f27927d3-4c74-446c-9c94-2f1117fc50d2] Disconnecting from node 1 due to request timeout.
2026-08-31T03:54:51.879+05:30  INFO 34200 --- [bmp-payment-service] [container-0-C-1] org.apache.kafka.clients.NetworkClient   : [Consumer clientId=consumer-anonymous.f27927d3-4c74-446c-9c94-2f1117fc50d2-2, groupId=anonymous.f27927d3-4c74-446c-9c94-2f1117fc50d2] Cancelled in-flight FETCH request with correlation id 122643 due to node 1 being disconnected (elapsed time since creation: 10802934ms, elapsed time since send: 10802934ms, throttle time: 0ms, request timeout: 30000ms)
2026-08-31T03:54:51.881+05:30  INFO 34200 --- [bmp-payment-service] [94-2f1117fc50d2] o.a.k.c.c.internals.ConsumerCoordinator  : [Consumer clientId=consumer-anonymous.f27927d3-4c74-446c-9c94-2f1117fc50d2-2, groupId=anonymous.f27927d3-4c74-446c-9c94-2f1117fc50d2] Group coordinator localhost:9092 (id: 2147483646 rack: null) is unavailable or invalid due to cause: session timed out without receiving a heartbeat response. isDisconnected: false. Rediscovery will be attempted.
2026-08-31T03:54:51.881+05:30  INFO 34200 --- [bmp-payment-service] [94-2f1117fc50d2] o.a.k.c.c.internals.ConsumerCoordinator  : [Consumer clientId=consumer-anonymous.f27927d3-4c74-446c-9c94-2f1117fc50d2-2, groupId=anonymous.f27927d3-4c74-446c-9c94-2f1117fc50d2] Requesting disconnect from last known coordinator localhost:9092 (id: 2147483646 rack: null)
2026-08-31T03:54:51.880+05:30  INFO 34200 --- [bmp-payment-service] [container-0-C-1] o.a.kafka.clients.FetchSessionHandler    : [Consumer clientId=consumer-anonymous.f27927d3-4c74-446c-9c94-2f1117fc50d2-2, groupId=anonymous.f27927d3-4c74-446c-9c94-2f1117fc50d2] Error sending fetch request (sessionId=1799733466, epoch=5785) to node 1:

org.apache.kafka.common.errors.DisconnectException: null

2026-08-31T03:54:52.800+05:30  INFO 34200 --- [bmp-payment-service] [container-0-C-1] o.a.k.c.c.internals.ConsumerCoordinator  : [Consumer clientId=consumer-anonymous.f27927d3-4c74-446c-9c94-2f1117fc50d2-2, groupId=anonymous.f27927d3-4c74-446c-9c94-2f1117fc50d2] Discovered group coordinator localhost:9092 (id: 2147483646 rack: null)
2026-08-31T10:17:03.960+05:30  INFO 34200 --- [bmp-payment-service] [container-0-C-1] org.apache.kafka.clients.NetworkClient   : [Consumer clientId=consumer-anonymous.f27927d3-4c74-446c-9c94-2f1117fc50d2-2, groupId=anonymous.f27927d3-4c74-446c-9c94-2f1117fc50d2] Node 2147483646 disconnected.
2026-08-31T10:17:03.961+05:30  INFO 34200 --- [bmp-payment-service] [container-0-C-1] org.apache.kafka.clients.NetworkClient   : [Consumer clientId=consumer-anonymous.f27927d3-4c74-446c-9c94-2f1117fc50d2-2, groupId=anonymous.f27927d3-4c74-446c-9c94-2f1117fc50d2] Cancelled in-flight HEARTBEAT request with correlation id 122661 due to node 2147483646 being disconnected (elapsed time since creation: 22925137ms, elapsed time since send: 22925136ms, throttle time: 0ms, request timeout: 30000ms)
2026-08-31T10:17:03.962+05:30  INFO 34200 --- [bmp-payment-service] [94-2f1117fc50d2] o.a.k.c.c.internals.ConsumerCoordinator  : [Consumer clientId=consumer-anonymous.f27927d3-4c74-446c-9c94-2f1117fc50d2-2, groupId=anonymous.f27927d3-4c74-446c-9c94-2f1117fc50d2] Group coordinator localhost:9092 (id: 2147483646 rack: null) is unavailable or invalid due to cause: coordinator unavailable. isDisconnected: true. Rediscovery will be attempted.
2026-08-31T10:17:04.076+05:30  INFO 34200 --- [bmp-payment-service] [container-0-C-1] o.a.k.c.c.internals.ConsumerCoordinator  : [Consumer clientId=consumer-anonymous.f27927d3-4c74-446c-9c94-2f1117fc50d2-2, groupId=anonymous.f27927d3-4c74-446c-9c94-2f1117fc50d2] Discovered group coordinator localhost:9092 (id: 2147483646 rack: null)
2026-08-31T10:17:12.976+05:30  WARN 34200 --- [bmp-payment-service] [l-1 housekeeper] com.zaxxer.hikari.pool.HikariPool        : HikariPool-1 - Thread starvation or clock leap detected (housekeeper delta=9h22m34s193ms281µs600ns).
2026-08-31T10:17:17.870+05:30  INFO 34200 --- [bmp-payment-service] [pool-2-thread-1] org.apache.kafka.clients.NetworkClient   : [Consumer clientId=consumer-anonymous.f27927d3-4c74-446c-9c94-2f1117fc50d2-3, groupId=anonymous.f27927d3-4c74-446c-9c94-2f1117fc50d2] Node 2147483646 disconnected.
2026-08-31T10:17:17.882+05:30  INFO 34200 --- [bmp-payment-service] [pool-2-thread-1] o.a.k.c.c.internals.ConsumerCoordinator  : [Consumer clientId=consumer-anonymous.f27927d3-4c74-446c-9c94-2f1117fc50d2-3, groupId=anonymous.f27927d3-4c74-446c-9c94-2f1117fc50d2] Group coordinator localhost:9092 (id: 2147483646 rack: null) is unavailable or invalid due to cause: coordinator unavailable. isDisconnected: true. Rediscovery will be attempted.
2026-08-31T10:17:17.887+05:30  INFO 34200 --- [bmp-payment-service] [pool-2-thread-1] o.a.k.c.c.internals.ConsumerCoordinator  : [Consumer clientId=consumer-anonymous.f27927d3-4c74-446c-9c94-2f1117fc50d2-3, groupId=anonymous.f27927d3-4c74-446c-9c94-2f1117fc50d2] Discovered group coordinator localhost:9092 (id: 2147483646 rack: null)
2026-08-31T10:17:17.887+05:30  INFO 34200 --- [bmp-payment-service] [pool-2-thread-1] o.a.k.c.c.internals.ConsumerCoordinator  : [Consumer clientId=consumer-anonymous.f27927d3-4c74-446c-9c94-2f1117fc50d2-3, groupId=anonymous.f27927d3-4c74-446c-9c94-2f1117fc50d2] Group coordinator localhost:9092 (id: 2147483646 rack: null) is unavailable or invalid due to cause: coordinator unavailable. isDisconnected: false. Rediscovery will be attempted.
2026-08-31T10:17:17.887+05:30  INFO 34200 --- [bmp-payment-service] [pool-2-thread-1] o.a.k.c.c.internals.ConsumerCoordinator  : [Consumer clientId=consumer-anonymous.f27927d3-4c74-446c-9c94-2f1117fc50d2-3, groupId=anonymous.f27927d3-4c74-446c-9c94-2f1117fc50d2] Requesting disconnect from last known coordinator localhost:9092 (id: 2147483646 rack: null)
2026-08-31T10:17:17.996+05:30  INFO 34200 --- [bmp-payment-service] [pool-2-thread-1] o.a.k.c.c.internals.ConsumerCoordinator  : [Consumer clientId=consumer-anonymous.f27927d3-4c74-446c-9c94-2f1117fc50d2-3, groupId=anonymous.f27927d3-4c74-446c-9c94-2f1117fc50d2] Discovered group coordinator localhost:9092 (id: 2147483646 rack: null)
2026-08-31T10:19:36.813+05:30  INFO 34200 --- [bmp-payment-service] [rap-executor-%d] c.n.d.s.r.aws.ConfigClusterResolver      : Resolving eureka endpoints via configuration
2026-08-31T10:24:36.841+05:30  INFO 34200 --- [bmp-payment-service] [rap-executor-%d] c.n.d.s.r.aws.ConfigClusterResolver      : Resolving eureka endpoints via configuration
2026-08-31T10:29:36.858+05:30  INFO 34200 --- [bmp-payment-service] [rap-executor-%d] c.n.d.s.r.aws.ConfigClusterResolver      : Resolving eureka endpoints via configuration
2026-08-31T10:34:36.862+05:30  INFO 34200 --- [bmp-payment-service] [rap-executor-%d] c.n.d.s.r.aws.ConfigClusterResolver      : Resolving eureka endpoints via configuration
2026-08-31T10:39:36.868+05:30  INFO 34200 --- [bmp-payment-service] [rap-executor-%d] c.n.d.s.r.aws.ConfigClusterResolver      : Resolving eureka endpoints via configuration
2026-08-31T10:44:36.870+05:30  INFO 34200 --- [bmp-payment-service] [rap-executor-%d] c.n.d.s.r.aws.ConfigClusterResolver      : Resolving eureka endpoints via configuration
2026-08-31T10:49:36.874+05:30  INFO 34200 --- [bmp-payment-service] [rap-executor-%d] c.n.d.s.r.aws.ConfigClusterResolver      : Resolving eureka endpoints via configuration
2026-08-31T10:54:36.886+05:30  INFO 34200 --- [bmp-payment-service] [rap-executor-%d] c.n.d.s.r.aws.ConfigClusterResolver      : Resolving eureka endpoints via configuration
2026-08-31T10:59:36.898+05:30  INFO 34200 --- [bmp-payment-service] [rap-executor-%d] c.n.d.s.r.aws.ConfigClusterResolver      : Resolving eureka endpoints via configuration
2026-08-31T11:04:36.922+05:30  INFO 34200 --- [bmp-payment-service] [rap-executor-%d] c.n.d.s.r.aws.ConfigClusterResolver      : Resolving eureka endpoints via configuration
2026-08-31T11:09:36.926+05:30  INFO 34200 --- [bmp-payment-service] [rap-executor-%d] c.n.d.s.r.aws.ConfigClusterResolver      : Resolving eureka endpoints via configuration
2026-08-31T11:14:36.936+05:30  INFO 34200 --- [bmp-payment-service] [rap-executor-%d] c.n.d.s.r.aws.ConfigClusterResolver      : Resolving eureka endpoints via configuration
2026-08-31T11:19:36.950+05:30  INFO 34200 --- [bmp-payment-service] [rap-executor-%d] c.n.d.s.r.aws.ConfigClusterResolver      : Resolving eureka endpoints via configuration
2026-08-31T11:24:36.952+05:30  INFO 34200 --- [bmp-payment-service] [rap-executor-%d] c.n.d.s.r.aws.ConfigClusterResolver      : Resolving eureka endpoints via configuration
2026-08-31T11:29:36.954+05:30  INFO 34200 --- [bmp-payment-service] [rap-executor-%d] c.n.d.s.r.aws.ConfigClusterResolver      : Resolving eureka endpoints via configuration
2026-08-31T11:34:36.964+05:30  INFO 34200 --- [bmp-payment-service] [rap-executor-%d] c.n.d.s.r.aws.ConfigClusterResolver      : Resolving eureka endpoints via configuration
2026-08-31T11:39:36.973+05:30  INFO 34200 --- [bmp-payment-service] [rap-executor-%d] c.n.d.s.r.aws.ConfigClusterResolver      : Resolving eureka endpoints via configuration
2026-08-31T11:44:36.986+05:30  INFO 34200 --- [bmp-payment-service] [rap-executor-%d] c.n.d.s.r.aws.ConfigClusterResolver      : Resolving eureka endpoints via configuration
2026-08-31T11:49:37.010+05:30  INFO 34200 --- [bmp-payment-service] [rap-executor-%d] c.n.d.s.r.aws.ConfigClusterResolver      : Resolving eureka endpoints via configuration
2026-08-31T11:54:37.018+05:30  INFO 34200 --- [bmp-payment-service] [rap-executor-%d] c.n.d.s.r.aws.ConfigClusterResolver      : Resolving eureka endpoints via configuration
2026-08-31T11:59:37.027+05:30  INFO 34200 --- [bmp-payment-service] [rap-executor-%d] c.n.d.s.r.aws.ConfigClusterResolver      : Resolving eureka endpoints via configuration
2026-08-31T12:04:37.045+05:30  INFO 34200 --- [bmp-payment-service] [rap-executor-%d] c.n.d.s.r.aws.ConfigClusterResolver      : Resolving eureka endpoints via configuration
2026-08-31T12:09:37.054+05:30  INFO 34200 --- [bmp-payment-service] [rap-executor-%d] c.n.d.s.r.aws.ConfigClusterResolver      : Resolving eureka endpoints via configuration
2026-08-31T12:14:37.076+05:30  INFO 34200 --- [bmp-payment-service] [rap-executor-%d] c.n.d.s.r.aws.ConfigClusterResolver      : Resolving eureka endpoints via configuration
2026-08-31T15:16:00.591+05:30  INFO 34200 --- [bmp-payment-service] [container-0-C-1] org.apache.kafka.clients.NetworkClient   : [Consumer clientId=consumer-anonymous.f27927d3-4c74-446c-9c94-2f1117fc50d2-2, groupId=anonymous.f27927d3-4c74-446c-9c94-2f1117fc50d2] Node 1 disconnected.
2026-08-31T15:16:00.594+05:30  INFO 34200 --- [bmp-payment-service] [container-0-C-1] org.apache.kafka.clients.NetworkClient   : [Consumer clientId=consumer-anonymous.f27927d3-4c74-446c-9c94-2f1117fc50d2-2, groupId=anonymous.f27927d3-4c74-446c-9c94-2f1117fc50d2] Cancelled in-flight FETCH request with correlation id 139131 due to node 1 being disconnected (elapsed time since creation: 10803477ms, elapsed time since send: 10803477ms, throttle time: 0ms, request timeout: 30000ms)
2026-08-31T15:16:00.596+05:30  INFO 34200 --- [bmp-payment-service] [container-0-C-1] org.apache.kafka.clients.NetworkClient   : [Consumer clientId=consumer-anonymous.f27927d3-4c74-446c-9c94-2f1117fc50d2-2, groupId=anonymous.f27927d3-4c74-446c-9c94-2f1117fc50d2] Disconnecting from node 2147483646 due to request timeout.
2026-08-31T15:16:00.597+05:30  INFO 34200 --- [bmp-payment-service] [container-0-C-1] org.apache.kafka.clients.NetworkClient   : [Consumer clientId=consumer-anonymous.f27927d3-4c74-446c-9c94-2f1117fc50d2-2, groupId=anonymous.f27927d3-4c74-446c-9c94-2f1117fc50d2] Cancelled in-flight HEARTBEAT request with correlation id 139132 due to node 2147483646 being disconnected (elapsed time since creation: 10802460ms, elapsed time since send: 10802460ms, throttle time: 0ms, request timeout: 30000ms)
2026-08-31T15:16:00.597+05:30  INFO 34200 --- [bmp-payment-service] [container-0-C-1] o.a.kafka.clients.FetchSessionHandler    : [Consumer clientId=consumer-anonymous.f27927d3-4c74-446c-9c94-2f1117fc50d2-2, groupId=anonymous.f27927d3-4c74-446c-9c94-2f1117fc50d2] Error sending fetch request (sessionId=1737535746, epoch=14058) to node 1:

org.apache.kafka.common.errors.DisconnectException: null

2026-08-31T15:16:00.796+05:30  INFO 34200 --- [bmp-payment-service] [94-2f1117fc50d2] o.a.k.c.c.internals.ConsumerCoordinator  : [Consumer clientId=consumer-anonymous.f27927d3-4c74-446c-9c94-2f1117fc50d2-2, groupId=anonymous.f27927d3-4c74-446c-9c94-2f1117fc50d2] Group coordinator localhost:9092 (id: 2147483646 rack: null) is unavailable or invalid due to cause: session timed out without receiving a heartbeat response. isDisconnected: false. Rediscovery will be attempted.
2026-08-31T15:16:00.801+05:30  INFO 34200 --- [bmp-payment-service] [94-2f1117fc50d2] o.a.k.c.c.internals.ConsumerCoordinator  : [Consumer clientId=consumer-anonymous.f27927d3-4c74-446c-9c94-2f1117fc50d2-2, groupId=anonymous.f27927d3-4c74-446c-9c94-2f1117fc50d2] Requesting disconnect from last known coordinator localhost:9092 (id: 2147483646 rack: null)
2026-08-31T15:16:01.932+05:30  INFO 34200 --- [bmp-payment-service] [container-0-C-1] o.a.k.c.c.internals.ConsumerCoordinator  : [Consumer clientId=consumer-anonymous.f27927d3-4c74-446c-9c94-2f1117fc50d2-2, groupId=anonymous.f27927d3-4c74-446c-9c94-2f1117fc50d2] Discovered group coordinator localhost:9092 (id: 2147483646 rack: null)
2026-08-31T22:21:32.734+05:30  INFO 34200 --- [bmp-payment-service] [container-0-C-1] org.apache.kafka.clients.NetworkClient   : [Consumer clientId=consumer-anonymous.f27927d3-4c74-446c-9c94-2f1117fc50d2-2, groupId=anonymous.f27927d3-4c74-446c-9c94-2f1117fc50d2] Node 1 disconnected.
2026-08-31T22:21:32.735+05:30  INFO 34200 --- [bmp-payment-service] [container-0-C-1] org.apache.kafka.clients.NetworkClient   : [Consumer clientId=consumer-anonymous.f27927d3-4c74-446c-9c94-2f1117fc50d2-2, groupId=anonymous.f27927d3-4c74-446c-9c94-2f1117fc50d2] Cancelled in-flight FETCH request with correlation id 139154 due to node 1 being disconnected (elapsed time since creation: 25522988ms, elapsed time since send: 25522988ms, throttle time: 0ms, request timeout: 30000ms)
2026-08-31T22:21:32.735+05:30  INFO 34200 --- [bmp-payment-service] [container-0-C-1] org.apache.kafka.clients.NetworkClient   : [Consumer clientId=consumer-anonymous.f27927d3-4c74-446c-9c94-2f1117fc50d2-2, groupId=anonymous.f27927d3-4c74-446c-9c94-2f1117fc50d2] Disconnecting from node 2147483646 due to request timeout.
2026-08-31T22:21:32.735+05:30  INFO 34200 --- [bmp-payment-service] [container-0-C-1] org.apache.kafka.clients.NetworkClient   : [Consumer clientId=consumer-anonymous.f27927d3-4c74-446c-9c94-2f1117fc50d2-2, groupId=anonymous.f27927d3-4c74-446c-9c94-2f1117fc50d2] Cancelled in-flight HEARTBEAT request with correlation id 139155 due to node 2147483646 being disconnected (elapsed time since creation: 25521779ms, elapsed time since send: 25521779ms, throttle time: 0ms, request timeout: 30000ms)
2026-08-31T22:21:32.735+05:30  INFO 34200 --- [bmp-payment-service] [container-0-C-1] o.a.kafka.clients.FetchSessionHandler    : [Consumer clientId=consumer-anonymous.f27927d3-4c74-446c-9c94-2f1117fc50d2-2, groupId=anonymous.f27927d3-4c74-446c-9c94-2f1117fc50d2] Error sending fetch request (sessionId=697554750, epoch=13) to node 1:

org.apache.kafka.common.errors.DisconnectException: null

2026-08-31T22:21:32.736+05:30  INFO 34200 --- [bmp-payment-service] [94-2f1117fc50d2] o.a.k.c.c.internals.ConsumerCoordinator  : [Consumer clientId=consumer-anonymous.f27927d3-4c74-446c-9c94-2f1117fc50d2-2, groupId=anonymous.f27927d3-4c74-446c-9c94-2f1117fc50d2] Group coordinator localhost:9092 (id: 2147483646 rack: null) is unavailable or invalid due to cause: null. isDisconnected: true. Rediscovery will be attempted.
2026-08-31T22:21:33.474+05:30  WARN 34200 --- [bmp-payment-service] [l-1 housekeeper] com.zaxxer.hikari.pool.HikariPool        : HikariPool-1 - Thread starvation or clock leap detected (housekeeper delta=10h5m50s945ms603µs900ns).
2026-08-31T22:21:33.591+05:30  INFO 34200 --- [bmp-payment-service] [container-0-C-1] o.a.k.c.c.internals.ConsumerCoordinator  : [Consumer clientId=consumer-anonymous.f27927d3-4c74-446c-9c94-2f1117fc50d2-2, groupId=anonymous.f27927d3-4c74-446c-9c94-2f1117fc50d2] Discovered group coordinator localhost:9092 (id: 2147483646 rack: null)
2026-08-31T22:21:39.391+05:30  INFO 34200 --- [bmp-payment-service] [pool-2-thread-1] org.apache.kafka.clients.NetworkClient   : [Consumer clientId=consumer-anonymous.f27927d3-4c74-446c-9c94-2f1117fc50d2-3, groupId=anonymous.f27927d3-4c74-446c-9c94-2f1117fc50d2] Node 2147483646 disconnected.
2026-08-31T22:21:39.409+05:30  INFO 34200 --- [bmp-payment-service] [pool-2-thread-1] o.a.k.c.c.internals.ConsumerCoordinator  : [Consumer clientId=consumer-anonymous.f27927d3-4c74-446c-9c94-2f1117fc50d2-3, groupId=anonymous.f27927d3-4c74-446c-9c94-2f1117fc50d2] Group coordinator localhost:9092 (id: 2147483646 rack: null) is unavailable or invalid due to cause: coordinator unavailable. isDisconnected: true. Rediscovery will be attempted.
2026-08-31T22:21:39.445+05:30  INFO 34200 --- [bmp-payment-service] [pool-2-thread-1] o.a.k.c.c.internals.ConsumerCoordinator  : [Consumer clientId=consumer-anonymous.f27927d3-4c74-446c-9c94-2f1117fc50d2-3, groupId=anonymous.f27927d3-4c74-446c-9c94-2f1117fc50d2] Discovered group coordinator localhost:9092 (id: 2147483646 rack: null)
2026-08-31T22:24:55.200+05:30  INFO 34200 --- [bmp-payment-service] [rap-executor-%d] c.n.d.s.r.aws.ConfigClusterResolver      : Resolving eureka endpoints via configuration
2026-08-31T22:29:55.243+05:30  INFO 34200 --- [bmp-payment-service] [rap-executor-%d] c.n.d.s.r.aws.ConfigClusterResolver      : Resolving eureka endpoints via configuration
2026-08-31T22:38:18.593+05:30  INFO 34200 --- [bmp-payment-service] [container-0-C-1] org.apache.kafka.clients.NetworkClient   : [Consumer clientId=consumer-anonymous.f27927d3-4c74-446c-9c94-2f1117fc50d2-2, groupId=anonymous.f27927d3-4c74-446c-9c94-2f1117fc50d2] Disconnecting from node 1 due to request timeout.
2026-08-31T22:38:18.600+05:30  INFO 34200 --- [bmp-payment-service] [container-0-C-1] org.apache.kafka.clients.NetworkClient   : [Consumer clientId=consumer-anonymous.f27927d3-4c74-446c-9c94-2f1117fc50d2-2, groupId=anonymous.f27927d3-4c74-446c-9c94-2f1117fc50d2] Cancelled in-flight FETCH request with correlation id 140566 due to node 1 being disconnected (elapsed time since creation: 392270ms, elapsed time since send: 392270ms, throttle time: 0ms, request timeout: 30000ms)
2026-08-31T22:38:18.602+05:30  INFO 34200 --- [bmp-payment-service] [container-0-C-1] org.apache.kafka.clients.NetworkClient   : [Consumer clientId=consumer-anonymous.f27927d3-4c74-446c-9c94-2f1117fc50d2-2, groupId=anonymous.f27927d3-4c74-446c-9c94-2f1117fc50d2] Disconnecting from node 2147483646 due to request timeout.
2026-08-31T22:38:18.602+05:30  INFO 34200 --- [bmp-payment-service] [container-0-C-1] org.apache.kafka.clients.NetworkClient   : [Consumer clientId=consumer-anonymous.f27927d3-4c74-446c-9c94-2f1117fc50d2-2, groupId=anonymous.f27927d3-4c74-446c-9c94-2f1117fc50d2] Cancelled in-flight HEARTBEAT request with correlation id 140567 due to node 2147483646 being disconnected (elapsed time since creation: 391043ms, elapsed time since send: 391043ms, throttle time: 0ms, request timeout: 30000ms)
2026-08-31T22:38:18.605+05:30  INFO 34200 --- [bmp-payment-service] [container-0-C-1] o.a.kafka.clients.FetchSessionHandler    : [Consumer clientId=consumer-anonymous.f27927d3-4c74-446c-9c94-2f1117fc50d2-2, groupId=anonymous.f27927d3-4c74-446c-9c94-2f1117fc50d2] Error sending fetch request (sessionId=1549470527, epoch=1197) to node 1:

org.apache.kafka.common.errors.DisconnectException: null

2026-08-31T22:38:18.696+05:30  INFO 34200 --- [bmp-payment-service] [94-2f1117fc50d2] o.a.k.c.c.internals.ConsumerCoordinator  : [Consumer clientId=consumer-anonymous.f27927d3-4c74-446c-9c94-2f1117fc50d2-2, groupId=anonymous.f27927d3-4c74-446c-9c94-2f1117fc50d2] Group coordinator localhost:9092 (id: 2147483646 rack: null) is unavailable or invalid due to cause: session timed out without receiving a heartbeat response. isDisconnected: false. Rediscovery will be attempted.
2026-08-31T22:38:18.701+05:30  INFO 34200 --- [bmp-payment-service] [94-2f1117fc50d2] o.a.k.c.c.internals.ConsumerCoordinator  : [Consumer clientId=consumer-anonymous.f27927d3-4c74-446c-9c94-2f1117fc50d2-2, groupId=anonymous.f27927d3-4c74-446c-9c94-2f1117fc50d2] Requesting disconnect from last known coordinator localhost:9092 (id: 2147483646 rack: null)
2026-08-31T22:38:19.717+05:30  INFO 34200 --- [bmp-payment-service] [container-0-C-1] o.a.k.c.c.internals.ConsumerCoordinator  : [Consumer clientId=consumer-anonymous.f27927d3-4c74-446c-9c94-2f1117fc50d2-2, groupId=anonymous.f27927d3-4c74-446c-9c94-2f1117fc50d2] Discovered group coordinator localhost:9092 (id: 2147483646 rack: null)
2026-08-31T22:38:31.866+05:30  WARN 34200 --- [bmp-payment-service] [l-1 housekeeper] com.zaxxer.hikari.pool.HikariPool        : HikariPool-1 - Thread starvation or clock leap detected (housekeeper delta=6m58s317ms113µs800ns).
2026-08-31T22:41:23.427+05:30  INFO 34200 --- [bmp-payment-service] [rap-executor-%d] c.n.d.s.r.aws.ConfigClusterResolver      : Resolving eureka endpoints via configuration
2026-08-31T22:46:23.445+05:30  INFO 34200 --- [bmp-payment-service] [rap-executor-%d] c.n.d.s.r.aws.ConfigClusterResolver      : Resolving eureka endpoints via configuration
2026-08-31T22:51:23.459+05:30  INFO 34200 --- [bmp-payment-service] [rap-executor-%d] c.n.d.s.r.aws.ConfigClusterResolver      : Resolving eureka endpoints via configuration
2026-08-31T22:56:23.488+05:30  INFO 34200 --- [bmp-payment-service] [rap-executor-%d] c.n.d.s.r.aws.ConfigClusterResolver      : Resolving eureka endpoints via configuration
2026-08-31T23:01:23.512+05:30  INFO 34200 --- [bmp-payment-service] [rap-executor-%d] c.n.d.s.r.aws.ConfigClusterResolver      : Resolving eureka endpoints via configuration
2026-08-31T23:06:23.519+05:30  INFO 34200 --- [bmp-payment-service] [rap-executor-%d] c.n.d.s.r.aws.ConfigClusterResolver      : Resolving eureka endpoints via configuration
2026-08-31T23:11:23.548+05:30  INFO 34200 --- [bmp-payment-service] [rap-executor-%d] c.n.d.s.r.aws.ConfigClusterResolver      : Resolving eureka endpoints via configuration
2026-08-31T23:16:23.576+05:30  INFO 34200 --- [bmp-payment-service] [rap-executor-%d] c.n.d.s.r.aws.ConfigClusterResolver      : Resolving eureka endpoints via configuration
2026-08-31T23:21:23.582+05:30  INFO 34200 --- [bmp-payment-service] [rap-executor-%d] c.n.d.s.r.aws.ConfigClusterResolver      : Resolving eureka endpoints via configuration
2026-08-31T23:26:23.598+05:30  INFO 34200 --- [bmp-payment-service] [rap-executor-%d] c.n.d.s.r.aws.ConfigClusterResolver      : Resolving eureka endpoints via configuration
2026-08-31T23:31:23.626+05:30  INFO 34200 --- [bmp-payment-service] [rap-executor-%d] c.n.d.s.r.aws.ConfigClusterResolver      : Resolving eureka endpoints via configuration
2026-08-31T23:36:23.627+05:30  INFO 34200 --- [bmp-payment-service] [rap-executor-%d] c.n.d.s.r.aws.ConfigClusterResolver      : Resolving eureka endpoints via configuration
2026-08-31T23:41:23.641+05:30  INFO 34200 --- [bmp-payment-service] [rap-executor-%d] c.n.d.s.r.aws.ConfigClusterResolver      : Resolving eureka endpoints via configuration
2026-08-31T23:46:23.659+05:30  INFO 34200 --- [bmp-payment-service] [rap-executor-%d] c.n.d.s.r.aws.ConfigClusterResolver      : Resolving eureka endpoints via configuration
2026-08-31T23:55:24.871+05:30  INFO 34200 --- [bmp-payment-service] [94-2f1117fc50d2] org.apache.kafka.clients.NetworkClient   : [Consumer clientId=consumer-anonymous.f27927d3-4c74-446c-9c94-2f1117fc50d2-2, groupId=anonymous.f27927d3-4c74-446c-9c94-2f1117fc50d2] Disconnecting from node 1 due to request timeout.
2026-08-31T23:55:24.985+05:30  INFO 34200 --- [bmp-payment-service] [94-2f1117fc50d2] org.apache.kafka.clients.NetworkClient   : [Consumer clientId=consumer-anonymous.f27927d3-4c74-446c-9c94-2f1117fc50d2-2, groupId=anonymous.f27927d3-4c74-446c-9c94-2f1117fc50d2] Cancelled in-flight FETCH request with correlation id 150583 due to node 1 being disconnected (elapsed time since creation: 301932ms, elapsed time since send: 301932ms, throttle time: 0ms, request timeout: 30000ms)
2026-08-31T23:55:24.986+05:30  INFO 34200 --- [bmp-payment-service] [94-2f1117fc50d2] org.apache.kafka.clients.NetworkClient   : [Consumer clientId=consumer-anonymous.f27927d3-4c74-446c-9c94-2f1117fc50d2-2, groupId=anonymous.f27927d3-4c74-446c-9c94-2f1117fc50d2] Cancelled in-flight METADATA request with correlation id 150585 due to node 1 being disconnected (elapsed time since creation: 0ms, elapsed time since send: 0ms, throttle time: 0ms, request timeout: 30000ms)
2026-08-31T23:55:25.049+05:30  INFO 34200 --- [bmp-payment-service] [94-2f1117fc50d2] org.apache.kafka.clients.NetworkClient   : [Consumer clientId=consumer-anonymous.f27927d3-4c74-446c-9c94-2f1117fc50d2-2, groupId=anonymous.f27927d3-4c74-446c-9c94-2f1117fc50d2] Disconnecting from node 2147483646 due to request timeout.
2026-08-31T23:55:25.049+05:30  INFO 34200 --- [bmp-payment-service] [94-2f1117fc50d2] org.apache.kafka.clients.NetworkClient   : [Consumer clientId=consumer-anonymous.f27927d3-4c74-446c-9c94-2f1117fc50d2-2, groupId=anonymous.f27927d3-4c74-446c-9c94-2f1117fc50d2] Cancelled in-flight HEARTBEAT request with correlation id 150584 due to node 2147483646 being disconnected (elapsed time since creation: 300074ms, elapsed time since send: 300074ms, throttle time: 0ms, request timeout: 30000ms)
2026-08-31T23:55:25.087+05:30  INFO 34200 --- [bmp-payment-service] [94-2f1117fc50d2] o.a.kafka.clients.FetchSessionHandler    : [Consumer clientId=consumer-anonymous.f27927d3-4c74-446c-9c94-2f1117fc50d2-2, groupId=anonymous.f27927d3-4c74-446c-9c94-2f1117fc50d2] Error sending fetch request (sessionId=1555028258, epoch=8545) to node 1:

org.apache.kafka.common.errors.DisconnectException: null

2026-08-31T23:55:25.350+05:30  INFO 34200 --- [bmp-payment-service] [94-2f1117fc50d2] o.a.k.c.c.internals.ConsumerCoordinator  : [Consumer clientId=consumer-anonymous.f27927d3-4c74-446c-9c94-2f1117fc50d2-2, groupId=anonymous.f27927d3-4c74-446c-9c94-2f1117fc50d2] Group coordinator localhost:9092 (id: 2147483646 rack: null) is unavailable or invalid due to cause: null. isDisconnected: true. Rediscovery will be attempted.
2026-08-31T23:55:27.595+05:30  INFO 34200 --- [bmp-payment-service] [container-0-C-1] o.a.k.c.c.internals.ConsumerCoordinator  : [Consumer clientId=consumer-anonymous.f27927d3-4c74-446c-9c94-2f1117fc50d2-2, groupId=anonymous.f27927d3-4c74-446c-9c94-2f1117fc50d2] Discovered group coordinator localhost:9092 (id: 2147483646 rack: null)
2026-08-31T23:55:32.660+05:30  WARN 34200 --- [bmp-payment-service] [l-1 housekeeper] com.zaxxer.hikari.pool.HikariPool        : HikariPool-1 - Thread starvation or clock leap detected (housekeeper delta=5m29s678ms908µs200ns).
2026-08-31T23:56:23.200+05:30  INFO 34200 --- [bmp-payment-service] [rap-executor-%d] c.n.d.s.r.aws.ConfigClusterResolver      : Resolving eureka endpoints via configuration
2026-09-01T00:01:23.232+05:30  INFO 34200 --- [bmp-payment-service] [rap-executor-%d] c.n.d.s.r.aws.ConfigClusterResolver      : Resolving eureka endpoints via configuration
2026-09-01T00:06:23.285+05:30  INFO 34200 --- [bmp-payment-service] [rap-executor-%d] c.n.d.s.r.aws.ConfigClusterResolver      : Resolving eureka endpoints via configuration
2026-09-01T00:11:23.299+05:30  INFO 34200 --- [bmp-payment-service] [rap-executor-%d] c.n.d.s.r.aws.ConfigClusterResolver      : Resolving eureka endpoints via configuration
2026-09-01T00:31:41.934+05:30  INFO 34200 --- [bmp-payment-service] [container-0-C-1] org.apache.kafka.clients.NetworkClient   : [Consumer clientId=consumer-anonymous.f27927d3-4c74-446c-9c94-2f1117fc50d2-2, groupId=anonymous.f27927d3-4c74-446c-9c94-2f1117fc50d2] Node 2147483646 disconnected.
2026-09-01T00:31:41.997+05:30  INFO 34200 --- [bmp-payment-service] [container-0-C-1] org.apache.kafka.clients.NetworkClient   : [Consumer clientId=consumer-anonymous.f27927d3-4c74-446c-9c94-2f1117fc50d2-2, groupId=anonymous.f27927d3-4c74-446c-9c94-2f1117fc50d2] Disconnecting from node 1 due to request timeout.
2026-09-01T00:31:42.053+05:30  INFO 34200 --- [bmp-payment-service] [container-0-C-1] org.apache.kafka.clients.NetworkClient   : [Consumer clientId=consumer-anonymous.f27927d3-4c74-446c-9c94-2f1117fc50d2-2, groupId=anonymous.f27927d3-4c74-446c-9c94-2f1117fc50d2] Cancelled in-flight FETCH request with correlation id 152804 due to node 1 being disconnected (elapsed time since creation: 1219948ms, elapsed time since send: 1219948ms, throttle time: 0ms, request timeout: 30000ms)
2026-09-01T00:31:42.058+05:30  INFO 34200 --- [bmp-payment-service] [94-2f1117fc50d2] o.a.k.c.c.internals.ConsumerCoordinator  : [Consumer clientId=consumer-anonymous.f27927d3-4c74-446c-9c94-2f1117fc50d2-2, groupId=anonymous.f27927d3-4c74-446c-9c94-2f1117fc50d2] Group coordinator localhost:9092 (id: 2147483646 rack: null) is unavailable or invalid due to cause: session timed out without receiving a heartbeat response. isDisconnected: false. Rediscovery will be attempted.
2026-09-01T00:31:42.058+05:30  INFO 34200 --- [bmp-payment-service] [94-2f1117fc50d2] o.a.k.c.c.internals.ConsumerCoordinator  : [Consumer clientId=consumer-anonymous.f27927d3-4c74-446c-9c94-2f1117fc50d2-2, groupId=anonymous.f27927d3-4c74-446c-9c94-2f1117fc50d2] Requesting disconnect from last known coordinator localhost:9092 (id: 2147483646 rack: null)
2026-09-01T00:31:42.056+05:30  INFO 34200 --- [bmp-payment-service] [container-0-C-1] o.a.kafka.clients.FetchSessionHandler    : [Consumer clientId=consumer-anonymous.f27927d3-4c74-446c-9c94-2f1117fc50d2-2, groupId=anonymous.f27927d3-4c74-446c-9c94-2f1117fc50d2] Error sending fetch request (sessionId=591735519, epoch=1888) to node 1:

org.apache.kafka.common.errors.DisconnectException: null

2026-09-01T00:31:43.550+05:30  INFO 34200 --- [bmp-payment-service] [container-0-C-1] o.a.k.c.c.internals.ConsumerCoordinator  : [Consumer clientId=consumer-anonymous.f27927d3-4c74-446c-9c94-2f1117fc50d2-2, groupId=anonymous.f27927d3-4c74-446c-9c94-2f1117fc50d2] Discovered group coordinator localhost:9092 (id: 2147483646 rack: null)
2026-09-01T00:31:49.041+05:30  WARN 34200 --- [bmp-payment-service] [l-1 housekeeper] com.zaxxer.hikari.pool.HikariPool        : HikariPool-1 - Thread starvation or clock leap detected (housekeeper delta=20m46s285ms984µs700ns).
2026-09-01T00:32:25.779+05:30  INFO 34200 --- [bmp-payment-service] [pool-2-thread-1] org.apache.kafka.clients.NetworkClient   : [Consumer clientId=consumer-anonymous.f27927d3-4c74-446c-9c94-2f1117fc50d2-3, groupId=anonymous.f27927d3-4c74-446c-9c94-2f1117fc50d2] Node 2147483646 disconnected.
2026-09-01T00:32:25.785+05:30  INFO 34200 --- [bmp-payment-service] [pool-2-thread-1] o.a.k.c.c.internals.ConsumerCoordinator  : [Consumer clientId=consumer-anonymous.f27927d3-4c74-446c-9c94-2f1117fc50d2-3, groupId=anonymous.f27927d3-4c74-446c-9c94-2f1117fc50d2] Group coordinator localhost:9092 (id: 2147483646 rack: null) is unavailable or invalid due to cause: coordinator unavailable. isDisconnected: true. Rediscovery will be attempted.
2026-09-01T00:32:25.786+05:30  INFO 34200 --- [bmp-payment-service] [pool-2-thread-1] o.a.k.c.c.internals.ConsumerCoordinator  : [Consumer clientId=consumer-anonymous.f27927d3-4c74-446c-9c94-2f1117fc50d2-3, groupId=anonymous.f27927d3-4c74-446c-9c94-2f1117fc50d2] Discovered group coordinator localhost:9092 (id: 2147483646 rack: null)
2026-09-01T00:32:25.787+05:30  INFO 34200 --- [bmp-payment-service] [pool-2-thread-1] o.a.k.c.c.internals.ConsumerCoordinator  : [Consumer clientId=consumer-anonymous.f27927d3-4c74-446c-9c94-2f1117fc50d2-3, groupId=anonymous.f27927d3-4c74-446c-9c94-2f1117fc50d2] Group coordinator localhost:9092 (id: 2147483646 rack: null) is unavailable or invalid due to cause: coordinator unavailable. isDisconnected: false. Rediscovery will be attempted.
2026-09-01T00:32:25.787+05:30  INFO 34200 --- [bmp-payment-service] [pool-2-thread-1] o.a.k.c.c.internals.ConsumerCoordinator  : [Consumer clientId=consumer-anonymous.f27927d3-4c74-446c-9c94-2f1117fc50d2-3, groupId=anonymous.f27927d3-4c74-446c-9c94-2f1117fc50d2] Requesting disconnect from last known coordinator localhost:9092 (id: 2147483646 rack: null)
2026-09-01T00:32:25.909+05:30  INFO 34200 --- [bmp-payment-service] [pool-2-thread-1] o.a.k.c.c.internals.ConsumerCoordinator  : [Consumer clientId=consumer-anonymous.f27927d3-4c74-446c-9c94-2f1117fc50d2-3, groupId=anonymous.f27927d3-4c74-446c-9c94-2f1117fc50d2] Discovered group coordinator localhost:9092 (id: 2147483646 rack: null)
2026-09-01T00:36:39.469+05:30  INFO 34200 --- [bmp-payment-service] [rap-executor-%d] c.n.d.s.r.aws.ConfigClusterResolver      : Resolving eureka endpoints via configuration
2026-09-01T00:41:39.510+05:30  INFO 34200 --- [bmp-payment-service] [rap-executor-%d] c.n.d.s.r.aws.ConfigClusterResolver      : Resolving eureka endpoints via configuration
2026-09-01T00:46:39.528+05:30  INFO 34200 --- [bmp-payment-service] [rap-executor-%d] c.n.d.s.r.aws.ConfigClusterResolver      : Resolving eureka endpoints via configuration
2026-09-01T00:51:39.585+05:30  INFO 34200 --- [bmp-payment-service] [rap-executor-%d] c.n.d.s.r.aws.ConfigClusterResolver      : Resolving eureka endpoints via configuration
2026-09-01T00:56:39.622+05:30  INFO 34200 --- [bmp-payment-service] [rap-executor-%d] c.n.d.s.r.aws.ConfigClusterResolver      : Resolving eureka endpoints via configuration
2026-09-01T01:01:39.633+05:30  INFO 34200 --- [bmp-payment-service] [rap-executor-%d] c.n.d.s.r.aws.ConfigClusterResolver      : Resolving eureka endpoints via configuration
2026-09-01T01:06:39.639+05:30  INFO 34200 --- [bmp-payment-service] [rap-executor-%d] c.n.d.s.r.aws.ConfigClusterResolver      : Resolving eureka endpoints via configuration
2026-09-01T01:11:39.644+05:30  INFO 34200 --- [bmp-payment-service] [rap-executor-%d] c.n.d.s.r.aws.ConfigClusterResolver      : Resolving eureka endpoints via configuration
2026-09-01T01:16:39.650+05:30  INFO 34200 --- [bmp-payment-service] [rap-executor-%d] c.n.d.s.r.aws.ConfigClusterResolver      : Resolving eureka endpoints via configuration
2026-09-01T01:21:39.684+05:30  INFO 34200 --- [bmp-payment-service] [rap-executor-%d] c.n.d.s.r.aws.ConfigClusterResolver      : Resolving eureka endpoints via configuration
2026-09-01T01:26:39.686+05:30  INFO 34200 --- [bmp-payment-service] [rap-executor-%d] c.n.d.s.r.aws.ConfigClusterResolver      : Resolving eureka endpoints via configuration
2026-09-01T01:31:39.688+05:30  INFO 34200 --- [bmp-payment-service] [rap-executor-%d] c.n.d.s.r.aws.ConfigClusterResolver      : Resolving eureka endpoints via configuration
2026-09-01T01:36:39.697+05:30  INFO 34200 --- [bmp-payment-service] [rap-executor-%d] c.n.d.s.r.aws.ConfigClusterResolver      : Resolving eureka endpoints via configuration
2026-09-01T04:40:45.977+05:30  INFO 34200 --- [bmp-payment-service] [94-2f1117fc50d2] o.a.k.c.c.internals.ConsumerCoordinator  : [Consumer clientId=consumer-anonymous.f27927d3-4c74-446c-9c94-2f1117fc50d2-2, groupId=anonymous.f27927d3-4c74-446c-9c94-2f1117fc50d2] Group coordinator localhost:9092 (id: 2147483646 rack: null) is unavailable or invalid due to cause: session timed out without receiving a heartbeat response. isDisconnected: false. Rediscovery will be attempted.
2026-09-01T04:40:45.977+05:30  INFO 34200 --- [bmp-payment-service] [94-2f1117fc50d2] o.a.k.c.c.internals.ConsumerCoordinator  : [Consumer clientId=consumer-anonymous.f27927d3-4c74-446c-9c94-2f1117fc50d2-2, groupId=anonymous.f27927d3-4c74-446c-9c94-2f1117fc50d2] Requesting disconnect from last known coordinator localhost:9092 (id: 2147483646 rack: null)
2026-09-01T04:40:46.094+05:30  INFO 34200 --- [bmp-payment-service] [94-2f1117fc50d2] org.apache.kafka.clients.NetworkClient   : [Consumer clientId=consumer-anonymous.f27927d3-4c74-446c-9c94-2f1117fc50d2-2, groupId=anonymous.f27927d3-4c74-446c-9c94-2f1117fc50d2] Client requested disconnect from node 2147483646
2026-09-01T04:40:46.244+05:30  INFO 34200 --- [bmp-payment-service] [94-2f1117fc50d2] org.apache.kafka.clients.NetworkClient   : [Consumer clientId=consumer-anonymous.f27927d3-4c74-446c-9c94-2f1117fc50d2-2, groupId=anonymous.f27927d3-4c74-446c-9c94-2f1117fc50d2] Node 1 disconnected.
2026-09-01T04:40:46.296+05:30  INFO 34200 --- [bmp-payment-service] [94-2f1117fc50d2] org.apache.kafka.clients.NetworkClient   : [Consumer clientId=consumer-anonymous.f27927d3-4c74-446c-9c94-2f1117fc50d2-2, groupId=anonymous.f27927d3-4c74-446c-9c94-2f1117fc50d2] Cancelled in-flight FETCH request with correlation id 162394 due to node 1 being disconnected (elapsed time since creation: 10802745ms, elapsed time since send: 10802745ms, throttle time: 0ms, request timeout: 30000ms)
2026-09-01T04:40:46.349+05:30  INFO 34200 --- [bmp-payment-service] [94-2f1117fc50d2] org.apache.kafka.clients.NetworkClient   : [Consumer clientId=consumer-anonymous.f27927d3-4c74-446c-9c94-2f1117fc50d2-2, groupId=anonymous.f27927d3-4c74-446c-9c94-2f1117fc50d2] Cancelled in-flight METADATA request with correlation id 162395 due to node 1 being disconnected (elapsed time since creation: 259ms, elapsed time since send: 259ms, throttle time: 0ms, request timeout: 30000ms)
2026-09-01T04:40:46.405+05:30  INFO 34200 --- [bmp-payment-service] [94-2f1117fc50d2] o.a.kafka.clients.FetchSessionHandler    : [Consumer clientId=consumer-anonymous.f27927d3-4c74-446c-9c94-2f1117fc50d2-2, groupId=anonymous.f27927d3-4c74-446c-9c94-2f1117fc50d2] Error sending fetch request (sessionId=151717763, epoch=8181) to node 1:

org.apache.kafka.common.errors.DisconnectException: null

2026-09-01T04:40:47.764+05:30  INFO 34200 --- [bmp-payment-service] [container-0-C-1] o.a.k.c.c.internals.ConsumerCoordinator  : [Consumer clientId=consumer-anonymous.f27927d3-4c74-446c-9c94-2f1117fc50d2-2, groupId=anonymous.f27927d3-4c74-446c-9c94-2f1117fc50d2] Discovered group coordinator localhost:9092 (id: 2147483646 rack: null)
2026-09-01T04:40:48.540+05:30  WARN 34200 --- [bmp-payment-service] [l-1 housekeeper] com.zaxxer.hikari.pool.HikariPool        : HikariPool-1 - Thread starvation or clock leap detected (housekeeper delta=3h28s534ms249µs500ns).
2026-09-01T13:42:03.562+05:30  INFO 34200 --- [bmp-payment-service] [94-2f1117fc50d2] org.apache.kafka.clients.NetworkClient   : [Consumer clientId=consumer-anonymous.f27927d3-4c74-446c-9c94-2f1117fc50d2-2, groupId=anonymous.f27927d3-4c74-446c-9c94-2f1117fc50d2] Node 1 disconnected.
2026-09-01T13:42:03.562+05:30  INFO 34200 --- [bmp-payment-service] [94-2f1117fc50d2] org.apache.kafka.clients.NetworkClient   : [Consumer clientId=consumer-anonymous.f27927d3-4c74-446c-9c94-2f1117fc50d2-2, groupId=anonymous.f27927d3-4c74-446c-9c94-2f1117fc50d2] Cancelled in-flight FETCH request with correlation id 162419 due to node 1 being disconnected (elapsed time since creation: 32468112ms, elapsed time since send: 32468112ms, throttle time: 0ms, request timeout: 30000ms)
2026-09-01T13:42:04.722+05:30  INFO 34200 --- [bmp-payment-service] [94-2f1117fc50d2] org.apache.kafka.clients.NetworkClient   : [Consumer clientId=consumer-anonymous.f27927d3-4c74-446c-9c94-2f1117fc50d2-2, groupId=anonymous.f27927d3-4c74-446c-9c94-2f1117fc50d2] Cancelled in-flight METADATA request with correlation id 162421 due to node 1 being disconnected (elapsed time since creation: 0ms, elapsed time since send: 0ms, throttle time: 0ms, request timeout: 30000ms)
2026-09-01T13:42:04.735+05:30  INFO 34200 --- [bmp-payment-service] [94-2f1117fc50d2] org.apache.kafka.clients.NetworkClient   : [Consumer clientId=consumer-anonymous.f27927d3-4c74-446c-9c94-2f1117fc50d2-2, groupId=anonymous.f27927d3-4c74-446c-9c94-2f1117fc50d2] Disconnecting from node 2147483646 due to request timeout.
2026-09-01T13:42:04.736+05:30  INFO 34200 --- [bmp-payment-service] [94-2f1117fc50d2] org.apache.kafka.clients.NetworkClient   : [Consumer clientId=consumer-anonymous.f27927d3-4c74-446c-9c94-2f1117fc50d2-2, groupId=anonymous.f27927d3-4c74-446c-9c94-2f1117fc50d2] Cancelled in-flight HEARTBEAT request with correlation id 162420 due to node 2147483646 being disconnected (elapsed time since creation: 32466767ms, elapsed time since send: 32466767ms, throttle time: 0ms, request timeout: 30000ms)
2026-09-01T13:42:04.736+05:30  INFO 34200 --- [bmp-payment-service] [94-2f1117fc50d2] o.a.kafka.clients.FetchSessionHandler    : [Consumer clientId=consumer-anonymous.f27927d3-4c74-446c-9c94-2f1117fc50d2-2, groupId=anonymous.f27927d3-4c74-446c-9c94-2f1117fc50d2] Error sending fetch request (sessionId=1598629076, epoch=14) to node 1:

org.apache.kafka.common.errors.DisconnectException: null

2026-09-01T13:42:05.091+05:30  INFO 34200 --- [bmp-payment-service] [94-2f1117fc50d2] o.a.k.c.c.internals.ConsumerCoordinator  : [Consumer clientId=consumer-anonymous.f27927d3-4c74-446c-9c94-2f1117fc50d2-2, groupId=anonymous.f27927d3-4c74-446c-9c94-2f1117fc50d2] Group coordinator localhost:9092 (id: 2147483646 rack: null) is unavailable or invalid due to cause: null. isDisconnected: true. Rediscovery will be attempted.
2026-09-01T13:42:06.992+05:30  INFO 34200 --- [bmp-payment-service] [container-0-C-1] o.a.k.c.c.internals.ConsumerCoordinator  : [Consumer clientId=consumer-anonymous.f27927d3-4c74-446c-9c94-2f1117fc50d2-2, groupId=anonymous.f27927d3-4c74-446c-9c94-2f1117fc50d2] Discovered group coordinator localhost:9092 (id: 2147483646 rack: null)
2026-09-01T13:42:20.486+05:30  WARN 34200 --- [bmp-payment-service] [l-1 housekeeper] com.zaxxer.hikari.pool.HikariPool        : HikariPool-1 - Thread starvation or clock leap detected (housekeeper delta=9h1m39s106ms83µs).
2026-09-01T13:42:28.439+05:30  INFO 34200 --- [bmp-payment-service] [pool-2-thread-1] org.apache.kafka.clients.NetworkClient   : [Consumer clientId=consumer-anonymous.f27927d3-4c74-446c-9c94-2f1117fc50d2-3, groupId=anonymous.f27927d3-4c74-446c-9c94-2f1117fc50d2] Node 2147483646 disconnected.
2026-09-01T13:42:40.020+05:30  INFO 34200 --- [bmp-payment-service] [rap-executor-%d] c.n.d.s.r.aws.ConfigClusterResolver      : Resolving eureka endpoints via configuration
2026-09-01T13:47:40.049+05:30  INFO 34200 --- [bmp-payment-service] [rap-executor-%d] c.n.d.s.r.aws.ConfigClusterResolver      : Resolving eureka endpoints via configuration
2026-09-01T13:52:40.091+05:30  INFO 34200 --- [bmp-payment-service] [rap-executor-%d] c.n.d.s.r.aws.ConfigClusterResolver      : Resolving eureka endpoints via configuration
2026-09-01T13:57:40.100+05:30  INFO 34200 --- [bmp-payment-service] [rap-executor-%d] c.n.d.s.r.aws.ConfigClusterResolver      : Resolving eureka endpoints via configuration
2026-09-01T14:02:40.127+05:30  INFO 34200 --- [bmp-payment-service] [rap-executor-%d] c.n.d.s.r.aws.ConfigClusterResolver      : Resolving eureka endpoints via configuration
2026-09-01T14:44:41.916+05:30  INFO 34200 --- [bmp-payment-service] [container-0-C-1] org.apache.kafka.clients.NetworkClient   : [Consumer clientId=consumer-anonymous.f27927d3-4c74-446c-9c94-2f1117fc50d2-2, groupId=anonymous.f27927d3-4c74-446c-9c94-2f1117fc50d2] Node 2147483646 disconnected.
2026-09-01T14:44:42.072+05:30  INFO 34200 --- [bmp-payment-service] [container-0-C-1] org.apache.kafka.clients.NetworkClient   : [Consumer clientId=consumer-anonymous.f27927d3-4c74-446c-9c94-2f1117fc50d2-2, groupId=anonymous.f27927d3-4c74-446c-9c94-2f1117fc50d2] Disconnecting from node 1 due to request timeout.
2026-09-01T14:44:42.121+05:30  INFO 34200 --- [bmp-payment-service] [container-0-C-1] org.apache.kafka.clients.NetworkClient   : [Consumer clientId=consumer-anonymous.f27927d3-4c74-446c-9c94-2f1117fc50d2-2, groupId=anonymous.f27927d3-4c74-446c-9c94-2f1117fc50d2] Cancelled in-flight FETCH request with correlation id 165444 due to node 1 being disconnected (elapsed time since creation: 2455015ms, elapsed time since send: 2455015ms, throttle time: 0ms, request timeout: 30000ms)
2026-09-01T14:44:42.171+05:30  INFO 34200 --- [bmp-payment-service] [94-2f1117fc50d2] o.a.k.c.c.internals.ConsumerCoordinator  : [Consumer clientId=consumer-anonymous.f27927d3-4c74-446c-9c94-2f1117fc50d2-2, groupId=anonymous.f27927d3-4c74-446c-9c94-2f1117fc50d2] Group coordinator localhost:9092 (id: 2147483646 rack: null) is unavailable or invalid due to cause: session timed out without receiving a heartbeat response. isDisconnected: false. Rediscovery will be attempted.
2026-09-01T14:44:42.172+05:30  INFO 34200 --- [bmp-payment-service] [94-2f1117fc50d2] o.a.k.c.c.internals.ConsumerCoordinator  : [Consumer clientId=consumer-anonymous.f27927d3-4c74-446c-9c94-2f1117fc50d2-2, groupId=anonymous.f27927d3-4c74-446c-9c94-2f1117fc50d2] Requesting disconnect from last known coordinator localhost:9092 (id: 2147483646 rack: null)
2026-09-01T14:44:42.320+05:30  WARN 34200 --- [bmp-payment-service] [l-1 housekeeper] com.zaxxer.hikari.pool.HikariPool        : HikariPool-1 - Thread starvation or clock leap detected (housekeeper delta=41m21s524ms959µs100ns).
2026-09-01T14:44:42.169+05:30  INFO 34200 --- [bmp-payment-service] [container-0-C-1] o.a.kafka.clients.FetchSessionHandler    : [Consumer clientId=consumer-anonymous.f27927d3-4c74-446c-9c94-2f1117fc50d2-2, groupId=anonymous.f27927d3-4c74-446c-9c94-2f1117fc50d2] Error sending fetch request (sessionId=732797280, epoch=2575) to node 1:

org.apache.kafka.common.errors.DisconnectException: null

2026-09-01T14:44:42.977+05:30  INFO 34200 --- [bmp-payment-service] [container-0-C-1] o.a.k.c.c.internals.ConsumerCoordinator  : [Consumer clientId=consumer-anonymous.f27927d3-4c74-446c-9c94-2f1117fc50d2-2, groupId=anonymous.f27927d3-4c74-446c-9c94-2f1117fc50d2] Discovered group coordinator localhost:9092 (id: 2147483646 rack: null)
2026-09-01T14:44:42.979+05:30  INFO 34200 --- [bmp-payment-service] [container-0-C-1] o.a.k.c.c.internals.ConsumerCoordinator  : [Consumer clientId=consumer-anonymous.f27927d3-4c74-446c-9c94-2f1117fc50d2-2, groupId=anonymous.f27927d3-4c74-446c-9c94-2f1117fc50d2] Discovered group coordinator localhost:9092 (id: 2147483646 rack: null)
2026-09-01T14:45:20.549+05:30  INFO 34200 --- [bmp-payment-service] [pool-2-thread-1] org.apache.kafka.clients.NetworkClient   : [Consumer clientId=consumer-anonymous.f27927d3-4c74-446c-9c94-2f1117fc50d2-3, groupId=anonymous.f27927d3-4c74-446c-9c94-2f1117fc50d2] Node 2147483646 disconnected.
2026-09-01T14:45:20.564+05:30  INFO 34200 --- [bmp-payment-service] [pool-2-thread-1] o.a.k.c.c.internals.ConsumerCoordinator  : [Consumer clientId=consumer-anonymous.f27927d3-4c74-446c-9c94-2f1117fc50d2-3, groupId=anonymous.f27927d3-4c74-446c-9c94-2f1117fc50d2] Group coordinator localhost:9092 (id: 2147483646 rack: null) is unavailable or invalid due to cause: coordinator unavailable. isDisconnected: true. Rediscovery will be attempted.
2026-09-01T14:45:20.567+05:30  INFO 34200 --- [bmp-payment-service] [pool-2-thread-1] o.a.k.c.c.internals.ConsumerCoordinator  : [Consumer clientId=consumer-anonymous.f27927d3-4c74-446c-9c94-2f1117fc50d2-3, groupId=anonymous.f27927d3-4c74-446c-9c94-2f1117fc50d2] Discovered group coordinator localhost:9092 (id: 2147483646 rack: null)
2026-09-01T14:45:20.569+05:30  INFO 34200 --- [bmp-payment-service] [pool-2-thread-1] o.a.k.c.c.internals.ConsumerCoordinator  : [Consumer clientId=consumer-anonymous.f27927d3-4c74-446c-9c94-2f1117fc50d2-3, groupId=anonymous.f27927d3-4c74-446c-9c94-2f1117fc50d2] Group coordinator localhost:9092 (id: 2147483646 rack: null) is unavailable or invalid due to cause: coordinator unavailable. isDisconnected: false. Rediscovery will be attempted.
2026-09-01T14:45:20.569+05:30  INFO 34200 --- [bmp-payment-service] [pool-2-thread-1] o.a.k.c.c.internals.ConsumerCoordinator  : [Consumer clientId=consumer-anonymous.f27927d3-4c74-446c-9c94-2f1117fc50d2-3, groupId=anonymous.f27927d3-4c74-446c-9c94-2f1117fc50d2] Requesting disconnect from last known coordinator localhost:9092 (id: 2147483646 rack: null)
2026-09-01T14:45:20.678+05:30  INFO 34200 --- [bmp-payment-service] [pool-2-thread-1] o.a.k.c.c.internals.ConsumerCoordinator  : [Consumer clientId=consumer-anonymous.f27927d3-4c74-446c-9c94-2f1117fc50d2-3, groupId=anonymous.f27927d3-4c74-446c-9c94-2f1117fc50d2] Discovered group coordinator localhost:9092 (id: 2147483646 rack: null)
2026-09-01T14:48:31.450+05:30  INFO 34200 --- [bmp-payment-service] [rap-executor-%d] c.n.d.s.r.aws.ConfigClusterResolver      : Resolving eureka endpoints via configuration
2026-09-01T14:53:31.465+05:30  INFO 34200 --- [bmp-payment-service] [rap-executor-%d] c.n.d.s.r.aws.ConfigClusterResolver      : Resolving eureka endpoints via configuration
2026-09-01T14:58:31.475+05:30  INFO 34200 --- [bmp-payment-service] [rap-executor-%d] c.n.d.s.r.aws.ConfigClusterResolver      : Resolving eureka endpoints via configuration
2026-09-01T15:03:31.522+05:30  INFO 34200 --- [bmp-payment-service] [rap-executor-%d] c.n.d.s.r.aws.ConfigClusterResolver      : Resolving eureka endpoints via configuration
2026-09-01T15:08:31.571+05:30  INFO 34200 --- [bmp-payment-service] [rap-executor-%d] c.n.d.s.r.aws.ConfigClusterResolver      : Resolving eureka endpoints via configuration
2026-09-01T15:13:31.575+05:30  INFO 34200 --- [bmp-payment-service] [rap-executor-%d] c.n.d.s.r.aws.ConfigClusterResolver      : Resolving eureka endpoints via configuration
2026-09-01T15:18:31.575+05:30  INFO 34200 --- [bmp-payment-service] [rap-executor-%d] c.n.d.s.r.aws.ConfigClusterResolver      : Resolving eureka endpoints via configuration
2026-09-01T15:23:31.586+05:30  INFO 34200 --- [bmp-payment-service] [rap-executor-%d] c.n.d.s.r.aws.ConfigClusterResolver      : Resolving eureka endpoints via configuration
2026-09-01T15:28:31.590+05:30  INFO 34200 --- [bmp-payment-service] [rap-executor-%d] c.n.d.s.r.aws.ConfigClusterResolver      : Resolving eureka endpoints via configuration
2026-09-01T15:33:31.603+05:30  INFO 34200 --- [bmp-payment-service] [rap-executor-%d] c.n.d.s.r.aws.ConfigClusterResolver      : Resolving eureka endpoints via configuration
2026-09-01T15:38:31.618+05:30  INFO 34200 --- [bmp-payment-service] [rap-executor-%d] c.n.d.s.r.aws.ConfigClusterResolver      : Resolving eureka endpoints via configuration
2026-09-01T15:43:31.630+05:30  INFO 34200 --- [bmp-payment-service] [rap-executor-%d] c.n.d.s.r.aws.ConfigClusterResolver      : Resolving eureka endpoints via configuration
2026-09-01T15:48:31.636+05:30  INFO 34200 --- [bmp-payment-service] [rap-executor-%d] c.n.d.s.r.aws.ConfigClusterResolver      : Resolving eureka endpoints via configuration
2026-09-01T15:53:31.646+05:30  INFO 34200 --- [bmp-payment-service] [rap-executor-%d] c.n.d.s.r.aws.ConfigClusterResolver      : Resolving eureka endpoints via configuration
2026-09-01T15:58:31.650+05:30  INFO 34200 --- [bmp-payment-service] [rap-executor-%d] c.n.d.s.r.aws.ConfigClusterResolver      : Resolving eureka endpoints via configuration
2026-09-01T16:03:31.666+05:30  INFO 34200 --- [bmp-payment-service] [rap-executor-%d] c.n.d.s.r.aws.ConfigClusterResolver      : Resolving eureka endpoints via configuration
2026-09-01T16:08:31.691+05:30  INFO 34200 --- [bmp-payment-service] [rap-executor-%d] c.n.d.s.r.aws.ConfigClusterResolver      : Resolving eureka endpoints via configuration
2026-09-01T16:13:31.698+05:30  INFO 34200 --- [bmp-payment-service] [rap-executor-%d] c.n.d.s.r.aws.ConfigClusterResolver      : Resolving eureka endpoints via configuration
2026-09-01T16:18:31.711+05:30  INFO 34200 --- [bmp-payment-service] [rap-executor-%d] c.n.d.s.r.aws.ConfigClusterResolver      : Resolving eureka endpoints via configuration
2026-09-01T17:07:55.877+05:30  INFO 34200 --- [bmp-payment-service] [94-2f1117fc50d2] org.apache.kafka.clients.NetworkClient   : [Consumer clientId=consumer-anonymous.f27927d3-4c74-446c-9c94-2f1117fc50d2-2, groupId=anonymous.f27927d3-4c74-446c-9c94-2f1117fc50d2] Node 1 disconnected.
2026-09-01T17:07:56.009+05:30  INFO 34200 --- [bmp-payment-service] [94-2f1117fc50d2] org.apache.kafka.clients.NetworkClient   : [Consumer clientId=consumer-anonymous.f27927d3-4c74-446c-9c94-2f1117fc50d2-2, groupId=anonymous.f27927d3-4c74-446c-9c94-2f1117fc50d2] Cancelled in-flight FETCH request with correlation id 179038 due to node 1 being disconnected (elapsed time since creation: 2728457ms, elapsed time since send: 2728457ms, throttle time: 0ms, request timeout: 30000ms)
2026-09-01T17:07:56.009+05:30  INFO 34200 --- [bmp-payment-service] [94-2f1117fc50d2] org.apache.kafka.clients.NetworkClient   : [Consumer clientId=consumer-anonymous.f27927d3-4c74-446c-9c94-2f1117fc50d2-2, groupId=anonymous.f27927d3-4c74-446c-9c94-2f1117fc50d2] Cancelled in-flight METADATA request with correlation id 179040 due to node 1 being disconnected (elapsed time since creation: 1328ms, elapsed time since send: 1328ms, throttle time: 0ms, request timeout: 30000ms)
2026-09-01T17:07:56.050+05:30  INFO 34200 --- [bmp-payment-service] [94-2f1117fc50d2] org.apache.kafka.clients.NetworkClient   : [Consumer clientId=consumer-anonymous.f27927d3-4c74-446c-9c94-2f1117fc50d2-2, groupId=anonymous.f27927d3-4c74-446c-9c94-2f1117fc50d2] Disconnecting from node 2147483646 due to request timeout.
2026-09-01T17:07:56.050+05:30  INFO 34200 --- [bmp-payment-service] [94-2f1117fc50d2] org.apache.kafka.clients.NetworkClient   : [Consumer clientId=consumer-anonymous.f27927d3-4c74-446c-9c94-2f1117fc50d2-2, groupId=anonymous.f27927d3-4c74-446c-9c94-2f1117fc50d2] Cancelled in-flight HEARTBEAT request with correlation id 179039 due to node 2147483646 being disconnected (elapsed time since creation: 2726462ms, elapsed time since send: 2726462ms, throttle time: 0ms, request timeout: 30000ms)
2026-09-01T17:07:56.147+05:30  INFO 34200 --- [bmp-payment-service] [94-2f1117fc50d2] o.a.kafka.clients.FetchSessionHandler    : [Consumer clientId=consumer-anonymous.f27927d3-4c74-446c-9c94-2f1117fc50d2-2, groupId=anonymous.f27927d3-4c74-446c-9c94-2f1117fc50d2] Error sending fetch request (sessionId=1013913194, epoch=11599) to node 1:

org.apache.kafka.common.errors.DisconnectException: null

2026-09-01T17:07:56.775+05:30  INFO 34200 --- [bmp-payment-service] [94-2f1117fc50d2] o.a.k.c.c.internals.ConsumerCoordinator  : [Consumer clientId=consumer-anonymous.f27927d3-4c74-446c-9c94-2f1117fc50d2-2, groupId=anonymous.f27927d3-4c74-446c-9c94-2f1117fc50d2] Group coordinator localhost:9092 (id: 2147483646 rack: null) is unavailable or invalid due to cause: null. isDisconnected: true. Rediscovery will be attempted.
2026-09-01T17:07:58.178+05:30  INFO 34200 --- [bmp-payment-service] [container-0-C-1] o.a.k.c.c.internals.ConsumerCoordinator  : [Consumer clientId=consumer-anonymous.f27927d3-4c74-446c-9c94-2f1117fc50d2-2, groupId=anonymous.f27927d3-4c74-446c-9c94-2f1117fc50d2] Discovered group coordinator localhost:9092 (id: 2147483646 rack: null)
2026-09-01T17:08:08.944+05:30  WARN 34200 --- [bmp-payment-service] [l-1 housekeeper] com.zaxxer.hikari.pool.HikariPool        : HikariPool-1 - Thread starvation or clock leap detected (housekeeper delta=45m55s54ms73µs400ns).
2026-09-01T17:08:47.382+05:30  INFO 34200 --- [bmp-payment-service] [pool-2-thread-1] org.apache.kafka.clients.NetworkClient   : [Consumer clientId=consumer-anonymous.f27927d3-4c74-446c-9c94-2f1117fc50d2-3, groupId=anonymous.f27927d3-4c74-446c-9c94-2f1117fc50d2] Node 2147483646 disconnected.
2026-09-01T17:08:47.392+05:30  INFO 34200 --- [bmp-payment-service] [pool-2-thread-1] o.a.k.c.c.internals.ConsumerCoordinator  : [Consumer clientId=consumer-anonymous.f27927d3-4c74-446c-9c94-2f1117fc50d2-3, groupId=anonymous.f27927d3-4c74-446c-9c94-2f1117fc50d2] Group coordinator localhost:9092 (id: 2147483646 rack: null) is unavailable or invalid due to cause: coordinator unavailable. isDisconnected: true. Rediscovery will be attempted.
2026-09-01T17:08:47.394+05:30  INFO 34200 --- [bmp-payment-service] [pool-2-thread-1] o.a.k.c.c.internals.ConsumerCoordinator  : [Consumer clientId=consumer-anonymous.f27927d3-4c74-446c-9c94-2f1117fc50d2-3, groupId=anonymous.f27927d3-4c74-446c-9c94-2f1117fc50d2] Discovered group coordinator localhost:9092 (id: 2147483646 rack: null)
2026-09-01T17:08:47.394+05:30  INFO 34200 --- [bmp-payment-service] [pool-2-thread-1] o.a.k.c.c.internals.ConsumerCoordinator  : [Consumer clientId=consumer-anonymous.f27927d3-4c74-446c-9c94-2f1117fc50d2-3, groupId=anonymous.f27927d3-4c74-446c-9c94-2f1117fc50d2] Group coordinator localhost:9092 (id: 2147483646 rack: null) is unavailable or invalid due to cause: coordinator unavailable. isDisconnected: false. Rediscovery will be attempted.
2026-09-01T17:08:47.394+05:30  INFO 34200 --- [bmp-payment-service] [pool-2-thread-1] o.a.k.c.c.internals.ConsumerCoordinator  : [Consumer clientId=consumer-anonymous.f27927d3-4c74-446c-9c94-2f1117fc50d2-3, groupId=anonymous.f27927d3-4c74-446c-9c94-2f1117fc50d2] Requesting disconnect from last known coordinator localhost:9092 (id: 2147483646 rack: null)
2026-09-01T17:08:47.517+05:30  INFO 34200 --- [bmp-payment-service] [pool-2-thread-1] o.a.k.c.c.internals.ConsumerCoordinator  : [Consumer clientId=consumer-anonymous.f27927d3-4c74-446c-9c94-2f1117fc50d2-3, groupId=anonymous.f27927d3-4c74-446c-9c94-2f1117fc50d2] Discovered group coordinator localhost:9092 (id: 2147483646 rack: null)
2026-09-01T17:08:56.638+05:30  INFO 34200 --- [bmp-payment-service] [rap-executor-%d] c.n.d.s.r.aws.ConfigClusterResolver      : Resolving eureka endpoints via configuration
2026-09-01T17:13:56.654+05:30  INFO 34200 --- [bmp-payment-service] [rap-executor-%d] c.n.d.s.r.aws.ConfigClusterResolver      : Resolving eureka endpoints via configuration
2026-09-01T17:18:56.667+05:30  INFO 34200 --- [bmp-payment-service] [rap-executor-%d] c.n.d.s.r.aws.ConfigClusterResolver      : Resolving eureka endpoints via configuration
2026-09-01T17:23:56.678+05:30  INFO 34200 --- [bmp-payment-service] [rap-executor-%d] c.n.d.s.r.aws.ConfigClusterResolver      : Resolving eureka endpoints via configuration
2026-09-01T17:28:56.716+05:30  INFO 34200 --- [bmp-payment-service] [rap-executor-%d] c.n.d.s.r.aws.ConfigClusterResolver      : Resolving eureka endpoints via configuration
2026-09-01T17:33:56.732+05:30  INFO 34200 --- [bmp-payment-service] [rap-executor-%d] c.n.d.s.r.aws.ConfigClusterResolver      : Resolving eureka endpoints via configuration
2026-09-01T17:38:56.743+05:30  INFO 34200 --- [bmp-payment-service] [rap-executor-%d] c.n.d.s.r.aws.ConfigClusterResolver      : Resolving eureka endpoints via configuration
2026-09-01T17:43:56.753+05:30  INFO 34200 --- [bmp-payment-service] [rap-executor-%d] c.n.d.s.r.aws.ConfigClusterResolver      : Resolving eureka endpoints via configuration
2026-09-01T17:48:56.766+05:30  INFO 34200 --- [bmp-payment-service] [rap-executor-%d] c.n.d.s.r.aws.ConfigClusterResolver      : Resolving eureka endpoints via configuration
2026-09-01T17:53:56.785+05:30  INFO 34200 --- [bmp-payment-service] [rap-executor-%d] c.n.d.s.r.aws.ConfigClusterResolver      : Resolving eureka endpoints via configuration
2026-09-01T17:58:56.801+05:30  INFO 34200 --- [bmp-payment-service] [rap-executor-%d] c.n.d.s.r.aws.ConfigClusterResolver      : Resolving eureka endpoints via configuration
2026-09-01T18:03:56.813+05:30  INFO 34200 --- [bmp-payment-service] [rap-executor-%d] c.n.d.s.r.aws.ConfigClusterResolver      : Resolving eureka endpoints via configuration
2026-09-01T18:15:31.915+05:30  INFO 34200 --- [bmp-payment-service] [pool-2-thread-1] org.apache.kafka.clients.NetworkClient   : [Consumer clientId=consumer-anonymous.f27927d3-4c74-446c-9c94-2f1117fc50d2-3, groupId=anonymous.f27927d3-4c74-446c-9c94-2f1117fc50d2] Node 2147483646 disconnected.
2026-09-01T18:15:31.869+05:30  INFO 34200 --- [bmp-payment-service] [94-2f1117fc50d2] org.apache.kafka.clients.NetworkClient   : [Consumer clientId=consumer-anonymous.f27927d3-4c74-446c-9c94-2f1117fc50d2-2, groupId=anonymous.f27927d3-4c74-446c-9c94-2f1117fc50d2] Disconnecting from node 1 due to request timeout.
2026-09-01T18:15:32.040+05:30  INFO 34200 --- [bmp-payment-service] [94-2f1117fc50d2] org.apache.kafka.clients.NetworkClient   : [Consumer clientId=consumer-anonymous.f27927d3-4c74-446c-9c94-2f1117fc50d2-2, groupId=anonymous.f27927d3-4c74-446c-9c94-2f1117fc50d2] Cancelled in-flight FETCH request with correlation id 186934 due to node 1 being disconnected (elapsed time since creation: 646463ms, elapsed time since send: 646463ms, throttle time: 0ms, request timeout: 30000ms)
2026-09-01T18:15:32.045+05:30  INFO 34200 --- [bmp-payment-service] [94-2f1117fc50d2] org.apache.kafka.clients.NetworkClient   : [Consumer clientId=consumer-anonymous.f27927d3-4c74-446c-9c94-2f1117fc50d2-2, groupId=anonymous.f27927d3-4c74-446c-9c94-2f1117fc50d2] Disconnecting from node 2147483646 due to request timeout.
2026-09-01T18:15:32.100+05:30  INFO 34200 --- [bmp-payment-service] [94-2f1117fc50d2] org.apache.kafka.clients.NetworkClient   : [Consumer clientId=consumer-anonymous.f27927d3-4c74-446c-9c94-2f1117fc50d2-2, groupId=anonymous.f27927d3-4c74-446c-9c94-2f1117fc50d2] Cancelled in-flight HEARTBEAT request with correlation id 186935 due to node 2147483646 being disconnected (elapsed time since creation: 644899ms, elapsed time since send: 644899ms, throttle time: 0ms, request timeout: 30000ms)
2026-09-01T18:15:32.104+05:30  INFO 34200 --- [bmp-payment-service] [94-2f1117fc50d2] o.a.kafka.clients.FetchSessionHandler    : [Consumer clientId=consumer-anonymous.f27927d3-4c74-446c-9c94-2f1117fc50d2-2, groupId=anonymous.f27927d3-4c74-446c-9c94-2f1117fc50d2] Error sending fetch request (sessionId=1547900210, epoch=6732) to node 1:

org.apache.kafka.common.errors.DisconnectException: null

2026-09-01T18:15:32.330+05:30  INFO 34200 --- [bmp-payment-service] [94-2f1117fc50d2] o.a.k.c.c.internals.ConsumerCoordinator  : [Consumer clientId=consumer-anonymous.f27927d3-4c74-446c-9c94-2f1117fc50d2-2, groupId=anonymous.f27927d3-4c74-446c-9c94-2f1117fc50d2] Group coordinator localhost:9092 (id: 2147483646 rack: null) is unavailable or invalid due to cause: null. isDisconnected: true. Rediscovery will be attempted.
2026-09-01T18:15:34.451+05:30  INFO 34200 --- [bmp-payment-service] [container-0-C-1] o.a.k.c.c.internals.ConsumerCoordinator  : [Consumer clientId=consumer-anonymous.f27927d3-4c74-446c-9c94-2f1117fc50d2-2, groupId=anonymous.f27927d3-4c74-446c-9c94-2f1117fc50d2] Discovered group coordinator localhost:9092 (id: 2147483646 rack: null)
2026-09-01T18:15:53.070+05:30  WARN 34200 --- [bmp-payment-service] [l-1 housekeeper] com.zaxxer.hikari.pool.HikariPool        : HikariPool-1 - Thread starvation or clock leap detected (housekeeper delta=11m13s286ms391µs700ns).
2026-09-01T18:19:39.971+05:30  INFO 34200 --- [bmp-payment-service] [rap-executor-%d] c.n.d.s.r.aws.ConfigClusterResolver      : Resolving eureka endpoints via configuration
2026-09-01T18:24:39.989+05:30  INFO 34200 --- [bmp-payment-service] [rap-executor-%d] c.n.d.s.r.aws.ConfigClusterResolver      : Resolving eureka endpoints via configuration
2026-09-01T18:29:40.005+05:30  INFO 34200 --- [bmp-payment-service] [rap-executor-%d] c.n.d.s.r.aws.ConfigClusterResolver      : Resolving eureka endpoints via configuration
2026-09-01T18:34:40.015+05:30  INFO 34200 --- [bmp-payment-service] [rap-executor-%d] c.n.d.s.r.aws.ConfigClusterResolver      : Resolving eureka endpoints via configuration
2026-09-01T18:39:40.034+05:30  INFO 34200 --- [bmp-payment-service] [rap-executor-%d] c.n.d.s.r.aws.ConfigClusterResolver      : Resolving eureka endpoints via configuration
2026-09-01T18:44:40.058+05:30  INFO 34200 --- [bmp-payment-service] [rap-executor-%d] c.n.d.s.r.aws.ConfigClusterResolver      : Resolving eureka endpoints via configuration
2026-09-01T18:49:40.072+05:30  INFO 34200 --- [bmp-payment-service] [rap-executor-%d] c.n.d.s.r.aws.ConfigClusterResolver      : Resolving eureka endpoints via configuration
2026-09-01T18:54:40.084+05:30  INFO 34200 --- [bmp-payment-service] [rap-executor-%d] c.n.d.s.r.aws.ConfigClusterResolver      : Resolving eureka endpoints via configuration
2026-09-01T18:59:40.087+05:30  INFO 34200 --- [bmp-payment-service] [rap-executor-%d] c.n.d.s.r.aws.ConfigClusterResolver      : Resolving eureka endpoints via configuration
2026-09-01T19:04:40.101+05:30  INFO 34200 --- [bmp-payment-service] [rap-executor-%d] c.n.d.s.r.aws.ConfigClusterResolver      : Resolving eureka endpoints via configuration
2026-09-01T19:09:40.119+05:30  INFO 34200 --- [bmp-payment-service] [rap-executor-%d] c.n.d.s.r.aws.ConfigClusterResolver      : Resolving eureka endpoints via configuration
2026-09-01T19:14:40.137+05:30  INFO 34200 --- [bmp-payment-service] [rap-executor-%d] c.n.d.s.r.aws.ConfigClusterResolver      : Resolving eureka endpoints via configuration
2026-09-01T19:19:40.153+05:30  INFO 34200 --- [bmp-payment-service] [rap-executor-%d] c.n.d.s.r.aws.ConfigClusterResolver      : Resolving eureka endpoints via configuration
2026-09-01T22:19:19.328+05:30  INFO 34200 --- [bmp-payment-service] [94-2f1117fc50d2] org.apache.kafka.clients.NetworkClient   : [Consumer clientId=consumer-anonymous.f27927d3-4c74-446c-9c94-2f1117fc50d2-2, groupId=anonymous.f27927d3-4c74-446c-9c94-2f1117fc50d2] Node 1 disconnected.
2026-09-01T22:19:19.382+05:30  INFO 34200 --- [bmp-payment-service] [94-2f1117fc50d2] org.apache.kafka.clients.NetworkClient   : [Consumer clientId=consumer-anonymous.f27927d3-4c74-446c-9c94-2f1117fc50d2-2, groupId=anonymous.f27927d3-4c74-446c-9c94-2f1117fc50d2] Cancelled in-flight FETCH request with correlation id 196309 due to node 1 being disconnected (elapsed time since creation: 10576146ms, elapsed time since send: 10576146ms, throttle time: 0ms, request timeout: 30000ms)
2026-09-01T22:19:19.419+05:30  INFO 34200 --- [bmp-payment-service] [94-2f1117fc50d2] org.apache.kafka.clients.NetworkClient   : [Consumer clientId=consumer-anonymous.f27927d3-4c74-446c-9c94-2f1117fc50d2-2, groupId=anonymous.f27927d3-4c74-446c-9c94-2f1117fc50d2] Disconnecting from node 2147483646 due to request timeout.
2026-09-01T22:19:19.420+05:30  INFO 34200 --- [bmp-payment-service] [94-2f1117fc50d2] org.apache.kafka.clients.NetworkClient   : [Consumer clientId=consumer-anonymous.f27927d3-4c74-446c-9c94-2f1117fc50d2-2, groupId=anonymous.f27927d3-4c74-446c-9c94-2f1117fc50d2] Cancelled in-flight HEARTBEAT request with correlation id 196310 due to node 2147483646 being disconnected (elapsed time since creation: 10575534ms, elapsed time since send: 10575534ms, throttle time: 0ms, request timeout: 30000ms)
2026-09-01T22:19:19.459+05:30  INFO 34200 --- [bmp-payment-service] [94-2f1117fc50d2] o.a.kafka.clients.FetchSessionHandler    : [Consumer clientId=consumer-anonymous.f27927d3-4c74-446c-9c94-2f1117fc50d2-2, groupId=anonymous.f27927d3-4c74-446c-9c94-2f1117fc50d2] Error sending fetch request (sessionId=818669586, epoch=7995) to node 1:

org.apache.kafka.common.errors.DisconnectException: null

2026-09-01T22:19:20.559+05:30  INFO 34200 --- [bmp-payment-service] [94-2f1117fc50d2] o.a.k.c.c.internals.ConsumerCoordinator  : [Consumer clientId=consumer-anonymous.f27927d3-4c74-446c-9c94-2f1117fc50d2-2, groupId=anonymous.f27927d3-4c74-446c-9c94-2f1117fc50d2] Group coordinator localhost:9092 (id: 2147483646 rack: null) is unavailable or invalid due to cause: null. isDisconnected: true. Rediscovery will be attempted.
2026-09-01T22:19:24.106+05:30  INFO 34200 --- [bmp-payment-service] [container-0-C-1] o.a.k.c.c.internals.ConsumerCoordinator  : [Consumer clientId=consumer-anonymous.f27927d3-4c74-446c-9c94-2f1117fc50d2-2, groupId=anonymous.f27927d3-4c74-446c-9c94-2f1117fc50d2] Discovered group coordinator localhost:9092 (id: 2147483646 rack: null)
2026-09-01T22:19:36.413+05:30  WARN 34200 --- [bmp-payment-service] [l-1 housekeeper] com.zaxxer.hikari.pool.HikariPool        : HikariPool-1 - Thread starvation or clock leap detected (housekeeper delta=2h56m41s890ms82µs500ns).
2026-09-01T22:19:47.948+05:30  INFO 34200 --- [bmp-payment-service] [pool-2-thread-1] org.apache.kafka.clients.NetworkClient   : [Consumer clientId=consumer-anonymous.f27927d3-4c74-446c-9c94-2f1117fc50d2-3, groupId=anonymous.f27927d3-4c74-446c-9c94-2f1117fc50d2] Node 2147483646 disconnected.
2026-09-01T22:20:51.918+05:30  INFO 34200 --- [bmp-payment-service] [rap-executor-%d] c.n.d.s.r.aws.ConfigClusterResolver      : Resolving eureka endpoints via configuration
2026-09-01T22:25:52.605+05:30  INFO 34200 --- [bmp-payment-service] [rap-executor-%d] c.n.d.s.r.aws.ConfigClusterResolver      : Resolving eureka endpoints via configuration
2026-09-01T22:30:52.875+05:30  INFO 34200 --- [bmp-payment-service] [rap-executor-%d] c.n.d.s.r.aws.ConfigClusterResolver      : Resolving eureka endpoints via configuration
2026-09-01T22:35:52.902+05:30  INFO 34200 --- [bmp-payment-service] [rap-executor-%d] c.n.d.s.r.aws.ConfigClusterResolver      : Resolving eureka endpoints via configuration
2026-09-01T22:40:52.910+05:30  INFO 34200 --- [bmp-payment-service] [rap-executor-%d] c.n.d.s.r.aws.ConfigClusterResolver      : Resolving eureka endpoints via configuration
2026-09-01T22:45:52.926+05:30  INFO 34200 --- [bmp-payment-service] [rap-executor-%d] c.n.d.s.r.aws.ConfigClusterResolver      : Resolving eureka endpoints via configuration
2026-09-01T22:50:52.934+05:30  INFO 34200 --- [bmp-payment-service] [rap-executor-%d] c.n.d.s.r.aws.ConfigClusterResolver      : Resolving eureka endpoints via configuration
2026-09-01T22:55:52.951+05:30  INFO 34200 --- [bmp-payment-service] [rap-executor-%d] c.n.d.s.r.aws.ConfigClusterResolver      : Resolving eureka endpoints via configuration
2026-09-01T23:00:52.969+05:30  INFO 34200 --- [bmp-payment-service] [rap-executor-%d] c.n.d.s.r.aws.ConfigClusterResolver      : Resolving eureka endpoints via configuration
2026-09-01T23:05:52.990+05:30  INFO 34200 --- [bmp-payment-service] [rap-executor-%d] c.n.d.s.r.aws.ConfigClusterResolver      : Resolving eureka endpoints via configuration
2026-09-01T23:10:52.995+05:30  INFO 34200 --- [bmp-payment-service] [rap-executor-%d] c.n.d.s.r.aws.ConfigClusterResolver      : Resolving eureka endpoints via configuration
2026-09-01T23:15:53.010+05:30  INFO 34200 --- [bmp-payment-service] [rap-executor-%d] c.n.d.s.r.aws.ConfigClusterResolver      : Resolving eureka endpoints via configuration
2026-09-01T23:20:53.031+05:30  INFO 34200 --- [bmp-payment-service] [rap-executor-%d] c.n.d.s.r.aws.ConfigClusterResolver      : Resolving eureka endpoints via configuration
2026-09-01T23:25:53.058+05:30  INFO 34200 --- [bmp-payment-service] [rap-executor-%d] c.n.d.s.r.aws.ConfigClusterResolver      : Resolving eureka endpoints via configuration
2026-09-01T23:30:53.070+05:30  INFO 34200 --- [bmp-payment-service] [rap-executor-%d] c.n.d.s.r.aws.ConfigClusterResolver      : Resolving eureka endpoints via configuration
2026-09-01T23:35:53.078+05:30  INFO 34200 --- [bmp-payment-service] [rap-executor-%d] c.n.d.s.r.aws.ConfigClusterResolver      : Resolving eureka endpoints via configuration
2026-09-01T23:40:53.092+05:30  INFO 34200 --- [bmp-payment-service] [rap-executor-%d] c.n.d.s.r.aws.ConfigClusterResolver      : Resolving eureka endpoints via configuration
2026-09-01T23:45:53.107+05:30  INFO 34200 --- [bmp-payment-service] [rap-executor-%d] c.n.d.s.r.aws.ConfigClusterResolver      : Resolving eureka endpoints via configuration
2026-09-01T23:50:53.115+05:30  INFO 34200 --- [bmp-payment-service] [rap-executor-%d] c.n.d.s.r.aws.ConfigClusterResolver      : Resolving eureka endpoints via configuration
2026-09-01T23:55:53.122+05:30  INFO 34200 --- [bmp-payment-service] [rap-executor-%d] c.n.d.s.r.aws.ConfigClusterResolver      : Resolving eureka endpoints via configuration
2026-09-02T00:00:53.131+05:30  INFO 34200 --- [bmp-payment-service] [rap-executor-%d] c.n.d.s.r.aws.ConfigClusterResolver      : Resolving eureka endpoints via configuration
2026-09-02T00:05:53.136+05:30  INFO 34200 --- [bmp-payment-service] [rap-executor-%d] c.n.d.s.r.aws.ConfigClusterResolver      : Resolving eureka endpoints via configuration
2026-09-02T00:10:53.146+05:30  INFO 34200 --- [bmp-payment-service] [rap-executor-%d] c.n.d.s.r.aws.ConfigClusterResolver      : Resolving eureka endpoints via configuration
2026-09-02T00:15:53.162+05:30  INFO 34200 --- [bmp-payment-service] [rap-executor-%d] c.n.d.s.r.aws.ConfigClusterResolver      : Resolving eureka endpoints via configuration
2026-09-02T00:20:53.173+05:30  INFO 34200 --- [bmp-payment-service] [rap-executor-%d] c.n.d.s.r.aws.ConfigClusterResolver      : Resolving eureka endpoints via configuration
2026-09-02T00:25:53.185+05:30  INFO 34200 --- [bmp-payment-service] [rap-executor-%d] c.n.d.s.r.aws.ConfigClusterResolver      : Resolving eureka endpoints via configuration
2026-09-02T00:30:53.199+05:30  INFO 34200 --- [bmp-payment-service] [rap-executor-%d] c.n.d.s.r.aws.ConfigClusterResolver      : Resolving eureka endpoints via configuration
2026-09-02T00:35:53.212+05:30  INFO 34200 --- [bmp-payment-service] [rap-executor-%d] c.n.d.s.r.aws.ConfigClusterResolver      : Resolving eureka endpoints via configuration
2026-09-02T03:40:09.697+05:30  INFO 34200 --- [bmp-payment-service] [container-0-C-1] org.apache.kafka.clients.NetworkClient   : [Consumer clientId=consumer-anonymous.f27927d3-4c74-446c-9c94-2f1117fc50d2-2, groupId=anonymous.f27927d3-4c74-446c-9c94-2f1117fc50d2] Node 1 disconnected.
2026-09-02T03:40:09.698+05:30  INFO 34200 --- [bmp-payment-service] [container-0-C-1] org.apache.kafka.clients.NetworkClient   : [Consumer clientId=consumer-anonymous.f27927d3-4c74-446c-9c94-2f1117fc50d2-2, groupId=anonymous.f27927d3-4c74-446c-9c94-2f1117fc50d2] Cancelled in-flight FETCH request with correlation id 215850 due to node 1 being disconnected (elapsed time since creation: 10803679ms, elapsed time since send: 10803679ms, throttle time: 0ms, request timeout: 30000ms)
2026-09-02T03:40:09.699+05:30  INFO 34200 --- [bmp-payment-service] [container-0-C-1] org.apache.kafka.clients.NetworkClient   : [Consumer clientId=consumer-anonymous.f27927d3-4c74-446c-9c94-2f1117fc50d2-2, groupId=anonymous.f27927d3-4c74-446c-9c94-2f1117fc50d2] Disconnecting from node 2147483646 due to request timeout.
2026-09-02T03:40:09.699+05:30  INFO 34200 --- [bmp-payment-service] [container-0-C-1] org.apache.kafka.clients.NetworkClient   : [Consumer clientId=consumer-anonymous.f27927d3-4c74-446c-9c94-2f1117fc50d2-2, groupId=anonymous.f27927d3-4c74-446c-9c94-2f1117fc50d2] Cancelled in-flight HEARTBEAT request with correlation id 215851 due to node 2147483646 being disconnected (elapsed time since creation: 10803073ms, elapsed time since send: 10803073ms, throttle time: 0ms, request timeout: 30000ms)
2026-09-02T03:40:09.699+05:30  INFO 34200 --- [bmp-payment-service] [container-0-C-1] o.a.kafka.clients.FetchSessionHandler    : [Consumer clientId=consumer-anonymous.f27927d3-4c74-446c-9c94-2f1117fc50d2-2, groupId=anonymous.f27927d3-4c74-446c-9c94-2f1117fc50d2] Error sending fetch request (sessionId=1660270679, epoch=16671) to node 1:

org.apache.kafka.common.errors.DisconnectException: null

2026-09-02T03:40:09.939+05:30  INFO 34200 --- [bmp-payment-service] [94-2f1117fc50d2] o.a.k.c.c.internals.ConsumerCoordinator  : [Consumer clientId=consumer-anonymous.f27927d3-4c74-446c-9c94-2f1117fc50d2-2, groupId=anonymous.f27927d3-4c74-446c-9c94-2f1117fc50d2] Group coordinator localhost:9092 (id: 2147483646 rack: null) is unavailable or invalid due to cause: session timed out without receiving a heartbeat response. isDisconnected: false. Rediscovery will be attempted.
2026-09-02T03:40:09.939+05:30  INFO 34200 --- [bmp-payment-service] [94-2f1117fc50d2] o.a.k.c.c.internals.ConsumerCoordinator  : [Consumer clientId=consumer-anonymous.f27927d3-4c74-446c-9c94-2f1117fc50d2-2, groupId=anonymous.f27927d3-4c74-446c-9c94-2f1117fc50d2] Requesting disconnect from last known coordinator localhost:9092 (id: 2147483646 rack: null)
2026-09-02T03:40:11.849+05:30  INFO 34200 --- [bmp-payment-service] [container-0-C-1] o.a.k.c.c.internals.ConsumerCoordinator  : [Consumer clientId=consumer-anonymous.f27927d3-4c74-446c-9c94-2f1117fc50d2-2, groupId=anonymous.f27927d3-4c74-446c-9c94-2f1117fc50d2] Discovered group coordinator localhost:9092 (id: 2147483646 rack: null)
2026-09-02T03:40:11.854+05:30  INFO 34200 --- [bmp-payment-service] [container-0-C-1] o.a.k.c.c.internals.ConsumerCoordinator  : [Consumer clientId=consumer-anonymous.f27927d3-4c74-446c-9c94-2f1117fc50d2-2, groupId=anonymous.f27927d3-4c74-446c-9c94-2f1117fc50d2] Discovered group coordinator localhost:9092 (id: 2147483646 rack: null)
2026-09-02T03:40:13.741+05:30  WARN 34200 --- [bmp-payment-service] [l-1 housekeeper] com.zaxxer.hikari.pool.HikariPool        : HikariPool-1 - Thread starvation or clock leap detected (housekeeper delta=3h29s534ms752µs800ns).
2026-09-02T10:42:50.862+05:30  INFO 34200 --- [bmp-payment-service] [container-0-C-1] org.apache.kafka.clients.NetworkClient   : [Consumer clientId=consumer-anonymous.f27927d3-4c74-446c-9c94-2f1117fc50d2-2, groupId=anonymous.f27927d3-4c74-446c-9c94-2f1117fc50d2] Node 2147483646 disconnected.
2026-09-02T10:42:50.862+05:30  INFO 34200 --- [bmp-payment-service] [container-0-C-1] org.apache.kafka.clients.NetworkClient   : [Consumer clientId=consumer-anonymous.f27927d3-4c74-446c-9c94-2f1117fc50d2-2, groupId=anonymous.f27927d3-4c74-446c-9c94-2f1117fc50d2] Disconnecting from node 1 due to request timeout.
2026-09-02T10:42:50.863+05:30  INFO 34200 --- [bmp-payment-service] [container-0-C-1] org.apache.kafka.clients.NetworkClient   : [Consumer clientId=consumer-anonymous.f27927d3-4c74-446c-9c94-2f1117fc50d2-2, groupId=anonymous.f27927d3-4c74-446c-9c94-2f1117fc50d2] Cancelled in-flight FETCH request with correlation id 215868 due to node 1 being disconnected (elapsed time since creation: 25353872ms, elapsed time since send: 25353872ms, throttle time: 0ms, request timeout: 30000ms)
2026-09-02T10:42:50.863+05:30  INFO 34200 --- [bmp-payment-service] [container-0-C-1] o.a.kafka.clients.FetchSessionHandler    : [Consumer clientId=consumer-anonymous.f27927d3-4c74-446c-9c94-2f1117fc50d2-2, groupId=anonymous.f27927d3-4c74-446c-9c94-2f1117fc50d2] Error sending fetch request (sessionId=41848306, epoch=8) to node 1:

org.apache.kafka.common.errors.DisconnectException: null

2026-09-02T10:42:50.901+05:30  INFO 34200 --- [bmp-payment-service] [94-2f1117fc50d2] o.a.k.c.c.internals.ConsumerCoordinator  : [Consumer clientId=consumer-anonymous.f27927d3-4c74-446c-9c94-2f1117fc50d2-2, groupId=anonymous.f27927d3-4c74-446c-9c94-2f1117fc50d2] Group coordinator localhost:9092 (id: 2147483646 rack: null) is unavailable or invalid due to cause: session timed out without receiving a heartbeat response. isDisconnected: false. Rediscovery will be attempted.
2026-09-02T10:42:50.901+05:30  INFO 34200 --- [bmp-payment-service] [94-2f1117fc50d2] o.a.k.c.c.internals.ConsumerCoordinator  : [Consumer clientId=consumer-anonymous.f27927d3-4c74-446c-9c94-2f1117fc50d2-2, groupId=anonymous.f27927d3-4c74-446c-9c94-2f1117fc50d2] Requesting disconnect from last known coordinator localhost:9092 (id: 2147483646 rack: null)
2026-09-02T10:42:53.597+05:30  INFO 34200 --- [bmp-payment-service] [container-0-C-1] o.a.k.c.c.internals.ConsumerCoordinator  : [Consumer clientId=consumer-anonymous.f27927d3-4c74-446c-9c94-2f1117fc50d2-2, groupId=anonymous.f27927d3-4c74-446c-9c94-2f1117fc50d2] Discovered group coordinator localhost:9092 (id: 2147483646 rack: null)
2026-09-02T10:43:16.138+05:30  WARN 34200 --- [bmp-payment-service] [l-1 housekeeper] com.zaxxer.hikari.pool.HikariPool        : HikariPool-1 - Thread starvation or clock leap detected (housekeeper delta=7h3m4s720ms2µs500ns).
2026-09-02T10:43:22.473+05:30  INFO 34200 --- [bmp-payment-service] [pool-2-thread-1] org.apache.kafka.clients.NetworkClient   : [Consumer clientId=consumer-anonymous.f27927d3-4c74-446c-9c94-2f1117fc50d2-3, groupId=anonymous.f27927d3-4c74-446c-9c94-2f1117fc50d2] Node 2147483646 disconnected.
2026-09-02T10:43:22.504+05:30  INFO 34200 --- [bmp-payment-service] [pool-2-thread-1] o.a.k.c.c.internals.ConsumerCoordinator  : [Consumer clientId=consumer-anonymous.f27927d3-4c74-446c-9c94-2f1117fc50d2-3, groupId=anonymous.f27927d3-4c74-446c-9c94-2f1117fc50d2] Group coordinator localhost:9092 (id: 2147483646 rack: null) is unavailable or invalid due to cause: coordinator unavailable. isDisconnected: true. Rediscovery will be attempted.
2026-09-02T10:43:22.516+05:30  INFO 34200 --- [bmp-payment-service] [pool-2-thread-1] o.a.k.c.c.internals.ConsumerCoordinator  : [Consumer clientId=consumer-anonymous.f27927d3-4c74-446c-9c94-2f1117fc50d2-3, groupId=anonymous.f27927d3-4c74-446c-9c94-2f1117fc50d2] Discovered group coordinator localhost:9092 (id: 2147483646 rack: null)
2026-09-02T10:43:22.517+05:30  INFO 34200 --- [bmp-payment-service] [pool-2-thread-1] o.a.k.c.c.internals.ConsumerCoordinator  : [Consumer clientId=consumer-anonymous.f27927d3-4c74-446c-9c94-2f1117fc50d2-3, groupId=anonymous.f27927d3-4c74-446c-9c94-2f1117fc50d2] Group coordinator localhost:9092 (id: 2147483646 rack: null) is unavailable or invalid due to cause: coordinator unavailable. isDisconnected: false. Rediscovery will be attempted.
2026-09-02T10:43:22.517+05:30  INFO 34200 --- [bmp-payment-service] [pool-2-thread-1] o.a.k.c.c.internals.ConsumerCoordinator  : [Consumer clientId=consumer-anonymous.f27927d3-4c74-446c-9c94-2f1117fc50d2-3, groupId=anonymous.f27927d3-4c74-446c-9c94-2f1117fc50d2] Requesting disconnect from last known coordinator localhost:9092 (id: 2147483646 rack: null)
2026-09-02T10:43:22.637+05:30  INFO 34200 --- [bmp-payment-service] [pool-2-thread-1] o.a.k.c.c.internals.ConsumerCoordinator  : [Consumer clientId=consumer-anonymous.f27927d3-4c74-446c-9c94-2f1117fc50d2-3, groupId=anonymous.f27927d3-4c74-446c-9c94-2f1117fc50d2] Discovered group coordinator localhost:9092 (id: 2147483646 rack: null)
2026-09-02T10:43:24.678+05:30  INFO 34200 --- [bmp-payment-service] [rap-executor-%d] c.n.d.s.r.aws.ConfigClusterResolver      : Resolving eureka endpoints via configuration
2026-09-02T10:48:24.690+05:30  INFO 34200 --- [bmp-payment-service] [rap-executor-%d] c.n.d.s.r.aws.ConfigClusterResolver      : Resolving eureka endpoints via configuration
2026-09-02T10:53:24.703+05:30  INFO 34200 --- [bmp-payment-service] [rap-executor-%d] c.n.d.s.r.aws.ConfigClusterResolver      : Resolving eureka endpoints via configuration
2026-09-02T10:58:24.710+05:30  INFO 34200 --- [bmp-payment-service] [rap-executor-%d] c.n.d.s.r.aws.ConfigClusterResolver      : Resolving eureka endpoints via configuration
2026-09-02T11:03:24.727+05:30  INFO 34200 --- [bmp-payment-service] [rap-executor-%d] c.n.d.s.r.aws.ConfigClusterResolver      : Resolving eureka endpoints via configuration
2026-09-02T11:08:24.739+05:30  INFO 34200 --- [bmp-payment-service] [rap-executor-%d] c.n.d.s.r.aws.ConfigClusterResolver      : Resolving eureka endpoints via configuration
2026-09-02T11:13:24.756+05:30  INFO 34200 --- [bmp-payment-service] [rap-executor-%d] c.n.d.s.r.aws.ConfigClusterResolver      : Resolving eureka endpoints via configuration
2026-09-02T11:18:24.768+05:30  INFO 34200 --- [bmp-payment-service] [rap-executor-%d] c.n.d.s.r.aws.ConfigClusterResolver      : Resolving eureka endpoints via configuration
2026-09-02T11:23:24.777+05:30  INFO 34200 --- [bmp-payment-service] [rap-executor-%d] c.n.d.s.r.aws.ConfigClusterResolver      : Resolving eureka endpoints via configuration
2026-09-02T12:21:00.447+05:30  INFO 34200 --- [bmp-payment-service] [container-0-C-1] org.apache.kafka.clients.NetworkClient   : [Consumer clientId=consumer-anonymous.f27927d3-4c74-446c-9c94-2f1117fc50d2-2, groupId=anonymous.f27927d3-4c74-446c-9c94-2f1117fc50d2] Node 1 disconnected.
2026-09-02T12:21:00.455+05:30  INFO 34200 --- [bmp-payment-service] [container-0-C-1] org.apache.kafka.clients.NetworkClient   : [Consumer clientId=consumer-anonymous.f27927d3-4c74-446c-9c94-2f1117fc50d2-2, groupId=anonymous.f27927d3-4c74-446c-9c94-2f1117fc50d2] Cancelled in-flight FETCH request with correlation id 221776 due to node 1 being disconnected (elapsed time since creation: 3330478ms, elapsed time since send: 3330478ms, throttle time: 0ms, request timeout: 30000ms)
2026-09-02T12:21:00.459+05:30  INFO 34200 --- [bmp-payment-service] [container-0-C-1] org.apache.kafka.clients.NetworkClient   : [Consumer clientId=consumer-anonymous.f27927d3-4c74-446c-9c94-2f1117fc50d2-2, groupId=anonymous.f27927d3-4c74-446c-9c94-2f1117fc50d2] Disconnecting from node 2147483646 due to request timeout.
2026-09-02T12:21:00.460+05:30  INFO 34200 --- [bmp-payment-service] [container-0-C-1] org.apache.kafka.clients.NetworkClient   : [Consumer clientId=consumer-anonymous.f27927d3-4c74-446c-9c94-2f1117fc50d2-2, groupId=anonymous.f27927d3-4c74-446c-9c94-2f1117fc50d2] Cancelled in-flight HEARTBEAT request with correlation id 221777 due to node 2147483646 being disconnected (elapsed time since creation: 3329546ms, elapsed time since send: 3329546ms, throttle time: 0ms, request timeout: 30000ms)
2026-09-02T12:21:00.466+05:30  INFO 34200 --- [bmp-payment-service] [94-2f1117fc50d2] o.a.k.c.c.internals.ConsumerCoordinator  : [Consumer clientId=consumer-anonymous.f27927d3-4c74-446c-9c94-2f1117fc50d2-2, groupId=anonymous.f27927d3-4c74-446c-9c94-2f1117fc50d2] Group coordinator localhost:9092 (id: 2147483646 rack: null) is unavailable or invalid due to cause: null. isDisconnected: true. Rediscovery will be attempted.
2026-09-02T12:21:00.464+05:30  INFO 34200 --- [bmp-payment-service] [container-0-C-1] o.a.kafka.clients.FetchSessionHandler    : [Consumer clientId=consumer-anonymous.f27927d3-4c74-446c-9c94-2f1117fc50d2-2, groupId=anonymous.f27927d3-4c74-446c-9c94-2f1117fc50d2] Error sending fetch request (sessionId=1460600801, epoch=5036) to node 1:

org.apache.kafka.common.errors.DisconnectException: null

2026-09-02T12:21:01.862+05:30  INFO 34200 --- [bmp-payment-service] [container-0-C-1] o.a.k.c.c.internals.ConsumerCoordinator  : [Consumer clientId=consumer-anonymous.f27927d3-4c74-446c-9c94-2f1117fc50d2-2, groupId=anonymous.f27927d3-4c74-446c-9c94-2f1117fc50d2] Discovered group coordinator localhost:9092 (id: 2147483646 rack: null)
2026-09-02T12:21:13.644+05:30  WARN 34200 --- [bmp-payment-service] [l-1 housekeeper] com.zaxxer.hikari.pool.HikariPool        : HikariPool-1 - Thread starvation or clock leap detected (housekeeper delta=55m56s687ms203µs700ns).
2026-09-02T12:21:50.418+05:30  INFO 34200 --- [bmp-payment-service] [pool-2-thread-1] org.apache.kafka.clients.NetworkClient   : [Consumer clientId=consumer-anonymous.f27927d3-4c74-446c-9c94-2f1117fc50d2-3, groupId=anonymous.f27927d3-4c74-446c-9c94-2f1117fc50d2] Node 2147483646 disconnected.
2026-09-02T12:21:50.429+05:30  INFO 34200 --- [bmp-payment-service] [pool-2-thread-1] o.a.k.c.c.internals.ConsumerCoordinator  : [Consumer clientId=consumer-anonymous.f27927d3-4c74-446c-9c94-2f1117fc50d2-3, groupId=anonymous.f27927d3-4c74-446c-9c94-2f1117fc50d2] Group coordinator localhost:9092 (id: 2147483646 rack: null) is unavailable or invalid due to cause: coordinator unavailable. isDisconnected: true. Rediscovery will be attempted.
2026-09-02T12:21:50.436+05:30  INFO 34200 --- [bmp-payment-service] [pool-2-thread-1] o.a.k.c.c.internals.ConsumerCoordinator  : [Consumer clientId=consumer-anonymous.f27927d3-4c74-446c-9c94-2f1117fc50d2-3, groupId=anonymous.f27927d3-4c74-446c-9c94-2f1117fc50d2] Discovered group coordinator localhost:9092 (id: 2147483646 rack: null)
2026-09-02T12:21:50.437+05:30  INFO 34200 --- [bmp-payment-service] [pool-2-thread-1] o.a.k.c.c.internals.ConsumerCoordinator  : [Consumer clientId=consumer-anonymous.f27927d3-4c74-446c-9c94-2f1117fc50d2-3, groupId=anonymous.f27927d3-4c74-446c-9c94-2f1117fc50d2] Group coordinator localhost:9092 (id: 2147483646 rack: null) is unavailable or invalid due to cause: coordinator unavailable. isDisconnected: false. Rediscovery will be attempted.
2026-09-02T12:21:50.437+05:30  INFO 34200 --- [bmp-payment-service] [pool-2-thread-1] o.a.k.c.c.internals.ConsumerCoordinator  : [Consumer clientId=consumer-anonymous.f27927d3-4c74-446c-9c94-2f1117fc50d2-3, groupId=anonymous.f27927d3-4c74-446c-9c94-2f1117fc50d2] Requesting disconnect from last known coordinator localhost:9092 (id: 2147483646 rack: null)
2026-09-02T12:21:50.537+05:30  INFO 34200 --- [bmp-payment-service] [pool-2-thread-1] o.a.k.c.c.internals.ConsumerCoordinator  : [Consumer clientId=consumer-anonymous.f27927d3-4c74-446c-9c94-2f1117fc50d2-3, groupId=anonymous.f27927d3-4c74-446c-9c94-2f1117fc50d2] Discovered group coordinator localhost:9092 (id: 2147483646 rack: null)
2026-09-02T12:23:51.320+05:30  INFO 34200 --- [bmp-payment-service] [rap-executor-%d] c.n.d.s.r.aws.ConfigClusterResolver      : Resolving eureka endpoints via configuration
2026-09-02T12:28:51.336+05:30  INFO 34200 --- [bmp-payment-service] [rap-executor-%d] c.n.d.s.r.aws.ConfigClusterResolver      : Resolving eureka endpoints via configuration
2026-09-02T12:33:51.354+05:30  INFO 34200 --- [bmp-payment-service] [rap-executor-%d] c.n.d.s.r.aws.ConfigClusterResolver      : Resolving eureka endpoints via configuration
2026-09-02T12:38:51.363+05:30  INFO 34200 --- [bmp-payment-service] [rap-executor-%d] c.n.d.s.r.aws.ConfigClusterResolver      : Resolving eureka endpoints via configuration
2026-09-02T12:43:51.377+05:30  INFO 34200 --- [bmp-payment-service] [rap-executor-%d] c.n.d.s.r.aws.ConfigClusterResolver      : Resolving eureka endpoints via configuration
2026-09-02T12:48:51.390+05:30  INFO 34200 --- [bmp-payment-service] [rap-executor-%d] c.n.d.s.r.aws.ConfigClusterResolver      : Resolving eureka endpoints via configuration
2026-09-02T12:53:51.402+05:30  INFO 34200 --- [bmp-payment-service] [rap-executor-%d] c.n.d.s.r.aws.ConfigClusterResolver      : Resolving eureka endpoints via configuration
2026-09-02T12:58:51.415+05:30  INFO 34200 --- [bmp-payment-service] [rap-executor-%d] c.n.d.s.r.aws.ConfigClusterResolver      : Resolving eureka endpoints via configuration
2026-09-02T13:03:51.425+05:30  INFO 34200 --- [bmp-payment-service] [rap-executor-%d] c.n.d.s.r.aws.ConfigClusterResolver      : Resolving eureka endpoints via configuration
2026-09-02T13:08:51.430+05:30  INFO 34200 --- [bmp-payment-service] [rap-executor-%d] c.n.d.s.r.aws.ConfigClusterResolver      : Resolving eureka endpoints via configuration
2026-09-02T13:13:51.432+05:30  INFO 34200 --- [bmp-payment-service] [rap-executor-%d] c.n.d.s.r.aws.ConfigClusterResolver      : Resolving eureka endpoints via configuration
2026-09-02T13:18:51.452+05:30  INFO 34200 --- [bmp-payment-service] [rap-executor-%d] c.n.d.s.r.aws.ConfigClusterResolver      : Resolving eureka endpoints via configuration
2026-09-02T13:23:51.476+05:30  INFO 34200 --- [bmp-payment-service] [rap-executor-%d] c.n.d.s.r.aws.ConfigClusterResolver      : Resolving eureka endpoints via configuration
2026-09-02T20:02:25.666+05:30  INFO 34200 --- [bmp-payment-service] [container-0-C-1] org.apache.kafka.clients.NetworkClient   : [Consumer clientId=consumer-anonymous.f27927d3-4c74-446c-9c94-2f1117fc50d2-2, groupId=anonymous.f27927d3-4c74-446c-9c94-2f1117fc50d2] Node 2147483646 disconnected.
2026-09-02T20:02:25.683+05:30  INFO 34200 --- [bmp-payment-service] [container-0-C-1] org.apache.kafka.clients.NetworkClient   : [Consumer clientId=consumer-anonymous.f27927d3-4c74-446c-9c94-2f1117fc50d2-2, groupId=anonymous.f27927d3-4c74-446c-9c94-2f1117fc50d2] Disconnecting from node 1 due to request timeout.
2026-09-02T20:02:25.684+05:30  INFO 34200 --- [bmp-payment-service] [container-0-C-1] org.apache.kafka.clients.NetworkClient   : [Consumer clientId=consumer-anonymous.f27927d3-4c74-446c-9c94-2f1117fc50d2-2, groupId=anonymous.f27927d3-4c74-446c-9c94-2f1117fc50d2] Cancelled in-flight FETCH request with correlation id 230508 due to node 1 being disconnected (elapsed time since creation: 23888610ms, elapsed time since send: 23888610ms, throttle time: 0ms, request timeout: 30000ms)
2026-09-02T20:02:25.687+05:30  INFO 34200 --- [bmp-payment-service] [container-0-C-1] o.a.kafka.clients.FetchSessionHandler    : [Consumer clientId=consumer-anonymous.f27927d3-4c74-446c-9c94-2f1117fc50d2-2, groupId=anonymous.f27927d3-4c74-446c-9c94-2f1117fc50d2] Error sending fetch request (sessionId=1943611859, epoch=7439) to node 1:

org.apache.kafka.common.errors.DisconnectException: null

2026-09-02T20:02:25.780+05:30  INFO 34200 --- [bmp-payment-service] [94-2f1117fc50d2] o.a.k.c.c.internals.ConsumerCoordinator  : [Consumer clientId=consumer-anonymous.f27927d3-4c74-446c-9c94-2f1117fc50d2-2, groupId=anonymous.f27927d3-4c74-446c-9c94-2f1117fc50d2] Group coordinator localhost:9092 (id: 2147483646 rack: null) is unavailable or invalid due to cause: session timed out without receiving a heartbeat response. isDisconnected: false. Rediscovery will be attempted.
2026-09-02T20:02:25.783+05:30  INFO 34200 --- [bmp-payment-service] [94-2f1117fc50d2] o.a.k.c.c.internals.ConsumerCoordinator  : [Consumer clientId=consumer-anonymous.f27927d3-4c74-446c-9c94-2f1117fc50d2-2, groupId=anonymous.f27927d3-4c74-446c-9c94-2f1117fc50d2] Requesting disconnect from last known coordinator localhost:9092 (id: 2147483646 rack: null)
2026-09-02T20:02:27.571+05:30  INFO 34200 --- [bmp-payment-service] [container-0-C-1] o.a.k.c.c.internals.ConsumerCoordinator  : [Consumer clientId=consumer-anonymous.f27927d3-4c74-446c-9c94-2f1117fc50d2-2, groupId=anonymous.f27927d3-4c74-446c-9c94-2f1117fc50d2] Discovered group coordinator localhost:9092 (id: 2147483646 rack: null)
2026-09-02T20:02:52.083+05:30  WARN 34200 --- [bmp-payment-service] [l-1 housekeeper] com.zaxxer.hikari.pool.HikariPool        : HikariPool-1 - Thread starvation or clock leap detected (housekeeper delta=6h38m39s508ms176µs).
2026-09-02T20:02:58.525+05:30  INFO 34200 --- [bmp-payment-service] [pool-2-thread-1] org.apache.kafka.clients.NetworkClient   : [Consumer clientId=consumer-anonymous.f27927d3-4c74-446c-9c94-2f1117fc50d2-3, groupId=anonymous.f27927d3-4c74-446c-9c94-2f1117fc50d2] Node 2147483646 disconnected.
2026-09-02T20:02:58.581+05:30  INFO 34200 --- [bmp-payment-service] [pool-2-thread-1] o.a.k.c.c.internals.ConsumerCoordinator  : [Consumer clientId=consumer-anonymous.f27927d3-4c74-446c-9c94-2f1117fc50d2-3, groupId=anonymous.f27927d3-4c74-446c-9c94-2f1117fc50d2] Group coordinator localhost:9092 (id: 2147483646 rack: null) is unavailable or invalid due to cause: coordinator unavailable. isDisconnected: true. Rediscovery will be attempted.
2026-09-02T20:02:58.593+05:30  INFO 34200 --- [bmp-payment-service] [pool-2-thread-1] o.a.k.c.c.internals.ConsumerCoordinator  : [Consumer clientId=consumer-anonymous.f27927d3-4c74-446c-9c94-2f1117fc50d2-3, groupId=anonymous.f27927d3-4c74-446c-9c94-2f1117fc50d2] Discovered group coordinator localhost:9092 (id: 2147483646 rack: null)
2026-09-02T20:06:57.614+05:30  INFO 34200 --- [bmp-payment-service] [rap-executor-%d] c.n.d.s.r.aws.ConfigClusterResolver      : Resolving eureka endpoints via configuration
2026-09-02T20:11:57.654+05:30  INFO 34200 --- [bmp-payment-service] [rap-executor-%d] c.n.d.s.r.aws.ConfigClusterResolver      : Resolving eureka endpoints via configuration
2026-09-02T20:16:57.670+05:30  INFO 34200 --- [bmp-payment-service] [rap-executor-%d] c.n.d.s.r.aws.ConfigClusterResolver      : Resolving eureka endpoints via configuration
2026-09-02T20:21:57.683+05:30  INFO 34200 --- [bmp-payment-service] [rap-executor-%d] c.n.d.s.r.aws.ConfigClusterResolver      : Resolving eureka endpoints via configuration
2026-09-02T20:26:57.697+05:30  INFO 34200 --- [bmp-payment-service] [rap-executor-%d] c.n.d.s.r.aws.ConfigClusterResolver      : Resolving eureka endpoints via configuration
2026-09-02T20:31:57.712+05:30  INFO 34200 --- [bmp-payment-service] [rap-executor-%d] c.n.d.s.r.aws.ConfigClusterResolver      : Resolving eureka endpoints via configuration
2026-09-02T20:36:57.730+05:30  INFO 34200 --- [bmp-payment-service] [rap-executor-%d] c.n.d.s.r.aws.ConfigClusterResolver      : Resolving eureka endpoints via configuration
2026-09-02T20:41:57.739+05:30  INFO 34200 --- [bmp-payment-service] [rap-executor-%d] c.n.d.s.r.aws.ConfigClusterResolver      : Resolving eureka endpoints via configuration
2026-09-02T20:46:57.744+05:30  INFO 34200 --- [bmp-payment-service] [rap-executor-%d] c.n.d.s.r.aws.ConfigClusterResolver      : Resolving eureka endpoints via configuration
2026-09-02T20:51:57.753+05:30  INFO 34200 --- [bmp-payment-service] [rap-executor-%d] c.n.d.s.r.aws.ConfigClusterResolver      : Resolving eureka endpoints via configuration
2026-09-02T20:56:57.766+05:30  INFO 34200 --- [bmp-payment-service] [rap-executor-%d] c.n.d.s.r.aws.ConfigClusterResolver      : Resolving eureka endpoints via configuration
2026-09-02T21:01:57.780+05:30  INFO 34200 --- [bmp-payment-service] [rap-executor-%d] c.n.d.s.r.aws.ConfigClusterResolver      : Resolving eureka endpoints via configuration
2026-09-02T21:06:57.784+05:30  INFO 34200 --- [bmp-payment-service] [rap-executor-%d] c.n.d.s.r.aws.ConfigClusterResolver      : Resolving eureka endpoints via configuration
2026-09-02T21:11:57.797+05:30  INFO 34200 --- [bmp-payment-service] [rap-executor-%d] c.n.d.s.r.aws.ConfigClusterResolver      : Resolving eureka endpoints via configuration
2026-09-02T21:16:57.808+05:30  INFO 34200 --- [bmp-payment-service] [rap-executor-%d] c.n.d.s.r.aws.ConfigClusterResolver      : Resolving eureka endpoints via configuration
2026-09-02T21:21:57.823+05:30  INFO 34200 --- [bmp-payment-service] [rap-executor-%d] c.n.d.s.r.aws.ConfigClusterResolver      : Resolving eureka endpoints via configuration
2026-09-02T21:26:57.831+05:30  INFO 34200 --- [bmp-payment-service] [rap-executor-%d] c.n.d.s.r.aws.ConfigClusterResolver      : Resolving eureka endpoints via configuration
2026-09-02T21:31:57.844+05:30  INFO 34200 --- [bmp-payment-service] [rap-executor-%d] c.n.d.s.r.aws.ConfigClusterResolver      : Resolving eureka endpoints via configuration
2026-09-02T21:36:57.856+05:30  INFO 34200 --- [bmp-payment-service] [rap-executor-%d] c.n.d.s.r.aws.ConfigClusterResolver      : Resolving eureka endpoints via configuration
2026-09-02T21:41:57.870+05:30  INFO 34200 --- [bmp-payment-service] [rap-executor-%d] c.n.d.s.r.aws.ConfigClusterResolver      : Resolving eureka endpoints via configuration
2026-09-02T21:46:57.887+05:30  INFO 34200 --- [bmp-payment-service] [rap-executor-%d] c.n.d.s.r.aws.ConfigClusterResolver      : Resolving eureka endpoints via configuration
2026-09-02T21:51:57.890+05:30  INFO 34200 --- [bmp-payment-service] [rap-executor-%d] c.n.d.s.r.aws.ConfigClusterResolver      : Resolving eureka endpoints via configuration
2026-09-02T21:56:57.902+05:30  INFO 34200 --- [bmp-payment-service] [rap-executor-%d] c.n.d.s.r.aws.ConfigClusterResolver      : Resolving eureka endpoints via configuration
2026-09-02T22:01:57.916+05:30  INFO 34200 --- [bmp-payment-service] [rap-executor-%d] c.n.d.s.r.aws.ConfigClusterResolver      : Resolving eureka endpoints via configuration
2026-09-02T22:06:57.921+05:30  INFO 34200 --- [bmp-payment-service] [rap-executor-%d] c.n.d.s.r.aws.ConfigClusterResolver      : Resolving eureka endpoints via configuration
