
  .   ____          _            __ _ _
 /\\ / ___'_ __ _ _(_)_ __  __ _ \ \ \ \
( ( )\___ | '_ | '_| | '_ \/ _` | \ \ \ \
 \\/  ___)| |_)| | | | | || (_| |  ) ) ) )
  '  |____| .__|_| |_|_| |_\__, | / / / /
 =========|_|==============|___/=/_/_/_/

 :: Spring Boot ::                (v3.4.1)

2026-08-28T22:36:02.759+05:30  INFO 37252 --- [bmp-rewards-service] [           main] com.bmp.rewards.BmpRewardsApplication    : Starting BmpRewardsApplication using Java 21.0.11 with PID 37252 (C:\BMP -PRJ\BMP\bmp-rewards\target\classes started by Lenovo in C:\BMP -PRJ\BMP\bmp-rewards)
2026-08-28T22:36:02.770+05:30  INFO 37252 --- [bmp-rewards-service] [           main] com.bmp.rewards.BmpRewardsApplication    : No active profile set, falling back to 1 default profile: "default"
2026-08-28T22:36:03.225+05:30  INFO 37252 --- [bmp-rewards-service] [           main] o.s.c.c.c.ConfigServerConfigDataLoader   : Fetching config from server at : http://localhost:8888
2026-08-28T22:36:03.225+05:30  INFO 37252 --- [bmp-rewards-service] [           main] o.s.c.c.c.ConfigServerConfigDataLoader   : Located environment: name=bmp-rewards-service, profiles=[default], label=null, version=e49a1a5dcfcb36643a08d9529e85f702a6d4d502, state=
2026-08-28T22:36:07.293+05:30  INFO 37252 --- [bmp-rewards-service] [           main] .s.d.r.c.RepositoryConfigurationDelegate : Bootstrapping Spring Data JPA repositories in DEFAULT mode.
2026-08-28T22:36:08.209+05:30  INFO 37252 --- [bmp-rewards-service] [           main] .s.d.r.c.RepositoryConfigurationDelegate : Finished Spring Data repository scanning in 885 ms. Found 16 JPA repository interfaces.
2026-08-28T22:36:11.677+05:30  INFO 37252 --- [bmp-rewards-service] [           main] faultConfiguringBeanFactoryPostProcessor : No bean named 'errorChannel' has been explicitly defined. Therefore, a default PublishSubscribeChannel will be created.
2026-08-28T22:36:11.702+05:30  INFO 37252 --- [bmp-rewards-service] [           main] faultConfiguringBeanFactoryPostProcessor : No bean named 'integrationHeaderChannelRegistry' has been explicitly defined. Therefore, a default DefaultHeaderChannelRegistry will be created.
2026-08-28T22:36:12.500+05:30  INFO 37252 --- [bmp-rewards-service] [           main] o.s.cloud.context.scope.GenericScope     : BeanFactory id=4ce35106-1f31-36ba-8e07-6f72ac6e84b7
2026-08-28T22:36:16.067+05:30  INFO 37252 --- [bmp-rewards-service] [           main] o.s.b.w.embedded.tomcat.TomcatWebServer  : Tomcat initialized with port 8087 (http)
2026-08-28T22:36:16.115+05:30  INFO 37252 --- [bmp-rewards-service] [           main] o.apache.catalina.core.StandardService   : Starting service [Tomcat]
2026-08-28T22:36:16.116+05:30  INFO 37252 --- [bmp-rewards-service] [           main] o.apache.catalina.core.StandardEngine    : Starting Servlet engine: [Apache Tomcat/10.1.34]
2026-08-28T22:36:16.723+05:30  INFO 37252 --- [bmp-rewards-service] [           main] o.a.c.c.C.[Tomcat].[localhost].[/]       : Initializing Spring embedded WebApplicationContext
2026-08-28T22:36:16.725+05:30  INFO 37252 --- [bmp-rewards-service] [           main] w.s.c.ServletWebServerApplicationContext : Root WebApplicationContext: initialization completed in 13487 ms
2026-08-28T22:36:21.304+05:30  INFO 37252 --- [bmp-rewards-service] [           main] com.zaxxer.hikari.HikariDataSource       : HikariPool-1 - Starting...
2026-08-28T22:36:21.895+05:30  INFO 37252 --- [bmp-rewards-service] [           main] com.zaxxer.hikari.pool.HikariPool        : HikariPool-1 - Added connection org.postgresql.jdbc.PgConnection@1c97c3bb
2026-08-28T22:36:21.899+05:30  INFO 37252 --- [bmp-rewards-service] [           main] com.zaxxer.hikari.HikariDataSource       : HikariPool-1 - Start completed.
2026-08-28T22:36:21.975+05:30  INFO 37252 --- [bmp-rewards-service] [           main] org.flywaydb.core.FlywayExecutor         : Database: jdbc:postgresql://localhost:5432/bmp (PostgreSQL 16.4)
2026-08-28T22:36:22.187+05:30  INFO 37252 --- [bmp-rewards-service] [           main] o.f.core.internal.command.DbValidate     : Successfully validated 5 migrations (execution time 00:00.137s)
2026-08-28T22:36:22.276+05:30  INFO 37252 --- [bmp-rewards-service] [           main] o.f.core.internal.command.DbMigrate      : Current version of schema "common_schema": 004
2026-08-28T22:36:22.286+05:30  INFO 37252 --- [bmp-rewards-service] [           main] o.f.core.internal.command.DbMigrate      : Schema "common_schema" is up to date. No migration necessary.
2026-08-28T22:36:22.643+05:30  INFO 37252 --- [bmp-rewards-service] [           main] o.hibernate.jpa.internal.util.LogHelper  : HHH000204: Processing PersistenceUnitInfo [name: default]
2026-08-28T22:36:22.917+05:30  INFO 37252 --- [bmp-rewards-service] [           main] org.hibernate.Version                    : HHH000412: Hibernate ORM core version 6.6.4.Final
2026-08-28T22:36:23.038+05:30  INFO 37252 --- [bmp-rewards-service] [           main] o.h.c.internal.RegionFactoryInitiator    : HHH000026: Second-level cache disabled
2026-08-28T22:36:23.847+05:30  INFO 37252 --- [bmp-rewards-service] [           main] o.s.o.j.p.SpringPersistenceUnitInfo      : No LoadTimeWeaver setup: ignoring JPA class transformer
2026-08-28T22:36:24.082+05:30  INFO 37252 --- [bmp-rewards-service] [           main] org.hibernate.orm.connections.pooling    : HHH10001005: Database info:
	Database JDBC URL [Connecting through datasource 'HikariDataSource (HikariPool-1)']
	Database driver: undefined/unknown
	Database version: 16.4
	Autocommit mode: undefined/unknown
	Isolation level: undefined/unknown
	Minimum pool size: undefined/unknown
	Maximum pool size: undefined/unknown
2026-08-28T22:36:27.606+05:30  INFO 37252 --- [bmp-rewards-service] [           main] o.h.e.t.j.p.i.JtaPlatformInitiator       : HHH000489: No JTA platform available (set 'hibernate.transaction.jta.platform' to enable JTA platform integration)
2026-08-28T22:36:27.733+05:30  INFO 37252 --- [bmp-rewards-service] [           main] j.LocalContainerEntityManagerFactoryBean : Initialized JPA EntityManagerFactory for persistence unit 'default'
2026-08-28T22:36:28.221+05:30  INFO 37252 --- [bmp-rewards-service] [           main] o.s.d.j.r.query.QueryEnhancerFactory     : Hibernate is in classpath; If applicable, HQL parser will be used.
2026-08-28T22:36:29.980+05:30  INFO 37252 --- [bmp-rewards-service] [           main] o.s.c.openfeign.FeignClientFactoryBean   : For 'bmp-user-service' URL not provided. Will try picking an instance via load-balancing.
2026-08-28T22:36:30.598+05:30  WARN 37252 --- [bmp-rewards-service] [           main] .s.s.UserDetailsServiceAutoConfiguration : 

Using generated security password: 763ce5e0-c5a9-4741-865f-d8de87f3db7b

This generated password is for development use only. Your security configuration must be updated before running your application in production.

2026-08-28T22:36:30.618+05:30  INFO 37252 --- [bmp-rewards-service] [           main] r$InitializeUserDetailsManagerConfigurer : Global AuthenticationManager configured with UserDetailsService bean with name inMemoryUserDetailsManager
2026-08-28T22:36:31.407+05:30  INFO 37252 --- [bmp-rewards-service] [           main] o.s.b.a.e.web.EndpointLinksResolver      : Exposing 10 endpoints beneath base path '/actuator'
2026-08-28T22:36:32.963+05:30  INFO 37252 --- [bmp-rewards-service] [           main] o.s.c.s.m.DirectWithAttributesChannel    : Channel 'bmp-rewards-service.springCloudBusInput' has 1 subscriber(s).
2026-08-28T22:36:35.040+05:30  INFO 37252 --- [bmp-rewards-service] [           main] DiscoveryClientOptionalArgsConfiguration : Eureka HTTP Client uses RestTemplate.
2026-08-28T22:36:35.238+05:30  WARN 37252 --- [bmp-rewards-service] [           main] iguration$LoadBalancerCaffeineWarnLogger : Spring Cloud LoadBalancer is currently working with the default cache. While this cache implementation is useful for development and tests, it's recommended to use Caffeine cache in production.You can switch to using Caffeine cache, by adding it and org.springframework.cache.caffeine.CaffeineCacheManager to the classpath.
2026-08-28T22:36:35.825+05:30  INFO 37252 --- [bmp-rewards-service] [           main] o.s.i.endpoint.EventDrivenConsumer       : Adding {logging-channel-adapter:_org.springframework.integration.errorLogger} as a subscriber to the 'errorChannel' channel
2026-08-28T22:36:35.827+05:30  INFO 37252 --- [bmp-rewards-service] [           main] o.s.i.channel.PublishSubscribeChannel    : Channel 'bmp-rewards-service.errorChannel' has 1 subscriber(s).
2026-08-28T22:36:35.827+05:30  INFO 37252 --- [bmp-rewards-service] [           main] o.s.i.endpoint.EventDrivenConsumer       : started bean '_org.springframework.integration.errorLogger'
2026-08-28T22:36:35.869+05:30  INFO 37252 --- [bmp-rewards-service] [           main] o.s.c.n.eureka.InstanceInfoFactory       : Setting initial instance status as: STARTING
2026-08-28T22:36:35.948+05:30  INFO 37252 --- [bmp-rewards-service] [           main] com.netflix.discovery.DiscoveryClient    : Initializing Eureka in region us-east-1
2026-08-28T22:36:35.960+05:30  INFO 37252 --- [bmp-rewards-service] [           main] c.n.d.s.r.aws.ConfigClusterResolver      : Resolving eureka endpoints via configuration
2026-08-28T22:36:35.984+05:30  INFO 37252 --- [bmp-rewards-service] [           main] com.netflix.discovery.DiscoveryClient    : Disable delta property : false
2026-08-28T22:36:35.986+05:30  INFO 37252 --- [bmp-rewards-service] [           main] com.netflix.discovery.DiscoveryClient    : Single vip registry refresh property : null
2026-08-28T22:36:35.986+05:30  INFO 37252 --- [bmp-rewards-service] [           main] com.netflix.discovery.DiscoveryClient    : Force full registry fetch : false
2026-08-28T22:36:35.986+05:30  INFO 37252 --- [bmp-rewards-service] [           main] com.netflix.discovery.DiscoveryClient    : Application is null : false
2026-08-28T22:36:35.986+05:30  INFO 37252 --- [bmp-rewards-service] [           main] com.netflix.discovery.DiscoveryClient    : Registered Applications size is zero : true
2026-08-28T22:36:35.986+05:30  INFO 37252 --- [bmp-rewards-service] [           main] com.netflix.discovery.DiscoveryClient    : Application version is -1: true
2026-08-28T22:36:35.986+05:30  INFO 37252 --- [bmp-rewards-service] [           main] com.netflix.discovery.DiscoveryClient    : Getting all instance registry info from the eureka server
2026-08-28T22:36:36.983+05:30  INFO 37252 --- [bmp-rewards-service] [           main] com.netflix.discovery.DiscoveryClient    : The response status is 200
2026-08-28T22:36:36.988+05:30  INFO 37252 --- [bmp-rewards-service] [           main] com.netflix.discovery.DiscoveryClient    : Starting heartbeat executor: renew interval is: 30
2026-08-28T22:36:36.993+05:30  INFO 37252 --- [bmp-rewards-service] [           main] c.n.discovery.InstanceInfoReplicator     : InstanceInfoReplicator onDemand update allowed rate per min is 4
2026-08-28T22:36:36.995+05:30  INFO 37252 --- [bmp-rewards-service] [           main] com.netflix.discovery.DiscoveryClient    : Discovery Client initialized at timestamp 1787936796995 with initial instances count: 5
2026-08-28T22:36:37.017+05:30  INFO 37252 --- [bmp-rewards-service] [           main] o.s.c.n.e.s.EurekaServiceRegistry        : Registering application BMP-REWARDS-SERVICE with eureka with status UP
2026-08-28T22:36:37.019+05:30  INFO 37252 --- [bmp-rewards-service] [           main] com.netflix.discovery.DiscoveryClient    : Saw local status change event StatusChangeEvent [timestamp=1787936797019, current=UP, previous=STARTING]
2026-08-28T22:36:37.022+05:30  INFO 37252 --- [bmp-rewards-service] [foReplicator-%d] com.netflix.discovery.DiscoveryClient    : DiscoveryClient_BMP-REWARDS-SERVICE/Darshan.mshome.net:bmp-rewards-service:8087: registering service...
2026-08-28T22:36:37.075+05:30  INFO 37252 --- [bmp-rewards-service] [           main] o.s.b.w.embedded.tomcat.TomcatWebServer  : Tomcat started on port 8087 (http) with context path '/'
2026-08-28T22:36:37.076+05:30  INFO 37252 --- [bmp-rewards-service] [           main] .s.c.n.e.s.EurekaAutoServiceRegistration : Updating port to 8087
2026-08-28T22:36:37.082+05:30  INFO 37252 --- [bmp-rewards-service] [foReplicator-%d] com.netflix.discovery.DiscoveryClient    : DiscoveryClient_BMP-REWARDS-SERVICE/Darshan.mshome.net:bmp-rewards-service:8087 - registration status: 204
2026-08-28T22:36:37.264+05:30  INFO 37252 --- [bmp-rewards-service] [           main] o.s.c.s.binder.DefaultBinderFactory      : Creating binder: kafka
2026-08-28T22:36:37.264+05:30  INFO 37252 --- [bmp-rewards-service] [           main] o.s.c.s.binder.DefaultBinderFactory      : Constructing binder child context for kafka
2026-08-28T22:36:38.486+05:30  INFO 37252 --- [bmp-rewards-service] [           main] o.s.c.s.binder.DefaultBinderFactory      : Caching the binder: kafka
2026-08-28T22:36:38.594+05:30  INFO 37252 --- [bmp-rewards-service] [           main] o.a.k.clients.admin.AdminClientConfig    : AdminClientConfig values: 
	auto.include.jmx.reporter = true
	bootstrap.controllers = []
	bootstrap.servers = [localhost:9092]
	client.dns.lookup = use_all_dns_ips
	client.id = 
	connections.max.idle.ms = 300000
	default.api.timeout.ms = 60000
	enable.metrics.push = true
	metadata.max.age.ms = 300000
	metadata.recovery.strategy = none
	metric.reporters = []
	metrics.num.samples = 2
	metrics.recording.level = INFO
	metrics.sample.window.ms = 30000
	receive.buffer.bytes = 65536
	reconnect.backoff.max.ms = 1000
	reconnect.backoff.ms = 50
	request.timeout.ms = 30000
	retries = 2147483647
	retry.backoff.max.ms = 1000
	retry.backoff.ms = 100
	sasl.client.callback.handler.class = null
	sasl.jaas.config = null
	sasl.kerberos.kinit.cmd = /usr/bin/kinit
	sasl.kerberos.min.time.before.relogin = 60000
	sasl.kerberos.service.name = null
	sasl.kerberos.ticket.renew.jitter = 0.05
	sasl.kerberos.ticket.renew.window.factor = 0.8
	sasl.login.callback.handler.class = null
	sasl.login.class = null
	sasl.login.connect.timeout.ms = null
	sasl.login.read.timeout.ms = null
	sasl.login.refresh.buffer.seconds = 300
	sasl.login.refresh.min.period.seconds = 60
	sasl.login.refresh.window.factor = 0.8
	sasl.login.refresh.window.jitter = 0.05
	sasl.login.retry.backoff.max.ms = 10000
	sasl.login.retry.backoff.ms = 100
	sasl.mechanism = GSSAPI
	sasl.oauthbearer.clock.skew.seconds = 30
	sasl.oauthbearer.expected.audience = null
	sasl.oauthbearer.expected.issuer = null
	sasl.oauthbearer.jwks.endpoint.refresh.ms = 3600000
	sasl.oauthbearer.jwks.endpoint.retry.backoff.max.ms = 10000
	sasl.oauthbearer.jwks.endpoint.retry.backoff.ms = 100
	sasl.oauthbearer.jwks.endpoint.url = null
	sasl.oauthbearer.scope.claim.name = scope
	sasl.oauthbearer.sub.claim.name = sub
	sasl.oauthbearer.token.endpoint.url = null
	security.protocol = PLAINTEXT
	security.providers = null
	send.buffer.bytes = 131072
	socket.connection.setup.timeout.max.ms = 30000
	socket.connection.setup.timeout.ms = 10000
	ssl.cipher.suites = null
	ssl.enabled.protocols = [TLSv1.2, TLSv1.3]
	ssl.endpoint.identification.algorithm = https
	ssl.engine.factory.class = null
	ssl.key.password = null
	ssl.keymanager.algorithm = SunX509
	ssl.keystore.certificate.chain = null
	ssl.keystore.key = null
	ssl.keystore.location = null
	ssl.keystore.password = null
	ssl.keystore.type = JKS
	ssl.protocol = TLSv1.3
	ssl.provider = null
	ssl.secure.random.implementation = null
	ssl.trustmanager.algorithm = PKIX
	ssl.truststore.certificates = null
	ssl.truststore.location = null
	ssl.truststore.password = null
	ssl.truststore.type = JKS

2026-08-28T22:36:38.897+05:30  INFO 37252 --- [bmp-rewards-service] [           main] o.a.kafka.common.utils.AppInfoParser     : Kafka version: 3.8.1
2026-08-28T22:36:38.897+05:30  INFO 37252 --- [bmp-rewards-service] [           main] o.a.kafka.common.utils.AppInfoParser     : Kafka commitId: 70d6ff42debf7e17
2026-08-28T22:36:38.897+05:30  INFO 37252 --- [bmp-rewards-service] [           main] o.a.kafka.common.utils.AppInfoParser     : Kafka startTimeMs: 1787936798893
2026-08-28T22:36:39.935+05:30  INFO 37252 --- [bmp-rewards-service] [| adminclient-1] o.a.kafka.common.utils.AppInfoParser     : App info kafka.admin.client for adminclient-1 unregistered
2026-08-28T22:36:39.942+05:30  INFO 37252 --- [bmp-rewards-service] [| adminclient-1] o.apache.kafka.common.metrics.Metrics    : Metrics scheduler closed
2026-08-28T22:36:39.943+05:30  INFO 37252 --- [bmp-rewards-service] [| adminclient-1] o.apache.kafka.common.metrics.Metrics    : Closing reporter org.apache.kafka.common.metrics.JmxReporter
2026-08-28T22:36:39.943+05:30  INFO 37252 --- [bmp-rewards-service] [| adminclient-1] o.apache.kafka.common.metrics.Metrics    : Metrics reporters closed
2026-08-28T22:36:39.961+05:30  INFO 37252 --- [bmp-rewards-service] [           main] o.a.k.clients.consumer.ConsumerConfig    : ConsumerConfig values: 
	allow.auto.create.topics = true
	auto.commit.interval.ms = 100
	auto.include.jmx.reporter = true
	auto.offset.reset = latest
	bootstrap.servers = [localhost:9092]
	check.crcs = true
	client.dns.lookup = use_all_dns_ips
	client.id = consumer-anonymous.b10b50d1-c4e9-4e48-aa21-94a341606310-1
	client.rack = 
	connections.max.idle.ms = 540000
	default.api.timeout.ms = 60000
	enable.auto.commit = false
	enable.metrics.push = true
	exclude.internal.topics = true
	fetch.max.bytes = 52428800
	fetch.max.wait.ms = 500
	fetch.min.bytes = 1
	group.id = anonymous.b10b50d1-c4e9-4e48-aa21-94a341606310
	group.instance.id = null
	group.protocol = classic
	group.remote.assignor = null
	heartbeat.interval.ms = 3000
	interceptor.classes = []
	internal.leave.group.on.close = true
	internal.throw.on.fetch.stable.offset.unsupported = false
	isolation.level = read_uncommitted
	key.deserializer = class org.apache.kafka.common.serialization.ByteArrayDeserializer
	max.partition.fetch.bytes = 1048576
	max.poll.interval.ms = 300000
	max.poll.records = 500
	metadata.max.age.ms = 300000
	metadata.recovery.strategy = none
	metric.reporters = []
	metrics.num.samples = 2
	metrics.recording.level = INFO
	metrics.sample.window.ms = 30000
	partition.assignment.strategy = [class org.apache.kafka.clients.consumer.RangeAssignor, class org.apache.kafka.clients.consumer.CooperativeStickyAssignor]
	receive.buffer.bytes = 65536
	reconnect.backoff.max.ms = 1000
	reconnect.backoff.ms = 50
	request.timeout.ms = 30000
	retry.backoff.max.ms = 1000
	retry.backoff.ms = 100
	sasl.client.callback.handler.class = null
	sasl.jaas.config = null
	sasl.kerberos.kinit.cmd = /usr/bin/kinit
	sasl.kerberos.min.time.before.relogin = 60000
	sasl.kerberos.service.name = null
	sasl.kerberos.ticket.renew.jitter = 0.05
	sasl.kerberos.ticket.renew.window.factor = 0.8
	sasl.login.callback.handler.class = null
	sasl.login.class = null
	sasl.login.connect.timeout.ms = null
	sasl.login.read.timeout.ms = null
	sasl.login.refresh.buffer.seconds = 300
	sasl.login.refresh.min.period.seconds = 60
	sasl.login.refresh.window.factor = 0.8
	sasl.login.refresh.window.jitter = 0.05
	sasl.login.retry.backoff.max.ms = 10000
	sasl.login.retry.backoff.ms = 100
	sasl.mechanism = GSSAPI
	sasl.oauthbearer.clock.skew.seconds = 30
	sasl.oauthbearer.expected.audience = null
	sasl.oauthbearer.expected.issuer = null
	sasl.oauthbearer.jwks.endpoint.refresh.ms = 3600000
	sasl.oauthbearer.jwks.endpoint.retry.backoff.max.ms = 10000
	sasl.oauthbearer.jwks.endpoint.retry.backoff.ms = 100
	sasl.oauthbearer.jwks.endpoint.url = null
	sasl.oauthbearer.scope.claim.name = scope
	sasl.oauthbearer.sub.claim.name = sub
	sasl.oauthbearer.token.endpoint.url = null
	security.protocol = PLAINTEXT
	security.providers = null
	send.buffer.bytes = 131072
	session.timeout.ms = 45000
	socket.connection.setup.timeout.max.ms = 30000
	socket.connection.setup.timeout.ms = 10000
	ssl.cipher.suites = null
	ssl.enabled.protocols = [TLSv1.2, TLSv1.3]
	ssl.endpoint.identification.algorithm = https
	ssl.engine.factory.class = null
	ssl.key.password = null
	ssl.keymanager.algorithm = SunX509
	ssl.keystore.certificate.chain = null
	ssl.keystore.key = null
	ssl.keystore.location = null
	ssl.keystore.password = null
	ssl.keystore.type = JKS
	ssl.protocol = TLSv1.3
	ssl.provider = null
	ssl.secure.random.implementation = null
	ssl.trustmanager.algorithm = PKIX
	ssl.truststore.certificates = null
	ssl.truststore.location = null
	ssl.truststore.password = null
	ssl.truststore.type = JKS
	value.deserializer = class org.apache.kafka.common.serialization.ByteArrayDeserializer

2026-08-28T22:36:40.036+05:30  INFO 37252 --- [bmp-rewards-service] [           main] o.a.k.c.t.i.KafkaMetricsCollector        : initializing Kafka metrics collector
2026-08-28T22:36:40.133+05:30  INFO 37252 --- [bmp-rewards-service] [           main] o.a.kafka.common.utils.AppInfoParser     : Kafka version: 3.8.1
2026-08-28T22:36:40.133+05:30  INFO 37252 --- [bmp-rewards-service] [           main] o.a.kafka.common.utils.AppInfoParser     : Kafka commitId: 70d6ff42debf7e17
2026-08-28T22:36:40.133+05:30  INFO 37252 --- [bmp-rewards-service] [           main] o.a.kafka.common.utils.AppInfoParser     : Kafka startTimeMs: 1787936800133
2026-08-28T22:36:40.175+05:30  INFO 37252 --- [bmp-rewards-service] [           main] org.apache.kafka.clients.Metadata        : [Consumer clientId=consumer-anonymous.b10b50d1-c4e9-4e48-aa21-94a341606310-1, groupId=anonymous.b10b50d1-c4e9-4e48-aa21-94a341606310] Cluster ID: 5L6g3nShT-eMCtK--X86sw
2026-08-28T22:36:40.179+05:30  INFO 37252 --- [bmp-rewards-service] [           main] o.a.k.c.c.internals.ConsumerCoordinator  : [Consumer clientId=consumer-anonymous.b10b50d1-c4e9-4e48-aa21-94a341606310-1, groupId=anonymous.b10b50d1-c4e9-4e48-aa21-94a341606310] Resetting generation and member id due to: consumer pro-actively leaving the group
2026-08-28T22:36:40.179+05:30  INFO 37252 --- [bmp-rewards-service] [           main] o.a.k.c.c.internals.ConsumerCoordinator  : [Consumer clientId=consumer-anonymous.b10b50d1-c4e9-4e48-aa21-94a341606310-1, groupId=anonymous.b10b50d1-c4e9-4e48-aa21-94a341606310] Request joining group due to: consumer pro-actively leaving the group
2026-08-28T22:36:40.191+05:30  INFO 37252 --- [bmp-rewards-service] [           main] o.apache.kafka.common.metrics.Metrics    : Metrics scheduler closed
2026-08-28T22:36:40.191+05:30  INFO 37252 --- [bmp-rewards-service] [           main] o.apache.kafka.common.metrics.Metrics    : Closing reporter org.apache.kafka.common.metrics.JmxReporter
2026-08-28T22:36:40.196+05:30  INFO 37252 --- [bmp-rewards-service] [           main] o.apache.kafka.common.metrics.Metrics    : Closing reporter org.apache.kafka.common.telemetry.internals.ClientTelemetryReporter
2026-08-28T22:36:40.199+05:30  INFO 37252 --- [bmp-rewards-service] [           main] o.apache.kafka.common.metrics.Metrics    : Metrics reporters closed
2026-08-28T22:36:40.211+05:30  INFO 37252 --- [bmp-rewards-service] [           main] o.a.kafka.common.utils.AppInfoParser     : App info kafka.consumer for consumer-anonymous.b10b50d1-c4e9-4e48-aa21-94a341606310-1 unregistered
2026-08-28T22:36:40.323+05:30  INFO 37252 --- [bmp-rewards-service] [           main] o.s.c.stream.binder.BinderErrorChannel   : Channel 'kafka-1635496737.springCloudBusInput.errors' has 1 subscriber(s).
2026-08-28T22:36:40.327+05:30  INFO 37252 --- [bmp-rewards-service] [           main] o.s.c.stream.binder.BinderErrorChannel   : Channel 'kafka-1635496737.springCloudBusInput.errors' has 0 subscriber(s).
2026-08-28T22:36:40.327+05:30  INFO 37252 --- [bmp-rewards-service] [           main] o.s.c.stream.binder.BinderErrorChannel   : Channel 'kafka-1635496737.springCloudBusInput.errors' has 1 subscriber(s).
2026-08-28T22:36:40.328+05:30  INFO 37252 --- [bmp-rewards-service] [           main] o.s.c.stream.binder.BinderErrorChannel   : Channel 'kafka-1635496737.springCloudBusInput.errors' has 2 subscriber(s).
2026-08-28T22:36:40.431+05:30  INFO 37252 --- [bmp-rewards-service] [           main] o.a.k.clients.consumer.ConsumerConfig    : ConsumerConfig values: 
	allow.auto.create.topics = true
	auto.commit.interval.ms = 100
	auto.include.jmx.reporter = true
	auto.offset.reset = latest
	bootstrap.servers = [localhost:9092]
	check.crcs = true
	client.dns.lookup = use_all_dns_ips
	client.id = consumer-anonymous.b10b50d1-c4e9-4e48-aa21-94a341606310-2
	client.rack = 
	connections.max.idle.ms = 540000
	default.api.timeout.ms = 60000
	enable.auto.commit = false
	enable.metrics.push = true
	exclude.internal.topics = true
	fetch.max.bytes = 52428800
	fetch.max.wait.ms = 500
	fetch.min.bytes = 1
	group.id = anonymous.b10b50d1-c4e9-4e48-aa21-94a341606310
	group.instance.id = null
	group.protocol = classic
	group.remote.assignor = null
	heartbeat.interval.ms = 3000
	interceptor.classes = []
	internal.leave.group.on.close = true
	internal.throw.on.fetch.stable.offset.unsupported = false
	isolation.level = read_uncommitted
	key.deserializer = class org.apache.kafka.common.serialization.ByteArrayDeserializer
	max.partition.fetch.bytes = 1048576
	max.poll.interval.ms = 300000
	max.poll.records = 500
	metadata.max.age.ms = 300000
	metadata.recovery.strategy = none
	metric.reporters = []
	metrics.num.samples = 2
	metrics.recording.level = INFO
	metrics.sample.window.ms = 30000
	partition.assignment.strategy = [class org.apache.kafka.clients.consumer.RangeAssignor, class org.apache.kafka.clients.consumer.CooperativeStickyAssignor]
	receive.buffer.bytes = 65536
	reconnect.backoff.max.ms = 1000
	reconnect.backoff.ms = 50
	request.timeout.ms = 30000
	retry.backoff.max.ms = 1000
	retry.backoff.ms = 100
	sasl.client.callback.handler.class = null
	sasl.jaas.config = null
	sasl.kerberos.kinit.cmd = /usr/bin/kinit
	sasl.kerberos.min.time.before.relogin = 60000
	sasl.kerberos.service.name = null
	sasl.kerberos.ticket.renew.jitter = 0.05
	sasl.kerberos.ticket.renew.window.factor = 0.8
	sasl.login.callback.handler.class = null
	sasl.login.class = null
	sasl.login.connect.timeout.ms = null
	sasl.login.read.timeout.ms = null
	sasl.login.refresh.buffer.seconds = 300
	sasl.login.refresh.min.period.seconds = 60
	sasl.login.refresh.window.factor = 0.8
	sasl.login.refresh.window.jitter = 0.05
	sasl.login.retry.backoff.max.ms = 10000
	sasl.login.retry.backoff.ms = 100
	sasl.mechanism = GSSAPI
	sasl.oauthbearer.clock.skew.seconds = 30
	sasl.oauthbearer.expected.audience = null
	sasl.oauthbearer.expected.issuer = null
	sasl.oauthbearer.jwks.endpoint.refresh.ms = 3600000
	sasl.oauthbearer.jwks.endpoint.retry.backoff.max.ms = 10000
	sasl.oauthbearer.jwks.endpoint.retry.backoff.ms = 100
	sasl.oauthbearer.jwks.endpoint.url = null
	sasl.oauthbearer.scope.claim.name = scope
	sasl.oauthbearer.sub.claim.name = sub
	sasl.oauthbearer.token.endpoint.url = null
	security.protocol = PLAINTEXT
	security.providers = null
	send.buffer.bytes = 131072
	session.timeout.ms = 45000
	socket.connection.setup.timeout.max.ms = 30000
	socket.connection.setup.timeout.ms = 10000
	ssl.cipher.suites = null
	ssl.enabled.protocols = [TLSv1.2, TLSv1.3]
	ssl.endpoint.identification.algorithm = https
	ssl.engine.factory.class = null
	ssl.key.password = null
	ssl.keymanager.algorithm = SunX509
	ssl.keystore.certificate.chain = null
	ssl.keystore.key = null
	ssl.keystore.location = null
	ssl.keystore.password = null
	ssl.keystore.type = JKS
	ssl.protocol = TLSv1.3
	ssl.provider = null
	ssl.secure.random.implementation = null
	ssl.trustmanager.algorithm = PKIX
	ssl.truststore.certificates = null
	ssl.truststore.location = null
	ssl.truststore.password = null
	ssl.truststore.type = JKS
	value.deserializer = class org.apache.kafka.common.serialization.ByteArrayDeserializer

2026-08-28T22:36:40.432+05:30  INFO 37252 --- [bmp-rewards-service] [           main] o.a.k.c.t.i.KafkaMetricsCollector        : initializing Kafka metrics collector
2026-08-28T22:36:40.448+05:30  INFO 37252 --- [bmp-rewards-service] [           main] o.a.kafka.common.utils.AppInfoParser     : Kafka version: 3.8.1
2026-08-28T22:36:40.449+05:30  INFO 37252 --- [bmp-rewards-service] [           main] o.a.kafka.common.utils.AppInfoParser     : Kafka commitId: 70d6ff42debf7e17
2026-08-28T22:36:40.449+05:30  INFO 37252 --- [bmp-rewards-service] [           main] o.a.kafka.common.utils.AppInfoParser     : Kafka startTimeMs: 1787936800448
2026-08-28T22:36:40.460+05:30  INFO 37252 --- [bmp-rewards-service] [           main] o.a.k.c.c.internals.LegacyKafkaConsumer  : [Consumer clientId=consumer-anonymous.b10b50d1-c4e9-4e48-aa21-94a341606310-2, groupId=anonymous.b10b50d1-c4e9-4e48-aa21-94a341606310] Subscribed to topic(s): springCloudBus
2026-08-28T22:36:40.475+05:30  INFO 37252 --- [bmp-rewards-service] [           main] s.i.k.i.KafkaMessageDrivenChannelAdapter : started org.springframework.integration.kafka.inbound.KafkaMessageDrivenChannelAdapter@3dfa4c9b
2026-08-28T22:36:40.505+05:30  INFO 37252 --- [bmp-rewards-service] [container-0-C-1] org.apache.kafka.clients.Metadata        : [Consumer clientId=consumer-anonymous.b10b50d1-c4e9-4e48-aa21-94a341606310-2, groupId=anonymous.b10b50d1-c4e9-4e48-aa21-94a341606310] Cluster ID: 5L6g3nShT-eMCtK--X86sw
2026-08-28T22:36:40.506+05:30  INFO 37252 --- [bmp-rewards-service] [container-0-C-1] o.a.k.c.c.internals.ConsumerCoordinator  : [Consumer clientId=consumer-anonymous.b10b50d1-c4e9-4e48-aa21-94a341606310-2, groupId=anonymous.b10b50d1-c4e9-4e48-aa21-94a341606310] Discovered group coordinator localhost:9092 (id: 2147483646 rack: null)
2026-08-28T22:36:40.514+05:30  INFO 37252 --- [bmp-rewards-service] [container-0-C-1] o.a.k.c.c.internals.ConsumerCoordinator  : [Consumer clientId=consumer-anonymous.b10b50d1-c4e9-4e48-aa21-94a341606310-2, groupId=anonymous.b10b50d1-c4e9-4e48-aa21-94a341606310] (Re-)joining group
2026-08-28T22:36:40.552+05:30  INFO 37252 --- [bmp-rewards-service] [container-0-C-1] o.a.k.c.c.internals.ConsumerCoordinator  : [Consumer clientId=consumer-anonymous.b10b50d1-c4e9-4e48-aa21-94a341606310-2, groupId=anonymous.b10b50d1-c4e9-4e48-aa21-94a341606310] Request joining group due to: need to re-join with the given member-id: consumer-anonymous.b10b50d1-c4e9-4e48-aa21-94a341606310-2-bb7737e6-a394-41d4-848a-b9346fd435f2
2026-08-28T22:36:40.553+05:30  INFO 37252 --- [bmp-rewards-service] [container-0-C-1] o.a.k.c.c.internals.ConsumerCoordinator  : [Consumer clientId=consumer-anonymous.b10b50d1-c4e9-4e48-aa21-94a341606310-2, groupId=anonymous.b10b50d1-c4e9-4e48-aa21-94a341606310] (Re-)joining group
2026-08-28T22:36:40.665+05:30  INFO 37252 --- [bmp-rewards-service] [           main] com.bmp.rewards.BmpRewardsApplication    : Started BmpRewardsApplication in 45.066 seconds (process running for 45.99)
2026-08-28T22:36:41.496+05:30  INFO 37252 --- [bmp-rewards-service] [pool-2-thread-1] o.a.k.clients.consumer.ConsumerConfig    : ConsumerConfig values: 
	allow.auto.create.topics = true
	auto.commit.interval.ms = 5000
	auto.include.jmx.reporter = true
	auto.offset.reset = latest
	bootstrap.servers = [localhost:9092]
	check.crcs = true
	client.dns.lookup = use_all_dns_ips
	client.id = consumer-anonymous.b10b50d1-c4e9-4e48-aa21-94a341606310-3
	client.rack = 
	connections.max.idle.ms = 540000
	default.api.timeout.ms = 60000
	enable.auto.commit = true
	enable.metrics.push = true
	exclude.internal.topics = true
	fetch.max.bytes = 52428800
	fetch.max.wait.ms = 500
	fetch.min.bytes = 1
	group.id = anonymous.b10b50d1-c4e9-4e48-aa21-94a341606310
	group.instance.id = null
	group.protocol = classic
	group.remote.assignor = null
	heartbeat.interval.ms = 3000
	interceptor.classes = []
	internal.leave.group.on.close = true
	internal.throw.on.fetch.stable.offset.unsupported = false
	isolation.level = read_uncommitted
	key.deserializer = class org.apache.kafka.common.serialization.ByteArrayDeserializer
	max.partition.fetch.bytes = 1048576
	max.poll.interval.ms = 300000
	max.poll.records = 500
	metadata.max.age.ms = 300000
	metadata.recovery.strategy = none
	metric.reporters = []
	metrics.num.samples = 2
	metrics.recording.level = INFO
	metrics.sample.window.ms = 30000
	partition.assignment.strategy = [class org.apache.kafka.clients.consumer.RangeAssignor, class org.apache.kafka.clients.consumer.CooperativeStickyAssignor]
	receive.buffer.bytes = 65536
	reconnect.backoff.max.ms = 1000
	reconnect.backoff.ms = 50
	request.timeout.ms = 30000
	retry.backoff.max.ms = 1000
	retry.backoff.ms = 100
	sasl.client.callback.handler.class = null
	sasl.jaas.config = null
	sasl.kerberos.kinit.cmd = /usr/bin/kinit
	sasl.kerberos.min.time.before.relogin = 60000
	sasl.kerberos.service.name = null
	sasl.kerberos.ticket.renew.jitter = 0.05
	sasl.kerberos.ticket.renew.window.factor = 0.8
	sasl.login.callback.handler.class = null
	sasl.login.class = null
	sasl.login.connect.timeout.ms = null
	sasl.login.read.timeout.ms = null
	sasl.login.refresh.buffer.seconds = 300
	sasl.login.refresh.min.period.seconds = 60
	sasl.login.refresh.window.factor = 0.8
	sasl.login.refresh.window.jitter = 0.05
	sasl.login.retry.backoff.max.ms = 10000
	sasl.login.retry.backoff.ms = 100
	sasl.mechanism = GSSAPI
	sasl.oauthbearer.clock.skew.seconds = 30
	sasl.oauthbearer.expected.audience = null
	sasl.oauthbearer.expected.issuer = null
	sasl.oauthbearer.jwks.endpoint.refresh.ms = 3600000
	sasl.oauthbearer.jwks.endpoint.retry.backoff.max.ms = 10000
	sasl.oauthbearer.jwks.endpoint.retry.backoff.ms = 100
	sasl.oauthbearer.jwks.endpoint.url = null
	sasl.oauthbearer.scope.claim.name = scope
	sasl.oauthbearer.sub.claim.name = sub
	sasl.oauthbearer.token.endpoint.url = null
	security.protocol = PLAINTEXT
	security.providers = null
	send.buffer.bytes = 131072
	session.timeout.ms = 45000
	socket.connection.setup.timeout.max.ms = 30000
	socket.connection.setup.timeout.ms = 10000
	ssl.cipher.suites = null
	ssl.enabled.protocols = [TLSv1.2, TLSv1.3]
	ssl.endpoint.identification.algorithm = https
	ssl.engine.factory.class = null
	ssl.key.password = null
	ssl.keymanager.algorithm = SunX509
	ssl.keystore.certificate.chain = null
	ssl.keystore.key = null
	ssl.keystore.location = null
	ssl.keystore.password = null
	ssl.keystore.type = JKS
	ssl.protocol = TLSv1.3
	ssl.provider = null
	ssl.secure.random.implementation = null
	ssl.trustmanager.algorithm = PKIX
	ssl.truststore.certificates = null
	ssl.truststore.location = null
	ssl.truststore.password = null
	ssl.truststore.type = JKS
	value.deserializer = class org.apache.kafka.common.serialization.ByteArrayDeserializer

2026-08-28T22:36:41.497+05:30  INFO 37252 --- [bmp-rewards-service] [pool-2-thread-1] o.a.k.c.t.i.KafkaMetricsCollector        : initializing Kafka metrics collector
2026-08-28T22:36:41.516+05:30  INFO 37252 --- [bmp-rewards-service] [pool-2-thread-1] o.a.kafka.common.utils.AppInfoParser     : Kafka version: 3.8.1
2026-08-28T22:36:41.516+05:30  INFO 37252 --- [bmp-rewards-service] [pool-2-thread-1] o.a.kafka.common.utils.AppInfoParser     : Kafka commitId: 70d6ff42debf7e17
2026-08-28T22:36:41.516+05:30  INFO 37252 --- [bmp-rewards-service] [pool-2-thread-1] o.a.kafka.common.utils.AppInfoParser     : Kafka startTimeMs: 1787936801516
2026-08-28T22:36:41.532+05:30  INFO 37252 --- [bmp-rewards-service] [pool-2-thread-1] org.apache.kafka.clients.Metadata        : [Consumer clientId=consumer-anonymous.b10b50d1-c4e9-4e48-aa21-94a341606310-3, groupId=anonymous.b10b50d1-c4e9-4e48-aa21-94a341606310] Cluster ID: 5L6g3nShT-eMCtK--X86sw
2026-08-28T22:36:41.557+05:30  INFO 37252 --- [bmp-rewards-service] [pool-2-thread-1] o.a.k.c.c.internals.ConsumerCoordinator  : [Consumer clientId=consumer-anonymous.b10b50d1-c4e9-4e48-aa21-94a341606310-3, groupId=anonymous.b10b50d1-c4e9-4e48-aa21-94a341606310] Discovered group coordinator localhost:9092 (id: 2147483646 rack: null)
2026-08-28T22:36:41.571+05:30  INFO 37252 --- [bmp-rewards-service] [pool-2-thread-1] o.a.k.c.c.internals.ConsumerCoordinator  : [Consumer clientId=consumer-anonymous.b10b50d1-c4e9-4e48-aa21-94a341606310-3, groupId=anonymous.b10b50d1-c4e9-4e48-aa21-94a341606310] Found no committed offset for partition springCloudBus-0
2026-08-28T22:36:43.564+05:30  INFO 37252 --- [bmp-rewards-service] [container-0-C-1] o.a.k.c.c.internals.ConsumerCoordinator  : [Consumer clientId=consumer-anonymous.b10b50d1-c4e9-4e48-aa21-94a341606310-2, groupId=anonymous.b10b50d1-c4e9-4e48-aa21-94a341606310] Successfully joined group with generation Generation{generationId=1, memberId='consumer-anonymous.b10b50d1-c4e9-4e48-aa21-94a341606310-2-bb7737e6-a394-41d4-848a-b9346fd435f2', protocol='range'}
2026-08-28T22:36:43.598+05:30  INFO 37252 --- [bmp-rewards-service] [container-0-C-1] o.a.k.c.c.internals.ConsumerCoordinator  : [Consumer clientId=consumer-anonymous.b10b50d1-c4e9-4e48-aa21-94a341606310-2, groupId=anonymous.b10b50d1-c4e9-4e48-aa21-94a341606310] Finished assignment for group at generation 1: {consumer-anonymous.b10b50d1-c4e9-4e48-aa21-94a341606310-2-bb7737e6-a394-41d4-848a-b9346fd435f2=Assignment(partitions=[springCloudBus-0])}
2026-08-28T22:36:43.619+05:30  INFO 37252 --- [bmp-rewards-service] [container-0-C-1] o.a.k.c.c.internals.ConsumerCoordinator  : [Consumer clientId=consumer-anonymous.b10b50d1-c4e9-4e48-aa21-94a341606310-2, groupId=anonymous.b10b50d1-c4e9-4e48-aa21-94a341606310] Successfully synced group in generation Generation{generationId=1, memberId='consumer-anonymous.b10b50d1-c4e9-4e48-aa21-94a341606310-2-bb7737e6-a394-41d4-848a-b9346fd435f2', protocol='range'}
2026-08-28T22:36:43.622+05:30  INFO 37252 --- [bmp-rewards-service] [container-0-C-1] o.a.k.c.c.internals.ConsumerCoordinator  : [Consumer clientId=consumer-anonymous.b10b50d1-c4e9-4e48-aa21-94a341606310-2, groupId=anonymous.b10b50d1-c4e9-4e48-aa21-94a341606310] Notifying assignor about the new Assignment(partitions=[springCloudBus-0])
2026-08-28T22:36:43.640+05:30  INFO 37252 --- [bmp-rewards-service] [container-0-C-1] k.c.c.i.ConsumerRebalanceListenerInvoker : [Consumer clientId=consumer-anonymous.b10b50d1-c4e9-4e48-aa21-94a341606310-2, groupId=anonymous.b10b50d1-c4e9-4e48-aa21-94a341606310] Adding newly assigned partitions: springCloudBus-0
2026-08-28T22:36:43.650+05:30  INFO 37252 --- [bmp-rewards-service] [container-0-C-1] o.a.k.c.c.internals.ConsumerCoordinator  : [Consumer clientId=consumer-anonymous.b10b50d1-c4e9-4e48-aa21-94a341606310-2, groupId=anonymous.b10b50d1-c4e9-4e48-aa21-94a341606310] Found no committed offset for partition springCloudBus-0
2026-08-28T22:36:43.663+05:30  INFO 37252 --- [bmp-rewards-service] [container-0-C-1] o.a.k.c.c.internals.ConsumerCoordinator  : [Consumer clientId=consumer-anonymous.b10b50d1-c4e9-4e48-aa21-94a341606310-2, groupId=anonymous.b10b50d1-c4e9-4e48-aa21-94a341606310] Found no committed offset for partition springCloudBus-0
2026-08-28T22:36:43.686+05:30  INFO 37252 --- [bmp-rewards-service] [container-0-C-1] o.a.k.c.c.internals.SubscriptionState    : [Consumer clientId=consumer-anonymous.b10b50d1-c4e9-4e48-aa21-94a341606310-2, groupId=anonymous.b10b50d1-c4e9-4e48-aa21-94a341606310] Resetting offset for partition springCloudBus-0 to position FetchPosition{offset=0, offsetEpoch=Optional.empty, currentLeader=LeaderAndEpoch{leader=Optional[localhost:9092 (id: 1 rack: null)], epoch=0}}.
2026-08-28T22:36:43.702+05:30  INFO 37252 --- [bmp-rewards-service] [container-0-C-1] o.s.c.s.b.k.KafkaMessageChannelBinder$2  : anonymous.b10b50d1-c4e9-4e48-aa21-94a341606310: partitions assigned: [springCloudBus-0]
2026-08-28T22:37:03.081+05:30  INFO 37252 --- [bmp-rewards-service] [nio-8087-exec-1] o.a.c.c.C.[Tomcat].[localhost].[/]       : Initializing Spring DispatcherServlet 'dispatcherServlet'
2026-08-28T22:37:03.082+05:30  INFO 37252 --- [bmp-rewards-service] [nio-8087-exec-1] o.s.web.servlet.DispatcherServlet        : Initializing Servlet 'dispatcherServlet'
2026-08-28T22:37:03.091+05:30  INFO 37252 --- [bmp-rewards-service] [nio-8087-exec-1] o.s.web.servlet.DispatcherServlet        : Completed initialization in 9 ms
2026-08-28T22:37:03.365+05:30  INFO 37252 --- [bmp-rewards-service] [binder-health-1] o.a.k.clients.consumer.ConsumerConfig    : ConsumerConfig values: 
	allow.auto.create.topics = true
	auto.commit.interval.ms = 5000
	auto.include.jmx.reporter = true
	auto.offset.reset = latest
	bootstrap.servers = [localhost:9092]
	check.crcs = true
	client.dns.lookup = use_all_dns_ips
	client.id = consumer-null-4
	client.rack = 
	connections.max.idle.ms = 540000
	default.api.timeout.ms = 60000
	enable.auto.commit = false
	enable.metrics.push = true
	exclude.internal.topics = true
	fetch.max.bytes = 52428800
	fetch.max.wait.ms = 500
	fetch.min.bytes = 1
	group.id = null
	group.instance.id = null
	group.protocol = classic
	group.remote.assignor = null
	heartbeat.interval.ms = 3000
	interceptor.classes = []
	internal.leave.group.on.close = true
	internal.throw.on.fetch.stable.offset.unsupported = false
	isolation.level = read_uncommitted
	key.deserializer = class org.apache.kafka.common.serialization.ByteArrayDeserializer
	max.partition.fetch.bytes = 1048576
	max.poll.interval.ms = 300000
	max.poll.records = 500
	metadata.max.age.ms = 300000
	metadata.recovery.strategy = none
	metric.reporters = []
	metrics.num.samples = 2
	metrics.recording.level = INFO
	metrics.sample.window.ms = 30000
	partition.assignment.strategy = [class org.apache.kafka.clients.consumer.RangeAssignor, class org.apache.kafka.clients.consumer.CooperativeStickyAssignor]
	receive.buffer.bytes = 65536
	reconnect.backoff.max.ms = 1000
	reconnect.backoff.ms = 50
	request.timeout.ms = 30000
	retry.backoff.max.ms = 1000
	retry.backoff.ms = 100
	sasl.client.callback.handler.class = null
	sasl.jaas.config = null
	sasl.kerberos.kinit.cmd = /usr/bin/kinit
	sasl.kerberos.min.time.before.relogin = 60000
	sasl.kerberos.service.name = null
	sasl.kerberos.ticket.renew.jitter = 0.05
	sasl.kerberos.ticket.renew.window.factor = 0.8
	sasl.login.callback.handler.class = null
	sasl.login.class = null
	sasl.login.connect.timeout.ms = null
	sasl.login.read.timeout.ms = null
	sasl.login.refresh.buffer.seconds = 300
	sasl.login.refresh.min.period.seconds = 60
	sasl.login.refresh.window.factor = 0.8
	sasl.login.refresh.window.jitter = 0.05
	sasl.login.retry.backoff.max.ms = 10000
	sasl.login.retry.backoff.ms = 100
	sasl.mechanism = GSSAPI
	sasl.oauthbearer.clock.skew.seconds = 30
	sasl.oauthbearer.expected.audience = null
	sasl.oauthbearer.expected.issuer = null
	sasl.oauthbearer.jwks.endpoint.refresh.ms = 3600000
	sasl.oauthbearer.jwks.endpoint.retry.backoff.max.ms = 10000
	sasl.oauthbearer.jwks.endpoint.retry.backoff.ms = 100
	sasl.oauthbearer.jwks.endpoint.url = null
	sasl.oauthbearer.scope.claim.name = scope
	sasl.oauthbearer.sub.claim.name = sub
	sasl.oauthbearer.token.endpoint.url = null
	security.protocol = PLAINTEXT
	security.providers = null
	send.buffer.bytes = 131072
	session.timeout.ms = 45000
	socket.connection.setup.timeout.max.ms = 30000
	socket.connection.setup.timeout.ms = 10000
	ssl.cipher.suites = null
	ssl.enabled.protocols = [TLSv1.2, TLSv1.3]
	ssl.endpoint.identification.algorithm = https
	ssl.engine.factory.class = null
	ssl.key.password = null
	ssl.keymanager.algorithm = SunX509
	ssl.keystore.certificate.chain = null
	ssl.keystore.key = null
	ssl.keystore.location = null
	ssl.keystore.password = null
	ssl.keystore.type = JKS
	ssl.protocol = TLSv1.3
	ssl.provider = null
	ssl.secure.random.implementation = null
	ssl.trustmanager.algorithm = PKIX
	ssl.truststore.certificates = null
	ssl.truststore.location = null
	ssl.truststore.password = null
	ssl.truststore.type = JKS
	value.deserializer = class org.apache.kafka.common.serialization.ByteArrayDeserializer

2026-08-28T22:37:03.367+05:30  INFO 37252 --- [bmp-rewards-service] [binder-health-1] o.a.k.c.t.i.KafkaMetricsCollector        : initializing Kafka metrics collector
2026-08-28T22:37:03.388+05:30  INFO 37252 --- [bmp-rewards-service] [binder-health-1] o.a.kafka.common.utils.AppInfoParser     : Kafka version: 3.8.1
2026-08-28T22:37:03.389+05:30  INFO 37252 --- [bmp-rewards-service] [binder-health-1] o.a.kafka.common.utils.AppInfoParser     : Kafka commitId: 70d6ff42debf7e17
2026-08-28T22:37:03.389+05:30  INFO 37252 --- [bmp-rewards-service] [binder-health-1] o.a.kafka.common.utils.AppInfoParser     : Kafka startTimeMs: 1787936823388
2026-08-28T22:37:03.406+05:30  INFO 37252 --- [bmp-rewards-service] [binder-health-1] org.apache.kafka.clients.Metadata        : [Consumer clientId=consumer-null-4, groupId=null] Cluster ID: 5L6g3nShT-eMCtK--X86sw
2026-08-28T22:41:35.998+05:30  INFO 37252 --- [bmp-rewards-service] [rap-executor-%d] c.n.d.s.r.aws.ConfigClusterResolver      : Resolving eureka endpoints via configuration
2026-08-28T22:45:40.967+05:30  INFO 37252 --- [bmp-rewards-service] [container-0-C-1] org.apache.kafka.clients.NetworkClient   : [Consumer clientId=consumer-anonymous.b10b50d1-c4e9-4e48-aa21-94a341606310-2, groupId=anonymous.b10b50d1-c4e9-4e48-aa21-94a341606310] Node -1 disconnected.
2026-08-28T22:45:41.715+05:30  INFO 37252 --- [bmp-rewards-service] [pool-2-thread-1] org.apache.kafka.clients.NetworkClient   : [Consumer clientId=consumer-anonymous.b10b50d1-c4e9-4e48-aa21-94a341606310-3, groupId=anonymous.b10b50d1-c4e9-4e48-aa21-94a341606310] Node -1 disconnected.
2026-08-28T22:46:18.764+05:30  INFO 37252 --- [bmp-rewards-service] [binder-health-1] org.apache.kafka.clients.NetworkClient   : [Consumer clientId=consumer-null-4, groupId=null] Node -1 disconnected.
2026-08-28T22:46:36.013+05:30  INFO 37252 --- [bmp-rewards-service] [rap-executor-%d] c.n.d.s.r.aws.ConfigClusterResolver      : Resolving eureka endpoints via configuration
2026-08-28T22:51:34.003+05:30  INFO 37252 --- [bmp-rewards-service] [   scheduling-1] o.a.k.clients.producer.ProducerConfig    : ProducerConfig values: 
	acks = -1
	auto.include.jmx.reporter = true
	batch.size = 16384
	bootstrap.servers = [localhost:9092]
	buffer.memory = 33554432
	client.dns.lookup = use_all_dns_ips
	client.id = bmp-rewards-service-producer-1
	compression.gzip.level = -1
	compression.lz4.level = 9
	compression.type = none
	compression.zstd.level = 3
	connections.max.idle.ms = 540000
	delivery.timeout.ms = 120000
	enable.idempotence = true
	enable.metrics.push = true
	interceptor.classes = []
	key.serializer = class org.apache.kafka.common.serialization.ByteArraySerializer
	linger.ms = 0
	max.block.ms = 60000
	max.in.flight.requests.per.connection = 5
	max.request.size = 1048576
	metadata.max.age.ms = 300000
	metadata.max.idle.ms = 300000
	metadata.recovery.strategy = none
	metric.reporters = []
	metrics.num.samples = 2
	metrics.recording.level = INFO
	metrics.sample.window.ms = 30000
	partitioner.adaptive.partitioning.enable = true
	partitioner.availability.timeout.ms = 0
	partitioner.class = null
	partitioner.ignore.keys = false
	receive.buffer.bytes = 32768
	reconnect.backoff.max.ms = 1000
	reconnect.backoff.ms = 50
	request.timeout.ms = 30000
	retries = 2147483647
	retry.backoff.max.ms = 1000
	retry.backoff.ms = 100
	sasl.client.callback.handler.class = null
	sasl.jaas.config = null
	sasl.kerberos.kinit.cmd = /usr/bin/kinit
	sasl.kerberos.min.time.before.relogin = 60000
	sasl.kerberos.service.name = null
	sasl.kerberos.ticket.renew.jitter = 0.05
	sasl.kerberos.ticket.renew.window.factor = 0.8
	sasl.login.callback.handler.class = null
	sasl.login.class = null
	sasl.login.connect.timeout.ms = null
	sasl.login.read.timeout.ms = null
	sasl.login.refresh.buffer.seconds = 300
	sasl.login.refresh.min.period.seconds = 60
	sasl.login.refresh.window.factor = 0.8
	sasl.login.refresh.window.jitter = 0.05
	sasl.login.retry.backoff.max.ms = 10000
	sasl.login.retry.backoff.ms = 100
	sasl.mechanism = GSSAPI
	sasl.oauthbearer.clock.skew.seconds = 30
	sasl.oauthbearer.expected.audience = null
	sasl.oauthbearer.expected.issuer = null
	sasl.oauthbearer.jwks.endpoint.refresh.ms = 3600000
	sasl.oauthbearer.jwks.endpoint.retry.backoff.max.ms = 10000
	sasl.oauthbearer.jwks.endpoint.retry.backoff.ms = 100
	sasl.oauthbearer.jwks.endpoint.url = null
	sasl.oauthbearer.scope.claim.name = scope
	sasl.oauthbearer.sub.claim.name = sub
	sasl.oauthbearer.token.endpoint.url = null
	security.protocol = PLAINTEXT
	security.providers = null
	send.buffer.bytes = 131072
	socket.connection.setup.timeout.max.ms = 30000
	socket.connection.setup.timeout.ms = 10000
	ssl.cipher.suites = null
	ssl.enabled.protocols = [TLSv1.2, TLSv1.3]
	ssl.endpoint.identification.algorithm = https
	ssl.engine.factory.class = null
	ssl.key.password = null
	ssl.keymanager.algorithm = SunX509
	ssl.keystore.certificate.chain = null
	ssl.keystore.key = null
	ssl.keystore.location = null
	ssl.keystore.password = null
	ssl.keystore.type = JKS
	ssl.protocol = TLSv1.3
	ssl.provider = null
	ssl.secure.random.implementation = null
	ssl.trustmanager.algorithm = PKIX
	ssl.truststore.certificates = null
	ssl.truststore.location = null
	ssl.truststore.password = null
	ssl.truststore.type = JKS
	transaction.timeout.ms = 60000
	transactional.id = null
	value.serializer = class org.apache.kafka.common.serialization.ByteArraySerializer

2026-08-28T22:51:34.040+05:30  INFO 37252 --- [bmp-rewards-service] [   scheduling-1] o.a.k.c.t.i.KafkaMetricsCollector        : initializing Kafka metrics collector
2026-08-28T22:51:34.296+05:30  INFO 37252 --- [bmp-rewards-service] [   scheduling-1] o.a.k.clients.producer.KafkaProducer     : [Producer clientId=bmp-rewards-service-producer-1] Instantiated an idempotent producer.
2026-08-28T22:51:34.415+05:30  INFO 37252 --- [bmp-rewards-service] [   scheduling-1] o.a.kafka.common.utils.AppInfoParser     : Kafka version: 3.8.1
2026-08-28T22:51:34.415+05:30  INFO 37252 --- [bmp-rewards-service] [   scheduling-1] o.a.kafka.common.utils.AppInfoParser     : Kafka commitId: 70d6ff42debf7e17
2026-08-28T22:51:34.415+05:30  INFO 37252 --- [bmp-rewards-service] [   scheduling-1] o.a.kafka.common.utils.AppInfoParser     : Kafka startTimeMs: 1787937694413
2026-08-28T22:51:34.433+05:30  INFO 37252 --- [bmp-rewards-service] [vice-producer-1] org.apache.kafka.clients.Metadata        : [Producer clientId=bmp-rewards-service-producer-1] Cluster ID: 5L6g3nShT-eMCtK--X86sw
2026-08-28T22:51:34.435+05:30  INFO 37252 --- [bmp-rewards-service] [vice-producer-1] o.a.k.c.p.internals.TransactionManager   : [Producer clientId=bmp-rewards-service-producer-1] ProducerId set to 4006 with epoch 0
2026-08-28T22:51:34.475+05:30  WARN 37252 --- [bmp-rewards-service] [   scheduling-1] com.bmp.common.kafka.OutboxKafkaRelay    : outbox->kafka relay failed for otp.requested [01a04964-0741-75ab-b769-290d9941c84e] attempt 3: Can't convert key of class java.lang.String to class org.apache.kafka.common.serialization.ByteArraySerializer specified in key.serializer
2026-08-28T22:51:36.029+05:30  INFO 37252 --- [bmp-rewards-service] [rap-executor-%d] c.n.d.s.r.aws.ConfigClusterResolver      : Resolving eureka endpoints via configuration
2026-08-28T22:54:58.559+05:30  WARN 37252 --- [bmp-rewards-service] [   scheduling-1] com.bmp.common.kafka.OutboxKafkaRelay    : outbox->kafka relay failed for salon.status.changed [01a04967-3cf5-7863-a615-c94c03e3c127] attempt 1: Can't convert key of class java.lang.String to class org.apache.kafka.common.serialization.ByteArraySerializer specified in key.serializer
2026-08-28T22:55:40.555+05:30  INFO 37252 --- [bmp-rewards-service] [container-0-C-1] org.apache.kafka.clients.NetworkClient   : [Consumer clientId=consumer-anonymous.b10b50d1-c4e9-4e48-aa21-94a341606310-2, groupId=anonymous.b10b50d1-c4e9-4e48-aa21-94a341606310] Node -1 disconnected.
2026-08-28T22:55:41.950+05:30  INFO 37252 --- [bmp-rewards-service] [pool-2-thread-1] org.apache.kafka.clients.NetworkClient   : [Consumer clientId=consumer-anonymous.b10b50d1-c4e9-4e48-aa21-94a341606310-3, groupId=anonymous.b10b50d1-c4e9-4e48-aa21-94a341606310] Node -1 disconnected.
2026-08-28T22:56:36.038+05:30  INFO 37252 --- [bmp-rewards-service] [rap-executor-%d] c.n.d.s.r.aws.ConfigClusterResolver      : Resolving eureka endpoints via configuration
2026-08-28T22:57:18.771+05:30  INFO 37252 --- [bmp-rewards-service] [binder-health-1] org.apache.kafka.clients.NetworkClient   : [Consumer clientId=consumer-null-4, groupId=null] Node -1 disconnected.
2026-08-28T23:00:34.543+05:30  INFO 37252 --- [bmp-rewards-service] [vice-producer-1] org.apache.kafka.clients.NetworkClient   : [Producer clientId=bmp-rewards-service-producer-1] Node -1 disconnected.
2026-08-28T23:01:36.050+05:30  INFO 37252 --- [bmp-rewards-service] [rap-executor-%d] c.n.d.s.r.aws.ConfigClusterResolver      : Resolving eureka endpoints via configuration
2026-08-28T23:06:36.072+05:30  INFO 37252 --- [bmp-rewards-service] [rap-executor-%d] c.n.d.s.r.aws.ConfigClusterResolver      : Resolving eureka endpoints via configuration
2026-08-28T23:10:34.553+05:30  INFO 37252 --- [bmp-rewards-service] [vice-producer-1] org.apache.kafka.clients.NetworkClient   : [Producer clientId=bmp-rewards-service-producer-1] Node -1 disconnected.
2026-08-28T23:11:36.116+05:30  INFO 37252 --- [bmp-rewards-service] [rap-executor-%d] c.n.d.s.r.aws.ConfigClusterResolver      : Resolving eureka endpoints via configuration
2026-08-28T23:16:36.145+05:30  INFO 37252 --- [bmp-rewards-service] [rap-executor-%d] c.n.d.s.r.aws.ConfigClusterResolver      : Resolving eureka endpoints via configuration
2026-08-28T23:21:36.189+05:30  INFO 37252 --- [bmp-rewards-service] [rap-executor-%d] c.n.d.s.r.aws.ConfigClusterResolver      : Resolving eureka endpoints via configuration
2026-08-28T23:21:42.483+05:30  WARN 37252 --- [bmp-rewards-service] [   scheduling-1] com.bmp.common.kafka.OutboxKafkaRelay    : outbox->kafka relay failed for salon.status.changed [01a0497f-b518-77e9-8e7d-52194c4e00eb] attempt 1: Can't convert key of class java.lang.String to class org.apache.kafka.common.serialization.ByteArraySerializer specified in key.serializer
2026-08-28T23:25:12.377+05:30  WARN 37252 --- [bmp-rewards-service] [   scheduling-1] com.bmp.common.kafka.OutboxKafkaRelay    : outbox->kafka relay failed for otp.requested [01a04982-ea5b-70f2-abbb-606a0fd28383] attempt 1: Can't convert key of class java.lang.String to class org.apache.kafka.common.serialization.ByteArraySerializer specified in key.serializer
2026-08-28T23:26:36.221+05:30  INFO 37252 --- [bmp-rewards-service] [rap-executor-%d] c.n.d.s.r.aws.ConfigClusterResolver      : Resolving eureka endpoints via configuration
2026-08-28T23:31:36.245+05:30  INFO 37252 --- [bmp-rewards-service] [rap-executor-%d] c.n.d.s.r.aws.ConfigClusterResolver      : Resolving eureka endpoints via configuration
2026-08-28T23:36:36.276+05:30  INFO 37252 --- [bmp-rewards-service] [rap-executor-%d] c.n.d.s.r.aws.ConfigClusterResolver      : Resolving eureka endpoints via configuration
2026-08-28T23:41:36.292+05:30  INFO 37252 --- [bmp-rewards-service] [rap-executor-%d] c.n.d.s.r.aws.ConfigClusterResolver      : Resolving eureka endpoints via configuration
2026-08-28T23:46:36.313+05:30  INFO 37252 --- [bmp-rewards-service] [rap-executor-%d] c.n.d.s.r.aws.ConfigClusterResolver      : Resolving eureka endpoints via configuration
2026-08-28T23:51:36.340+05:30  INFO 37252 --- [bmp-rewards-service] [rap-executor-%d] c.n.d.s.r.aws.ConfigClusterResolver      : Resolving eureka endpoints via configuration
2026-08-28T23:56:36.346+05:30  INFO 37252 --- [bmp-rewards-service] [rap-executor-%d] c.n.d.s.r.aws.ConfigClusterResolver      : Resolving eureka endpoints via configuration
2026-08-29T00:01:36.356+05:30  INFO 37252 --- [bmp-rewards-service] [rap-executor-%d] c.n.d.s.r.aws.ConfigClusterResolver      : Resolving eureka endpoints via configuration
2026-08-29T00:06:36.371+05:30  INFO 37252 --- [bmp-rewards-service] [rap-executor-%d] c.n.d.s.r.aws.ConfigClusterResolver      : Resolving eureka endpoints via configuration
2026-08-29T00:11:36.382+05:30  INFO 37252 --- [bmp-rewards-service] [rap-executor-%d] c.n.d.s.r.aws.ConfigClusterResolver      : Resolving eureka endpoints via configuration
2026-08-29T00:16:36.403+05:30  INFO 37252 --- [bmp-rewards-service] [rap-executor-%d] c.n.d.s.r.aws.ConfigClusterResolver      : Resolving eureka endpoints via configuration
2026-08-29T00:21:36.409+05:30  INFO 37252 --- [bmp-rewards-service] [rap-executor-%d] c.n.d.s.r.aws.ConfigClusterResolver      : Resolving eureka endpoints via configuration
2026-08-29T00:26:36.417+05:30  INFO 37252 --- [bmp-rewards-service] [rap-executor-%d] c.n.d.s.r.aws.ConfigClusterResolver      : Resolving eureka endpoints via configuration
2026-08-29T00:31:36.419+05:30  INFO 37252 --- [bmp-rewards-service] [rap-executor-%d] c.n.d.s.r.aws.ConfigClusterResolver      : Resolving eureka endpoints via configuration
2026-08-29T00:36:36.422+05:30  INFO 37252 --- [bmp-rewards-service] [rap-executor-%d] c.n.d.s.r.aws.ConfigClusterResolver      : Resolving eureka endpoints via configuration
2026-08-29T00:40:19.753+05:30  WARN 37252 --- [bmp-rewards-service] [   scheduling-1] com.zaxxer.hikari.pool.PoolBase          : HikariPool-1 - Failed to validate connection org.postgresql.jdbc.PgConnection@8d88d67 (This connection has been closed.). Possibly consider using a shorter maxLifetime value.
2026-08-29T03:40:14.927+05:30  INFO 37252 --- [bmp-rewards-service] [container-0-C-1] org.apache.kafka.clients.NetworkClient   : [Consumer clientId=consumer-anonymous.b10b50d1-c4e9-4e48-aa21-94a341606310-2, groupId=anonymous.b10b50d1-c4e9-4e48-aa21-94a341606310] Node 1 disconnected.
2026-08-29T03:40:15.196+05:30  INFO 37252 --- [bmp-rewards-service] [binder-health-1] org.apache.kafka.clients.NetworkClient   : [Consumer clientId=consumer-null-4, groupId=null] Node 1 disconnected.
2026-08-29T03:40:15.197+05:30  INFO 37252 --- [bmp-rewards-service] [container-0-C-1] org.apache.kafka.clients.NetworkClient   : [Consumer clientId=consumer-anonymous.b10b50d1-c4e9-4e48-aa21-94a341606310-2, groupId=anonymous.b10b50d1-c4e9-4e48-aa21-94a341606310] Cancelled in-flight FETCH request with correlation id 17174 due to node 1 being disconnected (elapsed time since creation: 10802820ms, elapsed time since send: 10802820ms, throttle time: 0ms, request timeout: 30000ms)
2026-08-29T03:40:15.197+05:30  INFO 37252 --- [bmp-rewards-service] [binder-health-1] org.apache.kafka.clients.NetworkClient   : [Consumer clientId=consumer-null-4, groupId=null] Cancelled in-flight METADATA request with correlation id 422 due to node 1 being disconnected (elapsed time since creation: 10796435ms, elapsed time since send: 10796435ms, throttle time: 0ms, request timeout: 30000ms)
2026-08-29T03:40:15.481+05:30  INFO 37252 --- [bmp-rewards-service] [container-0-C-1] org.apache.kafka.clients.NetworkClient   : [Consumer clientId=consumer-anonymous.b10b50d1-c4e9-4e48-aa21-94a341606310-2, groupId=anonymous.b10b50d1-c4e9-4e48-aa21-94a341606310] Disconnecting from node 2147483646 due to request timeout.
2026-08-29T03:40:15.482+05:30  INFO 37252 --- [bmp-rewards-service] [container-0-C-1] org.apache.kafka.clients.NetworkClient   : [Consumer clientId=consumer-anonymous.b10b50d1-c4e9-4e48-aa21-94a341606310-2, groupId=anonymous.b10b50d1-c4e9-4e48-aa21-94a341606310] Cancelled in-flight HEARTBEAT request with correlation id 17175 due to node 2147483646 being disconnected (elapsed time since creation: 10802241ms, elapsed time since send: 10802241ms, throttle time: 0ms, request timeout: 30000ms)
2026-08-29T03:40:15.483+05:30  INFO 37252 --- [bmp-rewards-service] [container-0-C-1] org.apache.kafka.clients.NetworkClient   : [Consumer clientId=consumer-anonymous.b10b50d1-c4e9-4e48-aa21-94a341606310-2, groupId=anonymous.b10b50d1-c4e9-4e48-aa21-94a341606310] Cancelled in-flight HEARTBEAT request with correlation id 17176 due to node 2147483646 being disconnected (elapsed time since creation: 10799231ms, elapsed time since send: 10799231ms, throttle time: 0ms, request timeout: 30000ms)
2026-08-29T03:40:15.483+05:30  INFO 37252 --- [bmp-rewards-service] [container-0-C-1] org.apache.kafka.clients.NetworkClient   : [Consumer clientId=consumer-anonymous.b10b50d1-c4e9-4e48-aa21-94a341606310-2, groupId=anonymous.b10b50d1-c4e9-4e48-aa21-94a341606310] Cancelled in-flight HEARTBEAT request with correlation id 17177 due to node 2147483646 being disconnected (elapsed time since creation: 10796221ms, elapsed time since send: 10796221ms, throttle time: 0ms, request timeout: 30000ms)
2026-08-29T03:40:15.483+05:30  INFO 37252 --- [bmp-rewards-service] [container-0-C-1] org.apache.kafka.clients.NetworkClient   : [Consumer clientId=consumer-anonymous.b10b50d1-c4e9-4e48-aa21-94a341606310-2, groupId=anonymous.b10b50d1-c4e9-4e48-aa21-94a341606310] Cancelled in-flight HEARTBEAT request with correlation id 17178 due to node 2147483646 being disconnected (elapsed time since creation: 10793210ms, elapsed time since send: 10793210ms, throttle time: 0ms, request timeout: 30000ms)
2026-08-29T03:40:15.489+05:30  INFO 37252 --- [bmp-rewards-service] [21-94a341606310] o.a.k.c.c.internals.ConsumerCoordinator  : [Consumer clientId=consumer-anonymous.b10b50d1-c4e9-4e48-aa21-94a341606310-2, groupId=anonymous.b10b50d1-c4e9-4e48-aa21-94a341606310] Group coordinator localhost:9092 (id: 2147483646 rack: null) is unavailable or invalid due to cause: null. isDisconnected: true. Rediscovery will be attempted.
2026-08-29T11:13:22.808+05:30  INFO 37252 --- [bmp-rewards-service] [21-94a341606310] o.a.k.c.c.internals.ConsumerCoordinator  : [Consumer clientId=consumer-anonymous.b10b50d1-c4e9-4e48-aa21-94a341606310-2, groupId=anonymous.b10b50d1-c4e9-4e48-aa21-94a341606310] Discovered group coordinator localhost:9092 (id: 2147483646 rack: null)
2026-08-29T11:13:22.845+05:30  WARN 37252 --- [bmp-rewards-service] [21-94a341606310] o.a.k.c.c.internals.ConsumerCoordinator  : [Consumer clientId=consumer-anonymous.b10b50d1-c4e9-4e48-aa21-94a341606310-2, groupId=anonymous.b10b50d1-c4e9-4e48-aa21-94a341606310] consumer poll timeout has expired. This means the time between subsequent calls to poll() was longer than the configured max.poll.interval.ms, which typically implies that the poll loop is spending too much time processing messages. You can address this either by increasing max.poll.interval.ms or by reducing the maximum size of batches returned in poll() with max.poll.records.
2026-08-29T11:13:22.846+05:30  INFO 37252 --- [bmp-rewards-service] [21-94a341606310] o.a.k.c.c.internals.ConsumerCoordinator  : [Consumer clientId=consumer-anonymous.b10b50d1-c4e9-4e48-aa21-94a341606310-2, groupId=anonymous.b10b50d1-c4e9-4e48-aa21-94a341606310] Member consumer-anonymous.b10b50d1-c4e9-4e48-aa21-94a341606310-2-bb7737e6-a394-41d4-848a-b9346fd435f2 sending LeaveGroup request to coordinator localhost:9092 (id: 2147483646 rack: null) due to consumer poll timeout has expired.
2026-08-29T11:13:23.134+05:30  INFO 37252 --- [bmp-rewards-service] [21-94a341606310] org.apache.kafka.clients.NetworkClient   : [Consumer clientId=consumer-anonymous.b10b50d1-c4e9-4e48-aa21-94a341606310-2, groupId=anonymous.b10b50d1-c4e9-4e48-aa21-94a341606310] Disconnecting from node 1 due to request timeout.
2026-08-29T11:13:23.134+05:30  INFO 37252 --- [bmp-rewards-service] [21-94a341606310] org.apache.kafka.clients.NetworkClient   : [Consumer clientId=consumer-anonymous.b10b50d1-c4e9-4e48-aa21-94a341606310-2, groupId=anonymous.b10b50d1-c4e9-4e48-aa21-94a341606310] Cancelled in-flight FIND_COORDINATOR request with correlation id 17182 due to node 1 being disconnected (elapsed time since creation: 27186467ms, elapsed time since send: 27185686ms, throttle time: 0ms, request timeout: 30000ms)
2026-08-29T11:13:23.135+05:30  INFO 37252 --- [bmp-rewards-service] [21-94a341606310] org.apache.kafka.clients.NetworkClient   : [Consumer clientId=consumer-anonymous.b10b50d1-c4e9-4e48-aa21-94a341606310-2, groupId=anonymous.b10b50d1-c4e9-4e48-aa21-94a341606310] Cancelled in-flight METADATA request with correlation id 17186 due to node 1 being disconnected (elapsed time since creation: 70ms, elapsed time since send: 70ms, throttle time: 0ms, request timeout: 30000ms)
2026-08-29T11:13:23.183+05:30  INFO 37252 --- [bmp-rewards-service] [21-94a341606310] o.a.k.c.c.internals.ConsumerCoordinator  : [Consumer clientId=consumer-anonymous.b10b50d1-c4e9-4e48-aa21-94a341606310-2, groupId=anonymous.b10b50d1-c4e9-4e48-aa21-94a341606310] Discovered group coordinator localhost:9092 (id: 2147483646 rack: null)
2026-08-29T11:13:23.185+05:30  INFO 37252 --- [bmp-rewards-service] [21-94a341606310] o.a.k.c.c.internals.ConsumerCoordinator  : [Consumer clientId=consumer-anonymous.b10b50d1-c4e9-4e48-aa21-94a341606310-2, groupId=anonymous.b10b50d1-c4e9-4e48-aa21-94a341606310] Resetting generation and member id due to: consumer pro-actively leaving the group
2026-08-29T11:13:23.185+05:30  INFO 37252 --- [bmp-rewards-service] [21-94a341606310] o.a.k.c.c.internals.ConsumerCoordinator  : [Consumer clientId=consumer-anonymous.b10b50d1-c4e9-4e48-aa21-94a341606310-2, groupId=anonymous.b10b50d1-c4e9-4e48-aa21-94a341606310] Request joining group due to: consumer pro-actively leaving the group
2026-08-29T11:13:23.282+05:30  WARN 37252 --- [bmp-rewards-service] [nio-8087-exec-9] o.s.b.a.health.HealthEndpointSupport     : Health contributor org.springframework.cloud.stream.binder.kafka.KafkaBinderHealthIndicator (binders/kafka) took 10797832ms to respond
2026-08-29T03:40:15.602+05:30  INFO 37252 --- [bmp-rewards-service] [container-0-C-1] o.a.kafka.clients.FetchSessionHandler    : [Consumer clientId=consumer-anonymous.b10b50d1-c4e9-4e48-aa21-94a341606310-2, groupId=anonymous.b10b50d1-c4e9-4e48-aa21-94a341606310] Error sending fetch request (sessionId=1135968948, epoch=14650) to node 1:

org.apache.kafka.common.errors.DisconnectException: null

2026-08-29T11:13:25.691+05:30  INFO 37252 --- [bmp-rewards-service] [container-0-C-1] o.a.k.c.c.internals.ConsumerCoordinator  : [Consumer clientId=consumer-anonymous.b10b50d1-c4e9-4e48-aa21-94a341606310-2, groupId=anonymous.b10b50d1-c4e9-4e48-aa21-94a341606310] Giving away all assigned partitions as lost since generation/memberID has been reset,indicating that consumer is in old state or no longer part of the group
2026-08-29T11:13:25.909+05:30  INFO 37252 --- [bmp-rewards-service] [container-0-C-1] k.c.c.i.ConsumerRebalanceListenerInvoker : [Consumer clientId=consumer-anonymous.b10b50d1-c4e9-4e48-aa21-94a341606310-2, groupId=anonymous.b10b50d1-c4e9-4e48-aa21-94a341606310] Lost previously assigned partitions springCloudBus-0
2026-08-29T11:13:28.103+05:30  INFO 37252 --- [bmp-rewards-service] [vice-producer-1] org.apache.kafka.clients.NetworkClient   : [Producer clientId=bmp-rewards-service-producer-1] Node 1 disconnected.
2026-08-29T11:13:28.199+05:30  INFO 37252 --- [bmp-rewards-service] [container-0-C-1] o.s.c.s.b.k.KafkaMessageChannelBinder$2  : anonymous.b10b50d1-c4e9-4e48-aa21-94a341606310: partitions lost: [springCloudBus-0]
2026-08-29T11:13:28.240+05:30  INFO 37252 --- [bmp-rewards-service] [container-0-C-1] o.s.c.s.b.k.KafkaMessageChannelBinder$2  : anonymous.b10b50d1-c4e9-4e48-aa21-94a341606310: partitions revoked: [springCloudBus-0]
2026-08-29T11:13:28.303+05:30  INFO 37252 --- [bmp-rewards-service] [container-0-C-1] o.a.k.c.c.internals.ConsumerCoordinator  : [Consumer clientId=consumer-anonymous.b10b50d1-c4e9-4e48-aa21-94a341606310-2, groupId=anonymous.b10b50d1-c4e9-4e48-aa21-94a341606310] (Re-)joining group
2026-08-29T11:13:29.644+05:30  INFO 37252 --- [bmp-rewards-service] [container-0-C-1] o.a.k.c.c.internals.ConsumerCoordinator  : [Consumer clientId=consumer-anonymous.b10b50d1-c4e9-4e48-aa21-94a341606310-2, groupId=anonymous.b10b50d1-c4e9-4e48-aa21-94a341606310] Request joining group due to: need to re-join with the given member-id: consumer-anonymous.b10b50d1-c4e9-4e48-aa21-94a341606310-2-d88157d3-3dbb-40fb-aa11-8eba01a10c8b
2026-08-29T11:13:29.646+05:30  INFO 37252 --- [bmp-rewards-service] [container-0-C-1] o.a.k.c.c.internals.ConsumerCoordinator  : [Consumer clientId=consumer-anonymous.b10b50d1-c4e9-4e48-aa21-94a341606310-2, groupId=anonymous.b10b50d1-c4e9-4e48-aa21-94a341606310] (Re-)joining group
2026-08-29T11:13:34.323+05:30  INFO 37252 --- [bmp-rewards-service] [container-0-C-1] o.a.k.c.c.internals.ConsumerCoordinator  : [Consumer clientId=consumer-anonymous.b10b50d1-c4e9-4e48-aa21-94a341606310-2, groupId=anonymous.b10b50d1-c4e9-4e48-aa21-94a341606310] Successfully joined group with generation Generation{generationId=3, memberId='consumer-anonymous.b10b50d1-c4e9-4e48-aa21-94a341606310-2-d88157d3-3dbb-40fb-aa11-8eba01a10c8b', protocol='range'}
2026-08-29T11:13:35.106+05:30  INFO 37252 --- [bmp-rewards-service] [container-0-C-1] o.a.k.c.c.internals.ConsumerCoordinator  : [Consumer clientId=consumer-anonymous.b10b50d1-c4e9-4e48-aa21-94a341606310-2, groupId=anonymous.b10b50d1-c4e9-4e48-aa21-94a341606310] Finished assignment for group at generation 3: {consumer-anonymous.b10b50d1-c4e9-4e48-aa21-94a341606310-2-d88157d3-3dbb-40fb-aa11-8eba01a10c8b=Assignment(partitions=[springCloudBus-0])}
2026-08-29T11:13:35.261+05:30  INFO 37252 --- [bmp-rewards-service] [container-0-C-1] o.a.k.c.c.internals.ConsumerCoordinator  : [Consumer clientId=consumer-anonymous.b10b50d1-c4e9-4e48-aa21-94a341606310-2, groupId=anonymous.b10b50d1-c4e9-4e48-aa21-94a341606310] Successfully synced group in generation Generation{generationId=3, memberId='consumer-anonymous.b10b50d1-c4e9-4e48-aa21-94a341606310-2-d88157d3-3dbb-40fb-aa11-8eba01a10c8b', protocol='range'}
2026-08-29T11:13:35.265+05:30  INFO 37252 --- [bmp-rewards-service] [container-0-C-1] o.a.k.c.c.internals.ConsumerCoordinator  : [Consumer clientId=consumer-anonymous.b10b50d1-c4e9-4e48-aa21-94a341606310-2, groupId=anonymous.b10b50d1-c4e9-4e48-aa21-94a341606310] Notifying assignor about the new Assignment(partitions=[springCloudBus-0])
2026-08-29T11:13:35.266+05:30  INFO 37252 --- [bmp-rewards-service] [container-0-C-1] k.c.c.i.ConsumerRebalanceListenerInvoker : [Consumer clientId=consumer-anonymous.b10b50d1-c4e9-4e48-aa21-94a341606310-2, groupId=anonymous.b10b50d1-c4e9-4e48-aa21-94a341606310] Adding newly assigned partitions: springCloudBus-0
2026-08-29T11:13:37.004+05:30  INFO 37252 --- [bmp-rewards-service] [pool-2-thread-1] org.apache.kafka.clients.NetworkClient   : [Consumer clientId=consumer-anonymous.b10b50d1-c4e9-4e48-aa21-94a341606310-3, groupId=anonymous.b10b50d1-c4e9-4e48-aa21-94a341606310] Node 2147483646 disconnected.
2026-08-29T11:13:37.202+05:30  INFO 37252 --- [bmp-rewards-service] [container-0-C-1] o.a.k.c.c.internals.ConsumerUtils        : Setting offset for partition springCloudBus-0 to the committed offset FetchPosition{offset=0, offsetEpoch=Optional.empty, currentLeader=LeaderAndEpoch{leader=Optional[localhost:9092 (id: 1 rack: null)], epoch=0}}
2026-08-29T11:13:37.359+05:30  INFO 37252 --- [bmp-rewards-service] [container-0-C-1] o.s.c.s.b.k.KafkaMessageChannelBinder$2  : anonymous.b10b50d1-c4e9-4e48-aa21-94a341606310: partitions assigned: [springCloudBus-0]
2026-08-29T11:13:37.797+05:30  WARN 37252 --- [bmp-rewards-service] [r-kafka-metrics] i.m.core.instrument.MeterRegistry        : This Gauge has been already registered (MeterId{name='kafka.consumer.node.request.size.avg', tags=[tag(client.id=consumer-anonymous.b10b50d1-c4e9-4e48-aa21-94a341606310-2),tag(kafka.version=3.8.1),tag(node.id=node--1),tag(spring.id=springCloudBus.consumer.consumer-anonymous.b10b50d1-c4e9-4e48-aa21-94a341606310-2)]}), the Gauge registration will be ignored. Note that subsequent logs will be logged at debug level.
2026-08-29T11:13:45.823+05:30  WARN 37252 --- [bmp-rewards-service] [l-1 housekeeper] com.zaxxer.hikari.pool.HikariPool        : HikariPool-1 - Thread starvation or clock leap detected (housekeeper delta=10h33m24s527ms256µs300ns).
2026-08-29T11:14:28.149+05:30  INFO 37252 --- [bmp-rewards-service] [rap-executor-%d] c.n.d.s.r.aws.ConfigClusterResolver      : Resolving eureka endpoints via configuration
2026-08-29T11:19:28.167+05:30  INFO 37252 --- [bmp-rewards-service] [rap-executor-%d] c.n.d.s.r.aws.ConfigClusterResolver      : Resolving eureka endpoints via configuration
2026-08-29T11:24:28.185+05:30  INFO 37252 --- [bmp-rewards-service] [rap-executor-%d] c.n.d.s.r.aws.ConfigClusterResolver      : Resolving eureka endpoints via configuration
2026-08-29T11:29:28.193+05:30  INFO 37252 --- [bmp-rewards-service] [rap-executor-%d] c.n.d.s.r.aws.ConfigClusterResolver      : Resolving eureka endpoints via configuration
2026-08-29T11:34:28.210+05:30  INFO 37252 --- [bmp-rewards-service] [rap-executor-%d] c.n.d.s.r.aws.ConfigClusterResolver      : Resolving eureka endpoints via configuration
2026-08-29T11:36:28.685+05:30  WARN 37252 --- [bmp-rewards-service] [   scheduling-1] com.zaxxer.hikari.pool.PoolBase          : HikariPool-1 - Failed to validate connection org.postgresql.jdbc.PgConnection@40094f9c (This connection has been closed.). Possibly consider using a shorter maxLifetime value.
2026-08-29T11:36:33.691+05:30  WARN 37252 --- [bmp-rewards-service] [   scheduling-1] com.zaxxer.hikari.pool.PoolBase          : HikariPool-1 - Failed to validate connection org.postgresql.jdbc.PgConnection@4bf477fc (This connection has been closed.). Possibly consider using a shorter maxLifetime value.
2026-08-29T11:58:08.663+05:30  INFO 37252 --- [bmp-rewards-service] [21-94a341606310] org.apache.kafka.clients.NetworkClient   : [Consumer clientId=consumer-anonymous.b10b50d1-c4e9-4e48-aa21-94a341606310-2, groupId=anonymous.b10b50d1-c4e9-4e48-aa21-94a341606310] Node 1 disconnected.
2026-08-29T11:58:08.664+05:30  INFO 37252 --- [bmp-rewards-service] [21-94a341606310] org.apache.kafka.clients.NetworkClient   : [Consumer clientId=consumer-anonymous.b10b50d1-c4e9-4e48-aa21-94a341606310-2, groupId=anonymous.b10b50d1-c4e9-4e48-aa21-94a341606310] Cancelled in-flight FETCH request with correlation id 20338 due to node 1 being disconnected (elapsed time since creation: 1306811ms, elapsed time since send: 1306811ms, throttle time: 0ms, request timeout: 30000ms)
2026-08-29T11:58:08.667+05:30  INFO 37252 --- [bmp-rewards-service] [21-94a341606310] org.apache.kafka.clients.NetworkClient   : [Consumer clientId=consumer-anonymous.b10b50d1-c4e9-4e48-aa21-94a341606310-2, groupId=anonymous.b10b50d1-c4e9-4e48-aa21-94a341606310] Cancelled in-flight METADATA request with correlation id 20344 due to node 1 being disconnected (elapsed time since creation: 1133ms, elapsed time since send: 1133ms, throttle time: 0ms, request timeout: 30000ms)
2026-08-29T11:58:08.668+05:30  INFO 37252 --- [bmp-rewards-service] [21-94a341606310] org.apache.kafka.clients.NetworkClient   : [Consumer clientId=consumer-anonymous.b10b50d1-c4e9-4e48-aa21-94a341606310-2, groupId=anonymous.b10b50d1-c4e9-4e48-aa21-94a341606310] Disconnecting from node 2147483646 due to request timeout.
2026-08-29T11:58:08.719+05:30  INFO 37252 --- [bmp-rewards-service] [21-94a341606310] org.apache.kafka.clients.NetworkClient   : [Consumer clientId=consumer-anonymous.b10b50d1-c4e9-4e48-aa21-94a341606310-2, groupId=anonymous.b10b50d1-c4e9-4e48-aa21-94a341606310] Cancelled in-flight HEARTBEAT request with correlation id 20340 due to node 2147483646 being disconnected (elapsed time since creation: 1303649ms, elapsed time since send: 1303649ms, throttle time: 0ms, request timeout: 30000ms)
2026-08-29T11:58:08.720+05:30  INFO 37252 --- [bmp-rewards-service] [21-94a341606310] org.apache.kafka.clients.NetworkClient   : [Consumer clientId=consumer-anonymous.b10b50d1-c4e9-4e48-aa21-94a341606310-2, groupId=anonymous.b10b50d1-c4e9-4e48-aa21-94a341606310] Cancelled in-flight HEARTBEAT request with correlation id 20341 due to node 2147483646 being disconnected (elapsed time since creation: 1300635ms, elapsed time since send: 1300635ms, throttle time: 0ms, request timeout: 30000ms)
2026-08-29T11:58:08.720+05:30  INFO 37252 --- [bmp-rewards-service] [21-94a341606310] org.apache.kafka.clients.NetworkClient   : [Consumer clientId=consumer-anonymous.b10b50d1-c4e9-4e48-aa21-94a341606310-2, groupId=anonymous.b10b50d1-c4e9-4e48-aa21-94a341606310] Cancelled in-flight HEARTBEAT request with correlation id 20342 due to node 2147483646 being disconnected (elapsed time since creation: 1297634ms, elapsed time since send: 1297634ms, throttle time: 0ms, request timeout: 30000ms)
2026-08-29T11:58:08.720+05:30  INFO 37252 --- [bmp-rewards-service] [21-94a341606310] org.apache.kafka.clients.NetworkClient   : [Consumer clientId=consumer-anonymous.b10b50d1-c4e9-4e48-aa21-94a341606310-2, groupId=anonymous.b10b50d1-c4e9-4e48-aa21-94a341606310] Cancelled in-flight HEARTBEAT request with correlation id 20343 due to node 2147483646 being disconnected (elapsed time since creation: 1294626ms, elapsed time since send: 1294626ms, throttle time: 0ms, request timeout: 30000ms)
2026-08-29T11:58:08.720+05:30  INFO 37252 --- [bmp-rewards-service] [21-94a341606310] o.a.kafka.clients.FetchSessionHandler    : [Consumer clientId=consumer-anonymous.b10b50d1-c4e9-4e48-aa21-94a341606310-2, groupId=anonymous.b10b50d1-c4e9-4e48-aa21-94a341606310] Error sending fetch request (sessionId=1805095887, epoch=2681) to node 1:

org.apache.kafka.common.errors.DisconnectException: null

2026-08-29T11:58:08.724+05:30  INFO 37252 --- [bmp-rewards-service] [21-94a341606310] o.a.k.c.c.internals.ConsumerCoordinator  : [Consumer clientId=consumer-anonymous.b10b50d1-c4e9-4e48-aa21-94a341606310-2, groupId=anonymous.b10b50d1-c4e9-4e48-aa21-94a341606310] Group coordinator localhost:9092 (id: 2147483646 rack: null) is unavailable or invalid due to cause: null. isDisconnected: true. Rediscovery will be attempted.
2026-08-29T11:58:11.314+05:30  INFO 37252 --- [bmp-rewards-service] [pool-2-thread-1] org.apache.kafka.clients.NetworkClient   : [Consumer clientId=consumer-anonymous.b10b50d1-c4e9-4e48-aa21-94a341606310-3, groupId=anonymous.b10b50d1-c4e9-4e48-aa21-94a341606310] Node 2147483646 disconnected.
2026-08-29T11:58:11.339+05:30  INFO 37252 --- [bmp-rewards-service] [pool-2-thread-1] o.a.k.c.c.internals.ConsumerCoordinator  : [Consumer clientId=consumer-anonymous.b10b50d1-c4e9-4e48-aa21-94a341606310-3, groupId=anonymous.b10b50d1-c4e9-4e48-aa21-94a341606310] Group coordinator localhost:9092 (id: 2147483646 rack: null) is unavailable or invalid due to cause: coordinator unavailable. isDisconnected: true. Rediscovery will be attempted.
2026-08-29T11:58:11.368+05:30  INFO 37252 --- [bmp-rewards-service] [pool-2-thread-1] o.a.k.c.c.internals.ConsumerCoordinator  : [Consumer clientId=consumer-anonymous.b10b50d1-c4e9-4e48-aa21-94a341606310-3, groupId=anonymous.b10b50d1-c4e9-4e48-aa21-94a341606310] Discovered group coordinator localhost:9092 (id: 2147483646 rack: null)
2026-08-29T11:58:11.880+05:30  INFO 37252 --- [bmp-rewards-service] [container-0-C-1] o.a.k.c.c.internals.ConsumerCoordinator  : [Consumer clientId=consumer-anonymous.b10b50d1-c4e9-4e48-aa21-94a341606310-2, groupId=anonymous.b10b50d1-c4e9-4e48-aa21-94a341606310] Discovered group coordinator localhost:9092 (id: 2147483646 rack: null)
2026-08-29T11:58:19.455+05:30  WARN 37252 --- [bmp-rewards-service] [l-1 housekeeper] com.zaxxer.hikari.pool.HikariPool        : HikariPool-1 - Thread starvation or clock leap detected (housekeeper delta=22m3s310ms282µs500ns).
2026-08-29T11:58:31.886+05:30  INFO 37252 --- [bmp-rewards-service] [vice-producer-1] org.apache.kafka.clients.NetworkClient   : [Producer clientId=bmp-rewards-service-producer-1] Node 1 disconnected.
2026-08-29T12:01:01.385+05:30  INFO 37252 --- [bmp-rewards-service] [rap-executor-%d] c.n.d.s.r.aws.ConfigClusterResolver      : Resolving eureka endpoints via configuration
2026-08-29T12:06:01.404+05:30  INFO 37252 --- [bmp-rewards-service] [rap-executor-%d] c.n.d.s.r.aws.ConfigClusterResolver      : Resolving eureka endpoints via configuration
2026-08-29T12:11:01.418+05:30  INFO 37252 --- [bmp-rewards-service] [rap-executor-%d] c.n.d.s.r.aws.ConfigClusterResolver      : Resolving eureka endpoints via configuration
2026-08-29T12:16:01.435+05:30  INFO 37252 --- [bmp-rewards-service] [rap-executor-%d] c.n.d.s.r.aws.ConfigClusterResolver      : Resolving eureka endpoints via configuration
2026-08-29T12:21:01.436+05:30  INFO 37252 --- [bmp-rewards-service] [rap-executor-%d] c.n.d.s.r.aws.ConfigClusterResolver      : Resolving eureka endpoints via configuration
2026-08-29T12:26:01.440+05:30  INFO 37252 --- [bmp-rewards-service] [rap-executor-%d] c.n.d.s.r.aws.ConfigClusterResolver      : Resolving eureka endpoints via configuration
2026-08-29T12:31:01.447+05:30  INFO 37252 --- [bmp-rewards-service] [rap-executor-%d] c.n.d.s.r.aws.ConfigClusterResolver      : Resolving eureka endpoints via configuration
2026-08-29T12:36:01.461+05:30  INFO 37252 --- [bmp-rewards-service] [rap-executor-%d] c.n.d.s.r.aws.ConfigClusterResolver      : Resolving eureka endpoints via configuration
2026-08-29T12:41:01.477+05:30  INFO 37252 --- [bmp-rewards-service] [rap-executor-%d] c.n.d.s.r.aws.ConfigClusterResolver      : Resolving eureka endpoints via configuration
2026-08-29T12:46:01.518+05:30  INFO 37252 --- [bmp-rewards-service] [rap-executor-%d] c.n.d.s.r.aws.ConfigClusterResolver      : Resolving eureka endpoints via configuration
2026-08-29T12:51:01.530+05:30  INFO 37252 --- [bmp-rewards-service] [rap-executor-%d] c.n.d.s.r.aws.ConfigClusterResolver      : Resolving eureka endpoints via configuration
2026-08-29T12:56:01.540+05:30  INFO 37252 --- [bmp-rewards-service] [rap-executor-%d] c.n.d.s.r.aws.ConfigClusterResolver      : Resolving eureka endpoints via configuration
2026-08-29T13:01:01.548+05:30  INFO 37252 --- [bmp-rewards-service] [rap-executor-%d] c.n.d.s.r.aws.ConfigClusterResolver      : Resolving eureka endpoints via configuration
2026-08-29T13:01:58.552+05:30  WARN 37252 --- [bmp-rewards-service] [   scheduling-1] com.zaxxer.hikari.pool.PoolBase          : HikariPool-1 - Failed to validate connection org.postgresql.jdbc.PgConnection@2e5a39a3 (This connection has been closed.). Possibly consider using a shorter maxLifetime value.
2026-08-29T14:26:53.592+05:30  INFO 37252 --- [bmp-rewards-service] [21-94a341606310] org.apache.kafka.clients.NetworkClient   : [Consumer clientId=consumer-anonymous.b10b50d1-c4e9-4e48-aa21-94a341606310-2, groupId=anonymous.b10b50d1-c4e9-4e48-aa21-94a341606310] Node 1 disconnected.
2026-08-29T14:26:53.599+05:30  INFO 37252 --- [bmp-rewards-service] [21-94a341606310] org.apache.kafka.clients.NetworkClient   : [Consumer clientId=consumer-anonymous.b10b50d1-c4e9-4e48-aa21-94a341606310-2, groupId=anonymous.b10b50d1-c4e9-4e48-aa21-94a341606310] Cancelled in-flight FETCH request with correlation id 29138 due to node 1 being disconnected (elapsed time since creation: 5101049ms, elapsed time since send: 5101049ms, throttle time: 0ms, request timeout: 30000ms)
2026-08-29T14:26:53.599+05:30  INFO 37252 --- [bmp-rewards-service] [21-94a341606310] org.apache.kafka.clients.NetworkClient   : [Consumer clientId=consumer-anonymous.b10b50d1-c4e9-4e48-aa21-94a341606310-2, groupId=anonymous.b10b50d1-c4e9-4e48-aa21-94a341606310] Cancelled in-flight METADATA request with correlation id 29144 due to node 1 being disconnected (elapsed time since creation: 1029ms, elapsed time since send: 1029ms, throttle time: 0ms, request timeout: 30000ms)
2026-08-29T14:26:53.600+05:30  INFO 37252 --- [bmp-rewards-service] [21-94a341606310] org.apache.kafka.clients.NetworkClient   : [Consumer clientId=consumer-anonymous.b10b50d1-c4e9-4e48-aa21-94a341606310-2, groupId=anonymous.b10b50d1-c4e9-4e48-aa21-94a341606310] Disconnecting from node 2147483646 due to request timeout.
2026-08-29T14:26:53.600+05:30  INFO 37252 --- [bmp-rewards-service] [21-94a341606310] org.apache.kafka.clients.NetworkClient   : [Consumer clientId=consumer-anonymous.b10b50d1-c4e9-4e48-aa21-94a341606310-2, groupId=anonymous.b10b50d1-c4e9-4e48-aa21-94a341606310] Cancelled in-flight HEARTBEAT request with correlation id 29139 due to node 2147483646 being disconnected (elapsed time since creation: 5100180ms, elapsed time since send: 5100180ms, throttle time: 0ms, request timeout: 30000ms)
2026-08-29T14:26:53.600+05:30  INFO 37252 --- [bmp-rewards-service] [21-94a341606310] org.apache.kafka.clients.NetworkClient   : [Consumer clientId=consumer-anonymous.b10b50d1-c4e9-4e48-aa21-94a341606310-2, groupId=anonymous.b10b50d1-c4e9-4e48-aa21-94a341606310] Cancelled in-flight HEARTBEAT request with correlation id 29140 due to node 2147483646 being disconnected (elapsed time since creation: 5097165ms, elapsed time since send: 5097165ms, throttle time: 0ms, request timeout: 30000ms)
2026-08-29T14:26:53.601+05:30  INFO 37252 --- [bmp-rewards-service] [21-94a341606310] org.apache.kafka.clients.NetworkClient   : [Consumer clientId=consumer-anonymous.b10b50d1-c4e9-4e48-aa21-94a341606310-2, groupId=anonymous.b10b50d1-c4e9-4e48-aa21-94a341606310] Cancelled in-flight HEARTBEAT request with correlation id 29141 due to node 2147483646 being disconnected (elapsed time since creation: 5094149ms, elapsed time since send: 5094149ms, throttle time: 0ms, request timeout: 30000ms)
2026-08-29T14:26:53.601+05:30  INFO 37252 --- [bmp-rewards-service] [21-94a341606310] org.apache.kafka.clients.NetworkClient   : [Consumer clientId=consumer-anonymous.b10b50d1-c4e9-4e48-aa21-94a341606310-2, groupId=anonymous.b10b50d1-c4e9-4e48-aa21-94a341606310] Cancelled in-flight HEARTBEAT request with correlation id 29142 due to node 2147483646 being disconnected (elapsed time since creation: 5091142ms, elapsed time since send: 5091142ms, throttle time: 0ms, request timeout: 30000ms)
2026-08-29T14:26:53.601+05:30  INFO 37252 --- [bmp-rewards-service] [21-94a341606310] org.apache.kafka.clients.NetworkClient   : [Consumer clientId=consumer-anonymous.b10b50d1-c4e9-4e48-aa21-94a341606310-2, groupId=anonymous.b10b50d1-c4e9-4e48-aa21-94a341606310] Cancelled in-flight HEARTBEAT request with correlation id 29143 due to node 2147483646 being disconnected (elapsed time since creation: 5088140ms, elapsed time since send: 5088140ms, throttle time: 0ms, request timeout: 30000ms)
2026-08-29T14:26:53.604+05:30  INFO 37252 --- [bmp-rewards-service] [21-94a341606310] o.a.kafka.clients.FetchSessionHandler    : [Consumer clientId=consumer-anonymous.b10b50d1-c4e9-4e48-aa21-94a341606310-2, groupId=anonymous.b10b50d1-c4e9-4e48-aa21-94a341606310] Error sending fetch request (sessionId=866858738, epoch=7493) to node 1:

org.apache.kafka.common.errors.DisconnectException: null

2026-08-29T14:26:53.631+05:30  INFO 37252 --- [bmp-rewards-service] [21-94a341606310] o.a.k.c.c.internals.ConsumerCoordinator  : [Consumer clientId=consumer-anonymous.b10b50d1-c4e9-4e48-aa21-94a341606310-2, groupId=anonymous.b10b50d1-c4e9-4e48-aa21-94a341606310] Group coordinator localhost:9092 (id: 2147483646 rack: null) is unavailable or invalid due to cause: null. isDisconnected: true. Rediscovery will be attempted.
2026-08-29T14:26:53.868+05:30  INFO 37252 --- [bmp-rewards-service] [binder-health-1] org.apache.kafka.clients.NetworkClient   : [Consumer clientId=consumer-null-4, groupId=null] Node 1 disconnected.
2026-08-29T14:26:53.869+05:30  INFO 37252 --- [bmp-rewards-service] [binder-health-1] org.apache.kafka.clients.NetworkClient   : [Consumer clientId=consumer-null-4, groupId=null] Cancelled in-flight METADATA request with correlation id 721 due to node 1 being disconnected (elapsed time since creation: 5090361ms, elapsed time since send: 5090361ms, throttle time: 0ms, request timeout: 30000ms)
2026-08-29T14:26:54.190+05:30  WARN 37252 --- [bmp-rewards-service] [io-8087-exec-10] o.s.b.a.health.HealthEndpointSupport     : Health contributor org.springframework.cloud.stream.binder.kafka.KafkaBinderHealthIndicator (binders/kafka) took 5090555ms to respond
2026-08-29T14:26:59.407+05:30  INFO 37252 --- [bmp-rewards-service] [container-0-C-1] o.a.k.c.c.internals.ConsumerCoordinator  : [Consumer clientId=consumer-anonymous.b10b50d1-c4e9-4e48-aa21-94a341606310-2, groupId=anonymous.b10b50d1-c4e9-4e48-aa21-94a341606310] Discovered group coordinator localhost:9092 (id: 2147483646 rack: null)
2026-08-29T14:27:00.142+05:30  INFO 37252 --- [bmp-rewards-service] [pool-2-thread-1] org.apache.kafka.clients.NetworkClient   : [Consumer clientId=consumer-anonymous.b10b50d1-c4e9-4e48-aa21-94a341606310-3, groupId=anonymous.b10b50d1-c4e9-4e48-aa21-94a341606310] Node 2147483646 disconnected.
2026-08-29T14:27:00.186+05:30  INFO 37252 --- [bmp-rewards-service] [pool-2-thread-1] o.a.k.c.c.internals.ConsumerCoordinator  : [Consumer clientId=consumer-anonymous.b10b50d1-c4e9-4e48-aa21-94a341606310-3, groupId=anonymous.b10b50d1-c4e9-4e48-aa21-94a341606310] Group coordinator localhost:9092 (id: 2147483646 rack: null) is unavailable or invalid due to cause: coordinator unavailable. isDisconnected: true. Rediscovery will be attempted.
2026-08-29T14:27:00.205+05:30  INFO 37252 --- [bmp-rewards-service] [pool-2-thread-1] o.a.k.c.c.internals.ConsumerCoordinator  : [Consumer clientId=consumer-anonymous.b10b50d1-c4e9-4e48-aa21-94a341606310-3, groupId=anonymous.b10b50d1-c4e9-4e48-aa21-94a341606310] Discovered group coordinator localhost:9092 (id: 2147483646 rack: null)
2026-08-29T14:27:07.757+05:30  WARN 37252 --- [bmp-rewards-service] [l-1 housekeeper] com.zaxxer.hikari.pool.HikariPool        : HikariPool-1 - Thread starvation or clock leap detected (housekeeper delta=1h25m17s45ms737µs).
2026-08-29T14:27:19.158+05:30  INFO 37252 --- [bmp-rewards-service] [vice-producer-1] org.apache.kafka.clients.NetworkClient   : [Producer clientId=bmp-rewards-service-producer-1] Node 1 disconnected.
2026-08-29T14:30:48.463+05:30  INFO 37252 --- [bmp-rewards-service] [rap-executor-%d] c.n.d.s.r.aws.ConfigClusterResolver      : Resolving eureka endpoints via configuration
2026-08-29T14:35:48.483+05:30  INFO 37252 --- [bmp-rewards-service] [rap-executor-%d] c.n.d.s.r.aws.ConfigClusterResolver      : Resolving eureka endpoints via configuration
2026-08-29T14:40:48.494+05:30  INFO 37252 --- [bmp-rewards-service] [rap-executor-%d] c.n.d.s.r.aws.ConfigClusterResolver      : Resolving eureka endpoints via configuration
2026-08-29T14:45:48.504+05:30  INFO 37252 --- [bmp-rewards-service] [rap-executor-%d] c.n.d.s.r.aws.ConfigClusterResolver      : Resolving eureka endpoints via configuration
2026-08-29T14:50:48.518+05:30  INFO 37252 --- [bmp-rewards-service] [rap-executor-%d] c.n.d.s.r.aws.ConfigClusterResolver      : Resolving eureka endpoints via configuration
2026-08-29T14:55:48.534+05:30  INFO 37252 --- [bmp-rewards-service] [rap-executor-%d] c.n.d.s.r.aws.ConfigClusterResolver      : Resolving eureka endpoints via configuration
2026-08-29T15:00:48.550+05:30  INFO 37252 --- [bmp-rewards-service] [rap-executor-%d] c.n.d.s.r.aws.ConfigClusterResolver      : Resolving eureka endpoints via configuration
2026-08-29T15:05:48.565+05:30  INFO 37252 --- [bmp-rewards-service] [rap-executor-%d] c.n.d.s.r.aws.ConfigClusterResolver      : Resolving eureka endpoints via configuration
2026-08-29T15:10:48.687+05:30  INFO 37252 --- [bmp-rewards-service] [rap-executor-%d] c.n.d.s.r.aws.ConfigClusterResolver      : Resolving eureka endpoints via configuration
2026-08-29T15:15:48.704+05:30  INFO 37252 --- [bmp-rewards-service] [rap-executor-%d] c.n.d.s.r.aws.ConfigClusterResolver      : Resolving eureka endpoints via configuration
2026-08-29T15:20:48.716+05:30  INFO 37252 --- [bmp-rewards-service] [rap-executor-%d] c.n.d.s.r.aws.ConfigClusterResolver      : Resolving eureka endpoints via configuration
2026-08-29T15:25:48.721+05:30  INFO 37252 --- [bmp-rewards-service] [rap-executor-%d] c.n.d.s.r.aws.ConfigClusterResolver      : Resolving eureka endpoints via configuration
2026-08-29T15:30:48.734+05:30  INFO 37252 --- [bmp-rewards-service] [rap-executor-%d] c.n.d.s.r.aws.ConfigClusterResolver      : Resolving eureka endpoints via configuration
2026-08-29T15:35:48.741+05:30  INFO 37252 --- [bmp-rewards-service] [rap-executor-%d] c.n.d.s.r.aws.ConfigClusterResolver      : Resolving eureka endpoints via configuration
2026-08-29T15:40:48.749+05:30  INFO 37252 --- [bmp-rewards-service] [rap-executor-%d] c.n.d.s.r.aws.ConfigClusterResolver      : Resolving eureka endpoints via configuration
2026-08-29T15:41:29.860+05:30  WARN 37252 --- [bmp-rewards-service] [   scheduling-1] com.zaxxer.hikari.pool.PoolBase          : HikariPool-1 - Failed to validate connection org.postgresql.jdbc.PgConnection@2530f027 (This connection has been closed.). Possibly consider using a shorter maxLifetime value.
2026-08-29T16:37:26.781+05:30  INFO 37252 --- [bmp-rewards-service] [binder-health-1] org.apache.kafka.clients.NetworkClient   : [Consumer clientId=consumer-null-4, groupId=null] Node 1 disconnected.
2026-08-29T16:37:26.792+05:30  INFO 37252 --- [bmp-rewards-service] [binder-health-1] org.apache.kafka.clients.NetworkClient   : [Consumer clientId=consumer-null-4, groupId=null] Cancelled in-flight METADATA request with correlation id 976 due to node 1 being disconnected (elapsed time since creation: 3359281ms, elapsed time since send: 3359281ms, throttle time: 0ms, request timeout: 30000ms)
2026-08-29T16:37:26.963+05:30  INFO 37252 --- [bmp-rewards-service] [container-0-C-1] org.apache.kafka.clients.NetworkClient   : [Consumer clientId=consumer-anonymous.b10b50d1-c4e9-4e48-aa21-94a341606310-2, groupId=anonymous.b10b50d1-c4e9-4e48-aa21-94a341606310] Node 1 disconnected.
2026-08-29T16:37:26.963+05:30  INFO 37252 --- [bmp-rewards-service] [container-0-C-1] org.apache.kafka.clients.NetworkClient   : [Consumer clientId=consumer-anonymous.b10b50d1-c4e9-4e48-aa21-94a341606310-2, groupId=anonymous.b10b50d1-c4e9-4e48-aa21-94a341606310] Cancelled in-flight FETCH request with correlation id 39449 due to node 1 being disconnected (elapsed time since creation: 3364035ms, elapsed time since send: 3364035ms, throttle time: 0ms, request timeout: 30000ms)
2026-08-29T16:37:26.964+05:30  INFO 37252 --- [bmp-rewards-service] [container-0-C-1] org.apache.kafka.clients.NetworkClient   : [Consumer clientId=consumer-anonymous.b10b50d1-c4e9-4e48-aa21-94a341606310-2, groupId=anonymous.b10b50d1-c4e9-4e48-aa21-94a341606310] Disconnecting from node 2147483646 due to request timeout.
2026-08-29T16:37:26.964+05:30  INFO 37252 --- [bmp-rewards-service] [container-0-C-1] org.apache.kafka.clients.NetworkClient   : [Consumer clientId=consumer-anonymous.b10b50d1-c4e9-4e48-aa21-94a341606310-2, groupId=anonymous.b10b50d1-c4e9-4e48-aa21-94a341606310] Cancelled in-flight HEARTBEAT request with correlation id 39450 due to node 2147483646 being disconnected (elapsed time since creation: 3362259ms, elapsed time since send: 3362259ms, throttle time: 0ms, request timeout: 30000ms)
2026-08-29T16:37:26.964+05:30  INFO 37252 --- [bmp-rewards-service] [container-0-C-1] org.apache.kafka.clients.NetworkClient   : [Consumer clientId=consumer-anonymous.b10b50d1-c4e9-4e48-aa21-94a341606310-2, groupId=anonymous.b10b50d1-c4e9-4e48-aa21-94a341606310] Cancelled in-flight HEARTBEAT request with correlation id 39451 due to node 2147483646 being disconnected (elapsed time since creation: 3359249ms, elapsed time since send: 3359249ms, throttle time: 0ms, request timeout: 30000ms)
2026-08-29T16:37:26.964+05:30  INFO 37252 --- [bmp-rewards-service] [container-0-C-1] org.apache.kafka.clients.NetworkClient   : [Consumer clientId=consumer-anonymous.b10b50d1-c4e9-4e48-aa21-94a341606310-2, groupId=anonymous.b10b50d1-c4e9-4e48-aa21-94a341606310] Cancelled in-flight HEARTBEAT request with correlation id 39452 due to node 2147483646 being disconnected (elapsed time since creation: 3356234ms, elapsed time since send: 3356234ms, throttle time: 0ms, request timeout: 30000ms)
2026-08-29T16:37:26.965+05:30  INFO 37252 --- [bmp-rewards-service] [container-0-C-1] org.apache.kafka.clients.NetworkClient   : [Consumer clientId=consumer-anonymous.b10b50d1-c4e9-4e48-aa21-94a341606310-2, groupId=anonymous.b10b50d1-c4e9-4e48-aa21-94a341606310] Cancelled in-flight HEARTBEAT request with correlation id 39453 due to node 2147483646 being disconnected (elapsed time since creation: 3353229ms, elapsed time since send: 3353229ms, throttle time: 0ms, request timeout: 30000ms)
2026-08-29T16:37:26.966+05:30  INFO 37252 --- [bmp-rewards-service] [21-94a341606310] o.a.k.c.c.internals.ConsumerCoordinator  : [Consumer clientId=consumer-anonymous.b10b50d1-c4e9-4e48-aa21-94a341606310-2, groupId=anonymous.b10b50d1-c4e9-4e48-aa21-94a341606310] Group coordinator localhost:9092 (id: 2147483646 rack: null) is unavailable or invalid due to cause: null. isDisconnected: true. Rediscovery will be attempted.
2026-08-29T16:37:27.055+05:30  WARN 37252 --- [bmp-rewards-service] [nio-8087-exec-2] o.s.b.a.health.HealthEndpointSupport     : Health contributor org.springframework.cloud.stream.binder.kafka.KafkaBinderHealthIndicator (binders/kafka) took 3359553ms to respond
2026-08-29T16:37:26.965+05:30  INFO 37252 --- [bmp-rewards-service] [container-0-C-1] o.a.kafka.clients.FetchSessionHandler    : [Consumer clientId=consumer-anonymous.b10b50d1-c4e9-4e48-aa21-94a341606310-2, groupId=anonymous.b10b50d1-c4e9-4e48-aa21-94a341606310] Error sending fetch request (sessionId=750768416, epoch=8786) to node 1:

org.apache.kafka.common.errors.DisconnectException: null

2026-08-29T16:37:29.292+05:30  WARN 37252 --- [bmp-rewards-service] [l-1 housekeeper] com.zaxxer.hikari.pool.HikariPool        : HikariPool-1 - Thread starvation or clock leap detected (housekeeper delta=56m20s329ms603µs700ns).
2026-08-29T16:37:29.318+05:30  INFO 37252 --- [bmp-rewards-service] [container-0-C-1] o.a.k.c.c.internals.ConsumerCoordinator  : [Consumer clientId=consumer-anonymous.b10b50d1-c4e9-4e48-aa21-94a341606310-2, groupId=anonymous.b10b50d1-c4e9-4e48-aa21-94a341606310] Discovered group coordinator localhost:9092 (id: 2147483646 rack: null)
2026-08-29T16:37:39.418+05:30  INFO 37252 --- [bmp-rewards-service] [vice-producer-1] org.apache.kafka.clients.NetworkClient   : [Producer clientId=bmp-rewards-service-producer-1] Node 1 disconnected.
2026-08-29T16:37:52.042+05:30  INFO 37252 --- [bmp-rewards-service] [pool-2-thread-1] org.apache.kafka.clients.NetworkClient   : [Consumer clientId=consumer-anonymous.b10b50d1-c4e9-4e48-aa21-94a341606310-3, groupId=anonymous.b10b50d1-c4e9-4e48-aa21-94a341606310] Node 2147483646 disconnected.
2026-08-29T16:37:52.058+05:30  INFO 37252 --- [bmp-rewards-service] [pool-2-thread-1] o.a.k.c.c.internals.ConsumerCoordinator  : [Consumer clientId=consumer-anonymous.b10b50d1-c4e9-4e48-aa21-94a341606310-3, groupId=anonymous.b10b50d1-c4e9-4e48-aa21-94a341606310] Group coordinator localhost:9092 (id: 2147483646 rack: null) is unavailable or invalid due to cause: coordinator unavailable. isDisconnected: true. Rediscovery will be attempted.
2026-08-29T16:37:52.069+05:30  INFO 37252 --- [bmp-rewards-service] [pool-2-thread-1] o.a.k.c.c.internals.ConsumerCoordinator  : [Consumer clientId=consumer-anonymous.b10b50d1-c4e9-4e48-aa21-94a341606310-3, groupId=anonymous.b10b50d1-c4e9-4e48-aa21-94a341606310] Discovered group coordinator localhost:9092 (id: 2147483646 rack: null)
2026-08-29T16:37:52.069+05:30  INFO 37252 --- [bmp-rewards-service] [pool-2-thread-1] o.a.k.c.c.internals.ConsumerCoordinator  : [Consumer clientId=consumer-anonymous.b10b50d1-c4e9-4e48-aa21-94a341606310-3, groupId=anonymous.b10b50d1-c4e9-4e48-aa21-94a341606310] Group coordinator localhost:9092 (id: 2147483646 rack: null) is unavailable or invalid due to cause: coordinator unavailable. isDisconnected: false. Rediscovery will be attempted.
2026-08-29T16:37:52.070+05:30  INFO 37252 --- [bmp-rewards-service] [pool-2-thread-1] o.a.k.c.c.internals.ConsumerCoordinator  : [Consumer clientId=consumer-anonymous.b10b50d1-c4e9-4e48-aa21-94a341606310-3, groupId=anonymous.b10b50d1-c4e9-4e48-aa21-94a341606310] Requesting disconnect from last known coordinator localhost:9092 (id: 2147483646 rack: null)
2026-08-29T16:37:52.205+05:30  INFO 37252 --- [bmp-rewards-service] [pool-2-thread-1] o.a.k.c.c.internals.ConsumerCoordinator  : [Consumer clientId=consumer-anonymous.b10b50d1-c4e9-4e48-aa21-94a341606310-3, groupId=anonymous.b10b50d1-c4e9-4e48-aa21-94a341606310] Discovered group coordinator localhost:9092 (id: 2147483646 rack: null)
2026-08-29T16:41:38.687+05:30  INFO 37252 --- [bmp-rewards-service] [rap-executor-%d] c.n.d.s.r.aws.ConfigClusterResolver      : Resolving eureka endpoints via configuration
2026-08-29T16:46:38.730+05:30  INFO 37252 --- [bmp-rewards-service] [rap-executor-%d] c.n.d.s.r.aws.ConfigClusterResolver      : Resolving eureka endpoints via configuration
2026-08-29T16:51:38.732+05:30  INFO 37252 --- [bmp-rewards-service] [rap-executor-%d] c.n.d.s.r.aws.ConfigClusterResolver      : Resolving eureka endpoints via configuration
2026-08-29T16:56:38.745+05:30  INFO 37252 --- [bmp-rewards-service] [rap-executor-%d] c.n.d.s.r.aws.ConfigClusterResolver      : Resolving eureka endpoints via configuration
2026-08-29T17:01:38.748+05:30  INFO 37252 --- [bmp-rewards-service] [rap-executor-%d] c.n.d.s.r.aws.ConfigClusterResolver      : Resolving eureka endpoints via configuration
2026-08-29T17:06:38.751+05:30  INFO 37252 --- [bmp-rewards-service] [rap-executor-%d] c.n.d.s.r.aws.ConfigClusterResolver      : Resolving eureka endpoints via configuration
2026-08-29T17:11:38.758+05:30  INFO 37252 --- [bmp-rewards-service] [rap-executor-%d] c.n.d.s.r.aws.ConfigClusterResolver      : Resolving eureka endpoints via configuration
2026-08-29T17:16:38.770+05:30  INFO 37252 --- [bmp-rewards-service] [rap-executor-%d] c.n.d.s.r.aws.ConfigClusterResolver      : Resolving eureka endpoints via configuration
2026-08-29T17:21:38.785+05:30  INFO 37252 --- [bmp-rewards-service] [rap-executor-%d] c.n.d.s.r.aws.ConfigClusterResolver      : Resolving eureka endpoints via configuration
2026-08-29T17:26:38.799+05:30  INFO 37252 --- [bmp-rewards-service] [rap-executor-%d] c.n.d.s.r.aws.ConfigClusterResolver      : Resolving eureka endpoints via configuration
2026-08-29T17:31:38.815+05:30  INFO 37252 --- [bmp-rewards-service] [rap-executor-%d] c.n.d.s.r.aws.ConfigClusterResolver      : Resolving eureka endpoints via configuration
2026-08-29T17:36:38.826+05:30  INFO 37252 --- [bmp-rewards-service] [rap-executor-%d] c.n.d.s.r.aws.ConfigClusterResolver      : Resolving eureka endpoints via configuration
2026-08-29T17:41:38.842+05:30  INFO 37252 --- [bmp-rewards-service] [rap-executor-%d] c.n.d.s.r.aws.ConfigClusterResolver      : Resolving eureka endpoints via configuration
2026-08-29T17:43:11.408+05:30  WARN 37252 --- [bmp-rewards-service] [   scheduling-1] com.zaxxer.hikari.pool.PoolBase          : HikariPool-1 - Failed to validate connection org.postgresql.jdbc.PgConnection@54ebf8c2 (This connection has been closed.). Possibly consider using a shorter maxLifetime value.
2026-08-29T17:43:16.410+05:30  WARN 37252 --- [bmp-rewards-service] [   scheduling-1] com.zaxxer.hikari.pool.PoolBase          : HikariPool-1 - Failed to validate connection org.postgresql.jdbc.PgConnection@6f58ac63 (This connection has been closed.). Possibly consider using a shorter maxLifetime value.
2026-08-29T17:56:52.796+05:30  INFO 37252 --- [bmp-rewards-service] [binder-health-1] org.apache.kafka.clients.NetworkClient   : [Consumer clientId=consumer-null-4, groupId=null] Node 1 disconnected.
2026-08-29T17:56:52.951+05:30  INFO 37252 --- [bmp-rewards-service] [binder-health-1] org.apache.kafka.clients.NetworkClient   : [Consumer clientId=consumer-null-4, groupId=null] Cancelled in-flight METADATA request with correlation id 1200 due to node 1 being disconnected (elapsed time since creation: 823738ms, elapsed time since send: 823738ms, throttle time: 0ms, request timeout: 30000ms)
2026-08-29T17:56:53.138+05:30  INFO 37252 --- [bmp-rewards-service] [container-0-C-1] org.apache.kafka.clients.NetworkClient   : [Consumer clientId=consumer-anonymous.b10b50d1-c4e9-4e48-aa21-94a341606310-2, groupId=anonymous.b10b50d1-c4e9-4e48-aa21-94a341606310] Node 1 disconnected.
2026-08-29T17:56:53.140+05:30  INFO 37252 --- [bmp-rewards-service] [container-0-C-1] org.apache.kafka.clients.NetworkClient   : [Consumer clientId=consumer-anonymous.b10b50d1-c4e9-4e48-aa21-94a341606310-2, groupId=anonymous.b10b50d1-c4e9-4e48-aa21-94a341606310] Cancelled in-flight FETCH request with correlation id 48486 due to node 1 being disconnected (elapsed time since creation: 828455ms, elapsed time since send: 828455ms, throttle time: 0ms, request timeout: 30000ms)
2026-08-29T17:56:53.140+05:30  INFO 37252 --- [bmp-rewards-service] [container-0-C-1] org.apache.kafka.clients.NetworkClient   : [Consumer clientId=consumer-anonymous.b10b50d1-c4e9-4e48-aa21-94a341606310-2, groupId=anonymous.b10b50d1-c4e9-4e48-aa21-94a341606310] Disconnecting from node 2147483646 due to request timeout.
2026-08-29T17:56:53.141+05:30  INFO 37252 --- [bmp-rewards-service] [container-0-C-1] org.apache.kafka.clients.NetworkClient   : [Consumer clientId=consumer-anonymous.b10b50d1-c4e9-4e48-aa21-94a341606310-2, groupId=anonymous.b10b50d1-c4e9-4e48-aa21-94a341606310] Cancelled in-flight HEARTBEAT request with correlation id 48487 due to node 2147483646 being disconnected (elapsed time since creation: 826382ms, elapsed time since send: 826382ms, throttle time: 0ms, request timeout: 30000ms)
2026-08-29T17:56:53.141+05:30  INFO 37252 --- [bmp-rewards-service] [container-0-C-1] org.apache.kafka.clients.NetworkClient   : [Consumer clientId=consumer-anonymous.b10b50d1-c4e9-4e48-aa21-94a341606310-2, groupId=anonymous.b10b50d1-c4e9-4e48-aa21-94a341606310] Cancelled in-flight HEARTBEAT request with correlation id 48488 due to node 2147483646 being disconnected (elapsed time since creation: 823377ms, elapsed time since send: 823377ms, throttle time: 0ms, request timeout: 30000ms)
2026-08-29T17:56:53.141+05:30  INFO 37252 --- [bmp-rewards-service] [container-0-C-1] org.apache.kafka.clients.NetworkClient   : [Consumer clientId=consumer-anonymous.b10b50d1-c4e9-4e48-aa21-94a341606310-2, groupId=anonymous.b10b50d1-c4e9-4e48-aa21-94a341606310] Cancelled in-flight HEARTBEAT request with correlation id 48489 due to node 2147483646 being disconnected (elapsed time since creation: 820367ms, elapsed time since send: 820367ms, throttle time: 0ms, request timeout: 30000ms)
2026-08-29T17:56:53.141+05:30  INFO 37252 --- [bmp-rewards-service] [container-0-C-1] org.apache.kafka.clients.NetworkClient   : [Consumer clientId=consumer-anonymous.b10b50d1-c4e9-4e48-aa21-94a341606310-2, groupId=anonymous.b10b50d1-c4e9-4e48-aa21-94a341606310] Cancelled in-flight HEARTBEAT request with correlation id 48490 due to node 2147483646 being disconnected (elapsed time since creation: 817365ms, elapsed time since send: 817365ms, throttle time: 0ms, request timeout: 30000ms)
2026-08-29T17:56:53.142+05:30  INFO 37252 --- [bmp-rewards-service] [21-94a341606310] o.a.k.c.c.internals.ConsumerCoordinator  : [Consumer clientId=consumer-anonymous.b10b50d1-c4e9-4e48-aa21-94a341606310-2, groupId=anonymous.b10b50d1-c4e9-4e48-aa21-94a341606310] Group coordinator localhost:9092 (id: 2147483646 rack: null) is unavailable or invalid due to cause: null. isDisconnected: true. Rediscovery will be attempted.
2026-08-29T17:56:53.062+05:30  WARN 37252 --- [bmp-rewards-service] [nio-8087-exec-5] o.s.b.a.health.HealthEndpointSupport     : Health contributor org.springframework.cloud.stream.binder.kafka.KafkaBinderHealthIndicator (binders/kafka) took 823999ms to respond
2026-08-29T17:56:53.190+05:30  INFO 37252 --- [bmp-rewards-service] [container-0-C-1] o.a.kafka.clients.FetchSessionHandler    : [Consumer clientId=consumer-anonymous.b10b50d1-c4e9-4e48-aa21-94a341606310-2, groupId=anonymous.b10b50d1-c4e9-4e48-aa21-94a341606310] Error sending fetch request (sessionId=2114650769, epoch=7693) to node 1:

org.apache.kafka.common.errors.DisconnectException: null

2026-08-29T17:56:54.472+05:30  INFO 37252 --- [bmp-rewards-service] [container-0-C-1] o.a.k.c.c.internals.ConsumerCoordinator  : [Consumer clientId=consumer-anonymous.b10b50d1-c4e9-4e48-aa21-94a341606310-2, groupId=anonymous.b10b50d1-c4e9-4e48-aa21-94a341606310] Discovered group coordinator localhost:9092 (id: 2147483646 rack: null)
2026-08-29T17:57:04.992+05:30  WARN 37252 --- [bmp-rewards-service] [l-1 housekeeper] com.zaxxer.hikari.pool.HikariPool        : HikariPool-1 - Thread starvation or clock leap detected (housekeeper delta=14m4s392ms705µs900ns).
2026-08-29T17:57:14.044+05:30  INFO 37252 --- [bmp-rewards-service] [vice-producer-1] org.apache.kafka.clients.NetworkClient   : [Producer clientId=bmp-rewards-service-producer-1] Node 1 disconnected.
2026-08-29T17:57:28.366+05:30  INFO 37252 --- [bmp-rewards-service] [pool-2-thread-1] org.apache.kafka.clients.NetworkClient   : [Consumer clientId=consumer-anonymous.b10b50d1-c4e9-4e48-aa21-94a341606310-3, groupId=anonymous.b10b50d1-c4e9-4e48-aa21-94a341606310] Node 2147483646 disconnected.
2026-08-29T17:57:28.369+05:30  INFO 37252 --- [bmp-rewards-service] [pool-2-thread-1] o.a.k.c.c.internals.ConsumerCoordinator  : [Consumer clientId=consumer-anonymous.b10b50d1-c4e9-4e48-aa21-94a341606310-3, groupId=anonymous.b10b50d1-c4e9-4e48-aa21-94a341606310] Group coordinator localhost:9092 (id: 2147483646 rack: null) is unavailable or invalid due to cause: coordinator unavailable. isDisconnected: true. Rediscovery will be attempted.
2026-08-29T17:57:28.370+05:30  INFO 37252 --- [bmp-rewards-service] [pool-2-thread-1] o.a.k.c.c.internals.ConsumerCoordinator  : [Consumer clientId=consumer-anonymous.b10b50d1-c4e9-4e48-aa21-94a341606310-3, groupId=anonymous.b10b50d1-c4e9-4e48-aa21-94a341606310] Discovered group coordinator localhost:9092 (id: 2147483646 rack: null)
2026-08-29T17:57:28.370+05:30  INFO 37252 --- [bmp-rewards-service] [pool-2-thread-1] o.a.k.c.c.internals.ConsumerCoordinator  : [Consumer clientId=consumer-anonymous.b10b50d1-c4e9-4e48-aa21-94a341606310-3, groupId=anonymous.b10b50d1-c4e9-4e48-aa21-94a341606310] Group coordinator localhost:9092 (id: 2147483646 rack: null) is unavailable or invalid due to cause: coordinator unavailable. isDisconnected: false. Rediscovery will be attempted.
2026-08-29T17:57:28.370+05:30  INFO 37252 --- [bmp-rewards-service] [pool-2-thread-1] o.a.k.c.c.internals.ConsumerCoordinator  : [Consumer clientId=consumer-anonymous.b10b50d1-c4e9-4e48-aa21-94a341606310-3, groupId=anonymous.b10b50d1-c4e9-4e48-aa21-94a341606310] Requesting disconnect from last known coordinator localhost:9092 (id: 2147483646 rack: null)
2026-08-29T17:57:28.476+05:30  INFO 37252 --- [bmp-rewards-service] [pool-2-thread-1] o.a.k.c.c.internals.ConsumerCoordinator  : [Consumer clientId=consumer-anonymous.b10b50d1-c4e9-4e48-aa21-94a341606310-3, groupId=anonymous.b10b50d1-c4e9-4e48-aa21-94a341606310] Discovered group coordinator localhost:9092 (id: 2147483646 rack: null)
2026-08-29T17:59:33.430+05:30  WARN 37252 --- [bmp-rewards-service] [   scheduling-1] com.zaxxer.hikari.pool.PoolBase          : HikariPool-1 - Failed to validate connection org.postgresql.jdbc.PgConnection@181c3f6d (This connection has been closed.). Possibly consider using a shorter maxLifetime value.
2026-08-29T17:59:38.445+05:30  WARN 37252 --- [bmp-rewards-service] [   scheduling-1] com.zaxxer.hikari.pool.PoolBase          : HikariPool-1 - Failed to validate connection org.postgresql.jdbc.PgConnection@6788bd5 (This connection has been closed.). Possibly consider using a shorter maxLifetime value.
2026-08-29T18:00:05.578+05:30  INFO 37252 --- [bmp-rewards-service] [21-94a341606310] org.apache.kafka.clients.NetworkClient   : [Consumer clientId=consumer-anonymous.b10b50d1-c4e9-4e48-aa21-94a341606310-2, groupId=anonymous.b10b50d1-c4e9-4e48-aa21-94a341606310] Disconnecting from node 1 due to request timeout.
2026-08-29T18:00:08.653+05:30  INFO 37252 --- [bmp-rewards-service] [binder-health-1] org.apache.kafka.clients.NetworkClient   : [Consumer clientId=consumer-null-4, groupId=null] Disconnecting from node 1 due to request timeout.
2026-08-29T18:00:08.666+05:30  INFO 37252 --- [bmp-rewards-service] [21-94a341606310] org.apache.kafka.clients.NetworkClient   : [Consumer clientId=consumer-anonymous.b10b50d1-c4e9-4e48-aa21-94a341606310-2, groupId=anonymous.b10b50d1-c4e9-4e48-aa21-94a341606310] Cancelled in-flight FETCH request with correlation id 48846 due to node 1 being disconnected (elapsed time since creation: 38450ms, elapsed time since send: 38450ms, throttle time: 0ms, request timeout: 30000ms)
2026-08-29T18:00:08.666+05:30  INFO 37252 --- [bmp-rewards-service] [binder-health-1] org.apache.kafka.clients.NetworkClient   : [Consumer clientId=consumer-null-4, groupId=null] Cancelled in-flight METADATA request with correlation id 1210 due to node 1 being disconnected (elapsed time since creation: 31083ms, elapsed time since send: 31083ms, throttle time: 0ms, request timeout: 30000ms)
2026-08-29T18:00:08.666+05:30  INFO 37252 --- [bmp-rewards-service] [21-94a341606310] org.apache.kafka.clients.NetworkClient   : [Consumer clientId=consumer-anonymous.b10b50d1-c4e9-4e48-aa21-94a341606310-2, groupId=anonymous.b10b50d1-c4e9-4e48-aa21-94a341606310] Disconnecting from node 2147483646 due to request timeout.
2026-08-29T18:00:08.667+05:30  INFO 37252 --- [bmp-rewards-service] [21-94a341606310] org.apache.kafka.clients.NetworkClient   : [Consumer clientId=consumer-anonymous.b10b50d1-c4e9-4e48-aa21-94a341606310-2, groupId=anonymous.b10b50d1-c4e9-4e48-aa21-94a341606310] Cancelled in-flight HEARTBEAT request with correlation id 48847 due to node 2147483646 being disconnected (elapsed time since creation: 37651ms, elapsed time since send: 37651ms, throttle time: 0ms, request timeout: 30000ms)
2026-08-29T18:00:08.667+05:30  INFO 37252 --- [bmp-rewards-service] [21-94a341606310] org.apache.kafka.clients.NetworkClient   : [Consumer clientId=consumer-anonymous.b10b50d1-c4e9-4e48-aa21-94a341606310-2, groupId=anonymous.b10b50d1-c4e9-4e48-aa21-94a341606310] Cancelled in-flight HEARTBEAT request with correlation id 48848 due to node 2147483646 being disconnected (elapsed time since creation: 34649ms, elapsed time since send: 34648ms, throttle time: 0ms, request timeout: 30000ms)
2026-08-29T18:00:08.667+05:30  INFO 37252 --- [bmp-rewards-service] [21-94a341606310] org.apache.kafka.clients.NetworkClient   : [Consumer clientId=consumer-anonymous.b10b50d1-c4e9-4e48-aa21-94a341606310-2, groupId=anonymous.b10b50d1-c4e9-4e48-aa21-94a341606310] Cancelled in-flight HEARTBEAT request with correlation id 48849 due to node 2147483646 being disconnected (elapsed time since creation: 31634ms, elapsed time since send: 31634ms, throttle time: 0ms, request timeout: 30000ms)
2026-08-29T18:00:08.667+05:30  INFO 37252 --- [bmp-rewards-service] [21-94a341606310] org.apache.kafka.clients.NetworkClient   : [Consumer clientId=consumer-anonymous.b10b50d1-c4e9-4e48-aa21-94a341606310-2, groupId=anonymous.b10b50d1-c4e9-4e48-aa21-94a341606310] Cancelled in-flight HEARTBEAT request with correlation id 48850 due to node 2147483646 being disconnected (elapsed time since creation: 28626ms, elapsed time since send: 28626ms, throttle time: 0ms, request timeout: 30000ms)
2026-08-29T18:00:08.641+05:30  INFO 37252 --- [bmp-rewards-service] [pool-2-thread-1] org.apache.kafka.clients.NetworkClient   : [Consumer clientId=consumer-anonymous.b10b50d1-c4e9-4e48-aa21-94a341606310-3, groupId=anonymous.b10b50d1-c4e9-4e48-aa21-94a341606310] Disconnecting from node 1 due to request timeout.
2026-08-29T18:00:08.668+05:30  INFO 37252 --- [bmp-rewards-service] [pool-2-thread-1] org.apache.kafka.clients.NetworkClient   : [Consumer clientId=consumer-anonymous.b10b50d1-c4e9-4e48-aa21-94a341606310-3, groupId=anonymous.b10b50d1-c4e9-4e48-aa21-94a341606310] Cancelled in-flight LIST_OFFSETS request with correlation id 1227 due to node 1 being disconnected (elapsed time since creation: 40111ms, elapsed time since send: 40111ms, throttle time: 0ms, request timeout: 30000ms)
2026-08-29T18:00:08.965+05:30  WARN 37252 --- [bmp-rewards-service] [nio-8087-exec-5] o.s.b.a.health.HealthEndpointSupport     : Health contributor org.springframework.cloud.stream.binder.kafka.KafkaBinderHealthIndicator (binders/kafka) took 31394ms to respond
2026-08-29T18:00:08.924+05:30  INFO 37252 --- [bmp-rewards-service] [21-94a341606310] o.a.kafka.clients.FetchSessionHandler    : [Consumer clientId=consumer-anonymous.b10b50d1-c4e9-4e48-aa21-94a341606310-2, groupId=anonymous.b10b50d1-c4e9-4e48-aa21-94a341606310] Error sending fetch request (sessionId=227649113, epoch=299) to node 1:

org.apache.kafka.common.errors.DisconnectException: null

2026-08-29T18:00:10.124+05:30  INFO 37252 --- [bmp-rewards-service] [21-94a341606310] o.a.k.c.c.internals.ConsumerCoordinator  : [Consumer clientId=consumer-anonymous.b10b50d1-c4e9-4e48-aa21-94a341606310-2, groupId=anonymous.b10b50d1-c4e9-4e48-aa21-94a341606310] Group coordinator localhost:9092 (id: 2147483646 rack: null) is unavailable or invalid due to cause: null. isDisconnected: true. Rediscovery will be attempted.
2026-08-29T18:00:10.672+05:30  INFO 37252 --- [bmp-rewards-service] [container-0-C-1] o.a.k.c.c.internals.ConsumerCoordinator  : [Consumer clientId=consumer-anonymous.b10b50d1-c4e9-4e48-aa21-94a341606310-2, groupId=anonymous.b10b50d1-c4e9-4e48-aa21-94a341606310] Discovered group coordinator localhost:9092 (id: 2147483646 rack: null)
2026-08-29T18:00:12.291+05:30  WARN 37252 --- [bmp-rewards-service] [   scheduling-1] o.h.engine.jdbc.spi.SqlExceptionHelper   : SQL Error: 0, SQLState: 08003
2026-08-29T18:00:12.293+05:30 ERROR 37252 --- [bmp-rewards-service] [   scheduling-1] o.h.engine.jdbc.spi.SqlExceptionHelper   : HikariPool-1 - Connection is not available, request timed out after 42993ms (total=0, active=0, idle=0, waiting=0)
2026-08-29T18:00:12.294+05:30 ERROR 37252 --- [bmp-rewards-service] [   scheduling-1] o.h.engine.jdbc.spi.SqlExceptionHelper   : This connection has been closed.
2026-08-29T18:00:12.596+05:30 ERROR 37252 --- [bmp-rewards-service] [   scheduling-1] o.s.s.s.TaskUtils$LoggingErrorHandler    : Unexpected error occurred in scheduled task

org.springframework.transaction.CannotCreateTransactionException: Could not open JPA EntityManager for transaction
	at org.springframework.orm.jpa.JpaTransactionManager.doBegin(JpaTransactionManager.java:466) ~[spring-orm-6.2.1.jar:6.2.1]
	at org.springframework.transaction.support.AbstractPlatformTransactionManager.startTransaction(AbstractPlatformTransactionManager.java:532) ~[spring-tx-6.2.1.jar:6.2.1]
	at org.springframework.transaction.support.AbstractPlatformTransactionManager.getTransaction(AbstractPlatformTransactionManager.java:405) ~[spring-tx-6.2.1.jar:6.2.1]
	at org.springframework.transaction.interceptor.TransactionAspectSupport.createTransactionIfNecessary(TransactionAspectSupport.java:639) ~[spring-tx-6.2.1.jar:6.2.1]
	at org.springframework.transaction.interceptor.TransactionAspectSupport.invokeWithinTransaction(TransactionAspectSupport.java:374) ~[spring-tx-6.2.1.jar:6.2.1]
	at org.springframework.transaction.interceptor.TransactionInterceptor.invoke(TransactionInterceptor.java:119) ~[spring-tx-6.2.1.jar:6.2.1]
	at org.springframework.aop.framework.ReflectiveMethodInvocation.proceed(ReflectiveMethodInvocation.java:184) ~[spring-aop-6.2.1.jar:6.2.1]
	at org.springframework.aop.framework.CglibAopProxy$DynamicAdvisedInterceptor.intercept(CglibAopProxy.java:727) ~[spring-aop-6.2.1.jar:6.2.1]
	at com.bmp.common.kafka.OutboxKafkaRelay$$SpringCGLIB$$0.relay(<generated>) ~[bmp-common-0.1.0-SNAPSHOT.jar:0.1.0-SNAPSHOT]
	at java.base/jdk.internal.reflect.DirectMethodHandleAccessor.invoke(DirectMethodHandleAccessor.java:103) ~[na:na]
	at java.base/java.lang.reflect.Method.invoke(Method.java:580) ~[na:na]
	at org.springframework.scheduling.support.ScheduledMethodRunnable.runInternal(ScheduledMethodRunnable.java:130) ~[spring-context-6.2.1.jar:6.2.1]
	at org.springframework.scheduling.support.ScheduledMethodRunnable.lambda$run$2(ScheduledMethodRunnable.java:124) ~[spring-context-6.2.1.jar:6.2.1]
	at io.micrometer.observation.Observation.observe(Observation.java:498) ~[micrometer-observation-1.14.2.jar:1.14.2]
	at org.springframework.scheduling.support.ScheduledMethodRunnable.run(ScheduledMethodRunnable.java:124) ~[spring-context-6.2.1.jar:6.2.1]
	at org.springframework.scheduling.config.Task$OutcomeTrackingRunnable.run(Task.java:85) ~[spring-context-6.2.1.jar:6.2.1]
	at org.springframework.scheduling.support.DelegatingErrorHandlingRunnable.run(DelegatingErrorHandlingRunnable.java:54) ~[spring-context-6.2.1.jar:6.2.1]
	at java.base/java.util.concurrent.Executors$RunnableAdapter.call(Executors.java:572) ~[na:na]
	at java.base/java.util.concurrent.FutureTask.runAndReset(FutureTask.java:358) ~[na:na]
	at java.base/java.util.concurrent.ScheduledThreadPoolExecutor$ScheduledFutureTask.run(ScheduledThreadPoolExecutor.java:305) ~[na:na]
	at java.base/java.util.concurrent.ThreadPoolExecutor.runWorker(ThreadPoolExecutor.java:1144) ~[na:na]
	at java.base/java.util.concurrent.ThreadPoolExecutor$Worker.run(ThreadPoolExecutor.java:642) ~[na:na]
	at java.base/java.lang.Thread.run(Thread.java:1583) ~[na:na]
Caused by: org.hibernate.exception.JDBCConnectionException: Unable to acquire JDBC Connection [HikariPool-1 - Connection is not available, request timed out after 42993ms (total=0, active=0, idle=0, waiting=0)] [n/a]
	at org.hibernate.exception.internal.SQLExceptionTypeDelegate.convert(SQLExceptionTypeDelegate.java:51) ~[hibernate-core-6.6.4.Final.jar:6.6.4.Final]
	at org.hibernate.exception.internal.StandardSQLExceptionConverter.convert(StandardSQLExceptionConverter.java:58) ~[hibernate-core-6.6.4.Final.jar:6.6.4.Final]
	at org.hibernate.engine.jdbc.spi.SqlExceptionHelper.convert(SqlExceptionHelper.java:108) ~[hibernate-core-6.6.4.Final.jar:6.6.4.Final]
	at org.hibernate.engine.jdbc.spi.SqlExceptionHelper.convert(SqlExceptionHelper.java:94) ~[hibernate-core-6.6.4.Final.jar:6.6.4.Final]
	at org.hibernate.resource.jdbc.internal.LogicalConnectionManagedImpl.acquireConnectionIfNeeded(LogicalConnectionManagedImpl.java:129) ~[hibernate-core-6.6.4.Final.jar:6.6.4.Final]
	at org.hibernate.resource.jdbc.internal.LogicalConnectionManagedImpl.getPhysicalConnection(LogicalConnectionManagedImpl.java:156) ~[hibernate-core-6.6.4.Final.jar:6.6.4.Final]
	at org.hibernate.resource.jdbc.internal.LogicalConnectionManagedImpl.getConnectionForTransactionManagement(LogicalConnectionManagedImpl.java:286) ~[hibernate-core-6.6.4.Final.jar:6.6.4.Final]
	at org.hibernate.resource.jdbc.internal.LogicalConnectionManagedImpl.begin(LogicalConnectionManagedImpl.java:294) ~[hibernate-core-6.6.4.Final.jar:6.6.4.Final]
	at org.hibernate.resource.transaction.backend.jdbc.internal.JdbcResourceLocalTransactionCoordinatorImpl$TransactionDriverControlImpl.begin(JdbcResourceLocalTransactionCoordinatorImpl.java:232) ~[hibernate-core-6.6.4.Final.jar:6.6.4.Final]
	at org.hibernate.engine.transaction.internal.TransactionImpl.begin(TransactionImpl.java:83) ~[hibernate-core-6.6.4.Final.jar:6.6.4.Final]
	at org.springframework.orm.jpa.vendor.HibernateJpaDialect.beginTransaction(HibernateJpaDialect.java:176) ~[spring-orm-6.2.1.jar:6.2.1]
	at org.springframework.orm.jpa.JpaTransactionManager.doBegin(JpaTransactionManager.java:420) ~[spring-orm-6.2.1.jar:6.2.1]
	... 22 common frames omitted
Caused by: java.sql.SQLTransientConnectionException: HikariPool-1 - Connection is not available, request timed out after 42993ms (total=0, active=0, idle=0, waiting=0)
	at com.zaxxer.hikari.pool.HikariPool.createTimeoutException(HikariPool.java:686) ~[HikariCP-5.1.0.jar:na]
	at com.zaxxer.hikari.pool.HikariPool.getConnection(HikariPool.java:179) ~[HikariCP-5.1.0.jar:na]
	at com.zaxxer.hikari.pool.HikariPool.getConnection(HikariPool.java:144) ~[HikariCP-5.1.0.jar:na]
	at com.zaxxer.hikari.HikariDataSource.getConnection(HikariDataSource.java:127) ~[HikariCP-5.1.0.jar:na]
	at org.hibernate.engine.jdbc.connections.internal.DatasourceConnectionProviderImpl.getConnection(DatasourceConnectionProviderImpl.java:126) ~[hibernate-core-6.6.4.Final.jar:6.6.4.Final]
	at org.hibernate.internal.NonContextualJdbcConnectionAccess.obtainConnection(NonContextualJdbcConnectionAccess.java:46) ~[hibernate-core-6.6.4.Final.jar:6.6.4.Final]
	at org.hibernate.resource.jdbc.internal.LogicalConnectionManagedImpl.acquireConnectionIfNeeded(LogicalConnectionManagedImpl.java:126) ~[hibernate-core-6.6.4.Final.jar:6.6.4.Final]
	... 29 common frames omitted
Caused by: org.postgresql.util.PSQLException: This connection has been closed.
	at org.postgresql.jdbc.PgConnection.checkClosed(PgConnection.java:1009) ~[postgresql-42.7.4.jar:42.7.4]
	at org.postgresql.jdbc.PgConnection.setNetworkTimeout(PgConnection.java:1724) ~[postgresql-42.7.4.jar:42.7.4]
	at com.zaxxer.hikari.pool.PoolBase.setNetworkTimeout(PoolBase.java:562) ~[HikariCP-5.1.0.jar:na]
	at com.zaxxer.hikari.pool.PoolBase.isConnectionDead(PoolBase.java:169) ~[HikariCP-5.1.0.jar:na]
	at com.zaxxer.hikari.pool.HikariPool.getConnection(HikariPool.java:168) ~[HikariCP-5.1.0.jar:na]
	... 34 common frames omitted

2026-08-29T18:00:31.857+05:30  WARN 37252 --- [bmp-rewards-service] [l-1 housekeeper] com.zaxxer.hikari.pool.HikariPool        : HikariPool-1 - Thread starvation or clock leap detected (housekeeper delta=59s306ms833µs700ns).
2026-08-29T18:00:39.914+05:30  INFO 37252 --- [bmp-rewards-service] [rap-executor-%d] c.n.d.s.r.aws.ConfigClusterResolver      : Resolving eureka endpoints via configuration
2026-08-29T18:05:39.925+05:30  INFO 37252 --- [bmp-rewards-service] [rap-executor-%d] c.n.d.s.r.aws.ConfigClusterResolver      : Resolving eureka endpoints via configuration
2026-08-29T18:10:39.934+05:30  INFO 37252 --- [bmp-rewards-service] [rap-executor-%d] c.n.d.s.r.aws.ConfigClusterResolver      : Resolving eureka endpoints via configuration
2026-08-29T18:15:39.937+05:30  INFO 37252 --- [bmp-rewards-service] [rap-executor-%d] c.n.d.s.r.aws.ConfigClusterResolver      : Resolving eureka endpoints via configuration
2026-08-29T19:23:53.453+05:30  INFO 37252 --- [bmp-rewards-service] [container-0-C-1] org.apache.kafka.clients.NetworkClient   : [Consumer clientId=consumer-anonymous.b10b50d1-c4e9-4e48-aa21-94a341606310-2, groupId=anonymous.b10b50d1-c4e9-4e48-aa21-94a341606310] Node 1 disconnected.
2026-08-29T19:23:53.493+05:30  INFO 37252 --- [bmp-rewards-service] [container-0-C-1] org.apache.kafka.clients.NetworkClient   : [Consumer clientId=consumer-anonymous.b10b50d1-c4e9-4e48-aa21-94a341606310-2, groupId=anonymous.b10b50d1-c4e9-4e48-aa21-94a341606310] Cancelled in-flight FETCH request with correlation id 51167 due to node 1 being disconnected (elapsed time since creation: 4024685ms, elapsed time since send: 4024685ms, throttle time: 0ms, request timeout: 30000ms)
2026-08-29T19:23:53.511+05:30  INFO 37252 --- [bmp-rewards-service] [container-0-C-1] org.apache.kafka.clients.NetworkClient   : [Consumer clientId=consumer-anonymous.b10b50d1-c4e9-4e48-aa21-94a341606310-2, groupId=anonymous.b10b50d1-c4e9-4e48-aa21-94a341606310] Disconnecting from node 2147483646 due to request timeout.
2026-08-29T19:23:53.512+05:30  INFO 37252 --- [bmp-rewards-service] [container-0-C-1] org.apache.kafka.clients.NetworkClient   : [Consumer clientId=consumer-anonymous.b10b50d1-c4e9-4e48-aa21-94a341606310-2, groupId=anonymous.b10b50d1-c4e9-4e48-aa21-94a341606310] Cancelled in-flight HEARTBEAT request with correlation id 51168 due to node 2147483646 being disconnected (elapsed time since creation: 4023547ms, elapsed time since send: 4023547ms, throttle time: 0ms, request timeout: 30000ms)
2026-08-29T19:23:53.517+05:30  INFO 37252 --- [bmp-rewards-service] [21-94a341606310] o.a.k.c.c.internals.ConsumerCoordinator  : [Consumer clientId=consumer-anonymous.b10b50d1-c4e9-4e48-aa21-94a341606310-2, groupId=anonymous.b10b50d1-c4e9-4e48-aa21-94a341606310] Group coordinator localhost:9092 (id: 2147483646 rack: null) is unavailable or invalid due to cause: null. isDisconnected: true. Rediscovery will be attempted.
2026-08-29T19:23:53.513+05:30  INFO 37252 --- [bmp-rewards-service] [container-0-C-1] o.a.kafka.clients.FetchSessionHandler    : [Consumer clientId=consumer-anonymous.b10b50d1-c4e9-4e48-aa21-94a341606310-2, groupId=anonymous.b10b50d1-c4e9-4e48-aa21-94a341606310] Error sending fetch request (sessionId=1582349514, epoch=1974) to node 1:

org.apache.kafka.common.errors.DisconnectException: null

2026-08-29T19:23:54.992+05:30  INFO 37252 --- [bmp-rewards-service] [container-0-C-1] o.a.k.c.c.internals.ConsumerCoordinator  : [Consumer clientId=consumer-anonymous.b10b50d1-c4e9-4e48-aa21-94a341606310-2, groupId=anonymous.b10b50d1-c4e9-4e48-aa21-94a341606310] Discovered group coordinator localhost:9092 (id: 2147483646 rack: null)
2026-08-29T19:24:02.596+05:30  WARN 37252 --- [bmp-rewards-service] [l-1 housekeeper] com.zaxxer.hikari.pool.HikariPool        : HikariPool-1 - Thread starvation or clock leap detected (housekeeper delta=1h7m30s597ms534µs800ns).
2026-08-29T19:24:09.755+05:30  INFO 37252 --- [bmp-rewards-service] [pool-2-thread-1] org.apache.kafka.clients.NetworkClient   : [Consumer clientId=consumer-anonymous.b10b50d1-c4e9-4e48-aa21-94a341606310-3, groupId=anonymous.b10b50d1-c4e9-4e48-aa21-94a341606310] Node 2147483646 disconnected.
2026-08-29T19:24:09.758+05:30  INFO 37252 --- [bmp-rewards-service] [pool-2-thread-1] o.a.k.c.c.internals.ConsumerCoordinator  : [Consumer clientId=consumer-anonymous.b10b50d1-c4e9-4e48-aa21-94a341606310-3, groupId=anonymous.b10b50d1-c4e9-4e48-aa21-94a341606310] Group coordinator localhost:9092 (id: 2147483646 rack: null) is unavailable or invalid due to cause: coordinator unavailable. isDisconnected: true. Rediscovery will be attempted.
2026-08-29T19:24:09.759+05:30  INFO 37252 --- [bmp-rewards-service] [pool-2-thread-1] o.a.k.c.c.internals.ConsumerCoordinator  : [Consumer clientId=consumer-anonymous.b10b50d1-c4e9-4e48-aa21-94a341606310-3, groupId=anonymous.b10b50d1-c4e9-4e48-aa21-94a341606310] Discovered group coordinator localhost:9092 (id: 2147483646 rack: null)
2026-08-29T19:24:09.759+05:30  INFO 37252 --- [bmp-rewards-service] [pool-2-thread-1] o.a.k.c.c.internals.ConsumerCoordinator  : [Consumer clientId=consumer-anonymous.b10b50d1-c4e9-4e48-aa21-94a341606310-3, groupId=anonymous.b10b50d1-c4e9-4e48-aa21-94a341606310] Group coordinator localhost:9092 (id: 2147483646 rack: null) is unavailable or invalid due to cause: coordinator unavailable. isDisconnected: false. Rediscovery will be attempted.
2026-08-29T19:24:09.759+05:30  INFO 37252 --- [bmp-rewards-service] [pool-2-thread-1] o.a.k.c.c.internals.ConsumerCoordinator  : [Consumer clientId=consumer-anonymous.b10b50d1-c4e9-4e48-aa21-94a341606310-3, groupId=anonymous.b10b50d1-c4e9-4e48-aa21-94a341606310] Requesting disconnect from last known coordinator localhost:9092 (id: 2147483646 rack: null)
2026-08-29T19:24:09.878+05:30  INFO 37252 --- [bmp-rewards-service] [pool-2-thread-1] o.a.k.c.c.internals.ConsumerCoordinator  : [Consumer clientId=consumer-anonymous.b10b50d1-c4e9-4e48-aa21-94a341606310-3, groupId=anonymous.b10b50d1-c4e9-4e48-aa21-94a341606310] Discovered group coordinator localhost:9092 (id: 2147483646 rack: null)
2026-08-29T19:24:14.650+05:30  INFO 37252 --- [bmp-rewards-service] [vice-producer-1] org.apache.kafka.clients.NetworkClient   : [Producer clientId=bmp-rewards-service-producer-1] Node 1 disconnected.
2026-08-29T19:27:40.403+05:30  INFO 37252 --- [bmp-rewards-service] [rap-executor-%d] c.n.d.s.r.aws.ConfigClusterResolver      : Resolving eureka endpoints via configuration
2026-08-29T19:32:40.408+05:30  INFO 37252 --- [bmp-rewards-service] [rap-executor-%d] c.n.d.s.r.aws.ConfigClusterResolver      : Resolving eureka endpoints via configuration
2026-08-29T19:37:40.421+05:30  INFO 37252 --- [bmp-rewards-service] [rap-executor-%d] c.n.d.s.r.aws.ConfigClusterResolver      : Resolving eureka endpoints via configuration
2026-08-29T19:42:40.435+05:30  INFO 37252 --- [bmp-rewards-service] [rap-executor-%d] c.n.d.s.r.aws.ConfigClusterResolver      : Resolving eureka endpoints via configuration
2026-08-29T19:47:40.441+05:30  INFO 37252 --- [bmp-rewards-service] [rap-executor-%d] c.n.d.s.r.aws.ConfigClusterResolver      : Resolving eureka endpoints via configuration
2026-08-29T19:52:40.446+05:30  INFO 37252 --- [bmp-rewards-service] [rap-executor-%d] c.n.d.s.r.aws.ConfigClusterResolver      : Resolving eureka endpoints via configuration
2026-08-29T19:57:40.446+05:30  INFO 37252 --- [bmp-rewards-service] [rap-executor-%d] c.n.d.s.r.aws.ConfigClusterResolver      : Resolving eureka endpoints via configuration
2026-08-29T19:58:29.297+05:30  WARN 37252 --- [bmp-rewards-service] [   scheduling-1] com.zaxxer.hikari.pool.PoolBase          : HikariPool-1 - Failed to validate connection org.postgresql.jdbc.PgConnection@771a8b9f (This connection has been closed.). Possibly consider using a shorter maxLifetime value.
2026-08-29T20:03:01.010+05:30  INFO 37252 --- [bmp-rewards-service] [container-0-C-1] org.apache.kafka.clients.NetworkClient   : [Consumer clientId=consumer-anonymous.b10b50d1-c4e9-4e48-aa21-94a341606310-2, groupId=anonymous.b10b50d1-c4e9-4e48-aa21-94a341606310] Disconnecting from node 1 due to request timeout.
2026-08-29T20:03:01.026+05:30  INFO 37252 --- [bmp-rewards-service] [container-0-C-1] org.apache.kafka.clients.NetworkClient   : [Consumer clientId=consumer-anonymous.b10b50d1-c4e9-4e48-aa21-94a341606310-2, groupId=anonymous.b10b50d1-c4e9-4e48-aa21-94a341606310] Cancelled in-flight FETCH request with correlation id 55963 due to node 1 being disconnected (elapsed time since creation: 278237ms, elapsed time since send: 278237ms, throttle time: 0ms, request timeout: 30000ms)
2026-08-29T20:03:01.027+05:30  INFO 37252 --- [bmp-rewards-service] [container-0-C-1] org.apache.kafka.clients.NetworkClient   : [Consumer clientId=consumer-anonymous.b10b50d1-c4e9-4e48-aa21-94a341606310-2, groupId=anonymous.b10b50d1-c4e9-4e48-aa21-94a341606310] Disconnecting from node 2147483646 due to request timeout.
2026-08-29T20:03:01.028+05:30  INFO 37252 --- [bmp-rewards-service] [container-0-C-1] org.apache.kafka.clients.NetworkClient   : [Consumer clientId=consumer-anonymous.b10b50d1-c4e9-4e48-aa21-94a341606310-2, groupId=anonymous.b10b50d1-c4e9-4e48-aa21-94a341606310] Cancelled in-flight HEARTBEAT request with correlation id 55964 due to node 2147483646 being disconnected (elapsed time since creation: 276489ms, elapsed time since send: 276489ms, throttle time: 0ms, request timeout: 30000ms)
2026-08-29T20:03:01.028+05:30  INFO 37252 --- [bmp-rewards-service] [container-0-C-1] org.apache.kafka.clients.NetworkClient   : [Consumer clientId=consumer-anonymous.b10b50d1-c4e9-4e48-aa21-94a341606310-2, groupId=anonymous.b10b50d1-c4e9-4e48-aa21-94a341606310] Cancelled in-flight HEARTBEAT request with correlation id 55965 due to node 2147483646 being disconnected (elapsed time since creation: 273477ms, elapsed time since send: 273477ms, throttle time: 0ms, request timeout: 30000ms)
2026-08-29T20:03:01.028+05:30  INFO 37252 --- [bmp-rewards-service] [container-0-C-1] org.apache.kafka.clients.NetworkClient   : [Consumer clientId=consumer-anonymous.b10b50d1-c4e9-4e48-aa21-94a341606310-2, groupId=anonymous.b10b50d1-c4e9-4e48-aa21-94a341606310] Cancelled in-flight HEARTBEAT request with correlation id 55966 due to node 2147483646 being disconnected (elapsed time since creation: 270463ms, elapsed time since send: 270463ms, throttle time: 0ms, request timeout: 30000ms)
2026-08-29T20:03:01.028+05:30  INFO 37252 --- [bmp-rewards-service] [container-0-C-1] org.apache.kafka.clients.NetworkClient   : [Consumer clientId=consumer-anonymous.b10b50d1-c4e9-4e48-aa21-94a341606310-2, groupId=anonymous.b10b50d1-c4e9-4e48-aa21-94a341606310] Cancelled in-flight HEARTBEAT request with correlation id 55967 due to node 2147483646 being disconnected (elapsed time since creation: 267453ms, elapsed time since send: 267453ms, throttle time: 0ms, request timeout: 30000ms)
2026-08-29T20:03:01.032+05:30  INFO 37252 --- [bmp-rewards-service] [21-94a341606310] o.a.k.c.c.internals.ConsumerCoordinator  : [Consumer clientId=consumer-anonymous.b10b50d1-c4e9-4e48-aa21-94a341606310-2, groupId=anonymous.b10b50d1-c4e9-4e48-aa21-94a341606310] Group coordinator localhost:9092 (id: 2147483646 rack: null) is unavailable or invalid due to cause: null. isDisconnected: true. Rediscovery will be attempted.
2026-08-29T20:03:01.038+05:30  INFO 37252 --- [bmp-rewards-service] [container-0-C-1] o.a.kafka.clients.FetchSessionHandler    : [Consumer clientId=consumer-anonymous.b10b50d1-c4e9-4e48-aa21-94a341606310-2, groupId=anonymous.b10b50d1-c4e9-4e48-aa21-94a341606310] Error sending fetch request (sessionId=515012207, epoch=4089) to node 1:

org.apache.kafka.common.errors.DisconnectException: null

2026-08-29T20:03:01.503+05:30  WARN 37252 --- [bmp-rewards-service] [nio-8087-exec-7] o.s.b.a.health.HealthEndpointSupport     : Health contributor org.springframework.cloud.stream.binder.kafka.KafkaBinderHealthIndicator (binders/kafka) took 273188ms to respond
2026-08-29T20:03:01.707+05:30  INFO 37252 --- [bmp-rewards-service] [container-0-C-1] o.a.k.c.c.internals.ConsumerCoordinator  : [Consumer clientId=consumer-anonymous.b10b50d1-c4e9-4e48-aa21-94a341606310-2, groupId=anonymous.b10b50d1-c4e9-4e48-aa21-94a341606310] Discovered group coordinator localhost:9092 (id: 2147483646 rack: null)
2026-08-29T20:03:27.931+05:30  WARN 37252 --- [bmp-rewards-service] [l-1 housekeeper] com.zaxxer.hikari.pool.HikariPool        : HikariPool-1 - Thread starvation or clock leap detected (housekeeper delta=4m54s586ms156µs900ns).
2026-08-29T20:07:04.906+05:30  INFO 37252 --- [bmp-rewards-service] [rap-executor-%d] c.n.d.s.r.aws.ConfigClusterResolver      : Resolving eureka endpoints via configuration
2026-08-29T20:12:04.921+05:30  INFO 37252 --- [bmp-rewards-service] [rap-executor-%d] c.n.d.s.r.aws.ConfigClusterResolver      : Resolving eureka endpoints via configuration
2026-08-29T20:17:04.936+05:30  INFO 37252 --- [bmp-rewards-service] [rap-executor-%d] c.n.d.s.r.aws.ConfigClusterResolver      : Resolving eureka endpoints via configuration
2026-08-29T20:22:04.941+05:30  INFO 37252 --- [bmp-rewards-service] [rap-executor-%d] c.n.d.s.r.aws.ConfigClusterResolver      : Resolving eureka endpoints via configuration
2026-08-29T20:27:04.947+05:30  INFO 37252 --- [bmp-rewards-service] [rap-executor-%d] c.n.d.s.r.aws.ConfigClusterResolver      : Resolving eureka endpoints via configuration
2026-08-29T20:32:04.950+05:30  INFO 37252 --- [bmp-rewards-service] [rap-executor-%d] c.n.d.s.r.aws.ConfigClusterResolver      : Resolving eureka endpoints via configuration
2026-08-29T20:37:04.961+05:30  INFO 37252 --- [bmp-rewards-service] [rap-executor-%d] c.n.d.s.r.aws.ConfigClusterResolver      : Resolving eureka endpoints via configuration
2026-08-29T20:40:13.448+05:30  WARN 37252 --- [bmp-rewards-service] [   scheduling-1] com.zaxxer.hikari.pool.PoolBase          : HikariPool-1 - Failed to validate connection org.postgresql.jdbc.PgConnection@ac9f50e (This connection has been closed.). Possibly consider using a shorter maxLifetime value.
2026-08-29T20:40:18.453+05:30  WARN 37252 --- [bmp-rewards-service] [   scheduling-1] com.zaxxer.hikari.pool.PoolBase          : HikariPool-1 - Failed to validate connection org.postgresql.jdbc.PgConnection@3e416778 (This connection has been closed.). Possibly consider using a shorter maxLifetime value.
2026-08-29T20:49:18.718+05:30  INFO 37252 --- [bmp-rewards-service] [container-0-C-1] org.apache.kafka.clients.NetworkClient   : [Consumer clientId=consumer-anonymous.b10b50d1-c4e9-4e48-aa21-94a341606310-2, groupId=anonymous.b10b50d1-c4e9-4e48-aa21-94a341606310] Node 1 disconnected.
2026-08-29T20:49:18.859+05:30  INFO 37252 --- [bmp-rewards-service] [container-0-C-1] org.apache.kafka.clients.NetworkClient   : [Consumer clientId=consumer-anonymous.b10b50d1-c4e9-4e48-aa21-94a341606310-2, groupId=anonymous.b10b50d1-c4e9-4e48-aa21-94a341606310] Cancelled in-flight FETCH request with correlation id 61128 due to node 1 being disconnected (elapsed time since creation: 551190ms, elapsed time since send: 551190ms, throttle time: 0ms, request timeout: 30000ms)
2026-08-29T20:49:18.916+05:30  INFO 37252 --- [bmp-rewards-service] [container-0-C-1] org.apache.kafka.clients.NetworkClient   : [Consumer clientId=consumer-anonymous.b10b50d1-c4e9-4e48-aa21-94a341606310-2, groupId=anonymous.b10b50d1-c4e9-4e48-aa21-94a341606310] Disconnecting from node 2147483646 due to request timeout.
2026-08-29T20:49:18.916+05:30  INFO 37252 --- [bmp-rewards-service] [container-0-C-1] org.apache.kafka.clients.NetworkClient   : [Consumer clientId=consumer-anonymous.b10b50d1-c4e9-4e48-aa21-94a341606310-2, groupId=anonymous.b10b50d1-c4e9-4e48-aa21-94a341606310] Cancelled in-flight HEARTBEAT request with correlation id 61129 due to node 2147483646 being disconnected (elapsed time since creation: 549936ms, elapsed time since send: 549936ms, throttle time: 0ms, request timeout: 30000ms)
2026-08-29T20:49:18.916+05:30  INFO 37252 --- [bmp-rewards-service] [container-0-C-1] org.apache.kafka.clients.NetworkClient   : [Consumer clientId=consumer-anonymous.b10b50d1-c4e9-4e48-aa21-94a341606310-2, groupId=anonymous.b10b50d1-c4e9-4e48-aa21-94a341606310] Cancelled in-flight HEARTBEAT request with correlation id 61130 due to node 2147483646 being disconnected (elapsed time since creation: 546920ms, elapsed time since send: 546920ms, throttle time: 0ms, request timeout: 30000ms)
2026-08-29T20:49:18.916+05:30  INFO 37252 --- [bmp-rewards-service] [container-0-C-1] org.apache.kafka.clients.NetworkClient   : [Consumer clientId=consumer-anonymous.b10b50d1-c4e9-4e48-aa21-94a341606310-2, groupId=anonymous.b10b50d1-c4e9-4e48-aa21-94a341606310] Cancelled in-flight HEARTBEAT request with correlation id 61131 due to node 2147483646 being disconnected (elapsed time since creation: 543917ms, elapsed time since send: 543917ms, throttle time: 0ms, request timeout: 30000ms)
2026-08-29T20:49:18.917+05:30  INFO 37252 --- [bmp-rewards-service] [container-0-C-1] org.apache.kafka.clients.NetworkClient   : [Consumer clientId=consumer-anonymous.b10b50d1-c4e9-4e48-aa21-94a341606310-2, groupId=anonymous.b10b50d1-c4e9-4e48-aa21-94a341606310] Cancelled in-flight HEARTBEAT request with correlation id 61132 due to node 2147483646 being disconnected (elapsed time since creation: 540904ms, elapsed time since send: 540904ms, throttle time: 0ms, request timeout: 30000ms)
2026-08-29T20:49:18.919+05:30  INFO 37252 --- [bmp-rewards-service] [21-94a341606310] o.a.k.c.c.internals.ConsumerCoordinator  : [Consumer clientId=consumer-anonymous.b10b50d1-c4e9-4e48-aa21-94a341606310-2, groupId=anonymous.b10b50d1-c4e9-4e48-aa21-94a341606310] Group coordinator localhost:9092 (id: 2147483646 rack: null) is unavailable or invalid due to cause: null. isDisconnected: true. Rediscovery will be attempted.
2026-08-29T20:49:18.918+05:30  INFO 37252 --- [bmp-rewards-service] [container-0-C-1] o.a.kafka.clients.FetchSessionHandler    : [Consumer clientId=consumer-anonymous.b10b50d1-c4e9-4e48-aa21-94a341606310-2, groupId=anonymous.b10b50d1-c4e9-4e48-aa21-94a341606310] Error sending fetch request (sessionId=322898879, epoch=4401) to node 1:

org.apache.kafka.common.errors.DisconnectException: null

2026-08-29T20:49:19.907+05:30  INFO 37252 --- [bmp-rewards-service] [container-0-C-1] o.a.k.c.c.internals.ConsumerCoordinator  : [Consumer clientId=consumer-anonymous.b10b50d1-c4e9-4e48-aa21-94a341606310-2, groupId=anonymous.b10b50d1-c4e9-4e48-aa21-94a341606310] Discovered group coordinator localhost:9092 (id: 2147483646 rack: null)
2026-08-29T20:49:19.910+05:30  INFO 37252 --- [bmp-rewards-service] [container-0-C-1] o.a.k.c.c.internals.ConsumerCoordinator  : [Consumer clientId=consumer-anonymous.b10b50d1-c4e9-4e48-aa21-94a341606310-2, groupId=anonymous.b10b50d1-c4e9-4e48-aa21-94a341606310] Discovered group coordinator localhost:9092 (id: 2147483646 rack: null)
2026-08-29T20:49:25.896+05:30  WARN 37252 --- [bmp-rewards-service] [l-1 housekeeper] com.zaxxer.hikari.pool.HikariPool        : HikariPool-1 - Thread starvation or clock leap detected (housekeeper delta=9m27s562ms10µs800ns).
2026-08-29T20:49:33.681+05:30  INFO 37252 --- [bmp-rewards-service] [pool-2-thread-1] org.apache.kafka.clients.NetworkClient   : [Consumer clientId=consumer-anonymous.b10b50d1-c4e9-4e48-aa21-94a341606310-3, groupId=anonymous.b10b50d1-c4e9-4e48-aa21-94a341606310] Node 2147483646 disconnected.
2026-08-29T20:49:33.687+05:30  INFO 37252 --- [bmp-rewards-service] [pool-2-thread-1] o.a.k.c.c.internals.ConsumerCoordinator  : [Consumer clientId=consumer-anonymous.b10b50d1-c4e9-4e48-aa21-94a341606310-3, groupId=anonymous.b10b50d1-c4e9-4e48-aa21-94a341606310] Group coordinator localhost:9092 (id: 2147483646 rack: null) is unavailable or invalid due to cause: coordinator unavailable. isDisconnected: true. Rediscovery will be attempted.
2026-08-29T20:49:33.691+05:30  INFO 37252 --- [bmp-rewards-service] [pool-2-thread-1] o.a.k.c.c.internals.ConsumerCoordinator  : [Consumer clientId=consumer-anonymous.b10b50d1-c4e9-4e48-aa21-94a341606310-3, groupId=anonymous.b10b50d1-c4e9-4e48-aa21-94a341606310] Discovered group coordinator localhost:9092 (id: 2147483646 rack: null)
2026-08-29T20:49:33.692+05:30  INFO 37252 --- [bmp-rewards-service] [pool-2-thread-1] o.a.k.c.c.internals.ConsumerCoordinator  : [Consumer clientId=consumer-anonymous.b10b50d1-c4e9-4e48-aa21-94a341606310-3, groupId=anonymous.b10b50d1-c4e9-4e48-aa21-94a341606310] Group coordinator localhost:9092 (id: 2147483646 rack: null) is unavailable or invalid due to cause: coordinator unavailable. isDisconnected: false. Rediscovery will be attempted.
2026-08-29T20:49:33.692+05:30  INFO 37252 --- [bmp-rewards-service] [pool-2-thread-1] o.a.k.c.c.internals.ConsumerCoordinator  : [Consumer clientId=consumer-anonymous.b10b50d1-c4e9-4e48-aa21-94a341606310-3, groupId=anonymous.b10b50d1-c4e9-4e48-aa21-94a341606310] Requesting disconnect from last known coordinator localhost:9092 (id: 2147483646 rack: null)
2026-08-29T20:49:33.792+05:30  INFO 37252 --- [bmp-rewards-service] [pool-2-thread-1] o.a.k.c.c.internals.ConsumerCoordinator  : [Consumer clientId=consumer-anonymous.b10b50d1-c4e9-4e48-aa21-94a341606310-3, groupId=anonymous.b10b50d1-c4e9-4e48-aa21-94a341606310] Discovered group coordinator localhost:9092 (id: 2147483646 rack: null)
2026-08-29T20:49:36.957+05:30  INFO 37252 --- [bmp-rewards-service] [vice-producer-1] org.apache.kafka.clients.NetworkClient   : [Producer clientId=bmp-rewards-service-producer-1] Node 1 disconnected.
2026-08-29T20:51:02.390+05:30  INFO 37252 --- [bmp-rewards-service] [rap-executor-%d] c.n.d.s.r.aws.ConfigClusterResolver      : Resolving eureka endpoints via configuration
2026-08-29T20:56:02.402+05:30  INFO 37252 --- [bmp-rewards-service] [rap-executor-%d] c.n.d.s.r.aws.ConfigClusterResolver      : Resolving eureka endpoints via configuration
2026-08-29T21:00:52.737+05:30  WARN 37252 --- [bmp-rewards-service] [   scheduling-1] com.zaxxer.hikari.pool.PoolBase          : HikariPool-1 - Failed to validate connection org.postgresql.jdbc.PgConnection@74f8e6bb (This connection has been closed.). Possibly consider using a shorter maxLifetime value.
2026-08-29T21:23:26.573+05:30  INFO 37252 --- [bmp-rewards-service] [21-94a341606310] org.apache.kafka.clients.NetworkClient   : [Consumer clientId=consumer-anonymous.b10b50d1-c4e9-4e48-aa21-94a341606310-2, groupId=anonymous.b10b50d1-c4e9-4e48-aa21-94a341606310] Node 1 disconnected.
2026-08-29T21:23:26.574+05:30  INFO 37252 --- [bmp-rewards-service] [21-94a341606310] org.apache.kafka.clients.NetworkClient   : [Consumer clientId=consumer-anonymous.b10b50d1-c4e9-4e48-aa21-94a341606310-2, groupId=anonymous.b10b50d1-c4e9-4e48-aa21-94a341606310] Cancelled in-flight FETCH request with correlation id 62728 due to node 1 being disconnected (elapsed time since creation: 1359761ms, elapsed time since send: 1359761ms, throttle time: 0ms, request timeout: 30000ms)
2026-08-29T21:23:26.574+05:30  INFO 37252 --- [bmp-rewards-service] [21-94a341606310] org.apache.kafka.clients.NetworkClient   : [Consumer clientId=consumer-anonymous.b10b50d1-c4e9-4e48-aa21-94a341606310-2, groupId=anonymous.b10b50d1-c4e9-4e48-aa21-94a341606310] Cancelled in-flight METADATA request with correlation id 62733 due to node 1 being disconnected (elapsed time since creation: 1025ms, elapsed time since send: 1025ms, throttle time: 0ms, request timeout: 30000ms)
2026-08-29T21:23:26.574+05:30  INFO 37252 --- [bmp-rewards-service] [21-94a341606310] org.apache.kafka.clients.NetworkClient   : [Consumer clientId=consumer-anonymous.b10b50d1-c4e9-4e48-aa21-94a341606310-2, groupId=anonymous.b10b50d1-c4e9-4e48-aa21-94a341606310] Disconnecting from node 2147483646 due to request timeout.
2026-08-29T21:23:26.574+05:30  INFO 37252 --- [bmp-rewards-service] [21-94a341606310] org.apache.kafka.clients.NetworkClient   : [Consumer clientId=consumer-anonymous.b10b50d1-c4e9-4e48-aa21-94a341606310-2, groupId=anonymous.b10b50d1-c4e9-4e48-aa21-94a341606310] Cancelled in-flight HEARTBEAT request with correlation id 62729 due to node 2147483646 being disconnected (elapsed time since creation: 1357670ms, elapsed time since send: 1357670ms, throttle time: 0ms, request timeout: 30000ms)
2026-08-29T21:23:26.624+05:30  INFO 37252 --- [bmp-rewards-service] [21-94a341606310] org.apache.kafka.clients.NetworkClient   : [Consumer clientId=consumer-anonymous.b10b50d1-c4e9-4e48-aa21-94a341606310-2, groupId=anonymous.b10b50d1-c4e9-4e48-aa21-94a341606310] Cancelled in-flight HEARTBEAT request with correlation id 62730 due to node 2147483646 being disconnected (elapsed time since creation: 1354659ms, elapsed time since send: 1354659ms, throttle time: 0ms, request timeout: 30000ms)
2026-08-29T21:23:26.624+05:30  INFO 37252 --- [bmp-rewards-service] [21-94a341606310] org.apache.kafka.clients.NetworkClient   : [Consumer clientId=consumer-anonymous.b10b50d1-c4e9-4e48-aa21-94a341606310-2, groupId=anonymous.b10b50d1-c4e9-4e48-aa21-94a341606310] Cancelled in-flight HEARTBEAT request with correlation id 62731 due to node 2147483646 being disconnected (elapsed time since creation: 1351658ms, elapsed time since send: 1351658ms, throttle time: 0ms, request timeout: 30000ms)
2026-08-29T21:23:26.624+05:30  INFO 37252 --- [bmp-rewards-service] [21-94a341606310] org.apache.kafka.clients.NetworkClient   : [Consumer clientId=consumer-anonymous.b10b50d1-c4e9-4e48-aa21-94a341606310-2, groupId=anonymous.b10b50d1-c4e9-4e48-aa21-94a341606310] Cancelled in-flight HEARTBEAT request with correlation id 62732 due to node 2147483646 being disconnected (elapsed time since creation: 1348657ms, elapsed time since send: 1348657ms, throttle time: 0ms, request timeout: 30000ms)
2026-08-29T21:23:26.625+05:30  INFO 37252 --- [bmp-rewards-service] [21-94a341606310] o.a.kafka.clients.FetchSessionHandler    : [Consumer clientId=consumer-anonymous.b10b50d1-c4e9-4e48-aa21-94a341606310-2, groupId=anonymous.b10b50d1-c4e9-4e48-aa21-94a341606310] Error sending fetch request (sessionId=1742521891, epoch=1356) to node 1:

org.apache.kafka.common.errors.DisconnectException: null

2026-08-29T21:23:26.633+05:30  INFO 37252 --- [bmp-rewards-service] [21-94a341606310] o.a.k.c.c.internals.ConsumerCoordinator  : [Consumer clientId=consumer-anonymous.b10b50d1-c4e9-4e48-aa21-94a341606310-2, groupId=anonymous.b10b50d1-c4e9-4e48-aa21-94a341606310] Group coordinator localhost:9092 (id: 2147483646 rack: null) is unavailable or invalid due to cause: null. isDisconnected: true. Rediscovery will be attempted.
2026-08-29T21:23:30.511+05:30  INFO 37252 --- [bmp-rewards-service] [rap-executor-%d] c.n.d.s.r.aws.ConfigClusterResolver      : Resolving eureka endpoints via configuration
2026-08-29T21:23:30.539+05:30  INFO 37252 --- [bmp-rewards-service] [container-0-C-1] o.a.k.c.c.internals.ConsumerCoordinator  : [Consumer clientId=consumer-anonymous.b10b50d1-c4e9-4e48-aa21-94a341606310-2, groupId=anonymous.b10b50d1-c4e9-4e48-aa21-94a341606310] Discovered group coordinator localhost:9092 (id: 2147483646 rack: null)
2026-08-29T21:23:34.109+05:30  INFO 37252 --- [bmp-rewards-service] [vice-producer-1] org.apache.kafka.clients.NetworkClient   : [Producer clientId=bmp-rewards-service-producer-1] Node 1 disconnected.
2026-08-29T21:23:53.056+05:30  WARN 37252 --- [bmp-rewards-service] [l-1 housekeeper] com.zaxxer.hikari.pool.HikariPool        : HikariPool-1 - Thread starvation or clock leap detected (housekeeper delta=22m57s109ms229µs800ns).
2026-08-29T21:24:00.954+05:30  INFO 37252 --- [bmp-rewards-service] [pool-2-thread-1] org.apache.kafka.clients.NetworkClient   : [Consumer clientId=consumer-anonymous.b10b50d1-c4e9-4e48-aa21-94a341606310-3, groupId=anonymous.b10b50d1-c4e9-4e48-aa21-94a341606310] Node 2147483646 disconnected.
2026-08-29T21:24:00.956+05:30  INFO 37252 --- [bmp-rewards-service] [pool-2-thread-1] o.a.k.c.c.internals.ConsumerCoordinator  : [Consumer clientId=consumer-anonymous.b10b50d1-c4e9-4e48-aa21-94a341606310-3, groupId=anonymous.b10b50d1-c4e9-4e48-aa21-94a341606310] Group coordinator localhost:9092 (id: 2147483646 rack: null) is unavailable or invalid due to cause: coordinator unavailable. isDisconnected: true. Rediscovery will be attempted.
2026-08-29T21:24:00.958+05:30  INFO 37252 --- [bmp-rewards-service] [pool-2-thread-1] o.a.k.c.c.internals.ConsumerCoordinator  : [Consumer clientId=consumer-anonymous.b10b50d1-c4e9-4e48-aa21-94a341606310-3, groupId=anonymous.b10b50d1-c4e9-4e48-aa21-94a341606310] Discovered group coordinator localhost:9092 (id: 2147483646 rack: null)
2026-08-29T21:24:00.958+05:30  INFO 37252 --- [bmp-rewards-service] [pool-2-thread-1] o.a.k.c.c.internals.ConsumerCoordinator  : [Consumer clientId=consumer-anonymous.b10b50d1-c4e9-4e48-aa21-94a341606310-3, groupId=anonymous.b10b50d1-c4e9-4e48-aa21-94a341606310] Group coordinator localhost:9092 (id: 2147483646 rack: null) is unavailable or invalid due to cause: coordinator unavailable. isDisconnected: false. Rediscovery will be attempted.
2026-08-29T21:24:00.958+05:30  INFO 37252 --- [bmp-rewards-service] [pool-2-thread-1] o.a.k.c.c.internals.ConsumerCoordinator  : [Consumer clientId=consumer-anonymous.b10b50d1-c4e9-4e48-aa21-94a341606310-3, groupId=anonymous.b10b50d1-c4e9-4e48-aa21-94a341606310] Requesting disconnect from last known coordinator localhost:9092 (id: 2147483646 rack: null)
2026-08-29T21:24:01.048+05:30  INFO 37252 --- [bmp-rewards-service] [pool-2-thread-1] o.a.k.c.c.internals.ConsumerCoordinator  : [Consumer clientId=consumer-anonymous.b10b50d1-c4e9-4e48-aa21-94a341606310-3, groupId=anonymous.b10b50d1-c4e9-4e48-aa21-94a341606310] Discovered group coordinator localhost:9092 (id: 2147483646 rack: null)
2026-08-29T21:28:30.525+05:30  INFO 37252 --- [bmp-rewards-service] [rap-executor-%d] c.n.d.s.r.aws.ConfigClusterResolver      : Resolving eureka endpoints via configuration
2026-08-29T21:33:30.543+05:30  INFO 37252 --- [bmp-rewards-service] [rap-executor-%d] c.n.d.s.r.aws.ConfigClusterResolver      : Resolving eureka endpoints via configuration
2026-08-29T21:38:30.601+05:30  INFO 37252 --- [bmp-rewards-service] [rap-executor-%d] c.n.d.s.r.aws.ConfigClusterResolver      : Resolving eureka endpoints via configuration
2026-08-29T21:43:30.603+05:30  INFO 37252 --- [bmp-rewards-service] [rap-executor-%d] c.n.d.s.r.aws.ConfigClusterResolver      : Resolving eureka endpoints via configuration
2026-08-29T21:48:30.617+05:30  INFO 37252 --- [bmp-rewards-service] [rap-executor-%d] c.n.d.s.r.aws.ConfigClusterResolver      : Resolving eureka endpoints via configuration
2026-08-29T21:53:30.623+05:30  INFO 37252 --- [bmp-rewards-service] [rap-executor-%d] c.n.d.s.r.aws.ConfigClusterResolver      : Resolving eureka endpoints via configuration
2026-08-29T21:58:30.627+05:30  INFO 37252 --- [bmp-rewards-service] [rap-executor-%d] c.n.d.s.r.aws.ConfigClusterResolver      : Resolving eureka endpoints via configuration
2026-08-29T22:03:30.642+05:30  INFO 37252 --- [bmp-rewards-service] [rap-executor-%d] c.n.d.s.r.aws.ConfigClusterResolver      : Resolving eureka endpoints via configuration
2026-08-29T22:08:30.644+05:30  INFO 37252 --- [bmp-rewards-service] [rap-executor-%d] c.n.d.s.r.aws.ConfigClusterResolver      : Resolving eureka endpoints via configuration
2026-08-29T22:13:30.658+05:30  INFO 37252 --- [bmp-rewards-service] [rap-executor-%d] c.n.d.s.r.aws.ConfigClusterResolver      : Resolving eureka endpoints via configuration
2026-08-29T22:18:30.676+05:30  INFO 37252 --- [bmp-rewards-service] [rap-executor-%d] c.n.d.s.r.aws.ConfigClusterResolver      : Resolving eureka endpoints via configuration
2026-08-29T22:23:30.681+05:30  INFO 37252 --- [bmp-rewards-service] [rap-executor-%d] c.n.d.s.r.aws.ConfigClusterResolver      : Resolving eureka endpoints via configuration
2026-08-29T22:28:30.697+05:30  INFO 37252 --- [bmp-rewards-service] [rap-executor-%d] c.n.d.s.r.aws.ConfigClusterResolver      : Resolving eureka endpoints via configuration
2026-08-29T22:33:30.704+05:30  INFO 37252 --- [bmp-rewards-service] [rap-executor-%d] c.n.d.s.r.aws.ConfigClusterResolver      : Resolving eureka endpoints via configuration
2026-08-29T22:38:30.714+05:30  INFO 37252 --- [bmp-rewards-service] [rap-executor-%d] c.n.d.s.r.aws.ConfigClusterResolver      : Resolving eureka endpoints via configuration
2026-08-29T22:43:30.722+05:30  INFO 37252 --- [bmp-rewards-service] [rap-executor-%d] c.n.d.s.r.aws.ConfigClusterResolver      : Resolving eureka endpoints via configuration
2026-08-29T22:48:30.738+05:30  INFO 37252 --- [bmp-rewards-service] [rap-executor-%d] c.n.d.s.r.aws.ConfigClusterResolver      : Resolving eureka endpoints via configuration
2026-08-29T22:53:30.750+05:30  INFO 37252 --- [bmp-rewards-service] [rap-executor-%d] c.n.d.s.r.aws.ConfigClusterResolver      : Resolving eureka endpoints via configuration
2026-08-29T22:58:30.765+05:30  INFO 37252 --- [bmp-rewards-service] [rap-executor-%d] c.n.d.s.r.aws.ConfigClusterResolver      : Resolving eureka endpoints via configuration
2026-08-29T23:03:30.778+05:30  INFO 37252 --- [bmp-rewards-service] [rap-executor-%d] c.n.d.s.r.aws.ConfigClusterResolver      : Resolving eureka endpoints via configuration
2026-08-29T23:08:30.783+05:30  INFO 37252 --- [bmp-rewards-service] [rap-executor-%d] c.n.d.s.r.aws.ConfigClusterResolver      : Resolving eureka endpoints via configuration
2026-08-29T23:13:30.785+05:30  INFO 37252 --- [bmp-rewards-service] [rap-executor-%d] c.n.d.s.r.aws.ConfigClusterResolver      : Resolving eureka endpoints via configuration
2026-08-29T23:18:30.792+05:30  INFO 37252 --- [bmp-rewards-service] [rap-executor-%d] c.n.d.s.r.aws.ConfigClusterResolver      : Resolving eureka endpoints via configuration
2026-08-29T23:23:30.801+05:30  INFO 37252 --- [bmp-rewards-service] [rap-executor-%d] c.n.d.s.r.aws.ConfigClusterResolver      : Resolving eureka endpoints via configuration
2026-08-29T23:28:30.813+05:30  INFO 37252 --- [bmp-rewards-service] [rap-executor-%d] c.n.d.s.r.aws.ConfigClusterResolver      : Resolving eureka endpoints via configuration
2026-08-29T23:33:30.823+05:30  INFO 37252 --- [bmp-rewards-service] [rap-executor-%d] c.n.d.s.r.aws.ConfigClusterResolver      : Resolving eureka endpoints via configuration
2026-08-29T23:38:30.889+05:30  INFO 37252 --- [bmp-rewards-service] [rap-executor-%d] c.n.d.s.r.aws.ConfigClusterResolver      : Resolving eureka endpoints via configuration
2026-08-29T23:43:30.899+05:30  INFO 37252 --- [bmp-rewards-service] [rap-executor-%d] c.n.d.s.r.aws.ConfigClusterResolver      : Resolving eureka endpoints via configuration
2026-08-29T23:48:30.908+05:30  INFO 37252 --- [bmp-rewards-service] [rap-executor-%d] c.n.d.s.r.aws.ConfigClusterResolver      : Resolving eureka endpoints via configuration
2026-08-30T00:04:38.388+05:30  INFO 37252 --- [bmp-rewards-service] [container-0-C-1] org.apache.kafka.clients.NetworkClient   : [Consumer clientId=consumer-anonymous.b10b50d1-c4e9-4e48-aa21-94a341606310-2, groupId=anonymous.b10b50d1-c4e9-4e48-aa21-94a341606310] Node 1 disconnected.
2026-08-30T00:04:38.413+05:30  INFO 37252 --- [bmp-rewards-service] [container-0-C-1] org.apache.kafka.clients.NetworkClient   : [Consumer clientId=consumer-anonymous.b10b50d1-c4e9-4e48-aa21-94a341606310-2, groupId=anonymous.b10b50d1-c4e9-4e48-aa21-94a341606310] Cancelled in-flight FETCH request with correlation id 83199 due to node 1 being disconnected (elapsed time since creation: 827613ms, elapsed time since send: 827613ms, throttle time: 0ms, request timeout: 30000ms)
2026-08-30T00:04:38.432+05:30  INFO 37252 --- [bmp-rewards-service] [container-0-C-1] org.apache.kafka.clients.NetworkClient   : [Consumer clientId=consumer-anonymous.b10b50d1-c4e9-4e48-aa21-94a341606310-2, groupId=anonymous.b10b50d1-c4e9-4e48-aa21-94a341606310] Disconnecting from node 2147483646 due to request timeout.
2026-08-30T00:04:38.432+05:30  INFO 37252 --- [bmp-rewards-service] [container-0-C-1] org.apache.kafka.clients.NetworkClient   : [Consumer clientId=consumer-anonymous.b10b50d1-c4e9-4e48-aa21-94a341606310-2, groupId=anonymous.b10b50d1-c4e9-4e48-aa21-94a341606310] Cancelled in-flight HEARTBEAT request with correlation id 83200 due to node 2147483646 being disconnected (elapsed time since creation: 826582ms, elapsed time since send: 826582ms, throttle time: 0ms, request timeout: 30000ms)
2026-08-30T00:04:38.435+05:30  INFO 37252 --- [bmp-rewards-service] [21-94a341606310] o.a.k.c.c.internals.ConsumerCoordinator  : [Consumer clientId=consumer-anonymous.b10b50d1-c4e9-4e48-aa21-94a341606310-2, groupId=anonymous.b10b50d1-c4e9-4e48-aa21-94a341606310] Group coordinator localhost:9092 (id: 2147483646 rack: null) is unavailable or invalid due to cause: null. isDisconnected: true. Rediscovery will be attempted.
2026-08-30T00:04:38.461+05:30  WARN 37252 --- [bmp-rewards-service] [l-1 housekeeper] com.zaxxer.hikari.pool.HikariPool        : HikariPool-1 - Thread starvation or clock leap detected (housekeeper delta=14m13s719ms54µs700ns).
2026-08-30T00:04:38.435+05:30  INFO 37252 --- [bmp-rewards-service] [container-0-C-1] o.a.kafka.clients.FetchSessionHandler    : [Consumer clientId=consumer-anonymous.b10b50d1-c4e9-4e48-aa21-94a341606310-2, groupId=anonymous.b10b50d1-c4e9-4e48-aa21-94a341606310] Error sending fetch request (sessionId=1757917849, epoch=17462) to node 1:

org.apache.kafka.common.errors.DisconnectException: null

2026-08-30T00:04:40.087+05:30  INFO 37252 --- [bmp-rewards-service] [container-0-C-1] o.a.k.c.c.internals.ConsumerCoordinator  : [Consumer clientId=consumer-anonymous.b10b50d1-c4e9-4e48-aa21-94a341606310-2, groupId=anonymous.b10b50d1-c4e9-4e48-aa21-94a341606310] Discovered group coordinator localhost:9092 (id: 2147483646 rack: null)
2026-08-30T00:04:46.367+05:30  INFO 37252 --- [bmp-rewards-service] [pool-2-thread-1] org.apache.kafka.clients.NetworkClient   : [Consumer clientId=consumer-anonymous.b10b50d1-c4e9-4e48-aa21-94a341606310-3, groupId=anonymous.b10b50d1-c4e9-4e48-aa21-94a341606310] Node 2147483646 disconnected.
2026-08-30T00:04:47.173+05:30  INFO 37252 --- [bmp-rewards-service] [vice-producer-1] org.apache.kafka.clients.NetworkClient   : [Producer clientId=bmp-rewards-service-producer-1] Node 1 disconnected.
2026-08-30T00:07:13.406+05:30  INFO 37252 --- [bmp-rewards-service] [rap-executor-%d] c.n.d.s.r.aws.ConfigClusterResolver      : Resolving eureka endpoints via configuration
2026-08-30T00:12:13.421+05:30  INFO 37252 --- [bmp-rewards-service] [rap-executor-%d] c.n.d.s.r.aws.ConfigClusterResolver      : Resolving eureka endpoints via configuration
2026-08-30T00:17:13.425+05:30  INFO 37252 --- [bmp-rewards-service] [rap-executor-%d] c.n.d.s.r.aws.ConfigClusterResolver      : Resolving eureka endpoints via configuration
2026-08-30T00:22:33.686+05:30  WARN 37252 --- [bmp-rewards-service] [l-1 housekeeper] com.zaxxer.hikari.pool.HikariPool        : HikariPool-1 - Thread starvation or clock leap detected (housekeeper delta=54s996ms674µs800ns).
2026-08-30T00:22:38.283+05:30  INFO 37252 --- [bmp-rewards-service] [rap-executor-%d] c.n.d.s.r.aws.ConfigClusterResolver      : Resolving eureka endpoints via configuration
2026-08-30T00:27:38.294+05:30  INFO 37252 --- [bmp-rewards-service] [rap-executor-%d] c.n.d.s.r.aws.ConfigClusterResolver      : Resolving eureka endpoints via configuration
2026-08-30T00:32:38.304+05:30  INFO 37252 --- [bmp-rewards-service] [rap-executor-%d] c.n.d.s.r.aws.ConfigClusterResolver      : Resolving eureka endpoints via configuration
2026-08-30T00:37:38.308+05:30  INFO 37252 --- [bmp-rewards-service] [rap-executor-%d] c.n.d.s.r.aws.ConfigClusterResolver      : Resolving eureka endpoints via configuration
2026-08-30T00:40:35.838+05:30  INFO 37252 --- [bmp-rewards-service] [container-0-C-1] org.apache.kafka.clients.NetworkClient   : [Consumer clientId=consumer-anonymous.b10b50d1-c4e9-4e48-aa21-94a341606310-2, groupId=anonymous.b10b50d1-c4e9-4e48-aa21-94a341606310] Disconnecting from node 1 due to request timeout.
2026-08-30T00:40:35.920+05:30  INFO 37252 --- [bmp-rewards-service] [container-0-C-1] org.apache.kafka.clients.NetworkClient   : [Consumer clientId=consumer-anonymous.b10b50d1-c4e9-4e48-aa21-94a341606310-2, groupId=anonymous.b10b50d1-c4e9-4e48-aa21-94a341606310] Cancelled in-flight FETCH request with correlation id 87836 due to node 1 being disconnected (elapsed time since creation: 126397ms, elapsed time since send: 126397ms, throttle time: 0ms, request timeout: 30000ms)
2026-08-30T00:40:35.925+05:30  INFO 37252 --- [bmp-rewards-service] [21-94a341606310] o.a.k.c.c.internals.ConsumerCoordinator  : [Consumer clientId=consumer-anonymous.b10b50d1-c4e9-4e48-aa21-94a341606310-2, groupId=anonymous.b10b50d1-c4e9-4e48-aa21-94a341606310] Group coordinator localhost:9092 (id: 2147483646 rack: null) is unavailable or invalid due to cause: session timed out without receiving a heartbeat response. isDisconnected: false. Rediscovery will be attempted.
2026-08-30T00:40:35.926+05:30  INFO 37252 --- [bmp-rewards-service] [21-94a341606310] o.a.k.c.c.internals.ConsumerCoordinator  : [Consumer clientId=consumer-anonymous.b10b50d1-c4e9-4e48-aa21-94a341606310-2, groupId=anonymous.b10b50d1-c4e9-4e48-aa21-94a341606310] Requesting disconnect from last known coordinator localhost:9092 (id: 2147483646 rack: null)
2026-08-30T00:40:35.927+05:30  INFO 37252 --- [bmp-rewards-service] [21-94a341606310] org.apache.kafka.clients.NetworkClient   : [Consumer clientId=consumer-anonymous.b10b50d1-c4e9-4e48-aa21-94a341606310-2, groupId=anonymous.b10b50d1-c4e9-4e48-aa21-94a341606310] Client requested disconnect from node 2147483646
2026-08-30T00:40:35.925+05:30  INFO 37252 --- [bmp-rewards-service] [container-0-C-1] o.a.kafka.clients.FetchSessionHandler    : [Consumer clientId=consumer-anonymous.b10b50d1-c4e9-4e48-aa21-94a341606310-2, groupId=anonymous.b10b50d1-c4e9-4e48-aa21-94a341606310] Error sending fetch request (sessionId=1597629231, epoch=3951) to node 1:

org.apache.kafka.common.errors.DisconnectException: null

2026-08-30T00:40:36.702+05:30  INFO 37252 --- [bmp-rewards-service] [container-0-C-1] o.a.k.c.c.internals.ConsumerCoordinator  : [Consumer clientId=consumer-anonymous.b10b50d1-c4e9-4e48-aa21-94a341606310-2, groupId=anonymous.b10b50d1-c4e9-4e48-aa21-94a341606310] Discovered group coordinator localhost:9092 (id: 2147483646 rack: null)
2026-08-30T00:40:37.731+05:30  WARN 37252 --- [bmp-rewards-service] [l-1 housekeeper] com.zaxxer.hikari.pool.HikariPool        : HikariPool-1 - Thread starvation or clock leap detected (housekeeper delta=2m33s911ms863µs99ns).
2026-08-30T00:44:42.070+05:30  INFO 37252 --- [bmp-rewards-service] [rap-executor-%d] c.n.d.s.r.aws.ConfigClusterResolver      : Resolving eureka endpoints via configuration
2026-08-30T00:49:42.081+05:30  INFO 37252 --- [bmp-rewards-service] [rap-executor-%d] c.n.d.s.r.aws.ConfigClusterResolver      : Resolving eureka endpoints via configuration
2026-08-30T00:54:42.103+05:30  INFO 37252 --- [bmp-rewards-service] [rap-executor-%d] c.n.d.s.r.aws.ConfigClusterResolver      : Resolving eureka endpoints via configuration
2026-08-30T00:59:42.220+05:30  INFO 37252 --- [bmp-rewards-service] [rap-executor-%d] c.n.d.s.r.aws.ConfigClusterResolver      : Resolving eureka endpoints via configuration
2026-08-30T01:04:42.238+05:30  INFO 37252 --- [bmp-rewards-service] [rap-executor-%d] c.n.d.s.r.aws.ConfigClusterResolver      : Resolving eureka endpoints via configuration
2026-08-30T01:09:42.243+05:30  INFO 37252 --- [bmp-rewards-service] [rap-executor-%d] c.n.d.s.r.aws.ConfigClusterResolver      : Resolving eureka endpoints via configuration
2026-08-30T01:14:42.245+05:30  INFO 37252 --- [bmp-rewards-service] [rap-executor-%d] c.n.d.s.r.aws.ConfigClusterResolver      : Resolving eureka endpoints via configuration
2026-08-30T04:15:49.075+05:30  INFO 37252 --- [bmp-rewards-service] [container-0-C-1] org.apache.kafka.clients.NetworkClient   : [Consumer clientId=consumer-anonymous.b10b50d1-c4e9-4e48-aa21-94a341606310-2, groupId=anonymous.b10b50d1-c4e9-4e48-aa21-94a341606310] Node 2147483646 disconnected.
2026-08-30T04:15:49.256+05:30  INFO 37252 --- [bmp-rewards-service] [container-0-C-1] org.apache.kafka.clients.NetworkClient   : [Consumer clientId=consumer-anonymous.b10b50d1-c4e9-4e48-aa21-94a341606310-2, groupId=anonymous.b10b50d1-c4e9-4e48-aa21-94a341606310] Disconnecting from node 1 due to request timeout.
2026-08-30T04:15:49.348+05:30  INFO 37252 --- [bmp-rewards-service] [container-0-C-1] org.apache.kafka.clients.NetworkClient   : [Consumer clientId=consumer-anonymous.b10b50d1-c4e9-4e48-aa21-94a341606310-2, groupId=anonymous.b10b50d1-c4e9-4e48-aa21-94a341606310] Cancelled in-flight FETCH request with correlation id 92688 due to node 1 being disconnected (elapsed time since creation: 10802269ms, elapsed time since send: 10802269ms, throttle time: 0ms, request timeout: 30000ms)
2026-08-30T04:15:49.352+05:30  INFO 37252 --- [bmp-rewards-service] [21-94a341606310] o.a.k.c.c.internals.ConsumerCoordinator  : [Consumer clientId=consumer-anonymous.b10b50d1-c4e9-4e48-aa21-94a341606310-2, groupId=anonymous.b10b50d1-c4e9-4e48-aa21-94a341606310] Group coordinator localhost:9092 (id: 2147483646 rack: null) is unavailable or invalid due to cause: session timed out without receiving a heartbeat response. isDisconnected: false. Rediscovery will be attempted.
2026-08-30T04:15:49.353+05:30  INFO 37252 --- [bmp-rewards-service] [21-94a341606310] o.a.k.c.c.internals.ConsumerCoordinator  : [Consumer clientId=consumer-anonymous.b10b50d1-c4e9-4e48-aa21-94a341606310-2, groupId=anonymous.b10b50d1-c4e9-4e48-aa21-94a341606310] Requesting disconnect from last known coordinator localhost:9092 (id: 2147483646 rack: null)
2026-08-30T04:15:49.357+05:30  INFO 37252 --- [bmp-rewards-service] [container-0-C-1] o.a.kafka.clients.FetchSessionHandler    : [Consumer clientId=consumer-anonymous.b10b50d1-c4e9-4e48-aa21-94a341606310-2, groupId=anonymous.b10b50d1-c4e9-4e48-aa21-94a341606310] Error sending fetch request (sessionId=1698955066, epoch=4130) to node 1:

org.apache.kafka.common.errors.DisconnectException: null

2026-08-30T04:15:50.623+05:30  INFO 37252 --- [bmp-rewards-service] [vice-producer-1] org.apache.kafka.clients.NetworkClient   : [Producer clientId=bmp-rewards-service-producer-1] Node 1 disconnected.
2026-08-30T04:15:51.382+05:30  INFO 37252 --- [bmp-rewards-service] [container-0-C-1] o.a.k.c.c.internals.ConsumerCoordinator  : [Consumer clientId=consumer-anonymous.b10b50d1-c4e9-4e48-aa21-94a341606310-2, groupId=anonymous.b10b50d1-c4e9-4e48-aa21-94a341606310] Discovered group coordinator localhost:9092 (id: 2147483646 rack: null)
2026-08-30T04:15:51.424+05:30  INFO 37252 --- [bmp-rewards-service] [container-0-C-1] o.a.k.c.c.internals.ConsumerCoordinator  : [Consumer clientId=consumer-anonymous.b10b50d1-c4e9-4e48-aa21-94a341606310-2, groupId=anonymous.b10b50d1-c4e9-4e48-aa21-94a341606310] Discovered group coordinator localhost:9092 (id: 2147483646 rack: null)
2026-08-30T11:51:22.030+05:30  INFO 37252 --- [bmp-rewards-service] [container-0-C-1] org.apache.kafka.clients.NetworkClient   : [Consumer clientId=consumer-anonymous.b10b50d1-c4e9-4e48-aa21-94a341606310-2, groupId=anonymous.b10b50d1-c4e9-4e48-aa21-94a341606310] Node 2147483646 disconnected.
2026-08-30T11:51:22.799+05:30  INFO 37252 --- [bmp-rewards-service] [container-0-C-1] org.apache.kafka.clients.NetworkClient   : [Consumer clientId=consumer-anonymous.b10b50d1-c4e9-4e48-aa21-94a341606310-2, groupId=anonymous.b10b50d1-c4e9-4e48-aa21-94a341606310] Disconnecting from node 1 due to request timeout.
2026-08-30T11:51:22.799+05:30  INFO 37252 --- [bmp-rewards-service] [container-0-C-1] org.apache.kafka.clients.NetworkClient   : [Consumer clientId=consumer-anonymous.b10b50d1-c4e9-4e48-aa21-94a341606310-2, groupId=anonymous.b10b50d1-c4e9-4e48-aa21-94a341606310] Cancelled in-flight FETCH request with correlation id 92714 due to node 1 being disconnected (elapsed time since creation: 27321374ms, elapsed time since send: 27321374ms, throttle time: 0ms, request timeout: 30000ms)
2026-08-30T11:51:22.799+05:30  INFO 37252 --- [bmp-rewards-service] [container-0-C-1] o.a.kafka.clients.FetchSessionHandler    : [Consumer clientId=consumer-anonymous.b10b50d1-c4e9-4e48-aa21-94a341606310-2, groupId=anonymous.b10b50d1-c4e9-4e48-aa21-94a341606310] Error sending fetch request (sessionId=516036174, epoch=15) to node 1:

org.apache.kafka.common.errors.DisconnectException: null

2026-08-30T11:51:22.805+05:30  INFO 37252 --- [bmp-rewards-service] [21-94a341606310] o.a.k.c.c.internals.ConsumerCoordinator  : [Consumer clientId=consumer-anonymous.b10b50d1-c4e9-4e48-aa21-94a341606310-2, groupId=anonymous.b10b50d1-c4e9-4e48-aa21-94a341606310] Group coordinator localhost:9092 (id: 2147483646 rack: null) is unavailable or invalid due to cause: session timed out without receiving a heartbeat response. isDisconnected: false. Rediscovery will be attempted.
2026-08-30T11:51:22.805+05:30  INFO 37252 --- [bmp-rewards-service] [21-94a341606310] o.a.k.c.c.internals.ConsumerCoordinator  : [Consumer clientId=consumer-anonymous.b10b50d1-c4e9-4e48-aa21-94a341606310-2, groupId=anonymous.b10b50d1-c4e9-4e48-aa21-94a341606310] Requesting disconnect from last known coordinator localhost:9092 (id: 2147483646 rack: null)
2026-08-30T11:51:26.141+05:30  WARN 37252 --- [bmp-rewards-service] [l-1 housekeeper] com.zaxxer.hikari.pool.HikariPool        : HikariPool-1 - Thread starvation or clock leap detected (housekeeper delta=10h35m50s333ms230µs600ns).
2026-08-30T11:51:26.970+05:30  INFO 37252 --- [bmp-rewards-service] [container-0-C-1] o.a.k.c.c.internals.ConsumerCoordinator  : [Consumer clientId=consumer-anonymous.b10b50d1-c4e9-4e48-aa21-94a341606310-2, groupId=anonymous.b10b50d1-c4e9-4e48-aa21-94a341606310] Discovered group coordinator localhost:9092 (id: 2147483646 rack: null)
2026-08-30T11:51:34.174+05:30  INFO 37252 --- [bmp-rewards-service] [pool-2-thread-1] org.apache.kafka.clients.NetworkClient   : [Consumer clientId=consumer-anonymous.b10b50d1-c4e9-4e48-aa21-94a341606310-3, groupId=anonymous.b10b50d1-c4e9-4e48-aa21-94a341606310] Node 2147483646 disconnected.
2026-08-30T11:51:34.210+05:30  INFO 37252 --- [bmp-rewards-service] [pool-2-thread-1] o.a.k.c.c.internals.ConsumerCoordinator  : [Consumer clientId=consumer-anonymous.b10b50d1-c4e9-4e48-aa21-94a341606310-3, groupId=anonymous.b10b50d1-c4e9-4e48-aa21-94a341606310] Group coordinator localhost:9092 (id: 2147483646 rack: null) is unavailable or invalid due to cause: coordinator unavailable. isDisconnected: true. Rediscovery will be attempted.
2026-08-30T11:51:34.225+05:30  INFO 37252 --- [bmp-rewards-service] [pool-2-thread-1] o.a.k.c.c.internals.ConsumerCoordinator  : [Consumer clientId=consumer-anonymous.b10b50d1-c4e9-4e48-aa21-94a341606310-3, groupId=anonymous.b10b50d1-c4e9-4e48-aa21-94a341606310] Discovered group coordinator localhost:9092 (id: 2147483646 rack: null)
2026-08-30T11:51:40.738+05:30  INFO 37252 --- [bmp-rewards-service] [vice-producer-1] org.apache.kafka.clients.NetworkClient   : [Producer clientId=bmp-rewards-service-producer-1] Node 1 disconnected.
2026-08-30T11:56:06.593+05:30  INFO 37252 --- [bmp-rewards-service] [21-94a341606310] org.apache.kafka.clients.NetworkClient   : [Consumer clientId=consumer-anonymous.b10b50d1-c4e9-4e48-aa21-94a341606310-2, groupId=anonymous.b10b50d1-c4e9-4e48-aa21-94a341606310] Disconnecting from node 1 due to request timeout.
2026-08-30T11:56:07.710+05:30  INFO 37252 --- [bmp-rewards-service] [21-94a341606310] org.apache.kafka.clients.NetworkClient   : [Consumer clientId=consumer-anonymous.b10b50d1-c4e9-4e48-aa21-94a341606310-2, groupId=anonymous.b10b50d1-c4e9-4e48-aa21-94a341606310] Cancelled in-flight FETCH request with correlation id 92782 due to node 1 being disconnected (elapsed time since creation: 250986ms, elapsed time since send: 250986ms, throttle time: 0ms, request timeout: 30000ms)
2026-08-30T11:56:07.725+05:30  INFO 37252 --- [bmp-rewards-service] [21-94a341606310] o.a.kafka.clients.FetchSessionHandler    : [Consumer clientId=consumer-anonymous.b10b50d1-c4e9-4e48-aa21-94a341606310-2, groupId=anonymous.b10b50d1-c4e9-4e48-aa21-94a341606310] Error sending fetch request (sessionId=714306783, epoch=52) to node 1:

org.apache.kafka.common.errors.DisconnectException: null

2026-08-30T11:56:07.797+05:30  INFO 37252 --- [bmp-rewards-service] [21-94a341606310] o.a.k.c.c.internals.ConsumerCoordinator  : [Consumer clientId=consumer-anonymous.b10b50d1-c4e9-4e48-aa21-94a341606310-2, groupId=anonymous.b10b50d1-c4e9-4e48-aa21-94a341606310] Group coordinator localhost:9092 (id: 2147483646 rack: null) is unavailable or invalid due to cause: session timed out without receiving a heartbeat response. isDisconnected: false. Rediscovery will be attempted.
2026-08-30T11:56:07.797+05:30  INFO 37252 --- [bmp-rewards-service] [21-94a341606310] o.a.k.c.c.internals.ConsumerCoordinator  : [Consumer clientId=consumer-anonymous.b10b50d1-c4e9-4e48-aa21-94a341606310-2, groupId=anonymous.b10b50d1-c4e9-4e48-aa21-94a341606310] Requesting disconnect from last known coordinator localhost:9092 (id: 2147483646 rack: null)
2026-08-30T11:56:07.797+05:30  INFO 37252 --- [bmp-rewards-service] [21-94a341606310] org.apache.kafka.clients.NetworkClient   : [Consumer clientId=consumer-anonymous.b10b50d1-c4e9-4e48-aa21-94a341606310-2, groupId=anonymous.b10b50d1-c4e9-4e48-aa21-94a341606310] Client requested disconnect from node 2147483646
2026-08-30T11:56:08.947+05:30  INFO 37252 --- [bmp-rewards-service] [container-0-C-1] o.a.k.c.c.internals.ConsumerCoordinator  : [Consumer clientId=consumer-anonymous.b10b50d1-c4e9-4e48-aa21-94a341606310-2, groupId=anonymous.b10b50d1-c4e9-4e48-aa21-94a341606310] Discovered group coordinator localhost:9092 (id: 2147483646 rack: null)
2026-08-30T11:56:35.202+05:30  WARN 37252 --- [bmp-rewards-service] [l-1 housekeeper] com.zaxxer.hikari.pool.HikariPool        : HikariPool-1 - Thread starvation or clock leap detected (housekeeper delta=4m40s984ms77µs500ns).
2026-08-30T11:59:08.294+05:30  INFO 37252 --- [bmp-rewards-service] [rap-executor-%d] c.n.d.s.r.aws.ConfigClusterResolver      : Resolving eureka endpoints via configuration
2026-08-30T12:04:08.319+05:30  INFO 37252 --- [bmp-rewards-service] [rap-executor-%d] c.n.d.s.r.aws.ConfigClusterResolver      : Resolving eureka endpoints via configuration
2026-08-30T12:09:08.343+05:30  INFO 37252 --- [bmp-rewards-service] [rap-executor-%d] c.n.d.s.r.aws.ConfigClusterResolver      : Resolving eureka endpoints via configuration
2026-08-30T12:14:08.357+05:30  INFO 37252 --- [bmp-rewards-service] [rap-executor-%d] c.n.d.s.r.aws.ConfigClusterResolver      : Resolving eureka endpoints via configuration
2026-08-30T12:19:08.358+05:30  INFO 37252 --- [bmp-rewards-service] [rap-executor-%d] c.n.d.s.r.aws.ConfigClusterResolver      : Resolving eureka endpoints via configuration
2026-08-30T12:24:08.373+05:30  INFO 37252 --- [bmp-rewards-service] [rap-executor-%d] c.n.d.s.r.aws.ConfigClusterResolver      : Resolving eureka endpoints via configuration
2026-08-30T12:29:08.388+05:30  INFO 37252 --- [bmp-rewards-service] [rap-executor-%d] c.n.d.s.r.aws.ConfigClusterResolver      : Resolving eureka endpoints via configuration
2026-08-30T12:34:08.396+05:30  INFO 37252 --- [bmp-rewards-service] [rap-executor-%d] c.n.d.s.r.aws.ConfigClusterResolver      : Resolving eureka endpoints via configuration
2026-08-30T12:39:08.411+05:30  INFO 37252 --- [bmp-rewards-service] [rap-executor-%d] c.n.d.s.r.aws.ConfigClusterResolver      : Resolving eureka endpoints via configuration
2026-08-30T12:44:08.427+05:30  INFO 37252 --- [bmp-rewards-service] [rap-executor-%d] c.n.d.s.r.aws.ConfigClusterResolver      : Resolving eureka endpoints via configuration
2026-08-30T12:49:08.433+05:30  INFO 37252 --- [bmp-rewards-service] [rap-executor-%d] c.n.d.s.r.aws.ConfigClusterResolver      : Resolving eureka endpoints via configuration
2026-08-30T12:54:08.446+05:30  INFO 37252 --- [bmp-rewards-service] [rap-executor-%d] c.n.d.s.r.aws.ConfigClusterResolver      : Resolving eureka endpoints via configuration
2026-08-30T12:59:08.516+05:30  INFO 37252 --- [bmp-rewards-service] [rap-executor-%d] c.n.d.s.r.aws.ConfigClusterResolver      : Resolving eureka endpoints via configuration
2026-08-30T13:04:08.633+05:30  INFO 37252 --- [bmp-rewards-service] [rap-executor-%d] c.n.d.s.r.aws.ConfigClusterResolver      : Resolving eureka endpoints via configuration
2026-08-30T13:09:08.650+05:30  INFO 37252 --- [bmp-rewards-service] [rap-executor-%d] c.n.d.s.r.aws.ConfigClusterResolver      : Resolving eureka endpoints via configuration
2026-08-30T13:14:08.669+05:30  INFO 37252 --- [bmp-rewards-service] [rap-executor-%d] c.n.d.s.r.aws.ConfigClusterResolver      : Resolving eureka endpoints via configuration
2026-08-30T13:19:08.687+05:30  INFO 37252 --- [bmp-rewards-service] [rap-executor-%d] c.n.d.s.r.aws.ConfigClusterResolver      : Resolving eureka endpoints via configuration
2026-08-30T13:24:08.691+05:30  INFO 37252 --- [bmp-rewards-service] [rap-executor-%d] c.n.d.s.r.aws.ConfigClusterResolver      : Resolving eureka endpoints via configuration
2026-08-30T13:29:08.720+05:30  INFO 37252 --- [bmp-rewards-service] [rap-executor-%d] c.n.d.s.r.aws.ConfigClusterResolver      : Resolving eureka endpoints via configuration
2026-08-30T13:34:08.740+05:30  INFO 37252 --- [bmp-rewards-service] [rap-executor-%d] c.n.d.s.r.aws.ConfigClusterResolver      : Resolving eureka endpoints via configuration
2026-08-30T13:39:08.746+05:30  INFO 37252 --- [bmp-rewards-service] [rap-executor-%d] c.n.d.s.r.aws.ConfigClusterResolver      : Resolving eureka endpoints via configuration
2026-08-30T13:44:08.761+05:30  INFO 37252 --- [bmp-rewards-service] [rap-executor-%d] c.n.d.s.r.aws.ConfigClusterResolver      : Resolving eureka endpoints via configuration
2026-08-30T13:49:08.804+05:30  INFO 37252 --- [bmp-rewards-service] [rap-executor-%d] c.n.d.s.r.aws.ConfigClusterResolver      : Resolving eureka endpoints via configuration
2026-08-30T13:54:08.831+05:30  INFO 37252 --- [bmp-rewards-service] [rap-executor-%d] c.n.d.s.r.aws.ConfigClusterResolver      : Resolving eureka endpoints via configuration
2026-08-30T13:59:08.858+05:30  INFO 37252 --- [bmp-rewards-service] [rap-executor-%d] c.n.d.s.r.aws.ConfigClusterResolver      : Resolving eureka endpoints via configuration
2026-08-30T14:04:08.863+05:30  INFO 37252 --- [bmp-rewards-service] [rap-executor-%d] c.n.d.s.r.aws.ConfigClusterResolver      : Resolving eureka endpoints via configuration
2026-08-30T14:09:08.867+05:30  INFO 37252 --- [bmp-rewards-service] [rap-executor-%d] c.n.d.s.r.aws.ConfigClusterResolver      : Resolving eureka endpoints via configuration
2026-08-30T14:14:08.880+05:30  INFO 37252 --- [bmp-rewards-service] [rap-executor-%d] c.n.d.s.r.aws.ConfigClusterResolver      : Resolving eureka endpoints via configuration
2026-08-30T14:19:08.888+05:30  INFO 37252 --- [bmp-rewards-service] [rap-executor-%d] c.n.d.s.r.aws.ConfigClusterResolver      : Resolving eureka endpoints via configuration
2026-08-30T14:24:08.892+05:30  INFO 37252 --- [bmp-rewards-service] [rap-executor-%d] c.n.d.s.r.aws.ConfigClusterResolver      : Resolving eureka endpoints via configuration
2026-08-30T14:29:08.906+05:30  INFO 37252 --- [bmp-rewards-service] [rap-executor-%d] c.n.d.s.r.aws.ConfigClusterResolver      : Resolving eureka endpoints via configuration
2026-08-30T14:34:08.913+05:30  INFO 37252 --- [bmp-rewards-service] [rap-executor-%d] c.n.d.s.r.aws.ConfigClusterResolver      : Resolving eureka endpoints via configuration
2026-08-30T14:39:08.924+05:30  INFO 37252 --- [bmp-rewards-service] [rap-executor-%d] c.n.d.s.r.aws.ConfigClusterResolver      : Resolving eureka endpoints via configuration
2026-08-30T17:42:15.589+05:30  INFO 37252 --- [bmp-rewards-service] [21-94a341606310] org.apache.kafka.clients.NetworkClient   : [Consumer clientId=consumer-anonymous.b10b50d1-c4e9-4e48-aa21-94a341606310-2, groupId=anonymous.b10b50d1-c4e9-4e48-aa21-94a341606310] Node 2147483646 disconnected.
2026-08-30T17:42:15.596+05:30  INFO 37252 --- [bmp-rewards-service] [21-94a341606310] org.apache.kafka.clients.NetworkClient   : [Consumer clientId=consumer-anonymous.b10b50d1-c4e9-4e48-aa21-94a341606310-2, groupId=anonymous.b10b50d1-c4e9-4e48-aa21-94a341606310] Cancelled in-flight HEARTBEAT request with correlation id 115812 due to node 2147483646 being disconnected (elapsed time since creation: 10801318ms, elapsed time since send: 10801318ms, throttle time: 0ms, request timeout: 30000ms)
2026-08-30T17:42:15.600+05:30  INFO 37252 --- [bmp-rewards-service] [21-94a341606310] org.apache.kafka.clients.NetworkClient   : [Consumer clientId=consumer-anonymous.b10b50d1-c4e9-4e48-aa21-94a341606310-2, groupId=anonymous.b10b50d1-c4e9-4e48-aa21-94a341606310] Disconnecting from node 1 due to request timeout.
2026-08-30T17:42:15.600+05:30  INFO 37252 --- [bmp-rewards-service] [21-94a341606310] org.apache.kafka.clients.NetworkClient   : [Consumer clientId=consumer-anonymous.b10b50d1-c4e9-4e48-aa21-94a341606310-2, groupId=anonymous.b10b50d1-c4e9-4e48-aa21-94a341606310] Cancelled in-flight FETCH request with correlation id 115811 due to node 1 being disconnected (elapsed time since creation: 10803056ms, elapsed time since send: 10803056ms, throttle time: 0ms, request timeout: 30000ms)
2026-08-30T17:42:15.603+05:30  INFO 37252 --- [bmp-rewards-service] [21-94a341606310] o.a.k.c.c.internals.ConsumerCoordinator  : [Consumer clientId=consumer-anonymous.b10b50d1-c4e9-4e48-aa21-94a341606310-2, groupId=anonymous.b10b50d1-c4e9-4e48-aa21-94a341606310] Group coordinator localhost:9092 (id: 2147483646 rack: null) is unavailable or invalid due to cause: null. isDisconnected: true. Rediscovery will be attempted.
2026-08-30T17:42:15.605+05:30  INFO 37252 --- [bmp-rewards-service] [21-94a341606310] o.a.kafka.clients.FetchSessionHandler    : [Consumer clientId=consumer-anonymous.b10b50d1-c4e9-4e48-aa21-94a341606310-2, groupId=anonymous.b10b50d1-c4e9-4e48-aa21-94a341606310] Error sending fetch request (sessionId=219410175, epoch=19645) to node 1:

org.apache.kafka.common.errors.DisconnectException: null

2026-08-30T17:42:17.868+05:30  INFO 37252 --- [bmp-rewards-service] [container-0-C-1] o.a.k.c.c.internals.ConsumerCoordinator  : [Consumer clientId=consumer-anonymous.b10b50d1-c4e9-4e48-aa21-94a341606310-2, groupId=anonymous.b10b50d1-c4e9-4e48-aa21-94a341606310] Discovered group coordinator localhost:9092 (id: 2147483646 rack: null)
2026-08-31T00:05:55.971+05:30  INFO 37252 --- [bmp-rewards-service] [container-0-C-1] org.apache.kafka.clients.NetworkClient   : [Consumer clientId=consumer-anonymous.b10b50d1-c4e9-4e48-aa21-94a341606310-2, groupId=anonymous.b10b50d1-c4e9-4e48-aa21-94a341606310] Node 2147483646 disconnected.
2026-08-31T00:05:55.971+05:30  INFO 37252 --- [bmp-rewards-service] [container-0-C-1] org.apache.kafka.clients.NetworkClient   : [Consumer clientId=consumer-anonymous.b10b50d1-c4e9-4e48-aa21-94a341606310-2, groupId=anonymous.b10b50d1-c4e9-4e48-aa21-94a341606310] Disconnecting from node 1 due to request timeout.
2026-08-31T00:05:56.771+05:30  INFO 37252 --- [bmp-rewards-service] [container-0-C-1] org.apache.kafka.clients.NetworkClient   : [Consumer clientId=consumer-anonymous.b10b50d1-c4e9-4e48-aa21-94a341606310-2, groupId=anonymous.b10b50d1-c4e9-4e48-aa21-94a341606310] Cancelled in-flight FETCH request with correlation id 115836 due to node 1 being disconnected (elapsed time since creation: 23010927ms, elapsed time since send: 23010925ms, throttle time: 0ms, request timeout: 30000ms)
2026-08-31T00:05:56.874+05:30  INFO 37252 --- [bmp-rewards-service] [21-94a341606310] o.a.k.c.c.internals.ConsumerCoordinator  : [Consumer clientId=consumer-anonymous.b10b50d1-c4e9-4e48-aa21-94a341606310-2, groupId=anonymous.b10b50d1-c4e9-4e48-aa21-94a341606310] Group coordinator localhost:9092 (id: 2147483646 rack: null) is unavailable or invalid due to cause: session timed out without receiving a heartbeat response. isDisconnected: false. Rediscovery will be attempted.
2026-08-31T00:05:56.884+05:30  INFO 37252 --- [bmp-rewards-service] [21-94a341606310] o.a.k.c.c.internals.ConsumerCoordinator  : [Consumer clientId=consumer-anonymous.b10b50d1-c4e9-4e48-aa21-94a341606310-2, groupId=anonymous.b10b50d1-c4e9-4e48-aa21-94a341606310] Requesting disconnect from last known coordinator localhost:9092 (id: 2147483646 rack: null)
2026-08-31T00:05:56.773+05:30  INFO 37252 --- [bmp-rewards-service] [container-0-C-1] o.a.kafka.clients.FetchSessionHandler    : [Consumer clientId=consumer-anonymous.b10b50d1-c4e9-4e48-aa21-94a341606310-2, groupId=anonymous.b10b50d1-c4e9-4e48-aa21-94a341606310] Error sending fetch request (sessionId=1631003903, epoch=14) to node 1:

org.apache.kafka.common.errors.DisconnectException: null

2026-08-31T00:06:01.396+05:30  INFO 37252 --- [bmp-rewards-service] [container-0-C-1] o.a.k.c.c.internals.ConsumerCoordinator  : [Consumer clientId=consumer-anonymous.b10b50d1-c4e9-4e48-aa21-94a341606310-2, groupId=anonymous.b10b50d1-c4e9-4e48-aa21-94a341606310] Discovered group coordinator localhost:9092 (id: 2147483646 rack: null)
2026-08-31T00:06:08.199+05:30  WARN 37252 --- [bmp-rewards-service] [l-1 housekeeper] com.zaxxer.hikari.pool.HikariPool        : HikariPool-1 - Thread starvation or clock leap detected (housekeeper delta=9h24m2s826ms783µs800ns).
2026-08-31T00:06:10.216+05:30  INFO 37252 --- [bmp-rewards-service] [vice-producer-1] org.apache.kafka.clients.NetworkClient   : [Producer clientId=bmp-rewards-service-producer-1] Node 1 disconnected.
2026-08-31T00:06:15.260+05:30  INFO 37252 --- [bmp-rewards-service] [pool-2-thread-1] org.apache.kafka.clients.NetworkClient   : [Consumer clientId=consumer-anonymous.b10b50d1-c4e9-4e48-aa21-94a341606310-3, groupId=anonymous.b10b50d1-c4e9-4e48-aa21-94a341606310] Node 2147483646 disconnected.
2026-08-31T00:06:15.294+05:30  INFO 37252 --- [bmp-rewards-service] [pool-2-thread-1] o.a.k.c.c.internals.ConsumerCoordinator  : [Consumer clientId=consumer-anonymous.b10b50d1-c4e9-4e48-aa21-94a341606310-3, groupId=anonymous.b10b50d1-c4e9-4e48-aa21-94a341606310] Group coordinator localhost:9092 (id: 2147483646 rack: null) is unavailable or invalid due to cause: coordinator unavailable. isDisconnected: true. Rediscovery will be attempted.
2026-08-31T00:06:15.303+05:30  INFO 37252 --- [bmp-rewards-service] [pool-2-thread-1] o.a.k.c.c.internals.ConsumerCoordinator  : [Consumer clientId=consumer-anonymous.b10b50d1-c4e9-4e48-aa21-94a341606310-3, groupId=anonymous.b10b50d1-c4e9-4e48-aa21-94a341606310] Discovered group coordinator localhost:9092 (id: 2147483646 rack: null)
2026-08-31T00:07:37.593+05:30  INFO 37252 --- [bmp-rewards-service] [rap-executor-%d] c.n.d.s.r.aws.ConfigClusterResolver      : Resolving eureka endpoints via configuration
2026-08-31T00:12:37.607+05:30  INFO 37252 --- [bmp-rewards-service] [rap-executor-%d] c.n.d.s.r.aws.ConfigClusterResolver      : Resolving eureka endpoints via configuration
2026-08-31T00:17:37.619+05:30  INFO 37252 --- [bmp-rewards-service] [rap-executor-%d] c.n.d.s.r.aws.ConfigClusterResolver      : Resolving eureka endpoints via configuration
2026-08-31T00:22:37.628+05:30  INFO 37252 --- [bmp-rewards-service] [rap-executor-%d] c.n.d.s.r.aws.ConfigClusterResolver      : Resolving eureka endpoints via configuration
2026-08-31T00:27:37.642+05:30  INFO 37252 --- [bmp-rewards-service] [rap-executor-%d] c.n.d.s.r.aws.ConfigClusterResolver      : Resolving eureka endpoints via configuration
2026-08-31T00:32:37.646+05:30  INFO 37252 --- [bmp-rewards-service] [rap-executor-%d] c.n.d.s.r.aws.ConfigClusterResolver      : Resolving eureka endpoints via configuration
2026-08-31T00:37:37.648+05:30  INFO 37252 --- [bmp-rewards-service] [rap-executor-%d] c.n.d.s.r.aws.ConfigClusterResolver      : Resolving eureka endpoints via configuration
2026-08-31T00:42:37.651+05:30  INFO 37252 --- [bmp-rewards-service] [rap-executor-%d] c.n.d.s.r.aws.ConfigClusterResolver      : Resolving eureka endpoints via configuration
2026-08-31T00:47:37.666+05:30  INFO 37252 --- [bmp-rewards-service] [rap-executor-%d] c.n.d.s.r.aws.ConfigClusterResolver      : Resolving eureka endpoints via configuration
2026-08-31T00:52:37.682+05:30  INFO 37252 --- [bmp-rewards-service] [rap-executor-%d] c.n.d.s.r.aws.ConfigClusterResolver      : Resolving eureka endpoints via configuration
2026-08-31T03:54:51.900+05:30  INFO 37252 --- [bmp-rewards-service] [container-0-C-1] org.apache.kafka.clients.NetworkClient   : [Consumer clientId=consumer-anonymous.b10b50d1-c4e9-4e48-aa21-94a341606310-2, groupId=anonymous.b10b50d1-c4e9-4e48-aa21-94a341606310] Node 2147483646 disconnected.
2026-08-31T03:54:52.051+05:30  INFO 37252 --- [bmp-rewards-service] [container-0-C-1] org.apache.kafka.clients.NetworkClient   : [Consumer clientId=consumer-anonymous.b10b50d1-c4e9-4e48-aa21-94a341606310-2, groupId=anonymous.b10b50d1-c4e9-4e48-aa21-94a341606310] Disconnecting from node 1 due to request timeout.
2026-08-31T03:54:52.054+05:30  INFO 37252 --- [bmp-rewards-service] [container-0-C-1] org.apache.kafka.clients.NetworkClient   : [Consumer clientId=consumer-anonymous.b10b50d1-c4e9-4e48-aa21-94a341606310-2, groupId=anonymous.b10b50d1-c4e9-4e48-aa21-94a341606310] Cancelled in-flight FETCH request with correlation id 122611 due to node 1 being disconnected (elapsed time since creation: 10803030ms, elapsed time since send: 10803030ms, throttle time: 0ms, request timeout: 30000ms)
2026-08-31T03:54:52.168+05:30  INFO 37252 --- [bmp-rewards-service] [21-94a341606310] o.a.k.c.c.internals.ConsumerCoordinator  : [Consumer clientId=consumer-anonymous.b10b50d1-c4e9-4e48-aa21-94a341606310-2, groupId=anonymous.b10b50d1-c4e9-4e48-aa21-94a341606310] Group coordinator localhost:9092 (id: 2147483646 rack: null) is unavailable or invalid due to cause: session timed out without receiving a heartbeat response. isDisconnected: false. Rediscovery will be attempted.
2026-08-31T03:54:52.169+05:30  INFO 37252 --- [bmp-rewards-service] [21-94a341606310] o.a.k.c.c.internals.ConsumerCoordinator  : [Consumer clientId=consumer-anonymous.b10b50d1-c4e9-4e48-aa21-94a341606310-2, groupId=anonymous.b10b50d1-c4e9-4e48-aa21-94a341606310] Requesting disconnect from last known coordinator localhost:9092 (id: 2147483646 rack: null)
2026-08-31T03:54:52.113+05:30  INFO 37252 --- [bmp-rewards-service] [container-0-C-1] o.a.kafka.clients.FetchSessionHandler    : [Consumer clientId=consumer-anonymous.b10b50d1-c4e9-4e48-aa21-94a341606310-2, groupId=anonymous.b10b50d1-c4e9-4e48-aa21-94a341606310] Error sending fetch request (sessionId=349527973, epoch=5777) to node 1:

org.apache.kafka.common.errors.DisconnectException: null

2026-08-31T03:54:52.802+05:30  INFO 37252 --- [bmp-rewards-service] [container-0-C-1] o.a.k.c.c.internals.ConsumerCoordinator  : [Consumer clientId=consumer-anonymous.b10b50d1-c4e9-4e48-aa21-94a341606310-2, groupId=anonymous.b10b50d1-c4e9-4e48-aa21-94a341606310] Discovered group coordinator localhost:9092 (id: 2147483646 rack: null)
2026-08-31T10:17:04.073+05:30  INFO 37252 --- [bmp-rewards-service] [container-0-C-1] org.apache.kafka.clients.NetworkClient   : [Consumer clientId=consumer-anonymous.b10b50d1-c4e9-4e48-aa21-94a341606310-2, groupId=anonymous.b10b50d1-c4e9-4e48-aa21-94a341606310] Node 1 disconnected.
2026-08-31T10:17:04.074+05:30  INFO 37252 --- [bmp-rewards-service] [container-0-C-1] org.apache.kafka.clients.NetworkClient   : [Consumer clientId=consumer-anonymous.b10b50d1-c4e9-4e48-aa21-94a341606310-2, groupId=anonymous.b10b50d1-c4e9-4e48-aa21-94a341606310] Cancelled in-flight FETCH request with correlation id 122628 due to node 1 being disconnected (elapsed time since creation: 22926251ms, elapsed time since send: 22926251ms, throttle time: 0ms, request timeout: 30000ms)
2026-08-31T10:17:04.076+05:30  INFO 37252 --- [bmp-rewards-service] [21-94a341606310] o.a.kafka.clients.FetchSessionHandler    : [Consumer clientId=consumer-anonymous.b10b50d1-c4e9-4e48-aa21-94a341606310-2, groupId=anonymous.b10b50d1-c4e9-4e48-aa21-94a341606310] Error sending fetch request (sessionId=1913641595, epoch=9) to node 1:

org.apache.kafka.common.errors.DisconnectException: null

2026-08-31T10:17:04.076+05:30  INFO 37252 --- [bmp-rewards-service] [21-94a341606310] o.a.k.c.c.internals.ConsumerCoordinator  : [Consumer clientId=consumer-anonymous.b10b50d1-c4e9-4e48-aa21-94a341606310-2, groupId=anonymous.b10b50d1-c4e9-4e48-aa21-94a341606310] Group coordinator localhost:9092 (id: 2147483646 rack: null) is unavailable or invalid due to cause: session timed out without receiving a heartbeat response. isDisconnected: false. Rediscovery will be attempted.
2026-08-31T10:17:04.077+05:30  INFO 37252 --- [bmp-rewards-service] [21-94a341606310] o.a.k.c.c.internals.ConsumerCoordinator  : [Consumer clientId=consumer-anonymous.b10b50d1-c4e9-4e48-aa21-94a341606310-2, groupId=anonymous.b10b50d1-c4e9-4e48-aa21-94a341606310] Requesting disconnect from last known coordinator localhost:9092 (id: 2147483646 rack: null)
2026-08-31T10:17:04.077+05:30  INFO 37252 --- [bmp-rewards-service] [21-94a341606310] org.apache.kafka.clients.NetworkClient   : [Consumer clientId=consumer-anonymous.b10b50d1-c4e9-4e48-aa21-94a341606310-2, groupId=anonymous.b10b50d1-c4e9-4e48-aa21-94a341606310] Client requested disconnect from node 2147483646
2026-08-31T10:17:05.419+05:30  INFO 37252 --- [bmp-rewards-service] [container-0-C-1] o.a.k.c.c.internals.ConsumerCoordinator  : [Consumer clientId=consumer-anonymous.b10b50d1-c4e9-4e48-aa21-94a341606310-2, groupId=anonymous.b10b50d1-c4e9-4e48-aa21-94a341606310] Discovered group coordinator localhost:9092 (id: 2147483646 rack: null)
2026-08-31T10:17:10.498+05:30  WARN 37252 --- [bmp-rewards-service] [l-1 housekeeper] com.zaxxer.hikari.pool.HikariPool        : HikariPool-1 - Thread starvation or clock leap detected (housekeeper delta=9h22m34s177ms366µs300ns).
2026-08-31T10:17:12.025+05:30  INFO 37252 --- [bmp-rewards-service] [vice-producer-1] org.apache.kafka.clients.NetworkClient   : [Producer clientId=bmp-rewards-service-producer-1] Node 1 disconnected.
2026-08-31T10:17:17.890+05:30  INFO 37252 --- [bmp-rewards-service] [pool-2-thread-1] org.apache.kafka.clients.NetworkClient   : [Consumer clientId=consumer-anonymous.b10b50d1-c4e9-4e48-aa21-94a341606310-3, groupId=anonymous.b10b50d1-c4e9-4e48-aa21-94a341606310] Node 2147483646 disconnected.
2026-08-31T10:17:17.901+05:30  INFO 37252 --- [bmp-rewards-service] [pool-2-thread-1] o.a.k.c.c.internals.ConsumerCoordinator  : [Consumer clientId=consumer-anonymous.b10b50d1-c4e9-4e48-aa21-94a341606310-3, groupId=anonymous.b10b50d1-c4e9-4e48-aa21-94a341606310] Group coordinator localhost:9092 (id: 2147483646 rack: null) is unavailable or invalid due to cause: coordinator unavailable. isDisconnected: true. Rediscovery will be attempted.
2026-08-31T10:17:17.906+05:30  INFO 37252 --- [bmp-rewards-service] [pool-2-thread-1] o.a.k.c.c.internals.ConsumerCoordinator  : [Consumer clientId=consumer-anonymous.b10b50d1-c4e9-4e48-aa21-94a341606310-3, groupId=anonymous.b10b50d1-c4e9-4e48-aa21-94a341606310] Discovered group coordinator localhost:9092 (id: 2147483646 rack: null)
2026-08-31T10:17:17.906+05:30  INFO 37252 --- [bmp-rewards-service] [pool-2-thread-1] o.a.k.c.c.internals.ConsumerCoordinator  : [Consumer clientId=consumer-anonymous.b10b50d1-c4e9-4e48-aa21-94a341606310-3, groupId=anonymous.b10b50d1-c4e9-4e48-aa21-94a341606310] Group coordinator localhost:9092 (id: 2147483646 rack: null) is unavailable or invalid due to cause: coordinator unavailable. isDisconnected: false. Rediscovery will be attempted.
2026-08-31T10:17:17.906+05:30  INFO 37252 --- [bmp-rewards-service] [pool-2-thread-1] o.a.k.c.c.internals.ConsumerCoordinator  : [Consumer clientId=consumer-anonymous.b10b50d1-c4e9-4e48-aa21-94a341606310-3, groupId=anonymous.b10b50d1-c4e9-4e48-aa21-94a341606310] Requesting disconnect from last known coordinator localhost:9092 (id: 2147483646 rack: null)
2026-08-31T10:17:18.025+05:30  INFO 37252 --- [bmp-rewards-service] [pool-2-thread-1] o.a.k.c.c.internals.ConsumerCoordinator  : [Consumer clientId=consumer-anonymous.b10b50d1-c4e9-4e48-aa21-94a341606310-3, groupId=anonymous.b10b50d1-c4e9-4e48-aa21-94a341606310] Discovered group coordinator localhost:9092 (id: 2147483646 rack: null)
2026-08-31T10:19:39.088+05:30  INFO 37252 --- [bmp-rewards-service] [rap-executor-%d] c.n.d.s.r.aws.ConfigClusterResolver      : Resolving eureka endpoints via configuration
2026-08-31T10:24:39.126+05:30  INFO 37252 --- [bmp-rewards-service] [rap-executor-%d] c.n.d.s.r.aws.ConfigClusterResolver      : Resolving eureka endpoints via configuration
2026-08-31T10:29:39.129+05:30  INFO 37252 --- [bmp-rewards-service] [rap-executor-%d] c.n.d.s.r.aws.ConfigClusterResolver      : Resolving eureka endpoints via configuration
2026-08-31T10:34:39.134+05:30  INFO 37252 --- [bmp-rewards-service] [rap-executor-%d] c.n.d.s.r.aws.ConfigClusterResolver      : Resolving eureka endpoints via configuration
2026-08-31T10:39:39.138+05:30  INFO 37252 --- [bmp-rewards-service] [rap-executor-%d] c.n.d.s.r.aws.ConfigClusterResolver      : Resolving eureka endpoints via configuration
2026-08-31T10:44:39.152+05:30  INFO 37252 --- [bmp-rewards-service] [rap-executor-%d] c.n.d.s.r.aws.ConfigClusterResolver      : Resolving eureka endpoints via configuration
2026-08-31T10:49:39.162+05:30  INFO 37252 --- [bmp-rewards-service] [rap-executor-%d] c.n.d.s.r.aws.ConfigClusterResolver      : Resolving eureka endpoints via configuration
2026-08-31T10:54:39.168+05:30  INFO 37252 --- [bmp-rewards-service] [rap-executor-%d] c.n.d.s.r.aws.ConfigClusterResolver      : Resolving eureka endpoints via configuration
2026-08-31T10:59:39.169+05:30  INFO 37252 --- [bmp-rewards-service] [rap-executor-%d] c.n.d.s.r.aws.ConfigClusterResolver      : Resolving eureka endpoints via configuration
2026-08-31T11:04:39.171+05:30  INFO 37252 --- [bmp-rewards-service] [rap-executor-%d] c.n.d.s.r.aws.ConfigClusterResolver      : Resolving eureka endpoints via configuration
2026-08-31T11:09:39.188+05:30  INFO 37252 --- [bmp-rewards-service] [rap-executor-%d] c.n.d.s.r.aws.ConfigClusterResolver      : Resolving eureka endpoints via configuration
2026-08-31T11:14:39.191+05:30  INFO 37252 --- [bmp-rewards-service] [rap-executor-%d] c.n.d.s.r.aws.ConfigClusterResolver      : Resolving eureka endpoints via configuration
2026-08-31T11:19:39.195+05:30  INFO 37252 --- [bmp-rewards-service] [rap-executor-%d] c.n.d.s.r.aws.ConfigClusterResolver      : Resolving eureka endpoints via configuration
2026-08-31T11:24:39.199+05:30  INFO 37252 --- [bmp-rewards-service] [rap-executor-%d] c.n.d.s.r.aws.ConfigClusterResolver      : Resolving eureka endpoints via configuration
2026-08-31T11:29:39.212+05:30  INFO 37252 --- [bmp-rewards-service] [rap-executor-%d] c.n.d.s.r.aws.ConfigClusterResolver      : Resolving eureka endpoints via configuration
2026-08-31T11:34:39.222+05:30  INFO 37252 --- [bmp-rewards-service] [rap-executor-%d] c.n.d.s.r.aws.ConfigClusterResolver      : Resolving eureka endpoints via configuration
2026-08-31T11:39:39.235+05:30  INFO 37252 --- [bmp-rewards-service] [rap-executor-%d] c.n.d.s.r.aws.ConfigClusterResolver      : Resolving eureka endpoints via configuration
2026-08-31T11:44:39.236+05:30  INFO 37252 --- [bmp-rewards-service] [rap-executor-%d] c.n.d.s.r.aws.ConfigClusterResolver      : Resolving eureka endpoints via configuration
2026-08-31T11:49:39.262+05:30  INFO 37252 --- [bmp-rewards-service] [rap-executor-%d] c.n.d.s.r.aws.ConfigClusterResolver      : Resolving eureka endpoints via configuration
2026-08-31T11:54:39.277+05:30  INFO 37252 --- [bmp-rewards-service] [rap-executor-%d] c.n.d.s.r.aws.ConfigClusterResolver      : Resolving eureka endpoints via configuration
2026-08-31T11:59:39.294+05:30  INFO 37252 --- [bmp-rewards-service] [rap-executor-%d] c.n.d.s.r.aws.ConfigClusterResolver      : Resolving eureka endpoints via configuration
2026-08-31T12:04:39.308+05:30  INFO 37252 --- [bmp-rewards-service] [rap-executor-%d] c.n.d.s.r.aws.ConfigClusterResolver      : Resolving eureka endpoints via configuration
2026-08-31T12:09:39.324+05:30  INFO 37252 --- [bmp-rewards-service] [rap-executor-%d] c.n.d.s.r.aws.ConfigClusterResolver      : Resolving eureka endpoints via configuration
2026-08-31T12:14:39.338+05:30  INFO 37252 --- [bmp-rewards-service] [rap-executor-%d] c.n.d.s.r.aws.ConfigClusterResolver      : Resolving eureka endpoints via configuration
2026-08-31T15:16:00.599+05:30  INFO 37252 --- [bmp-rewards-service] [21-94a341606310] org.apache.kafka.clients.NetworkClient   : [Consumer clientId=consumer-anonymous.b10b50d1-c4e9-4e48-aa21-94a341606310-2, groupId=anonymous.b10b50d1-c4e9-4e48-aa21-94a341606310] Node 1 disconnected.
2026-08-31T15:16:00.612+05:30  INFO 37252 --- [bmp-rewards-service] [21-94a341606310] org.apache.kafka.clients.NetworkClient   : [Consumer clientId=consumer-anonymous.b10b50d1-c4e9-4e48-aa21-94a341606310-2, groupId=anonymous.b10b50d1-c4e9-4e48-aa21-94a341606310] Cancelled in-flight FETCH request with correlation id 139099 due to node 1 being disconnected (elapsed time since creation: 10803474ms, elapsed time since send: 10803474ms, throttle time: 0ms, request timeout: 30000ms)
2026-08-31T15:16:00.612+05:30  INFO 37252 --- [bmp-rewards-service] [21-94a341606310] org.apache.kafka.clients.NetworkClient   : [Consumer clientId=consumer-anonymous.b10b50d1-c4e9-4e48-aa21-94a341606310-2, groupId=anonymous.b10b50d1-c4e9-4e48-aa21-94a341606310] Cancelled in-flight METADATA request with correlation id 139101 due to node 1 being disconnected (elapsed time since creation: 987ms, elapsed time since send: 987ms, throttle time: 0ms, request timeout: 30000ms)
2026-08-31T15:16:00.617+05:30  INFO 37252 --- [bmp-rewards-service] [21-94a341606310] org.apache.kafka.clients.NetworkClient   : [Consumer clientId=consumer-anonymous.b10b50d1-c4e9-4e48-aa21-94a341606310-2, groupId=anonymous.b10b50d1-c4e9-4e48-aa21-94a341606310] Disconnecting from node 2147483646 due to request timeout.
2026-08-31T15:16:00.617+05:30  INFO 37252 --- [bmp-rewards-service] [21-94a341606310] org.apache.kafka.clients.NetworkClient   : [Consumer clientId=consumer-anonymous.b10b50d1-c4e9-4e48-aa21-94a341606310-2, groupId=anonymous.b10b50d1-c4e9-4e48-aa21-94a341606310] Cancelled in-flight HEARTBEAT request with correlation id 139100 due to node 2147483646 being disconnected (elapsed time since creation: 10801005ms, elapsed time since send: 10801005ms, throttle time: 0ms, request timeout: 30000ms)
2026-08-31T15:16:00.619+05:30  INFO 37252 --- [bmp-rewards-service] [21-94a341606310] o.a.kafka.clients.FetchSessionHandler    : [Consumer clientId=consumer-anonymous.b10b50d1-c4e9-4e48-aa21-94a341606310-2, groupId=anonymous.b10b50d1-c4e9-4e48-aa21-94a341606310] Error sending fetch request (sessionId=2086644180, epoch=14047) to node 1:

org.apache.kafka.common.errors.DisconnectException: null

2026-08-31T15:16:00.644+05:30  INFO 37252 --- [bmp-rewards-service] [21-94a341606310] o.a.k.c.c.internals.ConsumerCoordinator  : [Consumer clientId=consumer-anonymous.b10b50d1-c4e9-4e48-aa21-94a341606310-2, groupId=anonymous.b10b50d1-c4e9-4e48-aa21-94a341606310] Group coordinator localhost:9092 (id: 2147483646 rack: null) is unavailable or invalid due to cause: null. isDisconnected: true. Rediscovery will be attempted.
2026-08-31T15:16:01.933+05:30  INFO 37252 --- [bmp-rewards-service] [container-0-C-1] o.a.k.c.c.internals.ConsumerCoordinator  : [Consumer clientId=consumer-anonymous.b10b50d1-c4e9-4e48-aa21-94a341606310-2, groupId=anonymous.b10b50d1-c4e9-4e48-aa21-94a341606310] Discovered group coordinator localhost:9092 (id: 2147483646 rack: null)
2026-08-31T22:21:31.885+05:30  WARN 37252 --- [bmp-rewards-service] [l-1 housekeeper] com.zaxxer.hikari.pool.HikariPool        : HikariPool-1 - Thread starvation or clock leap detected (housekeeper delta=10h5m50s904ms932µs900ns).
2026-08-31T22:21:31.887+05:30  INFO 37252 --- [bmp-rewards-service] [vice-producer-1] org.apache.kafka.clients.NetworkClient   : [Producer clientId=bmp-rewards-service-producer-1] Node 1 disconnected.
2026-08-31T22:21:32.742+05:30  INFO 37252 --- [bmp-rewards-service] [container-0-C-1] org.apache.kafka.clients.NetworkClient   : [Consumer clientId=consumer-anonymous.b10b50d1-c4e9-4e48-aa21-94a341606310-2, groupId=anonymous.b10b50d1-c4e9-4e48-aa21-94a341606310] Node 1 disconnected.
2026-08-31T22:21:32.743+05:30  INFO 37252 --- [bmp-rewards-service] [container-0-C-1] org.apache.kafka.clients.NetworkClient   : [Consumer clientId=consumer-anonymous.b10b50d1-c4e9-4e48-aa21-94a341606310-2, groupId=anonymous.b10b50d1-c4e9-4e48-aa21-94a341606310] Cancelled in-flight FETCH request with correlation id 139123 due to node 1 being disconnected (elapsed time since creation: 25522883ms, elapsed time since send: 25522883ms, throttle time: 0ms, request timeout: 30000ms)
2026-08-31T22:21:32.744+05:30  INFO 37252 --- [bmp-rewards-service] [container-0-C-1] org.apache.kafka.clients.NetworkClient   : [Consumer clientId=consumer-anonymous.b10b50d1-c4e9-4e48-aa21-94a341606310-2, groupId=anonymous.b10b50d1-c4e9-4e48-aa21-94a341606310] Disconnecting from node 2147483646 due to request timeout.
2026-08-31T22:21:32.744+05:30  INFO 37252 --- [bmp-rewards-service] [container-0-C-1] org.apache.kafka.clients.NetworkClient   : [Consumer clientId=consumer-anonymous.b10b50d1-c4e9-4e48-aa21-94a341606310-2, groupId=anonymous.b10b50d1-c4e9-4e48-aa21-94a341606310] Cancelled in-flight HEARTBEAT request with correlation id 139124 due to node 2147483646 being disconnected (elapsed time since creation: 25521772ms, elapsed time since send: 25521772ms, throttle time: 0ms, request timeout: 30000ms)
2026-08-31T22:21:32.744+05:30  INFO 37252 --- [bmp-rewards-service] [21-94a341606310] o.a.k.c.c.internals.ConsumerCoordinator  : [Consumer clientId=consumer-anonymous.b10b50d1-c4e9-4e48-aa21-94a341606310-2, groupId=anonymous.b10b50d1-c4e9-4e48-aa21-94a341606310] Group coordinator localhost:9092 (id: 2147483646 rack: null) is unavailable or invalid due to cause: null. isDisconnected: true. Rediscovery will be attempted.
2026-08-31T22:21:32.744+05:30  INFO 37252 --- [bmp-rewards-service] [container-0-C-1] o.a.kafka.clients.FetchSessionHandler    : [Consumer clientId=consumer-anonymous.b10b50d1-c4e9-4e48-aa21-94a341606310-2, groupId=anonymous.b10b50d1-c4e9-4e48-aa21-94a341606310] Error sending fetch request (sessionId=31868120, epoch=12) to node 1:

org.apache.kafka.common.errors.DisconnectException: null

2026-08-31T22:21:36.646+05:30  INFO 37252 --- [bmp-rewards-service] [container-0-C-1] o.a.k.c.c.internals.ConsumerCoordinator  : [Consumer clientId=consumer-anonymous.b10b50d1-c4e9-4e48-aa21-94a341606310-2, groupId=anonymous.b10b50d1-c4e9-4e48-aa21-94a341606310] Discovered group coordinator localhost:9092 (id: 2147483646 rack: null)
2026-08-31T22:21:39.267+05:30  INFO 37252 --- [bmp-rewards-service] [pool-2-thread-1] org.apache.kafka.clients.NetworkClient   : [Consumer clientId=consumer-anonymous.b10b50d1-c4e9-4e48-aa21-94a341606310-3, groupId=anonymous.b10b50d1-c4e9-4e48-aa21-94a341606310] Node 2147483646 disconnected.
2026-08-31T22:24:57.463+05:30  INFO 37252 --- [bmp-rewards-service] [rap-executor-%d] c.n.d.s.r.aws.ConfigClusterResolver      : Resolving eureka endpoints via configuration
2026-08-31T22:29:57.509+05:30  INFO 37252 --- [bmp-rewards-service] [rap-executor-%d] c.n.d.s.r.aws.ConfigClusterResolver      : Resolving eureka endpoints via configuration
2026-08-31T22:38:18.768+05:30  INFO 37252 --- [bmp-rewards-service] [container-0-C-1] org.apache.kafka.clients.NetworkClient   : [Consumer clientId=consumer-anonymous.b10b50d1-c4e9-4e48-aa21-94a341606310-2, groupId=anonymous.b10b50d1-c4e9-4e48-aa21-94a341606310] Disconnecting from node 1 due to request timeout.
2026-08-31T22:38:18.849+05:30  INFO 37252 --- [bmp-rewards-service] [container-0-C-1] org.apache.kafka.clients.NetworkClient   : [Consumer clientId=consumer-anonymous.b10b50d1-c4e9-4e48-aa21-94a341606310-2, groupId=anonymous.b10b50d1-c4e9-4e48-aa21-94a341606310] Cancelled in-flight FETCH request with correlation id 140514 due to node 1 being disconnected (elapsed time since creation: 392477ms, elapsed time since send: 392477ms, throttle time: 0ms, request timeout: 30000ms)
2026-08-31T22:38:18.851+05:30  INFO 37252 --- [bmp-rewards-service] [container-0-C-1] org.apache.kafka.clients.NetworkClient   : [Consumer clientId=consumer-anonymous.b10b50d1-c4e9-4e48-aa21-94a341606310-2, groupId=anonymous.b10b50d1-c4e9-4e48-aa21-94a341606310] Disconnecting from node 2147483646 due to request timeout.
2026-08-31T22:38:18.851+05:30  INFO 37252 --- [bmp-rewards-service] [container-0-C-1] org.apache.kafka.clients.NetworkClient   : [Consumer clientId=consumer-anonymous.b10b50d1-c4e9-4e48-aa21-94a341606310-2, groupId=anonymous.b10b50d1-c4e9-4e48-aa21-94a341606310] Cancelled in-flight HEARTBEAT request with correlation id 140515 due to node 2147483646 being disconnected (elapsed time since creation: 391297ms, elapsed time since send: 391297ms, throttle time: 0ms, request timeout: 30000ms)
2026-08-31T22:38:18.855+05:30  INFO 37252 --- [bmp-rewards-service] [21-94a341606310] o.a.k.c.c.internals.ConsumerCoordinator  : [Consumer clientId=consumer-anonymous.b10b50d1-c4e9-4e48-aa21-94a341606310-2, groupId=anonymous.b10b50d1-c4e9-4e48-aa21-94a341606310] Group coordinator localhost:9092 (id: 2147483646 rack: null) is unavailable or invalid due to cause: null. isDisconnected: true. Rediscovery will be attempted.
2026-08-31T22:38:18.854+05:30  INFO 37252 --- [bmp-rewards-service] [container-0-C-1] o.a.kafka.clients.FetchSessionHandler    : [Consumer clientId=consumer-anonymous.b10b50d1-c4e9-4e48-aa21-94a341606310-2, groupId=anonymous.b10b50d1-c4e9-4e48-aa21-94a341606310] Error sending fetch request (sessionId=2022565308, epoch=1178) to node 1:

org.apache.kafka.common.errors.DisconnectException: null

2026-08-31T22:38:19.746+05:30  INFO 37252 --- [bmp-rewards-service] [container-0-C-1] o.a.k.c.c.internals.ConsumerCoordinator  : [Consumer clientId=consumer-anonymous.b10b50d1-c4e9-4e48-aa21-94a341606310-2, groupId=anonymous.b10b50d1-c4e9-4e48-aa21-94a341606310] Discovered group coordinator localhost:9092 (id: 2147483646 rack: null)
2026-08-31T22:38:30.556+05:30  WARN 37252 --- [bmp-rewards-service] [l-1 housekeeper] com.zaxxer.hikari.pool.HikariPool        : HikariPool-1 - Thread starvation or clock leap detected (housekeeper delta=6m58s326ms327µs800ns).
2026-08-31T22:41:25.703+05:30  INFO 37252 --- [bmp-rewards-service] [rap-executor-%d] c.n.d.s.r.aws.ConfigClusterResolver      : Resolving eureka endpoints via configuration
2026-08-31T22:46:25.706+05:30  INFO 37252 --- [bmp-rewards-service] [rap-executor-%d] c.n.d.s.r.aws.ConfigClusterResolver      : Resolving eureka endpoints via configuration
2026-08-31T22:51:25.721+05:30  INFO 37252 --- [bmp-rewards-service] [rap-executor-%d] c.n.d.s.r.aws.ConfigClusterResolver      : Resolving eureka endpoints via configuration
2026-08-31T22:56:25.754+05:30  INFO 37252 --- [bmp-rewards-service] [rap-executor-%d] c.n.d.s.r.aws.ConfigClusterResolver      : Resolving eureka endpoints via configuration
2026-08-31T23:01:25.785+05:30  INFO 37252 --- [bmp-rewards-service] [rap-executor-%d] c.n.d.s.r.aws.ConfigClusterResolver      : Resolving eureka endpoints via configuration
2026-08-31T23:06:25.794+05:30  INFO 37252 --- [bmp-rewards-service] [rap-executor-%d] c.n.d.s.r.aws.ConfigClusterResolver      : Resolving eureka endpoints via configuration
2026-08-31T23:11:25.824+05:30  INFO 37252 --- [bmp-rewards-service] [rap-executor-%d] c.n.d.s.r.aws.ConfigClusterResolver      : Resolving eureka endpoints via configuration
2026-08-31T23:16:25.837+05:30  INFO 37252 --- [bmp-rewards-service] [rap-executor-%d] c.n.d.s.r.aws.ConfigClusterResolver      : Resolving eureka endpoints via configuration
2026-08-31T23:21:25.869+05:30  INFO 37252 --- [bmp-rewards-service] [rap-executor-%d] c.n.d.s.r.aws.ConfigClusterResolver      : Resolving eureka endpoints via configuration
2026-08-31T23:26:25.879+05:30  INFO 37252 --- [bmp-rewards-service] [rap-executor-%d] c.n.d.s.r.aws.ConfigClusterResolver      : Resolving eureka endpoints via configuration
2026-08-31T23:31:25.889+05:30  INFO 37252 --- [bmp-rewards-service] [rap-executor-%d] c.n.d.s.r.aws.ConfigClusterResolver      : Resolving eureka endpoints via configuration
2026-08-31T23:36:25.898+05:30  INFO 37252 --- [bmp-rewards-service] [rap-executor-%d] c.n.d.s.r.aws.ConfigClusterResolver      : Resolving eureka endpoints via configuration
2026-08-31T23:41:25.907+05:30  INFO 37252 --- [bmp-rewards-service] [rap-executor-%d] c.n.d.s.r.aws.ConfigClusterResolver      : Resolving eureka endpoints via configuration
2026-08-31T23:46:25.914+05:30  INFO 37252 --- [bmp-rewards-service] [rap-executor-%d] c.n.d.s.r.aws.ConfigClusterResolver      : Resolving eureka endpoints via configuration
2026-08-31T23:55:24.737+05:30  INFO 37252 --- [bmp-rewards-service] [21-94a341606310] o.a.k.c.c.internals.ConsumerCoordinator  : [Consumer clientId=consumer-anonymous.b10b50d1-c4e9-4e48-aa21-94a341606310-2, groupId=anonymous.b10b50d1-c4e9-4e48-aa21-94a341606310] Group coordinator localhost:9092 (id: 2147483646 rack: null) is unavailable or invalid due to cause: session timed out without receiving a heartbeat response. isDisconnected: false. Rediscovery will be attempted.
2026-08-31T23:55:24.737+05:30  INFO 37252 --- [bmp-rewards-service] [21-94a341606310] o.a.k.c.c.internals.ConsumerCoordinator  : [Consumer clientId=consumer-anonymous.b10b50d1-c4e9-4e48-aa21-94a341606310-2, groupId=anonymous.b10b50d1-c4e9-4e48-aa21-94a341606310] Requesting disconnect from last known coordinator localhost:9092 (id: 2147483646 rack: null)
2026-08-31T23:55:24.872+05:30  INFO 37252 --- [bmp-rewards-service] [21-94a341606310] org.apache.kafka.clients.NetworkClient   : [Consumer clientId=consumer-anonymous.b10b50d1-c4e9-4e48-aa21-94a341606310-2, groupId=anonymous.b10b50d1-c4e9-4e48-aa21-94a341606310] Client requested disconnect from node 2147483646
2026-08-31T23:55:25.019+05:30  INFO 37252 --- [bmp-rewards-service] [21-94a341606310] org.apache.kafka.clients.NetworkClient   : [Consumer clientId=consumer-anonymous.b10b50d1-c4e9-4e48-aa21-94a341606310-2, groupId=anonymous.b10b50d1-c4e9-4e48-aa21-94a341606310] Disconnecting from node 1 due to request timeout.
2026-08-31T23:55:25.098+05:30  INFO 37252 --- [bmp-rewards-service] [21-94a341606310] org.apache.kafka.clients.NetworkClient   : [Consumer clientId=consumer-anonymous.b10b50d1-c4e9-4e48-aa21-94a341606310-2, groupId=anonymous.b10b50d1-c4e9-4e48-aa21-94a341606310] Cancelled in-flight FETCH request with correlation id 150529 due to node 1 being disconnected (elapsed time since creation: 303406ms, elapsed time since send: 303406ms, throttle time: 0ms, request timeout: 30000ms)
2026-08-31T23:55:25.098+05:30  INFO 37252 --- [bmp-rewards-service] [21-94a341606310] org.apache.kafka.clients.NetworkClient   : [Consumer clientId=consumer-anonymous.b10b50d1-c4e9-4e48-aa21-94a341606310-2, groupId=anonymous.b10b50d1-c4e9-4e48-aa21-94a341606310] Cancelled in-flight METADATA request with correlation id 150530 due to node 1 being disconnected (elapsed time since creation: 148ms, elapsed time since send: 148ms, throttle time: 0ms, request timeout: 30000ms)
2026-08-31T23:55:25.146+05:30  INFO 37252 --- [bmp-rewards-service] [21-94a341606310] o.a.kafka.clients.FetchSessionHandler    : [Consumer clientId=consumer-anonymous.b10b50d1-c4e9-4e48-aa21-94a341606310-2, groupId=anonymous.b10b50d1-c4e9-4e48-aa21-94a341606310] Error sending fetch request (sessionId=138044196, epoch=8543) to node 1:

org.apache.kafka.common.errors.DisconnectException: null

2026-08-31T23:55:27.803+05:30  INFO 37252 --- [bmp-rewards-service] [container-0-C-1] o.a.k.c.c.internals.ConsumerCoordinator  : [Consumer clientId=consumer-anonymous.b10b50d1-c4e9-4e48-aa21-94a341606310-2, groupId=anonymous.b10b50d1-c4e9-4e48-aa21-94a341606310] Discovered group coordinator localhost:9092 (id: 2147483646 rack: null)
2026-08-31T23:55:31.420+05:30  WARN 37252 --- [bmp-rewards-service] [l-1 housekeeper] com.zaxxer.hikari.pool.HikariPool        : HikariPool-1 - Thread starvation or clock leap detected (housekeeper delta=5m29s672ms450µs600ns).
2026-08-31T23:56:25.451+05:30  INFO 37252 --- [bmp-rewards-service] [rap-executor-%d] c.n.d.s.r.aws.ConfigClusterResolver      : Resolving eureka endpoints via configuration
2026-09-01T00:01:25.468+05:30  INFO 37252 --- [bmp-rewards-service] [rap-executor-%d] c.n.d.s.r.aws.ConfigClusterResolver      : Resolving eureka endpoints via configuration
2026-09-01T00:06:25.514+05:30  INFO 37252 --- [bmp-rewards-service] [rap-executor-%d] c.n.d.s.r.aws.ConfigClusterResolver      : Resolving eureka endpoints via configuration
2026-09-01T00:31:41.737+05:30  INFO 37252 --- [bmp-rewards-service] [rap-executor-%d] c.n.d.s.r.aws.ConfigClusterResolver      : Resolving eureka endpoints via configuration
2026-09-01T00:31:41.926+05:30  INFO 37252 --- [bmp-rewards-service] [container-0-C-1] org.apache.kafka.clients.NetworkClient   : [Consumer clientId=consumer-anonymous.b10b50d1-c4e9-4e48-aa21-94a341606310-2, groupId=anonymous.b10b50d1-c4e9-4e48-aa21-94a341606310] Node 2147483646 disconnected.
2026-09-01T00:31:42.108+05:30  INFO 37252 --- [bmp-rewards-service] [container-0-C-1] org.apache.kafka.clients.NetworkClient   : [Consumer clientId=consumer-anonymous.b10b50d1-c4e9-4e48-aa21-94a341606310-2, groupId=anonymous.b10b50d1-c4e9-4e48-aa21-94a341606310] Disconnecting from node 1 due to request timeout.
2026-09-01T00:31:42.155+05:30  INFO 37252 --- [bmp-rewards-service] [container-0-C-1] org.apache.kafka.clients.NetworkClient   : [Consumer clientId=consumer-anonymous.b10b50d1-c4e9-4e48-aa21-94a341606310-2, groupId=anonymous.b10b50d1-c4e9-4e48-aa21-94a341606310] Cancelled in-flight FETCH request with correlation id 152749 due to node 1 being disconnected (elapsed time since creation: 1219939ms, elapsed time since send: 1219939ms, throttle time: 0ms, request timeout: 30000ms)
2026-09-01T00:31:42.202+05:30  INFO 37252 --- [bmp-rewards-service] [21-94a341606310] o.a.k.c.c.internals.ConsumerCoordinator  : [Consumer clientId=consumer-anonymous.b10b50d1-c4e9-4e48-aa21-94a341606310-2, groupId=anonymous.b10b50d1-c4e9-4e48-aa21-94a341606310] Group coordinator localhost:9092 (id: 2147483646 rack: null) is unavailable or invalid due to cause: session timed out without receiving a heartbeat response. isDisconnected: false. Rediscovery will be attempted.
2026-09-01T00:31:42.274+05:30  INFO 37252 --- [bmp-rewards-service] [21-94a341606310] o.a.k.c.c.internals.ConsumerCoordinator  : [Consumer clientId=consumer-anonymous.b10b50d1-c4e9-4e48-aa21-94a341606310-2, groupId=anonymous.b10b50d1-c4e9-4e48-aa21-94a341606310] Requesting disconnect from last known coordinator localhost:9092 (id: 2147483646 rack: null)
2026-09-01T00:31:42.195+05:30  INFO 37252 --- [bmp-rewards-service] [container-0-C-1] o.a.kafka.clients.FetchSessionHandler    : [Consumer clientId=consumer-anonymous.b10b50d1-c4e9-4e48-aa21-94a341606310-2, groupId=anonymous.b10b50d1-c4e9-4e48-aa21-94a341606310] Error sending fetch request (sessionId=1384559444, epoch=1888) to node 1:

org.apache.kafka.common.errors.DisconnectException: null

2026-09-01T00:31:44.543+05:30  INFO 37252 --- [bmp-rewards-service] [container-0-C-1] o.a.k.c.c.internals.ConsumerCoordinator  : [Consumer clientId=consumer-anonymous.b10b50d1-c4e9-4e48-aa21-94a341606310-2, groupId=anonymous.b10b50d1-c4e9-4e48-aa21-94a341606310] Discovered group coordinator localhost:9092 (id: 2147483646 rack: null)
2026-09-01T00:31:47.892+05:30  WARN 37252 --- [bmp-rewards-service] [l-1 housekeeper] com.zaxxer.hikari.pool.HikariPool        : HikariPool-1 - Thread starvation or clock leap detected (housekeeper delta=20m46s286ms842µs100ns).
2026-09-01T00:31:48.169+05:30  INFO 37252 --- [bmp-rewards-service] [vice-producer-1] org.apache.kafka.clients.NetworkClient   : [Producer clientId=bmp-rewards-service-producer-1] Node 1 disconnected.
2026-09-01T00:32:25.782+05:30  INFO 37252 --- [bmp-rewards-service] [pool-2-thread-1] org.apache.kafka.clients.NetworkClient   : [Consumer clientId=consumer-anonymous.b10b50d1-c4e9-4e48-aa21-94a341606310-3, groupId=anonymous.b10b50d1-c4e9-4e48-aa21-94a341606310] Node 2147483646 disconnected.
2026-09-01T00:32:25.793+05:30  INFO 37252 --- [bmp-rewards-service] [pool-2-thread-1] o.a.k.c.c.internals.ConsumerCoordinator  : [Consumer clientId=consumer-anonymous.b10b50d1-c4e9-4e48-aa21-94a341606310-3, groupId=anonymous.b10b50d1-c4e9-4e48-aa21-94a341606310] Group coordinator localhost:9092 (id: 2147483646 rack: null) is unavailable or invalid due to cause: coordinator unavailable. isDisconnected: true. Rediscovery will be attempted.
2026-09-01T00:32:25.797+05:30  INFO 37252 --- [bmp-rewards-service] [pool-2-thread-1] o.a.k.c.c.internals.ConsumerCoordinator  : [Consumer clientId=consumer-anonymous.b10b50d1-c4e9-4e48-aa21-94a341606310-3, groupId=anonymous.b10b50d1-c4e9-4e48-aa21-94a341606310] Discovered group coordinator localhost:9092 (id: 2147483646 rack: null)
2026-09-01T00:32:25.797+05:30  INFO 37252 --- [bmp-rewards-service] [pool-2-thread-1] o.a.k.c.c.internals.ConsumerCoordinator  : [Consumer clientId=consumer-anonymous.b10b50d1-c4e9-4e48-aa21-94a341606310-3, groupId=anonymous.b10b50d1-c4e9-4e48-aa21-94a341606310] Group coordinator localhost:9092 (id: 2147483646 rack: null) is unavailable or invalid due to cause: coordinator unavailable. isDisconnected: false. Rediscovery will be attempted.
2026-09-01T00:32:25.797+05:30  INFO 37252 --- [bmp-rewards-service] [pool-2-thread-1] o.a.k.c.c.internals.ConsumerCoordinator  : [Consumer clientId=consumer-anonymous.b10b50d1-c4e9-4e48-aa21-94a341606310-3, groupId=anonymous.b10b50d1-c4e9-4e48-aa21-94a341606310] Requesting disconnect from last known coordinator localhost:9092 (id: 2147483646 rack: null)
2026-09-01T00:32:25.925+05:30  INFO 37252 --- [bmp-rewards-service] [pool-2-thread-1] o.a.k.c.c.internals.ConsumerCoordinator  : [Consumer clientId=consumer-anonymous.b10b50d1-c4e9-4e48-aa21-94a341606310-3, groupId=anonymous.b10b50d1-c4e9-4e48-aa21-94a341606310] Discovered group coordinator localhost:9092 (id: 2147483646 rack: null)
2026-09-01T00:36:41.776+05:30  INFO 37252 --- [bmp-rewards-service] [rap-executor-%d] c.n.d.s.r.aws.ConfigClusterResolver      : Resolving eureka endpoints via configuration
2026-09-01T00:41:41.831+05:30  INFO 37252 --- [bmp-rewards-service] [rap-executor-%d] c.n.d.s.r.aws.ConfigClusterResolver      : Resolving eureka endpoints via configuration
2026-09-01T00:46:41.870+05:30  INFO 37252 --- [bmp-rewards-service] [rap-executor-%d] c.n.d.s.r.aws.ConfigClusterResolver      : Resolving eureka endpoints via configuration
2026-09-01T00:51:42.127+05:30  INFO 37252 --- [bmp-rewards-service] [rap-executor-%d] c.n.d.s.r.aws.ConfigClusterResolver      : Resolving eureka endpoints via configuration
2026-09-01T00:56:42.176+05:30  INFO 37252 --- [bmp-rewards-service] [rap-executor-%d] c.n.d.s.r.aws.ConfigClusterResolver      : Resolving eureka endpoints via configuration
2026-09-01T01:01:42.185+05:30  INFO 37252 --- [bmp-rewards-service] [rap-executor-%d] c.n.d.s.r.aws.ConfigClusterResolver      : Resolving eureka endpoints via configuration
2026-09-01T01:06:42.193+05:30  INFO 37252 --- [bmp-rewards-service] [rap-executor-%d] c.n.d.s.r.aws.ConfigClusterResolver      : Resolving eureka endpoints via configuration
2026-09-01T01:11:42.203+05:30  INFO 37252 --- [bmp-rewards-service] [rap-executor-%d] c.n.d.s.r.aws.ConfigClusterResolver      : Resolving eureka endpoints via configuration
2026-09-01T01:16:42.217+05:30  INFO 37252 --- [bmp-rewards-service] [rap-executor-%d] c.n.d.s.r.aws.ConfigClusterResolver      : Resolving eureka endpoints via configuration
2026-09-01T01:21:42.231+05:30  INFO 37252 --- [bmp-rewards-service] [rap-executor-%d] c.n.d.s.r.aws.ConfigClusterResolver      : Resolving eureka endpoints via configuration
2026-09-01T01:26:42.246+05:30  INFO 37252 --- [bmp-rewards-service] [rap-executor-%d] c.n.d.s.r.aws.ConfigClusterResolver      : Resolving eureka endpoints via configuration
2026-09-01T01:31:42.248+05:30  INFO 37252 --- [bmp-rewards-service] [rap-executor-%d] c.n.d.s.r.aws.ConfigClusterResolver      : Resolving eureka endpoints via configuration
2026-09-01T01:36:42.259+05:30  INFO 37252 --- [bmp-rewards-service] [rap-executor-%d] c.n.d.s.r.aws.ConfigClusterResolver      : Resolving eureka endpoints via configuration
2026-09-01T04:40:45.752+05:30  INFO 37252 --- [bmp-rewards-service] [21-94a341606310] o.a.k.c.c.internals.ConsumerCoordinator  : [Consumer clientId=consumer-anonymous.b10b50d1-c4e9-4e48-aa21-94a341606310-2, groupId=anonymous.b10b50d1-c4e9-4e48-aa21-94a341606310] Group coordinator localhost:9092 (id: 2147483646 rack: null) is unavailable or invalid due to cause: session timed out without receiving a heartbeat response. isDisconnected: false. Rediscovery will be attempted.
2026-09-01T04:40:45.752+05:30  INFO 37252 --- [bmp-rewards-service] [21-94a341606310] o.a.k.c.c.internals.ConsumerCoordinator  : [Consumer clientId=consumer-anonymous.b10b50d1-c4e9-4e48-aa21-94a341606310-2, groupId=anonymous.b10b50d1-c4e9-4e48-aa21-94a341606310] Requesting disconnect from last known coordinator localhost:9092 (id: 2147483646 rack: null)
2026-09-01T04:40:45.862+05:30  INFO 37252 --- [bmp-rewards-service] [21-94a341606310] org.apache.kafka.clients.NetworkClient   : [Consumer clientId=consumer-anonymous.b10b50d1-c4e9-4e48-aa21-94a341606310-2, groupId=anonymous.b10b50d1-c4e9-4e48-aa21-94a341606310] Client requested disconnect from node 2147483646
2026-09-01T04:40:45.865+05:30  INFO 37252 --- [bmp-rewards-service] [21-94a341606310] org.apache.kafka.clients.NetworkClient   : [Consumer clientId=consumer-anonymous.b10b50d1-c4e9-4e48-aa21-94a341606310-2, groupId=anonymous.b10b50d1-c4e9-4e48-aa21-94a341606310] Cancelled in-flight HEARTBEAT request with correlation id 162335 due to node 2147483646 being disconnected (elapsed time since creation: 10801636ms, elapsed time since send: 10801636ms, throttle time: 0ms, request timeout: 30000ms)
2026-09-01T04:40:45.959+05:30  INFO 37252 --- [bmp-rewards-service] [container-0-C-1] org.apache.kafka.clients.NetworkClient   : [Consumer clientId=consumer-anonymous.b10b50d1-c4e9-4e48-aa21-94a341606310-2, groupId=anonymous.b10b50d1-c4e9-4e48-aa21-94a341606310] Node 1 disconnected.
2026-09-01T04:40:45.959+05:30  INFO 37252 --- [bmp-rewards-service] [container-0-C-1] org.apache.kafka.clients.NetworkClient   : [Consumer clientId=consumer-anonymous.b10b50d1-c4e9-4e48-aa21-94a341606310-2, groupId=anonymous.b10b50d1-c4e9-4e48-aa21-94a341606310] Cancelled in-flight FETCH request with correlation id 162334 due to node 1 being disconnected (elapsed time since creation: 10802879ms, elapsed time since send: 10802879ms, throttle time: 0ms, request timeout: 30000ms)
2026-09-01T04:40:45.960+05:30  INFO 37252 --- [bmp-rewards-service] [container-0-C-1] org.apache.kafka.clients.NetworkClient   : [Consumer clientId=consumer-anonymous.b10b50d1-c4e9-4e48-aa21-94a341606310-2, groupId=anonymous.b10b50d1-c4e9-4e48-aa21-94a341606310] Cancelled in-flight METADATA request with correlation id 162337 due to node 1 being disconnected (elapsed time since creation: 389ms, elapsed time since send: 389ms, throttle time: 0ms, request timeout: 30000ms)
2026-09-01T04:40:45.960+05:30  INFO 37252 --- [bmp-rewards-service] [container-0-C-1] o.a.kafka.clients.FetchSessionHandler    : [Consumer clientId=consumer-anonymous.b10b50d1-c4e9-4e48-aa21-94a341606310-2, groupId=anonymous.b10b50d1-c4e9-4e48-aa21-94a341606310] Error sending fetch request (sessionId=893780567, epoch=8177) to node 1:

org.apache.kafka.common.errors.DisconnectException: null

2026-09-01T04:40:47.333+05:30  INFO 37252 --- [bmp-rewards-service] [vice-producer-1] org.apache.kafka.clients.NetworkClient   : [Producer clientId=bmp-rewards-service-producer-1] Node 1 disconnected.
2026-09-01T04:40:47.433+05:30  WARN 37252 --- [bmp-rewards-service] [l-1 housekeeper] com.zaxxer.hikari.pool.HikariPool        : HikariPool-1 - Thread starvation or clock leap detected (housekeeper delta=3h28s549ms387µs300ns).
2026-09-01T04:40:47.441+05:30  INFO 37252 --- [bmp-rewards-service] [container-0-C-1] o.a.k.c.c.internals.ConsumerCoordinator  : [Consumer clientId=consumer-anonymous.b10b50d1-c4e9-4e48-aa21-94a341606310-2, groupId=anonymous.b10b50d1-c4e9-4e48-aa21-94a341606310] Discovered group coordinator localhost:9092 (id: 2147483646 rack: null)
2026-09-01T13:42:05.920+05:30  INFO 37252 --- [bmp-rewards-service] [container-0-C-1] org.apache.kafka.clients.NetworkClient   : [Consumer clientId=consumer-anonymous.b10b50d1-c4e9-4e48-aa21-94a341606310-2, groupId=anonymous.b10b50d1-c4e9-4e48-aa21-94a341606310] Node 1 disconnected.
2026-09-01T13:42:05.920+05:30  INFO 37252 --- [bmp-rewards-service] [container-0-C-1] org.apache.kafka.clients.NetworkClient   : [Consumer clientId=consumer-anonymous.b10b50d1-c4e9-4e48-aa21-94a341606310-2, groupId=anonymous.b10b50d1-c4e9-4e48-aa21-94a341606310] Cancelled in-flight FETCH request with correlation id 162360 due to node 1 being disconnected (elapsed time since creation: 32470469ms, elapsed time since send: 32470469ms, throttle time: 0ms, request timeout: 30000ms)
2026-09-01T13:42:05.920+05:30  INFO 37252 --- [bmp-rewards-service] [21-94a341606310] o.a.kafka.clients.FetchSessionHandler    : [Consumer clientId=consumer-anonymous.b10b50d1-c4e9-4e48-aa21-94a341606310-2, groupId=anonymous.b10b50d1-c4e9-4e48-aa21-94a341606310] Error sending fetch request (sessionId=1539433479, epoch=14) to node 1:

org.apache.kafka.common.errors.DisconnectException: null

2026-09-01T13:42:05.921+05:30  INFO 37252 --- [bmp-rewards-service] [21-94a341606310] o.a.k.c.c.internals.ConsumerCoordinator  : [Consumer clientId=consumer-anonymous.b10b50d1-c4e9-4e48-aa21-94a341606310-2, groupId=anonymous.b10b50d1-c4e9-4e48-aa21-94a341606310] Group coordinator localhost:9092 (id: 2147483646 rack: null) is unavailable or invalid due to cause: session timed out without receiving a heartbeat response. isDisconnected: false. Rediscovery will be attempted.
2026-09-01T13:42:05.921+05:30  INFO 37252 --- [bmp-rewards-service] [21-94a341606310] o.a.k.c.c.internals.ConsumerCoordinator  : [Consumer clientId=consumer-anonymous.b10b50d1-c4e9-4e48-aa21-94a341606310-2, groupId=anonymous.b10b50d1-c4e9-4e48-aa21-94a341606310] Requesting disconnect from last known coordinator localhost:9092 (id: 2147483646 rack: null)
2026-09-01T13:42:05.921+05:30  INFO 37252 --- [bmp-rewards-service] [21-94a341606310] org.apache.kafka.clients.NetworkClient   : [Consumer clientId=consumer-anonymous.b10b50d1-c4e9-4e48-aa21-94a341606310-2, groupId=anonymous.b10b50d1-c4e9-4e48-aa21-94a341606310] Client requested disconnect from node 2147483646
2026-09-01T13:42:06.672+05:30  INFO 37252 --- [bmp-rewards-service] [container-0-C-1] o.a.k.c.c.internals.ConsumerCoordinator  : [Consumer clientId=consumer-anonymous.b10b50d1-c4e9-4e48-aa21-94a341606310-2, groupId=anonymous.b10b50d1-c4e9-4e48-aa21-94a341606310] Discovered group coordinator localhost:9092 (id: 2147483646 rack: null)
2026-09-01T13:42:19.383+05:30  WARN 37252 --- [bmp-rewards-service] [l-1 housekeeper] com.zaxxer.hikari.pool.HikariPool        : HikariPool-1 - Thread starvation or clock leap detected (housekeeper delta=9h1m39s105ms242µs300ns).
2026-09-01T13:42:19.792+05:30  INFO 37252 --- [bmp-rewards-service] [vice-producer-1] org.apache.kafka.clients.NetworkClient   : [Producer clientId=bmp-rewards-service-producer-1] Node 1 disconnected.
2026-09-01T13:42:28.292+05:30  INFO 37252 --- [bmp-rewards-service] [pool-2-thread-1] org.apache.kafka.clients.NetworkClient   : [Consumer clientId=consumer-anonymous.b10b50d1-c4e9-4e48-aa21-94a341606310-3, groupId=anonymous.b10b50d1-c4e9-4e48-aa21-94a341606310] Node 2147483646 disconnected.
2026-09-01T13:42:42.609+05:30  INFO 37252 --- [bmp-rewards-service] [rap-executor-%d] c.n.d.s.r.aws.ConfigClusterResolver      : Resolving eureka endpoints via configuration
2026-09-01T13:47:42.665+05:30  INFO 37252 --- [bmp-rewards-service] [rap-executor-%d] c.n.d.s.r.aws.ConfigClusterResolver      : Resolving eureka endpoints via configuration
2026-09-01T13:52:42.747+05:30  INFO 37252 --- [bmp-rewards-service] [rap-executor-%d] c.n.d.s.r.aws.ConfigClusterResolver      : Resolving eureka endpoints via configuration
2026-09-01T13:57:42.800+05:30  INFO 37252 --- [bmp-rewards-service] [rap-executor-%d] c.n.d.s.r.aws.ConfigClusterResolver      : Resolving eureka endpoints via configuration
2026-09-01T14:02:42.805+05:30  INFO 37252 --- [bmp-rewards-service] [rap-executor-%d] c.n.d.s.r.aws.ConfigClusterResolver      : Resolving eureka endpoints via configuration
2026-09-01T14:44:41.764+05:30  WARN 37252 --- [bmp-rewards-service] [l-1 housekeeper] com.zaxxer.hikari.pool.HikariPool        : HikariPool-1 - Thread starvation or clock leap detected (housekeeper delta=41m21s464ms32µs300ns).
2026-09-01T14:44:41.858+05:30  INFO 37252 --- [bmp-rewards-service] [vice-producer-1] org.apache.kafka.clients.NetworkClient   : [Producer clientId=bmp-rewards-service-producer-1] Node 1 disconnected.
2026-09-01T14:44:41.908+05:30  INFO 37252 --- [bmp-rewards-service] [21-94a341606310] org.apache.kafka.clients.NetworkClient   : [Consumer clientId=consumer-anonymous.b10b50d1-c4e9-4e48-aa21-94a341606310-2, groupId=anonymous.b10b50d1-c4e9-4e48-aa21-94a341606310] Node 2147483646 disconnected.
2026-09-01T14:44:41.995+05:30  INFO 37252 --- [bmp-rewards-service] [21-94a341606310] org.apache.kafka.clients.NetworkClient   : [Consumer clientId=consumer-anonymous.b10b50d1-c4e9-4e48-aa21-94a341606310-2, groupId=anonymous.b10b50d1-c4e9-4e48-aa21-94a341606310] Disconnecting from node 1 due to request timeout.
2026-09-01T14:44:41.998+05:30  INFO 37252 --- [bmp-rewards-service] [21-94a341606310] org.apache.kafka.clients.NetworkClient   : [Consumer clientId=consumer-anonymous.b10b50d1-c4e9-4e48-aa21-94a341606310-2, groupId=anonymous.b10b50d1-c4e9-4e48-aa21-94a341606310] Cancelled in-flight FETCH request with correlation id 165383 due to node 1 being disconnected (elapsed time since creation: 2455009ms, elapsed time since send: 2455009ms, throttle time: 0ms, request timeout: 30000ms)
2026-09-01T14:44:42.071+05:30  INFO 37252 --- [bmp-rewards-service] [21-94a341606310] o.a.kafka.clients.FetchSessionHandler    : [Consumer clientId=consumer-anonymous.b10b50d1-c4e9-4e48-aa21-94a341606310-2, groupId=anonymous.b10b50d1-c4e9-4e48-aa21-94a341606310] Error sending fetch request (sessionId=342893361, epoch=2575) to node 1:

org.apache.kafka.common.errors.DisconnectException: null

2026-09-01T14:44:42.343+05:30  INFO 37252 --- [bmp-rewards-service] [21-94a341606310] o.a.k.c.c.internals.ConsumerCoordinator  : [Consumer clientId=consumer-anonymous.b10b50d1-c4e9-4e48-aa21-94a341606310-2, groupId=anonymous.b10b50d1-c4e9-4e48-aa21-94a341606310] Group coordinator localhost:9092 (id: 2147483646 rack: null) is unavailable or invalid due to cause: session timed out without receiving a heartbeat response. isDisconnected: false. Rediscovery will be attempted.
2026-09-01T14:44:42.344+05:30  INFO 37252 --- [bmp-rewards-service] [21-94a341606310] o.a.k.c.c.internals.ConsumerCoordinator  : [Consumer clientId=consumer-anonymous.b10b50d1-c4e9-4e48-aa21-94a341606310-2, groupId=anonymous.b10b50d1-c4e9-4e48-aa21-94a341606310] Requesting disconnect from last known coordinator localhost:9092 (id: 2147483646 rack: null)
2026-09-01T14:44:42.711+05:30  INFO 37252 --- [bmp-rewards-service] [container-0-C-1] o.a.k.c.c.internals.ConsumerCoordinator  : [Consumer clientId=consumer-anonymous.b10b50d1-c4e9-4e48-aa21-94a341606310-2, groupId=anonymous.b10b50d1-c4e9-4e48-aa21-94a341606310] Discovered group coordinator localhost:9092 (id: 2147483646 rack: null)
2026-09-01T14:45:20.370+05:30  INFO 37252 --- [bmp-rewards-service] [pool-2-thread-1] org.apache.kafka.clients.NetworkClient   : [Consumer clientId=consumer-anonymous.b10b50d1-c4e9-4e48-aa21-94a341606310-3, groupId=anonymous.b10b50d1-c4e9-4e48-aa21-94a341606310] Node 2147483646 disconnected.
2026-09-01T14:45:20.379+05:30  INFO 37252 --- [bmp-rewards-service] [pool-2-thread-1] o.a.k.c.c.internals.ConsumerCoordinator  : [Consumer clientId=consumer-anonymous.b10b50d1-c4e9-4e48-aa21-94a341606310-3, groupId=anonymous.b10b50d1-c4e9-4e48-aa21-94a341606310] Group coordinator localhost:9092 (id: 2147483646 rack: null) is unavailable or invalid due to cause: coordinator unavailable. isDisconnected: true. Rediscovery will be attempted.
2026-09-01T14:45:20.382+05:30  INFO 37252 --- [bmp-rewards-service] [pool-2-thread-1] o.a.k.c.c.internals.ConsumerCoordinator  : [Consumer clientId=consumer-anonymous.b10b50d1-c4e9-4e48-aa21-94a341606310-3, groupId=anonymous.b10b50d1-c4e9-4e48-aa21-94a341606310] Discovered group coordinator localhost:9092 (id: 2147483646 rack: null)
2026-09-01T14:45:20.382+05:30  INFO 37252 --- [bmp-rewards-service] [pool-2-thread-1] o.a.k.c.c.internals.ConsumerCoordinator  : [Consumer clientId=consumer-anonymous.b10b50d1-c4e9-4e48-aa21-94a341606310-3, groupId=anonymous.b10b50d1-c4e9-4e48-aa21-94a341606310] Group coordinator localhost:9092 (id: 2147483646 rack: null) is unavailable or invalid due to cause: coordinator unavailable. isDisconnected: false. Rediscovery will be attempted.
2026-09-01T14:45:20.382+05:30  INFO 37252 --- [bmp-rewards-service] [pool-2-thread-1] o.a.k.c.c.internals.ConsumerCoordinator  : [Consumer clientId=consumer-anonymous.b10b50d1-c4e9-4e48-aa21-94a341606310-3, groupId=anonymous.b10b50d1-c4e9-4e48-aa21-94a341606310] Requesting disconnect from last known coordinator localhost:9092 (id: 2147483646 rack: null)
2026-09-01T14:45:20.507+05:30  INFO 37252 --- [bmp-rewards-service] [pool-2-thread-1] o.a.k.c.c.internals.ConsumerCoordinator  : [Consumer clientId=consumer-anonymous.b10b50d1-c4e9-4e48-aa21-94a341606310-3, groupId=anonymous.b10b50d1-c4e9-4e48-aa21-94a341606310] Discovered group coordinator localhost:9092 (id: 2147483646 rack: null)
2026-09-01T14:48:34.146+05:30  INFO 37252 --- [bmp-rewards-service] [rap-executor-%d] c.n.d.s.r.aws.ConfigClusterResolver      : Resolving eureka endpoints via configuration
2026-09-01T14:53:34.157+05:30  INFO 37252 --- [bmp-rewards-service] [rap-executor-%d] c.n.d.s.r.aws.ConfigClusterResolver      : Resolving eureka endpoints via configuration
2026-09-01T14:58:34.182+05:30  INFO 37252 --- [bmp-rewards-service] [rap-executor-%d] c.n.d.s.r.aws.ConfigClusterResolver      : Resolving eureka endpoints via configuration
2026-09-01T15:03:34.248+05:30  INFO 37252 --- [bmp-rewards-service] [rap-executor-%d] c.n.d.s.r.aws.ConfigClusterResolver      : Resolving eureka endpoints via configuration
2026-09-01T15:08:34.275+05:30  INFO 37252 --- [bmp-rewards-service] [rap-executor-%d] c.n.d.s.r.aws.ConfigClusterResolver      : Resolving eureka endpoints via configuration
2026-09-01T15:13:34.291+05:30  INFO 37252 --- [bmp-rewards-service] [rap-executor-%d] c.n.d.s.r.aws.ConfigClusterResolver      : Resolving eureka endpoints via configuration
2026-09-01T15:18:34.303+05:30  INFO 37252 --- [bmp-rewards-service] [rap-executor-%d] c.n.d.s.r.aws.ConfigClusterResolver      : Resolving eureka endpoints via configuration
2026-09-01T15:23:34.316+05:30  INFO 37252 --- [bmp-rewards-service] [rap-executor-%d] c.n.d.s.r.aws.ConfigClusterResolver      : Resolving eureka endpoints via configuration
2026-09-01T15:28:34.330+05:30  INFO 37252 --- [bmp-rewards-service] [rap-executor-%d] c.n.d.s.r.aws.ConfigClusterResolver      : Resolving eureka endpoints via configuration
2026-09-01T15:33:34.340+05:30  INFO 37252 --- [bmp-rewards-service] [rap-executor-%d] c.n.d.s.r.aws.ConfigClusterResolver      : Resolving eureka endpoints via configuration
2026-09-01T15:38:34.355+05:30  INFO 37252 --- [bmp-rewards-service] [rap-executor-%d] c.n.d.s.r.aws.ConfigClusterResolver      : Resolving eureka endpoints via configuration
2026-09-01T15:43:34.369+05:30  INFO 37252 --- [bmp-rewards-service] [rap-executor-%d] c.n.d.s.r.aws.ConfigClusterResolver      : Resolving eureka endpoints via configuration
2026-09-01T15:48:34.382+05:30  INFO 37252 --- [bmp-rewards-service] [rap-executor-%d] c.n.d.s.r.aws.ConfigClusterResolver      : Resolving eureka endpoints via configuration
2026-09-01T15:53:34.389+05:30  INFO 37252 --- [bmp-rewards-service] [rap-executor-%d] c.n.d.s.r.aws.ConfigClusterResolver      : Resolving eureka endpoints via configuration
2026-09-01T15:58:34.405+05:30  INFO 37252 --- [bmp-rewards-service] [rap-executor-%d] c.n.d.s.r.aws.ConfigClusterResolver      : Resolving eureka endpoints via configuration
2026-09-01T16:03:34.434+05:30  INFO 37252 --- [bmp-rewards-service] [rap-executor-%d] c.n.d.s.r.aws.ConfigClusterResolver      : Resolving eureka endpoints via configuration
2026-09-01T16:08:34.443+05:30  INFO 37252 --- [bmp-rewards-service] [rap-executor-%d] c.n.d.s.r.aws.ConfigClusterResolver      : Resolving eureka endpoints via configuration
2026-09-01T16:13:34.460+05:30  INFO 37252 --- [bmp-rewards-service] [rap-executor-%d] c.n.d.s.r.aws.ConfigClusterResolver      : Resolving eureka endpoints via configuration
2026-09-01T16:18:34.463+05:30  INFO 37252 --- [bmp-rewards-service] [rap-executor-%d] c.n.d.s.r.aws.ConfigClusterResolver      : Resolving eureka endpoints via configuration
2026-09-01T17:07:55.943+05:30  INFO 37252 --- [bmp-rewards-service] [21-94a341606310] org.apache.kafka.clients.NetworkClient   : [Consumer clientId=consumer-anonymous.b10b50d1-c4e9-4e48-aa21-94a341606310-2, groupId=anonymous.b10b50d1-c4e9-4e48-aa21-94a341606310] Node 2147483646 disconnected.
2026-09-01T17:07:56.202+05:30  INFO 37252 --- [bmp-rewards-service] [21-94a341606310] org.apache.kafka.clients.NetworkClient   : [Consumer clientId=consumer-anonymous.b10b50d1-c4e9-4e48-aa21-94a341606310-2, groupId=anonymous.b10b50d1-c4e9-4e48-aa21-94a341606310] Cancelled in-flight HEARTBEAT request with correlation id 178974 due to node 2147483646 being disconnected (elapsed time since creation: 2726464ms, elapsed time since send: 2726464ms, throttle time: 0ms, request timeout: 30000ms)
2026-09-01T17:07:56.498+05:30  INFO 37252 --- [bmp-rewards-service] [21-94a341606310] org.apache.kafka.clients.NetworkClient   : [Consumer clientId=consumer-anonymous.b10b50d1-c4e9-4e48-aa21-94a341606310-2, groupId=anonymous.b10b50d1-c4e9-4e48-aa21-94a341606310] Disconnecting from node 1 due to request timeout.
2026-09-01T17:07:56.498+05:30  INFO 37252 --- [bmp-rewards-service] [21-94a341606310] org.apache.kafka.clients.NetworkClient   : [Consumer clientId=consumer-anonymous.b10b50d1-c4e9-4e48-aa21-94a341606310-2, groupId=anonymous.b10b50d1-c4e9-4e48-aa21-94a341606310] Cancelled in-flight FETCH request with correlation id 178973 due to node 1 being disconnected (elapsed time since creation: 2728522ms, elapsed time since send: 2728522ms, throttle time: 0ms, request timeout: 30000ms)
2026-09-01T17:07:56.876+05:30  INFO 37252 --- [bmp-rewards-service] [21-94a341606310] o.a.k.c.c.internals.ConsumerCoordinator  : [Consumer clientId=consumer-anonymous.b10b50d1-c4e9-4e48-aa21-94a341606310-2, groupId=anonymous.b10b50d1-c4e9-4e48-aa21-94a341606310] Group coordinator localhost:9092 (id: 2147483646 rack: null) is unavailable or invalid due to cause: null. isDisconnected: true. Rediscovery will be attempted.
2026-09-01T17:07:56.980+05:30  INFO 37252 --- [bmp-rewards-service] [21-94a341606310] o.a.kafka.clients.FetchSessionHandler    : [Consumer clientId=consumer-anonymous.b10b50d1-c4e9-4e48-aa21-94a341606310-2, groupId=anonymous.b10b50d1-c4e9-4e48-aa21-94a341606310] Error sending fetch request (sessionId=804191790, epoch=11596) to node 1:

org.apache.kafka.common.errors.DisconnectException: null

2026-09-01T17:07:59.503+05:30  INFO 37252 --- [bmp-rewards-service] [container-0-C-1] o.a.k.c.c.internals.ConsumerCoordinator  : [Consumer clientId=consumer-anonymous.b10b50d1-c4e9-4e48-aa21-94a341606310-2, groupId=anonymous.b10b50d1-c4e9-4e48-aa21-94a341606310] Discovered group coordinator localhost:9092 (id: 2147483646 rack: null)
2026-09-01T17:08:07.926+05:30  INFO 37252 --- [bmp-rewards-service] [vice-producer-1] org.apache.kafka.clients.NetworkClient   : [Producer clientId=bmp-rewards-service-producer-1] Node 1 disconnected.
2026-09-01T17:08:08.310+05:30  WARN 37252 --- [bmp-rewards-service] [l-1 housekeeper] com.zaxxer.hikari.pool.HikariPool        : HikariPool-1 - Thread starvation or clock leap detected (housekeeper delta=45m55s61ms232µs600ns).
2026-09-01T17:08:47.268+05:30  INFO 37252 --- [bmp-rewards-service] [pool-2-thread-1] org.apache.kafka.clients.NetworkClient   : [Consumer clientId=consumer-anonymous.b10b50d1-c4e9-4e48-aa21-94a341606310-3, groupId=anonymous.b10b50d1-c4e9-4e48-aa21-94a341606310] Node 2147483646 disconnected.
2026-09-01T17:08:47.275+05:30  INFO 37252 --- [bmp-rewards-service] [pool-2-thread-1] o.a.k.c.c.internals.ConsumerCoordinator  : [Consumer clientId=consumer-anonymous.b10b50d1-c4e9-4e48-aa21-94a341606310-3, groupId=anonymous.b10b50d1-c4e9-4e48-aa21-94a341606310] Group coordinator localhost:9092 (id: 2147483646 rack: null) is unavailable or invalid due to cause: coordinator unavailable. isDisconnected: true. Rediscovery will be attempted.
2026-09-01T17:08:47.276+05:30  INFO 37252 --- [bmp-rewards-service] [pool-2-thread-1] o.a.k.c.c.internals.ConsumerCoordinator  : [Consumer clientId=consumer-anonymous.b10b50d1-c4e9-4e48-aa21-94a341606310-3, groupId=anonymous.b10b50d1-c4e9-4e48-aa21-94a341606310] Discovered group coordinator localhost:9092 (id: 2147483646 rack: null)
2026-09-01T17:08:47.276+05:30  INFO 37252 --- [bmp-rewards-service] [pool-2-thread-1] o.a.k.c.c.internals.ConsumerCoordinator  : [Consumer clientId=consumer-anonymous.b10b50d1-c4e9-4e48-aa21-94a341606310-3, groupId=anonymous.b10b50d1-c4e9-4e48-aa21-94a341606310] Group coordinator localhost:9092 (id: 2147483646 rack: null) is unavailable or invalid due to cause: coordinator unavailable. isDisconnected: false. Rediscovery will be attempted.
2026-09-01T17:08:47.276+05:30  INFO 37252 --- [bmp-rewards-service] [pool-2-thread-1] o.a.k.c.c.internals.ConsumerCoordinator  : [Consumer clientId=consumer-anonymous.b10b50d1-c4e9-4e48-aa21-94a341606310-3, groupId=anonymous.b10b50d1-c4e9-4e48-aa21-94a341606310] Requesting disconnect from last known coordinator localhost:9092 (id: 2147483646 rack: null)
2026-09-01T17:08:47.405+05:30  INFO 37252 --- [bmp-rewards-service] [pool-2-thread-1] o.a.k.c.c.internals.ConsumerCoordinator  : [Consumer clientId=consumer-anonymous.b10b50d1-c4e9-4e48-aa21-94a341606310-3, groupId=anonymous.b10b50d1-c4e9-4e48-aa21-94a341606310] Discovered group coordinator localhost:9092 (id: 2147483646 rack: null)
2026-09-01T17:08:59.386+05:30  INFO 37252 --- [bmp-rewards-service] [rap-executor-%d] c.n.d.s.r.aws.ConfigClusterResolver      : Resolving eureka endpoints via configuration
2026-09-01T17:13:59.402+05:30  INFO 37252 --- [bmp-rewards-service] [rap-executor-%d] c.n.d.s.r.aws.ConfigClusterResolver      : Resolving eureka endpoints via configuration
2026-09-01T17:18:59.408+05:30  INFO 37252 --- [bmp-rewards-service] [rap-executor-%d] c.n.d.s.r.aws.ConfigClusterResolver      : Resolving eureka endpoints via configuration
2026-09-01T17:23:59.421+05:30  INFO 37252 --- [bmp-rewards-service] [rap-executor-%d] c.n.d.s.r.aws.ConfigClusterResolver      : Resolving eureka endpoints via configuration
2026-09-01T17:28:59.449+05:30  INFO 37252 --- [bmp-rewards-service] [rap-executor-%d] c.n.d.s.r.aws.ConfigClusterResolver      : Resolving eureka endpoints via configuration
2026-09-01T17:33:59.454+05:30  INFO 37252 --- [bmp-rewards-service] [rap-executor-%d] c.n.d.s.r.aws.ConfigClusterResolver      : Resolving eureka endpoints via configuration
2026-09-01T17:38:59.461+05:30  INFO 37252 --- [bmp-rewards-service] [rap-executor-%d] c.n.d.s.r.aws.ConfigClusterResolver      : Resolving eureka endpoints via configuration
2026-09-01T17:43:59.472+05:30  INFO 37252 --- [bmp-rewards-service] [rap-executor-%d] c.n.d.s.r.aws.ConfigClusterResolver      : Resolving eureka endpoints via configuration
2026-09-01T17:48:59.480+05:30  INFO 37252 --- [bmp-rewards-service] [rap-executor-%d] c.n.d.s.r.aws.ConfigClusterResolver      : Resolving eureka endpoints via configuration
2026-09-01T17:53:59.487+05:30  INFO 37252 --- [bmp-rewards-service] [rap-executor-%d] c.n.d.s.r.aws.ConfigClusterResolver      : Resolving eureka endpoints via configuration
2026-09-01T17:58:59.507+05:30  INFO 37252 --- [bmp-rewards-service] [rap-executor-%d] c.n.d.s.r.aws.ConfigClusterResolver      : Resolving eureka endpoints via configuration
2026-09-01T18:03:59.525+05:30  INFO 37252 --- [bmp-rewards-service] [rap-executor-%d] c.n.d.s.r.aws.ConfigClusterResolver      : Resolving eureka endpoints via configuration
2026-09-01T18:15:31.871+05:30  INFO 37252 --- [bmp-rewards-service] [container-0-C-1] org.apache.kafka.clients.NetworkClient   : [Consumer clientId=consumer-anonymous.b10b50d1-c4e9-4e48-aa21-94a341606310-2, groupId=anonymous.b10b50d1-c4e9-4e48-aa21-94a341606310] Node 2147483646 disconnected.
2026-09-01T18:15:31.996+05:30  INFO 37252 --- [bmp-rewards-service] [pool-2-thread-1] org.apache.kafka.clients.NetworkClient   : [Consumer clientId=consumer-anonymous.b10b50d1-c4e9-4e48-aa21-94a341606310-3, groupId=anonymous.b10b50d1-c4e9-4e48-aa21-94a341606310] Node 2147483646 disconnected.
2026-09-01T18:15:32.120+05:30  INFO 37252 --- [bmp-rewards-service] [container-0-C-1] org.apache.kafka.clients.NetworkClient   : [Consumer clientId=consumer-anonymous.b10b50d1-c4e9-4e48-aa21-94a341606310-2, groupId=anonymous.b10b50d1-c4e9-4e48-aa21-94a341606310] Disconnecting from node 1 due to request timeout.
2026-09-01T18:15:32.168+05:30  INFO 37252 --- [bmp-rewards-service] [container-0-C-1] org.apache.kafka.clients.NetworkClient   : [Consumer clientId=consumer-anonymous.b10b50d1-c4e9-4e48-aa21-94a341606310-2, groupId=anonymous.b10b50d1-c4e9-4e48-aa21-94a341606310] Cancelled in-flight FETCH request with correlation id 186866 due to node 1 being disconnected (elapsed time since creation: 646650ms, elapsed time since send: 646650ms, throttle time: 0ms, request timeout: 30000ms)
2026-09-01T18:15:32.214+05:30  INFO 37252 --- [bmp-rewards-service] [21-94a341606310] o.a.k.c.c.internals.ConsumerCoordinator  : [Consumer clientId=consumer-anonymous.b10b50d1-c4e9-4e48-aa21-94a341606310-2, groupId=anonymous.b10b50d1-c4e9-4e48-aa21-94a341606310] Group coordinator localhost:9092 (id: 2147483646 rack: null) is unavailable or invalid due to cause: session timed out without receiving a heartbeat response. isDisconnected: false. Rediscovery will be attempted.
2026-09-01T18:15:32.214+05:30  INFO 37252 --- [bmp-rewards-service] [21-94a341606310] o.a.k.c.c.internals.ConsumerCoordinator  : [Consumer clientId=consumer-anonymous.b10b50d1-c4e9-4e48-aa21-94a341606310-2, groupId=anonymous.b10b50d1-c4e9-4e48-aa21-94a341606310] Requesting disconnect from last known coordinator localhost:9092 (id: 2147483646 rack: null)
2026-09-01T18:15:32.213+05:30  INFO 37252 --- [bmp-rewards-service] [container-0-C-1] o.a.kafka.clients.FetchSessionHandler    : [Consumer clientId=consumer-anonymous.b10b50d1-c4e9-4e48-aa21-94a341606310-2, groupId=anonymous.b10b50d1-c4e9-4e48-aa21-94a341606310] Error sending fetch request (sessionId=346697503, epoch=6730) to node 1:

org.apache.kafka.common.errors.DisconnectException: null

2026-09-01T18:15:34.382+05:30  INFO 37252 --- [bmp-rewards-service] [container-0-C-1] o.a.k.c.c.internals.ConsumerCoordinator  : [Consumer clientId=consumer-anonymous.b10b50d1-c4e9-4e48-aa21-94a341606310-2, groupId=anonymous.b10b50d1-c4e9-4e48-aa21-94a341606310] Discovered group coordinator localhost:9092 (id: 2147483646 rack: null)
2026-09-01T18:15:34.386+05:30  INFO 37252 --- [bmp-rewards-service] [container-0-C-1] o.a.k.c.c.internals.ConsumerCoordinator  : [Consumer clientId=consumer-anonymous.b10b50d1-c4e9-4e48-aa21-94a341606310-2, groupId=anonymous.b10b50d1-c4e9-4e48-aa21-94a341606310] Discovered group coordinator localhost:9092 (id: 2147483646 rack: null)
2026-09-01T18:15:34.387+05:30  INFO 37252 --- [bmp-rewards-service] [container-0-C-1] o.a.k.c.c.internals.ConsumerCoordinator  : [Consumer clientId=consumer-anonymous.b10b50d1-c4e9-4e48-aa21-94a341606310-2, groupId=anonymous.b10b50d1-c4e9-4e48-aa21-94a341606310] Discovered group coordinator localhost:9092 (id: 2147483646 rack: null)
2026-09-01T18:15:51.403+05:30  INFO 37252 --- [bmp-rewards-service] [vice-producer-1] org.apache.kafka.clients.NetworkClient   : [Producer clientId=bmp-rewards-service-producer-1] Node 1 disconnected.
2026-09-01T18:15:52.547+05:30  WARN 37252 --- [bmp-rewards-service] [l-1 housekeeper] com.zaxxer.hikari.pool.HikariPool        : HikariPool-1 - Thread starvation or clock leap detected (housekeeper delta=11m13s291ms251µs300ns).
2026-09-01T18:19:42.681+05:30  INFO 37252 --- [bmp-rewards-service] [rap-executor-%d] c.n.d.s.r.aws.ConfigClusterResolver      : Resolving eureka endpoints via configuration
2026-09-01T18:24:42.693+05:30  INFO 37252 --- [bmp-rewards-service] [rap-executor-%d] c.n.d.s.r.aws.ConfigClusterResolver      : Resolving eureka endpoints via configuration
2026-09-01T18:29:42.712+05:30  INFO 37252 --- [bmp-rewards-service] [rap-executor-%d] c.n.d.s.r.aws.ConfigClusterResolver      : Resolving eureka endpoints via configuration
2026-09-01T18:34:42.724+05:30  INFO 37252 --- [bmp-rewards-service] [rap-executor-%d] c.n.d.s.r.aws.ConfigClusterResolver      : Resolving eureka endpoints via configuration
2026-09-01T18:39:42.737+05:30  INFO 37252 --- [bmp-rewards-service] [rap-executor-%d] c.n.d.s.r.aws.ConfigClusterResolver      : Resolving eureka endpoints via configuration
2026-09-01T18:44:42.761+05:30  INFO 37252 --- [bmp-rewards-service] [rap-executor-%d] c.n.d.s.r.aws.ConfigClusterResolver      : Resolving eureka endpoints via configuration
2026-09-01T18:49:42.771+05:30  INFO 37252 --- [bmp-rewards-service] [rap-executor-%d] c.n.d.s.r.aws.ConfigClusterResolver      : Resolving eureka endpoints via configuration
2026-09-01T18:54:42.791+05:30  INFO 37252 --- [bmp-rewards-service] [rap-executor-%d] c.n.d.s.r.aws.ConfigClusterResolver      : Resolving eureka endpoints via configuration
2026-09-01T18:59:42.801+05:30  INFO 37252 --- [bmp-rewards-service] [rap-executor-%d] c.n.d.s.r.aws.ConfigClusterResolver      : Resolving eureka endpoints via configuration
2026-09-01T19:04:42.819+05:30  INFO 37252 --- [bmp-rewards-service] [rap-executor-%d] c.n.d.s.r.aws.ConfigClusterResolver      : Resolving eureka endpoints via configuration
2026-09-01T19:09:42.828+05:30  INFO 37252 --- [bmp-rewards-service] [rap-executor-%d] c.n.d.s.r.aws.ConfigClusterResolver      : Resolving eureka endpoints via configuration
2026-09-01T19:14:42.838+05:30  INFO 37252 --- [bmp-rewards-service] [rap-executor-%d] c.n.d.s.r.aws.ConfigClusterResolver      : Resolving eureka endpoints via configuration
2026-09-01T19:19:42.861+05:30  INFO 37252 --- [bmp-rewards-service] [rap-executor-%d] c.n.d.s.r.aws.ConfigClusterResolver      : Resolving eureka endpoints via configuration
2026-09-01T22:19:18.978+05:30  INFO 37252 --- [bmp-rewards-service] [21-94a341606310] org.apache.kafka.clients.NetworkClient   : [Consumer clientId=consumer-anonymous.b10b50d1-c4e9-4e48-aa21-94a341606310-2, groupId=anonymous.b10b50d1-c4e9-4e48-aa21-94a341606310] Node 1 disconnected.
2026-09-01T22:19:19.026+05:30  INFO 37252 --- [bmp-rewards-service] [21-94a341606310] org.apache.kafka.clients.NetworkClient   : [Consumer clientId=consumer-anonymous.b10b50d1-c4e9-4e48-aa21-94a341606310-2, groupId=anonymous.b10b50d1-c4e9-4e48-aa21-94a341606310] Cancelled in-flight FETCH request with correlation id 196236 due to node 1 being disconnected (elapsed time since creation: 10576234ms, elapsed time since send: 10576234ms, throttle time: 0ms, request timeout: 30000ms)
2026-09-01T22:19:19.034+05:30  INFO 37252 --- [bmp-rewards-service] [21-94a341606310] org.apache.kafka.clients.NetworkClient   : [Consumer clientId=consumer-anonymous.b10b50d1-c4e9-4e48-aa21-94a341606310-2, groupId=anonymous.b10b50d1-c4e9-4e48-aa21-94a341606310] Disconnecting from node 2147483646 due to request timeout.
2026-09-01T22:19:19.043+05:30  INFO 37252 --- [bmp-rewards-service] [21-94a341606310] org.apache.kafka.clients.NetworkClient   : [Consumer clientId=consumer-anonymous.b10b50d1-c4e9-4e48-aa21-94a341606310-2, groupId=anonymous.b10b50d1-c4e9-4e48-aa21-94a341606310] Cancelled in-flight HEARTBEAT request with correlation id 196237 due to node 2147483646 being disconnected (elapsed time since creation: 10575181ms, elapsed time since send: 10575180ms, throttle time: 0ms, request timeout: 30000ms)
2026-09-01T22:19:19.084+05:30  INFO 37252 --- [bmp-rewards-service] [21-94a341606310] o.a.kafka.clients.FetchSessionHandler    : [Consumer clientId=consumer-anonymous.b10b50d1-c4e9-4e48-aa21-94a341606310-2, groupId=anonymous.b10b50d1-c4e9-4e48-aa21-94a341606310] Error sending fetch request (sessionId=716969516, epoch=7990) to node 1:

org.apache.kafka.common.errors.DisconnectException: null

2026-09-01T22:19:19.192+05:30  INFO 37252 --- [bmp-rewards-service] [21-94a341606310] o.a.k.c.c.internals.ConsumerCoordinator  : [Consumer clientId=consumer-anonymous.b10b50d1-c4e9-4e48-aa21-94a341606310-2, groupId=anonymous.b10b50d1-c4e9-4e48-aa21-94a341606310] Group coordinator localhost:9092 (id: 2147483646 rack: null) is unavailable or invalid due to cause: null. isDisconnected: true. Rediscovery will be attempted.
2026-09-01T22:19:23.567+05:30  INFO 37252 --- [bmp-rewards-service] [container-0-C-1] o.a.k.c.c.internals.ConsumerCoordinator  : [Consumer clientId=consumer-anonymous.b10b50d1-c4e9-4e48-aa21-94a341606310-2, groupId=anonymous.b10b50d1-c4e9-4e48-aa21-94a341606310] Discovered group coordinator localhost:9092 (id: 2147483646 rack: null)
2026-09-01T22:19:33.617+05:30  INFO 37252 --- [bmp-rewards-service] [vice-producer-1] org.apache.kafka.clients.NetworkClient   : [Producer clientId=bmp-rewards-service-producer-1] Node 1 disconnected.
2026-09-01T22:19:35.631+05:30  WARN 37252 --- [bmp-rewards-service] [l-1 housekeeper] com.zaxxer.hikari.pool.HikariPool        : HikariPool-1 - Thread starvation or clock leap detected (housekeeper delta=2h56m41s946ms19µs).
2026-09-01T22:19:47.971+05:30  INFO 37252 --- [bmp-rewards-service] [pool-2-thread-1] org.apache.kafka.clients.NetworkClient   : [Consumer clientId=consumer-anonymous.b10b50d1-c4e9-4e48-aa21-94a341606310-3, groupId=anonymous.b10b50d1-c4e9-4e48-aa21-94a341606310] Node 2147483646 disconnected.
2026-09-01T22:20:54.635+05:30  INFO 37252 --- [bmp-rewards-service] [rap-executor-%d] c.n.d.s.r.aws.ConfigClusterResolver      : Resolving eureka endpoints via configuration
2026-09-01T22:25:54.711+05:30  INFO 37252 --- [bmp-rewards-service] [rap-executor-%d] c.n.d.s.r.aws.ConfigClusterResolver      : Resolving eureka endpoints via configuration
2026-09-01T22:30:54.751+05:30  INFO 37252 --- [bmp-rewards-service] [rap-executor-%d] c.n.d.s.r.aws.ConfigClusterResolver      : Resolving eureka endpoints via configuration
2026-09-01T22:35:54.780+05:30  INFO 37252 --- [bmp-rewards-service] [rap-executor-%d] c.n.d.s.r.aws.ConfigClusterResolver      : Resolving eureka endpoints via configuration
2026-09-01T22:40:54.800+05:30  INFO 37252 --- [bmp-rewards-service] [rap-executor-%d] c.n.d.s.r.aws.ConfigClusterResolver      : Resolving eureka endpoints via configuration
2026-09-01T22:45:54.824+05:30  INFO 37252 --- [bmp-rewards-service] [rap-executor-%d] c.n.d.s.r.aws.ConfigClusterResolver      : Resolving eureka endpoints via configuration
2026-09-01T22:50:54.836+05:30  INFO 37252 --- [bmp-rewards-service] [rap-executor-%d] c.n.d.s.r.aws.ConfigClusterResolver      : Resolving eureka endpoints via configuration
2026-09-01T22:55:54.840+05:30  INFO 37252 --- [bmp-rewards-service] [rap-executor-%d] c.n.d.s.r.aws.ConfigClusterResolver      : Resolving eureka endpoints via configuration
2026-09-01T23:00:54.847+05:30  INFO 37252 --- [bmp-rewards-service] [rap-executor-%d] c.n.d.s.r.aws.ConfigClusterResolver      : Resolving eureka endpoints via configuration
2026-09-01T23:05:54.862+05:30  INFO 37252 --- [bmp-rewards-service] [rap-executor-%d] c.n.d.s.r.aws.ConfigClusterResolver      : Resolving eureka endpoints via configuration
2026-09-01T23:10:54.868+05:30  INFO 37252 --- [bmp-rewards-service] [rap-executor-%d] c.n.d.s.r.aws.ConfigClusterResolver      : Resolving eureka endpoints via configuration
2026-09-01T23:15:54.873+05:30  INFO 37252 --- [bmp-rewards-service] [rap-executor-%d] c.n.d.s.r.aws.ConfigClusterResolver      : Resolving eureka endpoints via configuration
2026-09-01T23:20:54.887+05:30  INFO 37252 --- [bmp-rewards-service] [rap-executor-%d] c.n.d.s.r.aws.ConfigClusterResolver      : Resolving eureka endpoints via configuration
2026-09-01T23:25:54.927+05:30  INFO 37252 --- [bmp-rewards-service] [rap-executor-%d] c.n.d.s.r.aws.ConfigClusterResolver      : Resolving eureka endpoints via configuration
2026-09-01T23:30:54.942+05:30  INFO 37252 --- [bmp-rewards-service] [rap-executor-%d] c.n.d.s.r.aws.ConfigClusterResolver      : Resolving eureka endpoints via configuration
2026-09-01T23:35:54.953+05:30  INFO 37252 --- [bmp-rewards-service] [rap-executor-%d] c.n.d.s.r.aws.ConfigClusterResolver      : Resolving eureka endpoints via configuration
2026-09-01T23:40:54.957+05:30  INFO 37252 --- [bmp-rewards-service] [rap-executor-%d] c.n.d.s.r.aws.ConfigClusterResolver      : Resolving eureka endpoints via configuration
2026-09-01T23:45:54.965+05:30  INFO 37252 --- [bmp-rewards-service] [rap-executor-%d] c.n.d.s.r.aws.ConfigClusterResolver      : Resolving eureka endpoints via configuration
2026-09-01T23:50:54.977+05:30  INFO 37252 --- [bmp-rewards-service] [rap-executor-%d] c.n.d.s.r.aws.ConfigClusterResolver      : Resolving eureka endpoints via configuration
2026-09-01T23:55:54.979+05:30  INFO 37252 --- [bmp-rewards-service] [rap-executor-%d] c.n.d.s.r.aws.ConfigClusterResolver      : Resolving eureka endpoints via configuration
2026-09-02T00:00:54.982+05:30  INFO 37252 --- [bmp-rewards-service] [rap-executor-%d] c.n.d.s.r.aws.ConfigClusterResolver      : Resolving eureka endpoints via configuration
2026-09-02T00:05:54.996+05:30  INFO 37252 --- [bmp-rewards-service] [rap-executor-%d] c.n.d.s.r.aws.ConfigClusterResolver      : Resolving eureka endpoints via configuration
2026-09-02T00:10:55.009+05:30  INFO 37252 --- [bmp-rewards-service] [rap-executor-%d] c.n.d.s.r.aws.ConfigClusterResolver      : Resolving eureka endpoints via configuration
2026-09-02T00:15:55.047+05:30  INFO 37252 --- [bmp-rewards-service] [rap-executor-%d] c.n.d.s.r.aws.ConfigClusterResolver      : Resolving eureka endpoints via configuration
2026-09-02T00:20:55.056+05:30  INFO 37252 --- [bmp-rewards-service] [rap-executor-%d] c.n.d.s.r.aws.ConfigClusterResolver      : Resolving eureka endpoints via configuration
2026-09-02T00:25:55.069+05:30  INFO 37252 --- [bmp-rewards-service] [rap-executor-%d] c.n.d.s.r.aws.ConfigClusterResolver      : Resolving eureka endpoints via configuration
2026-09-02T00:30:55.083+05:30  INFO 37252 --- [bmp-rewards-service] [rap-executor-%d] c.n.d.s.r.aws.ConfigClusterResolver      : Resolving eureka endpoints via configuration
2026-09-02T00:35:55.089+05:30  INFO 37252 --- [bmp-rewards-service] [rap-executor-%d] c.n.d.s.r.aws.ConfigClusterResolver      : Resolving eureka endpoints via configuration
2026-09-02T03:40:09.702+05:30  INFO 37252 --- [bmp-rewards-service] [21-94a341606310] org.apache.kafka.clients.NetworkClient   : [Consumer clientId=consumer-anonymous.b10b50d1-c4e9-4e48-aa21-94a341606310-2, groupId=anonymous.b10b50d1-c4e9-4e48-aa21-94a341606310] Node 1 disconnected.
2026-09-02T03:40:09.710+05:30  INFO 37252 --- [bmp-rewards-service] [21-94a341606310] org.apache.kafka.clients.NetworkClient   : [Consumer clientId=consumer-anonymous.b10b50d1-c4e9-4e48-aa21-94a341606310-2, groupId=anonymous.b10b50d1-c4e9-4e48-aa21-94a341606310] Cancelled in-flight FETCH request with correlation id 215774 due to node 1 being disconnected (elapsed time since creation: 10804053ms, elapsed time since send: 10804053ms, throttle time: 0ms, request timeout: 30000ms)
2026-09-02T03:40:09.714+05:30  INFO 37252 --- [bmp-rewards-service] [21-94a341606310] org.apache.kafka.clients.NetworkClient   : [Consumer clientId=consumer-anonymous.b10b50d1-c4e9-4e48-aa21-94a341606310-2, groupId=anonymous.b10b50d1-c4e9-4e48-aa21-94a341606310] Disconnecting from node 2147483646 due to request timeout.
2026-09-02T03:40:09.714+05:30  INFO 37252 --- [bmp-rewards-service] [21-94a341606310] org.apache.kafka.clients.NetworkClient   : [Consumer clientId=consumer-anonymous.b10b50d1-c4e9-4e48-aa21-94a341606310-2, groupId=anonymous.b10b50d1-c4e9-4e48-aa21-94a341606310] Cancelled in-flight HEARTBEAT request with correlation id 215775 due to node 2147483646 being disconnected (elapsed time since creation: 10803219ms, elapsed time since send: 10803219ms, throttle time: 0ms, request timeout: 30000ms)
2026-09-02T03:40:09.718+05:30  INFO 37252 --- [bmp-rewards-service] [21-94a341606310] o.a.kafka.clients.FetchSessionHandler    : [Consumer clientId=consumer-anonymous.b10b50d1-c4e9-4e48-aa21-94a341606310-2, groupId=anonymous.b10b50d1-c4e9-4e48-aa21-94a341606310] Error sending fetch request (sessionId=101147632, epoch=16668) to node 1:

org.apache.kafka.common.errors.DisconnectException: null

2026-09-02T03:40:09.779+05:30  INFO 37252 --- [bmp-rewards-service] [21-94a341606310] o.a.k.c.c.internals.ConsumerCoordinator  : [Consumer clientId=consumer-anonymous.b10b50d1-c4e9-4e48-aa21-94a341606310-2, groupId=anonymous.b10b50d1-c4e9-4e48-aa21-94a341606310] Group coordinator localhost:9092 (id: 2147483646 rack: null) is unavailable or invalid due to cause: null. isDisconnected: true. Rediscovery will be attempted.
2026-09-02T03:40:11.619+05:30  INFO 37252 --- [bmp-rewards-service] [container-0-C-1] o.a.k.c.c.internals.ConsumerCoordinator  : [Consumer clientId=consumer-anonymous.b10b50d1-c4e9-4e48-aa21-94a341606310-2, groupId=anonymous.b10b50d1-c4e9-4e48-aa21-94a341606310] Discovered group coordinator localhost:9092 (id: 2147483646 rack: null)
2026-09-02T03:40:12.171+05:30  INFO 37252 --- [bmp-rewards-service] [vice-producer-1] org.apache.kafka.clients.NetworkClient   : [Producer clientId=bmp-rewards-service-producer-1] Node 1 disconnected.
2026-09-02T03:40:11.992+05:30  INFO 37252 --- [bmp-rewards-service] [container-0-C-1] o.a.k.c.c.internals.ConsumerCoordinator  : [Consumer clientId=consumer-anonymous.b10b50d1-c4e9-4e48-aa21-94a341606310-2, groupId=anonymous.b10b50d1-c4e9-4e48-aa21-94a341606310] Discovered group coordinator localhost:9092 (id: 2147483646 rack: null)
2026-09-02T03:40:12.312+05:30  INFO 37252 --- [bmp-rewards-service] [container-0-C-1] o.a.k.c.c.internals.ConsumerCoordinator  : [Consumer clientId=consumer-anonymous.b10b50d1-c4e9-4e48-aa21-94a341606310-2, groupId=anonymous.b10b50d1-c4e9-4e48-aa21-94a341606310] Discovered group coordinator localhost:9092 (id: 2147483646 rack: null)
2026-09-02T03:40:13.179+05:30  WARN 37252 --- [bmp-rewards-service] [l-1 housekeeper] com.zaxxer.hikari.pool.HikariPool        : HikariPool-1 - Thread starvation or clock leap detected (housekeeper delta=3h29s532ms858µs300ns).
2026-09-02T10:42:50.637+05:30  INFO 37252 --- [bmp-rewards-service] [container-0-C-1] org.apache.kafka.clients.NetworkClient   : [Consumer clientId=consumer-anonymous.b10b50d1-c4e9-4e48-aa21-94a341606310-2, groupId=anonymous.b10b50d1-c4e9-4e48-aa21-94a341606310] Node 2147483646 disconnected.
2026-09-02T10:42:50.867+05:30  INFO 37252 --- [bmp-rewards-service] [container-0-C-1] org.apache.kafka.clients.NetworkClient   : [Consumer clientId=consumer-anonymous.b10b50d1-c4e9-4e48-aa21-94a341606310-2, groupId=anonymous.b10b50d1-c4e9-4e48-aa21-94a341606310] Disconnecting from node 1 due to request timeout.
2026-09-02T10:42:50.867+05:30  INFO 37252 --- [bmp-rewards-service] [container-0-C-1] org.apache.kafka.clients.NetworkClient   : [Consumer clientId=consumer-anonymous.b10b50d1-c4e9-4e48-aa21-94a341606310-2, groupId=anonymous.b10b50d1-c4e9-4e48-aa21-94a341606310] Cancelled in-flight FETCH request with correlation id 215793 due to node 1 being disconnected (elapsed time since creation: 25354351ms, elapsed time since send: 25354351ms, throttle time: 0ms, request timeout: 30000ms)
2026-09-02T10:42:50.942+05:30  INFO 37252 --- [bmp-rewards-service] [21-94a341606310] o.a.k.c.c.internals.ConsumerCoordinator  : [Consumer clientId=consumer-anonymous.b10b50d1-c4e9-4e48-aa21-94a341606310-2, groupId=anonymous.b10b50d1-c4e9-4e48-aa21-94a341606310] Group coordinator localhost:9092 (id: 2147483646 rack: null) is unavailable or invalid due to cause: session timed out without receiving a heartbeat response. isDisconnected: false. Rediscovery will be attempted.
2026-09-02T10:42:50.942+05:30  INFO 37252 --- [bmp-rewards-service] [21-94a341606310] o.a.k.c.c.internals.ConsumerCoordinator  : [Consumer clientId=consumer-anonymous.b10b50d1-c4e9-4e48-aa21-94a341606310-2, groupId=anonymous.b10b50d1-c4e9-4e48-aa21-94a341606310] Requesting disconnect from last known coordinator localhost:9092 (id: 2147483646 rack: null)
2026-09-02T10:42:50.867+05:30  INFO 37252 --- [bmp-rewards-service] [container-0-C-1] o.a.kafka.clients.FetchSessionHandler    : [Consumer clientId=consumer-anonymous.b10b50d1-c4e9-4e48-aa21-94a341606310-2, groupId=anonymous.b10b50d1-c4e9-4e48-aa21-94a341606310] Error sending fetch request (sessionId=1232845432, epoch=8) to node 1:

org.apache.kafka.common.errors.DisconnectException: null

2026-09-02T10:42:53.605+05:30  INFO 37252 --- [bmp-rewards-service] [container-0-C-1] o.a.k.c.c.internals.ConsumerCoordinator  : [Consumer clientId=consumer-anonymous.b10b50d1-c4e9-4e48-aa21-94a341606310-2, groupId=anonymous.b10b50d1-c4e9-4e48-aa21-94a341606310] Discovered group coordinator localhost:9092 (id: 2147483646 rack: null)
2026-09-02T10:43:14.750+05:30  INFO 37252 --- [bmp-rewards-service] [vice-producer-1] org.apache.kafka.clients.NetworkClient   : [Producer clientId=bmp-rewards-service-producer-1] Node 1 disconnected.
2026-09-02T10:43:15.301+05:30  WARN 37252 --- [bmp-rewards-service] [l-1 housekeeper] com.zaxxer.hikari.pool.HikariPool        : HikariPool-1 - Thread starvation or clock leap detected (housekeeper delta=7h3m4s742ms702µs600ns).
2026-09-02T10:43:22.264+05:30  INFO 37252 --- [bmp-rewards-service] [pool-2-thread-1] org.apache.kafka.clients.NetworkClient   : [Consumer clientId=consumer-anonymous.b10b50d1-c4e9-4e48-aa21-94a341606310-3, groupId=anonymous.b10b50d1-c4e9-4e48-aa21-94a341606310] Node 2147483646 disconnected.
2026-09-02T10:43:22.282+05:30  INFO 37252 --- [bmp-rewards-service] [pool-2-thread-1] o.a.k.c.c.internals.ConsumerCoordinator  : [Consumer clientId=consumer-anonymous.b10b50d1-c4e9-4e48-aa21-94a341606310-3, groupId=anonymous.b10b50d1-c4e9-4e48-aa21-94a341606310] Group coordinator localhost:9092 (id: 2147483646 rack: null) is unavailable or invalid due to cause: coordinator unavailable. isDisconnected: true. Rediscovery will be attempted.
2026-09-02T10:43:22.295+05:30  INFO 37252 --- [bmp-rewards-service] [pool-2-thread-1] o.a.k.c.c.internals.ConsumerCoordinator  : [Consumer clientId=consumer-anonymous.b10b50d1-c4e9-4e48-aa21-94a341606310-3, groupId=anonymous.b10b50d1-c4e9-4e48-aa21-94a341606310] Discovered group coordinator localhost:9092 (id: 2147483646 rack: null)
2026-09-02T10:43:22.298+05:30  INFO 37252 --- [bmp-rewards-service] [pool-2-thread-1] o.a.k.c.c.internals.ConsumerCoordinator  : [Consumer clientId=consumer-anonymous.b10b50d1-c4e9-4e48-aa21-94a341606310-3, groupId=anonymous.b10b50d1-c4e9-4e48-aa21-94a341606310] Group coordinator localhost:9092 (id: 2147483646 rack: null) is unavailable or invalid due to cause: coordinator unavailable. isDisconnected: false. Rediscovery will be attempted.
2026-09-02T10:43:22.299+05:30  INFO 37252 --- [bmp-rewards-service] [pool-2-thread-1] o.a.k.c.c.internals.ConsumerCoordinator  : [Consumer clientId=consumer-anonymous.b10b50d1-c4e9-4e48-aa21-94a341606310-3, groupId=anonymous.b10b50d1-c4e9-4e48-aa21-94a341606310] Requesting disconnect from last known coordinator localhost:9092 (id: 2147483646 rack: null)
2026-09-02T10:43:22.423+05:30  INFO 37252 --- [bmp-rewards-service] [pool-2-thread-1] o.a.k.c.c.internals.ConsumerCoordinator  : [Consumer clientId=consumer-anonymous.b10b50d1-c4e9-4e48-aa21-94a341606310-3, groupId=anonymous.b10b50d1-c4e9-4e48-aa21-94a341606310] Discovered group coordinator localhost:9092 (id: 2147483646 rack: null)
2026-09-02T10:43:26.555+05:30  INFO 37252 --- [bmp-rewards-service] [rap-executor-%d] c.n.d.s.r.aws.ConfigClusterResolver      : Resolving eureka endpoints via configuration
2026-09-02T10:48:26.569+05:30  INFO 37252 --- [bmp-rewards-service] [rap-executor-%d] c.n.d.s.r.aws.ConfigClusterResolver      : Resolving eureka endpoints via configuration
2026-09-02T10:53:26.586+05:30  INFO 37252 --- [bmp-rewards-service] [rap-executor-%d] c.n.d.s.r.aws.ConfigClusterResolver      : Resolving eureka endpoints via configuration
2026-09-02T10:58:26.589+05:30  INFO 37252 --- [bmp-rewards-service] [rap-executor-%d] c.n.d.s.r.aws.ConfigClusterResolver      : Resolving eureka endpoints via configuration
2026-09-02T11:03:26.593+05:30  INFO 37252 --- [bmp-rewards-service] [rap-executor-%d] c.n.d.s.r.aws.ConfigClusterResolver      : Resolving eureka endpoints via configuration
2026-09-02T11:08:26.605+05:30  INFO 37252 --- [bmp-rewards-service] [rap-executor-%d] c.n.d.s.r.aws.ConfigClusterResolver      : Resolving eureka endpoints via configuration
2026-09-02T11:13:26.610+05:30  INFO 37252 --- [bmp-rewards-service] [rap-executor-%d] c.n.d.s.r.aws.ConfigClusterResolver      : Resolving eureka endpoints via configuration
2026-09-02T11:18:26.616+05:30  INFO 37252 --- [bmp-rewards-service] [rap-executor-%d] c.n.d.s.r.aws.ConfigClusterResolver      : Resolving eureka endpoints via configuration
2026-09-02T11:23:26.630+05:30  INFO 37252 --- [bmp-rewards-service] [rap-executor-%d] c.n.d.s.r.aws.ConfigClusterResolver      : Resolving eureka endpoints via configuration
2026-09-02T12:20:59.681+05:30  INFO 37252 --- [bmp-rewards-service] [21-94a341606310] org.apache.kafka.clients.NetworkClient   : [Consumer clientId=consumer-anonymous.b10b50d1-c4e9-4e48-aa21-94a341606310-2, groupId=anonymous.b10b50d1-c4e9-4e48-aa21-94a341606310] Node 1 disconnected.
2026-09-02T12:20:59.714+05:30  INFO 37252 --- [bmp-rewards-service] [21-94a341606310] org.apache.kafka.clients.NetworkClient   : [Consumer clientId=consumer-anonymous.b10b50d1-c4e9-4e48-aa21-94a341606310-2, groupId=anonymous.b10b50d1-c4e9-4e48-aa21-94a341606310] Cancelled in-flight FETCH request with correlation id 221700 due to node 1 being disconnected (elapsed time since creation: 3329702ms, elapsed time since send: 3329702ms, throttle time: 0ms, request timeout: 30000ms)
2026-09-02T12:20:59.715+05:30  INFO 37252 --- [bmp-rewards-service] [21-94a341606310] org.apache.kafka.clients.NetworkClient   : [Consumer clientId=consumer-anonymous.b10b50d1-c4e9-4e48-aa21-94a341606310-2, groupId=anonymous.b10b50d1-c4e9-4e48-aa21-94a341606310] Cancelled in-flight METADATA request with correlation id 221702 due to node 1 being disconnected (elapsed time since creation: 1147ms, elapsed time since send: 1147ms, throttle time: 0ms, request timeout: 30000ms)
2026-09-02T12:20:59.722+05:30  INFO 37252 --- [bmp-rewards-service] [21-94a341606310] org.apache.kafka.clients.NetworkClient   : [Consumer clientId=consumer-anonymous.b10b50d1-c4e9-4e48-aa21-94a341606310-2, groupId=anonymous.b10b50d1-c4e9-4e48-aa21-94a341606310] Disconnecting from node 2147483646 due to request timeout.
2026-09-02T12:20:59.723+05:30  INFO 37252 --- [bmp-rewards-service] [21-94a341606310] org.apache.kafka.clients.NetworkClient   : [Consumer clientId=consumer-anonymous.b10b50d1-c4e9-4e48-aa21-94a341606310-2, groupId=anonymous.b10b50d1-c4e9-4e48-aa21-94a341606310] Cancelled in-flight HEARTBEAT request with correlation id 221701 due to node 2147483646 being disconnected (elapsed time since creation: 3328562ms, elapsed time since send: 3328562ms, throttle time: 0ms, request timeout: 30000ms)
2026-09-02T12:20:59.731+05:30  INFO 37252 --- [bmp-rewards-service] [21-94a341606310] o.a.kafka.clients.FetchSessionHandler    : [Consumer clientId=consumer-anonymous.b10b50d1-c4e9-4e48-aa21-94a341606310-2, groupId=anonymous.b10b50d1-c4e9-4e48-aa21-94a341606310] Error sending fetch request (sessionId=1695614760, epoch=5035) to node 1:

org.apache.kafka.common.errors.DisconnectException: null

2026-09-02T12:20:59.811+05:30  INFO 37252 --- [bmp-rewards-service] [21-94a341606310] o.a.k.c.c.internals.ConsumerCoordinator  : [Consumer clientId=consumer-anonymous.b10b50d1-c4e9-4e48-aa21-94a341606310-2, groupId=anonymous.b10b50d1-c4e9-4e48-aa21-94a341606310] Group coordinator localhost:9092 (id: 2147483646 rack: null) is unavailable or invalid due to cause: null. isDisconnected: true. Rediscovery will be attempted.
2026-09-02T12:21:02.964+05:30  INFO 37252 --- [bmp-rewards-service] [container-0-C-1] o.a.k.c.c.internals.ConsumerCoordinator  : [Consumer clientId=consumer-anonymous.b10b50d1-c4e9-4e48-aa21-94a341606310-2, groupId=anonymous.b10b50d1-c4e9-4e48-aa21-94a341606310] Discovered group coordinator localhost:9092 (id: 2147483646 rack: null)
2026-09-02T12:21:13.212+05:30  INFO 37252 --- [bmp-rewards-service] [vice-producer-1] org.apache.kafka.clients.NetworkClient   : [Producer clientId=bmp-rewards-service-producer-1] Node 1 disconnected.
2026-09-02T12:21:13.600+05:30  WARN 37252 --- [bmp-rewards-service] [l-1 housekeeper] com.zaxxer.hikari.pool.HikariPool        : HikariPool-1 - Thread starvation or clock leap detected (housekeeper delta=55m56s688ms906µs900ns).
2026-09-02T12:21:50.413+05:30  INFO 37252 --- [bmp-rewards-service] [pool-2-thread-1] org.apache.kafka.clients.NetworkClient   : [Consumer clientId=consumer-anonymous.b10b50d1-c4e9-4e48-aa21-94a341606310-3, groupId=anonymous.b10b50d1-c4e9-4e48-aa21-94a341606310] Node 2147483646 disconnected.
2026-09-02T12:21:50.418+05:30  INFO 37252 --- [bmp-rewards-service] [pool-2-thread-1] o.a.k.c.c.internals.ConsumerCoordinator  : [Consumer clientId=consumer-anonymous.b10b50d1-c4e9-4e48-aa21-94a341606310-3, groupId=anonymous.b10b50d1-c4e9-4e48-aa21-94a341606310] Group coordinator localhost:9092 (id: 2147483646 rack: null) is unavailable or invalid due to cause: coordinator unavailable. isDisconnected: true. Rediscovery will be attempted.
2026-09-02T12:21:50.421+05:30  INFO 37252 --- [bmp-rewards-service] [pool-2-thread-1] o.a.k.c.c.internals.ConsumerCoordinator  : [Consumer clientId=consumer-anonymous.b10b50d1-c4e9-4e48-aa21-94a341606310-3, groupId=anonymous.b10b50d1-c4e9-4e48-aa21-94a341606310] Discovered group coordinator localhost:9092 (id: 2147483646 rack: null)
2026-09-02T12:21:50.422+05:30  INFO 37252 --- [bmp-rewards-service] [pool-2-thread-1] o.a.k.c.c.internals.ConsumerCoordinator  : [Consumer clientId=consumer-anonymous.b10b50d1-c4e9-4e48-aa21-94a341606310-3, groupId=anonymous.b10b50d1-c4e9-4e48-aa21-94a341606310] Group coordinator localhost:9092 (id: 2147483646 rack: null) is unavailable or invalid due to cause: coordinator unavailable. isDisconnected: false. Rediscovery will be attempted.
2026-09-02T12:21:50.422+05:30  INFO 37252 --- [bmp-rewards-service] [pool-2-thread-1] o.a.k.c.c.internals.ConsumerCoordinator  : [Consumer clientId=consumer-anonymous.b10b50d1-c4e9-4e48-aa21-94a341606310-3, groupId=anonymous.b10b50d1-c4e9-4e48-aa21-94a341606310] Requesting disconnect from last known coordinator localhost:9092 (id: 2147483646 rack: null)
2026-09-02T12:21:50.522+05:30  INFO 37252 --- [bmp-rewards-service] [pool-2-thread-1] o.a.k.c.c.internals.ConsumerCoordinator  : [Consumer clientId=consumer-anonymous.b10b50d1-c4e9-4e48-aa21-94a341606310-3, groupId=anonymous.b10b50d1-c4e9-4e48-aa21-94a341606310] Discovered group coordinator localhost:9092 (id: 2147483646 rack: null)
2026-09-02T12:23:53.174+05:30  INFO 37252 --- [bmp-rewards-service] [rap-executor-%d] c.n.d.s.r.aws.ConfigClusterResolver      : Resolving eureka endpoints via configuration
2026-09-02T12:28:53.181+05:30  INFO 37252 --- [bmp-rewards-service] [rap-executor-%d] c.n.d.s.r.aws.ConfigClusterResolver      : Resolving eureka endpoints via configuration
2026-09-02T12:33:53.211+05:30  INFO 37252 --- [bmp-rewards-service] [rap-executor-%d] c.n.d.s.r.aws.ConfigClusterResolver      : Resolving eureka endpoints via configuration
2026-09-02T12:38:53.231+05:30  INFO 37252 --- [bmp-rewards-service] [rap-executor-%d] c.n.d.s.r.aws.ConfigClusterResolver      : Resolving eureka endpoints via configuration
2026-09-02T12:43:53.241+05:30  INFO 37252 --- [bmp-rewards-service] [rap-executor-%d] c.n.d.s.r.aws.ConfigClusterResolver      : Resolving eureka endpoints via configuration
2026-09-02T12:48:53.336+05:30  INFO 37252 --- [bmp-rewards-service] [rap-executor-%d] c.n.d.s.r.aws.ConfigClusterResolver      : Resolving eureka endpoints via configuration
2026-09-02T12:53:53.346+05:30  INFO 37252 --- [bmp-rewards-service] [rap-executor-%d] c.n.d.s.r.aws.ConfigClusterResolver      : Resolving eureka endpoints via configuration
2026-09-02T12:58:53.364+05:30  INFO 37252 --- [bmp-rewards-service] [rap-executor-%d] c.n.d.s.r.aws.ConfigClusterResolver      : Resolving eureka endpoints via configuration
2026-09-02T13:03:53.378+05:30  INFO 37252 --- [bmp-rewards-service] [rap-executor-%d] c.n.d.s.r.aws.ConfigClusterResolver      : Resolving eureka endpoints via configuration
2026-09-02T13:08:53.386+05:30  INFO 37252 --- [bmp-rewards-service] [rap-executor-%d] c.n.d.s.r.aws.ConfigClusterResolver      : Resolving eureka endpoints via configuration
2026-09-02T13:13:53.401+05:30  INFO 37252 --- [bmp-rewards-service] [rap-executor-%d] c.n.d.s.r.aws.ConfigClusterResolver      : Resolving eureka endpoints via configuration
2026-09-02T13:18:53.416+05:30  INFO 37252 --- [bmp-rewards-service] [rap-executor-%d] c.n.d.s.r.aws.ConfigClusterResolver      : Resolving eureka endpoints via configuration
2026-09-02T13:23:53.420+05:30  INFO 37252 --- [bmp-rewards-service] [rap-executor-%d] c.n.d.s.r.aws.ConfigClusterResolver      : Resolving eureka endpoints via configuration
2026-09-02T20:02:27.009+05:30  INFO 37252 --- [bmp-rewards-service] [container-0-C-1] org.apache.kafka.clients.NetworkClient   : [Consumer clientId=consumer-anonymous.b10b50d1-c4e9-4e48-aa21-94a341606310-2, groupId=anonymous.b10b50d1-c4e9-4e48-aa21-94a341606310] Node 1 disconnected.
2026-09-02T20:02:27.124+05:30  INFO 37252 --- [bmp-rewards-service] [container-0-C-1] org.apache.kafka.clients.NetworkClient   : [Consumer clientId=consumer-anonymous.b10b50d1-c4e9-4e48-aa21-94a341606310-2, groupId=anonymous.b10b50d1-c4e9-4e48-aa21-94a341606310] Cancelled in-flight FETCH request with correlation id 230431 due to node 1 being disconnected (elapsed time since creation: 23890067ms, elapsed time since send: 23890067ms, throttle time: 0ms, request timeout: 30000ms)
2026-09-02T20:02:27.254+05:30  INFO 37252 --- [bmp-rewards-service] [container-0-C-1] org.apache.kafka.clients.NetworkClient   : [Consumer clientId=consumer-anonymous.b10b50d1-c4e9-4e48-aa21-94a341606310-2, groupId=anonymous.b10b50d1-c4e9-4e48-aa21-94a341606310] Disconnecting from node 2147483646 due to request timeout.
2026-09-02T20:02:27.256+05:30  INFO 37252 --- [bmp-rewards-service] [container-0-C-1] org.apache.kafka.clients.NetworkClient   : [Consumer clientId=consumer-anonymous.b10b50d1-c4e9-4e48-aa21-94a341606310-2, groupId=anonymous.b10b50d1-c4e9-4e48-aa21-94a341606310] Cancelled in-flight HEARTBEAT request with correlation id 230432 due to node 2147483646 being disconnected (elapsed time since creation: 23889217ms, elapsed time since send: 23889217ms, throttle time: 0ms, request timeout: 30000ms)
2026-09-02T20:02:27.409+05:30  INFO 37252 --- [bmp-rewards-service] [21-94a341606310] o.a.k.c.c.internals.ConsumerCoordinator  : [Consumer clientId=consumer-anonymous.b10b50d1-c4e9-4e48-aa21-94a341606310-2, groupId=anonymous.b10b50d1-c4e9-4e48-aa21-94a341606310] Group coordinator localhost:9092 (id: 2147483646 rack: null) is unavailable or invalid due to cause: null. isDisconnected: true. Rediscovery will be attempted.
2026-09-02T20:02:27.393+05:30  INFO 37252 --- [bmp-rewards-service] [container-0-C-1] o.a.kafka.clients.FetchSessionHandler    : [Consumer clientId=consumer-anonymous.b10b50d1-c4e9-4e48-aa21-94a341606310-2, groupId=anonymous.b10b50d1-c4e9-4e48-aa21-94a341606310] Error sending fetch request (sessionId=718958817, epoch=7437) to node 1:

org.apache.kafka.common.errors.DisconnectException: null

2026-09-02T20:02:30.672+05:30  INFO 37252 --- [bmp-rewards-service] [container-0-C-1] o.a.k.c.c.internals.ConsumerCoordinator  : [Consumer clientId=consumer-anonymous.b10b50d1-c4e9-4e48-aa21-94a341606310-2, groupId=anonymous.b10b50d1-c4e9-4e48-aa21-94a341606310] Discovered group coordinator localhost:9092 (id: 2147483646 rack: null)
2026-09-02T20:02:30.679+05:30  INFO 37252 --- [bmp-rewards-service] [container-0-C-1] o.a.k.c.c.internals.ConsumerCoordinator  : [Consumer clientId=consumer-anonymous.b10b50d1-c4e9-4e48-aa21-94a341606310-2, groupId=anonymous.b10b50d1-c4e9-4e48-aa21-94a341606310] Discovered group coordinator localhost:9092 (id: 2147483646 rack: null)
2026-09-02T20:02:30.681+05:30  INFO 37252 --- [bmp-rewards-service] [container-0-C-1] o.a.k.c.c.internals.ConsumerCoordinator  : [Consumer clientId=consumer-anonymous.b10b50d1-c4e9-4e48-aa21-94a341606310-2, groupId=anonymous.b10b50d1-c4e9-4e48-aa21-94a341606310] Discovered group coordinator localhost:9092 (id: 2147483646 rack: null)
2026-09-02T20:02:50.198+05:30  INFO 37252 --- [bmp-rewards-service] [vice-producer-1] org.apache.kafka.clients.NetworkClient   : [Producer clientId=bmp-rewards-service-producer-1] Node 1 disconnected.
2026-09-02T20:02:51.133+05:30  WARN 37252 --- [bmp-rewards-service] [l-1 housekeeper] com.zaxxer.hikari.pool.HikariPool        : HikariPool-1 - Thread starvation or clock leap detected (housekeeper delta=6h38m38s686ms305µs400ns).
2026-09-02T20:02:58.504+05:30  INFO 37252 --- [bmp-rewards-service] [pool-2-thread-1] org.apache.kafka.clients.NetworkClient   : [Consumer clientId=consumer-anonymous.b10b50d1-c4e9-4e48-aa21-94a341606310-3, groupId=anonymous.b10b50d1-c4e9-4e48-aa21-94a341606310] Node 2147483646 disconnected.
2026-09-02T20:02:58.528+05:30  INFO 37252 --- [bmp-rewards-service] [pool-2-thread-1] o.a.k.c.c.internals.ConsumerCoordinator  : [Consumer clientId=consumer-anonymous.b10b50d1-c4e9-4e48-aa21-94a341606310-3, groupId=anonymous.b10b50d1-c4e9-4e48-aa21-94a341606310] Group coordinator localhost:9092 (id: 2147483646 rack: null) is unavailable or invalid due to cause: coordinator unavailable. isDisconnected: true. Rediscovery will be attempted.
2026-09-02T20:02:58.551+05:30  INFO 37252 --- [bmp-rewards-service] [pool-2-thread-1] o.a.k.c.c.internals.ConsumerCoordinator  : [Consumer clientId=consumer-anonymous.b10b50d1-c4e9-4e48-aa21-94a341606310-3, groupId=anonymous.b10b50d1-c4e9-4e48-aa21-94a341606310] Discovered group coordinator localhost:9092 (id: 2147483646 rack: null)
2026-09-02T20:02:58.554+05:30  INFO 37252 --- [bmp-rewards-service] [pool-2-thread-1] o.a.k.c.c.internals.ConsumerCoordinator  : [Consumer clientId=consumer-anonymous.b10b50d1-c4e9-4e48-aa21-94a341606310-3, groupId=anonymous.b10b50d1-c4e9-4e48-aa21-94a341606310] Group coordinator localhost:9092 (id: 2147483646 rack: null) is unavailable or invalid due to cause: coordinator unavailable. isDisconnected: false. Rediscovery will be attempted.
2026-09-02T20:02:58.555+05:30  INFO 37252 --- [bmp-rewards-service] [pool-2-thread-1] o.a.k.c.c.internals.ConsumerCoordinator  : [Consumer clientId=consumer-anonymous.b10b50d1-c4e9-4e48-aa21-94a341606310-3, groupId=anonymous.b10b50d1-c4e9-4e48-aa21-94a341606310] Requesting disconnect from last known coordinator localhost:9092 (id: 2147483646 rack: null)
2026-09-02T20:02:58.683+05:30  INFO 37252 --- [bmp-rewards-service] [pool-2-thread-1] o.a.k.c.c.internals.ConsumerCoordinator  : [Consumer clientId=consumer-anonymous.b10b50d1-c4e9-4e48-aa21-94a341606310-3, groupId=anonymous.b10b50d1-c4e9-4e48-aa21-94a341606310] Discovered group coordinator localhost:9092 (id: 2147483646 rack: null)
2026-09-02T20:06:59.545+05:30  INFO 37252 --- [bmp-rewards-service] [rap-executor-%d] c.n.d.s.r.aws.ConfigClusterResolver      : Resolving eureka endpoints via configuration
2026-09-02T20:11:59.573+05:30  INFO 37252 --- [bmp-rewards-service] [rap-executor-%d] c.n.d.s.r.aws.ConfigClusterResolver      : Resolving eureka endpoints via configuration
2026-09-02T20:16:59.576+05:30  INFO 37252 --- [bmp-rewards-service] [rap-executor-%d] c.n.d.s.r.aws.ConfigClusterResolver      : Resolving eureka endpoints via configuration
2026-09-02T20:21:59.593+05:30  INFO 37252 --- [bmp-rewards-service] [rap-executor-%d] c.n.d.s.r.aws.ConfigClusterResolver      : Resolving eureka endpoints via configuration
2026-09-02T20:26:59.596+05:30  INFO 37252 --- [bmp-rewards-service] [rap-executor-%d] c.n.d.s.r.aws.ConfigClusterResolver      : Resolving eureka endpoints via configuration
2026-09-02T20:31:59.613+05:30  INFO 37252 --- [bmp-rewards-service] [rap-executor-%d] c.n.d.s.r.aws.ConfigClusterResolver      : Resolving eureka endpoints via configuration
2026-09-02T20:36:59.616+05:30  INFO 37252 --- [bmp-rewards-service] [rap-executor-%d] c.n.d.s.r.aws.ConfigClusterResolver      : Resolving eureka endpoints via configuration
2026-09-02T20:41:59.629+05:30  INFO 37252 --- [bmp-rewards-service] [rap-executor-%d] c.n.d.s.r.aws.ConfigClusterResolver      : Resolving eureka endpoints via configuration
2026-09-02T20:46:59.636+05:30  INFO 37252 --- [bmp-rewards-service] [rap-executor-%d] c.n.d.s.r.aws.ConfigClusterResolver      : Resolving eureka endpoints via configuration
2026-09-02T20:51:59.646+05:30  INFO 37252 --- [bmp-rewards-service] [rap-executor-%d] c.n.d.s.r.aws.ConfigClusterResolver      : Resolving eureka endpoints via configuration
2026-09-02T20:56:59.662+05:30  INFO 37252 --- [bmp-rewards-service] [rap-executor-%d] c.n.d.s.r.aws.ConfigClusterResolver      : Resolving eureka endpoints via configuration
2026-09-02T21:01:59.673+05:30  INFO 37252 --- [bmp-rewards-service] [rap-executor-%d] c.n.d.s.r.aws.ConfigClusterResolver      : Resolving eureka endpoints via configuration
2026-09-02T21:06:59.678+05:30  INFO 37252 --- [bmp-rewards-service] [rap-executor-%d] c.n.d.s.r.aws.ConfigClusterResolver      : Resolving eureka endpoints via configuration
2026-09-02T21:11:59.682+05:30  INFO 37252 --- [bmp-rewards-service] [rap-executor-%d] c.n.d.s.r.aws.ConfigClusterResolver      : Resolving eureka endpoints via configuration
2026-09-02T21:16:59.684+05:30  INFO 37252 --- [bmp-rewards-service] [rap-executor-%d] c.n.d.s.r.aws.ConfigClusterResolver      : Resolving eureka endpoints via configuration
2026-09-02T21:21:59.688+05:30  INFO 37252 --- [bmp-rewards-service] [rap-executor-%d] c.n.d.s.r.aws.ConfigClusterResolver      : Resolving eureka endpoints via configuration
2026-09-02T21:26:59.694+05:30  INFO 37252 --- [bmp-rewards-service] [rap-executor-%d] c.n.d.s.r.aws.ConfigClusterResolver      : Resolving eureka endpoints via configuration
2026-09-02T21:31:59.705+05:30  INFO 37252 --- [bmp-rewards-service] [rap-executor-%d] c.n.d.s.r.aws.ConfigClusterResolver      : Resolving eureka endpoints via configuration
2026-09-02T21:36:59.714+05:30  INFO 37252 --- [bmp-rewards-service] [rap-executor-%d] c.n.d.s.r.aws.ConfigClusterResolver      : Resolving eureka endpoints via configuration
2026-09-02T21:41:59.725+05:30  INFO 37252 --- [bmp-rewards-service] [rap-executor-%d] c.n.d.s.r.aws.ConfigClusterResolver      : Resolving eureka endpoints via configuration
2026-09-02T21:46:59.730+05:30  INFO 37252 --- [bmp-rewards-service] [rap-executor-%d] c.n.d.s.r.aws.ConfigClusterResolver      : Resolving eureka endpoints via configuration
2026-09-02T21:51:59.733+05:30  INFO 37252 --- [bmp-rewards-service] [rap-executor-%d] c.n.d.s.r.aws.ConfigClusterResolver      : Resolving eureka endpoints via configuration
2026-09-02T21:56:59.740+05:30  INFO 37252 --- [bmp-rewards-service] [rap-executor-%d] c.n.d.s.r.aws.ConfigClusterResolver      : Resolving eureka endpoints via configuration
2026-09-02T22:01:59.749+05:30  INFO 37252 --- [bmp-rewards-service] [rap-executor-%d] c.n.d.s.r.aws.ConfigClusterResolver      : Resolving eureka endpoints via configuration
2026-09-02T22:06:59.750+05:30  INFO 37252 --- [bmp-rewards-service] [rap-executor-%d] c.n.d.s.r.aws.ConfigClusterResolver      : Resolving eureka endpoints via configuration
2026-09-02T22:10:41.223+05:30  INFO 37252 --- [bmp-rewards-service] [beatExecutor-%d] c.n.d.s.t.d.RedirectingEurekaHttpClient  : Request execution error. endpoint=DefaultEndpoint{ serviceUrl='http://localhost:8761/eureka/} exception=I/O error on PUT request for "http://localhost:8761/eureka/apps/BMP-REWARDS-SERVICE/Darshan.mshome.net:bmp-rewards-service:8087": Connect to http://localhost:8761 [localhost/127.0.0.1, localhost/0:0:0:0:0:0:0:1] failed: Connection refused: getsockopt stacktrace=org.springframework.web.client.ResourceAccessException: I/O error on PUT request for "http://localhost:8761/eureka/apps/BMP-REWARDS-SERVICE/Darshan.mshome.net:bmp-rewards-service:8087": Connect to http://localhost:8761 [localhost/127.0.0.1, localhost/0:0:0:0:0:0:0:1] failed: Connection refused: getsockopt
	at org.springframework.web.client.RestTemplate.createResourceAccessException(RestTemplate.java:926)
	at org.springframework.web.client.RestTemplate.doExecute(RestTemplate.java:906)
	at org.springframework.web.client.RestTemplate.execute(RestTemplate.java:841)
	at org.springframework.web.client.RestTemplate.exchange(RestTemplate.java:702)
	at org.springframework.cloud.netflix.eureka.http.RestTemplateEurekaHttpClient.sendHeartBeat(RestTemplateEurekaHttpClient.java:119)
	at com.netflix.discovery.shared.transport.decorator.EurekaHttpClientDecorator$3.execute(EurekaHttpClientDecorator.java:92)
	at com.netflix.discovery.shared.transport.decorator.RedirectingEurekaHttpClient.execute(RedirectingEurekaHttpClient.java:91)
	at com.netflix.discovery.shared.transport.decorator.EurekaHttpClientDecorator.sendHeartBeat(EurekaHttpClientDecorator.java:89)
	at com.netflix.discovery.shared.transport.decorator.EurekaHttpClientDecorator$3.execute(EurekaHttpClientDecorator.java:92)
	at com.netflix.discovery.shared.transport.decorator.RetryableEurekaHttpClient.execute(RetryableEurekaHttpClient.java:120)
	at com.netflix.discovery.shared.transport.decorator.EurekaHttpClientDecorator.sendHeartBeat(EurekaHttpClientDecorator.java:89)
	at com.netflix.discovery.shared.transport.decorator.EurekaHttpClientDecorator$3.execute(EurekaHttpClientDecorator.java:92)
	at com.netflix.discovery.shared.transport.decorator.SessionedEurekaHttpClient.execute(SessionedEurekaHttpClient.java:76)
	at com.netflix.discovery.shared.transport.decorator.EurekaHttpClientDecorator.sendHeartBeat(EurekaHttpClientDecorator.java:89)
	at com.netflix.discovery.DiscoveryClient.renew(DiscoveryClient.java:845)
	at com.netflix.discovery.DiscoveryClient$HeartbeatThread.run(DiscoveryClient.java:1402)
	at java.base/java.util.concurrent.Executors$RunnableAdapter.call(Executors.java:572)
	at java.base/java.util.concurrent.FutureTask.run(FutureTask.java:317)
	at java.base/java.util.concurrent.ThreadPoolExecutor.runWorker(ThreadPoolExecutor.java:1144)
	at java.base/java.util.concurrent.ThreadPoolExecutor$Worker.run(ThreadPoolExecutor.java:642)
	at java.base/java.lang.Thread.run(Thread.java:1583)
Caused by: org.apache.hc.client5.http.HttpHostConnectException: Connect to http://localhost:8761 [localhost/127.0.0.1, localhost/0:0:0:0:0:0:0:1] failed: Connection refused: getsockopt
	at java.base/sun.nio.ch.Net.pollConnect(Native Method)
	at java.base/sun.nio.ch.Net.pollConnectNow(Net.java:694)
	at java.base/sun.nio.ch.NioSocketImpl.timedFinishConnect(NioSocketImpl.java:542)
	at java.base/sun.nio.ch.NioSocketImpl.connect(NioSocketImpl.java:592)
	at java.base/java.net.SocksSocketImpl.connect(SocksSocketImpl.java:327)
	at java.base/java.net.Socket.connect(Socket.java:751)
	at org.apache.hc.client5.http.impl.io.DefaultHttpClientConnectionOperator.connect(DefaultHttpClientConnectionOperator.java:216)
	at org.apache.hc.client5.http.impl.io.PoolingHttpClientConnectionManager.connect(PoolingHttpClientConnectionManager.java:490)
	at org.apache.hc.client5.http.impl.classic.InternalExecRuntime.connectEndpoint(InternalExecRuntime.java:164)
	at org.apache.hc.client5.http.impl.classic.InternalExecRuntime.connectEndpoint(InternalExecRuntime.java:174)
	at org.apache.hc.client5.http.impl.classic.ConnectExec.execute(ConnectExec.java:144)
	at org.apache.hc.client5.http.impl.classic.ExecChainElement.execute(ExecChainElement.java:51)
	at org.apache.hc.client5.http.impl.classic.ProtocolExec.execute(ProtocolExec.java:192)
	at org.apache.hc.client5.http.impl.classic.ExecChainElement.execute(ExecChainElement.java:51)
	at org.apache.hc.client5.http.impl.classic.ContentCompressionExec.execute(ContentCompressionExec.java:150)
	at org.apache.hc.client5.http.impl.classic.ExecChainElement.execute(ExecChainElement.java:51)
	at org.apache.hc.client5.http.impl.classic.HttpRequestRetryExec.execute(HttpRequestRetryExec.java:113)
	at org.apache.hc.client5.http.impl.classic.ExecChainElement.execute(ExecChainElement.java:51)
	at org.apache.hc.client5.http.impl.classic.RedirectExec.execute(RedirectExec.java:110)
	at org.apache.hc.client5.http.impl.classic.ExecChainElement.execute(ExecChainElement.java:51)
	at org.apache.hc.client5.http.impl.classic.InternalHttpClient.doExecute(InternalHttpClient.java:174)
	at org.apache.hc.client5.http.impl.classic.CloseableHttpClient.execute(CloseableHttpClient.java:87)
	at org.apache.hc.client5.http.impl.classic.CloseableHttpClient.execute(CloseableHttpClient.java:55)
	at org.apache.hc.client5.http.classic.HttpClient.executeOpen(HttpClient.java:183)
	at org.springframework.http.client.HttpComponentsClientHttpRequest.executeInternal(HttpComponentsClientHttpRequest.java:99)
	at org.springframework.http.client.AbstractStreamingClientHttpRequest.executeInternal(AbstractStreamingClientHttpRequest.java:71)
	at org.springframework.http.client.AbstractClientHttpRequest.execute(AbstractClientHttpRequest.java:81)
	at org.springframework.http.client.InterceptingClientHttpRequest$InterceptingRequestExecution.execute(InterceptingClientHttpRequest.java:117)
	at org.springframework.cloud.netflix.eureka.http.RestTemplateTransportClientFactory.lambda$restTemplate$3(RestTemplateTransportClientFactory.java:141)
	at org.springframework.http.client.InterceptingClientHttpRequest$InterceptingRequestExecution.execute(InterceptingClientHttpRequest.java:88)
	at org.springframework.http.client.InterceptingClientHttpRequest.executeInternal(InterceptingClientHttpRequest.java:72)
	at org.springframework.http.client.AbstractBufferingClientHttpRequest.executeInternal(AbstractBufferingClientHttpRequest.java:48)
	at org.springframework.http.client.AbstractClientHttpRequest.execute(AbstractClientHttpRequest.java:81)
	at org.springframework.web.client.RestTemplate.doExecute(RestTemplate.java:900)
	... 19 more

2026-09-02T22:10:41.225+05:30  WARN 37252 --- [bmp-rewards-service] [beatExecutor-%d] c.n.d.s.t.d.RetryableEurekaHttpClient    : Request execution failed with message: I/O error on PUT request for "http://localhost:8761/eureka/apps/BMP-REWARDS-SERVICE/Darshan.mshome.net:bmp-rewards-service:8087": Connect to http://localhost:8761 [localhost/127.0.0.1, localhost/0:0:0:0:0:0:0:1] failed: Connection refused: getsockopt
2026-09-02T22:10:41.244+05:30  INFO 37252 --- [bmp-rewards-service] [beatExecutor-%d] c.n.d.s.t.d.RedirectingEurekaHttpClient  : Request execution error. endpoint=DefaultEndpoint{ serviceUrl='http://localhost:8761/eureka/}, exception=I/O error on PUT request for "http://localhost:8761/eureka/apps/BMP-REWARDS-SERVICE/Darshan.mshome.net:bmp-rewards-service:8087": Connect to http://localhost:8761 [localhost/127.0.0.1, localhost/0:0:0:0:0:0:0:1] failed: Connection refused: getsockopt stacktrace=org.springframework.web.client.ResourceAccessException: I/O error on PUT request for "http://localhost:8761/eureka/apps/BMP-REWARDS-SERVICE/Darshan.mshome.net:bmp-rewards-service:8087": Connect to http://localhost:8761 [localhost/127.0.0.1, localhost/0:0:0:0:0:0:0:1] failed: Connection refused: getsockopt
	at org.springframework.web.client.RestTemplate.createResourceAccessException(RestTemplate.java:926)
	at org.springframework.web.client.RestTemplate.doExecute(RestTemplate.java:906)
	at org.springframework.web.client.RestTemplate.execute(RestTemplate.java:841)
	at org.springframework.web.client.RestTemplate.exchange(RestTemplate.java:702)
	at org.springframework.cloud.netflix.eureka.http.RestTemplateEurekaHttpClient.sendHeartBeat(RestTemplateEurekaHttpClient.java:119)
	at com.netflix.discovery.shared.transport.decorator.EurekaHttpClientDecorator$3.execute(EurekaHttpClientDecorator.java:92)
	at com.netflix.discovery.shared.transport.decorator.RedirectingEurekaHttpClient.executeOnNewServer(RedirectingEurekaHttpClient.java:121)
	at com.netflix.discovery.shared.transport.decorator.RedirectingEurekaHttpClient.execute(RedirectingEurekaHttpClient.java:80)
	at com.netflix.discovery.shared.transport.decorator.EurekaHttpClientDecorator.sendHeartBeat(EurekaHttpClientDecorator.java:89)
	at com.netflix.discovery.shared.transport.decorator.EurekaHttpClientDecorator$3.execute(EurekaHttpClientDecorator.java:92)
	at com.netflix.discovery.shared.transport.decorator.RetryableEurekaHttpClient.execute(RetryableEurekaHttpClient.java:120)
	at com.netflix.discovery.shared.transport.decorator.EurekaHttpClientDecorator.sendHeartBeat(EurekaHttpClientDecorator.java:89)
	at com.netflix.discovery.shared.transport.decorator.EurekaHttpClientDecorator$3.execute(EurekaHttpClientDecorator.java:92)
	at com.netflix.discovery.shared.transport.decorator.SessionedEurekaHttpClient.execute(SessionedEurekaHttpClient.java:76)
	at com.netflix.discovery.shared.transport.decorator.EurekaHttpClientDecorator.sendHeartBeat(EurekaHttpClientDecorator.java:89)
	at com.netflix.discovery.DiscoveryClient.renew(DiscoveryClient.java:845)
	at com.netflix.discovery.DiscoveryClient$HeartbeatThread.run(DiscoveryClient.java:1402)
	at java.base/java.util.concurrent.Executors$RunnableAdapter.call(Executors.java:572)
	at java.base/java.util.concurrent.FutureTask.run(FutureTask.java:317)
	at java.base/java.util.concurrent.ThreadPoolExecutor.runWorker(ThreadPoolExecutor.java:1144)
	at java.base/java.util.concurrent.ThreadPoolExecutor$Worker.run(ThreadPoolExecutor.java:642)
	at java.base/java.lang.Thread.run(Thread.java:1583)
Caused by: org.apache.hc.client5.http.HttpHostConnectException: Connect to http://localhost:8761 [localhost/127.0.0.1, localhost/0:0:0:0:0:0:0:1] failed: Connection refused: getsockopt
	at java.base/sun.nio.ch.Net.pollConnect(Native Method)
	at java.base/sun.nio.ch.Net.pollConnectNow(Net.java:694)
	at java.base/sun.nio.ch.NioSocketImpl.timedFinishConnect(NioSocketImpl.java:542)
	at java.base/sun.nio.ch.NioSocketImpl.connect(NioSocketImpl.java:592)
	at java.base/java.net.SocksSocketImpl.connect(SocksSocketImpl.java:327)
	at java.base/java.net.Socket.connect(Socket.java:751)
	at org.apache.hc.client5.http.impl.io.DefaultHttpClientConnectionOperator.connect(DefaultHttpClientConnectionOperator.java:216)
	at org.apache.hc.client5.http.impl.io.PoolingHttpClientConnectionManager.connect(PoolingHttpClientConnectionManager.java:490)
	at org.apache.hc.client5.http.impl.classic.InternalExecRuntime.connectEndpoint(InternalExecRuntime.java:164)
	at org.apache.hc.client5.http.impl.classic.InternalExecRuntime.connectEndpoint(InternalExecRuntime.java:174)
	at org.apache.hc.client5.http.impl.classic.ConnectExec.execute(ConnectExec.java:144)
	at org.apache.hc.client5.http.impl.classic.ExecChainElement.execute(ExecChainElement.java:51)
	at org.apache.hc.client5.http.impl.classic.ProtocolExec.execute(ProtocolExec.java:192)
	at org.apache.hc.client5.http.impl.classic.ExecChainElement.execute(ExecChainElement.java:51)
	at org.apache.hc.client5.http.impl.classic.ContentCompressionExec.execute(ContentCompressionExec.java:150)
	at org.apache.hc.client5.http.impl.classic.ExecChainElement.execute(ExecChainElement.java:51)
	at org.apache.hc.client5.http.impl.classic.HttpRequestRetryExec.execute(HttpRequestRetryExec.java:113)
	at org.apache.hc.client5.http.impl.classic.ExecChainElement.execute(ExecChainElement.java:51)
	at org.apache.hc.client5.http.impl.classic.RedirectExec.execute(RedirectExec.java:110)
	at org.apache.hc.client5.http.impl.classic.ExecChainElement.execute(ExecChainElement.java:51)
	at org.apache.hc.client5.http.impl.classic.InternalHttpClient.doExecute(InternalHttpClient.java:174)
	at org.apache.hc.client5.http.impl.classic.CloseableHttpClient.execute(CloseableHttpClient.java:87)
	at org.apache.hc.client5.http.impl.classic.CloseableHttpClient.execute(CloseableHttpClient.java:55)
	at org.apache.hc.client5.http.classic.HttpClient.executeOpen(HttpClient.java:183)
	at org.springframework.http.client.HttpComponentsClientHttpRequest.executeInternal(HttpComponentsClientHttpRequest.java:99)
	at org.springframework.http.client.AbstractStreamingClientHttpRequest.executeInternal(AbstractStreamingClientHttpRequest.java:71)
	at org.springframework.http.client.AbstractClientHttpRequest.execute(AbstractClientHttpRequest.java:81)
	at org.springframework.http.client.InterceptingClientHttpRequest$InterceptingRequestExecution.execute(InterceptingClientHttpRequest.java:117)
	at org.springframework.cloud.netflix.eureka.http.RestTemplateTransportClientFactory.lambda$restTemplate$3(RestTemplateTransportClientFactory.java:141)
	at org.springframework.http.client.InterceptingClientHttpRequest$InterceptingRequestExecution.execute(InterceptingClientHttpRequest.java:88)
	at org.springframework.http.client.InterceptingClientHttpRequest.executeInternal(InterceptingClientHttpRequest.java:72)
	at org.springframework.http.client.AbstractBufferingClientHttpRequest.executeInternal(AbstractBufferingClientHttpRequest.java:48)
	at org.springframework.http.client.AbstractClientHttpRequest.execute(AbstractClientHttpRequest.java:81)
	at org.springframework.web.client.RestTemplate.doExecute(RestTemplate.java:900)
	... 20 more

2026-09-02T22:10:41.244+05:30  WARN 37252 --- [bmp-rewards-service] [beatExecutor-%d] c.n.d.s.t.d.RetryableEurekaHttpClient    : Request execution failed with message: I/O error on PUT request for "http://localhost:8761/eureka/apps/BMP-REWARDS-SERVICE/Darshan.mshome.net:bmp-rewards-service:8087": Connect to http://localhost:8761 [localhost/127.0.0.1, localhost/0:0:0:0:0:0:0:1] failed: Connection refused: getsockopt
2026-09-02T22:10:41.245+05:30 ERROR 37252 --- [bmp-rewards-service] [beatExecutor-%d] com.netflix.discovery.DiscoveryClient    : DiscoveryClient_BMP-REWARDS-SERVICE/Darshan.mshome.net:bmp-rewards-service:8087 - was unable to send heartbeat!

com.netflix.discovery.shared.transport.TransportException: Cannot execute request on any known server
	at com.netflix.discovery.shared.transport.decorator.RetryableEurekaHttpClient.execute(RetryableEurekaHttpClient.java:112) ~[eureka-client-2.0.4.jar:2.0.4]
	at com.netflix.discovery.shared.transport.decorator.EurekaHttpClientDecorator.sendHeartBeat(EurekaHttpClientDecorator.java:89) ~[eureka-client-2.0.4.jar:2.0.4]
	at com.netflix.discovery.shared.transport.decorator.EurekaHttpClientDecorator$3.execute(EurekaHttpClientDecorator.java:92) ~[eureka-client-2.0.4.jar:2.0.4]
	at com.netflix.discovery.shared.transport.decorator.SessionedEurekaHttpClient.execute(SessionedEurekaHttpClient.java:76) ~[eureka-client-2.0.4.jar:2.0.4]
	at com.netflix.discovery.shared.transport.decorator.EurekaHttpClientDecorator.sendHeartBeat(EurekaHttpClientDecorator.java:89) ~[eureka-client-2.0.4.jar:2.0.4]
	at com.netflix.discovery.DiscoveryClient.renew(DiscoveryClient.java:845) ~[eureka-client-2.0.4.jar:2.0.4]
	at com.netflix.discovery.DiscoveryClient$HeartbeatThread.run(DiscoveryClient.java:1402) ~[eureka-client-2.0.4.jar:2.0.4]
	at java.base/java.util.concurrent.Executors$RunnableAdapter.call(Executors.java:572) ~[na:na]
	at java.base/java.util.concurrent.FutureTask.run(FutureTask.java:317) ~[na:na]
	at java.base/java.util.concurrent.ThreadPoolExecutor.runWorker(ThreadPoolExecutor.java:1144) ~[na:na]
	at java.base/java.util.concurrent.ThreadPoolExecutor$Worker.run(ThreadPoolExecutor.java:642) ~[na:na]
	at java.base/java.lang.Thread.run(Thread.java:1583) ~[na:na]

2026-09-02T22:10:41.385+05:30  INFO 37252 --- [bmp-rewards-service] [reshExecutor-%d] c.n.d.s.t.d.RedirectingEurekaHttpClient  : Request execution error. endpoint=DefaultEndpoint{ serviceUrl='http://localhost:8761/eureka/} exception=I/O error on GET request for "http://localhost:8761/eureka/apps/delta": Connect to http://localhost:8761 [localhost/127.0.0.1, localhost/0:0:0:0:0:0:0:1] failed: Connection refused: getsockopt stacktrace=org.springframework.web.client.ResourceAccessException: I/O error on GET request for "http://localhost:8761/eureka/apps/delta": Connect to http://localhost:8761 [localhost/127.0.0.1, localhost/0:0:0:0:0:0:0:1] failed: Connection refused: getsockopt
	at org.springframework.web.client.RestTemplate.createResourceAccessException(RestTemplate.java:926)
	at org.springframework.web.client.RestTemplate.doExecute(RestTemplate.java:906)
	at org.springframework.web.client.RestTemplate.execute(RestTemplate.java:841)
	at org.springframework.web.client.RestTemplate.exchange(RestTemplate.java:702)
	at org.springframework.cloud.netflix.eureka.http.RestTemplateEurekaHttpClient.getApplicationsInternal(RestTemplateEurekaHttpClient.java:174)
	at org.springframework.cloud.netflix.eureka.http.RestTemplateEurekaHttpClient.getDelta(RestTemplateEurekaHttpClient.java:186)
	at com.netflix.discovery.shared.transport.decorator.EurekaHttpClientDecorator$7.execute(EurekaHttpClientDecorator.java:152)
	at com.netflix.discovery.shared.transport.decorator.RedirectingEurekaHttpClient.execute(RedirectingEurekaHttpClient.java:91)
	at com.netflix.discovery.shared.transport.decorator.EurekaHttpClientDecorator.getDelta(EurekaHttpClientDecorator.java:149)
	at com.netflix.discovery.shared.transport.decorator.EurekaHttpClientDecorator$7.execute(EurekaHttpClientDecorator.java:152)
	at com.netflix.discovery.shared.transport.decorator.RetryableEurekaHttpClient.execute(RetryableEurekaHttpClient.java:120)
	at com.netflix.discovery.shared.transport.decorator.EurekaHttpClientDecorator.getDelta(EurekaHttpClientDecorator.java:149)
	at com.netflix.discovery.shared.transport.decorator.EurekaHttpClientDecorator$7.execute(EurekaHttpClientDecorator.java:152)
	at com.netflix.discovery.shared.transport.decorator.SessionedEurekaHttpClient.execute(SessionedEurekaHttpClient.java:76)
	at com.netflix.discovery.shared.transport.decorator.EurekaHttpClientDecorator.getDelta(EurekaHttpClientDecorator.java:149)
	at com.netflix.discovery.DiscoveryClient.getAndUpdateDelta(DiscoveryClient.java:1080)
	at com.netflix.discovery.DiscoveryClient.fetchRegistry(DiscoveryClient.java:963)
	at com.netflix.discovery.DiscoveryClient.refreshRegistry(DiscoveryClient.java:1473)
	at com.netflix.discovery.DiscoveryClient$CacheRefreshThread.run(DiscoveryClient.java:1441)
	at java.base/java.util.concurrent.Executors$RunnableAdapter.call(Executors.java:572)
	at java.base/java.util.concurrent.FutureTask.run(FutureTask.java:317)
	at java.base/java.util.concurrent.ThreadPoolExecutor.runWorker(ThreadPoolExecutor.java:1144)
	at java.base/java.util.concurrent.ThreadPoolExecutor$Worker.run(ThreadPoolExecutor.java:642)
	at java.base/java.lang.Thread.run(Thread.java:1583)
Caused by: org.apache.hc.client5.http.HttpHostConnectException: Connect to http://localhost:8761 [localhost/127.0.0.1, localhost/0:0:0:0:0:0:0:1] failed: Connection refused: getsockopt
	at java.base/sun.nio.ch.Net.pollConnect(Native Method)
	at java.base/sun.nio.ch.Net.pollConnectNow(Net.java:694)
	at java.base/sun.nio.ch.NioSocketImpl.timedFinishConnect(NioSocketImpl.java:542)
	at java.base/sun.nio.ch.NioSocketImpl.connect(NioSocketImpl.java:592)
	at java.base/java.net.SocksSocketImpl.connect(SocksSocketImpl.java:327)
	at java.base/java.net.Socket.connect(Socket.java:751)
	at org.apache.hc.client5.http.impl.io.DefaultHttpClientConnectionOperator.connect(DefaultHttpClientConnectionOperator.java:216)
	at org.apache.hc.client5.http.impl.io.PoolingHttpClientConnectionManager.connect(PoolingHttpClientConnectionManager.java:490)
	at org.apache.hc.client5.http.impl.classic.InternalExecRuntime.connectEndpoint(InternalExecRuntime.java:164)
	at org.apache.hc.client5.http.impl.classic.InternalExecRuntime.connectEndpoint(InternalExecRuntime.java:174)
	at org.apache.hc.client5.http.impl.classic.ConnectExec.execute(ConnectExec.java:144)
	at org.apache.hc.client5.http.impl.classic.ExecChainElement.execute(ExecChainElement.java:51)
	at org.apache.hc.client5.http.impl.classic.ProtocolExec.execute(ProtocolExec.java:192)
	at org.apache.hc.client5.http.impl.classic.ExecChainElement.execute(ExecChainElement.java:51)
	at org.apache.hc.client5.http.impl.classic.ContentCompressionExec.execute(ContentCompressionExec.java:150)
	at org.apache.hc.client5.http.impl.classic.ExecChainElement.execute(ExecChainElement.java:51)
	at org.apache.hc.client5.http.impl.classic.HttpRequestRetryExec.execute(HttpRequestRetryExec.java:113)
	at org.apache.hc.client5.http.impl.classic.ExecChainElement.execute(ExecChainElement.java:51)
	at org.apache.hc.client5.http.impl.classic.RedirectExec.execute(RedirectExec.java:110)
	at org.apache.hc.client5.http.impl.classic.ExecChainElement.execute(ExecChainElement.java:51)
	at org.apache.hc.client5.http.impl.classic.InternalHttpClient.doExecute(InternalHttpClient.java:174)
	at org.apache.hc.client5.http.impl.classic.CloseableHttpClient.execute(CloseableHttpClient.java:87)
	at org.apache.hc.client5.http.impl.classic.CloseableHttpClient.execute(CloseableHttpClient.java:55)
	at org.apache.hc.client5.http.classic.HttpClient.executeOpen(HttpClient.java:183)
	at org.springframework.http.client.HttpComponentsClientHttpRequest.executeInternal(HttpComponentsClientHttpRequest.java:99)
	at org.springframework.http.client.AbstractStreamingClientHttpRequest.executeInternal(AbstractStreamingClientHttpRequest.java:71)
	at org.springframework.http.client.AbstractClientHttpRequest.execute(AbstractClientHttpRequest.java:81)
	at org.springframework.http.client.InterceptingClientHttpRequest$InterceptingRequestExecution.execute(InterceptingClientHttpRequest.java:117)
	at org.springframework.cloud.netflix.eureka.http.RestTemplateTransportClientFactory.lambda$restTemplate$3(RestTemplateTransportClientFactory.java:141)
	at org.springframework.http.client.InterceptingClientHttpRequest$InterceptingRequestExecution.execute(InterceptingClientHttpRequest.java:88)
	at org.springframework.http.client.InterceptingClientHttpRequest.executeInternal(InterceptingClientHttpRequest.java:72)
	at org.springframework.http.client.AbstractBufferingClientHttpRequest.executeInternal(AbstractBufferingClientHttpRequest.java:48)
	at org.springframework.http.client.AbstractClientHttpRequest.execute(AbstractClientHttpRequest.java:81)
	at org.springframework.web.client.RestTemplate.doExecute(RestTemplate.java:900)
	... 22 more

2026-09-02T22:10:41.385+05:30  WARN 37252 --- [bmp-rewards-service] [reshExecutor-%d] c.n.d.s.t.d.RetryableEurekaHttpClient    : Request execution failed with message: I/O error on GET request for "http://localhost:8761/eureka/apps/delta": Connect to http://localhost:8761 [localhost/127.0.0.1, localhost/0:0:0:0:0:0:0:1] failed: Connection refused: getsockopt
2026-09-02T22:10:41.415+05:30  INFO 37252 --- [bmp-rewards-service] [reshExecutor-%d] c.n.d.s.t.d.RedirectingEurekaHttpClient  : Request execution error. endpoint=DefaultEndpoint{ serviceUrl='http://localhost:8761/eureka/}, exception=I/O error on GET request for "http://localhost:8761/eureka/apps/delta": Connect to http://localhost:8761 [localhost/127.0.0.1, localhost/0:0:0:0:0:0:0:1] failed: Connection refused: getsockopt stacktrace=org.springframework.web.client.ResourceAccessException: I/O error on GET request for "http://localhost:8761/eureka/apps/delta": Connect to http://localhost:8761 [localhost/127.0.0.1, localhost/0:0:0:0:0:0:0:1] failed: Connection refused: getsockopt
	at org.springframework.web.client.RestTemplate.createResourceAccessException(RestTemplate.java:926)
	at org.springframework.web.client.RestTemplate.doExecute(RestTemplate.java:906)
	at org.springframework.web.client.RestTemplate.execute(RestTemplate.java:841)
	at org.springframework.web.client.RestTemplate.exchange(RestTemplate.java:702)
	at org.springframework.cloud.netflix.eureka.http.RestTemplateEurekaHttpClient.getApplicationsInternal(RestTemplateEurekaHttpClient.java:174)
	at org.springframework.cloud.netflix.eureka.http.RestTemplateEurekaHttpClient.getDelta(RestTemplateEurekaHttpClient.java:186)
	at com.netflix.discovery.shared.transport.decorator.EurekaHttpClientDecorator$7.execute(EurekaHttpClientDecorator.java:152)
	at com.netflix.discovery.shared.transport.decorator.RedirectingEurekaHttpClient.executeOnNewServer(RedirectingEurekaHttpClient.java:121)
	at com.netflix.discovery.shared.transport.decorator.RedirectingEurekaHttpClient.execute(RedirectingEurekaHttpClient.java:80)
	at com.netflix.discovery.shared.transport.decorator.EurekaHttpClientDecorator.getDelta(EurekaHttpClientDecorator.java:149)
	at com.netflix.discovery.shared.transport.decorator.EurekaHttpClientDecorator$7.execute(EurekaHttpClientDecorator.java:152)
	at com.netflix.discovery.shared.transport.decorator.RetryableEurekaHttpClient.execute(RetryableEurekaHttpClient.java:120)
	at com.netflix.discovery.shared.transport.decorator.EurekaHttpClientDecorator.getDelta(EurekaHttpClientDecorator.java:149)
	at com.netflix.discovery.shared.transport.decorator.EurekaHttpClientDecorator$7.execute(EurekaHttpClientDecorator.java:152)
	at com.netflix.discovery.shared.transport.decorator.SessionedEurekaHttpClient.execute(SessionedEurekaHttpClient.java:76)
	at com.netflix.discovery.shared.transport.decorator.EurekaHttpClientDecorator.getDelta(EurekaHttpClientDecorator.java:149)
	at com.netflix.discovery.DiscoveryClient.getAndUpdateDelta(DiscoveryClient.java:1080)
	at com.netflix.discovery.DiscoveryClient.fetchRegistry(DiscoveryClient.java:963)
	at com.netflix.discovery.DiscoveryClient.refreshRegistry(DiscoveryClient.java:1473)
	at com.netflix.discovery.DiscoveryClient$CacheRefreshThread.run(DiscoveryClient.java:1441)
	at java.base/java.util.concurrent.Executors$RunnableAdapter.call(Executors.java:572)
	at java.base/java.util.concurrent.FutureTask.run(FutureTask.java:317)
	at java.base/java.util.concurrent.ThreadPoolExecutor.runWorker(ThreadPoolExecutor.java:1144)
	at java.base/java.util.concurrent.ThreadPoolExecutor$Worker.run(ThreadPoolExecutor.java:642)
	at java.base/java.lang.Thread.run(Thread.java:1583)
Caused by: org.apache.hc.client5.http.HttpHostConnectException: Connect to http://localhost:8761 [localhost/127.0.0.1, localhost/0:0:0:0:0:0:0:1] failed: Connection refused: getsockopt
	at java.base/sun.nio.ch.Net.pollConnect(Native Method)
	at java.base/sun.nio.ch.Net.pollConnectNow(Net.java:694)
	at java.base/sun.nio.ch.NioSocketImpl.timedFinishConnect(NioSocketImpl.java:542)
	at java.base/sun.nio.ch.NioSocketImpl.connect(NioSocketImpl.java:592)
	at java.base/java.net.SocksSocketImpl.connect(SocksSocketImpl.java:327)
	at java.base/java.net.Socket.connect(Socket.java:751)
	at org.apache.hc.client5.http.impl.io.DefaultHttpClientConnectionOperator.connect(DefaultHttpClientConnectionOperator.java:216)
	at org.apache.hc.client5.http.impl.io.PoolingHttpClientConnectionManager.connect(PoolingHttpClientConnectionManager.java:490)
	at org.apache.hc.client5.http.impl.classic.InternalExecRuntime.connectEndpoint(InternalExecRuntime.java:164)
	at org.apache.hc.client5.http.impl.classic.InternalExecRuntime.connectEndpoint(InternalExecRuntime.java:174)
	at org.apache.hc.client5.http.impl.classic.ConnectExec.execute(ConnectExec.java:144)
	at org.apache.hc.client5.http.impl.classic.ExecChainElement.execute(ExecChainElement.java:51)
	at org.apache.hc.client5.http.impl.classic.ProtocolExec.execute(ProtocolExec.java:192)
	at org.apache.hc.client5.http.impl.classic.ExecChainElement.execute(ExecChainElement.java:51)
	at org.apache.hc.client5.http.impl.classic.ContentCompressionExec.execute(ContentCompressionExec.java:150)
	at org.apache.hc.client5.http.impl.classic.ExecChainElement.execute(ExecChainElement.java:51)
	at org.apache.hc.client5.http.impl.classic.HttpRequestRetryExec.execute(HttpRequestRetryExec.java:113)
	at org.apache.hc.client5.http.impl.classic.ExecChainElement.execute(ExecChainElement.java:51)
	at org.apache.hc.client5.http.impl.classic.RedirectExec.execute(RedirectExec.java:110)
	at org.apache.hc.client5.http.impl.classic.ExecChainElement.execute(ExecChainElement.java:51)
	at org.apache.hc.client5.http.impl.classic.InternalHttpClient.doExecute(InternalHttpClient.java:174)
	at org.apache.hc.client5.http.impl.classic.CloseableHttpClient.execute(CloseableHttpClient.java:87)
	at org.apache.hc.client5.http.impl.classic.CloseableHttpClient.execute(CloseableHttpClient.java:55)
	at org.apache.hc.client5.http.classic.HttpClient.executeOpen(HttpClient.java:183)
	at org.springframework.http.client.HttpComponentsClientHttpRequest.executeInternal(HttpComponentsClientHttpRequest.java:99)
	at org.springframework.http.client.AbstractStreamingClientHttpRequest.executeInternal(AbstractStreamingClientHttpRequest.java:71)
	at org.springframework.http.client.AbstractClientHttpRequest.execute(AbstractClientHttpRequest.java:81)
	at org.springframework.http.client.InterceptingClientHttpRequest$InterceptingRequestExecution.execute(InterceptingClientHttpRequest.java:117)
	at org.springframework.cloud.netflix.eureka.http.RestTemplateTransportClientFactory.lambda$restTemplate$3(RestTemplateTransportClientFactory.java:141)
	at org.springframework.http.client.InterceptingClientHttpRequest$InterceptingRequestExecution.execute(InterceptingClientHttpRequest.java:88)
	at org.springframework.http.client.InterceptingClientHttpRequest.executeInternal(InterceptingClientHttpRequest.java:72)
	at org.springframework.http.client.AbstractBufferingClientHttpRequest.executeInternal(AbstractBufferingClientHttpRequest.java:48)
	at org.springframework.http.client.AbstractClientHttpRequest.execute(AbstractClientHttpRequest.java:81)
	at org.springframework.web.client.RestTemplate.doExecute(RestTemplate.java:900)
	... 23 more

2026-09-02T22:10:41.415+05:30  WARN 37252 --- [bmp-rewards-service] [reshExecutor-%d] c.n.d.s.t.d.RetryableEurekaHttpClient    : Request execution failed with message: I/O error on GET request for "http://localhost:8761/eureka/apps/delta": Connect to http://localhost:8761 [localhost/127.0.0.1, localhost/0:0:0:0:0:0:0:1] failed: Connection refused: getsockopt
2026-09-02T22:10:41.416+05:30  INFO 37252 --- [bmp-rewards-service] [reshExecutor-%d] com.netflix.discovery.DiscoveryClient    : DiscoveryClient_BMP-REWARDS-SERVICE/Darshan.mshome.net:bmp-rewards-service:8087 - was unable to refresh its cache! This periodic background refresh will be retried in 30 seconds. status = Cannot execute request on any known server stacktrace = com.netflix.discovery.shared.transport.TransportException: Cannot execute request on any known server
	at com.netflix.discovery.shared.transport.decorator.RetryableEurekaHttpClient.execute(RetryableEurekaHttpClient.java:112)
	at com.netflix.discovery.shared.transport.decorator.EurekaHttpClientDecorator.getDelta(EurekaHttpClientDecorator.java:149)
	at com.netflix.discovery.shared.transport.decorator.EurekaHttpClientDecorator$7.execute(EurekaHttpClientDecorator.java:152)
	at com.netflix.discovery.shared.transport.decorator.SessionedEurekaHttpClient.execute(SessionedEurekaHttpClient.java:76)
	at com.netflix.discovery.shared.transport.decorator.EurekaHttpClientDecorator.getDelta(EurekaHttpClientDecorator.java:149)
	at com.netflix.discovery.DiscoveryClient.getAndUpdateDelta(DiscoveryClient.java:1080)
	at com.netflix.discovery.DiscoveryClient.fetchRegistry(DiscoveryClient.java:963)
	at com.netflix.discovery.DiscoveryClient.refreshRegistry(DiscoveryClient.java:1473)
	at com.netflix.discovery.DiscoveryClient$CacheRefreshThread.run(DiscoveryClient.java:1441)
	at java.base/java.util.concurrent.Executors$RunnableAdapter.call(Executors.java:572)
	at java.base/java.util.concurrent.FutureTask.run(FutureTask.java:317)
	at java.base/java.util.concurrent.ThreadPoolExecutor.runWorker(ThreadPoolExecutor.java:1144)
	at java.base/java.util.concurrent.ThreadPoolExecutor$Worker.run(ThreadPoolExecutor.java:642)
	at java.base/java.lang.Thread.run(Thread.java:1583)

