
  .   ____          _            __ _ _
 /\\ / ___'_ __ _ _(_)_ __  __ _ \ \ \ \
( ( )\___ | '_ | '_| | '_ \/ _` | \ \ \ \
 \\/  ___)| |_)| | | | | || (_| |  ) ) ) )
  '  |____| .__|_| |_|_| |_\__, | / / / /
 =========|_|==============|___/=/_/_/_/

 :: Spring Boot ::                (v3.4.1)

2026-08-28T22:34:41.940+05:30  INFO 37932 --- [bmp-salon-service] [           main] com.bmp.salon.BmpSalonApplication        : Starting BmpSalonApplication using Java 21.0.11 with PID 37932 (C:\BMP -PRJ\BMP\bmp-salon\target\classes started by Lenovo in C:\BMP -PRJ\BMP\bmp-salon)
2026-08-28T22:34:41.943+05:30  INFO 37932 --- [bmp-salon-service] [           main] com.bmp.salon.BmpSalonApplication        : No active profile set, falling back to 1 default profile: "default"
2026-08-28T22:34:42.064+05:30  INFO 37932 --- [bmp-salon-service] [           main] o.s.c.c.c.ConfigServerConfigDataLoader   : Fetching config from server at : http://localhost:8888
2026-08-28T22:34:42.065+05:30  INFO 37932 --- [bmp-salon-service] [           main] o.s.c.c.c.ConfigServerConfigDataLoader   : Located environment: name=bmp-salon-service, profiles=[default], label=null, version=e49a1a5dcfcb36643a08d9529e85f702a6d4d502, state=
2026-08-28T22:34:44.372+05:30  INFO 37932 --- [bmp-salon-service] [           main] .s.d.r.c.RepositoryConfigurationDelegate : Bootstrapping Spring Data JPA repositories in DEFAULT mode.
2026-08-28T22:34:44.850+05:30  INFO 37932 --- [bmp-salon-service] [           main] .s.d.r.c.RepositoryConfigurationDelegate : Finished Spring Data repository scanning in 458 ms. Found 16 JPA repository interfaces.
2026-08-28T22:34:46.630+05:30  INFO 37932 --- [bmp-salon-service] [           main] faultConfiguringBeanFactoryPostProcessor : No bean named 'errorChannel' has been explicitly defined. Therefore, a default PublishSubscribeChannel will be created.
2026-08-28T22:34:46.645+05:30  INFO 37932 --- [bmp-salon-service] [           main] faultConfiguringBeanFactoryPostProcessor : No bean named 'integrationHeaderChannelRegistry' has been explicitly defined. Therefore, a default DefaultHeaderChannelRegistry will be created.
2026-08-28T22:34:46.931+05:30  INFO 37932 --- [bmp-salon-service] [           main] o.s.cloud.context.scope.GenericScope     : BeanFactory id=ddbabd80-3166-3695-a883-abf8bc6e40f8
2026-08-28T22:34:49.046+05:30  INFO 37932 --- [bmp-salon-service] [           main] o.s.b.w.embedded.tomcat.TomcatWebServer  : Tomcat initialized with port 8083 (http)
2026-08-28T22:34:49.090+05:30  INFO 37932 --- [bmp-salon-service] [           main] o.apache.catalina.core.StandardService   : Starting service [Tomcat]
2026-08-28T22:34:49.091+05:30  INFO 37932 --- [bmp-salon-service] [           main] o.apache.catalina.core.StandardEngine    : Starting Servlet engine: [Apache Tomcat/10.1.34]
2026-08-28T22:34:49.509+05:30  INFO 37932 --- [bmp-salon-service] [           main] o.a.c.c.C.[Tomcat].[localhost].[/]       : Initializing Spring embedded WebApplicationContext
2026-08-28T22:34:49.541+05:30  INFO 37932 --- [bmp-salon-service] [           main] w.s.c.ServletWebServerApplicationContext : Root WebApplicationContext: initialization completed in 7466 ms
2026-08-28T22:34:50.967+05:30  INFO 37932 --- [bmp-salon-service] [           main] com.zaxxer.hikari.HikariDataSource       : HikariPool-1 - Starting...
2026-08-28T22:34:51.314+05:30  INFO 37932 --- [bmp-salon-service] [           main] com.zaxxer.hikari.pool.HikariPool        : HikariPool-1 - Added connection org.postgresql.jdbc.PgConnection@47cf65f1
2026-08-28T22:34:51.318+05:30  INFO 37932 --- [bmp-salon-service] [           main] com.zaxxer.hikari.HikariDataSource       : HikariPool-1 - Start completed.
2026-08-28T22:34:51.386+05:30  INFO 37932 --- [bmp-salon-service] [           main] org.flywaydb.core.FlywayExecutor         : Database: jdbc:postgresql://localhost:5432/bmp (PostgreSQL 16.4)
2026-08-28T22:34:51.567+05:30  INFO 37932 --- [bmp-salon-service] [           main] o.f.core.internal.command.DbValidate     : Successfully validated 20 migrations (execution time 00:00.122s)
2026-08-28T22:34:51.604+05:30  INFO 37932 --- [bmp-salon-service] [           main] o.f.core.internal.command.DbMigrate      : Current version of schema "common_schema": 019
2026-08-28T22:34:51.614+05:30  INFO 37932 --- [bmp-salon-service] [           main] o.f.core.internal.command.DbMigrate      : Schema "common_schema" is up to date. No migration necessary.
2026-08-28T22:34:51.909+05:30  INFO 37932 --- [bmp-salon-service] [           main] o.hibernate.jpa.internal.util.LogHelper  : HHH000204: Processing PersistenceUnitInfo [name: default]
2026-08-28T22:34:52.095+05:30  INFO 37932 --- [bmp-salon-service] [           main] org.hibernate.Version                    : HHH000412: Hibernate ORM core version 6.6.4.Final
2026-08-28T22:34:52.225+05:30  INFO 37932 --- [bmp-salon-service] [           main] o.h.c.internal.RegionFactoryInitiator    : HHH000026: Second-level cache disabled
2026-08-28T22:34:53.021+05:30  INFO 37932 --- [bmp-salon-service] [           main] o.s.o.j.p.SpringPersistenceUnitInfo      : No LoadTimeWeaver setup: ignoring JPA class transformer
2026-08-28T22:34:53.236+05:30  INFO 37932 --- [bmp-salon-service] [           main] org.hibernate.orm.connections.pooling    : HHH10001005: Database info:
	Database JDBC URL [Connecting through datasource 'HikariDataSource (HikariPool-1)']
	Database driver: undefined/unknown
	Database version: 16.4
	Autocommit mode: undefined/unknown
	Isolation level: undefined/unknown
	Minimum pool size: undefined/unknown
	Maximum pool size: undefined/unknown
2026-08-28T22:34:57.057+05:30  INFO 37932 --- [bmp-salon-service] [           main] o.h.e.t.j.p.i.JtaPlatformInitiator       : HHH000489: No JTA platform available (set 'hibernate.transaction.jta.platform' to enable JTA platform integration)
2026-08-28T22:34:57.240+05:30  INFO 37932 --- [bmp-salon-service] [           main] j.LocalContainerEntityManagerFactoryBean : Initialized JPA EntityManagerFactory for persistence unit 'default'
2026-08-28T22:34:58.446+05:30  INFO 37932 --- [bmp-salon-service] [           main] o.s.d.j.r.query.QueryEnhancerFactory     : Hibernate is in classpath; If applicable, HQL parser will be used.
2026-08-28T22:35:01.116+05:30  INFO 37932 --- [bmp-salon-service] [           main] o.s.c.openfeign.FeignClientFactoryBean   : For 'bmp-booking-service' URL not provided. Will try picking an instance via load-balancing.
2026-08-28T22:35:01.696+05:30  INFO 37932 --- [bmp-salon-service] [           main] o.s.c.openfeign.FeignClientFactoryBean   : For 'bmp-user-service' URL not provided. Will try picking an instance via load-balancing.
2026-08-28T22:35:02.117+05:30  INFO 37932 --- [bmp-salon-service] [           main] o.s.c.openfeign.FeignClientFactoryBean   : For 'bmp-admin-service' URL not provided. Will try picking an instance via load-balancing.
2026-08-28T22:35:05.040+05:30  WARN 37932 --- [bmp-salon-service] [           main] s.a.a.h.a.internal.utils.ApacheUtils     : NoSuchMethodException was thrown when disabling normalizeUri. This indicates you are using an old version (< 4.5.8) of Apache http client. It is recommended to use http client version >= 4.5.9 to avoid the breaking change introduced in apache client 4.5.7 and the latency in exception handling. See https://github.com/aws/aws-sdk-java/issues/1919 for more information
2026-08-28T22:35:05.221+05:30  INFO 37932 --- [bmp-salon-service] [           main] com.bmp.common.storage.S3ObjectStorage   : Object storage ready: bucket 'bmp-media' at http://localhost:9000
2026-08-28T22:35:06.250+05:30  WARN 37932 --- [bmp-salon-service] [           main] .s.s.UserDetailsServiceAutoConfiguration : 

Using generated security password: 4031bf10-330f-456e-94a9-0771f4e28470

This generated password is for development use only. Your security configuration must be updated before running your application in production.

2026-08-28T22:35:06.377+05:30  INFO 37932 --- [bmp-salon-service] [           main] r$InitializeUserDetailsManagerConfigurer : Global AuthenticationManager configured with UserDetailsService bean with name inMemoryUserDetailsManager
2026-08-28T22:35:07.936+05:30  INFO 37932 --- [bmp-salon-service] [           main] o.s.b.a.e.web.EndpointLinksResolver      : Exposing 10 endpoints beneath base path '/actuator'
2026-08-28T22:35:09.909+05:30  INFO 37932 --- [bmp-salon-service] [           main] o.s.c.s.m.DirectWithAttributesChannel    : Channel 'bmp-salon-service.springCloudBusInput' has 1 subscriber(s).
2026-08-28T22:35:11.256+05:30  INFO 37932 --- [bmp-salon-service] [           main] DiscoveryClientOptionalArgsConfiguration : Eureka HTTP Client uses RestTemplate.
2026-08-28T22:35:11.444+05:30  WARN 37932 --- [bmp-salon-service] [           main] iguration$LoadBalancerCaffeineWarnLogger : Spring Cloud LoadBalancer is currently working with the default cache. While this cache implementation is useful for development and tests, it's recommended to use Caffeine cache in production.You can switch to using Caffeine cache, by adding it and org.springframework.cache.caffeine.CaffeineCacheManager to the classpath.
2026-08-28T22:35:11.956+05:30  INFO 37932 --- [bmp-salon-service] [           main] o.s.i.endpoint.EventDrivenConsumer       : Adding {logging-channel-adapter:_org.springframework.integration.errorLogger} as a subscriber to the 'errorChannel' channel
2026-08-28T22:35:11.956+05:30  INFO 37932 --- [bmp-salon-service] [           main] o.s.i.channel.PublishSubscribeChannel    : Channel 'bmp-salon-service.errorChannel' has 1 subscriber(s).
2026-08-28T22:35:11.956+05:30  INFO 37932 --- [bmp-salon-service] [           main] o.s.i.endpoint.EventDrivenConsumer       : started bean '_org.springframework.integration.errorLogger'
2026-08-28T22:35:11.986+05:30  INFO 37932 --- [bmp-salon-service] [           main] o.s.c.n.eureka.InstanceInfoFactory       : Setting initial instance status as: STARTING
2026-08-28T22:35:12.052+05:30  INFO 37932 --- [bmp-salon-service] [           main] com.netflix.discovery.DiscoveryClient    : Initializing Eureka in region us-east-1
2026-08-28T22:35:12.060+05:30  INFO 37932 --- [bmp-salon-service] [           main] c.n.d.s.r.aws.ConfigClusterResolver      : Resolving eureka endpoints via configuration
2026-08-28T22:35:12.083+05:30  INFO 37932 --- [bmp-salon-service] [           main] com.netflix.discovery.DiscoveryClient    : Disable delta property : false
2026-08-28T22:35:12.083+05:30  INFO 37932 --- [bmp-salon-service] [           main] com.netflix.discovery.DiscoveryClient    : Single vip registry refresh property : null
2026-08-28T22:35:12.083+05:30  INFO 37932 --- [bmp-salon-service] [           main] com.netflix.discovery.DiscoveryClient    : Force full registry fetch : false
2026-08-28T22:35:12.083+05:30  INFO 37932 --- [bmp-salon-service] [           main] com.netflix.discovery.DiscoveryClient    : Application is null : false
2026-08-28T22:35:12.083+05:30  INFO 37932 --- [bmp-salon-service] [           main] com.netflix.discovery.DiscoveryClient    : Registered Applications size is zero : true
2026-08-28T22:35:12.083+05:30  INFO 37932 --- [bmp-salon-service] [           main] com.netflix.discovery.DiscoveryClient    : Application version is -1: true
2026-08-28T22:35:12.083+05:30  INFO 37932 --- [bmp-salon-service] [           main] com.netflix.discovery.DiscoveryClient    : Getting all instance registry info from the eureka server
2026-08-28T22:35:12.839+05:30  INFO 37932 --- [bmp-salon-service] [           main] com.netflix.discovery.DiscoveryClient    : The response status is 200
2026-08-28T22:35:12.843+05:30  INFO 37932 --- [bmp-salon-service] [           main] com.netflix.discovery.DiscoveryClient    : Starting heartbeat executor: renew interval is: 30
2026-08-28T22:35:12.849+05:30  INFO 37932 --- [bmp-salon-service] [           main] c.n.discovery.InstanceInfoReplicator     : InstanceInfoReplicator onDemand update allowed rate per min is 4
2026-08-28T22:35:12.852+05:30  INFO 37932 --- [bmp-salon-service] [           main] com.netflix.discovery.DiscoveryClient    : Discovery Client initialized at timestamp 1787936712851 with initial instances count: 3
2026-08-28T22:35:12.876+05:30  INFO 37932 --- [bmp-salon-service] [           main] o.s.c.n.e.s.EurekaServiceRegistry        : Registering application BMP-SALON-SERVICE with eureka with status UP
2026-08-28T22:35:12.878+05:30  INFO 37932 --- [bmp-salon-service] [           main] com.netflix.discovery.DiscoveryClient    : Saw local status change event StatusChangeEvent [timestamp=1787936712878, current=UP, previous=STARTING]
2026-08-28T22:35:12.882+05:30  INFO 37932 --- [bmp-salon-service] [foReplicator-%d] com.netflix.discovery.DiscoveryClient    : DiscoveryClient_BMP-SALON-SERVICE/Darshan.mshome.net:bmp-salon-service:8083: registering service...
2026-08-28T22:35:12.951+05:30  INFO 37932 --- [bmp-salon-service] [           main] o.s.b.w.embedded.tomcat.TomcatWebServer  : Tomcat started on port 8083 (http) with context path '/'
2026-08-28T22:35:12.952+05:30  INFO 37932 --- [bmp-salon-service] [           main] .s.c.n.e.s.EurekaAutoServiceRegistration : Updating port to 8083
2026-08-28T22:35:12.962+05:30  INFO 37932 --- [bmp-salon-service] [foReplicator-%d] com.netflix.discovery.DiscoveryClient    : DiscoveryClient_BMP-SALON-SERVICE/Darshan.mshome.net:bmp-salon-service:8083 - registration status: 204
2026-08-28T22:35:12.970+05:30  INFO 37932 --- [bmp-salon-service] [           main] o.s.c.s.binder.DefaultBinderFactory      : Creating binder: kafka
2026-08-28T22:35:12.971+05:30  INFO 37932 --- [bmp-salon-service] [           main] o.s.c.s.binder.DefaultBinderFactory      : Constructing binder child context for kafka
2026-08-28T22:35:13.796+05:30  INFO 37932 --- [bmp-salon-service] [           main] o.s.c.s.binder.DefaultBinderFactory      : Caching the binder: kafka
2026-08-28T22:35:14.125+05:30  INFO 37932 --- [bmp-salon-service] [           main] o.a.k.clients.admin.AdminClientConfig    : AdminClientConfig values: 
	auto.include.jmx.reporter = true
	bootstrap.controllers = []
	bootstrap.servers = [localhost:9092]
	client.dns.lookup = use_all_dns_ips
	client.id = 
	connections.max.idle.ms = 300000
	default.api.timeout.ms = 60000
	enable.metrics.push = true
	metadata.max.age.ms = 300000
	metadata.recovery.strategy = none
	metric.reporters = []
	metrics.num.samples = 2
	metrics.recording.level = INFO
	metrics.sample.window.ms = 30000
	receive.buffer.bytes = 65536
	reconnect.backoff.max.ms = 1000
	reconnect.backoff.ms = 50
	request.timeout.ms = 30000
	retries = 2147483647
	retry.backoff.max.ms = 1000
	retry.backoff.ms = 100
	sasl.client.callback.handler.class = null
	sasl.jaas.config = null
	sasl.kerberos.kinit.cmd = /usr/bin/kinit
	sasl.kerberos.min.time.before.relogin = 60000
	sasl.kerberos.service.name = null
	sasl.kerberos.ticket.renew.jitter = 0.05
	sasl.kerberos.ticket.renew.window.factor = 0.8
	sasl.login.callback.handler.class = null
	sasl.login.class = null
	sasl.login.connect.timeout.ms = null
	sasl.login.read.timeout.ms = null
	sasl.login.refresh.buffer.seconds = 300
	sasl.login.refresh.min.period.seconds = 60
	sasl.login.refresh.window.factor = 0.8
	sasl.login.refresh.window.jitter = 0.05
	sasl.login.retry.backoff.max.ms = 10000
	sasl.login.retry.backoff.ms = 100
	sasl.mechanism = GSSAPI
	sasl.oauthbearer.clock.skew.seconds = 30
	sasl.oauthbearer.expected.audience = null
	sasl.oauthbearer.expected.issuer = null
	sasl.oauthbearer.jwks.endpoint.refresh.ms = 3600000
	sasl.oauthbearer.jwks.endpoint.retry.backoff.max.ms = 10000
	sasl.oauthbearer.jwks.endpoint.retry.backoff.ms = 100
	sasl.oauthbearer.jwks.endpoint.url = null
	sasl.oauthbearer.scope.claim.name = scope
	sasl.oauthbearer.sub.claim.name = sub
	sasl.oauthbearer.token.endpoint.url = null
	security.protocol = PLAINTEXT
	security.providers = null
	send.buffer.bytes = 131072
	socket.connection.setup.timeout.max.ms = 30000
	socket.connection.setup.timeout.ms = 10000
	ssl.cipher.suites = null
	ssl.enabled.protocols = [TLSv1.2, TLSv1.3]
	ssl.endpoint.identification.algorithm = https
	ssl.engine.factory.class = null
	ssl.key.password = null
	ssl.keymanager.algorithm = SunX509
	ssl.keystore.certificate.chain = null
	ssl.keystore.key = null
	ssl.keystore.location = null
	ssl.keystore.password = null
	ssl.keystore.type = JKS
	ssl.protocol = TLSv1.3
	ssl.provider = null
	ssl.secure.random.implementation = null
	ssl.trustmanager.algorithm = PKIX
	ssl.truststore.certificates = null
	ssl.truststore.location = null
	ssl.truststore.password = null
	ssl.truststore.type = JKS

2026-08-28T22:35:14.667+05:30  INFO 37932 --- [bmp-salon-service] [           main] o.a.kafka.common.utils.AppInfoParser     : Kafka version: 3.8.1
2026-08-28T22:35:14.668+05:30  INFO 37932 --- [bmp-salon-service] [           main] o.a.kafka.common.utils.AppInfoParser     : Kafka commitId: 70d6ff42debf7e17
2026-08-28T22:35:14.668+05:30  INFO 37932 --- [bmp-salon-service] [           main] o.a.kafka.common.utils.AppInfoParser     : Kafka startTimeMs: 1787936714665
2026-08-28T22:35:15.632+05:30  INFO 37932 --- [bmp-salon-service] [| adminclient-1] o.a.kafka.common.utils.AppInfoParser     : App info kafka.admin.client for adminclient-1 unregistered
2026-08-28T22:35:15.650+05:30  INFO 37932 --- [bmp-salon-service] [| adminclient-1] o.apache.kafka.common.metrics.Metrics    : Metrics scheduler closed
2026-08-28T22:35:15.651+05:30  INFO 37932 --- [bmp-salon-service] [| adminclient-1] o.apache.kafka.common.metrics.Metrics    : Closing reporter org.apache.kafka.common.metrics.JmxReporter
2026-08-28T22:35:15.652+05:30  INFO 37932 --- [bmp-salon-service] [| adminclient-1] o.apache.kafka.common.metrics.Metrics    : Metrics reporters closed
2026-08-28T22:35:15.701+05:30  INFO 37932 --- [bmp-salon-service] [           main] o.a.k.clients.consumer.ConsumerConfig    : ConsumerConfig values: 
	allow.auto.create.topics = true
	auto.commit.interval.ms = 100
	auto.include.jmx.reporter = true
	auto.offset.reset = latest
	bootstrap.servers = [localhost:9092]
	check.crcs = true
	client.dns.lookup = use_all_dns_ips
	client.id = consumer-anonymous.dec1003b-caff-4343-8a95-5d0a501cd2ab-1
	client.rack = 
	connections.max.idle.ms = 540000
	default.api.timeout.ms = 60000
	enable.auto.commit = false
	enable.metrics.push = true
	exclude.internal.topics = true
	fetch.max.bytes = 52428800
	fetch.max.wait.ms = 500
	fetch.min.bytes = 1
	group.id = anonymous.dec1003b-caff-4343-8a95-5d0a501cd2ab
	group.instance.id = null
	group.protocol = classic
	group.remote.assignor = null
	heartbeat.interval.ms = 3000
	interceptor.classes = []
	internal.leave.group.on.close = true
	internal.throw.on.fetch.stable.offset.unsupported = false
	isolation.level = read_uncommitted
	key.deserializer = class org.apache.kafka.common.serialization.ByteArrayDeserializer
	max.partition.fetch.bytes = 1048576
	max.poll.interval.ms = 300000
	max.poll.records = 500
	metadata.max.age.ms = 300000
	metadata.recovery.strategy = none
	metric.reporters = []
	metrics.num.samples = 2
	metrics.recording.level = INFO
	metrics.sample.window.ms = 30000
	partition.assignment.strategy = [class org.apache.kafka.clients.consumer.RangeAssignor, class org.apache.kafka.clients.consumer.CooperativeStickyAssignor]
	receive.buffer.bytes = 65536
	reconnect.backoff.max.ms = 1000
	reconnect.backoff.ms = 50
	request.timeout.ms = 30000
	retry.backoff.max.ms = 1000
	retry.backoff.ms = 100
	sasl.client.callback.handler.class = null
	sasl.jaas.config = null
	sasl.kerberos.kinit.cmd = /usr/bin/kinit
	sasl.kerberos.min.time.before.relogin = 60000
	sasl.kerberos.service.name = null
	sasl.kerberos.ticket.renew.jitter = 0.05
	sasl.kerberos.ticket.renew.window.factor = 0.8
	sasl.login.callback.handler.class = null
	sasl.login.class = null
	sasl.login.connect.timeout.ms = null
	sasl.login.read.timeout.ms = null
	sasl.login.refresh.buffer.seconds = 300
	sasl.login.refresh.min.period.seconds = 60
	sasl.login.refresh.window.factor = 0.8
	sasl.login.refresh.window.jitter = 0.05
	sasl.login.retry.backoff.max.ms = 10000
	sasl.login.retry.backoff.ms = 100
	sasl.mechanism = GSSAPI
	sasl.oauthbearer.clock.skew.seconds = 30
	sasl.oauthbearer.expected.audience = null
	sasl.oauthbearer.expected.issuer = null
	sasl.oauthbearer.jwks.endpoint.refresh.ms = 3600000
	sasl.oauthbearer.jwks.endpoint.retry.backoff.max.ms = 10000
	sasl.oauthbearer.jwks.endpoint.retry.backoff.ms = 100
	sasl.oauthbearer.jwks.endpoint.url = null
	sasl.oauthbearer.scope.claim.name = scope
	sasl.oauthbearer.sub.claim.name = sub
	sasl.oauthbearer.token.endpoint.url = null
	security.protocol = PLAINTEXT
	security.providers = null
	send.buffer.bytes = 131072
	session.timeout.ms = 45000
	socket.connection.setup.timeout.max.ms = 30000
	socket.connection.setup.timeout.ms = 10000
	ssl.cipher.suites = null
	ssl.enabled.protocols = [TLSv1.2, TLSv1.3]
	ssl.endpoint.identification.algorithm = https
	ssl.engine.factory.class = null
	ssl.key.password = null
	ssl.keymanager.algorithm = SunX509
	ssl.keystore.certificate.chain = null
	ssl.keystore.key = null
	ssl.keystore.location = null
	ssl.keystore.password = null
	ssl.keystore.type = JKS
	ssl.protocol = TLSv1.3
	ssl.provider = null
	ssl.secure.random.implementation = null
	ssl.trustmanager.algorithm = PKIX
	ssl.truststore.certificates = null
	ssl.truststore.location = null
	ssl.truststore.password = null
	ssl.truststore.type = JKS
	value.deserializer = class org.apache.kafka.common.serialization.ByteArrayDeserializer

2026-08-28T22:35:15.874+05:30  INFO 37932 --- [bmp-salon-service] [           main] o.a.k.c.t.i.KafkaMetricsCollector        : initializing Kafka metrics collector
2026-08-28T22:35:15.962+05:30  INFO 37932 --- [bmp-salon-service] [           main] o.a.kafka.common.utils.AppInfoParser     : Kafka version: 3.8.1
2026-08-28T22:35:15.962+05:30  INFO 37932 --- [bmp-salon-service] [           main] o.a.kafka.common.utils.AppInfoParser     : Kafka commitId: 70d6ff42debf7e17
2026-08-28T22:35:15.962+05:30  INFO 37932 --- [bmp-salon-service] [           main] o.a.kafka.common.utils.AppInfoParser     : Kafka startTimeMs: 1787936715962
2026-08-28T22:35:16.008+05:30  INFO 37932 --- [bmp-salon-service] [           main] org.apache.kafka.clients.Metadata        : [Consumer clientId=consumer-anonymous.dec1003b-caff-4343-8a95-5d0a501cd2ab-1, groupId=anonymous.dec1003b-caff-4343-8a95-5d0a501cd2ab] Cluster ID: 5L6g3nShT-eMCtK--X86sw
2026-08-28T22:35:16.017+05:30  INFO 37932 --- [bmp-salon-service] [           main] o.a.k.c.c.internals.ConsumerCoordinator  : [Consumer clientId=consumer-anonymous.dec1003b-caff-4343-8a95-5d0a501cd2ab-1, groupId=anonymous.dec1003b-caff-4343-8a95-5d0a501cd2ab] Resetting generation and member id due to: consumer pro-actively leaving the group
2026-08-28T22:35:16.018+05:30  INFO 37932 --- [bmp-salon-service] [           main] o.a.k.c.c.internals.ConsumerCoordinator  : [Consumer clientId=consumer-anonymous.dec1003b-caff-4343-8a95-5d0a501cd2ab-1, groupId=anonymous.dec1003b-caff-4343-8a95-5d0a501cd2ab] Request joining group due to: consumer pro-actively leaving the group
2026-08-28T22:35:16.040+05:30  INFO 37932 --- [bmp-salon-service] [           main] o.apache.kafka.common.metrics.Metrics    : Metrics scheduler closed
2026-08-28T22:35:16.040+05:30  INFO 37932 --- [bmp-salon-service] [           main] o.apache.kafka.common.metrics.Metrics    : Closing reporter org.apache.kafka.common.metrics.JmxReporter
2026-08-28T22:35:16.041+05:30  INFO 37932 --- [bmp-salon-service] [           main] o.apache.kafka.common.metrics.Metrics    : Closing reporter org.apache.kafka.common.telemetry.internals.ClientTelemetryReporter
2026-08-28T22:35:16.041+05:30  INFO 37932 --- [bmp-salon-service] [           main] o.apache.kafka.common.metrics.Metrics    : Metrics reporters closed
2026-08-28T22:35:16.074+05:30  INFO 37932 --- [bmp-salon-service] [           main] o.a.kafka.common.utils.AppInfoParser     : App info kafka.consumer for consumer-anonymous.dec1003b-caff-4343-8a95-5d0a501cd2ab-1 unregistered
2026-08-28T22:35:16.157+05:30  INFO 37932 --- [bmp-salon-service] [           main] o.s.c.stream.binder.BinderErrorChannel   : Channel 'kafka-498445608.springCloudBusInput.errors' has 1 subscriber(s).
2026-08-28T22:35:16.158+05:30  INFO 37932 --- [bmp-salon-service] [           main] o.s.c.stream.binder.BinderErrorChannel   : Channel 'kafka-498445608.springCloudBusInput.errors' has 0 subscriber(s).
2026-08-28T22:35:16.159+05:30  INFO 37932 --- [bmp-salon-service] [           main] o.s.c.stream.binder.BinderErrorChannel   : Channel 'kafka-498445608.springCloudBusInput.errors' has 1 subscriber(s).
2026-08-28T22:35:16.159+05:30  INFO 37932 --- [bmp-salon-service] [           main] o.s.c.stream.binder.BinderErrorChannel   : Channel 'kafka-498445608.springCloudBusInput.errors' has 2 subscriber(s).
2026-08-28T22:35:16.185+05:30  INFO 37932 --- [bmp-salon-service] [           main] o.a.k.clients.consumer.ConsumerConfig    : ConsumerConfig values: 
	allow.auto.create.topics = true
	auto.commit.interval.ms = 100
	auto.include.jmx.reporter = true
	auto.offset.reset = latest
	bootstrap.servers = [localhost:9092]
	check.crcs = true
	client.dns.lookup = use_all_dns_ips
	client.id = consumer-anonymous.dec1003b-caff-4343-8a95-5d0a501cd2ab-2
	client.rack = 
	connections.max.idle.ms = 540000
	default.api.timeout.ms = 60000
	enable.auto.commit = false
	enable.metrics.push = true
	exclude.internal.topics = true
	fetch.max.bytes = 52428800
	fetch.max.wait.ms = 500
	fetch.min.bytes = 1
	group.id = anonymous.dec1003b-caff-4343-8a95-5d0a501cd2ab
	group.instance.id = null
	group.protocol = classic
	group.remote.assignor = null
	heartbeat.interval.ms = 3000
	interceptor.classes = []
	internal.leave.group.on.close = true
	internal.throw.on.fetch.stable.offset.unsupported = false
	isolation.level = read_uncommitted
	key.deserializer = class org.apache.kafka.common.serialization.ByteArrayDeserializer
	max.partition.fetch.bytes = 1048576
	max.poll.interval.ms = 300000
	max.poll.records = 500
	metadata.max.age.ms = 300000
	metadata.recovery.strategy = none
	metric.reporters = []
	metrics.num.samples = 2
	metrics.recording.level = INFO
	metrics.sample.window.ms = 30000
	partition.assignment.strategy = [class org.apache.kafka.clients.consumer.RangeAssignor, class org.apache.kafka.clients.consumer.CooperativeStickyAssignor]
	receive.buffer.bytes = 65536
	reconnect.backoff.max.ms = 1000
	reconnect.backoff.ms = 50
	request.timeout.ms = 30000
	retry.backoff.max.ms = 1000
	retry.backoff.ms = 100
	sasl.client.callback.handler.class = null
	sasl.jaas.config = null
	sasl.kerberos.kinit.cmd = /usr/bin/kinit
	sasl.kerberos.min.time.before.relogin = 60000
	sasl.kerberos.service.name = null
	sasl.kerberos.ticket.renew.jitter = 0.05
	sasl.kerberos.ticket.renew.window.factor = 0.8
	sasl.login.callback.handler.class = null
	sasl.login.class = null
	sasl.login.connect.timeout.ms = null
	sasl.login.read.timeout.ms = null
	sasl.login.refresh.buffer.seconds = 300
	sasl.login.refresh.min.period.seconds = 60
	sasl.login.refresh.window.factor = 0.8
	sasl.login.refresh.window.jitter = 0.05
	sasl.login.retry.backoff.max.ms = 10000
	sasl.login.retry.backoff.ms = 100
	sasl.mechanism = GSSAPI
	sasl.oauthbearer.clock.skew.seconds = 30
	sasl.oauthbearer.expected.audience = null
	sasl.oauthbearer.expected.issuer = null
	sasl.oauthbearer.jwks.endpoint.refresh.ms = 3600000
	sasl.oauthbearer.jwks.endpoint.retry.backoff.max.ms = 10000
	sasl.oauthbearer.jwks.endpoint.retry.backoff.ms = 100
	sasl.oauthbearer.jwks.endpoint.url = null
	sasl.oauthbearer.scope.claim.name = scope
	sasl.oauthbearer.sub.claim.name = sub
	sasl.oauthbearer.token.endpoint.url = null
	security.protocol = PLAINTEXT
	security.providers = null
	send.buffer.bytes = 131072
	session.timeout.ms = 45000
	socket.connection.setup.timeout.max.ms = 30000
	socket.connection.setup.timeout.ms = 10000
	ssl.cipher.suites = null
	ssl.enabled.protocols = [TLSv1.2, TLSv1.3]
	ssl.endpoint.identification.algorithm = https
	ssl.engine.factory.class = null
	ssl.key.password = null
	ssl.keymanager.algorithm = SunX509
	ssl.keystore.certificate.chain = null
	ssl.keystore.key = null
	ssl.keystore.location = null
	ssl.keystore.password = null
	ssl.keystore.type = JKS
	ssl.protocol = TLSv1.3
	ssl.provider = null
	ssl.secure.random.implementation = null
	ssl.trustmanager.algorithm = PKIX
	ssl.truststore.certificates = null
	ssl.truststore.location = null
	ssl.truststore.password = null
	ssl.truststore.type = JKS
	value.deserializer = class org.apache.kafka.common.serialization.ByteArrayDeserializer

2026-08-28T22:35:16.186+05:30  INFO 37932 --- [bmp-salon-service] [           main] o.a.k.c.t.i.KafkaMetricsCollector        : initializing Kafka metrics collector
2026-08-28T22:35:16.193+05:30  INFO 37932 --- [bmp-salon-service] [           main] o.a.kafka.common.utils.AppInfoParser     : Kafka version: 3.8.1
2026-08-28T22:35:16.194+05:30  INFO 37932 --- [bmp-salon-service] [           main] o.a.kafka.common.utils.AppInfoParser     : Kafka commitId: 70d6ff42debf7e17
2026-08-28T22:35:16.194+05:30  INFO 37932 --- [bmp-salon-service] [           main] o.a.kafka.common.utils.AppInfoParser     : Kafka startTimeMs: 1787936716193
2026-08-28T22:35:16.200+05:30  INFO 37932 --- [bmp-salon-service] [           main] o.a.k.c.c.internals.LegacyKafkaConsumer  : [Consumer clientId=consumer-anonymous.dec1003b-caff-4343-8a95-5d0a501cd2ab-2, groupId=anonymous.dec1003b-caff-4343-8a95-5d0a501cd2ab] Subscribed to topic(s): springCloudBus
2026-08-28T22:35:16.208+05:30  INFO 37932 --- [bmp-salon-service] [           main] s.i.k.i.KafkaMessageDrivenChannelAdapter : started org.springframework.integration.kafka.inbound.KafkaMessageDrivenChannelAdapter@36792cff
2026-08-28T22:35:16.221+05:30  INFO 37932 --- [bmp-salon-service] [container-0-C-1] org.apache.kafka.clients.Metadata        : [Consumer clientId=consumer-anonymous.dec1003b-caff-4343-8a95-5d0a501cd2ab-2, groupId=anonymous.dec1003b-caff-4343-8a95-5d0a501cd2ab] Cluster ID: 5L6g3nShT-eMCtK--X86sw
2026-08-28T22:35:16.222+05:30  INFO 37932 --- [bmp-salon-service] [container-0-C-1] o.a.k.c.c.internals.ConsumerCoordinator  : [Consumer clientId=consumer-anonymous.dec1003b-caff-4343-8a95-5d0a501cd2ab-2, groupId=anonymous.dec1003b-caff-4343-8a95-5d0a501cd2ab] Discovered group coordinator localhost:9092 (id: 2147483646 rack: null)
2026-08-28T22:35:16.225+05:30  INFO 37932 --- [bmp-salon-service] [container-0-C-1] o.a.k.c.c.internals.ConsumerCoordinator  : [Consumer clientId=consumer-anonymous.dec1003b-caff-4343-8a95-5d0a501cd2ab-2, groupId=anonymous.dec1003b-caff-4343-8a95-5d0a501cd2ab] (Re-)joining group
2026-08-28T22:35:16.252+05:30  INFO 37932 --- [bmp-salon-service] [container-0-C-1] o.a.k.c.c.internals.ConsumerCoordinator  : [Consumer clientId=consumer-anonymous.dec1003b-caff-4343-8a95-5d0a501cd2ab-2, groupId=anonymous.dec1003b-caff-4343-8a95-5d0a501cd2ab] Request joining group due to: need to re-join with the given member-id: consumer-anonymous.dec1003b-caff-4343-8a95-5d0a501cd2ab-2-ad2a5ebb-719e-48d7-84d9-3d3bda8ec0a6
2026-08-28T22:35:16.252+05:30  INFO 37932 --- [bmp-salon-service] [container-0-C-1] o.a.k.c.c.internals.ConsumerCoordinator  : [Consumer clientId=consumer-anonymous.dec1003b-caff-4343-8a95-5d0a501cd2ab-2, groupId=anonymous.dec1003b-caff-4343-8a95-5d0a501cd2ab] (Re-)joining group
2026-08-28T22:35:16.339+05:30  INFO 37932 --- [bmp-salon-service] [           main] com.bmp.salon.BmpSalonApplication        : Started BmpSalonApplication in 37.343 seconds (process running for 38.018)
2026-08-28T22:35:17.215+05:30  INFO 37932 --- [bmp-salon-service] [pool-3-thread-1] o.a.k.clients.consumer.ConsumerConfig    : ConsumerConfig values: 
	allow.auto.create.topics = true
	auto.commit.interval.ms = 5000
	auto.include.jmx.reporter = true
	auto.offset.reset = latest
	bootstrap.servers = [localhost:9092]
	check.crcs = true
	client.dns.lookup = use_all_dns_ips
	client.id = consumer-anonymous.dec1003b-caff-4343-8a95-5d0a501cd2ab-3
	client.rack = 
	connections.max.idle.ms = 540000
	default.api.timeout.ms = 60000
	enable.auto.commit = true
	enable.metrics.push = true
	exclude.internal.topics = true
	fetch.max.bytes = 52428800
	fetch.max.wait.ms = 500
	fetch.min.bytes = 1
	group.id = anonymous.dec1003b-caff-4343-8a95-5d0a501cd2ab
	group.instance.id = null
	group.protocol = classic
	group.remote.assignor = null
	heartbeat.interval.ms = 3000
	interceptor.classes = []
	internal.leave.group.on.close = true
	internal.throw.on.fetch.stable.offset.unsupported = false
	isolation.level = read_uncommitted
	key.deserializer = class org.apache.kafka.common.serialization.ByteArrayDeserializer
	max.partition.fetch.bytes = 1048576
	max.poll.interval.ms = 300000
	max.poll.records = 500
	metadata.max.age.ms = 300000
	metadata.recovery.strategy = none
	metric.reporters = []
	metrics.num.samples = 2
	metrics.recording.level = INFO
	metrics.sample.window.ms = 30000
	partition.assignment.strategy = [class org.apache.kafka.clients.consumer.RangeAssignor, class org.apache.kafka.clients.consumer.CooperativeStickyAssignor]
	receive.buffer.bytes = 65536
	reconnect.backoff.max.ms = 1000
	reconnect.backoff.ms = 50
	request.timeout.ms = 30000
	retry.backoff.max.ms = 1000
	retry.backoff.ms = 100
	sasl.client.callback.handler.class = null
	sasl.jaas.config = null
	sasl.kerberos.kinit.cmd = /usr/bin/kinit
	sasl.kerberos.min.time.before.relogin = 60000
	sasl.kerberos.service.name = null
	sasl.kerberos.ticket.renew.jitter = 0.05
	sasl.kerberos.ticket.renew.window.factor = 0.8
	sasl.login.callback.handler.class = null
	sasl.login.class = null
	sasl.login.connect.timeout.ms = null
	sasl.login.read.timeout.ms = null
	sasl.login.refresh.buffer.seconds = 300
	sasl.login.refresh.min.period.seconds = 60
	sasl.login.refresh.window.factor = 0.8
	sasl.login.refresh.window.jitter = 0.05
	sasl.login.retry.backoff.max.ms = 10000
	sasl.login.retry.backoff.ms = 100
	sasl.mechanism = GSSAPI
	sasl.oauthbearer.clock.skew.seconds = 30
	sasl.oauthbearer.expected.audience = null
	sasl.oauthbearer.expected.issuer = null
	sasl.oauthbearer.jwks.endpoint.refresh.ms = 3600000
	sasl.oauthbearer.jwks.endpoint.retry.backoff.max.ms = 10000
	sasl.oauthbearer.jwks.endpoint.retry.backoff.ms = 100
	sasl.oauthbearer.jwks.endpoint.url = null
	sasl.oauthbearer.scope.claim.name = scope
	sasl.oauthbearer.sub.claim.name = sub
	sasl.oauthbearer.token.endpoint.url = null
	security.protocol = PLAINTEXT
	security.providers = null
	send.buffer.bytes = 131072
	session.timeout.ms = 45000
	socket.connection.setup.timeout.max.ms = 30000
	socket.connection.setup.timeout.ms = 10000
	ssl.cipher.suites = null
	ssl.enabled.protocols = [TLSv1.2, TLSv1.3]
	ssl.endpoint.identification.algorithm = https
	ssl.engine.factory.class = null
	ssl.key.password = null
	ssl.keymanager.algorithm = SunX509
	ssl.keystore.certificate.chain = null
	ssl.keystore.key = null
	ssl.keystore.location = null
	ssl.keystore.password = null
	ssl.keystore.type = JKS
	ssl.protocol = TLSv1.3
	ssl.provider = null
	ssl.secure.random.implementation = null
	ssl.trustmanager.algorithm = PKIX
	ssl.truststore.certificates = null
	ssl.truststore.location = null
	ssl.truststore.password = null
	ssl.truststore.type = JKS
	value.deserializer = class org.apache.kafka.common.serialization.ByteArrayDeserializer

2026-08-28T22:35:17.217+05:30  INFO 37932 --- [bmp-salon-service] [pool-3-thread-1] o.a.k.c.t.i.KafkaMetricsCollector        : initializing Kafka metrics collector
2026-08-28T22:35:17.252+05:30  INFO 37932 --- [bmp-salon-service] [pool-3-thread-1] o.a.kafka.common.utils.AppInfoParser     : Kafka version: 3.8.1
2026-08-28T22:35:17.252+05:30  INFO 37932 --- [bmp-salon-service] [pool-3-thread-1] o.a.kafka.common.utils.AppInfoParser     : Kafka commitId: 70d6ff42debf7e17
2026-08-28T22:35:17.253+05:30  INFO 37932 --- [bmp-salon-service] [pool-3-thread-1] o.a.kafka.common.utils.AppInfoParser     : Kafka startTimeMs: 1787936717252
2026-08-28T22:35:17.271+05:30  INFO 37932 --- [bmp-salon-service] [pool-3-thread-1] org.apache.kafka.clients.Metadata        : [Consumer clientId=consumer-anonymous.dec1003b-caff-4343-8a95-5d0a501cd2ab-3, groupId=anonymous.dec1003b-caff-4343-8a95-5d0a501cd2ab] Cluster ID: 5L6g3nShT-eMCtK--X86sw
2026-08-28T22:35:17.320+05:30  INFO 37932 --- [bmp-salon-service] [pool-3-thread-1] o.a.k.c.c.internals.ConsumerCoordinator  : [Consumer clientId=consumer-anonymous.dec1003b-caff-4343-8a95-5d0a501cd2ab-3, groupId=anonymous.dec1003b-caff-4343-8a95-5d0a501cd2ab] Discovered group coordinator localhost:9092 (id: 2147483646 rack: null)
2026-08-28T22:35:17.348+05:30  INFO 37932 --- [bmp-salon-service] [pool-3-thread-1] o.a.k.c.c.internals.ConsumerCoordinator  : [Consumer clientId=consumer-anonymous.dec1003b-caff-4343-8a95-5d0a501cd2ab-3, groupId=anonymous.dec1003b-caff-4343-8a95-5d0a501cd2ab] Found no committed offset for partition springCloudBus-0
2026-08-28T22:35:19.259+05:30  INFO 37932 --- [bmp-salon-service] [container-0-C-1] o.a.k.c.c.internals.ConsumerCoordinator  : [Consumer clientId=consumer-anonymous.dec1003b-caff-4343-8a95-5d0a501cd2ab-2, groupId=anonymous.dec1003b-caff-4343-8a95-5d0a501cd2ab] Successfully joined group with generation Generation{generationId=1, memberId='consumer-anonymous.dec1003b-caff-4343-8a95-5d0a501cd2ab-2-ad2a5ebb-719e-48d7-84d9-3d3bda8ec0a6', protocol='range'}
2026-08-28T22:35:19.272+05:30  INFO 37932 --- [bmp-salon-service] [container-0-C-1] o.a.k.c.c.internals.ConsumerCoordinator  : [Consumer clientId=consumer-anonymous.dec1003b-caff-4343-8a95-5d0a501cd2ab-2, groupId=anonymous.dec1003b-caff-4343-8a95-5d0a501cd2ab] Finished assignment for group at generation 1: {consumer-anonymous.dec1003b-caff-4343-8a95-5d0a501cd2ab-2-ad2a5ebb-719e-48d7-84d9-3d3bda8ec0a6=Assignment(partitions=[springCloudBus-0])}
2026-08-28T22:35:19.282+05:30  INFO 37932 --- [bmp-salon-service] [container-0-C-1] o.a.k.c.c.internals.ConsumerCoordinator  : [Consumer clientId=consumer-anonymous.dec1003b-caff-4343-8a95-5d0a501cd2ab-2, groupId=anonymous.dec1003b-caff-4343-8a95-5d0a501cd2ab] Successfully synced group in generation Generation{generationId=1, memberId='consumer-anonymous.dec1003b-caff-4343-8a95-5d0a501cd2ab-2-ad2a5ebb-719e-48d7-84d9-3d3bda8ec0a6', protocol='range'}
2026-08-28T22:35:19.283+05:30  INFO 37932 --- [bmp-salon-service] [container-0-C-1] o.a.k.c.c.internals.ConsumerCoordinator  : [Consumer clientId=consumer-anonymous.dec1003b-caff-4343-8a95-5d0a501cd2ab-2, groupId=anonymous.dec1003b-caff-4343-8a95-5d0a501cd2ab] Notifying assignor about the new Assignment(partitions=[springCloudBus-0])
2026-08-28T22:35:19.287+05:30  INFO 37932 --- [bmp-salon-service] [container-0-C-1] k.c.c.i.ConsumerRebalanceListenerInvoker : [Consumer clientId=consumer-anonymous.dec1003b-caff-4343-8a95-5d0a501cd2ab-2, groupId=anonymous.dec1003b-caff-4343-8a95-5d0a501cd2ab] Adding newly assigned partitions: springCloudBus-0
2026-08-28T22:35:19.290+05:30  INFO 37932 --- [bmp-salon-service] [container-0-C-1] o.a.k.c.c.internals.ConsumerCoordinator  : [Consumer clientId=consumer-anonymous.dec1003b-caff-4343-8a95-5d0a501cd2ab-2, groupId=anonymous.dec1003b-caff-4343-8a95-5d0a501cd2ab] Found no committed offset for partition springCloudBus-0
2026-08-28T22:35:19.296+05:30  INFO 37932 --- [bmp-salon-service] [container-0-C-1] o.a.k.c.c.internals.ConsumerCoordinator  : [Consumer clientId=consumer-anonymous.dec1003b-caff-4343-8a95-5d0a501cd2ab-2, groupId=anonymous.dec1003b-caff-4343-8a95-5d0a501cd2ab] Found no committed offset for partition springCloudBus-0
2026-08-28T22:35:19.310+05:30  INFO 37932 --- [bmp-salon-service] [container-0-C-1] o.a.k.c.c.internals.SubscriptionState    : [Consumer clientId=consumer-anonymous.dec1003b-caff-4343-8a95-5d0a501cd2ab-2, groupId=anonymous.dec1003b-caff-4343-8a95-5d0a501cd2ab] Resetting offset for partition springCloudBus-0 to position FetchPosition{offset=0, offsetEpoch=Optional.empty, currentLeader=LeaderAndEpoch{leader=Optional[localhost:9092 (id: 1 rack: null)], epoch=0}}.
2026-08-28T22:35:19.317+05:30  INFO 37932 --- [bmp-salon-service] [container-0-C-1] o.s.c.s.b.k.KafkaMessageChannelBinder$2  : anonymous.dec1003b-caff-4343-8a95-5d0a501cd2ab: partitions assigned: [springCloudBus-0]
2026-08-28T22:36:06.436+05:30  INFO 37932 --- [bmp-salon-service] [nio-8083-exec-1] o.a.c.c.C.[Tomcat].[localhost].[/]       : Initializing Spring DispatcherServlet 'dispatcherServlet'
2026-08-28T22:36:06.449+05:30  INFO 37932 --- [bmp-salon-service] [nio-8083-exec-1] o.s.web.servlet.DispatcherServlet        : Initializing Servlet 'dispatcherServlet'
2026-08-28T22:36:06.728+05:30  INFO 37932 --- [bmp-salon-service] [nio-8083-exec-1] o.s.web.servlet.DispatcherServlet        : Completed initialization in 277 ms
2026-08-28T22:36:08.621+05:30  INFO 37932 --- [bmp-salon-service] [binder-health-1] o.a.k.clients.consumer.ConsumerConfig    : ConsumerConfig values: 
	allow.auto.create.topics = true
	auto.commit.interval.ms = 5000
	auto.include.jmx.reporter = true
	auto.offset.reset = latest
	bootstrap.servers = [localhost:9092]
	check.crcs = true
	client.dns.lookup = use_all_dns_ips
	client.id = consumer-null-4
	client.rack = 
	connections.max.idle.ms = 540000
	default.api.timeout.ms = 60000
	enable.auto.commit = false
	enable.metrics.push = true
	exclude.internal.topics = true
	fetch.max.bytes = 52428800
	fetch.max.wait.ms = 500
	fetch.min.bytes = 1
	group.id = null
	group.instance.id = null
	group.protocol = classic
	group.remote.assignor = null
	heartbeat.interval.ms = 3000
	interceptor.classes = []
	internal.leave.group.on.close = true
	internal.throw.on.fetch.stable.offset.unsupported = false
	isolation.level = read_uncommitted
	key.deserializer = class org.apache.kafka.common.serialization.ByteArrayDeserializer
	max.partition.fetch.bytes = 1048576
	max.poll.interval.ms = 300000
	max.poll.records = 500
	metadata.max.age.ms = 300000
	metadata.recovery.strategy = none
	metric.reporters = []
	metrics.num.samples = 2
	metrics.recording.level = INFO
	metrics.sample.window.ms = 30000
	partition.assignment.strategy = [class org.apache.kafka.clients.consumer.RangeAssignor, class org.apache.kafka.clients.consumer.CooperativeStickyAssignor]
	receive.buffer.bytes = 65536
	reconnect.backoff.max.ms = 1000
	reconnect.backoff.ms = 50
	request.timeout.ms = 30000
	retry.backoff.max.ms = 1000
	retry.backoff.ms = 100
	sasl.client.callback.handler.class = null
	sasl.jaas.config = null
	sasl.kerberos.kinit.cmd = /usr/bin/kinit
	sasl.kerberos.min.time.before.relogin = 60000
	sasl.kerberos.service.name = null
	sasl.kerberos.ticket.renew.jitter = 0.05
	sasl.kerberos.ticket.renew.window.factor = 0.8
	sasl.login.callback.handler.class = null
	sasl.login.class = null
	sasl.login.connect.timeout.ms = null
	sasl.login.read.timeout.ms = null
	sasl.login.refresh.buffer.seconds = 300
	sasl.login.refresh.min.period.seconds = 60
	sasl.login.refresh.window.factor = 0.8
	sasl.login.refresh.window.jitter = 0.05
	sasl.login.retry.backoff.max.ms = 10000
	sasl.login.retry.backoff.ms = 100
	sasl.mechanism = GSSAPI
	sasl.oauthbearer.clock.skew.seconds = 30
	sasl.oauthbearer.expected.audience = null
	sasl.oauthbearer.expected.issuer = null
	sasl.oauthbearer.jwks.endpoint.refresh.ms = 3600000
	sasl.oauthbearer.jwks.endpoint.retry.backoff.max.ms = 10000
	sasl.oauthbearer.jwks.endpoint.retry.backoff.ms = 100
	sasl.oauthbearer.jwks.endpoint.url = null
	sasl.oauthbearer.scope.claim.name = scope
	sasl.oauthbearer.sub.claim.name = sub
	sasl.oauthbearer.token.endpoint.url = null
	security.protocol = PLAINTEXT
	security.providers = null
	send.buffer.bytes = 131072
	session.timeout.ms = 45000
	socket.connection.setup.timeout.max.ms = 30000
	socket.connection.setup.timeout.ms = 10000
	ssl.cipher.suites = null
	ssl.enabled.protocols = [TLSv1.2, TLSv1.3]
	ssl.endpoint.identification.algorithm = https
	ssl.engine.factory.class = null
	ssl.key.password = null
	ssl.keymanager.algorithm = SunX509
	ssl.keystore.certificate.chain = null
	ssl.keystore.key = null
	ssl.keystore.location = null
	ssl.keystore.password = null
	ssl.keystore.type = JKS
	ssl.protocol = TLSv1.3
	ssl.provider = null
	ssl.secure.random.implementation = null
	ssl.trustmanager.algorithm = PKIX
	ssl.truststore.certificates = null
	ssl.truststore.location = null
	ssl.truststore.password = null
	ssl.truststore.type = JKS
	value.deserializer = class org.apache.kafka.common.serialization.ByteArrayDeserializer

2026-08-28T22:36:08.625+05:30  INFO 37932 --- [bmp-salon-service] [binder-health-1] o.a.k.c.t.i.KafkaMetricsCollector        : initializing Kafka metrics collector
2026-08-28T22:36:08.655+05:30  INFO 37932 --- [bmp-salon-service] [binder-health-1] o.a.kafka.common.utils.AppInfoParser     : Kafka version: 3.8.1
2026-08-28T22:36:08.656+05:30  INFO 37932 --- [bmp-salon-service] [binder-health-1] o.a.kafka.common.utils.AppInfoParser     : Kafka commitId: 70d6ff42debf7e17
2026-08-28T22:36:08.656+05:30  INFO 37932 --- [bmp-salon-service] [binder-health-1] o.a.kafka.common.utils.AppInfoParser     : Kafka startTimeMs: 1787936768654
2026-08-28T22:36:08.680+05:30  INFO 37932 --- [bmp-salon-service] [binder-health-1] org.apache.kafka.clients.Metadata        : [Consumer clientId=consumer-null-4, groupId=null] Cluster ID: 5L6g3nShT-eMCtK--X86sw
2026-08-28T22:40:12.110+05:30  INFO 37932 --- [bmp-salon-service] [rap-executor-%d] c.n.d.s.r.aws.ConfigClusterResolver      : Resolving eureka endpoints via configuration
2026-08-28T22:44:16.295+05:30  INFO 37932 --- [bmp-salon-service] [container-0-C-1] org.apache.kafka.clients.NetworkClient   : [Consumer clientId=consumer-anonymous.dec1003b-caff-4343-8a95-5d0a501cd2ab-2, groupId=anonymous.dec1003b-caff-4343-8a95-5d0a501cd2ab] Node -1 disconnected.
2026-08-28T22:44:17.638+05:30  INFO 37932 --- [bmp-salon-service] [pool-3-thread-1] org.apache.kafka.clients.NetworkClient   : [Consumer clientId=consumer-anonymous.dec1003b-caff-4343-8a95-5d0a501cd2ab-3, groupId=anonymous.dec1003b-caff-4343-8a95-5d0a501cd2ab] Node -1 disconnected.
2026-08-28T22:45:08.763+05:30  INFO 37932 --- [bmp-salon-service] [binder-health-1] org.apache.kafka.clients.NetworkClient   : [Consumer clientId=consumer-null-4, groupId=null] Node -1 disconnected.
2026-08-28T22:45:12.137+05:30  INFO 37932 --- [bmp-salon-service] [rap-executor-%d] c.n.d.s.r.aws.ConfigClusterResolver      : Resolving eureka endpoints via configuration
2026-08-28T22:50:12.152+05:30  INFO 37932 --- [bmp-salon-service] [rap-executor-%d] c.n.d.s.r.aws.ConfigClusterResolver      : Resolving eureka endpoints via configuration
2026-08-28T22:51:31.066+05:30  INFO 37932 --- [bmp-salon-service] [   scheduling-1] o.a.k.clients.producer.ProducerConfig    : ProducerConfig values: 
	acks = -1
	auto.include.jmx.reporter = true
	batch.size = 16384
	bootstrap.servers = [localhost:9092]
	buffer.memory = 33554432
	client.dns.lookup = use_all_dns_ips
	client.id = bmp-salon-service-producer-1
	compression.gzip.level = -1
	compression.lz4.level = 9
	compression.type = none
	compression.zstd.level = 3
	connections.max.idle.ms = 540000
	delivery.timeout.ms = 120000
	enable.idempotence = true
	enable.metrics.push = true
	interceptor.classes = []
	key.serializer = class org.apache.kafka.common.serialization.ByteArraySerializer
	linger.ms = 0
	max.block.ms = 60000
	max.in.flight.requests.per.connection = 5
	max.request.size = 1048576
	metadata.max.age.ms = 300000
	metadata.max.idle.ms = 300000
	metadata.recovery.strategy = none
	metric.reporters = []
	metrics.num.samples = 2
	metrics.recording.level = INFO
	metrics.sample.window.ms = 30000
	partitioner.adaptive.partitioning.enable = true
	partitioner.availability.timeout.ms = 0
	partitioner.class = null
	partitioner.ignore.keys = false
	receive.buffer.bytes = 32768
	reconnect.backoff.max.ms = 1000
	reconnect.backoff.ms = 50
	request.timeout.ms = 30000
	retries = 2147483647
	retry.backoff.max.ms = 1000
	retry.backoff.ms = 100
	sasl.client.callback.handler.class = null
	sasl.jaas.config = null
	sasl.kerberos.kinit.cmd = /usr/bin/kinit
	sasl.kerberos.min.time.before.relogin = 60000
	sasl.kerberos.service.name = null
	sasl.kerberos.ticket.renew.jitter = 0.05
	sasl.kerberos.ticket.renew.window.factor = 0.8
	sasl.login.callback.handler.class = null
	sasl.login.class = null
	sasl.login.connect.timeout.ms = null
	sasl.login.read.timeout.ms = null
	sasl.login.refresh.buffer.seconds = 300
	sasl.login.refresh.min.period.seconds = 60
	sasl.login.refresh.window.factor = 0.8
	sasl.login.refresh.window.jitter = 0.05
	sasl.login.retry.backoff.max.ms = 10000
	sasl.login.retry.backoff.ms = 100
	sasl.mechanism = GSSAPI
	sasl.oauthbearer.clock.skew.seconds = 30
	sasl.oauthbearer.expected.audience = null
	sasl.oauthbearer.expected.issuer = null
	sasl.oauthbearer.jwks.endpoint.refresh.ms = 3600000
	sasl.oauthbearer.jwks.endpoint.retry.backoff.max.ms = 10000
	sasl.oauthbearer.jwks.endpoint.retry.backoff.ms = 100
	sasl.oauthbearer.jwks.endpoint.url = null
	sasl.oauthbearer.scope.claim.name = scope
	sasl.oauthbearer.sub.claim.name = sub
	sasl.oauthbearer.token.endpoint.url = null
	security.protocol = PLAINTEXT
	security.providers = null
	send.buffer.bytes = 131072
	socket.connection.setup.timeout.max.ms = 30000
	socket.connection.setup.timeout.ms = 10000
	ssl.cipher.suites = null
	ssl.enabled.protocols = [TLSv1.2, TLSv1.3]
	ssl.endpoint.identification.algorithm = https
	ssl.engine.factory.class = null
	ssl.key.password = null
	ssl.keymanager.algorithm = SunX509
	ssl.keystore.certificate.chain = null
	ssl.keystore.key = null
	ssl.keystore.location = null
	ssl.keystore.password = null
	ssl.keystore.type = JKS
	ssl.protocol = TLSv1.3
	ssl.provider = null
	ssl.secure.random.implementation = null
	ssl.trustmanager.algorithm = PKIX
	ssl.truststore.certificates = null
	ssl.truststore.location = null
	ssl.truststore.password = null
	ssl.truststore.type = JKS
	transaction.timeout.ms = 60000
	transactional.id = null
	value.serializer = class org.apache.kafka.common.serialization.ByteArraySerializer

2026-08-28T22:51:31.074+05:30  INFO 37932 --- [bmp-salon-service] [   scheduling-1] o.a.k.c.t.i.KafkaMetricsCollector        : initializing Kafka metrics collector
2026-08-28T22:51:31.135+05:30  INFO 37932 --- [bmp-salon-service] [   scheduling-1] o.a.k.clients.producer.KafkaProducer     : [Producer clientId=bmp-salon-service-producer-1] Instantiated an idempotent producer.
2026-08-28T22:51:31.206+05:30  INFO 37932 --- [bmp-salon-service] [   scheduling-1] o.a.kafka.common.utils.AppInfoParser     : Kafka version: 3.8.1
2026-08-28T22:51:31.208+05:30  INFO 37932 --- [bmp-salon-service] [   scheduling-1] o.a.kafka.common.utils.AppInfoParser     : Kafka commitId: 70d6ff42debf7e17
2026-08-28T22:51:31.208+05:30  INFO 37932 --- [bmp-salon-service] [   scheduling-1] o.a.kafka.common.utils.AppInfoParser     : Kafka startTimeMs: 1787937691206
2026-08-28T22:51:31.226+05:30  INFO 37932 --- [bmp-salon-service] [vice-producer-1] org.apache.kafka.clients.Metadata        : [Producer clientId=bmp-salon-service-producer-1] Cluster ID: 5L6g3nShT-eMCtK--X86sw
2026-08-28T22:51:31.227+05:30  INFO 37932 --- [bmp-salon-service] [vice-producer-1] o.a.k.c.p.internals.TransactionManager   : [Producer clientId=bmp-salon-service-producer-1] ProducerId set to 4005 with epoch 0
2026-08-28T22:51:31.244+05:30  WARN 37932 --- [bmp-salon-service] [   scheduling-1] com.bmp.common.kafka.OutboxKafkaRelay    : outbox->kafka relay failed for otp.requested [01a04964-0741-75ab-b769-290d9941c84e] attempt 2: Can't convert key of class java.lang.String to class org.apache.kafka.common.serialization.ByteArraySerializer specified in key.serializer
2026-08-28T22:52:25.904+05:30  WARN 37932 --- [bmp-salon-service] [   scheduling-1] com.bmp.common.kafka.OutboxKafkaRelay    : outbox->kafka relay failed for user.registered [01a04964-e997-720f-b61a-7b40c1594f3e] attempt 2: Can't convert key of class java.lang.String to class org.apache.kafka.common.serialization.ByteArraySerializer specified in key.serializer
2026-08-28T22:54:16.584+05:30  INFO 37932 --- [bmp-salon-service] [container-0-C-1] org.apache.kafka.clients.NetworkClient   : [Consumer clientId=consumer-anonymous.dec1003b-caff-4343-8a95-5d0a501cd2ab-2, groupId=anonymous.dec1003b-caff-4343-8a95-5d0a501cd2ab] Node -1 disconnected.
2026-08-28T22:54:17.882+05:30  INFO 37932 --- [bmp-salon-service] [pool-3-thread-1] org.apache.kafka.clients.NetworkClient   : [Consumer clientId=consumer-anonymous.dec1003b-caff-4343-8a95-5d0a501cd2ab-3, groupId=anonymous.dec1003b-caff-4343-8a95-5d0a501cd2ab] Node -1 disconnected.
2026-08-28T22:54:57.552+05:30 ERROR 37932 --- [bmp-salon-service] [nio-8083-exec-3] com.bmp.salon.services.SalonService      : Salon 01a04967-38e1-7757-8658-95c06c60bc48 created but could not be queued for review (feign.FeignException$Forbidden: [403] during [POST] to [http://bmp-admin-service/api/v1/admin/salons/01a04967-38e1-7757-8658-95c06c60bc48/enqueue-review] [AdminServiceClient#enqueueSalonReview(UUID)]: []). It will stay pending and invisible until someone re-queues it — see POST /api/v1/admin/salons/01a04967-38e1-7757-8658-95c06c60bc48/enqueue-review.
2026-08-28T22:54:59.179+05:30  WARN 37932 --- [bmp-salon-service] [   scheduling-1] com.bmp.common.kafka.OutboxKafkaRelay    : outbox->kafka relay failed for salon.status.changed [01a04967-3cf5-7863-a615-c94c03e3c127] attempt 2: Can't convert key of class java.lang.String to class org.apache.kafka.common.serialization.ByteArraySerializer specified in key.serializer
2026-08-28T22:55:12.167+05:30  INFO 37932 --- [bmp-salon-service] [rap-executor-%d] c.n.d.s.r.aws.ConfigClusterResolver      : Resolving eureka endpoints via configuration
2026-08-28T22:55:48.768+05:30  INFO 37932 --- [bmp-salon-service] [binder-health-1] org.apache.kafka.clients.NetworkClient   : [Consumer clientId=consumer-null-4, groupId=null] Node -1 disconnected.
2026-08-28T22:57:12.153+05:30  WARN 37932 --- [bmp-salon-service] [nio-8083-exec-6] com.bmp.salon.services.SalonService      : Could not read moderation review for salon 01a04967-38e1-7757-8658-95c06c60bc48 (feign.FeignException$Forbidden: [403] during [GET] to [http://bmp-admin-service/api/v1/admin/salons/01a04967-38e1-7757-8658-95c06c60bc48/review] [AdminServiceClient#latestReview(UUID)]: []). Falling back to the salon's own status column.
2026-08-28T22:58:40.041+05:30  WARN 37932 --- [bmp-salon-service] [nio-8083-exec-2] com.bmp.salon.services.SalonService      : Could not read moderation review for salon 01a04967-38e1-7757-8658-95c06c60bc48 (feign.FeignException$Forbidden: [403] during [GET] to [http://bmp-admin-service/api/v1/admin/salons/01a04967-38e1-7757-8658-95c06c60bc48/review] [AdminServiceClient#latestReview(UUID)]: []). Falling back to the salon's own status column.
2026-08-28T23:00:00.904+05:30  WARN 37932 --- [bmp-salon-service] [nio-8083-exec-5] com.bmp.salon.services.SalonService      : Could not read moderation review for salon 01a04967-38e1-7757-8658-95c06c60bc48 (feign.FeignException$Forbidden: [403] during [GET] to [http://bmp-admin-service/api/v1/admin/salons/01a04967-38e1-7757-8658-95c06c60bc48/review] [AdminServiceClient#latestReview(UUID)]: []). Falling back to the salon's own status column.
2026-08-28T23:00:12.176+05:30  INFO 37932 --- [bmp-salon-service] [rap-executor-%d] c.n.d.s.r.aws.ConfigClusterResolver      : Resolving eureka endpoints via configuration
2026-08-28T23:00:31.307+05:30  INFO 37932 --- [bmp-salon-service] [vice-producer-1] org.apache.kafka.clients.NetworkClient   : [Producer clientId=bmp-salon-service-producer-1] Node -1 disconnected.
2026-08-28T23:01:20.205+05:30  WARN 37932 --- [bmp-salon-service] [nio-8083-exec-6] com.bmp.salon.services.SalonService      : Could not read moderation review for salon 01a04967-38e1-7757-8658-95c06c60bc48 (feign.FeignException$Forbidden: [403] during [GET] to [http://bmp-admin-service/api/v1/admin/salons/01a04967-38e1-7757-8658-95c06c60bc48/review] [AdminServiceClient#latestReview(UUID)]: []). Falling back to the salon's own status column.
2026-08-28T23:03:32.407+05:30  WARN 37932 --- [bmp-salon-service] [nio-8083-exec-9] com.bmp.salon.services.SalonService      : Could not read moderation review for salon 01a04967-38e1-7757-8658-95c06c60bc48 (feign.FeignException$Forbidden: [403] during [GET] to [http://bmp-admin-service/api/v1/admin/salons/01a04967-38e1-7757-8658-95c06c60bc48/review] [AdminServiceClient#latestReview(UUID)]: []). Falling back to the salon's own status column.
2026-08-28T23:05:11.432+05:30  WARN 37932 --- [bmp-salon-service] [nio-8083-exec-1] com.bmp.salon.services.SalonService      : Could not read moderation review for salon 01a04967-38e1-7757-8658-95c06c60bc48 (feign.FeignException$Forbidden: [403] during [GET] to [http://bmp-admin-service/api/v1/admin/salons/01a04967-38e1-7757-8658-95c06c60bc48/review] [AdminServiceClient#latestReview(UUID)]: []). Falling back to the salon's own status column.
2026-08-28T23:05:12.184+05:30  INFO 37932 --- [bmp-salon-service] [rap-executor-%d] c.n.d.s.r.aws.ConfigClusterResolver      : Resolving eureka endpoints via configuration
2026-08-28T23:10:12.195+05:30  INFO 37932 --- [bmp-salon-service] [rap-executor-%d] c.n.d.s.r.aws.ConfigClusterResolver      : Resolving eureka endpoints via configuration
2026-08-28T23:10:31.348+05:30  INFO 37932 --- [bmp-salon-service] [vice-producer-1] org.apache.kafka.clients.NetworkClient   : [Producer clientId=bmp-salon-service-producer-1] Node -1 disconnected.
2026-08-28T23:15:12.216+05:30  INFO 37932 --- [bmp-salon-service] [rap-executor-%d] c.n.d.s.r.aws.ConfigClusterResolver      : Resolving eureka endpoints via configuration
2026-08-28T23:20:12.246+05:30  INFO 37932 --- [bmp-salon-service] [rap-executor-%d] c.n.d.s.r.aws.ConfigClusterResolver      : Resolving eureka endpoints via configuration
2026-08-28T23:21:41.272+05:30  INFO 37932 --- [bmp-salon-service] [io-8083-exec-10] com.bmp.salon.services.SalonService      : Salon 01a04967-38e1-7757-8658-95c06c60bc48 commission set to 2000 bps by the staff console
2026-08-28T23:21:41.337+05:30  INFO 37932 --- [bmp-salon-service] [io-8083-exec-10] c.b.s.c.InternalSalonController          : Salon 01a04967-38e1-7757-8658-95c06c60bc48 status pending -> approved by the staff console
2026-08-28T23:21:42.847+05:30  WARN 37932 --- [bmp-salon-service] [   scheduling-1] com.bmp.common.kafka.OutboxKafkaRelay    : outbox->kafka relay failed for salon.status.changed [01a0497f-b518-77e9-8e7d-52194c4e00eb] attempt 2: Can't convert key of class java.lang.String to class org.apache.kafka.common.serialization.ByteArraySerializer specified in key.serializer
2026-08-28T23:25:12.270+05:30  INFO 37932 --- [bmp-salon-service] [rap-executor-%d] c.n.d.s.r.aws.ConfigClusterResolver      : Resolving eureka endpoints via configuration
2026-08-28T23:27:27.873+05:30  WARN 37932 --- [bmp-salon-service] [io-8083-exec-10] com.bmp.salon.services.SalonService      : Could not read moderation review for salon 01a04967-38e1-7757-8658-95c06c60bc48 (feign.FeignException$Forbidden: [403] during [GET] to [http://bmp-admin-service/api/v1/admin/salons/01a04967-38e1-7757-8658-95c06c60bc48/review] [AdminServiceClient#latestReview(UUID)]: []). Falling back to the salon's own status column.
2026-08-28T23:27:40.475+05:30  INFO 37932 --- [bmp-salon-service] [nio-8083-exec-3] com.bmp.salon.services.SalonService      : Salon 01a04967-38e1-7757-8658-95c06c60bc48 went LIVE (owner action)
2026-08-28T23:29:10.450+05:30  WARN 37932 --- [bmp-salon-service] [nio-8083-exec-4] com.bmp.salon.services.SalonService      : Could not read moderation review for salon 01a04967-38e1-7757-8658-95c06c60bc48 (feign.FeignException$Forbidden: [403] during [GET] to [http://bmp-admin-service/api/v1/admin/salons/01a04967-38e1-7757-8658-95c06c60bc48/review] [AdminServiceClient#latestReview(UUID)]: []). Falling back to the salon's own status column.
2026-08-28T23:30:12.289+05:30  INFO 37932 --- [bmp-salon-service] [rap-executor-%d] c.n.d.s.r.aws.ConfigClusterResolver      : Resolving eureka endpoints via configuration
2026-08-28T23:35:12.299+05:30  INFO 37932 --- [bmp-salon-service] [rap-executor-%d] c.n.d.s.r.aws.ConfigClusterResolver      : Resolving eureka endpoints via configuration
2026-08-28T23:40:12.302+05:30  INFO 37932 --- [bmp-salon-service] [rap-executor-%d] c.n.d.s.r.aws.ConfigClusterResolver      : Resolving eureka endpoints via configuration
2026-08-28T23:45:12.320+05:30  INFO 37932 --- [bmp-salon-service] [rap-executor-%d] c.n.d.s.r.aws.ConfigClusterResolver      : Resolving eureka endpoints via configuration
2026-08-28T23:50:12.340+05:30  INFO 37932 --- [bmp-salon-service] [rap-executor-%d] c.n.d.s.r.aws.ConfigClusterResolver      : Resolving eureka endpoints via configuration
2026-08-28T23:55:12.355+05:30  INFO 37932 --- [bmp-salon-service] [rap-executor-%d] c.n.d.s.r.aws.ConfigClusterResolver      : Resolving eureka endpoints via configuration
2026-08-29T00:00:12.370+05:30  INFO 37932 --- [bmp-salon-service] [rap-executor-%d] c.n.d.s.r.aws.ConfigClusterResolver      : Resolving eureka endpoints via configuration
2026-08-29T00:05:12.376+05:30  INFO 37932 --- [bmp-salon-service] [rap-executor-%d] c.n.d.s.r.aws.ConfigClusterResolver      : Resolving eureka endpoints via configuration
2026-08-29T00:10:12.387+05:30  INFO 37932 --- [bmp-salon-service] [rap-executor-%d] c.n.d.s.r.aws.ConfigClusterResolver      : Resolving eureka endpoints via configuration
2026-08-29T00:15:12.404+05:30  INFO 37932 --- [bmp-salon-service] [rap-executor-%d] c.n.d.s.r.aws.ConfigClusterResolver      : Resolving eureka endpoints via configuration
2026-08-29T00:20:12.409+05:30  INFO 37932 --- [bmp-salon-service] [rap-executor-%d] c.n.d.s.r.aws.ConfigClusterResolver      : Resolving eureka endpoints via configuration
2026-08-29T00:25:12.422+05:30  INFO 37932 --- [bmp-salon-service] [rap-executor-%d] c.n.d.s.r.aws.ConfigClusterResolver      : Resolving eureka endpoints via configuration
2026-08-29T00:30:12.437+05:30  INFO 37932 --- [bmp-salon-service] [rap-executor-%d] c.n.d.s.r.aws.ConfigClusterResolver      : Resolving eureka endpoints via configuration
2026-08-29T00:35:12.453+05:30  INFO 37932 --- [bmp-salon-service] [rap-executor-%d] c.n.d.s.r.aws.ConfigClusterResolver      : Resolving eureka endpoints via configuration
2026-08-29T00:40:12.481+05:30  INFO 37932 --- [bmp-salon-service] [rap-executor-%d] c.n.d.s.r.aws.ConfigClusterResolver      : Resolving eureka endpoints via configuration
2026-08-29T00:40:19.708+05:30  WARN 37932 --- [bmp-salon-service] [   scheduling-1] com.zaxxer.hikari.pool.PoolBase          : HikariPool-1 - Failed to validate connection org.postgresql.jdbc.PgConnection@14f857ca (This connection has been closed.). Possibly consider using a shorter maxLifetime value.
2026-08-29T03:40:14.893+05:30  INFO 37932 --- [bmp-salon-service] [pool-3-thread-1] org.apache.kafka.clients.NetworkClient   : [Consumer clientId=consumer-anonymous.dec1003b-caff-4343-8a95-5d0a501cd2ab-3, groupId=anonymous.dec1003b-caff-4343-8a95-5d0a501cd2ab] Node 2147483646 disconnected.
2026-08-29T03:40:14.893+05:30  INFO 37932 --- [bmp-salon-service] [95-5d0a501cd2ab] org.apache.kafka.clients.NetworkClient   : [Consumer clientId=consumer-anonymous.dec1003b-caff-4343-8a95-5d0a501cd2ab-2, groupId=anonymous.dec1003b-caff-4343-8a95-5d0a501cd2ab] Node 1 disconnected.
2026-08-29T03:40:14.905+05:30  INFO 37932 --- [bmp-salon-service] [pool-3-thread-1] org.apache.kafka.clients.NetworkClient   : [Consumer clientId=consumer-anonymous.dec1003b-caff-4343-8a95-5d0a501cd2ab-3, groupId=anonymous.dec1003b-caff-4343-8a95-5d0a501cd2ab] Disconnecting from node 1 due to request timeout.
2026-08-29T03:40:14.911+05:30  INFO 37932 --- [bmp-salon-service] [pool-3-thread-1] org.apache.kafka.clients.NetworkClient   : [Consumer clientId=consumer-anonymous.dec1003b-caff-4343-8a95-5d0a501cd2ab-3, groupId=anonymous.dec1003b-caff-4343-8a95-5d0a501cd2ab] Cancelled in-flight LIST_OFFSETS request with correlation id 434 due to node 1 being disconnected (elapsed time since creation: 10794860ms, elapsed time since send: 10794861ms, throttle time: 0ms, request timeout: 30000ms)
2026-08-29T03:40:15.155+05:30  INFO 37932 --- [bmp-salon-service] [95-5d0a501cd2ab] org.apache.kafka.clients.NetworkClient   : [Consumer clientId=consumer-anonymous.dec1003b-caff-4343-8a95-5d0a501cd2ab-2, groupId=anonymous.dec1003b-caff-4343-8a95-5d0a501cd2ab] Cancelled in-flight FETCH request with correlation id 17361 due to node 1 being disconnected (elapsed time since creation: 10802629ms, elapsed time since send: 10802629ms, throttle time: 0ms, request timeout: 30000ms)
2026-08-29T03:40:15.157+05:30  INFO 37932 --- [bmp-salon-service] [95-5d0a501cd2ab] org.apache.kafka.clients.NetworkClient   : [Consumer clientId=consumer-anonymous.dec1003b-caff-4343-8a95-5d0a501cd2ab-2, groupId=anonymous.dec1003b-caff-4343-8a95-5d0a501cd2ab] Cancelled in-flight METADATA request with correlation id 17367 due to node 1 being disconnected (elapsed time since creation: 1362ms, elapsed time since send: 1362ms, throttle time: 0ms, request timeout: 30000ms)
2026-08-29T03:40:15.157+05:30  INFO 37932 --- [bmp-salon-service] [95-5d0a501cd2ab] org.apache.kafka.clients.NetworkClient   : [Consumer clientId=consumer-anonymous.dec1003b-caff-4343-8a95-5d0a501cd2ab-2, groupId=anonymous.dec1003b-caff-4343-8a95-5d0a501cd2ab] Disconnecting from node 2147483646 due to request timeout.
2026-08-29T03:40:15.157+05:30  INFO 37932 --- [bmp-salon-service] [95-5d0a501cd2ab] org.apache.kafka.clients.NetworkClient   : [Consumer clientId=consumer-anonymous.dec1003b-caff-4343-8a95-5d0a501cd2ab-2, groupId=anonymous.dec1003b-caff-4343-8a95-5d0a501cd2ab] Cancelled in-flight HEARTBEAT request with correlation id 17362 due to node 2147483646 being disconnected (elapsed time since creation: 10800989ms, elapsed time since send: 10800989ms, throttle time: 0ms, request timeout: 30000ms)
2026-08-29T03:40:15.157+05:30  INFO 37932 --- [bmp-salon-service] [95-5d0a501cd2ab] org.apache.kafka.clients.NetworkClient   : [Consumer clientId=consumer-anonymous.dec1003b-caff-4343-8a95-5d0a501cd2ab-2, groupId=anonymous.dec1003b-caff-4343-8a95-5d0a501cd2ab] Cancelled in-flight HEARTBEAT request with correlation id 17364 due to node 2147483646 being disconnected (elapsed time since creation: 10797982ms, elapsed time since send: 10797982ms, throttle time: 0ms, request timeout: 30000ms)
2026-08-29T03:40:15.157+05:30  INFO 37932 --- [bmp-salon-service] [95-5d0a501cd2ab] org.apache.kafka.clients.NetworkClient   : [Consumer clientId=consumer-anonymous.dec1003b-caff-4343-8a95-5d0a501cd2ab-2, groupId=anonymous.dec1003b-caff-4343-8a95-5d0a501cd2ab] Cancelled in-flight HEARTBEAT request with correlation id 17365 due to node 2147483646 being disconnected (elapsed time since creation: 10794969ms, elapsed time since send: 10794969ms, throttle time: 0ms, request timeout: 30000ms)
2026-08-29T03:40:15.158+05:30  INFO 37932 --- [bmp-salon-service] [95-5d0a501cd2ab] org.apache.kafka.clients.NetworkClient   : [Consumer clientId=consumer-anonymous.dec1003b-caff-4343-8a95-5d0a501cd2ab-2, groupId=anonymous.dec1003b-caff-4343-8a95-5d0a501cd2ab] Cancelled in-flight HEARTBEAT request with correlation id 17366 due to node 2147483646 being disconnected (elapsed time since creation: 10791956ms, elapsed time since send: 10791956ms, throttle time: 0ms, request timeout: 30000ms)
2026-08-29T11:13:25.127+05:30  INFO 37932 --- [bmp-salon-service] [vice-producer-1] org.apache.kafka.clients.NetworkClient   : [Producer clientId=bmp-salon-service-producer-1] Node 1 disconnected.
2026-08-29T03:40:15.298+05:30  INFO 37932 --- [bmp-salon-service] [95-5d0a501cd2ab] o.a.kafka.clients.FetchSessionHandler    : [Consumer clientId=consumer-anonymous.dec1003b-caff-4343-8a95-5d0a501cd2ab-2, groupId=anonymous.dec1003b-caff-4343-8a95-5d0a501cd2ab] Error sending fetch request (sessionId=314558540, epoch=14808) to node 1:

org.apache.kafka.common.errors.DisconnectException: null

2026-08-29T11:13:38.046+05:30  INFO 37932 --- [bmp-salon-service] [95-5d0a501cd2ab] o.a.k.c.c.internals.ConsumerCoordinator  : [Consumer clientId=consumer-anonymous.dec1003b-caff-4343-8a95-5d0a501cd2ab-2, groupId=anonymous.dec1003b-caff-4343-8a95-5d0a501cd2ab] Group coordinator localhost:9092 (id: 2147483646 rack: null) is unavailable or invalid due to cause: null. isDisconnected: true. Rediscovery will be attempted.
2026-08-29T11:13:39.057+05:30  INFO 37932 --- [bmp-salon-service] [container-0-C-1] o.a.k.c.c.internals.ConsumerCoordinator  : [Consumer clientId=consumer-anonymous.dec1003b-caff-4343-8a95-5d0a501cd2ab-2, groupId=anonymous.dec1003b-caff-4343-8a95-5d0a501cd2ab] Discovered group coordinator localhost:9092 (id: 2147483646 rack: null)
2026-08-29T11:13:47.281+05:30  WARN 37932 --- [bmp-salon-service] [l-1 housekeeper] com.zaxxer.hikari.pool.HikariPool        : HikariPool-1 - Thread starvation or clock leap detected (housekeeper delta=10h33m26s459ms976µs900ns).
2026-08-29T11:18:04.213+05:30  INFO 37932 --- [bmp-salon-service] [rap-executor-%d] c.n.d.s.r.aws.ConfigClusterResolver      : Resolving eureka endpoints via configuration
2026-08-29T11:23:04.239+05:30  INFO 37932 --- [bmp-salon-service] [rap-executor-%d] c.n.d.s.r.aws.ConfigClusterResolver      : Resolving eureka endpoints via configuration
2026-08-29T11:28:04.253+05:30  INFO 37932 --- [bmp-salon-service] [rap-executor-%d] c.n.d.s.r.aws.ConfigClusterResolver      : Resolving eureka endpoints via configuration
2026-08-29T11:33:04.261+05:30  INFO 37932 --- [bmp-salon-service] [rap-executor-%d] c.n.d.s.r.aws.ConfigClusterResolver      : Resolving eureka endpoints via configuration
2026-08-29T11:36:27.131+05:30  WARN 37932 --- [bmp-salon-service] [   scheduling-1] com.zaxxer.hikari.pool.PoolBase          : HikariPool-1 - Failed to validate connection org.postgresql.jdbc.PgConnection@2589afcb (This connection has been closed.). Possibly consider using a shorter maxLifetime value.
2026-08-29T11:36:32.143+05:30  WARN 37932 --- [bmp-salon-service] [   scheduling-1] com.zaxxer.hikari.pool.PoolBase          : HikariPool-1 - Failed to validate connection org.postgresql.jdbc.PgConnection@36571e90 (This connection has been closed.). Possibly consider using a shorter maxLifetime value.
2026-08-29T11:58:08.814+05:30  INFO 37932 --- [bmp-salon-service] [95-5d0a501cd2ab] org.apache.kafka.clients.NetworkClient   : [Consumer clientId=consumer-anonymous.dec1003b-caff-4343-8a95-5d0a501cd2ab-2, groupId=anonymous.dec1003b-caff-4343-8a95-5d0a501cd2ab] Node 1 disconnected.
2026-08-29T11:58:08.944+05:30  INFO 37932 --- [bmp-salon-service] [95-5d0a501cd2ab] org.apache.kafka.clients.NetworkClient   : [Consumer clientId=consumer-anonymous.dec1003b-caff-4343-8a95-5d0a501cd2ab-2, groupId=anonymous.dec1003b-caff-4343-8a95-5d0a501cd2ab] Cancelled in-flight FETCH request with correlation id 20510 due to node 1 being disconnected (elapsed time since creation: 1307017ms, elapsed time since send: 1307017ms, throttle time: 0ms, request timeout: 30000ms)
2026-08-29T11:58:08.945+05:30  INFO 37932 --- [bmp-salon-service] [95-5d0a501cd2ab] org.apache.kafka.clients.NetworkClient   : [Consumer clientId=consumer-anonymous.dec1003b-caff-4343-8a95-5d0a501cd2ab-2, groupId=anonymous.dec1003b-caff-4343-8a95-5d0a501cd2ab] Cancelled in-flight METADATA request with correlation id 20515 due to node 1 being disconnected (elapsed time since creation: 1197ms, elapsed time since send: 1197ms, throttle time: 0ms, request timeout: 30000ms)
2026-08-29T11:58:09.014+05:30  INFO 37932 --- [bmp-salon-service] [95-5d0a501cd2ab] org.apache.kafka.clients.NetworkClient   : [Consumer clientId=consumer-anonymous.dec1003b-caff-4343-8a95-5d0a501cd2ab-2, groupId=anonymous.dec1003b-caff-4343-8a95-5d0a501cd2ab] Disconnecting from node 2147483646 due to request timeout.
2026-08-29T11:58:09.015+05:30  INFO 37932 --- [bmp-salon-service] [95-5d0a501cd2ab] org.apache.kafka.clients.NetworkClient   : [Consumer clientId=consumer-anonymous.dec1003b-caff-4343-8a95-5d0a501cd2ab-2, groupId=anonymous.dec1003b-caff-4343-8a95-5d0a501cd2ab] Cancelled in-flight HEARTBEAT request with correlation id 20511 due to node 2147483646 being disconnected (elapsed time since creation: 1304045ms, elapsed time since send: 1304045ms, throttle time: 0ms, request timeout: 30000ms)
2026-08-29T11:58:09.015+05:30  INFO 37932 --- [bmp-salon-service] [95-5d0a501cd2ab] org.apache.kafka.clients.NetworkClient   : [Consumer clientId=consumer-anonymous.dec1003b-caff-4343-8a95-5d0a501cd2ab-2, groupId=anonymous.dec1003b-caff-4343-8a95-5d0a501cd2ab] Cancelled in-flight HEARTBEAT request with correlation id 20512 due to node 2147483646 being disconnected (elapsed time since creation: 1301042ms, elapsed time since send: 1301042ms, throttle time: 0ms, request timeout: 30000ms)
2026-08-29T11:58:09.016+05:30  INFO 37932 --- [bmp-salon-service] [95-5d0a501cd2ab] org.apache.kafka.clients.NetworkClient   : [Consumer clientId=consumer-anonymous.dec1003b-caff-4343-8a95-5d0a501cd2ab-2, groupId=anonymous.dec1003b-caff-4343-8a95-5d0a501cd2ab] Cancelled in-flight HEARTBEAT request with correlation id 20513 due to node 2147483646 being disconnected (elapsed time since creation: 1298029ms, elapsed time since send: 1298029ms, throttle time: 0ms, request timeout: 30000ms)
2026-08-29T11:58:09.016+05:30  INFO 37932 --- [bmp-salon-service] [95-5d0a501cd2ab] org.apache.kafka.clients.NetworkClient   : [Consumer clientId=consumer-anonymous.dec1003b-caff-4343-8a95-5d0a501cd2ab-2, groupId=anonymous.dec1003b-caff-4343-8a95-5d0a501cd2ab] Cancelled in-flight HEARTBEAT request with correlation id 20514 due to node 2147483646 being disconnected (elapsed time since creation: 1295020ms, elapsed time since send: 1295020ms, throttle time: 0ms, request timeout: 30000ms)
2026-08-29T11:58:09.090+05:30  INFO 37932 --- [bmp-salon-service] [95-5d0a501cd2ab] o.a.kafka.clients.FetchSessionHandler    : [Consumer clientId=consumer-anonymous.dec1003b-caff-4343-8a95-5d0a501cd2ab-2, groupId=anonymous.dec1003b-caff-4343-8a95-5d0a501cd2ab] Error sending fetch request (sessionId=638343894, epoch=2675) to node 1:

org.apache.kafka.common.errors.DisconnectException: null

2026-08-29T11:58:09.211+05:30  INFO 37932 --- [bmp-salon-service] [95-5d0a501cd2ab] o.a.k.c.c.internals.ConsumerCoordinator  : [Consumer clientId=consumer-anonymous.dec1003b-caff-4343-8a95-5d0a501cd2ab-2, groupId=anonymous.dec1003b-caff-4343-8a95-5d0a501cd2ab] Group coordinator localhost:9092 (id: 2147483646 rack: null) is unavailable or invalid due to cause: null. isDisconnected: true. Rediscovery will be attempted.
2026-08-29T11:58:10.262+05:30  INFO 37932 --- [bmp-salon-service] [container-0-C-1] o.a.k.c.c.internals.ConsumerCoordinator  : [Consumer clientId=consumer-anonymous.dec1003b-caff-4343-8a95-5d0a501cd2ab-2, groupId=anonymous.dec1003b-caff-4343-8a95-5d0a501cd2ab] Discovered group coordinator localhost:9092 (id: 2147483646 rack: null)
2026-08-29T11:58:20.817+05:30  WARN 37932 --- [bmp-salon-service] [l-1 housekeeper] com.zaxxer.hikari.pool.HikariPool        : HikariPool-1 - Thread starvation or clock leap detected (housekeeper delta=22m3s308ms826µs400ns).
2026-08-29T11:58:31.625+05:30  INFO 37932 --- [bmp-salon-service] [vice-producer-1] org.apache.kafka.clients.NetworkClient   : [Producer clientId=bmp-salon-service-producer-1] Node 1 disconnected.
2026-08-29T11:58:51.608+05:30  INFO 37932 --- [bmp-salon-service] [pool-3-thread-1] org.apache.kafka.clients.NetworkClient   : [Consumer clientId=consumer-anonymous.dec1003b-caff-4343-8a95-5d0a501cd2ab-3, groupId=anonymous.dec1003b-caff-4343-8a95-5d0a501cd2ab] Node 2147483646 disconnected.
2026-08-29T11:58:51.611+05:30  INFO 37932 --- [bmp-salon-service] [pool-3-thread-1] o.a.k.c.c.internals.ConsumerCoordinator  : [Consumer clientId=consumer-anonymous.dec1003b-caff-4343-8a95-5d0a501cd2ab-3, groupId=anonymous.dec1003b-caff-4343-8a95-5d0a501cd2ab] Group coordinator localhost:9092 (id: 2147483646 rack: null) is unavailable or invalid due to cause: coordinator unavailable. isDisconnected: true. Rediscovery will be attempted.
2026-08-29T11:58:51.613+05:30  INFO 37932 --- [bmp-salon-service] [pool-3-thread-1] o.a.k.c.c.internals.ConsumerCoordinator  : [Consumer clientId=consumer-anonymous.dec1003b-caff-4343-8a95-5d0a501cd2ab-3, groupId=anonymous.dec1003b-caff-4343-8a95-5d0a501cd2ab] Discovered group coordinator localhost:9092 (id: 2147483646 rack: null)
2026-08-29T11:58:51.614+05:30  INFO 37932 --- [bmp-salon-service] [pool-3-thread-1] o.a.k.c.c.internals.ConsumerCoordinator  : [Consumer clientId=consumer-anonymous.dec1003b-caff-4343-8a95-5d0a501cd2ab-3, groupId=anonymous.dec1003b-caff-4343-8a95-5d0a501cd2ab] Group coordinator localhost:9092 (id: 2147483646 rack: null) is unavailable or invalid due to cause: coordinator unavailable. isDisconnected: false. Rediscovery will be attempted.
2026-08-29T11:58:51.614+05:30  INFO 37932 --- [bmp-salon-service] [pool-3-thread-1] o.a.k.c.c.internals.ConsumerCoordinator  : [Consumer clientId=consumer-anonymous.dec1003b-caff-4343-8a95-5d0a501cd2ab-3, groupId=anonymous.dec1003b-caff-4343-8a95-5d0a501cd2ab] Requesting disconnect from last known coordinator localhost:9092 (id: 2147483646 rack: null)
2026-08-29T11:58:51.751+05:30  INFO 37932 --- [bmp-salon-service] [pool-3-thread-1] o.a.k.c.c.internals.ConsumerCoordinator  : [Consumer clientId=consumer-anonymous.dec1003b-caff-4343-8a95-5d0a501cd2ab-3, groupId=anonymous.dec1003b-caff-4343-8a95-5d0a501cd2ab] Discovered group coordinator localhost:9092 (id: 2147483646 rack: null)
2026-08-29T11:59:37.433+05:30  INFO 37932 --- [bmp-salon-service] [rap-executor-%d] c.n.d.s.r.aws.ConfigClusterResolver      : Resolving eureka endpoints via configuration
2026-08-29T12:04:37.450+05:30  INFO 37932 --- [bmp-salon-service] [rap-executor-%d] c.n.d.s.r.aws.ConfigClusterResolver      : Resolving eureka endpoints via configuration
2026-08-29T12:09:37.455+05:30  INFO 37932 --- [bmp-salon-service] [rap-executor-%d] c.n.d.s.r.aws.ConfigClusterResolver      : Resolving eureka endpoints via configuration
2026-08-29T12:14:37.473+05:30  INFO 37932 --- [bmp-salon-service] [rap-executor-%d] c.n.d.s.r.aws.ConfigClusterResolver      : Resolving eureka endpoints via configuration
2026-08-29T12:19:37.480+05:30  INFO 37932 --- [bmp-salon-service] [rap-executor-%d] c.n.d.s.r.aws.ConfigClusterResolver      : Resolving eureka endpoints via configuration
2026-08-29T12:24:37.492+05:30  INFO 37932 --- [bmp-salon-service] [rap-executor-%d] c.n.d.s.r.aws.ConfigClusterResolver      : Resolving eureka endpoints via configuration
2026-08-29T12:29:37.502+05:30  INFO 37932 --- [bmp-salon-service] [rap-executor-%d] c.n.d.s.r.aws.ConfigClusterResolver      : Resolving eureka endpoints via configuration
2026-08-29T12:34:37.518+05:30  INFO 37932 --- [bmp-salon-service] [rap-executor-%d] c.n.d.s.r.aws.ConfigClusterResolver      : Resolving eureka endpoints via configuration
2026-08-29T12:39:37.523+05:30  INFO 37932 --- [bmp-salon-service] [rap-executor-%d] c.n.d.s.r.aws.ConfigClusterResolver      : Resolving eureka endpoints via configuration
2026-08-29T12:44:37.532+05:30  INFO 37932 --- [bmp-salon-service] [rap-executor-%d] c.n.d.s.r.aws.ConfigClusterResolver      : Resolving eureka endpoints via configuration
2026-08-29T12:49:37.533+05:30  INFO 37932 --- [bmp-salon-service] [rap-executor-%d] c.n.d.s.r.aws.ConfigClusterResolver      : Resolving eureka endpoints via configuration
2026-08-29T12:54:37.547+05:30  INFO 37932 --- [bmp-salon-service] [rap-executor-%d] c.n.d.s.r.aws.ConfigClusterResolver      : Resolving eureka endpoints via configuration
2026-08-29T12:59:37.566+05:30  INFO 37932 --- [bmp-salon-service] [rap-executor-%d] c.n.d.s.r.aws.ConfigClusterResolver      : Resolving eureka endpoints via configuration
2026-08-29T13:01:58.526+05:30  WARN 37932 --- [bmp-salon-service] [   scheduling-1] com.zaxxer.hikari.pool.PoolBase          : HikariPool-1 - Failed to validate connection org.postgresql.jdbc.PgConnection@1b927a12 (This connection has been closed.). Possibly consider using a shorter maxLifetime value.
2026-08-29T14:26:53.733+05:30  INFO 37932 --- [bmp-salon-service] [pool-3-thread-1] org.apache.kafka.clients.NetworkClient   : [Consumer clientId=consumer-anonymous.dec1003b-caff-4343-8a95-5d0a501cd2ab-3, groupId=anonymous.dec1003b-caff-4343-8a95-5d0a501cd2ab] Node 2147483646 disconnected.
2026-08-29T14:26:53.733+05:30  INFO 37932 --- [bmp-salon-service] [binder-health-1] org.apache.kafka.clients.NetworkClient   : [Consumer clientId=consumer-null-4, groupId=null] Node 1 disconnected.
2026-08-29T14:26:53.733+05:30  INFO 37932 --- [bmp-salon-service] [binder-health-1] org.apache.kafka.clients.NetworkClient   : [Consumer clientId=consumer-null-4, groupId=null] Cancelled in-flight METADATA request with correlation id 723 due to node 1 being disconnected (elapsed time since creation: 5090234ms, elapsed time since send: 5090234ms, throttle time: 0ms, request timeout: 30000ms)
2026-08-29T14:26:53.734+05:30  INFO 37932 --- [bmp-salon-service] [pool-3-thread-1] org.apache.kafka.clients.NetworkClient   : [Consumer clientId=consumer-anonymous.dec1003b-caff-4343-8a95-5d0a501cd2ab-3, groupId=anonymous.dec1003b-caff-4343-8a95-5d0a501cd2ab] Disconnecting from node 1 due to request timeout.
2026-08-29T14:26:53.734+05:30  INFO 37932 --- [bmp-salon-service] [pool-3-thread-1] org.apache.kafka.clients.NetworkClient   : [Consumer clientId=consumer-anonymous.dec1003b-caff-4343-8a95-5d0a501cd2ab-3, groupId=anonymous.dec1003b-caff-4343-8a95-5d0a501cd2ab] Cancelled in-flight LIST_OFFSETS request with correlation id 735 due to node 1 being disconnected (elapsed time since creation: 5099876ms, elapsed time since send: 5099876ms, throttle time: 0ms, request timeout: 30000ms)
2026-08-29T14:26:53.736+05:30  INFO 37932 --- [bmp-salon-service] [95-5d0a501cd2ab] org.apache.kafka.clients.NetworkClient   : [Consumer clientId=consumer-anonymous.dec1003b-caff-4343-8a95-5d0a501cd2ab-2, groupId=anonymous.dec1003b-caff-4343-8a95-5d0a501cd2ab] Node 1 disconnected.
2026-08-29T14:26:53.736+05:30  INFO 37932 --- [bmp-salon-service] [95-5d0a501cd2ab] org.apache.kafka.clients.NetworkClient   : [Consumer clientId=consumer-anonymous.dec1003b-caff-4343-8a95-5d0a501cd2ab-2, groupId=anonymous.dec1003b-caff-4343-8a95-5d0a501cd2ab] Cancelled in-flight FETCH request with correlation id 29307 due to node 1 being disconnected (elapsed time since creation: 5101281ms, elapsed time since send: 5101281ms, throttle time: 0ms, request timeout: 30000ms)
2026-08-29T14:26:53.736+05:30  INFO 37932 --- [bmp-salon-service] [95-5d0a501cd2ab] org.apache.kafka.clients.NetworkClient   : [Consumer clientId=consumer-anonymous.dec1003b-caff-4343-8a95-5d0a501cd2ab-2, groupId=anonymous.dec1003b-caff-4343-8a95-5d0a501cd2ab] Cancelled in-flight METADATA request with correlation id 29312 due to node 1 being disconnected (elapsed time since creation: 1158ms, elapsed time since send: 1158ms, throttle time: 0ms, request timeout: 30000ms)
2026-08-29T14:26:53.737+05:30  INFO 37932 --- [bmp-salon-service] [95-5d0a501cd2ab] org.apache.kafka.clients.NetworkClient   : [Consumer clientId=consumer-anonymous.dec1003b-caff-4343-8a95-5d0a501cd2ab-2, groupId=anonymous.dec1003b-caff-4343-8a95-5d0a501cd2ab] Disconnecting from node 2147483646 due to request timeout.
2026-08-29T14:26:53.737+05:30  INFO 37932 --- [bmp-salon-service] [95-5d0a501cd2ab] org.apache.kafka.clients.NetworkClient   : [Consumer clientId=consumer-anonymous.dec1003b-caff-4343-8a95-5d0a501cd2ab-2, groupId=anonymous.dec1003b-caff-4343-8a95-5d0a501cd2ab] Cancelled in-flight HEARTBEAT request with correlation id 29308 due to node 2147483646 being disconnected (elapsed time since creation: 5098282ms, elapsed time since send: 5098282ms, throttle time: 0ms, request timeout: 30000ms)
2026-08-29T14:26:53.737+05:30  INFO 37932 --- [bmp-salon-service] [95-5d0a501cd2ab] org.apache.kafka.clients.NetworkClient   : [Consumer clientId=consumer-anonymous.dec1003b-caff-4343-8a95-5d0a501cd2ab-2, groupId=anonymous.dec1003b-caff-4343-8a95-5d0a501cd2ab] Cancelled in-flight HEARTBEAT request with correlation id 29309 due to node 2147483646 being disconnected (elapsed time since creation: 5095279ms, elapsed time since send: 5095279ms, throttle time: 0ms, request timeout: 30000ms)
2026-08-29T14:26:53.737+05:30  INFO 37932 --- [bmp-salon-service] [95-5d0a501cd2ab] org.apache.kafka.clients.NetworkClient   : [Consumer clientId=consumer-anonymous.dec1003b-caff-4343-8a95-5d0a501cd2ab-2, groupId=anonymous.dec1003b-caff-4343-8a95-5d0a501cd2ab] Cancelled in-flight HEARTBEAT request with correlation id 29310 due to node 2147483646 being disconnected (elapsed time since creation: 5092269ms, elapsed time since send: 5092269ms, throttle time: 0ms, request timeout: 30000ms)
2026-08-29T14:26:53.737+05:30  INFO 37932 --- [bmp-salon-service] [95-5d0a501cd2ab] org.apache.kafka.clients.NetworkClient   : [Consumer clientId=consumer-anonymous.dec1003b-caff-4343-8a95-5d0a501cd2ab-2, groupId=anonymous.dec1003b-caff-4343-8a95-5d0a501cd2ab] Cancelled in-flight HEARTBEAT request with correlation id 29311 due to node 2147483646 being disconnected (elapsed time since creation: 5089259ms, elapsed time since send: 5089259ms, throttle time: 0ms, request timeout: 30000ms)
2026-08-29T14:26:54.018+05:30  INFO 37932 --- [bmp-salon-service] [95-5d0a501cd2ab] o.a.kafka.clients.FetchSessionHandler    : [Consumer clientId=consumer-anonymous.dec1003b-caff-4343-8a95-5d0a501cd2ab-2, groupId=anonymous.dec1003b-caff-4343-8a95-5d0a501cd2ab] Error sending fetch request (sessionId=1343357642, epoch=7490) to node 1:

org.apache.kafka.common.errors.DisconnectException: null

2026-08-29T14:26:54.251+05:30  INFO 37932 --- [bmp-salon-service] [95-5d0a501cd2ab] o.a.k.c.c.internals.ConsumerCoordinator  : [Consumer clientId=consumer-anonymous.dec1003b-caff-4343-8a95-5d0a501cd2ab-2, groupId=anonymous.dec1003b-caff-4343-8a95-5d0a501cd2ab] Group coordinator localhost:9092 (id: 2147483646 rack: null) is unavailable or invalid due to cause: null. isDisconnected: true. Rediscovery will be attempted.
2026-08-29T14:26:54.465+05:30  WARN 37932 --- [bmp-salon-service] [nio-8083-exec-2] o.s.b.a.health.HealthEndpointSupport     : Health contributor org.springframework.cloud.stream.binder.kafka.KafkaBinderHealthIndicator (binders/kafka) took 5090288ms to respond
2026-08-29T14:26:56.759+05:30  INFO 37932 --- [bmp-salon-service] [container-0-C-1] o.a.k.c.c.internals.ConsumerCoordinator  : [Consumer clientId=consumer-anonymous.dec1003b-caff-4343-8a95-5d0a501cd2ab-2, groupId=anonymous.dec1003b-caff-4343-8a95-5d0a501cd2ab] Discovered group coordinator localhost:9092 (id: 2147483646 rack: null)
2026-08-29T14:27:09.111+05:30  WARN 37932 --- [bmp-salon-service] [l-1 housekeeper] com.zaxxer.hikari.pool.HikariPool        : HikariPool-1 - Thread starvation or clock leap detected (housekeeper delta=1h25m17s41ms68µs700ns).
2026-08-29T14:27:18.916+05:30  INFO 37932 --- [bmp-salon-service] [vice-producer-1] org.apache.kafka.clients.NetworkClient   : [Producer clientId=bmp-salon-service-producer-1] Node 1 disconnected.
2026-08-29T14:29:24.483+05:30  INFO 37932 --- [bmp-salon-service] [rap-executor-%d] c.n.d.s.r.aws.ConfigClusterResolver      : Resolving eureka endpoints via configuration
2026-08-29T14:34:24.503+05:30  INFO 37932 --- [bmp-salon-service] [rap-executor-%d] c.n.d.s.r.aws.ConfigClusterResolver      : Resolving eureka endpoints via configuration
2026-08-29T14:39:24.508+05:30  INFO 37932 --- [bmp-salon-service] [rap-executor-%d] c.n.d.s.r.aws.ConfigClusterResolver      : Resolving eureka endpoints via configuration
2026-08-29T14:44:24.511+05:30  INFO 37932 --- [bmp-salon-service] [rap-executor-%d] c.n.d.s.r.aws.ConfigClusterResolver      : Resolving eureka endpoints via configuration
2026-08-29T14:49:24.516+05:30  INFO 37932 --- [bmp-salon-service] [rap-executor-%d] c.n.d.s.r.aws.ConfigClusterResolver      : Resolving eureka endpoints via configuration
2026-08-29T14:54:24.537+05:30  INFO 37932 --- [bmp-salon-service] [rap-executor-%d] c.n.d.s.r.aws.ConfigClusterResolver      : Resolving eureka endpoints via configuration
2026-08-29T14:59:24.554+05:30  INFO 37932 --- [bmp-salon-service] [rap-executor-%d] c.n.d.s.r.aws.ConfigClusterResolver      : Resolving eureka endpoints via configuration
2026-08-29T15:04:24.555+05:30  INFO 37932 --- [bmp-salon-service] [rap-executor-%d] c.n.d.s.r.aws.ConfigClusterResolver      : Resolving eureka endpoints via configuration
2026-08-29T15:09:24.563+05:30  INFO 37932 --- [bmp-salon-service] [rap-executor-%d] c.n.d.s.r.aws.ConfigClusterResolver      : Resolving eureka endpoints via configuration
2026-08-29T15:14:24.570+05:30  INFO 37932 --- [bmp-salon-service] [rap-executor-%d] c.n.d.s.r.aws.ConfigClusterResolver      : Resolving eureka endpoints via configuration
2026-08-29T15:19:24.575+05:30  INFO 37932 --- [bmp-salon-service] [rap-executor-%d] c.n.d.s.r.aws.ConfigClusterResolver      : Resolving eureka endpoints via configuration
2026-08-29T15:24:24.589+05:30  INFO 37932 --- [bmp-salon-service] [rap-executor-%d] c.n.d.s.r.aws.ConfigClusterResolver      : Resolving eureka endpoints via configuration
2026-08-29T15:29:24.600+05:30  INFO 37932 --- [bmp-salon-service] [rap-executor-%d] c.n.d.s.r.aws.ConfigClusterResolver      : Resolving eureka endpoints via configuration
2026-08-29T15:34:24.601+05:30  INFO 37932 --- [bmp-salon-service] [rap-executor-%d] c.n.d.s.r.aws.ConfigClusterResolver      : Resolving eureka endpoints via configuration
2026-08-29T15:39:24.685+05:30  INFO 37932 --- [bmp-salon-service] [rap-executor-%d] c.n.d.s.r.aws.ConfigClusterResolver      : Resolving eureka endpoints via configuration
2026-08-29T15:41:29.560+05:30  WARN 37932 --- [bmp-salon-service] [   scheduling-1] com.zaxxer.hikari.pool.PoolBase          : HikariPool-1 - Failed to validate connection org.postgresql.jdbc.PgConnection@2ea6424d (This connection has been closed.). Possibly consider using a shorter maxLifetime value.
2026-08-29T16:37:26.619+05:30  INFO 37932 --- [bmp-salon-service] [binder-health-1] org.apache.kafka.clients.NetworkClient   : [Consumer clientId=consumer-null-4, groupId=null] Node 1 disconnected.
2026-08-29T16:37:26.749+05:30  INFO 37932 --- [bmp-salon-service] [binder-health-1] org.apache.kafka.clients.NetworkClient   : [Consumer clientId=consumer-null-4, groupId=null] Cancelled in-flight METADATA request with correlation id 978 due to node 1 being disconnected (elapsed time since creation: 3359121ms, elapsed time since send: 3359121ms, throttle time: 0ms, request timeout: 30000ms)
2026-08-29T16:37:26.851+05:30  INFO 37932 --- [bmp-salon-service] [container-0-C-1] org.apache.kafka.clients.NetworkClient   : [Consumer clientId=consumer-anonymous.dec1003b-caff-4343-8a95-5d0a501cd2ab-2, groupId=anonymous.dec1003b-caff-4343-8a95-5d0a501cd2ab] Node 1 disconnected.
2026-08-29T16:37:26.852+05:30  INFO 37932 --- [bmp-salon-service] [container-0-C-1] org.apache.kafka.clients.NetworkClient   : [Consumer clientId=consumer-anonymous.dec1003b-caff-4343-8a95-5d0a501cd2ab-2, groupId=anonymous.dec1003b-caff-4343-8a95-5d0a501cd2ab] Cancelled in-flight FETCH request with correlation id 39624 due to node 1 being disconnected (elapsed time since creation: 3363893ms, elapsed time since send: 3363893ms, throttle time: 0ms, request timeout: 30000ms)
2026-08-29T16:37:26.853+05:30  INFO 37932 --- [bmp-salon-service] [container-0-C-1] org.apache.kafka.clients.NetworkClient   : [Consumer clientId=consumer-anonymous.dec1003b-caff-4343-8a95-5d0a501cd2ab-2, groupId=anonymous.dec1003b-caff-4343-8a95-5d0a501cd2ab] Disconnecting from node 2147483646 due to request timeout.
2026-08-29T16:37:26.853+05:30  INFO 37932 --- [bmp-salon-service] [container-0-C-1] org.apache.kafka.clients.NetworkClient   : [Consumer clientId=consumer-anonymous.dec1003b-caff-4343-8a95-5d0a501cd2ab-2, groupId=anonymous.dec1003b-caff-4343-8a95-5d0a501cd2ab] Cancelled in-flight HEARTBEAT request with correlation id 39625 due to node 2147483646 being disconnected (elapsed time since creation: 3361958ms, elapsed time since send: 3361958ms, throttle time: 0ms, request timeout: 30000ms)
2026-08-29T16:37:26.854+05:30  INFO 37932 --- [bmp-salon-service] [container-0-C-1] org.apache.kafka.clients.NetworkClient   : [Consumer clientId=consumer-anonymous.dec1003b-caff-4343-8a95-5d0a501cd2ab-2, groupId=anonymous.dec1003b-caff-4343-8a95-5d0a501cd2ab] Cancelled in-flight HEARTBEAT request with correlation id 39626 due to node 2147483646 being disconnected (elapsed time since creation: 3358948ms, elapsed time since send: 3358948ms, throttle time: 0ms, request timeout: 30000ms)
2026-08-29T16:37:26.854+05:30  INFO 37932 --- [bmp-salon-service] [container-0-C-1] org.apache.kafka.clients.NetworkClient   : [Consumer clientId=consumer-anonymous.dec1003b-caff-4343-8a95-5d0a501cd2ab-2, groupId=anonymous.dec1003b-caff-4343-8a95-5d0a501cd2ab] Cancelled in-flight HEARTBEAT request with correlation id 39627 due to node 2147483646 being disconnected (elapsed time since creation: 3355934ms, elapsed time since send: 3355934ms, throttle time: 0ms, request timeout: 30000ms)
2026-08-29T16:37:26.854+05:30  INFO 37932 --- [bmp-salon-service] [container-0-C-1] org.apache.kafka.clients.NetworkClient   : [Consumer clientId=consumer-anonymous.dec1003b-caff-4343-8a95-5d0a501cd2ab-2, groupId=anonymous.dec1003b-caff-4343-8a95-5d0a501cd2ab] Cancelled in-flight HEARTBEAT request with correlation id 39628 due to node 2147483646 being disconnected (elapsed time since creation: 3352928ms, elapsed time since send: 3352928ms, throttle time: 0ms, request timeout: 30000ms)
2026-08-29T16:37:26.866+05:30  INFO 37932 --- [bmp-salon-service] [95-5d0a501cd2ab] o.a.k.c.c.internals.ConsumerCoordinator  : [Consumer clientId=consumer-anonymous.dec1003b-caff-4343-8a95-5d0a501cd2ab-2, groupId=anonymous.dec1003b-caff-4343-8a95-5d0a501cd2ab] Group coordinator localhost:9092 (id: 2147483646 rack: null) is unavailable or invalid due to cause: null. isDisconnected: true. Rediscovery will be attempted.
2026-08-29T16:37:27.085+05:30  WARN 37932 --- [bmp-salon-service] [nio-8083-exec-1] o.s.b.a.health.HealthEndpointSupport     : Health contributor org.springframework.cloud.stream.binder.kafka.KafkaBinderHealthIndicator (binders/kafka) took 3359321ms to respond
2026-08-29T16:37:26.855+05:30  INFO 37932 --- [bmp-salon-service] [container-0-C-1] o.a.kafka.clients.FetchSessionHandler    : [Consumer clientId=consumer-anonymous.dec1003b-caff-4343-8a95-5d0a501cd2ab-2, groupId=anonymous.dec1003b-caff-4343-8a95-5d0a501cd2ab] Error sending fetch request (sessionId=436979304, epoch=8792) to node 1:

org.apache.kafka.common.errors.DisconnectException: null

2026-08-29T16:37:29.630+05:30  INFO 37932 --- [bmp-salon-service] [container-0-C-1] o.a.k.c.c.internals.ConsumerCoordinator  : [Consumer clientId=consumer-anonymous.dec1003b-caff-4343-8a95-5d0a501cd2ab-2, groupId=anonymous.dec1003b-caff-4343-8a95-5d0a501cd2ab] Discovered group coordinator localhost:9092 (id: 2147483646 rack: null)
2026-08-29T16:37:31.811+05:30  WARN 37932 --- [bmp-salon-service] [l-1 housekeeper] com.zaxxer.hikari.pool.HikariPool        : HikariPool-1 - Thread starvation or clock leap detected (housekeeper delta=56m21s472ms223µs300ns).
2026-08-29T16:37:39.265+05:30  INFO 37932 --- [bmp-salon-service] [vice-producer-1] org.apache.kafka.clients.NetworkClient   : [Producer clientId=bmp-salon-service-producer-1] Node 1 disconnected.
2026-08-29T16:37:46.779+05:30  INFO 37932 --- [bmp-salon-service] [pool-3-thread-1] org.apache.kafka.clients.NetworkClient   : [Consumer clientId=consumer-anonymous.dec1003b-caff-4343-8a95-5d0a501cd2ab-3, groupId=anonymous.dec1003b-caff-4343-8a95-5d0a501cd2ab] Node 2147483646 disconnected.
2026-08-29T16:37:46.795+05:30  INFO 37932 --- [bmp-salon-service] [pool-3-thread-1] o.a.k.c.c.internals.ConsumerCoordinator  : [Consumer clientId=consumer-anonymous.dec1003b-caff-4343-8a95-5d0a501cd2ab-3, groupId=anonymous.dec1003b-caff-4343-8a95-5d0a501cd2ab] Group coordinator localhost:9092 (id: 2147483646 rack: null) is unavailable or invalid due to cause: coordinator unavailable. isDisconnected: true. Rediscovery will be attempted.
2026-08-29T16:37:46.810+05:30  INFO 37932 --- [bmp-salon-service] [pool-3-thread-1] o.a.k.c.c.internals.ConsumerCoordinator  : [Consumer clientId=consumer-anonymous.dec1003b-caff-4343-8a95-5d0a501cd2ab-3, groupId=anonymous.dec1003b-caff-4343-8a95-5d0a501cd2ab] Discovered group coordinator localhost:9092 (id: 2147483646 rack: null)
2026-08-29T16:37:46.814+05:30  INFO 37932 --- [bmp-salon-service] [pool-3-thread-1] o.a.k.c.c.internals.ConsumerCoordinator  : [Consumer clientId=consumer-anonymous.dec1003b-caff-4343-8a95-5d0a501cd2ab-3, groupId=anonymous.dec1003b-caff-4343-8a95-5d0a501cd2ab] Group coordinator localhost:9092 (id: 2147483646 rack: null) is unavailable or invalid due to cause: coordinator unavailable. isDisconnected: false. Rediscovery will be attempted.
2026-08-29T16:37:46.815+05:30  INFO 37932 --- [bmp-salon-service] [pool-3-thread-1] o.a.k.c.c.internals.ConsumerCoordinator  : [Consumer clientId=consumer-anonymous.dec1003b-caff-4343-8a95-5d0a501cd2ab-3, groupId=anonymous.dec1003b-caff-4343-8a95-5d0a501cd2ab] Requesting disconnect from last known coordinator localhost:9092 (id: 2147483646 rack: null)
2026-08-29T16:37:46.926+05:30  INFO 37932 --- [bmp-salon-service] [pool-3-thread-1] o.a.k.c.c.internals.ConsumerCoordinator  : [Consumer clientId=consumer-anonymous.dec1003b-caff-4343-8a95-5d0a501cd2ab-3, groupId=anonymous.dec1003b-caff-4343-8a95-5d0a501cd2ab] Discovered group coordinator localhost:9092 (id: 2147483646 rack: null)
2026-08-29T16:40:14.624+05:30  INFO 37932 --- [bmp-salon-service] [rap-executor-%d] c.n.d.s.r.aws.ConfigClusterResolver      : Resolving eureka endpoints via configuration
2026-08-29T16:45:14.646+05:30  INFO 37932 --- [bmp-salon-service] [rap-executor-%d] c.n.d.s.r.aws.ConfigClusterResolver      : Resolving eureka endpoints via configuration
2026-08-29T16:50:14.660+05:30  INFO 37932 --- [bmp-salon-service] [rap-executor-%d] c.n.d.s.r.aws.ConfigClusterResolver      : Resolving eureka endpoints via configuration
2026-08-29T16:55:14.669+05:30  INFO 37932 --- [bmp-salon-service] [rap-executor-%d] c.n.d.s.r.aws.ConfigClusterResolver      : Resolving eureka endpoints via configuration
2026-08-29T17:00:14.681+05:30  INFO 37932 --- [bmp-salon-service] [rap-executor-%d] c.n.d.s.r.aws.ConfigClusterResolver      : Resolving eureka endpoints via configuration
2026-08-29T17:05:14.690+05:30  INFO 37932 --- [bmp-salon-service] [rap-executor-%d] c.n.d.s.r.aws.ConfigClusterResolver      : Resolving eureka endpoints via configuration
2026-08-29T17:10:14.707+05:30  INFO 37932 --- [bmp-salon-service] [rap-executor-%d] c.n.d.s.r.aws.ConfigClusterResolver      : Resolving eureka endpoints via configuration
2026-08-29T17:15:14.722+05:30  INFO 37932 --- [bmp-salon-service] [rap-executor-%d] c.n.d.s.r.aws.ConfigClusterResolver      : Resolving eureka endpoints via configuration
2026-08-29T17:20:14.745+05:30  INFO 37932 --- [bmp-salon-service] [rap-executor-%d] c.n.d.s.r.aws.ConfigClusterResolver      : Resolving eureka endpoints via configuration
2026-08-29T17:25:14.751+05:30  INFO 37932 --- [bmp-salon-service] [rap-executor-%d] c.n.d.s.r.aws.ConfigClusterResolver      : Resolving eureka endpoints via configuration
2026-08-29T17:30:14.756+05:30  INFO 37932 --- [bmp-salon-service] [rap-executor-%d] c.n.d.s.r.aws.ConfigClusterResolver      : Resolving eureka endpoints via configuration
2026-08-29T17:35:14.766+05:30  INFO 37932 --- [bmp-salon-service] [rap-executor-%d] c.n.d.s.r.aws.ConfigClusterResolver      : Resolving eureka endpoints via configuration
2026-08-29T17:40:14.771+05:30  INFO 37932 --- [bmp-salon-service] [rap-executor-%d] c.n.d.s.r.aws.ConfigClusterResolver      : Resolving eureka endpoints via configuration
2026-08-29T17:43:11.444+05:30  WARN 37932 --- [bmp-salon-service] [   scheduling-1] com.zaxxer.hikari.pool.PoolBase          : HikariPool-1 - Failed to validate connection org.postgresql.jdbc.PgConnection@7df6b67f (This connection has been closed.). Possibly consider using a shorter maxLifetime value.
2026-08-29T17:56:52.597+05:30  INFO 37932 --- [bmp-salon-service] [binder-health-1] org.apache.kafka.clients.NetworkClient   : [Consumer clientId=consumer-null-4, groupId=null] Node 1 disconnected.
2026-08-29T17:56:52.703+05:30  INFO 37932 --- [bmp-salon-service] [binder-health-1] org.apache.kafka.clients.NetworkClient   : [Consumer clientId=consumer-null-4, groupId=null] Cancelled in-flight METADATA request with correlation id 1202 due to node 1 being disconnected (elapsed time since creation: 823545ms, elapsed time since send: 823545ms, throttle time: 0ms, request timeout: 30000ms)
2026-08-29T17:56:52.797+05:30  WARN 37932 --- [bmp-salon-service] [nio-8083-exec-3] o.s.b.a.health.HealthEndpointSupport     : Health contributor org.springframework.cloud.stream.binder.kafka.KafkaBinderHealthIndicator (binders/kafka) took 823695ms to respond
2026-08-29T17:56:52.973+05:30  INFO 37932 --- [bmp-salon-service] [container-0-C-1] org.apache.kafka.clients.NetworkClient   : [Consumer clientId=consumer-anonymous.dec1003b-caff-4343-8a95-5d0a501cd2ab-2, groupId=anonymous.dec1003b-caff-4343-8a95-5d0a501cd2ab] Node 1 disconnected.
2026-08-29T17:56:52.974+05:30  INFO 37932 --- [bmp-salon-service] [container-0-C-1] org.apache.kafka.clients.NetworkClient   : [Consumer clientId=consumer-anonymous.dec1003b-caff-4343-8a95-5d0a501cd2ab-2, groupId=anonymous.dec1003b-caff-4343-8a95-5d0a501cd2ab] Cancelled in-flight FETCH request with correlation id 48662 due to node 1 being disconnected (elapsed time since creation: 827879ms, elapsed time since send: 827879ms, throttle time: 0ms, request timeout: 30000ms)
2026-08-29T17:56:52.975+05:30  INFO 37932 --- [bmp-salon-service] [container-0-C-1] org.apache.kafka.clients.NetworkClient   : [Consumer clientId=consumer-anonymous.dec1003b-caff-4343-8a95-5d0a501cd2ab-2, groupId=anonymous.dec1003b-caff-4343-8a95-5d0a501cd2ab] Disconnecting from node 2147483646 due to request timeout.
2026-08-29T17:56:52.975+05:30  INFO 37932 --- [bmp-salon-service] [container-0-C-1] org.apache.kafka.clients.NetworkClient   : [Consumer clientId=consumer-anonymous.dec1003b-caff-4343-8a95-5d0a501cd2ab-2, groupId=anonymous.dec1003b-caff-4343-8a95-5d0a501cd2ab] Cancelled in-flight HEARTBEAT request with correlation id 48663 due to node 2147483646 being disconnected (elapsed time since creation: 826279ms, elapsed time since send: 826279ms, throttle time: 0ms, request timeout: 30000ms)
2026-08-29T17:56:52.975+05:30  INFO 37932 --- [bmp-salon-service] [container-0-C-1] org.apache.kafka.clients.NetworkClient   : [Consumer clientId=consumer-anonymous.dec1003b-caff-4343-8a95-5d0a501cd2ab-2, groupId=anonymous.dec1003b-caff-4343-8a95-5d0a501cd2ab] Cancelled in-flight HEARTBEAT request with correlation id 48664 due to node 2147483646 being disconnected (elapsed time since creation: 823274ms, elapsed time since send: 823274ms, throttle time: 0ms, request timeout: 30000ms)
2026-08-29T17:56:52.975+05:30  INFO 37932 --- [bmp-salon-service] [container-0-C-1] org.apache.kafka.clients.NetworkClient   : [Consumer clientId=consumer-anonymous.dec1003b-caff-4343-8a95-5d0a501cd2ab-2, groupId=anonymous.dec1003b-caff-4343-8a95-5d0a501cd2ab] Cancelled in-flight HEARTBEAT request with correlation id 48665 due to node 2147483646 being disconnected (elapsed time since creation: 820264ms, elapsed time since send: 820264ms, throttle time: 0ms, request timeout: 30000ms)
2026-08-29T17:56:52.975+05:30  INFO 37932 --- [bmp-salon-service] [container-0-C-1] org.apache.kafka.clients.NetworkClient   : [Consumer clientId=consumer-anonymous.dec1003b-caff-4343-8a95-5d0a501cd2ab-2, groupId=anonymous.dec1003b-caff-4343-8a95-5d0a501cd2ab] Cancelled in-flight HEARTBEAT request with correlation id 48666 due to node 2147483646 being disconnected (elapsed time since creation: 817263ms, elapsed time since send: 817263ms, throttle time: 0ms, request timeout: 30000ms)
2026-08-29T17:56:52.978+05:30  INFO 37932 --- [bmp-salon-service] [95-5d0a501cd2ab] o.a.k.c.c.internals.ConsumerCoordinator  : [Consumer clientId=consumer-anonymous.dec1003b-caff-4343-8a95-5d0a501cd2ab-2, groupId=anonymous.dec1003b-caff-4343-8a95-5d0a501cd2ab] Group coordinator localhost:9092 (id: 2147483646 rack: null) is unavailable or invalid due to cause: null. isDisconnected: true. Rediscovery will be attempted.
2026-08-29T17:56:52.977+05:30  INFO 37932 --- [bmp-salon-service] [container-0-C-1] o.a.kafka.clients.FetchSessionHandler    : [Consumer clientId=consumer-anonymous.dec1003b-caff-4343-8a95-5d0a501cd2ab-2, groupId=anonymous.dec1003b-caff-4343-8a95-5d0a501cd2ab] Error sending fetch request (sessionId=1115889110, epoch=7694) to node 1:

org.apache.kafka.common.errors.DisconnectException: null

2026-08-29T17:56:55.552+05:30  INFO 37932 --- [bmp-salon-service] [container-0-C-1] o.a.k.c.c.internals.ConsumerCoordinator  : [Consumer clientId=consumer-anonymous.dec1003b-caff-4343-8a95-5d0a501cd2ab-2, groupId=anonymous.dec1003b-caff-4343-8a95-5d0a501cd2ab] Discovered group coordinator localhost:9092 (id: 2147483646 rack: null)
2026-08-29T17:57:07.281+05:30  WARN 37932 --- [bmp-salon-service] [l-1 housekeeper] com.zaxxer.hikari.pool.HikariPool        : HikariPool-1 - Thread starvation or clock leap detected (housekeeper delta=14m4s393ms592µs600ns).
2026-08-29T17:57:13.923+05:30  INFO 37932 --- [bmp-salon-service] [vice-producer-1] org.apache.kafka.clients.NetworkClient   : [Producer clientId=bmp-salon-service-producer-1] Node 1 disconnected.
2026-08-29T17:57:23.198+05:30  INFO 37932 --- [bmp-salon-service] [pool-3-thread-1] org.apache.kafka.clients.NetworkClient   : [Consumer clientId=consumer-anonymous.dec1003b-caff-4343-8a95-5d0a501cd2ab-3, groupId=anonymous.dec1003b-caff-4343-8a95-5d0a501cd2ab] Node 2147483646 disconnected.
2026-08-29T17:57:23.202+05:30  INFO 37932 --- [bmp-salon-service] [pool-3-thread-1] o.a.k.c.c.internals.ConsumerCoordinator  : [Consumer clientId=consumer-anonymous.dec1003b-caff-4343-8a95-5d0a501cd2ab-3, groupId=anonymous.dec1003b-caff-4343-8a95-5d0a501cd2ab] Group coordinator localhost:9092 (id: 2147483646 rack: null) is unavailable or invalid due to cause: coordinator unavailable. isDisconnected: true. Rediscovery will be attempted.
2026-08-29T17:57:23.204+05:30  INFO 37932 --- [bmp-salon-service] [pool-3-thread-1] o.a.k.c.c.internals.ConsumerCoordinator  : [Consumer clientId=consumer-anonymous.dec1003b-caff-4343-8a95-5d0a501cd2ab-3, groupId=anonymous.dec1003b-caff-4343-8a95-5d0a501cd2ab] Discovered group coordinator localhost:9092 (id: 2147483646 rack: null)
2026-08-29T17:57:23.204+05:30  INFO 37932 --- [bmp-salon-service] [pool-3-thread-1] o.a.k.c.c.internals.ConsumerCoordinator  : [Consumer clientId=consumer-anonymous.dec1003b-caff-4343-8a95-5d0a501cd2ab-3, groupId=anonymous.dec1003b-caff-4343-8a95-5d0a501cd2ab] Group coordinator localhost:9092 (id: 2147483646 rack: null) is unavailable or invalid due to cause: coordinator unavailable. isDisconnected: false. Rediscovery will be attempted.
2026-08-29T17:57:23.204+05:30  INFO 37932 --- [bmp-salon-service] [pool-3-thread-1] o.a.k.c.c.internals.ConsumerCoordinator  : [Consumer clientId=consumer-anonymous.dec1003b-caff-4343-8a95-5d0a501cd2ab-3, groupId=anonymous.dec1003b-caff-4343-8a95-5d0a501cd2ab] Requesting disconnect from last known coordinator localhost:9092 (id: 2147483646 rack: null)
2026-08-29T17:57:23.342+05:30  INFO 37932 --- [bmp-salon-service] [pool-3-thread-1] o.a.k.c.c.internals.ConsumerCoordinator  : [Consumer clientId=consumer-anonymous.dec1003b-caff-4343-8a95-5d0a501cd2ab-3, groupId=anonymous.dec1003b-caff-4343-8a95-5d0a501cd2ab] Discovered group coordinator localhost:9092 (id: 2147483646 rack: null)
2026-08-29T17:58:49.034+05:30  INFO 37932 --- [bmp-salon-service] [rap-executor-%d] c.n.d.s.r.aws.ConfigClusterResolver      : Resolving eureka endpoints via configuration
2026-08-29T17:59:33.821+05:30  WARN 37932 --- [bmp-salon-service] [   scheduling-1] com.zaxxer.hikari.pool.PoolBase          : HikariPool-1 - Failed to validate connection org.postgresql.jdbc.PgConnection@6c9febed (This connection has been closed.). Possibly consider using a shorter maxLifetime value.
2026-08-29T18:00:06.703+05:30  WARN 37932 --- [bmp-salon-service] [   scheduling-1] com.zaxxer.hikari.pool.PoolBase          : HikariPool-1 - Failed to validate connection org.postgresql.jdbc.PgConnection@5a3ec65f (This connection has been closed.). Possibly consider using a shorter maxLifetime value.
2026-08-29T18:00:07.761+05:30  INFO 37932 --- [bmp-salon-service] [container-0-C-1] org.apache.kafka.clients.NetworkClient   : [Consumer clientId=consumer-anonymous.dec1003b-caff-4343-8a95-5d0a501cd2ab-2, groupId=anonymous.dec1003b-caff-4343-8a95-5d0a501cd2ab] Disconnecting from node 1 due to request timeout.
2026-08-29T18:00:07.762+05:30  INFO 37932 --- [bmp-salon-service] [container-0-C-1] org.apache.kafka.clients.NetworkClient   : [Consumer clientId=consumer-anonymous.dec1003b-caff-4343-8a95-5d0a501cd2ab-2, groupId=anonymous.dec1003b-caff-4343-8a95-5d0a501cd2ab] Cancelled in-flight FETCH request with correlation id 49021 due to node 1 being disconnected (elapsed time since creation: 40529ms, elapsed time since send: 40529ms, throttle time: 0ms, request timeout: 30000ms)
2026-08-29T18:00:07.762+05:30  INFO 37932 --- [bmp-salon-service] [container-0-C-1] org.apache.kafka.clients.NetworkClient   : [Consumer clientId=consumer-anonymous.dec1003b-caff-4343-8a95-5d0a501cd2ab-2, groupId=anonymous.dec1003b-caff-4343-8a95-5d0a501cd2ab] Disconnecting from node 2147483646 due to request timeout.
2026-08-29T18:00:07.762+05:30  INFO 37932 --- [bmp-salon-service] [container-0-C-1] org.apache.kafka.clients.NetworkClient   : [Consumer clientId=consumer-anonymous.dec1003b-caff-4343-8a95-5d0a501cd2ab-2, groupId=anonymous.dec1003b-caff-4343-8a95-5d0a501cd2ab] Cancelled in-flight HEARTBEAT request with correlation id 49023 due to node 2147483646 being disconnected (elapsed time since creation: 35760ms, elapsed time since send: 35760ms, throttle time: 0ms, request timeout: 30000ms)
2026-08-29T18:00:07.762+05:30  INFO 37932 --- [bmp-salon-service] [container-0-C-1] org.apache.kafka.clients.NetworkClient   : [Consumer clientId=consumer-anonymous.dec1003b-caff-4343-8a95-5d0a501cd2ab-2, groupId=anonymous.dec1003b-caff-4343-8a95-5d0a501cd2ab] Cancelled in-flight HEARTBEAT request with correlation id 49024 due to node 2147483646 being disconnected (elapsed time since creation: 32756ms, elapsed time since send: 32756ms, throttle time: 0ms, request timeout: 30000ms)
2026-08-29T18:00:07.762+05:30  INFO 37932 --- [bmp-salon-service] [container-0-C-1] org.apache.kafka.clients.NetworkClient   : [Consumer clientId=consumer-anonymous.dec1003b-caff-4343-8a95-5d0a501cd2ab-2, groupId=anonymous.dec1003b-caff-4343-8a95-5d0a501cd2ab] Cancelled in-flight HEARTBEAT request with correlation id 49025 due to node 2147483646 being disconnected (elapsed time since creation: 29750ms, elapsed time since send: 29750ms, throttle time: 0ms, request timeout: 30000ms)
2026-08-29T18:00:07.763+05:30  INFO 37932 --- [bmp-salon-service] [95-5d0a501cd2ab] o.a.kafka.clients.FetchSessionHandler    : [Consumer clientId=consumer-anonymous.dec1003b-caff-4343-8a95-5d0a501cd2ab-2, groupId=anonymous.dec1003b-caff-4343-8a95-5d0a501cd2ab] Error sending fetch request (sessionId=804308146, epoch=298) to node 1:

org.apache.kafka.common.errors.DisconnectException: null

2026-08-29T18:00:07.776+05:30  INFO 37932 --- [bmp-salon-service] [95-5d0a501cd2ab] o.a.k.c.c.internals.ConsumerCoordinator  : [Consumer clientId=consumer-anonymous.dec1003b-caff-4343-8a95-5d0a501cd2ab-2, groupId=anonymous.dec1003b-caff-4343-8a95-5d0a501cd2ab] Group coordinator localhost:9092 (id: 2147483646 rack: null) is unavailable or invalid due to cause: null. isDisconnected: true. Rediscovery will be attempted.
2026-08-29T18:00:07.852+05:30  WARN 37932 --- [bmp-salon-service] [nio-8083-exec-3] o.s.b.a.health.HealthEndpointSupport     : Health contributor org.springframework.cloud.stream.binder.kafka.KafkaBinderHealthIndicator (binders/kafka) took 30304ms to respond
2026-08-29T18:00:07.994+05:30  INFO 37932 --- [bmp-salon-service] [container-0-C-1] o.a.k.c.c.internals.ConsumerCoordinator  : [Consumer clientId=consumer-anonymous.dec1003b-caff-4343-8a95-5d0a501cd2ab-2, groupId=anonymous.dec1003b-caff-4343-8a95-5d0a501cd2ab] Discovered group coordinator localhost:9092 (id: 2147483646 rack: null)
2026-08-29T18:00:11.237+05:30  WARN 37932 --- [bmp-salon-service] [   scheduling-1] o.h.engine.jdbc.spi.SqlExceptionHelper   : SQL Error: 0, SQLState: 08001
2026-08-29T18:00:11.243+05:30 ERROR 37932 --- [bmp-salon-service] [   scheduling-1] o.h.engine.jdbc.spi.SqlExceptionHelper   : HikariPool-1 - Connection is not available, request timed out after 40746ms (total=0, active=0, idle=0, waiting=0)
2026-08-29T18:00:11.245+05:30 ERROR 37932 --- [bmp-salon-service] [   scheduling-1] o.h.engine.jdbc.spi.SqlExceptionHelper   : The connection attempt failed.
2026-08-29T18:00:12.191+05:30 ERROR 37932 --- [bmp-salon-service] [   scheduling-1] o.s.s.s.TaskUtils$LoggingErrorHandler    : Unexpected error occurred in scheduled task

org.springframework.transaction.CannotCreateTransactionException: Could not open JPA EntityManager for transaction
	at org.springframework.orm.jpa.JpaTransactionManager.doBegin(JpaTransactionManager.java:466) ~[spring-orm-6.2.1.jar:6.2.1]
	at org.springframework.transaction.support.AbstractPlatformTransactionManager.startTransaction(AbstractPlatformTransactionManager.java:532) ~[spring-tx-6.2.1.jar:6.2.1]
	at org.springframework.transaction.support.AbstractPlatformTransactionManager.getTransaction(AbstractPlatformTransactionManager.java:405) ~[spring-tx-6.2.1.jar:6.2.1]
	at org.springframework.transaction.interceptor.TransactionAspectSupport.createTransactionIfNecessary(TransactionAspectSupport.java:639) ~[spring-tx-6.2.1.jar:6.2.1]
	at org.springframework.transaction.interceptor.TransactionAspectSupport.invokeWithinTransaction(TransactionAspectSupport.java:374) ~[spring-tx-6.2.1.jar:6.2.1]
	at org.springframework.transaction.interceptor.TransactionInterceptor.invoke(TransactionInterceptor.java:119) ~[spring-tx-6.2.1.jar:6.2.1]
	at org.springframework.aop.framework.ReflectiveMethodInvocation.proceed(ReflectiveMethodInvocation.java:184) ~[spring-aop-6.2.1.jar:6.2.1]
	at org.springframework.aop.framework.CglibAopProxy$DynamicAdvisedInterceptor.intercept(CglibAopProxy.java:727) ~[spring-aop-6.2.1.jar:6.2.1]
	at com.bmp.common.kafka.OutboxKafkaRelay$$SpringCGLIB$$0.relay(<generated>) ~[bmp-common-0.1.0-SNAPSHOT.jar:0.1.0-SNAPSHOT]
	at java.base/jdk.internal.reflect.DirectMethodHandleAccessor.invoke(DirectMethodHandleAccessor.java:103) ~[na:na]
	at java.base/java.lang.reflect.Method.invoke(Method.java:580) ~[na:na]
	at org.springframework.scheduling.support.ScheduledMethodRunnable.runInternal(ScheduledMethodRunnable.java:130) ~[spring-context-6.2.1.jar:6.2.1]
	at org.springframework.scheduling.support.ScheduledMethodRunnable.lambda$run$2(ScheduledMethodRunnable.java:124) ~[spring-context-6.2.1.jar:6.2.1]
	at io.micrometer.observation.Observation.observe(Observation.java:498) ~[micrometer-observation-1.14.2.jar:1.14.2]
	at org.springframework.scheduling.support.ScheduledMethodRunnable.run(ScheduledMethodRunnable.java:124) ~[spring-context-6.2.1.jar:6.2.1]
	at org.springframework.scheduling.config.Task$OutcomeTrackingRunnable.run(Task.java:85) ~[spring-context-6.2.1.jar:6.2.1]
	at org.springframework.scheduling.support.DelegatingErrorHandlingRunnable.run(DelegatingErrorHandlingRunnable.java:54) ~[spring-context-6.2.1.jar:6.2.1]
	at java.base/java.util.concurrent.Executors$RunnableAdapter.call(Executors.java:572) ~[na:na]
	at java.base/java.util.concurrent.FutureTask.runAndReset(FutureTask.java:358) ~[na:na]
	at java.base/java.util.concurrent.ScheduledThreadPoolExecutor$ScheduledFutureTask.run(ScheduledThreadPoolExecutor.java:305) ~[na:na]
	at java.base/java.util.concurrent.ThreadPoolExecutor.runWorker(ThreadPoolExecutor.java:1144) ~[na:na]
	at java.base/java.util.concurrent.ThreadPoolExecutor$Worker.run(ThreadPoolExecutor.java:642) ~[na:na]
	at java.base/java.lang.Thread.run(Thread.java:1583) ~[na:na]
Caused by: org.hibernate.exception.JDBCConnectionException: Unable to acquire JDBC Connection [HikariPool-1 - Connection is not available, request timed out after 40746ms (total=0, active=0, idle=0, waiting=0)] [n/a]
	at org.hibernate.exception.internal.SQLExceptionTypeDelegate.convert(SQLExceptionTypeDelegate.java:51) ~[hibernate-core-6.6.4.Final.jar:6.6.4.Final]
	at org.hibernate.exception.internal.StandardSQLExceptionConverter.convert(StandardSQLExceptionConverter.java:58) ~[hibernate-core-6.6.4.Final.jar:6.6.4.Final]
	at org.hibernate.engine.jdbc.spi.SqlExceptionHelper.convert(SqlExceptionHelper.java:108) ~[hibernate-core-6.6.4.Final.jar:6.6.4.Final]
	at org.hibernate.engine.jdbc.spi.SqlExceptionHelper.convert(SqlExceptionHelper.java:94) ~[hibernate-core-6.6.4.Final.jar:6.6.4.Final]
	at org.hibernate.resource.jdbc.internal.LogicalConnectionManagedImpl.acquireConnectionIfNeeded(LogicalConnectionManagedImpl.java:129) ~[hibernate-core-6.6.4.Final.jar:6.6.4.Final]
	at org.hibernate.resource.jdbc.internal.LogicalConnectionManagedImpl.getPhysicalConnection(LogicalConnectionManagedImpl.java:156) ~[hibernate-core-6.6.4.Final.jar:6.6.4.Final]
	at org.hibernate.resource.jdbc.internal.LogicalConnectionManagedImpl.getConnectionForTransactionManagement(LogicalConnectionManagedImpl.java:286) ~[hibernate-core-6.6.4.Final.jar:6.6.4.Final]
	at org.hibernate.resource.jdbc.internal.LogicalConnectionManagedImpl.begin(LogicalConnectionManagedImpl.java:294) ~[hibernate-core-6.6.4.Final.jar:6.6.4.Final]
	at org.hibernate.resource.transaction.backend.jdbc.internal.JdbcResourceLocalTransactionCoordinatorImpl$TransactionDriverControlImpl.begin(JdbcResourceLocalTransactionCoordinatorImpl.java:232) ~[hibernate-core-6.6.4.Final.jar:6.6.4.Final]
	at org.hibernate.engine.transaction.internal.TransactionImpl.begin(TransactionImpl.java:83) ~[hibernate-core-6.6.4.Final.jar:6.6.4.Final]
	at org.springframework.orm.jpa.vendor.HibernateJpaDialect.beginTransaction(HibernateJpaDialect.java:176) ~[spring-orm-6.2.1.jar:6.2.1]
	at org.springframework.orm.jpa.JpaTransactionManager.doBegin(JpaTransactionManager.java:420) ~[spring-orm-6.2.1.jar:6.2.1]
	... 22 common frames omitted
Caused by: java.sql.SQLTransientConnectionException: HikariPool-1 - Connection is not available, request timed out after 40746ms (total=0, active=0, idle=0, waiting=0)
	at com.zaxxer.hikari.pool.HikariPool.createTimeoutException(HikariPool.java:686) ~[HikariCP-5.1.0.jar:na]
	at com.zaxxer.hikari.pool.HikariPool.getConnection(HikariPool.java:179) ~[HikariCP-5.1.0.jar:na]
	at com.zaxxer.hikari.pool.HikariPool.getConnection(HikariPool.java:144) ~[HikariCP-5.1.0.jar:na]
	at com.zaxxer.hikari.HikariDataSource.getConnection(HikariDataSource.java:127) ~[HikariCP-5.1.0.jar:na]
	at org.hibernate.engine.jdbc.connections.internal.DatasourceConnectionProviderImpl.getConnection(DatasourceConnectionProviderImpl.java:126) ~[hibernate-core-6.6.4.Final.jar:6.6.4.Final]
	at org.hibernate.internal.NonContextualJdbcConnectionAccess.obtainConnection(NonContextualJdbcConnectionAccess.java:46) ~[hibernate-core-6.6.4.Final.jar:6.6.4.Final]
	at org.hibernate.resource.jdbc.internal.LogicalConnectionManagedImpl.acquireConnectionIfNeeded(LogicalConnectionManagedImpl.java:126) ~[hibernate-core-6.6.4.Final.jar:6.6.4.Final]
	... 29 common frames omitted
Caused by: org.postgresql.util.PSQLException: The connection attempt failed.
	at org.postgresql.core.v3.ConnectionFactoryImpl.openConnectionImpl(ConnectionFactoryImpl.java:364) ~[postgresql-42.7.4.jar:42.7.4]
	at org.postgresql.core.ConnectionFactory.openConnection(ConnectionFactory.java:54) ~[postgresql-42.7.4.jar:42.7.4]
	at org.postgresql.jdbc.PgConnection.<init>(PgConnection.java:273) ~[postgresql-42.7.4.jar:42.7.4]
	at org.postgresql.Driver.makeConnection(Driver.java:446) ~[postgresql-42.7.4.jar:42.7.4]
	at org.postgresql.Driver.connect(Driver.java:298) ~[postgresql-42.7.4.jar:42.7.4]
	at com.zaxxer.hikari.util.DriverDataSource.getConnection(DriverDataSource.java:137) ~[HikariCP-5.1.0.jar:na]
	at com.zaxxer.hikari.pool.PoolBase.newConnection(PoolBase.java:360) ~[HikariCP-5.1.0.jar:na]
	at com.zaxxer.hikari.pool.PoolBase.newPoolEntry(PoolBase.java:202) ~[HikariCP-5.1.0.jar:na]
	at com.zaxxer.hikari.pool.HikariPool.createPoolEntry(HikariPool.java:461) ~[HikariCP-5.1.0.jar:na]
	at com.zaxxer.hikari.pool.HikariPool$PoolEntryCreator.call(HikariPool.java:724) ~[HikariCP-5.1.0.jar:na]
	at com.zaxxer.hikari.pool.HikariPool$PoolEntryCreator.call(HikariPool.java:703) ~[HikariCP-5.1.0.jar:na]
	at java.base/java.util.concurrent.FutureTask.run(FutureTask.java:317) ~[na:na]
	... 3 common frames omitted
Caused by: java.net.SocketTimeoutException: Read timed out
	at java.base/sun.nio.ch.NioSocketImpl.timedRead(NioSocketImpl.java:278) ~[na:na]
	at java.base/sun.nio.ch.NioSocketImpl.implRead(NioSocketImpl.java:304) ~[na:na]
	at java.base/sun.nio.ch.NioSocketImpl.read(NioSocketImpl.java:346) ~[na:na]
	at java.base/sun.nio.ch.NioSocketImpl$1.read(NioSocketImpl.java:796) ~[na:na]
	at java.base/java.net.Socket$SocketInputStream.read(Socket.java:1099) ~[na:na]
	at org.postgresql.core.VisibleBufferedInputStream.readMore(VisibleBufferedInputStream.java:192) ~[postgresql-42.7.4.jar:42.7.4]
	at org.postgresql.core.VisibleBufferedInputStream.ensureBytes(VisibleBufferedInputStream.java:159) ~[postgresql-42.7.4.jar:42.7.4]
	at org.postgresql.core.VisibleBufferedInputStream.ensureBytes(VisibleBufferedInputStream.java:144) ~[postgresql-42.7.4.jar:42.7.4]
	at org.postgresql.core.VisibleBufferedInputStream.read(VisibleBufferedInputStream.java:76) ~[postgresql-42.7.4.jar:42.7.4]
	at org.postgresql.core.PGStream.receiveChar(PGStream.java:476) ~[postgresql-42.7.4.jar:42.7.4]
	at org.postgresql.core.v3.ConnectionFactoryImpl.enableSSL(ConnectionFactoryImpl.java:607) ~[postgresql-42.7.4.jar:42.7.4]
	at org.postgresql.core.v3.ConnectionFactoryImpl.tryConnect(ConnectionFactoryImpl.java:201) ~[postgresql-42.7.4.jar:42.7.4]
	at org.postgresql.core.v3.ConnectionFactoryImpl.openConnectionImpl(ConnectionFactoryImpl.java:268) ~[postgresql-42.7.4.jar:42.7.4]
	... 14 common frames omitted

2026-08-29T18:00:34.142+05:30  WARN 37932 --- [bmp-salon-service] [l-1 housekeeper] com.zaxxer.hikari.pool.HikariPool        : HikariPool-1 - Thread starvation or clock leap detected (housekeeper delta=59s304ms921µs).
2026-08-29T18:04:15.874+05:30  INFO 37932 --- [bmp-salon-service] [rap-executor-%d] c.n.d.s.r.aws.ConfigClusterResolver      : Resolving eureka endpoints via configuration
2026-08-29T18:09:15.888+05:30  INFO 37932 --- [bmp-salon-service] [rap-executor-%d] c.n.d.s.r.aws.ConfigClusterResolver      : Resolving eureka endpoints via configuration
2026-08-29T18:14:15.900+05:30  INFO 37932 --- [bmp-salon-service] [rap-executor-%d] c.n.d.s.r.aws.ConfigClusterResolver      : Resolving eureka endpoints via configuration
2026-08-29T19:23:53.513+05:30  INFO 37932 --- [bmp-salon-service] [container-0-C-1] org.apache.kafka.clients.NetworkClient   : [Consumer clientId=consumer-anonymous.dec1003b-caff-4343-8a95-5d0a501cd2ab-2, groupId=anonymous.dec1003b-caff-4343-8a95-5d0a501cd2ab] Node 1 disconnected.
2026-08-29T19:23:53.522+05:30  INFO 37932 --- [bmp-salon-service] [pool-3-thread-1] org.apache.kafka.clients.NetworkClient   : [Consumer clientId=consumer-anonymous.dec1003b-caff-4343-8a95-5d0a501cd2ab-3, groupId=anonymous.dec1003b-caff-4343-8a95-5d0a501cd2ab] Node 2147483646 disconnected.
2026-08-29T19:23:53.530+05:30  INFO 37932 --- [bmp-salon-service] [pool-3-thread-1] o.a.k.c.c.internals.ConsumerCoordinator  : [Consumer clientId=consumer-anonymous.dec1003b-caff-4343-8a95-5d0a501cd2ab-3, groupId=anonymous.dec1003b-caff-4343-8a95-5d0a501cd2ab] Group coordinator localhost:9092 (id: 2147483646 rack: null) is unavailable or invalid due to cause: coordinator unavailable. isDisconnected: true. Rediscovery will be attempted.
2026-08-29T19:23:53.537+05:30  INFO 37932 --- [bmp-salon-service] [container-0-C-1] org.apache.kafka.clients.NetworkClient   : [Consumer clientId=consumer-anonymous.dec1003b-caff-4343-8a95-5d0a501cd2ab-2, groupId=anonymous.dec1003b-caff-4343-8a95-5d0a501cd2ab] Cancelled in-flight FETCH request with correlation id 51349 due to node 1 being disconnected (elapsed time since creation: 4024603ms, elapsed time since send: 4024603ms, throttle time: 0ms, request timeout: 30000ms)
2026-08-29T19:23:53.540+05:30  INFO 37932 --- [bmp-salon-service] [95-5d0a501cd2ab] o.a.kafka.clients.FetchSessionHandler    : [Consumer clientId=consumer-anonymous.dec1003b-caff-4343-8a95-5d0a501cd2ab-2, groupId=anonymous.dec1003b-caff-4343-8a95-5d0a501cd2ab] Error sending fetch request (sessionId=688910627, epoch=1980) to node 1:

org.apache.kafka.common.errors.DisconnectException: null

2026-08-29T19:23:53.611+05:30  INFO 37932 --- [bmp-salon-service] [95-5d0a501cd2ab] o.a.k.c.c.internals.ConsumerCoordinator  : [Consumer clientId=consumer-anonymous.dec1003b-caff-4343-8a95-5d0a501cd2ab-2, groupId=anonymous.dec1003b-caff-4343-8a95-5d0a501cd2ab] Group coordinator localhost:9092 (id: 2147483646 rack: null) is unavailable or invalid due to cause: session timed out without receiving a heartbeat response. isDisconnected: false. Rediscovery will be attempted.
2026-08-29T19:23:53.619+05:30  INFO 37932 --- [bmp-salon-service] [95-5d0a501cd2ab] o.a.k.c.c.internals.ConsumerCoordinator  : [Consumer clientId=consumer-anonymous.dec1003b-caff-4343-8a95-5d0a501cd2ab-2, groupId=anonymous.dec1003b-caff-4343-8a95-5d0a501cd2ab] Requesting disconnect from last known coordinator localhost:9092 (id: 2147483646 rack: null)
2026-08-29T19:23:53.621+05:30  INFO 37932 --- [bmp-salon-service] [95-5d0a501cd2ab] org.apache.kafka.clients.NetworkClient   : [Consumer clientId=consumer-anonymous.dec1003b-caff-4343-8a95-5d0a501cd2ab-2, groupId=anonymous.dec1003b-caff-4343-8a95-5d0a501cd2ab] Client requested disconnect from node 2147483646
2026-08-29T19:23:54.792+05:30  INFO 37932 --- [bmp-salon-service] [pool-3-thread-1] o.a.k.c.c.internals.ConsumerCoordinator  : [Consumer clientId=consumer-anonymous.dec1003b-caff-4343-8a95-5d0a501cd2ab-3, groupId=anonymous.dec1003b-caff-4343-8a95-5d0a501cd2ab] Discovered group coordinator localhost:9092 (id: 2147483646 rack: null)
2026-08-29T19:23:57.787+05:30  INFO 37932 --- [bmp-salon-service] [container-0-C-1] o.a.k.c.c.internals.ConsumerCoordinator  : [Consumer clientId=consumer-anonymous.dec1003b-caff-4343-8a95-5d0a501cd2ab-2, groupId=anonymous.dec1003b-caff-4343-8a95-5d0a501cd2ab] Discovered group coordinator localhost:9092 (id: 2147483646 rack: null)
2026-08-29T19:24:04.905+05:30  WARN 37932 --- [bmp-salon-service] [l-1 housekeeper] com.zaxxer.hikari.pool.HikariPool        : HikariPool-1 - Thread starvation or clock leap detected (housekeeper delta=1h7m30s606ms779µs300ns).
2026-08-29T19:24:14.539+05:30  INFO 37932 --- [bmp-salon-service] [vice-producer-1] org.apache.kafka.clients.NetworkClient   : [Producer clientId=bmp-salon-service-producer-1] Node 1 disconnected.
2026-08-29T19:26:16.360+05:30  INFO 37932 --- [bmp-salon-service] [rap-executor-%d] c.n.d.s.r.aws.ConfigClusterResolver      : Resolving eureka endpoints via configuration
2026-08-29T19:31:16.366+05:30  INFO 37932 --- [bmp-salon-service] [rap-executor-%d] c.n.d.s.r.aws.ConfigClusterResolver      : Resolving eureka endpoints via configuration
2026-08-29T19:36:16.384+05:30  INFO 37932 --- [bmp-salon-service] [rap-executor-%d] c.n.d.s.r.aws.ConfigClusterResolver      : Resolving eureka endpoints via configuration
2026-08-29T19:41:16.398+05:30  INFO 37932 --- [bmp-salon-service] [rap-executor-%d] c.n.d.s.r.aws.ConfigClusterResolver      : Resolving eureka endpoints via configuration
2026-08-29T19:46:16.410+05:30  INFO 37932 --- [bmp-salon-service] [rap-executor-%d] c.n.d.s.r.aws.ConfigClusterResolver      : Resolving eureka endpoints via configuration
2026-08-29T19:51:16.421+05:30  INFO 37932 --- [bmp-salon-service] [rap-executor-%d] c.n.d.s.r.aws.ConfigClusterResolver      : Resolving eureka endpoints via configuration
2026-08-29T19:56:16.424+05:30  INFO 37932 --- [bmp-salon-service] [rap-executor-%d] c.n.d.s.r.aws.ConfigClusterResolver      : Resolving eureka endpoints via configuration
2026-08-29T19:58:28.574+05:30  WARN 37932 --- [bmp-salon-service] [   scheduling-1] com.zaxxer.hikari.pool.PoolBase          : HikariPool-1 - Failed to validate connection org.postgresql.jdbc.PgConnection@5514c932 (This connection has been closed.). Possibly consider using a shorter maxLifetime value.
2026-08-29T20:03:00.613+05:30  WARN 37932 --- [bmp-salon-service] [l-1 housekeeper] com.zaxxer.hikari.pool.HikariPool        : HikariPool-1 - Thread starvation or clock leap detected (housekeeper delta=4m54s587ms524µs).
2026-08-29T20:03:00.702+05:30  INFO 37932 --- [bmp-salon-service] [95-5d0a501cd2ab] org.apache.kafka.clients.NetworkClient   : [Consumer clientId=consumer-anonymous.dec1003b-caff-4343-8a95-5d0a501cd2ab-2, groupId=anonymous.dec1003b-caff-4343-8a95-5d0a501cd2ab] Disconnecting from node 1 due to request timeout.
2026-08-29T20:03:00.743+05:30  INFO 37932 --- [bmp-salon-service] [95-5d0a501cd2ab] org.apache.kafka.clients.NetworkClient   : [Consumer clientId=consumer-anonymous.dec1003b-caff-4343-8a95-5d0a501cd2ab-2, groupId=anonymous.dec1003b-caff-4343-8a95-5d0a501cd2ab] Cancelled in-flight FETCH request with correlation id 56139 due to node 1 being disconnected (elapsed time since creation: 276766ms, elapsed time since send: 276766ms, throttle time: 0ms, request timeout: 30000ms)
2026-08-29T20:03:00.744+05:30  INFO 37932 --- [bmp-salon-service] [95-5d0a501cd2ab] org.apache.kafka.clients.NetworkClient   : [Consumer clientId=consumer-anonymous.dec1003b-caff-4343-8a95-5d0a501cd2ab-2, groupId=anonymous.dec1003b-caff-4343-8a95-5d0a501cd2ab] Cancelled in-flight METADATA request with correlation id 56144 due to node 1 being disconnected (elapsed time since creation: 0ms, elapsed time since send: 0ms, throttle time: 0ms, request timeout: 30000ms)
2026-08-29T20:03:00.772+05:30  INFO 37932 --- [bmp-salon-service] [95-5d0a501cd2ab] org.apache.kafka.clients.NetworkClient   : [Consumer clientId=consumer-anonymous.dec1003b-caff-4343-8a95-5d0a501cd2ab-2, groupId=anonymous.dec1003b-caff-4343-8a95-5d0a501cd2ab] Disconnecting from node 2147483646 due to request timeout.
2026-08-29T20:03:00.773+05:30  INFO 37932 --- [bmp-salon-service] [95-5d0a501cd2ab] org.apache.kafka.clients.NetworkClient   : [Consumer clientId=consumer-anonymous.dec1003b-caff-4343-8a95-5d0a501cd2ab-2, groupId=anonymous.dec1003b-caff-4343-8a95-5d0a501cd2ab] Cancelled in-flight HEARTBEAT request with correlation id 56140 due to node 2147483646 being disconnected (elapsed time since creation: 274666ms, elapsed time since send: 274666ms, throttle time: 0ms, request timeout: 30000ms)
2026-08-29T20:03:00.773+05:30  INFO 37932 --- [bmp-salon-service] [95-5d0a501cd2ab] org.apache.kafka.clients.NetworkClient   : [Consumer clientId=consumer-anonymous.dec1003b-caff-4343-8a95-5d0a501cd2ab-2, groupId=anonymous.dec1003b-caff-4343-8a95-5d0a501cd2ab] Cancelled in-flight HEARTBEAT request with correlation id 56141 due to node 2147483646 being disconnected (elapsed time since creation: 271665ms, elapsed time since send: 271665ms, throttle time: 0ms, request timeout: 30000ms)
2026-08-29T20:03:00.773+05:30  INFO 37932 --- [bmp-salon-service] [95-5d0a501cd2ab] org.apache.kafka.clients.NetworkClient   : [Consumer clientId=consumer-anonymous.dec1003b-caff-4343-8a95-5d0a501cd2ab-2, groupId=anonymous.dec1003b-caff-4343-8a95-5d0a501cd2ab] Cancelled in-flight HEARTBEAT request with correlation id 56142 due to node 2147483646 being disconnected (elapsed time since creation: 268654ms, elapsed time since send: 268654ms, throttle time: 0ms, request timeout: 30000ms)
2026-08-29T20:03:00.773+05:30  INFO 37932 --- [bmp-salon-service] [95-5d0a501cd2ab] org.apache.kafka.clients.NetworkClient   : [Consumer clientId=consumer-anonymous.dec1003b-caff-4343-8a95-5d0a501cd2ab-2, groupId=anonymous.dec1003b-caff-4343-8a95-5d0a501cd2ab] Cancelled in-flight HEARTBEAT request with correlation id 56143 due to node 2147483646 being disconnected (elapsed time since creation: 265640ms, elapsed time since send: 265640ms, throttle time: 0ms, request timeout: 30000ms)
2026-08-29T20:03:00.796+05:30  INFO 37932 --- [bmp-salon-service] [95-5d0a501cd2ab] o.a.kafka.clients.FetchSessionHandler    : [Consumer clientId=consumer-anonymous.dec1003b-caff-4343-8a95-5d0a501cd2ab-2, groupId=anonymous.dec1003b-caff-4343-8a95-5d0a501cd2ab] Error sending fetch request (sessionId=581127601, epoch=4084) to node 1:

org.apache.kafka.common.errors.DisconnectException: null

2026-08-29T20:03:00.875+05:30  INFO 37932 --- [bmp-salon-service] [95-5d0a501cd2ab] o.a.k.c.c.internals.ConsumerCoordinator  : [Consumer clientId=consumer-anonymous.dec1003b-caff-4343-8a95-5d0a501cd2ab-2, groupId=anonymous.dec1003b-caff-4343-8a95-5d0a501cd2ab] Group coordinator localhost:9092 (id: 2147483646 rack: null) is unavailable or invalid due to cause: null. isDisconnected: true. Rediscovery will be attempted.
2026-08-29T20:03:01.492+05:30  WARN 37932 --- [bmp-salon-service] [nio-8083-exec-7] o.s.b.a.health.HealthEndpointSupport     : Health contributor org.springframework.cloud.stream.binder.kafka.KafkaBinderHealthIndicator (binders/kafka) took 273193ms to respond
2026-08-29T20:03:02.236+05:30  INFO 37932 --- [bmp-salon-service] [container-0-C-1] o.a.k.c.c.internals.ConsumerCoordinator  : [Consumer clientId=consumer-anonymous.dec1003b-caff-4343-8a95-5d0a501cd2ab-2, groupId=anonymous.dec1003b-caff-4343-8a95-5d0a501cd2ab] Discovered group coordinator localhost:9092 (id: 2147483646 rack: null)
2026-08-29T20:05:40.876+05:30  INFO 37932 --- [bmp-salon-service] [rap-executor-%d] c.n.d.s.r.aws.ConfigClusterResolver      : Resolving eureka endpoints via configuration
2026-08-29T20:10:40.897+05:30  INFO 37932 --- [bmp-salon-service] [rap-executor-%d] c.n.d.s.r.aws.ConfigClusterResolver      : Resolving eureka endpoints via configuration
2026-08-29T20:15:40.899+05:30  INFO 37932 --- [bmp-salon-service] [rap-executor-%d] c.n.d.s.r.aws.ConfigClusterResolver      : Resolving eureka endpoints via configuration
2026-08-29T20:20:40.916+05:30  INFO 37932 --- [bmp-salon-service] [rap-executor-%d] c.n.d.s.r.aws.ConfigClusterResolver      : Resolving eureka endpoints via configuration
2026-08-29T20:25:40.933+05:30  INFO 37932 --- [bmp-salon-service] [rap-executor-%d] c.n.d.s.r.aws.ConfigClusterResolver      : Resolving eureka endpoints via configuration
2026-08-29T20:30:40.942+05:30  INFO 37932 --- [bmp-salon-service] [rap-executor-%d] c.n.d.s.r.aws.ConfigClusterResolver      : Resolving eureka endpoints via configuration
2026-08-29T20:35:40.946+05:30  INFO 37932 --- [bmp-salon-service] [rap-executor-%d] c.n.d.s.r.aws.ConfigClusterResolver      : Resolving eureka endpoints via configuration
2026-08-29T20:40:13.692+05:30  WARN 37932 --- [bmp-salon-service] [   scheduling-1] com.zaxxer.hikari.pool.PoolBase          : HikariPool-1 - Failed to validate connection org.postgresql.jdbc.PgConnection@627991fa (This connection has been closed.). Possibly consider using a shorter maxLifetime value.
2026-08-29T20:40:18.702+05:30  WARN 37932 --- [bmp-salon-service] [   scheduling-1] com.zaxxer.hikari.pool.PoolBase          : HikariPool-1 - Failed to validate connection org.postgresql.jdbc.PgConnection@2fdf7c87 (This connection has been closed.). Possibly consider using a shorter maxLifetime value.
2026-08-29T20:49:18.671+05:30  INFO 37932 --- [bmp-salon-service] [pool-3-thread-1] org.apache.kafka.clients.NetworkClient   : [Consumer clientId=consumer-anonymous.dec1003b-caff-4343-8a95-5d0a501cd2ab-3, groupId=anonymous.dec1003b-caff-4343-8a95-5d0a501cd2ab] Node 2147483646 disconnected.
2026-08-29T20:49:18.681+05:30  INFO 37932 --- [bmp-salon-service] [95-5d0a501cd2ab] org.apache.kafka.clients.NetworkClient   : [Consumer clientId=consumer-anonymous.dec1003b-caff-4343-8a95-5d0a501cd2ab-2, groupId=anonymous.dec1003b-caff-4343-8a95-5d0a501cd2ab] Node 1 disconnected.
2026-08-29T20:49:18.686+05:30  INFO 37932 --- [bmp-salon-service] [95-5d0a501cd2ab] org.apache.kafka.clients.NetworkClient   : [Consumer clientId=consumer-anonymous.dec1003b-caff-4343-8a95-5d0a501cd2ab-2, groupId=anonymous.dec1003b-caff-4343-8a95-5d0a501cd2ab] Cancelled in-flight FETCH request with correlation id 61306 due to node 1 being disconnected (elapsed time since creation: 551165ms, elapsed time since send: 551165ms, throttle time: 0ms, request timeout: 30000ms)
2026-08-29T20:49:18.686+05:30  INFO 37932 --- [bmp-salon-service] [95-5d0a501cd2ab] org.apache.kafka.clients.NetworkClient   : [Consumer clientId=consumer-anonymous.dec1003b-caff-4343-8a95-5d0a501cd2ab-2, groupId=anonymous.dec1003b-caff-4343-8a95-5d0a501cd2ab] Cancelled in-flight METADATA request with correlation id 61311 due to node 1 being disconnected (elapsed time since creation: 1088ms, elapsed time since send: 1088ms, throttle time: 0ms, request timeout: 30000ms)
2026-08-29T20:49:18.686+05:30  INFO 37932 --- [bmp-salon-service] [95-5d0a501cd2ab] org.apache.kafka.clients.NetworkClient   : [Consumer clientId=consumer-anonymous.dec1003b-caff-4343-8a95-5d0a501cd2ab-2, groupId=anonymous.dec1003b-caff-4343-8a95-5d0a501cd2ab] Disconnecting from node 2147483646 due to request timeout.
2026-08-29T20:49:18.686+05:30  INFO 37932 --- [bmp-salon-service] [95-5d0a501cd2ab] org.apache.kafka.clients.NetworkClient   : [Consumer clientId=consumer-anonymous.dec1003b-caff-4343-8a95-5d0a501cd2ab-2, groupId=anonymous.dec1003b-caff-4343-8a95-5d0a501cd2ab] Cancelled in-flight HEARTBEAT request with correlation id 61307 due to node 2147483646 being disconnected (elapsed time since creation: 549962ms, elapsed time since send: 549962ms, throttle time: 0ms, request timeout: 30000ms)
2026-08-29T20:49:18.686+05:30  INFO 37932 --- [bmp-salon-service] [95-5d0a501cd2ab] org.apache.kafka.clients.NetworkClient   : [Consumer clientId=consumer-anonymous.dec1003b-caff-4343-8a95-5d0a501cd2ab-2, groupId=anonymous.dec1003b-caff-4343-8a95-5d0a501cd2ab] Cancelled in-flight HEARTBEAT request with correlation id 61308 due to node 2147483646 being disconnected (elapsed time since creation: 546948ms, elapsed time since send: 546948ms, throttle time: 0ms, request timeout: 30000ms)
2026-08-29T20:49:18.689+05:30  INFO 37932 --- [bmp-salon-service] [95-5d0a501cd2ab] org.apache.kafka.clients.NetworkClient   : [Consumer clientId=consumer-anonymous.dec1003b-caff-4343-8a95-5d0a501cd2ab-2, groupId=anonymous.dec1003b-caff-4343-8a95-5d0a501cd2ab] Cancelled in-flight HEARTBEAT request with correlation id 61309 due to node 2147483646 being disconnected (elapsed time since creation: 543945ms, elapsed time since send: 543945ms, throttle time: 0ms, request timeout: 30000ms)
2026-08-29T20:49:18.689+05:30  INFO 37932 --- [bmp-salon-service] [95-5d0a501cd2ab] org.apache.kafka.clients.NetworkClient   : [Consumer clientId=consumer-anonymous.dec1003b-caff-4343-8a95-5d0a501cd2ab-2, groupId=anonymous.dec1003b-caff-4343-8a95-5d0a501cd2ab] Cancelled in-flight HEARTBEAT request with correlation id 61310 due to node 2147483646 being disconnected (elapsed time since creation: 540931ms, elapsed time since send: 540931ms, throttle time: 0ms, request timeout: 30000ms)
2026-08-29T20:49:18.692+05:30  INFO 37932 --- [bmp-salon-service] [95-5d0a501cd2ab] o.a.kafka.clients.FetchSessionHandler    : [Consumer clientId=consumer-anonymous.dec1003b-caff-4343-8a95-5d0a501cd2ab-2, groupId=anonymous.dec1003b-caff-4343-8a95-5d0a501cd2ab] Error sending fetch request (sessionId=1441292004, epoch=4401) to node 1:

org.apache.kafka.common.errors.DisconnectException: null

2026-08-29T20:49:18.817+05:30  INFO 37932 --- [bmp-salon-service] [95-5d0a501cd2ab] o.a.k.c.c.internals.ConsumerCoordinator  : [Consumer clientId=consumer-anonymous.dec1003b-caff-4343-8a95-5d0a501cd2ab-2, groupId=anonymous.dec1003b-caff-4343-8a95-5d0a501cd2ab] Group coordinator localhost:9092 (id: 2147483646 rack: null) is unavailable or invalid due to cause: null. isDisconnected: true. Rediscovery will be attempted.
2026-08-29T20:49:20.385+05:30  INFO 37932 --- [bmp-salon-service] [container-0-C-1] o.a.k.c.c.internals.ConsumerCoordinator  : [Consumer clientId=consumer-anonymous.dec1003b-caff-4343-8a95-5d0a501cd2ab-2, groupId=anonymous.dec1003b-caff-4343-8a95-5d0a501cd2ab] Discovered group coordinator localhost:9092 (id: 2147483646 rack: null)
2026-08-29T20:49:28.694+05:30  WARN 37932 --- [bmp-salon-service] [l-1 housekeeper] com.zaxxer.hikari.pool.HikariPool        : HikariPool-1 - Thread starvation or clock leap detected (housekeeper delta=9m27s569ms357µs300ns).
2026-08-29T20:49:37.201+05:30  INFO 37932 --- [bmp-salon-service] [vice-producer-1] org.apache.kafka.clients.NetworkClient   : [Producer clientId=bmp-salon-service-producer-1] Node 1 disconnected.
2026-08-29T20:49:38.382+05:30  INFO 37932 --- [bmp-salon-service] [rap-executor-%d] c.n.d.s.r.aws.ConfigClusterResolver      : Resolving eureka endpoints via configuration
2026-08-29T20:54:38.387+05:30  INFO 37932 --- [bmp-salon-service] [rap-executor-%d] c.n.d.s.r.aws.ConfigClusterResolver      : Resolving eureka endpoints via configuration
2026-08-29T20:59:38.389+05:30  INFO 37932 --- [bmp-salon-service] [rap-executor-%d] c.n.d.s.r.aws.ConfigClusterResolver      : Resolving eureka endpoints via configuration
2026-08-29T21:00:53.300+05:30  WARN 37932 --- [bmp-salon-service] [   scheduling-1] com.zaxxer.hikari.pool.PoolBase          : HikariPool-1 - Failed to validate connection org.postgresql.jdbc.PgConnection@32f8e36a (This connection has been closed.). Possibly consider using a shorter maxLifetime value.
2026-08-29T21:23:26.646+05:30  WARN 37932 --- [bmp-salon-service] [l-1 housekeeper] com.zaxxer.hikari.pool.HikariPool        : HikariPool-1 - Thread starvation or clock leap detected (housekeeper delta=22m57s116ms462µs600ns).
2026-08-29T21:23:27.022+05:30  INFO 37932 --- [bmp-salon-service] [95-5d0a501cd2ab] org.apache.kafka.clients.NetworkClient   : [Consumer clientId=consumer-anonymous.dec1003b-caff-4343-8a95-5d0a501cd2ab-2, groupId=anonymous.dec1003b-caff-4343-8a95-5d0a501cd2ab] Node 1 disconnected.
2026-08-29T21:23:27.026+05:30  INFO 37932 --- [bmp-salon-service] [95-5d0a501cd2ab] org.apache.kafka.clients.NetworkClient   : [Consumer clientId=consumer-anonymous.dec1003b-caff-4343-8a95-5d0a501cd2ab-2, groupId=anonymous.dec1003b-caff-4343-8a95-5d0a501cd2ab] Cancelled in-flight FETCH request with correlation id 62909 due to node 1 being disconnected (elapsed time since creation: 1360209ms, elapsed time since send: 1360209ms, throttle time: 0ms, request timeout: 30000ms)
2026-08-29T21:23:27.026+05:30  INFO 37932 --- [bmp-salon-service] [95-5d0a501cd2ab] org.apache.kafka.clients.NetworkClient   : [Consumer clientId=consumer-anonymous.dec1003b-caff-4343-8a95-5d0a501cd2ab-2, groupId=anonymous.dec1003b-caff-4343-8a95-5d0a501cd2ab] Cancelled in-flight METADATA request with correlation id 62914 due to node 1 being disconnected (elapsed time since creation: 1443ms, elapsed time since send: 1443ms, throttle time: 0ms, request timeout: 30000ms)
2026-08-29T21:23:27.146+05:30  INFO 37932 --- [bmp-salon-service] [95-5d0a501cd2ab] org.apache.kafka.clients.NetworkClient   : [Consumer clientId=consumer-anonymous.dec1003b-caff-4343-8a95-5d0a501cd2ab-2, groupId=anonymous.dec1003b-caff-4343-8a95-5d0a501cd2ab] Disconnecting from node 2147483646 due to request timeout.
2026-08-29T21:23:27.146+05:30  INFO 37932 --- [bmp-salon-service] [95-5d0a501cd2ab] org.apache.kafka.clients.NetworkClient   : [Consumer clientId=consumer-anonymous.dec1003b-caff-4343-8a95-5d0a501cd2ab-2, groupId=anonymous.dec1003b-caff-4343-8a95-5d0a501cd2ab] Cancelled in-flight HEARTBEAT request with correlation id 62910 due to node 2147483646 being disconnected (elapsed time since creation: 1357655ms, elapsed time since send: 1357655ms, throttle time: 0ms, request timeout: 30000ms)
2026-08-29T21:23:27.146+05:30  INFO 37932 --- [bmp-salon-service] [95-5d0a501cd2ab] org.apache.kafka.clients.NetworkClient   : [Consumer clientId=consumer-anonymous.dec1003b-caff-4343-8a95-5d0a501cd2ab-2, groupId=anonymous.dec1003b-caff-4343-8a95-5d0a501cd2ab] Cancelled in-flight HEARTBEAT request with correlation id 62911 due to node 2147483646 being disconnected (elapsed time since creation: 1354640ms, elapsed time since send: 1354640ms, throttle time: 0ms, request timeout: 30000ms)
2026-08-29T21:23:27.147+05:30  INFO 37932 --- [bmp-salon-service] [95-5d0a501cd2ab] org.apache.kafka.clients.NetworkClient   : [Consumer clientId=consumer-anonymous.dec1003b-caff-4343-8a95-5d0a501cd2ab-2, groupId=anonymous.dec1003b-caff-4343-8a95-5d0a501cd2ab] Cancelled in-flight HEARTBEAT request with correlation id 62912 due to node 2147483646 being disconnected (elapsed time since creation: 1351639ms, elapsed time since send: 1351639ms, throttle time: 0ms, request timeout: 30000ms)
2026-08-29T21:23:27.147+05:30  INFO 37932 --- [bmp-salon-service] [95-5d0a501cd2ab] org.apache.kafka.clients.NetworkClient   : [Consumer clientId=consumer-anonymous.dec1003b-caff-4343-8a95-5d0a501cd2ab-2, groupId=anonymous.dec1003b-caff-4343-8a95-5d0a501cd2ab] Cancelled in-flight HEARTBEAT request with correlation id 62913 due to node 2147483646 being disconnected (elapsed time since creation: 1348632ms, elapsed time since send: 1348632ms, throttle time: 0ms, request timeout: 30000ms)
2026-08-29T21:23:27.180+05:30  INFO 37932 --- [bmp-salon-service] [95-5d0a501cd2ab] o.a.kafka.clients.FetchSessionHandler    : [Consumer clientId=consumer-anonymous.dec1003b-caff-4343-8a95-5d0a501cd2ab-2, groupId=anonymous.dec1003b-caff-4343-8a95-5d0a501cd2ab] Error sending fetch request (sessionId=1905306364, epoch=1358) to node 1:

org.apache.kafka.common.errors.DisconnectException: null

2026-08-29T21:23:27.239+05:30  INFO 37932 --- [bmp-salon-service] [95-5d0a501cd2ab] o.a.k.c.c.internals.ConsumerCoordinator  : [Consumer clientId=consumer-anonymous.dec1003b-caff-4343-8a95-5d0a501cd2ab-2, groupId=anonymous.dec1003b-caff-4343-8a95-5d0a501cd2ab] Group coordinator localhost:9092 (id: 2147483646 rack: null) is unavailable or invalid due to cause: null. isDisconnected: true. Rediscovery will be attempted.
2026-08-29T21:23:28.227+05:30  INFO 37932 --- [bmp-salon-service] [container-0-C-1] o.a.k.c.c.internals.ConsumerCoordinator  : [Consumer clientId=consumer-anonymous.dec1003b-caff-4343-8a95-5d0a501cd2ab-2, groupId=anonymous.dec1003b-caff-4343-8a95-5d0a501cd2ab] Discovered group coordinator localhost:9092 (id: 2147483646 rack: null)
2026-08-29T21:23:34.339+05:30  INFO 37932 --- [bmp-salon-service] [vice-producer-1] org.apache.kafka.clients.NetworkClient   : [Producer clientId=bmp-salon-service-producer-1] Node 1 disconnected.
2026-08-29T21:23:47.127+05:30  INFO 37932 --- [bmp-salon-service] [pool-3-thread-1] org.apache.kafka.clients.NetworkClient   : [Consumer clientId=consumer-anonymous.dec1003b-caff-4343-8a95-5d0a501cd2ab-3, groupId=anonymous.dec1003b-caff-4343-8a95-5d0a501cd2ab] Node 2147483646 disconnected.
2026-08-29T21:23:47.131+05:30  INFO 37932 --- [bmp-salon-service] [pool-3-thread-1] o.a.k.c.c.internals.ConsumerCoordinator  : [Consumer clientId=consumer-anonymous.dec1003b-caff-4343-8a95-5d0a501cd2ab-3, groupId=anonymous.dec1003b-caff-4343-8a95-5d0a501cd2ab] Group coordinator localhost:9092 (id: 2147483646 rack: null) is unavailable or invalid due to cause: coordinator unavailable. isDisconnected: true. Rediscovery will be attempted.
2026-08-29T21:23:47.133+05:30  INFO 37932 --- [bmp-salon-service] [pool-3-thread-1] o.a.k.c.c.internals.ConsumerCoordinator  : [Consumer clientId=consumer-anonymous.dec1003b-caff-4343-8a95-5d0a501cd2ab-3, groupId=anonymous.dec1003b-caff-4343-8a95-5d0a501cd2ab] Discovered group coordinator localhost:9092 (id: 2147483646 rack: null)
2026-08-29T21:23:47.134+05:30  INFO 37932 --- [bmp-salon-service] [pool-3-thread-1] o.a.k.c.c.internals.ConsumerCoordinator  : [Consumer clientId=consumer-anonymous.dec1003b-caff-4343-8a95-5d0a501cd2ab-3, groupId=anonymous.dec1003b-caff-4343-8a95-5d0a501cd2ab] Group coordinator localhost:9092 (id: 2147483646 rack: null) is unavailable or invalid due to cause: coordinator unavailable. isDisconnected: false. Rediscovery will be attempted.
2026-08-29T21:23:47.135+05:30  INFO 37932 --- [bmp-salon-service] [pool-3-thread-1] o.a.k.c.c.internals.ConsumerCoordinator  : [Consumer clientId=consumer-anonymous.dec1003b-caff-4343-8a95-5d0a501cd2ab-3, groupId=anonymous.dec1003b-caff-4343-8a95-5d0a501cd2ab] Requesting disconnect from last known coordinator localhost:9092 (id: 2147483646 rack: null)
2026-08-29T21:23:47.235+05:30  INFO 37932 --- [bmp-salon-service] [pool-3-thread-1] o.a.k.c.c.internals.ConsumerCoordinator  : [Consumer clientId=consumer-anonymous.dec1003b-caff-4343-8a95-5d0a501cd2ab-3, groupId=anonymous.dec1003b-caff-4343-8a95-5d0a501cd2ab] Discovered group coordinator localhost:9092 (id: 2147483646 rack: null)
2026-08-29T21:27:05.373+05:30  INFO 37932 --- [bmp-salon-service] [rap-executor-%d] c.n.d.s.r.aws.ConfigClusterResolver      : Resolving eureka endpoints via configuration
2026-08-29T21:32:05.387+05:30  INFO 37932 --- [bmp-salon-service] [rap-executor-%d] c.n.d.s.r.aws.ConfigClusterResolver      : Resolving eureka endpoints via configuration
2026-08-29T21:37:05.398+05:30  INFO 37932 --- [bmp-salon-service] [rap-executor-%d] c.n.d.s.r.aws.ConfigClusterResolver      : Resolving eureka endpoints via configuration
2026-08-29T21:42:05.410+05:30  INFO 37932 --- [bmp-salon-service] [rap-executor-%d] c.n.d.s.r.aws.ConfigClusterResolver      : Resolving eureka endpoints via configuration
2026-08-29T21:47:05.436+05:30  INFO 37932 --- [bmp-salon-service] [rap-executor-%d] c.n.d.s.r.aws.ConfigClusterResolver      : Resolving eureka endpoints via configuration
2026-08-29T21:52:05.451+05:30  INFO 37932 --- [bmp-salon-service] [rap-executor-%d] c.n.d.s.r.aws.ConfigClusterResolver      : Resolving eureka endpoints via configuration
2026-08-29T21:57:05.460+05:30  INFO 37932 --- [bmp-salon-service] [rap-executor-%d] c.n.d.s.r.aws.ConfigClusterResolver      : Resolving eureka endpoints via configuration
2026-08-29T22:02:05.471+05:30  INFO 37932 --- [bmp-salon-service] [rap-executor-%d] c.n.d.s.r.aws.ConfigClusterResolver      : Resolving eureka endpoints via configuration
2026-08-29T22:07:05.487+05:30  INFO 37932 --- [bmp-salon-service] [rap-executor-%d] c.n.d.s.r.aws.ConfigClusterResolver      : Resolving eureka endpoints via configuration
2026-08-29T22:12:05.504+05:30  INFO 37932 --- [bmp-salon-service] [rap-executor-%d] c.n.d.s.r.aws.ConfigClusterResolver      : Resolving eureka endpoints via configuration
2026-08-29T22:17:05.514+05:30  INFO 37932 --- [bmp-salon-service] [rap-executor-%d] c.n.d.s.r.aws.ConfigClusterResolver      : Resolving eureka endpoints via configuration
2026-08-29T22:22:05.521+05:30  INFO 37932 --- [bmp-salon-service] [rap-executor-%d] c.n.d.s.r.aws.ConfigClusterResolver      : Resolving eureka endpoints via configuration
2026-08-29T22:27:05.530+05:30  INFO 37932 --- [bmp-salon-service] [rap-executor-%d] c.n.d.s.r.aws.ConfigClusterResolver      : Resolving eureka endpoints via configuration
2026-08-29T22:32:05.532+05:30  INFO 37932 --- [bmp-salon-service] [rap-executor-%d] c.n.d.s.r.aws.ConfigClusterResolver      : Resolving eureka endpoints via configuration
2026-08-29T22:37:05.540+05:30  INFO 37932 --- [bmp-salon-service] [rap-executor-%d] c.n.d.s.r.aws.ConfigClusterResolver      : Resolving eureka endpoints via configuration
2026-08-29T22:42:05.550+05:30  INFO 37932 --- [bmp-salon-service] [rap-executor-%d] c.n.d.s.r.aws.ConfigClusterResolver      : Resolving eureka endpoints via configuration
2026-08-29T22:47:05.567+05:30  INFO 37932 --- [bmp-salon-service] [rap-executor-%d] c.n.d.s.r.aws.ConfigClusterResolver      : Resolving eureka endpoints via configuration
2026-08-29T22:52:05.574+05:30  INFO 37932 --- [bmp-salon-service] [rap-executor-%d] c.n.d.s.r.aws.ConfigClusterResolver      : Resolving eureka endpoints via configuration
2026-08-29T22:57:05.578+05:30  INFO 37932 --- [bmp-salon-service] [rap-executor-%d] c.n.d.s.r.aws.ConfigClusterResolver      : Resolving eureka endpoints via configuration
2026-08-29T23:02:05.588+05:30  INFO 37932 --- [bmp-salon-service] [rap-executor-%d] c.n.d.s.r.aws.ConfigClusterResolver      : Resolving eureka endpoints via configuration
2026-08-29T23:07:05.595+05:30  INFO 37932 --- [bmp-salon-service] [rap-executor-%d] c.n.d.s.r.aws.ConfigClusterResolver      : Resolving eureka endpoints via configuration
2026-08-29T23:12:05.610+05:30  INFO 37932 --- [bmp-salon-service] [rap-executor-%d] c.n.d.s.r.aws.ConfigClusterResolver      : Resolving eureka endpoints via configuration
2026-08-29T23:17:05.616+05:30  INFO 37932 --- [bmp-salon-service] [rap-executor-%d] c.n.d.s.r.aws.ConfigClusterResolver      : Resolving eureka endpoints via configuration
2026-08-29T23:22:05.625+05:30  INFO 37932 --- [bmp-salon-service] [rap-executor-%d] c.n.d.s.r.aws.ConfigClusterResolver      : Resolving eureka endpoints via configuration
2026-08-29T23:27:05.635+05:30  INFO 37932 --- [bmp-salon-service] [rap-executor-%d] c.n.d.s.r.aws.ConfigClusterResolver      : Resolving eureka endpoints via configuration
2026-08-29T23:32:05.646+05:30  INFO 37932 --- [bmp-salon-service] [rap-executor-%d] c.n.d.s.r.aws.ConfigClusterResolver      : Resolving eureka endpoints via configuration
2026-08-29T23:37:05.652+05:30  INFO 37932 --- [bmp-salon-service] [rap-executor-%d] c.n.d.s.r.aws.ConfigClusterResolver      : Resolving eureka endpoints via configuration
2026-08-29T23:42:05.667+05:30  INFO 37932 --- [bmp-salon-service] [rap-executor-%d] c.n.d.s.r.aws.ConfigClusterResolver      : Resolving eureka endpoints via configuration
2026-08-29T23:47:05.674+05:30  INFO 37932 --- [bmp-salon-service] [rap-executor-%d] c.n.d.s.r.aws.ConfigClusterResolver      : Resolving eureka endpoints via configuration
2026-08-30T00:04:38.070+05:30  INFO 37932 --- [bmp-salon-service] [95-5d0a501cd2ab] org.apache.kafka.clients.NetworkClient   : [Consumer clientId=consumer-anonymous.dec1003b-caff-4343-8a95-5d0a501cd2ab-2, groupId=anonymous.dec1003b-caff-4343-8a95-5d0a501cd2ab] Node 1 disconnected.
2026-08-30T00:04:38.240+05:30  INFO 37932 --- [bmp-salon-service] [95-5d0a501cd2ab] org.apache.kafka.clients.NetworkClient   : [Consumer clientId=consumer-anonymous.dec1003b-caff-4343-8a95-5d0a501cd2ab-2, groupId=anonymous.dec1003b-caff-4343-8a95-5d0a501cd2ab] Cancelled in-flight FETCH request with correlation id 83385 due to node 1 being disconnected (elapsed time since creation: 827111ms, elapsed time since send: 827111ms, throttle time: 0ms, request timeout: 30000ms)
2026-08-30T00:04:38.241+05:30  INFO 37932 --- [bmp-salon-service] [95-5d0a501cd2ab] org.apache.kafka.clients.NetworkClient   : [Consumer clientId=consumer-anonymous.dec1003b-caff-4343-8a95-5d0a501cd2ab-2, groupId=anonymous.dec1003b-caff-4343-8a95-5d0a501cd2ab] Cancelled in-flight METADATA request with correlation id 83387 due to node 1 being disconnected (elapsed time since creation: 1553ms, elapsed time since send: 1553ms, throttle time: 0ms, request timeout: 30000ms)
2026-08-30T00:04:38.310+05:30  INFO 37932 --- [bmp-salon-service] [95-5d0a501cd2ab] org.apache.kafka.clients.NetworkClient   : [Consumer clientId=consumer-anonymous.dec1003b-caff-4343-8a95-5d0a501cd2ab-2, groupId=anonymous.dec1003b-caff-4343-8a95-5d0a501cd2ab] Disconnecting from node 2147483646 due to request timeout.
2026-08-30T00:04:38.310+05:30  INFO 37932 --- [bmp-salon-service] [95-5d0a501cd2ab] org.apache.kafka.clients.NetworkClient   : [Consumer clientId=consumer-anonymous.dec1003b-caff-4343-8a95-5d0a501cd2ab-2, groupId=anonymous.dec1003b-caff-4343-8a95-5d0a501cd2ab] Cancelled in-flight HEARTBEAT request with correlation id 83386 due to node 2147483646 being disconnected (elapsed time since creation: 825323ms, elapsed time since send: 825323ms, throttle time: 0ms, request timeout: 30000ms)
2026-08-30T00:04:38.348+05:30  INFO 37932 --- [bmp-salon-service] [95-5d0a501cd2ab] o.a.kafka.clients.FetchSessionHandler    : [Consumer clientId=consumer-anonymous.dec1003b-caff-4343-8a95-5d0a501cd2ab-2, groupId=anonymous.dec1003b-caff-4343-8a95-5d0a501cd2ab] Error sending fetch request (sessionId=1575248230, epoch=17466) to node 1:

org.apache.kafka.common.errors.DisconnectException: null

2026-08-30T00:04:38.462+05:30  INFO 37932 --- [bmp-salon-service] [95-5d0a501cd2ab] o.a.k.c.c.internals.ConsumerCoordinator  : [Consumer clientId=consumer-anonymous.dec1003b-caff-4343-8a95-5d0a501cd2ab-2, groupId=anonymous.dec1003b-caff-4343-8a95-5d0a501cd2ab] Group coordinator localhost:9092 (id: 2147483646 rack: null) is unavailable or invalid due to cause: null. isDisconnected: true. Rediscovery will be attempted.
2026-08-30T00:04:41.288+05:30  INFO 37932 --- [bmp-salon-service] [container-0-C-1] o.a.k.c.c.internals.ConsumerCoordinator  : [Consumer clientId=consumer-anonymous.dec1003b-caff-4343-8a95-5d0a501cd2ab-2, groupId=anonymous.dec1003b-caff-4343-8a95-5d0a501cd2ab] Discovered group coordinator localhost:9092 (id: 2147483646 rack: null)
2026-08-30T00:04:41.870+05:30  WARN 37932 --- [bmp-salon-service] [l-1 housekeeper] com.zaxxer.hikari.pool.HikariPool        : HikariPool-1 - Thread starvation or clock leap detected (housekeeper delta=14m13s707ms908µs701ns).
2026-08-30T00:04:47.398+05:30  INFO 37932 --- [bmp-salon-service] [vice-producer-1] org.apache.kafka.clients.NetworkClient   : [Producer clientId=bmp-salon-service-producer-1] Node 1 disconnected.
2026-08-30T00:05:32.592+05:30  INFO 37932 --- [bmp-salon-service] [pool-3-thread-1] org.apache.kafka.clients.NetworkClient   : [Consumer clientId=consumer-anonymous.dec1003b-caff-4343-8a95-5d0a501cd2ab-3, groupId=anonymous.dec1003b-caff-4343-8a95-5d0a501cd2ab] Node 2147483646 disconnected.
2026-08-30T00:05:32.599+05:30  INFO 37932 --- [bmp-salon-service] [pool-3-thread-1] o.a.k.c.c.internals.ConsumerCoordinator  : [Consumer clientId=consumer-anonymous.dec1003b-caff-4343-8a95-5d0a501cd2ab-3, groupId=anonymous.dec1003b-caff-4343-8a95-5d0a501cd2ab] Group coordinator localhost:9092 (id: 2147483646 rack: null) is unavailable or invalid due to cause: coordinator unavailable. isDisconnected: true. Rediscovery will be attempted.
2026-08-30T00:05:32.605+05:30  INFO 37932 --- [bmp-salon-service] [pool-3-thread-1] o.a.k.c.c.internals.ConsumerCoordinator  : [Consumer clientId=consumer-anonymous.dec1003b-caff-4343-8a95-5d0a501cd2ab-3, groupId=anonymous.dec1003b-caff-4343-8a95-5d0a501cd2ab] Discovered group coordinator localhost:9092 (id: 2147483646 rack: null)
2026-08-30T00:05:32.605+05:30  INFO 37932 --- [bmp-salon-service] [pool-3-thread-1] o.a.k.c.c.internals.ConsumerCoordinator  : [Consumer clientId=consumer-anonymous.dec1003b-caff-4343-8a95-5d0a501cd2ab-3, groupId=anonymous.dec1003b-caff-4343-8a95-5d0a501cd2ab] Group coordinator localhost:9092 (id: 2147483646 rack: null) is unavailable or invalid due to cause: coordinator unavailable. isDisconnected: false. Rediscovery will be attempted.
2026-08-30T00:05:32.605+05:30  INFO 37932 --- [bmp-salon-service] [pool-3-thread-1] o.a.k.c.c.internals.ConsumerCoordinator  : [Consumer clientId=consumer-anonymous.dec1003b-caff-4343-8a95-5d0a501cd2ab-3, groupId=anonymous.dec1003b-caff-4343-8a95-5d0a501cd2ab] Requesting disconnect from last known coordinator localhost:9092 (id: 2147483646 rack: null)
2026-08-30T00:05:32.711+05:30  INFO 37932 --- [bmp-salon-service] [pool-3-thread-1] o.a.k.c.c.internals.ConsumerCoordinator  : [Consumer clientId=consumer-anonymous.dec1003b-caff-4343-8a95-5d0a501cd2ab-3, groupId=anonymous.dec1003b-caff-4343-8a95-5d0a501cd2ab] Discovered group coordinator localhost:9092 (id: 2147483646 rack: null)
2026-08-30T00:05:48.167+05:30  INFO 37932 --- [bmp-salon-service] [rap-executor-%d] c.n.d.s.r.aws.ConfigClusterResolver      : Resolving eureka endpoints via configuration
2026-08-30T00:10:48.175+05:30  INFO 37932 --- [bmp-salon-service] [rap-executor-%d] c.n.d.s.r.aws.ConfigClusterResolver      : Resolving eureka endpoints via configuration
2026-08-30T00:15:48.180+05:30  INFO 37932 --- [bmp-salon-service] [rap-executor-%d] c.n.d.s.r.aws.ConfigClusterResolver      : Resolving eureka endpoints via configuration
2026-08-30T00:20:48.186+05:30  INFO 37932 --- [bmp-salon-service] [rap-executor-%d] c.n.d.s.r.aws.ConfigClusterResolver      : Resolving eureka endpoints via configuration
2026-08-30T00:22:37.069+05:30  WARN 37932 --- [bmp-salon-service] [l-1 housekeeper] com.zaxxer.hikari.pool.HikariPool        : HikariPool-1 - Thread starvation or clock leap detected (housekeeper delta=54s994ms656µs700ns).
2026-08-30T00:26:13.045+05:30  INFO 37932 --- [bmp-salon-service] [rap-executor-%d] c.n.d.s.r.aws.ConfigClusterResolver      : Resolving eureka endpoints via configuration
2026-08-30T00:31:13.062+05:30  INFO 37932 --- [bmp-salon-service] [rap-executor-%d] c.n.d.s.r.aws.ConfigClusterResolver      : Resolving eureka endpoints via configuration
2026-08-30T00:36:13.065+05:30  INFO 37932 --- [bmp-salon-service] [rap-executor-%d] c.n.d.s.r.aws.ConfigClusterResolver      : Resolving eureka endpoints via configuration
2026-08-30T00:40:35.636+05:30  INFO 37932 --- [bmp-salon-service] [container-0-C-1] org.apache.kafka.clients.NetworkClient   : [Consumer clientId=consumer-anonymous.dec1003b-caff-4343-8a95-5d0a501cd2ab-2, groupId=anonymous.dec1003b-caff-4343-8a95-5d0a501cd2ab] Disconnecting from node 1 due to request timeout.
2026-08-30T00:40:35.676+05:30  INFO 37932 --- [bmp-salon-service] [container-0-C-1] org.apache.kafka.clients.NetworkClient   : [Consumer clientId=consumer-anonymous.dec1003b-caff-4343-8a95-5d0a501cd2ab-2, groupId=anonymous.dec1003b-caff-4343-8a95-5d0a501cd2ab] Cancelled in-flight FETCH request with correlation id 88025 due to node 1 being disconnected (elapsed time since creation: 126336ms, elapsed time since send: 126336ms, throttle time: 0ms, request timeout: 30000ms)
2026-08-30T00:40:35.684+05:30  INFO 37932 --- [bmp-salon-service] [container-0-C-1] o.a.kafka.clients.FetchSessionHandler    : [Consumer clientId=consumer-anonymous.dec1003b-caff-4343-8a95-5d0a501cd2ab-2, groupId=anonymous.dec1003b-caff-4343-8a95-5d0a501cd2ab] Error sending fetch request (sessionId=914009818, epoch=3952) to node 1:

org.apache.kafka.common.errors.DisconnectException: null

2026-08-30T00:40:35.734+05:30  INFO 37932 --- [bmp-salon-service] [95-5d0a501cd2ab] o.a.k.c.c.internals.ConsumerCoordinator  : [Consumer clientId=consumer-anonymous.dec1003b-caff-4343-8a95-5d0a501cd2ab-2, groupId=anonymous.dec1003b-caff-4343-8a95-5d0a501cd2ab] Group coordinator localhost:9092 (id: 2147483646 rack: null) is unavailable or invalid due to cause: session timed out without receiving a heartbeat response. isDisconnected: false. Rediscovery will be attempted.
2026-08-30T00:40:35.823+05:30  INFO 37932 --- [bmp-salon-service] [95-5d0a501cd2ab] o.a.k.c.c.internals.ConsumerCoordinator  : [Consumer clientId=consumer-anonymous.dec1003b-caff-4343-8a95-5d0a501cd2ab-2, groupId=anonymous.dec1003b-caff-4343-8a95-5d0a501cd2ab] Requesting disconnect from last known coordinator localhost:9092 (id: 2147483646 rack: null)
2026-08-30T00:40:35.824+05:30  INFO 37932 --- [bmp-salon-service] [95-5d0a501cd2ab] org.apache.kafka.clients.NetworkClient   : [Consumer clientId=consumer-anonymous.dec1003b-caff-4343-8a95-5d0a501cd2ab-2, groupId=anonymous.dec1003b-caff-4343-8a95-5d0a501cd2ab] Client requested disconnect from node 2147483646
2026-08-30T00:40:36.699+05:30  INFO 37932 --- [bmp-salon-service] [container-0-C-1] o.a.k.c.c.internals.ConsumerCoordinator  : [Consumer clientId=consumer-anonymous.dec1003b-caff-4343-8a95-5d0a501cd2ab-2, groupId=anonymous.dec1003b-caff-4343-8a95-5d0a501cd2ab] Discovered group coordinator localhost:9092 (id: 2147483646 rack: null)
2026-08-30T00:40:41.227+05:30  WARN 37932 --- [bmp-salon-service] [l-1 housekeeper] com.zaxxer.hikari.pool.HikariPool        : HikariPool-1 - Thread starvation or clock leap detected (housekeeper delta=2m33s902ms227µs101ns).
2026-08-30T00:43:16.844+05:30  INFO 37932 --- [bmp-salon-service] [rap-executor-%d] c.n.d.s.r.aws.ConfigClusterResolver      : Resolving eureka endpoints via configuration
2026-08-30T00:48:16.848+05:30  INFO 37932 --- [bmp-salon-service] [rap-executor-%d] c.n.d.s.r.aws.ConfigClusterResolver      : Resolving eureka endpoints via configuration
2026-08-30T00:53:16.855+05:30  INFO 37932 --- [bmp-salon-service] [rap-executor-%d] c.n.d.s.r.aws.ConfigClusterResolver      : Resolving eureka endpoints via configuration
2026-08-30T00:58:16.864+05:30  INFO 37932 --- [bmp-salon-service] [rap-executor-%d] c.n.d.s.r.aws.ConfigClusterResolver      : Resolving eureka endpoints via configuration
2026-08-30T01:03:16.878+05:30  INFO 37932 --- [bmp-salon-service] [rap-executor-%d] c.n.d.s.r.aws.ConfigClusterResolver      : Resolving eureka endpoints via configuration
2026-08-30T01:08:16.883+05:30  INFO 37932 --- [bmp-salon-service] [rap-executor-%d] c.n.d.s.r.aws.ConfigClusterResolver      : Resolving eureka endpoints via configuration
2026-08-30T01:13:16.889+05:30  INFO 37932 --- [bmp-salon-service] [rap-executor-%d] c.n.d.s.r.aws.ConfigClusterResolver      : Resolving eureka endpoints via configuration
2026-08-30T04:15:48.669+05:30  INFO 37932 --- [bmp-salon-service] [container-0-C-1] org.apache.kafka.clients.NetworkClient   : [Consumer clientId=consumer-anonymous.dec1003b-caff-4343-8a95-5d0a501cd2ab-2, groupId=anonymous.dec1003b-caff-4343-8a95-5d0a501cd2ab] Node 2147483646 disconnected.
2026-08-30T04:15:48.690+05:30  INFO 37932 --- [bmp-salon-service] [container-0-C-1] org.apache.kafka.clients.NetworkClient   : [Consumer clientId=consumer-anonymous.dec1003b-caff-4343-8a95-5d0a501cd2ab-2, groupId=anonymous.dec1003b-caff-4343-8a95-5d0a501cd2ab] Disconnecting from node 1 due to request timeout.
2026-08-30T04:15:48.693+05:30  INFO 37932 --- [bmp-salon-service] [container-0-C-1] org.apache.kafka.clients.NetworkClient   : [Consumer clientId=consumer-anonymous.dec1003b-caff-4343-8a95-5d0a501cd2ab-2, groupId=anonymous.dec1003b-caff-4343-8a95-5d0a501cd2ab] Cancelled in-flight FETCH request with correlation id 92877 due to node 1 being disconnected (elapsed time since creation: 10802501ms, elapsed time since send: 10802501ms, throttle time: 0ms, request timeout: 30000ms)
2026-08-30T04:15:48.695+05:30  INFO 37932 --- [bmp-salon-service] [container-0-C-1] o.a.kafka.clients.FetchSessionHandler    : [Consumer clientId=consumer-anonymous.dec1003b-caff-4343-8a95-5d0a501cd2ab-2, groupId=anonymous.dec1003b-caff-4343-8a95-5d0a501cd2ab] Error sending fetch request (sessionId=1553637862, epoch=4130) to node 1:

org.apache.kafka.common.errors.DisconnectException: null

2026-08-30T04:15:48.909+05:30  INFO 37932 --- [bmp-salon-service] [95-5d0a501cd2ab] o.a.k.c.c.internals.ConsumerCoordinator  : [Consumer clientId=consumer-anonymous.dec1003b-caff-4343-8a95-5d0a501cd2ab-2, groupId=anonymous.dec1003b-caff-4343-8a95-5d0a501cd2ab] Group coordinator localhost:9092 (id: 2147483646 rack: null) is unavailable or invalid due to cause: session timed out without receiving a heartbeat response. isDisconnected: false. Rediscovery will be attempted.
2026-08-30T04:15:48.910+05:30  INFO 37932 --- [bmp-salon-service] [95-5d0a501cd2ab] o.a.k.c.c.internals.ConsumerCoordinator  : [Consumer clientId=consumer-anonymous.dec1003b-caff-4343-8a95-5d0a501cd2ab-2, groupId=anonymous.dec1003b-caff-4343-8a95-5d0a501cd2ab] Requesting disconnect from last known coordinator localhost:9092 (id: 2147483646 rack: null)
2026-08-30T04:15:50.631+05:30  INFO 37932 --- [bmp-salon-service] [vice-producer-1] org.apache.kafka.clients.NetworkClient   : [Producer clientId=bmp-salon-service-producer-1] Node 1 disconnected.
2026-08-30T04:15:51.449+05:30  INFO 37932 --- [bmp-salon-service] [container-0-C-1] o.a.k.c.c.internals.ConsumerCoordinator  : [Consumer clientId=consumer-anonymous.dec1003b-caff-4343-8a95-5d0a501cd2ab-2, groupId=anonymous.dec1003b-caff-4343-8a95-5d0a501cd2ab] Discovered group coordinator localhost:9092 (id: 2147483646 rack: null)
2026-08-30T04:16:01.763+05:30  INFO 37932 --- [bmp-salon-service] [pool-3-thread-1] org.apache.kafka.clients.NetworkClient   : [Consumer clientId=consumer-anonymous.dec1003b-caff-4343-8a95-5d0a501cd2ab-3, groupId=anonymous.dec1003b-caff-4343-8a95-5d0a501cd2ab] Node 2147483646 disconnected.
2026-08-30T11:51:25.135+05:30  INFO 37932 --- [bmp-salon-service] [pool-3-thread-1] org.apache.kafka.clients.NetworkClient   : [Consumer clientId=consumer-anonymous.dec1003b-caff-4343-8a95-5d0a501cd2ab-3, groupId=anonymous.dec1003b-caff-4343-8a95-5d0a501cd2ab] Node 1 disconnected.
2026-08-30T11:51:25.136+05:30  INFO 37932 --- [bmp-salon-service] [pool-3-thread-1] org.apache.kafka.clients.NetworkClient   : [Consumer clientId=consumer-anonymous.dec1003b-caff-4343-8a95-5d0a501cd2ab-3, groupId=anonymous.dec1003b-caff-4343-8a95-5d0a501cd2ab] Cancelled in-flight METADATA request with correlation id 2322 due to node 1 being disconnected (elapsed time since creation: 27323378ms, elapsed time since send: 27323378ms, throttle time: 0ms, request timeout: 30000ms)
2026-08-30T11:51:25.138+05:30  INFO 37932 --- [bmp-salon-service] [container-0-C-1] org.apache.kafka.clients.NetworkClient   : [Consumer clientId=consumer-anonymous.dec1003b-caff-4343-8a95-5d0a501cd2ab-2, groupId=anonymous.dec1003b-caff-4343-8a95-5d0a501cd2ab] Node 2147483646 disconnected.
2026-08-30T11:51:25.138+05:30  INFO 37932 --- [bmp-salon-service] [pool-3-thread-1] org.apache.kafka.clients.NetworkClient   : [Consumer clientId=consumer-anonymous.dec1003b-caff-4343-8a95-5d0a501cd2ab-3, groupId=anonymous.dec1003b-caff-4343-8a95-5d0a501cd2ab] Cancelled in-flight LIST_OFFSETS request with correlation id 2321 due to node 1 being disconnected (elapsed time since creation: 27323378ms, elapsed time since send: 27323372ms, throttle time: 0ms, request timeout: 30000ms)
2026-08-30T11:51:25.139+05:30  INFO 37932 --- [bmp-salon-service] [container-0-C-1] org.apache.kafka.clients.NetworkClient   : [Consumer clientId=consumer-anonymous.dec1003b-caff-4343-8a95-5d0a501cd2ab-2, groupId=anonymous.dec1003b-caff-4343-8a95-5d0a501cd2ab] Disconnecting from node 1 due to request timeout.
2026-08-30T11:51:25.236+05:30  INFO 37932 --- [bmp-salon-service] [container-0-C-1] org.apache.kafka.clients.NetworkClient   : [Consumer clientId=consumer-anonymous.dec1003b-caff-4343-8a95-5d0a501cd2ab-2, groupId=anonymous.dec1003b-caff-4343-8a95-5d0a501cd2ab] Cancelled in-flight FETCH request with correlation id 92900 due to node 1 being disconnected (elapsed time since creation: 27324031ms, elapsed time since send: 27324031ms, throttle time: 0ms, request timeout: 30000ms)
2026-08-30T11:51:25.240+05:30  INFO 37932 --- [bmp-salon-service] [95-5d0a501cd2ab] o.a.k.c.c.internals.ConsumerCoordinator  : [Consumer clientId=consumer-anonymous.dec1003b-caff-4343-8a95-5d0a501cd2ab-2, groupId=anonymous.dec1003b-caff-4343-8a95-5d0a501cd2ab] Group coordinator localhost:9092 (id: 2147483646 rack: null) is unavailable or invalid due to cause: session timed out without receiving a heartbeat response. isDisconnected: false. Rediscovery will be attempted.
2026-08-30T11:51:25.241+05:30  INFO 37932 --- [bmp-salon-service] [95-5d0a501cd2ab] o.a.k.c.c.internals.ConsumerCoordinator  : [Consumer clientId=consumer-anonymous.dec1003b-caff-4343-8a95-5d0a501cd2ab-2, groupId=anonymous.dec1003b-caff-4343-8a95-5d0a501cd2ab] Requesting disconnect from last known coordinator localhost:9092 (id: 2147483646 rack: null)
2026-08-30T11:51:25.241+05:30  INFO 37932 --- [bmp-salon-service] [container-0-C-1] o.a.kafka.clients.FetchSessionHandler    : [Consumer clientId=consumer-anonymous.dec1003b-caff-4343-8a95-5d0a501cd2ab-2, groupId=anonymous.dec1003b-caff-4343-8a95-5d0a501cd2ab] Error sending fetch request (sessionId=669201385, epoch=13) to node 1:

org.apache.kafka.common.errors.DisconnectException: null

2026-08-30T11:51:27.250+05:30  INFO 37932 --- [bmp-salon-service] [container-0-C-1] o.a.k.c.c.internals.ConsumerCoordinator  : [Consumer clientId=consumer-anonymous.dec1003b-caff-4343-8a95-5d0a501cd2ab-2, groupId=anonymous.dec1003b-caff-4343-8a95-5d0a501cd2ab] Discovered group coordinator localhost:9092 (id: 2147483646 rack: null)
2026-08-30T11:51:27.255+05:30  INFO 37932 --- [bmp-salon-service] [container-0-C-1] o.a.k.c.c.internals.ConsumerCoordinator  : [Consumer clientId=consumer-anonymous.dec1003b-caff-4343-8a95-5d0a501cd2ab-2, groupId=anonymous.dec1003b-caff-4343-8a95-5d0a501cd2ab] Discovered group coordinator localhost:9092 (id: 2147483646 rack: null)
2026-08-30T11:51:27.288+05:30  INFO 37932 --- [bmp-salon-service] [container-0-C-1] o.a.k.c.c.internals.ConsumerCoordinator  : [Consumer clientId=consumer-anonymous.dec1003b-caff-4343-8a95-5d0a501cd2ab-2, groupId=anonymous.dec1003b-caff-4343-8a95-5d0a501cd2ab] Discovered group coordinator localhost:9092 (id: 2147483646 rack: null)
2026-08-30T11:51:29.459+05:30  WARN 37932 --- [bmp-salon-service] [l-1 housekeeper] com.zaxxer.hikari.pool.HikariPool        : HikariPool-1 - Thread starvation or clock leap detected (housekeeper delta=10h35m50s285ms281µs701ns).
2026-08-30T11:51:42.624+05:30  INFO 37932 --- [bmp-salon-service] [vice-producer-1] org.apache.kafka.clients.NetworkClient   : [Producer clientId=bmp-salon-service-producer-1] Node 1 disconnected.
2026-08-30T11:56:08.009+05:30  WARN 37932 --- [bmp-salon-service] [l-1 housekeeper] com.zaxxer.hikari.pool.HikariPool        : HikariPool-1 - Thread starvation or clock leap detected (housekeeper delta=4m41s14ms270µs500ns).
2026-08-30T11:56:08.046+05:30  INFO 37932 --- [bmp-salon-service] [container-0-C-1] org.apache.kafka.clients.NetworkClient   : [Consumer clientId=consumer-anonymous.dec1003b-caff-4343-8a95-5d0a501cd2ab-2, groupId=anonymous.dec1003b-caff-4343-8a95-5d0a501cd2ab] Disconnecting from node 1 due to request timeout.
2026-08-30T11:56:08.047+05:30  INFO 37932 --- [bmp-salon-service] [container-0-C-1] org.apache.kafka.clients.NetworkClient   : [Consumer clientId=consumer-anonymous.dec1003b-caff-4343-8a95-5d0a501cd2ab-2, groupId=anonymous.dec1003b-caff-4343-8a95-5d0a501cd2ab] Cancelled in-flight FETCH request with correlation id 92964 due to node 1 being disconnected (elapsed time since creation: 252176ms, elapsed time since send: 252176ms, throttle time: 0ms, request timeout: 30000ms)
2026-08-30T11:56:08.048+05:30  INFO 37932 --- [bmp-salon-service] [container-0-C-1] org.apache.kafka.clients.NetworkClient   : [Consumer clientId=consumer-anonymous.dec1003b-caff-4343-8a95-5d0a501cd2ab-2, groupId=anonymous.dec1003b-caff-4343-8a95-5d0a501cd2ab] Disconnecting from node 2147483646 due to request timeout.
2026-08-30T11:56:08.049+05:30  INFO 37932 --- [bmp-salon-service] [container-0-C-1] org.apache.kafka.clients.NetworkClient   : [Consumer clientId=consumer-anonymous.dec1003b-caff-4343-8a95-5d0a501cd2ab-2, groupId=anonymous.dec1003b-caff-4343-8a95-5d0a501cd2ab] Cancelled in-flight HEARTBEAT request with correlation id 92965 due to node 2147483646 being disconnected (elapsed time since creation: 251555ms, elapsed time since send: 251555ms, throttle time: 0ms, request timeout: 30000ms)
2026-08-30T11:56:08.051+05:30  INFO 37932 --- [bmp-salon-service] [95-5d0a501cd2ab] o.a.k.c.c.internals.ConsumerCoordinator  : [Consumer clientId=consumer-anonymous.dec1003b-caff-4343-8a95-5d0a501cd2ab-2, groupId=anonymous.dec1003b-caff-4343-8a95-5d0a501cd2ab] Group coordinator localhost:9092 (id: 2147483646 rack: null) is unavailable or invalid due to cause: null. isDisconnected: true. Rediscovery will be attempted.
2026-08-30T11:56:08.049+05:30  INFO 37932 --- [bmp-salon-service] [container-0-C-1] o.a.kafka.clients.FetchSessionHandler    : [Consumer clientId=consumer-anonymous.dec1003b-caff-4343-8a95-5d0a501cd2ab-2, groupId=anonymous.dec1003b-caff-4343-8a95-5d0a501cd2ab] Error sending fetch request (sessionId=1351904189, epoch=47) to node 1:

org.apache.kafka.common.errors.DisconnectException: null

2026-08-30T11:56:09.017+05:30  INFO 37932 --- [bmp-salon-service] [container-0-C-1] o.a.k.c.c.internals.ConsumerCoordinator  : [Consumer clientId=consumer-anonymous.dec1003b-caff-4343-8a95-5d0a501cd2ab-2, groupId=anonymous.dec1003b-caff-4343-8a95-5d0a501cd2ab] Discovered group coordinator localhost:9092 (id: 2147483646 rack: null)
2026-08-30T11:57:42.923+05:30  INFO 37932 --- [bmp-salon-service] [rap-executor-%d] c.n.d.s.r.aws.ConfigClusterResolver      : Resolving eureka endpoints via configuration
2026-08-30T12:02:42.938+05:30  INFO 37932 --- [bmp-salon-service] [rap-executor-%d] c.n.d.s.r.aws.ConfigClusterResolver      : Resolving eureka endpoints via configuration
2026-08-30T12:07:42.944+05:30  INFO 37932 --- [bmp-salon-service] [rap-executor-%d] c.n.d.s.r.aws.ConfigClusterResolver      : Resolving eureka endpoints via configuration
2026-08-30T12:12:42.965+05:30  INFO 37932 --- [bmp-salon-service] [rap-executor-%d] c.n.d.s.r.aws.ConfigClusterResolver      : Resolving eureka endpoints via configuration
2026-08-30T12:17:42.999+05:30  INFO 37932 --- [bmp-salon-service] [rap-executor-%d] c.n.d.s.r.aws.ConfigClusterResolver      : Resolving eureka endpoints via configuration
2026-08-30T12:22:43.012+05:30  INFO 37932 --- [bmp-salon-service] [rap-executor-%d] c.n.d.s.r.aws.ConfigClusterResolver      : Resolving eureka endpoints via configuration
2026-08-30T12:27:43.026+05:30  INFO 37932 --- [bmp-salon-service] [rap-executor-%d] c.n.d.s.r.aws.ConfigClusterResolver      : Resolving eureka endpoints via configuration
2026-08-30T12:32:43.039+05:30  INFO 37932 --- [bmp-salon-service] [rap-executor-%d] c.n.d.s.r.aws.ConfigClusterResolver      : Resolving eureka endpoints via configuration
2026-08-30T12:37:43.055+05:30  INFO 37932 --- [bmp-salon-service] [rap-executor-%d] c.n.d.s.r.aws.ConfigClusterResolver      : Resolving eureka endpoints via configuration
2026-08-30T12:42:43.063+05:30  INFO 37932 --- [bmp-salon-service] [rap-executor-%d] c.n.d.s.r.aws.ConfigClusterResolver      : Resolving eureka endpoints via configuration
2026-08-30T12:47:43.080+05:30  INFO 37932 --- [bmp-salon-service] [rap-executor-%d] c.n.d.s.r.aws.ConfigClusterResolver      : Resolving eureka endpoints via configuration
2026-08-30T12:52:43.091+05:30  INFO 37932 --- [bmp-salon-service] [rap-executor-%d] c.n.d.s.r.aws.ConfigClusterResolver      : Resolving eureka endpoints via configuration
2026-08-30T12:57:43.112+05:30  INFO 37932 --- [bmp-salon-service] [rap-executor-%d] c.n.d.s.r.aws.ConfigClusterResolver      : Resolving eureka endpoints via configuration
2026-08-30T13:02:43.136+05:30  INFO 37932 --- [bmp-salon-service] [rap-executor-%d] c.n.d.s.r.aws.ConfigClusterResolver      : Resolving eureka endpoints via configuration
2026-08-30T13:07:43.144+05:30  INFO 37932 --- [bmp-salon-service] [rap-executor-%d] c.n.d.s.r.aws.ConfigClusterResolver      : Resolving eureka endpoints via configuration
2026-08-30T13:12:43.160+05:30  INFO 37932 --- [bmp-salon-service] [rap-executor-%d] c.n.d.s.r.aws.ConfigClusterResolver      : Resolving eureka endpoints via configuration
2026-08-30T13:17:43.186+05:30  INFO 37932 --- [bmp-salon-service] [rap-executor-%d] c.n.d.s.r.aws.ConfigClusterResolver      : Resolving eureka endpoints via configuration
2026-08-30T13:22:43.190+05:30  INFO 37932 --- [bmp-salon-service] [rap-executor-%d] c.n.d.s.r.aws.ConfigClusterResolver      : Resolving eureka endpoints via configuration
2026-08-30T13:27:43.204+05:30  INFO 37932 --- [bmp-salon-service] [rap-executor-%d] c.n.d.s.r.aws.ConfigClusterResolver      : Resolving eureka endpoints via configuration
2026-08-30T13:32:43.218+05:30  INFO 37932 --- [bmp-salon-service] [rap-executor-%d] c.n.d.s.r.aws.ConfigClusterResolver      : Resolving eureka endpoints via configuration
2026-08-30T13:37:43.223+05:30  INFO 37932 --- [bmp-salon-service] [rap-executor-%d] c.n.d.s.r.aws.ConfigClusterResolver      : Resolving eureka endpoints via configuration
2026-08-30T13:42:43.229+05:30  INFO 37932 --- [bmp-salon-service] [rap-executor-%d] c.n.d.s.r.aws.ConfigClusterResolver      : Resolving eureka endpoints via configuration
2026-08-30T13:47:43.241+05:30  INFO 37932 --- [bmp-salon-service] [rap-executor-%d] c.n.d.s.r.aws.ConfigClusterResolver      : Resolving eureka endpoints via configuration
2026-08-30T13:52:43.243+05:30  INFO 37932 --- [bmp-salon-service] [rap-executor-%d] c.n.d.s.r.aws.ConfigClusterResolver      : Resolving eureka endpoints via configuration
2026-08-30T13:57:43.248+05:30  INFO 37932 --- [bmp-salon-service] [rap-executor-%d] c.n.d.s.r.aws.ConfigClusterResolver      : Resolving eureka endpoints via configuration
2026-08-30T14:02:43.254+05:30  INFO 37932 --- [bmp-salon-service] [rap-executor-%d] c.n.d.s.r.aws.ConfigClusterResolver      : Resolving eureka endpoints via configuration
2026-08-30T14:07:43.270+05:30  INFO 37932 --- [bmp-salon-service] [rap-executor-%d] c.n.d.s.r.aws.ConfigClusterResolver      : Resolving eureka endpoints via configuration
2026-08-30T14:12:43.285+05:30  INFO 37932 --- [bmp-salon-service] [rap-executor-%d] c.n.d.s.r.aws.ConfigClusterResolver      : Resolving eureka endpoints via configuration
2026-08-30T14:17:43.311+05:30  INFO 37932 --- [bmp-salon-service] [rap-executor-%d] c.n.d.s.r.aws.ConfigClusterResolver      : Resolving eureka endpoints via configuration
2026-08-30T14:22:43.317+05:30  INFO 37932 --- [bmp-salon-service] [rap-executor-%d] c.n.d.s.r.aws.ConfigClusterResolver      : Resolving eureka endpoints via configuration
2026-08-30T14:27:43.321+05:30  INFO 37932 --- [bmp-salon-service] [rap-executor-%d] c.n.d.s.r.aws.ConfigClusterResolver      : Resolving eureka endpoints via configuration
2026-08-30T14:32:43.329+05:30  INFO 37932 --- [bmp-salon-service] [rap-executor-%d] c.n.d.s.r.aws.ConfigClusterResolver      : Resolving eureka endpoints via configuration
2026-08-30T14:37:43.341+05:30  INFO 37932 --- [bmp-salon-service] [rap-executor-%d] c.n.d.s.r.aws.ConfigClusterResolver      : Resolving eureka endpoints via configuration
2026-08-30T17:42:16.150+05:30  INFO 37932 --- [bmp-salon-service] [95-5d0a501cd2ab] o.a.k.c.c.internals.ConsumerCoordinator  : [Consumer clientId=consumer-anonymous.dec1003b-caff-4343-8a95-5d0a501cd2ab-2, groupId=anonymous.dec1003b-caff-4343-8a95-5d0a501cd2ab] Group coordinator localhost:9092 (id: 2147483646 rack: null) is unavailable or invalid due to cause: session timed out without receiving a heartbeat response. isDisconnected: false. Rediscovery will be attempted.
2026-08-30T17:42:16.150+05:30  INFO 37932 --- [bmp-salon-service] [95-5d0a501cd2ab] o.a.k.c.c.internals.ConsumerCoordinator  : [Consumer clientId=consumer-anonymous.dec1003b-caff-4343-8a95-5d0a501cd2ab-2, groupId=anonymous.dec1003b-caff-4343-8a95-5d0a501cd2ab] Requesting disconnect from last known coordinator localhost:9092 (id: 2147483646 rack: null)
2026-08-30T17:42:16.151+05:30  INFO 37932 --- [bmp-salon-service] [95-5d0a501cd2ab] org.apache.kafka.clients.NetworkClient   : [Consumer clientId=consumer-anonymous.dec1003b-caff-4343-8a95-5d0a501cd2ab-2, groupId=anonymous.dec1003b-caff-4343-8a95-5d0a501cd2ab] Client requested disconnect from node 2147483646
2026-08-30T17:42:16.343+05:30  INFO 37932 --- [bmp-salon-service] [95-5d0a501cd2ab] org.apache.kafka.clients.NetworkClient   : [Consumer clientId=consumer-anonymous.dec1003b-caff-4343-8a95-5d0a501cd2ab-2, groupId=anonymous.dec1003b-caff-4343-8a95-5d0a501cd2ab] Cancelled in-flight HEARTBEAT request with correlation id 115989 due to node 2147483646 being disconnected (elapsed time since creation: 10802615ms, elapsed time since send: 10802615ms, throttle time: 0ms, request timeout: 30000ms)
2026-08-30T17:42:16.663+05:30  INFO 37932 --- [bmp-salon-service] [container-0-C-1] org.apache.kafka.clients.NetworkClient   : [Consumer clientId=consumer-anonymous.dec1003b-caff-4343-8a95-5d0a501cd2ab-2, groupId=anonymous.dec1003b-caff-4343-8a95-5d0a501cd2ab] Node 1 disconnected.
2026-08-30T17:42:21.148+05:30  INFO 37932 --- [bmp-salon-service] [container-0-C-1] org.apache.kafka.clients.NetworkClient   : [Consumer clientId=consumer-anonymous.dec1003b-caff-4343-8a95-5d0a501cd2ab-2, groupId=anonymous.dec1003b-caff-4343-8a95-5d0a501cd2ab] Cancelled in-flight FETCH request with correlation id 115988 due to node 1 being disconnected (elapsed time since creation: 10804247ms, elapsed time since send: 10804247ms, throttle time: 0ms, request timeout: 30000ms)
2026-08-30T17:42:21.150+05:30  INFO 37932 --- [bmp-salon-service] [container-0-C-1] org.apache.kafka.clients.NetworkClient   : [Consumer clientId=consumer-anonymous.dec1003b-caff-4343-8a95-5d0a501cd2ab-2, groupId=anonymous.dec1003b-caff-4343-8a95-5d0a501cd2ab] Cancelled in-flight FIND_COORDINATOR request with correlation id 115990 due to node 1 being disconnected (elapsed time since creation: 10ms, elapsed time since send: 10802092ms, throttle time: 0ms, request timeout: 30000ms)
2026-08-30T17:42:21.166+05:30  INFO 37932 --- [bmp-salon-service] [container-0-C-1] o.a.kafka.clients.FetchSessionHandler    : [Consumer clientId=consumer-anonymous.dec1003b-caff-4343-8a95-5d0a501cd2ab-2, groupId=anonymous.dec1003b-caff-4343-8a95-5d0a501cd2ab] Error sending fetch request (sessionId=59773669, epoch=19639) to node 1:

org.apache.kafka.common.errors.DisconnectException: null

2026-08-30T17:42:21.823+05:30  INFO 37932 --- [bmp-salon-service] [container-0-C-1] o.a.k.c.c.internals.ConsumerCoordinator  : [Consumer clientId=consumer-anonymous.dec1003b-caff-4343-8a95-5d0a501cd2ab-2, groupId=anonymous.dec1003b-caff-4343-8a95-5d0a501cd2ab] Discovered group coordinator localhost:9092 (id: 2147483646 rack: null)
2026-08-31T00:05:55.595+05:30  INFO 37932 --- [bmp-salon-service] [container-0-C-1] org.apache.kafka.clients.NetworkClient   : [Consumer clientId=consumer-anonymous.dec1003b-caff-4343-8a95-5d0a501cd2ab-2, groupId=anonymous.dec1003b-caff-4343-8a95-5d0a501cd2ab] Node 2147483646 disconnected.
2026-08-31T00:05:56.967+05:30  INFO 37932 --- [bmp-salon-service] [container-0-C-1] org.apache.kafka.clients.NetworkClient   : [Consumer clientId=consumer-anonymous.dec1003b-caff-4343-8a95-5d0a501cd2ab-2, groupId=anonymous.dec1003b-caff-4343-8a95-5d0a501cd2ab] Disconnecting from node 1 due to request timeout.
2026-08-31T00:05:56.968+05:30  INFO 37932 --- [bmp-salon-service] [container-0-C-1] org.apache.kafka.clients.NetworkClient   : [Consumer clientId=consumer-anonymous.dec1003b-caff-4343-8a95-5d0a501cd2ab-2, groupId=anonymous.dec1003b-caff-4343-8a95-5d0a501cd2ab] Cancelled in-flight FETCH request with correlation id 116005 due to node 1 being disconnected (elapsed time since creation: 23010724ms, elapsed time since send: 23010724ms, throttle time: 0ms, request timeout: 30000ms)
2026-08-31T00:05:56.968+05:30  INFO 37932 --- [bmp-salon-service] [95-5d0a501cd2ab] o.a.k.c.c.internals.ConsumerCoordinator  : [Consumer clientId=consumer-anonymous.dec1003b-caff-4343-8a95-5d0a501cd2ab-2, groupId=anonymous.dec1003b-caff-4343-8a95-5d0a501cd2ab] Group coordinator localhost:9092 (id: 2147483646 rack: null) is unavailable or invalid due to cause: session timed out without receiving a heartbeat response. isDisconnected: false. Rediscovery will be attempted.
2026-08-31T00:05:56.968+05:30  INFO 37932 --- [bmp-salon-service] [95-5d0a501cd2ab] o.a.k.c.c.internals.ConsumerCoordinator  : [Consumer clientId=consumer-anonymous.dec1003b-caff-4343-8a95-5d0a501cd2ab-2, groupId=anonymous.dec1003b-caff-4343-8a95-5d0a501cd2ab] Requesting disconnect from last known coordinator localhost:9092 (id: 2147483646 rack: null)
2026-08-31T00:05:56.968+05:30  INFO 37932 --- [bmp-salon-service] [container-0-C-1] o.a.kafka.clients.FetchSessionHandler    : [Consumer clientId=consumer-anonymous.dec1003b-caff-4343-8a95-5d0a501cd2ab-2, groupId=anonymous.dec1003b-caff-4343-8a95-5d0a501cd2ab] Error sending fetch request (sessionId=1853090680, epoch=7) to node 1:

org.apache.kafka.common.errors.DisconnectException: null

2026-08-31T00:05:58.486+05:30  INFO 37932 --- [bmp-salon-service] [container-0-C-1] o.a.k.c.c.internals.ConsumerCoordinator  : [Consumer clientId=consumer-anonymous.dec1003b-caff-4343-8a95-5d0a501cd2ab-2, groupId=anonymous.dec1003b-caff-4343-8a95-5d0a501cd2ab] Discovered group coordinator localhost:9092 (id: 2147483646 rack: null)
2026-08-31T00:06:08.183+05:30  INFO 37932 --- [bmp-salon-service] [pool-3-thread-1] org.apache.kafka.clients.NetworkClient   : [Consumer clientId=consumer-anonymous.dec1003b-caff-4343-8a95-5d0a501cd2ab-3, groupId=anonymous.dec1003b-caff-4343-8a95-5d0a501cd2ab] Node 2147483646 disconnected.
2026-08-31T00:06:10.405+05:30  WARN 37932 --- [bmp-salon-service] [l-1 housekeeper] com.zaxxer.hikari.pool.HikariPool        : HikariPool-1 - Thread starvation or clock leap detected (housekeeper delta=9h24m1s754ms427µs200ns).
2026-08-31T00:06:12.042+05:30  INFO 37932 --- [bmp-salon-service] [rap-executor-%d] c.n.d.s.r.aws.ConfigClusterResolver      : Resolving eureka endpoints via configuration
2026-08-31T00:06:12.213+05:30  INFO 37932 --- [bmp-salon-service] [vice-producer-1] org.apache.kafka.clients.NetworkClient   : [Producer clientId=bmp-salon-service-producer-1] Node 1 disconnected.
2026-08-31T00:11:12.140+05:30  INFO 37932 --- [bmp-salon-service] [rap-executor-%d] c.n.d.s.r.aws.ConfigClusterResolver      : Resolving eureka endpoints via configuration
2026-08-31T00:16:12.160+05:30  INFO 37932 --- [bmp-salon-service] [rap-executor-%d] c.n.d.s.r.aws.ConfigClusterResolver      : Resolving eureka endpoints via configuration
2026-08-31T00:21:12.167+05:30  INFO 37932 --- [bmp-salon-service] [rap-executor-%d] c.n.d.s.r.aws.ConfigClusterResolver      : Resolving eureka endpoints via configuration
2026-08-31T00:26:12.175+05:30  INFO 37932 --- [bmp-salon-service] [rap-executor-%d] c.n.d.s.r.aws.ConfigClusterResolver      : Resolving eureka endpoints via configuration
2026-08-31T00:31:12.186+05:30  INFO 37932 --- [bmp-salon-service] [rap-executor-%d] c.n.d.s.r.aws.ConfigClusterResolver      : Resolving eureka endpoints via configuration
2026-08-31T00:36:12.191+05:30  INFO 37932 --- [bmp-salon-service] [rap-executor-%d] c.n.d.s.r.aws.ConfigClusterResolver      : Resolving eureka endpoints via configuration
2026-08-31T00:41:12.201+05:30  INFO 37932 --- [bmp-salon-service] [rap-executor-%d] c.n.d.s.r.aws.ConfigClusterResolver      : Resolving eureka endpoints via configuration
2026-08-31T00:46:12.216+05:30  INFO 37932 --- [bmp-salon-service] [rap-executor-%d] c.n.d.s.r.aws.ConfigClusterResolver      : Resolving eureka endpoints via configuration
2026-08-31T00:51:12.230+05:30  INFO 37932 --- [bmp-salon-service] [rap-executor-%d] c.n.d.s.r.aws.ConfigClusterResolver      : Resolving eureka endpoints via configuration
2026-08-31T03:54:51.946+05:30  INFO 37932 --- [bmp-salon-service] [container-0-C-1] org.apache.kafka.clients.NetworkClient   : [Consumer clientId=consumer-anonymous.dec1003b-caff-4343-8a95-5d0a501cd2ab-2, groupId=anonymous.dec1003b-caff-4343-8a95-5d0a501cd2ab] Node 2147483646 disconnected.
2026-08-31T03:54:52.094+05:30  INFO 37932 --- [bmp-salon-service] [container-0-C-1] org.apache.kafka.clients.NetworkClient   : [Consumer clientId=consumer-anonymous.dec1003b-caff-4343-8a95-5d0a501cd2ab-2, groupId=anonymous.dec1003b-caff-4343-8a95-5d0a501cd2ab] Disconnecting from node 1 due to request timeout.
2026-08-31T03:54:52.155+05:30  INFO 37932 --- [bmp-salon-service] [container-0-C-1] org.apache.kafka.clients.NetworkClient   : [Consumer clientId=consumer-anonymous.dec1003b-caff-4343-8a95-5d0a501cd2ab-2, groupId=anonymous.dec1003b-caff-4343-8a95-5d0a501cd2ab] Cancelled in-flight FETCH request with correlation id 122789 due to node 1 being disconnected (elapsed time since creation: 10803080ms, elapsed time since send: 10803080ms, throttle time: 0ms, request timeout: 30000ms)
2026-08-31T03:54:52.205+05:30  INFO 37932 --- [bmp-salon-service] [95-5d0a501cd2ab] o.a.k.c.c.internals.ConsumerCoordinator  : [Consumer clientId=consumer-anonymous.dec1003b-caff-4343-8a95-5d0a501cd2ab-2, groupId=anonymous.dec1003b-caff-4343-8a95-5d0a501cd2ab] Group coordinator localhost:9092 (id: 2147483646 rack: null) is unavailable or invalid due to cause: session timed out without receiving a heartbeat response. isDisconnected: false. Rediscovery will be attempted.
2026-08-31T03:54:52.205+05:30  INFO 37932 --- [bmp-salon-service] [95-5d0a501cd2ab] o.a.k.c.c.internals.ConsumerCoordinator  : [Consumer clientId=consumer-anonymous.dec1003b-caff-4343-8a95-5d0a501cd2ab-2, groupId=anonymous.dec1003b-caff-4343-8a95-5d0a501cd2ab] Requesting disconnect from last known coordinator localhost:9092 (id: 2147483646 rack: null)
2026-08-31T03:54:52.201+05:30  INFO 37932 --- [bmp-salon-service] [container-0-C-1] o.a.kafka.clients.FetchSessionHandler    : [Consumer clientId=consumer-anonymous.dec1003b-caff-4343-8a95-5d0a501cd2ab-2, groupId=anonymous.dec1003b-caff-4343-8a95-5d0a501cd2ab] Error sending fetch request (sessionId=522081379, epoch=5785) to node 1:

org.apache.kafka.common.errors.DisconnectException: null

2026-08-31T03:54:52.896+05:30  INFO 37932 --- [bmp-salon-service] [container-0-C-1] o.a.k.c.c.internals.ConsumerCoordinator  : [Consumer clientId=consumer-anonymous.dec1003b-caff-4343-8a95-5d0a501cd2ab-2, groupId=anonymous.dec1003b-caff-4343-8a95-5d0a501cd2ab] Discovered group coordinator localhost:9092 (id: 2147483646 rack: null)
2026-08-31T03:54:52.899+05:30  INFO 37932 --- [bmp-salon-service] [container-0-C-1] o.a.k.c.c.internals.ConsumerCoordinator  : [Consumer clientId=consumer-anonymous.dec1003b-caff-4343-8a95-5d0a501cd2ab-2, groupId=anonymous.dec1003b-caff-4343-8a95-5d0a501cd2ab] Discovered group coordinator localhost:9092 (id: 2147483646 rack: null)
2026-08-31T10:17:02.740+05:30  INFO 37932 --- [bmp-salon-service] [95-5d0a501cd2ab] org.apache.kafka.clients.NetworkClient   : [Consumer clientId=consumer-anonymous.dec1003b-caff-4343-8a95-5d0a501cd2ab-2, groupId=anonymous.dec1003b-caff-4343-8a95-5d0a501cd2ab] Node 1 disconnected.
2026-08-31T10:17:02.741+05:30  INFO 37932 --- [bmp-salon-service] [95-5d0a501cd2ab] org.apache.kafka.clients.NetworkClient   : [Consumer clientId=consumer-anonymous.dec1003b-caff-4343-8a95-5d0a501cd2ab-2, groupId=anonymous.dec1003b-caff-4343-8a95-5d0a501cd2ab] Cancelled in-flight FETCH request with correlation id 122807 due to node 1 being disconnected (elapsed time since creation: 22924927ms, elapsed time since send: 22924926ms, throttle time: 0ms, request timeout: 30000ms)
2026-08-31T10:17:02.741+05:30  INFO 37932 --- [bmp-salon-service] [95-5d0a501cd2ab] org.apache.kafka.clients.NetworkClient   : [Consumer clientId=consumer-anonymous.dec1003b-caff-4343-8a95-5d0a501cd2ab-2, groupId=anonymous.dec1003b-caff-4343-8a95-5d0a501cd2ab] Cancelled in-flight METADATA request with correlation id 122809 due to node 1 being disconnected (elapsed time since creation: 1148ms, elapsed time since send: 1148ms, throttle time: 0ms, request timeout: 30000ms)
2026-08-31T10:17:02.741+05:30  INFO 37932 --- [bmp-salon-service] [95-5d0a501cd2ab] org.apache.kafka.clients.NetworkClient   : [Consumer clientId=consumer-anonymous.dec1003b-caff-4343-8a95-5d0a501cd2ab-2, groupId=anonymous.dec1003b-caff-4343-8a95-5d0a501cd2ab] Disconnecting from node 2147483646 due to request timeout.
2026-08-31T10:17:02.990+05:30  INFO 37932 --- [bmp-salon-service] [95-5d0a501cd2ab] org.apache.kafka.clients.NetworkClient   : [Consumer clientId=consumer-anonymous.dec1003b-caff-4343-8a95-5d0a501cd2ab-2, groupId=anonymous.dec1003b-caff-4343-8a95-5d0a501cd2ab] Cancelled in-flight HEARTBEAT request with correlation id 122808 due to node 2147483646 being disconnected (elapsed time since creation: 22923683ms, elapsed time since send: 22923683ms, throttle time: 0ms, request timeout: 30000ms)
2026-08-31T10:17:02.991+05:30  INFO 37932 --- [bmp-salon-service] [95-5d0a501cd2ab] o.a.kafka.clients.FetchSessionHandler    : [Consumer clientId=consumer-anonymous.dec1003b-caff-4343-8a95-5d0a501cd2ab-2, groupId=anonymous.dec1003b-caff-4343-8a95-5d0a501cd2ab] Error sending fetch request (sessionId=29349446, epoch=9) to node 1:

org.apache.kafka.common.errors.DisconnectException: null

2026-08-31T10:17:03.225+05:30  INFO 37932 --- [bmp-salon-service] [95-5d0a501cd2ab] o.a.k.c.c.internals.ConsumerCoordinator  : [Consumer clientId=consumer-anonymous.dec1003b-caff-4343-8a95-5d0a501cd2ab-2, groupId=anonymous.dec1003b-caff-4343-8a95-5d0a501cd2ab] Group coordinator localhost:9092 (id: 2147483646 rack: null) is unavailable or invalid due to cause: null. isDisconnected: true. Rediscovery will be attempted.
2026-08-31T10:17:04.783+05:30  INFO 37932 --- [bmp-salon-service] [container-0-C-1] o.a.k.c.c.internals.ConsumerCoordinator  : [Consumer clientId=consumer-anonymous.dec1003b-caff-4343-8a95-5d0a501cd2ab-2, groupId=anonymous.dec1003b-caff-4343-8a95-5d0a501cd2ab] Discovered group coordinator localhost:9092 (id: 2147483646 rack: null)
2026-08-31T10:17:10.745+05:30  INFO 37932 --- [bmp-salon-service] [pool-3-thread-1] org.apache.kafka.clients.NetworkClient   : [Consumer clientId=consumer-anonymous.dec1003b-caff-4343-8a95-5d0a501cd2ab-3, groupId=anonymous.dec1003b-caff-4343-8a95-5d0a501cd2ab] Node 2147483646 disconnected.
2026-08-31T10:17:12.791+05:30  WARN 37932 --- [bmp-salon-service] [l-1 housekeeper] com.zaxxer.hikari.pool.HikariPool        : HikariPool-1 - Thread starvation or clock leap detected (housekeeper delta=9h22m34s155ms399µs600ns).
2026-08-31T10:17:14.011+05:30  INFO 37932 --- [bmp-salon-service] [vice-producer-1] org.apache.kafka.clients.NetworkClient   : [Producer clientId=bmp-salon-service-producer-1] Node 1 disconnected.
2026-08-31T10:18:13.621+05:30  INFO 37932 --- [bmp-salon-service] [rap-executor-%d] c.n.d.s.r.aws.ConfigClusterResolver      : Resolving eureka endpoints via configuration
2026-08-31T10:23:13.670+05:30  INFO 37932 --- [bmp-salon-service] [rap-executor-%d] c.n.d.s.r.aws.ConfigClusterResolver      : Resolving eureka endpoints via configuration
2026-08-31T10:28:13.685+05:30  INFO 37932 --- [bmp-salon-service] [rap-executor-%d] c.n.d.s.r.aws.ConfigClusterResolver      : Resolving eureka endpoints via configuration
2026-08-31T10:33:13.690+05:30  INFO 37932 --- [bmp-salon-service] [rap-executor-%d] c.n.d.s.r.aws.ConfigClusterResolver      : Resolving eureka endpoints via configuration
2026-08-31T10:38:13.692+05:30  INFO 37932 --- [bmp-salon-service] [rap-executor-%d] c.n.d.s.r.aws.ConfigClusterResolver      : Resolving eureka endpoints via configuration
2026-08-31T10:43:13.697+05:30  INFO 37932 --- [bmp-salon-service] [rap-executor-%d] c.n.d.s.r.aws.ConfigClusterResolver      : Resolving eureka endpoints via configuration
2026-08-31T10:48:13.705+05:30  INFO 37932 --- [bmp-salon-service] [rap-executor-%d] c.n.d.s.r.aws.ConfigClusterResolver      : Resolving eureka endpoints via configuration
2026-08-31T10:53:13.707+05:30  INFO 37932 --- [bmp-salon-service] [rap-executor-%d] c.n.d.s.r.aws.ConfigClusterResolver      : Resolving eureka endpoints via configuration
2026-08-31T10:58:13.723+05:30  INFO 37932 --- [bmp-salon-service] [rap-executor-%d] c.n.d.s.r.aws.ConfigClusterResolver      : Resolving eureka endpoints via configuration
2026-08-31T11:03:13.725+05:30  INFO 37932 --- [bmp-salon-service] [rap-executor-%d] c.n.d.s.r.aws.ConfigClusterResolver      : Resolving eureka endpoints via configuration
2026-08-31T11:08:13.738+05:30  INFO 37932 --- [bmp-salon-service] [rap-executor-%d] c.n.d.s.r.aws.ConfigClusterResolver      : Resolving eureka endpoints via configuration
2026-08-31T11:13:13.743+05:30  INFO 37932 --- [bmp-salon-service] [rap-executor-%d] c.n.d.s.r.aws.ConfigClusterResolver      : Resolving eureka endpoints via configuration
2026-08-31T11:18:13.757+05:30  INFO 37932 --- [bmp-salon-service] [rap-executor-%d] c.n.d.s.r.aws.ConfigClusterResolver      : Resolving eureka endpoints via configuration
2026-08-31T11:23:13.764+05:30  INFO 37932 --- [bmp-salon-service] [rap-executor-%d] c.n.d.s.r.aws.ConfigClusterResolver      : Resolving eureka endpoints via configuration
2026-08-31T11:28:13.775+05:30  INFO 37932 --- [bmp-salon-service] [rap-executor-%d] c.n.d.s.r.aws.ConfigClusterResolver      : Resolving eureka endpoints via configuration
2026-08-31T11:33:13.790+05:30  INFO 37932 --- [bmp-salon-service] [rap-executor-%d] c.n.d.s.r.aws.ConfigClusterResolver      : Resolving eureka endpoints via configuration
2026-08-31T11:38:13.801+05:30  INFO 37932 --- [bmp-salon-service] [rap-executor-%d] c.n.d.s.r.aws.ConfigClusterResolver      : Resolving eureka endpoints via configuration
2026-08-31T11:43:13.806+05:30  INFO 37932 --- [bmp-salon-service] [rap-executor-%d] c.n.d.s.r.aws.ConfigClusterResolver      : Resolving eureka endpoints via configuration
2026-08-31T11:48:13.822+05:30  INFO 37932 --- [bmp-salon-service] [rap-executor-%d] c.n.d.s.r.aws.ConfigClusterResolver      : Resolving eureka endpoints via configuration
2026-08-31T11:53:13.832+05:30  INFO 37932 --- [bmp-salon-service] [rap-executor-%d] c.n.d.s.r.aws.ConfigClusterResolver      : Resolving eureka endpoints via configuration
2026-08-31T11:58:13.842+05:30  INFO 37932 --- [bmp-salon-service] [rap-executor-%d] c.n.d.s.r.aws.ConfigClusterResolver      : Resolving eureka endpoints via configuration
2026-08-31T12:03:13.846+05:30  INFO 37932 --- [bmp-salon-service] [rap-executor-%d] c.n.d.s.r.aws.ConfigClusterResolver      : Resolving eureka endpoints via configuration
2026-08-31T12:08:13.860+05:30  INFO 37932 --- [bmp-salon-service] [rap-executor-%d] c.n.d.s.r.aws.ConfigClusterResolver      : Resolving eureka endpoints via configuration
2026-08-31T12:13:13.879+05:30  INFO 37932 --- [bmp-salon-service] [rap-executor-%d] c.n.d.s.r.aws.ConfigClusterResolver      : Resolving eureka endpoints via configuration
2026-08-31T15:16:00.846+05:30  INFO 37932 --- [bmp-salon-service] [95-5d0a501cd2ab] org.apache.kafka.clients.NetworkClient   : [Consumer clientId=consumer-anonymous.dec1003b-caff-4343-8a95-5d0a501cd2ab-2, groupId=anonymous.dec1003b-caff-4343-8a95-5d0a501cd2ab] Node 1 disconnected.
2026-08-31T15:16:01.108+05:30  INFO 37932 --- [bmp-salon-service] [95-5d0a501cd2ab] org.apache.kafka.clients.NetworkClient   : [Consumer clientId=consumer-anonymous.dec1003b-caff-4343-8a95-5d0a501cd2ab-2, groupId=anonymous.dec1003b-caff-4343-8a95-5d0a501cd2ab] Cancelled in-flight FETCH request with correlation id 139279 due to node 1 being disconnected (elapsed time since creation: 10803720ms, elapsed time since send: 10803720ms, throttle time: 0ms, request timeout: 30000ms)
2026-08-31T15:16:01.110+05:30  INFO 37932 --- [bmp-salon-service] [95-5d0a501cd2ab] org.apache.kafka.clients.NetworkClient   : [Consumer clientId=consumer-anonymous.dec1003b-caff-4343-8a95-5d0a501cd2ab-2, groupId=anonymous.dec1003b-caff-4343-8a95-5d0a501cd2ab] Cancelled in-flight METADATA request with correlation id 139281 due to node 1 being disconnected (elapsed time since creation: 1233ms, elapsed time since send: 1233ms, throttle time: 0ms, request timeout: 30000ms)
2026-08-31T15:16:01.116+05:30  INFO 37932 --- [bmp-salon-service] [95-5d0a501cd2ab] org.apache.kafka.clients.NetworkClient   : [Consumer clientId=consumer-anonymous.dec1003b-caff-4343-8a95-5d0a501cd2ab-2, groupId=anonymous.dec1003b-caff-4343-8a95-5d0a501cd2ab] Disconnecting from node 2147483646 due to request timeout.
2026-08-31T15:16:01.211+05:30  INFO 37932 --- [bmp-salon-service] [95-5d0a501cd2ab] org.apache.kafka.clients.NetworkClient   : [Consumer clientId=consumer-anonymous.dec1003b-caff-4343-8a95-5d0a501cd2ab-2, groupId=anonymous.dec1003b-caff-4343-8a95-5d0a501cd2ab] Cancelled in-flight HEARTBEAT request with correlation id 139280 due to node 2147483646 being disconnected (elapsed time since creation: 10801141ms, elapsed time since send: 10801141ms, throttle time: 0ms, request timeout: 30000ms)
2026-08-31T15:16:01.215+05:30  INFO 37932 --- [bmp-salon-service] [95-5d0a501cd2ab] o.a.kafka.clients.FetchSessionHandler    : [Consumer clientId=consumer-anonymous.dec1003b-caff-4343-8a95-5d0a501cd2ab-2, groupId=anonymous.dec1003b-caff-4343-8a95-5d0a501cd2ab] Error sending fetch request (sessionId=1911518242, epoch=14046) to node 1:

org.apache.kafka.common.errors.DisconnectException: null

2026-08-31T15:16:01.772+05:30  INFO 37932 --- [bmp-salon-service] [95-5d0a501cd2ab] o.a.k.c.c.internals.ConsumerCoordinator  : [Consumer clientId=consumer-anonymous.dec1003b-caff-4343-8a95-5d0a501cd2ab-2, groupId=anonymous.dec1003b-caff-4343-8a95-5d0a501cd2ab] Group coordinator localhost:9092 (id: 2147483646 rack: null) is unavailable or invalid due to cause: null. isDisconnected: true. Rediscovery will be attempted.
2026-08-31T15:16:04.402+05:30  INFO 37932 --- [bmp-salon-service] [container-0-C-1] o.a.k.c.c.internals.ConsumerCoordinator  : [Consumer clientId=consumer-anonymous.dec1003b-caff-4343-8a95-5d0a501cd2ab-2, groupId=anonymous.dec1003b-caff-4343-8a95-5d0a501cd2ab] Discovered group coordinator localhost:9092 (id: 2147483646 rack: null)
2026-08-31T22:21:30.703+05:30  INFO 37932 --- [bmp-salon-service] [container-0-C-1] org.apache.kafka.clients.NetworkClient   : [Consumer clientId=consumer-anonymous.dec1003b-caff-4343-8a95-5d0a501cd2ab-2, groupId=anonymous.dec1003b-caff-4343-8a95-5d0a501cd2ab] Node 1 disconnected.
2026-08-31T22:21:30.703+05:30  INFO 37932 --- [bmp-salon-service] [container-0-C-1] org.apache.kafka.clients.NetworkClient   : [Consumer clientId=consumer-anonymous.dec1003b-caff-4343-8a95-5d0a501cd2ab-2, groupId=anonymous.dec1003b-caff-4343-8a95-5d0a501cd2ab] Cancelled in-flight FETCH request with correlation id 139301 due to node 1 being disconnected (elapsed time since creation: 25520844ms, elapsed time since send: 25520844ms, throttle time: 0ms, request timeout: 30000ms)
2026-08-31T22:21:30.703+05:30  INFO 37932 --- [bmp-salon-service] [container-0-C-1] org.apache.kafka.clients.NetworkClient   : [Consumer clientId=consumer-anonymous.dec1003b-caff-4343-8a95-5d0a501cd2ab-2, groupId=anonymous.dec1003b-caff-4343-8a95-5d0a501cd2ab] Disconnecting from node 2147483646 due to request timeout.
2026-08-31T22:21:31.711+05:30  INFO 37932 --- [bmp-salon-service] [container-0-C-1] org.apache.kafka.clients.NetworkClient   : [Consumer clientId=consumer-anonymous.dec1003b-caff-4343-8a95-5d0a501cd2ab-2, groupId=anonymous.dec1003b-caff-4343-8a95-5d0a501cd2ab] Cancelled in-flight HEARTBEAT request with correlation id 139302 due to node 2147483646 being disconnected (elapsed time since creation: 25520286ms, elapsed time since send: 25520285ms, throttle time: 0ms, request timeout: 30000ms)
2026-08-31T22:21:31.726+05:30  INFO 37932 --- [bmp-salon-service] [95-5d0a501cd2ab] o.a.k.c.c.internals.ConsumerCoordinator  : [Consumer clientId=consumer-anonymous.dec1003b-caff-4343-8a95-5d0a501cd2ab-2, groupId=anonymous.dec1003b-caff-4343-8a95-5d0a501cd2ab] Group coordinator localhost:9092 (id: 2147483646 rack: null) is unavailable or invalid due to cause: null. isDisconnected: true. Rediscovery will be attempted.
2026-08-31T22:21:31.877+05:30  INFO 37932 --- [bmp-salon-service] [pool-3-thread-1] org.apache.kafka.clients.NetworkClient   : [Consumer clientId=consumer-anonymous.dec1003b-caff-4343-8a95-5d0a501cd2ab-3, groupId=anonymous.dec1003b-caff-4343-8a95-5d0a501cd2ab] Node 2147483646 disconnected.
2026-08-31T22:21:31.922+05:30  WARN 37932 --- [bmp-salon-service] [l-1 housekeeper] com.zaxxer.hikari.pool.HikariPool        : HikariPool-1 - Thread starvation or clock leap detected (housekeeper delta=10h5m49s834ms864µs800ns).
2026-08-31T22:21:31.711+05:30  INFO 37932 --- [bmp-salon-service] [container-0-C-1] o.a.kafka.clients.FetchSessionHandler    : [Consumer clientId=consumer-anonymous.dec1003b-caff-4343-8a95-5d0a501cd2ab-2, groupId=anonymous.dec1003b-caff-4343-8a95-5d0a501cd2ab] Error sending fetch request (sessionId=534113630, epoch=11) to node 1:

org.apache.kafka.common.errors.DisconnectException: null

2026-08-31T22:21:33.589+05:30  INFO 37932 --- [bmp-salon-service] [container-0-C-1] o.a.k.c.c.internals.ConsumerCoordinator  : [Consumer clientId=consumer-anonymous.dec1003b-caff-4343-8a95-5d0a501cd2ab-2, groupId=anonymous.dec1003b-caff-4343-8a95-5d0a501cd2ab] Discovered group coordinator localhost:9092 (id: 2147483646 rack: null)
2026-08-31T22:21:34.695+05:30  INFO 37932 --- [bmp-salon-service] [container-0-C-1] o.a.k.c.c.internals.ConsumerCoordinator  : [Consumer clientId=consumer-anonymous.dec1003b-caff-4343-8a95-5d0a501cd2ab-2, groupId=anonymous.dec1003b-caff-4343-8a95-5d0a501cd2ab] Discovered group coordinator localhost:9092 (id: 2147483646 rack: null)
2026-08-31T22:21:36.444+05:30  INFO 37932 --- [bmp-salon-service] [vice-producer-1] org.apache.kafka.clients.NetworkClient   : [Producer clientId=bmp-salon-service-producer-1] Node 1 disconnected.
2026-08-31T22:23:32.028+05:30  INFO 37932 --- [bmp-salon-service] [rap-executor-%d] c.n.d.s.r.aws.ConfigClusterResolver      : Resolving eureka endpoints via configuration
2026-08-31T22:28:32.141+05:30  INFO 37932 --- [bmp-salon-service] [rap-executor-%d] c.n.d.s.r.aws.ConfigClusterResolver      : Resolving eureka endpoints via configuration
2026-08-31T22:38:18.682+05:30  INFO 37932 --- [bmp-salon-service] [95-5d0a501cd2ab] org.apache.kafka.clients.NetworkClient   : [Consumer clientId=consumer-anonymous.dec1003b-caff-4343-8a95-5d0a501cd2ab-2, groupId=anonymous.dec1003b-caff-4343-8a95-5d0a501cd2ab] Disconnecting from node 1 due to request timeout.
2026-08-31T22:38:18.690+05:30  INFO 37932 --- [bmp-salon-service] [95-5d0a501cd2ab] org.apache.kafka.clients.NetworkClient   : [Consumer clientId=consumer-anonymous.dec1003b-caff-4343-8a95-5d0a501cd2ab-2, groupId=anonymous.dec1003b-caff-4343-8a95-5d0a501cd2ab] Cancelled in-flight FETCH request with correlation id 140715 due to node 1 being disconnected (elapsed time since creation: 391252ms, elapsed time since send: 391252ms, throttle time: 0ms, request timeout: 30000ms)
2026-08-31T22:38:18.690+05:30  INFO 37932 --- [bmp-salon-service] [95-5d0a501cd2ab] org.apache.kafka.clients.NetworkClient   : [Consumer clientId=consumer-anonymous.dec1003b-caff-4343-8a95-5d0a501cd2ab-2, groupId=anonymous.dec1003b-caff-4343-8a95-5d0a501cd2ab] Cancelled in-flight METADATA request with correlation id 140717 due to node 1 being disconnected (elapsed time since creation: 0ms, elapsed time since send: 0ms, throttle time: 0ms, request timeout: 30000ms)
2026-08-31T22:38:18.690+05:30  INFO 37932 --- [bmp-salon-service] [95-5d0a501cd2ab] org.apache.kafka.clients.NetworkClient   : [Consumer clientId=consumer-anonymous.dec1003b-caff-4343-8a95-5d0a501cd2ab-2, groupId=anonymous.dec1003b-caff-4343-8a95-5d0a501cd2ab] Disconnecting from node 2147483646 due to request timeout.
2026-08-31T22:38:18.690+05:30  INFO 37932 --- [bmp-salon-service] [95-5d0a501cd2ab] org.apache.kafka.clients.NetworkClient   : [Consumer clientId=consumer-anonymous.dec1003b-caff-4343-8a95-5d0a501cd2ab-2, groupId=anonymous.dec1003b-caff-4343-8a95-5d0a501cd2ab] Cancelled in-flight HEARTBEAT request with correlation id 140716 due to node 2147483646 being disconnected (elapsed time since creation: 388728ms, elapsed time since send: 388728ms, throttle time: 0ms, request timeout: 30000ms)
2026-08-31T22:38:18.692+05:30  INFO 37932 --- [bmp-salon-service] [95-5d0a501cd2ab] o.a.kafka.clients.FetchSessionHandler    : [Consumer clientId=consumer-anonymous.dec1003b-caff-4343-8a95-5d0a501cd2ab-2, groupId=anonymous.dec1003b-caff-4343-8a95-5d0a501cd2ab] Error sending fetch request (sessionId=1836824908, epoch=1198) to node 1:

org.apache.kafka.common.errors.DisconnectException: null

2026-08-31T22:38:18.783+05:30  INFO 37932 --- [bmp-salon-service] [95-5d0a501cd2ab] o.a.k.c.c.internals.ConsumerCoordinator  : [Consumer clientId=consumer-anonymous.dec1003b-caff-4343-8a95-5d0a501cd2ab-2, groupId=anonymous.dec1003b-caff-4343-8a95-5d0a501cd2ab] Group coordinator localhost:9092 (id: 2147483646 rack: null) is unavailable or invalid due to cause: null. isDisconnected: true. Rediscovery will be attempted.
2026-08-31T22:38:20.400+05:30  INFO 37932 --- [bmp-salon-service] [container-0-C-1] o.a.k.c.c.internals.ConsumerCoordinator  : [Consumer clientId=consumer-anonymous.dec1003b-caff-4343-8a95-5d0a501cd2ab-2, groupId=anonymous.dec1003b-caff-4343-8a95-5d0a501cd2ab] Discovered group coordinator localhost:9092 (id: 2147483646 rack: null)
2026-08-31T22:38:30.676+05:30  WARN 37932 --- [bmp-salon-service] [l-1 housekeeper] com.zaxxer.hikari.pool.HikariPool        : HikariPool-1 - Thread starvation or clock leap detected (housekeeper delta=6m58s325ms648µs100ns).
2026-08-31T22:40:00.344+05:30  INFO 37932 --- [bmp-salon-service] [rap-executor-%d] c.n.d.s.r.aws.ConfigClusterResolver      : Resolving eureka endpoints via configuration
2026-08-31T22:45:00.351+05:30  INFO 37932 --- [bmp-salon-service] [rap-executor-%d] c.n.d.s.r.aws.ConfigClusterResolver      : Resolving eureka endpoints via configuration
2026-08-31T22:50:00.352+05:30  INFO 37932 --- [bmp-salon-service] [rap-executor-%d] c.n.d.s.r.aws.ConfigClusterResolver      : Resolving eureka endpoints via configuration
2026-08-31T22:55:00.393+05:30  INFO 37932 --- [bmp-salon-service] [rap-executor-%d] c.n.d.s.r.aws.ConfigClusterResolver      : Resolving eureka endpoints via configuration
2026-08-31T23:00:00.463+05:30  INFO 37932 --- [bmp-salon-service] [rap-executor-%d] c.n.d.s.r.aws.ConfigClusterResolver      : Resolving eureka endpoints via configuration
2026-08-31T23:05:00.483+05:30  INFO 37932 --- [bmp-salon-service] [rap-executor-%d] c.n.d.s.r.aws.ConfigClusterResolver      : Resolving eureka endpoints via configuration
2026-08-31T23:10:00.500+05:30  INFO 37932 --- [bmp-salon-service] [rap-executor-%d] c.n.d.s.r.aws.ConfigClusterResolver      : Resolving eureka endpoints via configuration
2026-08-31T23:15:00.522+05:30  INFO 37932 --- [bmp-salon-service] [rap-executor-%d] c.n.d.s.r.aws.ConfigClusterResolver      : Resolving eureka endpoints via configuration
2026-08-31T23:20:00.533+05:30  INFO 37932 --- [bmp-salon-service] [rap-executor-%d] c.n.d.s.r.aws.ConfigClusterResolver      : Resolving eureka endpoints via configuration
2026-08-31T23:25:00.551+05:30  INFO 37932 --- [bmp-salon-service] [rap-executor-%d] c.n.d.s.r.aws.ConfigClusterResolver      : Resolving eureka endpoints via configuration
2026-08-31T23:30:00.572+05:30  INFO 37932 --- [bmp-salon-service] [rap-executor-%d] c.n.d.s.r.aws.ConfigClusterResolver      : Resolving eureka endpoints via configuration
2026-08-31T23:35:00.583+05:30  INFO 37932 --- [bmp-salon-service] [rap-executor-%d] c.n.d.s.r.aws.ConfigClusterResolver      : Resolving eureka endpoints via configuration
2026-08-31T23:40:00.592+05:30  INFO 37932 --- [bmp-salon-service] [rap-executor-%d] c.n.d.s.r.aws.ConfigClusterResolver      : Resolving eureka endpoints via configuration
2026-08-31T23:45:00.600+05:30  INFO 37932 --- [bmp-salon-service] [rap-executor-%d] c.n.d.s.r.aws.ConfigClusterResolver      : Resolving eureka endpoints via configuration
2026-08-31T23:50:00.618+05:30  INFO 37932 --- [bmp-salon-service] [rap-executor-%d] c.n.d.s.r.aws.ConfigClusterResolver      : Resolving eureka endpoints via configuration
2026-08-31T23:55:24.735+05:30  INFO 37932 --- [bmp-salon-service] [container-0-C-1] org.apache.kafka.clients.NetworkClient   : [Consumer clientId=consumer-anonymous.dec1003b-caff-4343-8a95-5d0a501cd2ab-2, groupId=anonymous.dec1003b-caff-4343-8a95-5d0a501cd2ab] Disconnecting from node 1 due to request timeout.
2026-08-31T23:55:24.933+05:30  INFO 37932 --- [bmp-salon-service] [container-0-C-1] org.apache.kafka.clients.NetworkClient   : [Consumer clientId=consumer-anonymous.dec1003b-caff-4343-8a95-5d0a501cd2ab-2, groupId=anonymous.dec1003b-caff-4343-8a95-5d0a501cd2ab] Cancelled in-flight FETCH request with correlation id 150733 due to node 1 being disconnected (elapsed time since creation: 302467ms, elapsed time since send: 302467ms, throttle time: 0ms, request timeout: 30000ms)
2026-08-31T23:55:25.091+05:30  INFO 37932 --- [bmp-salon-service] [95-5d0a501cd2ab] o.a.k.c.c.internals.ConsumerCoordinator  : [Consumer clientId=consumer-anonymous.dec1003b-caff-4343-8a95-5d0a501cd2ab-2, groupId=anonymous.dec1003b-caff-4343-8a95-5d0a501cd2ab] Group coordinator localhost:9092 (id: 2147483646 rack: null) is unavailable or invalid due to cause: session timed out without receiving a heartbeat response. isDisconnected: false. Rediscovery will be attempted.
2026-08-31T23:55:25.091+05:30  INFO 37932 --- [bmp-salon-service] [95-5d0a501cd2ab] o.a.k.c.c.internals.ConsumerCoordinator  : [Consumer clientId=consumer-anonymous.dec1003b-caff-4343-8a95-5d0a501cd2ab-2, groupId=anonymous.dec1003b-caff-4343-8a95-5d0a501cd2ab] Requesting disconnect from last known coordinator localhost:9092 (id: 2147483646 rack: null)
2026-08-31T23:55:25.093+05:30  INFO 37932 --- [bmp-salon-service] [95-5d0a501cd2ab] org.apache.kafka.clients.NetworkClient   : [Consumer clientId=consumer-anonymous.dec1003b-caff-4343-8a95-5d0a501cd2ab-2, groupId=anonymous.dec1003b-caff-4343-8a95-5d0a501cd2ab] Client requested disconnect from node 2147483646
2026-08-31T23:55:25.052+05:30  INFO 37932 --- [bmp-salon-service] [container-0-C-1] o.a.kafka.clients.FetchSessionHandler    : [Consumer clientId=consumer-anonymous.dec1003b-caff-4343-8a95-5d0a501cd2ab-2, groupId=anonymous.dec1003b-caff-4343-8a95-5d0a501cd2ab] Error sending fetch request (sessionId=257239508, epoch=8544) to node 1:

org.apache.kafka.common.errors.DisconnectException: null

2026-08-31T23:55:26.991+05:30  INFO 37932 --- [bmp-salon-service] [container-0-C-1] o.a.k.c.c.internals.ConsumerCoordinator  : [Consumer clientId=consumer-anonymous.dec1003b-caff-4343-8a95-5d0a501cd2ab-2, groupId=anonymous.dec1003b-caff-4343-8a95-5d0a501cd2ab] Discovered group coordinator localhost:9092 (id: 2147483646 rack: null)
2026-08-31T23:55:31.465+05:30  WARN 37932 --- [bmp-salon-service] [l-1 housekeeper] com.zaxxer.hikari.pool.HikariPool        : HikariPool-1 - Thread starvation or clock leap detected (housekeeper delta=5m29s673ms695µs600ns).
2026-09-01T00:00:00.166+05:30  INFO 37932 --- [bmp-salon-service] [rap-executor-%d] c.n.d.s.r.aws.ConfigClusterResolver      : Resolving eureka endpoints via configuration
2026-09-01T00:05:00.221+05:30  INFO 37932 --- [bmp-salon-service] [rap-executor-%d] c.n.d.s.r.aws.ConfigClusterResolver      : Resolving eureka endpoints via configuration
2026-09-01T00:10:00.283+05:30  INFO 37932 --- [bmp-salon-service] [rap-executor-%d] c.n.d.s.r.aws.ConfigClusterResolver      : Resolving eureka endpoints via configuration
2026-09-01T00:31:41.747+05:30  INFO 37932 --- [bmp-salon-service] [container-0-C-1] org.apache.kafka.clients.NetworkClient   : [Consumer clientId=consumer-anonymous.dec1003b-caff-4343-8a95-5d0a501cd2ab-2, groupId=anonymous.dec1003b-caff-4343-8a95-5d0a501cd2ab] Node 2147483646 disconnected.
2026-09-01T00:31:41.841+05:30  INFO 37932 --- [bmp-salon-service] [container-0-C-1] org.apache.kafka.clients.NetworkClient   : [Consumer clientId=consumer-anonymous.dec1003b-caff-4343-8a95-5d0a501cd2ab-2, groupId=anonymous.dec1003b-caff-4343-8a95-5d0a501cd2ab] Disconnecting from node 1 due to request timeout.
2026-09-01T00:31:41.933+05:30  INFO 37932 --- [bmp-salon-service] [container-0-C-1] org.apache.kafka.clients.NetworkClient   : [Consumer clientId=consumer-anonymous.dec1003b-caff-4343-8a95-5d0a501cd2ab-2, groupId=anonymous.dec1003b-caff-4343-8a95-5d0a501cd2ab] Cancelled in-flight FETCH request with correlation id 152952 due to node 1 being disconnected (elapsed time since creation: 1219351ms, elapsed time since send: 1219351ms, throttle time: 0ms, request timeout: 30000ms)
2026-09-01T00:31:41.935+05:30  INFO 37932 --- [bmp-salon-service] [95-5d0a501cd2ab] o.a.k.c.c.internals.ConsumerCoordinator  : [Consumer clientId=consumer-anonymous.dec1003b-caff-4343-8a95-5d0a501cd2ab-2, groupId=anonymous.dec1003b-caff-4343-8a95-5d0a501cd2ab] Group coordinator localhost:9092 (id: 2147483646 rack: null) is unavailable or invalid due to cause: session timed out without receiving a heartbeat response. isDisconnected: false. Rediscovery will be attempted.
2026-09-01T00:31:41.936+05:30  INFO 37932 --- [bmp-salon-service] [95-5d0a501cd2ab] o.a.k.c.c.internals.ConsumerCoordinator  : [Consumer clientId=consumer-anonymous.dec1003b-caff-4343-8a95-5d0a501cd2ab-2, groupId=anonymous.dec1003b-caff-4343-8a95-5d0a501cd2ab] Requesting disconnect from last known coordinator localhost:9092 (id: 2147483646 rack: null)
2026-09-01T00:31:41.934+05:30  INFO 37932 --- [bmp-salon-service] [container-0-C-1] o.a.kafka.clients.FetchSessionHandler    : [Consumer clientId=consumer-anonymous.dec1003b-caff-4343-8a95-5d0a501cd2ab-2, groupId=anonymous.dec1003b-caff-4343-8a95-5d0a501cd2ab] Error sending fetch request (sessionId=1484230153, epoch=1889) to node 1:

org.apache.kafka.common.errors.DisconnectException: null

2026-09-01T00:31:43.612+05:30  INFO 37932 --- [bmp-salon-service] [container-0-C-1] o.a.k.c.c.internals.ConsumerCoordinator  : [Consumer clientId=consumer-anonymous.dec1003b-caff-4343-8a95-5d0a501cd2ab-2, groupId=anonymous.dec1003b-caff-4343-8a95-5d0a501cd2ab] Discovered group coordinator localhost:9092 (id: 2147483646 rack: null)
2026-09-01T00:31:47.942+05:30  WARN 37932 --- [bmp-salon-service] [l-1 housekeeper] com.zaxxer.hikari.pool.HikariPool        : HikariPool-1 - Thread starvation or clock leap detected (housekeeper delta=20m46s293ms876µs500ns).
2026-09-01T00:31:50.916+05:30  INFO 37932 --- [bmp-salon-service] [vice-producer-1] org.apache.kafka.clients.NetworkClient   : [Producer clientId=bmp-salon-service-producer-1] Node 1 disconnected.
2026-09-01T00:32:20.451+05:30  INFO 37932 --- [bmp-salon-service] [pool-3-thread-1] org.apache.kafka.clients.NetworkClient   : [Consumer clientId=consumer-anonymous.dec1003b-caff-4343-8a95-5d0a501cd2ab-3, groupId=anonymous.dec1003b-caff-4343-8a95-5d0a501cd2ab] Node 2147483646 disconnected.
2026-09-01T00:32:20.458+05:30  INFO 37932 --- [bmp-salon-service] [pool-3-thread-1] o.a.k.c.c.internals.ConsumerCoordinator  : [Consumer clientId=consumer-anonymous.dec1003b-caff-4343-8a95-5d0a501cd2ab-3, groupId=anonymous.dec1003b-caff-4343-8a95-5d0a501cd2ab] Group coordinator localhost:9092 (id: 2147483646 rack: null) is unavailable or invalid due to cause: coordinator unavailable. isDisconnected: true. Rediscovery will be attempted.
2026-09-01T00:32:20.461+05:30  INFO 37932 --- [bmp-salon-service] [pool-3-thread-1] o.a.k.c.c.internals.ConsumerCoordinator  : [Consumer clientId=consumer-anonymous.dec1003b-caff-4343-8a95-5d0a501cd2ab-3, groupId=anonymous.dec1003b-caff-4343-8a95-5d0a501cd2ab] Discovered group coordinator localhost:9092 (id: 2147483646 rack: null)
2026-09-01T00:32:20.462+05:30  INFO 37932 --- [bmp-salon-service] [pool-3-thread-1] o.a.k.c.c.internals.ConsumerCoordinator  : [Consumer clientId=consumer-anonymous.dec1003b-caff-4343-8a95-5d0a501cd2ab-3, groupId=anonymous.dec1003b-caff-4343-8a95-5d0a501cd2ab] Group coordinator localhost:9092 (id: 2147483646 rack: null) is unavailable or invalid due to cause: coordinator unavailable. isDisconnected: false. Rediscovery will be attempted.
2026-09-01T00:32:20.462+05:30  INFO 37932 --- [bmp-salon-service] [pool-3-thread-1] o.a.k.c.c.internals.ConsumerCoordinator  : [Consumer clientId=consumer-anonymous.dec1003b-caff-4343-8a95-5d0a501cd2ab-3, groupId=anonymous.dec1003b-caff-4343-8a95-5d0a501cd2ab] Requesting disconnect from last known coordinator localhost:9092 (id: 2147483646 rack: null)
2026-09-01T00:32:20.586+05:30  INFO 37932 --- [bmp-salon-service] [pool-3-thread-1] o.a.k.c.c.internals.ConsumerCoordinator  : [Consumer clientId=consumer-anonymous.dec1003b-caff-4343-8a95-5d0a501cd2ab-3, groupId=anonymous.dec1003b-caff-4343-8a95-5d0a501cd2ab] Discovered group coordinator localhost:9092 (id: 2147483646 rack: null)
2026-09-01T00:35:16.424+05:30  INFO 37932 --- [bmp-salon-service] [rap-executor-%d] c.n.d.s.r.aws.ConfigClusterResolver      : Resolving eureka endpoints via configuration
2026-09-01T00:40:16.517+05:30  INFO 37932 --- [bmp-salon-service] [rap-executor-%d] c.n.d.s.r.aws.ConfigClusterResolver      : Resolving eureka endpoints via configuration
2026-09-01T00:45:16.546+05:30  INFO 37932 --- [bmp-salon-service] [rap-executor-%d] c.n.d.s.r.aws.ConfigClusterResolver      : Resolving eureka endpoints via configuration
2026-09-01T00:50:16.592+05:30  INFO 37932 --- [bmp-salon-service] [rap-executor-%d] c.n.d.s.r.aws.ConfigClusterResolver      : Resolving eureka endpoints via configuration
2026-09-01T00:55:16.628+05:30  INFO 37932 --- [bmp-salon-service] [rap-executor-%d] c.n.d.s.r.aws.ConfigClusterResolver      : Resolving eureka endpoints via configuration
2026-09-01T01:00:16.644+05:30  INFO 37932 --- [bmp-salon-service] [rap-executor-%d] c.n.d.s.r.aws.ConfigClusterResolver      : Resolving eureka endpoints via configuration
2026-09-01T01:05:16.657+05:30  INFO 37932 --- [bmp-salon-service] [rap-executor-%d] c.n.d.s.r.aws.ConfigClusterResolver      : Resolving eureka endpoints via configuration
2026-09-01T01:10:16.658+05:30  INFO 37932 --- [bmp-salon-service] [rap-executor-%d] c.n.d.s.r.aws.ConfigClusterResolver      : Resolving eureka endpoints via configuration
2026-09-01T01:15:16.673+05:30  INFO 37932 --- [bmp-salon-service] [rap-executor-%d] c.n.d.s.r.aws.ConfigClusterResolver      : Resolving eureka endpoints via configuration
2026-09-01T01:20:16.688+05:30  INFO 37932 --- [bmp-salon-service] [rap-executor-%d] c.n.d.s.r.aws.ConfigClusterResolver      : Resolving eureka endpoints via configuration
2026-09-01T01:25:16.695+05:30  INFO 37932 --- [bmp-salon-service] [rap-executor-%d] c.n.d.s.r.aws.ConfigClusterResolver      : Resolving eureka endpoints via configuration
2026-09-01T01:30:16.708+05:30  INFO 37932 --- [bmp-salon-service] [rap-executor-%d] c.n.d.s.r.aws.ConfigClusterResolver      : Resolving eureka endpoints via configuration
2026-09-01T01:35:16.715+05:30  INFO 37932 --- [bmp-salon-service] [rap-executor-%d] c.n.d.s.r.aws.ConfigClusterResolver      : Resolving eureka endpoints via configuration
2026-09-01T01:40:16.732+05:30  INFO 37932 --- [bmp-salon-service] [rap-executor-%d] c.n.d.s.r.aws.ConfigClusterResolver      : Resolving eureka endpoints via configuration
2026-09-01T04:40:45.963+05:30  INFO 37932 --- [bmp-salon-service] [container-0-C-1] org.apache.kafka.clients.NetworkClient   : [Consumer clientId=consumer-anonymous.dec1003b-caff-4343-8a95-5d0a501cd2ab-2, groupId=anonymous.dec1003b-caff-4343-8a95-5d0a501cd2ab] Node 1 disconnected.
2026-09-01T04:40:46.159+05:30  INFO 37932 --- [bmp-salon-service] [container-0-C-1] org.apache.kafka.clients.NetworkClient   : [Consumer clientId=consumer-anonymous.dec1003b-caff-4343-8a95-5d0a501cd2ab-2, groupId=anonymous.dec1003b-caff-4343-8a95-5d0a501cd2ab] Cancelled in-flight FETCH request with correlation id 162540 due to node 1 being disconnected (elapsed time since creation: 10802865ms, elapsed time since send: 10802865ms, throttle time: 0ms, request timeout: 30000ms)
2026-09-01T04:40:46.231+05:30  INFO 37932 --- [bmp-salon-service] [95-5d0a501cd2ab] org.apache.kafka.clients.NetworkClient   : [Consumer clientId=consumer-anonymous.dec1003b-caff-4343-8a95-5d0a501cd2ab-2, groupId=anonymous.dec1003b-caff-4343-8a95-5d0a501cd2ab] Node 2147483646 disconnected.
2026-09-01T04:40:46.284+05:30  INFO 37932 --- [bmp-salon-service] [95-5d0a501cd2ab] o.a.k.c.c.internals.ConsumerCoordinator  : [Consumer clientId=consumer-anonymous.dec1003b-caff-4343-8a95-5d0a501cd2ab-2, groupId=anonymous.dec1003b-caff-4343-8a95-5d0a501cd2ab] Group coordinator localhost:9092 (id: 2147483646 rack: null) is unavailable or invalid due to cause: coordinator unavailable. isDisconnected: true. Rediscovery will be attempted.
2026-09-01T04:40:46.280+05:30  INFO 37932 --- [bmp-salon-service] [container-0-C-1] o.a.kafka.clients.FetchSessionHandler    : [Consumer clientId=consumer-anonymous.dec1003b-caff-4343-8a95-5d0a501cd2ab-2, groupId=anonymous.dec1003b-caff-4343-8a95-5d0a501cd2ab] Error sending fetch request (sessionId=541190253, epoch=8180) to node 1:

org.apache.kafka.common.errors.DisconnectException: null

2026-09-01T04:40:47.127+05:30  INFO 37932 --- [bmp-salon-service] [container-0-C-1] o.a.k.c.c.internals.ConsumerCoordinator  : [Consumer clientId=consumer-anonymous.dec1003b-caff-4343-8a95-5d0a501cd2ab-2, groupId=anonymous.dec1003b-caff-4343-8a95-5d0a501cd2ab] Discovered group coordinator localhost:9092 (id: 2147483646 rack: null)
2026-09-01T04:40:47.175+05:30  INFO 37932 --- [bmp-salon-service] [container-0-C-1] o.a.k.c.c.internals.ConsumerCoordinator  : [Consumer clientId=consumer-anonymous.dec1003b-caff-4343-8a95-5d0a501cd2ab-2, groupId=anonymous.dec1003b-caff-4343-8a95-5d0a501cd2ab] Discovered group coordinator localhost:9092 (id: 2147483646 rack: null)
2026-09-01T04:40:47.442+05:30  WARN 37932 --- [bmp-salon-service] [l-1 housekeeper] com.zaxxer.hikari.pool.HikariPool        : HikariPool-1 - Thread starvation or clock leap detected (housekeeper delta=3h28s541ms751µs300ns).
2026-09-01T04:40:49.889+05:30  INFO 37932 --- [bmp-salon-service] [vice-producer-1] org.apache.kafka.clients.NetworkClient   : [Producer clientId=bmp-salon-service-producer-1] Node 1 disconnected.
2026-09-01T13:42:05.868+05:30  INFO 37932 --- [bmp-salon-service] [container-0-C-1] org.apache.kafka.clients.NetworkClient   : [Consumer clientId=consumer-anonymous.dec1003b-caff-4343-8a95-5d0a501cd2ab-2, groupId=anonymous.dec1003b-caff-4343-8a95-5d0a501cd2ab] Node 1 disconnected.
2026-09-01T13:42:05.868+05:30  INFO 37932 --- [bmp-salon-service] [container-0-C-1] org.apache.kafka.clients.NetworkClient   : [Consumer clientId=consumer-anonymous.dec1003b-caff-4343-8a95-5d0a501cd2ab-2, groupId=anonymous.dec1003b-caff-4343-8a95-5d0a501cd2ab] Cancelled in-flight FETCH request with correlation id 162566 due to node 1 being disconnected (elapsed time since creation: 32470414ms, elapsed time since send: 32470414ms, throttle time: 0ms, request timeout: 30000ms)
2026-09-01T13:42:05.873+05:30  INFO 37932 --- [bmp-salon-service] [container-0-C-1] org.apache.kafka.clients.NetworkClient   : [Consumer clientId=consumer-anonymous.dec1003b-caff-4343-8a95-5d0a501cd2ab-2, groupId=anonymous.dec1003b-caff-4343-8a95-5d0a501cd2ab] Disconnecting from node 2147483646 due to request timeout.
2026-09-01T13:42:05.873+05:30  INFO 37932 --- [bmp-salon-service] [container-0-C-1] org.apache.kafka.clients.NetworkClient   : [Consumer clientId=consumer-anonymous.dec1003b-caff-4343-8a95-5d0a501cd2ab-2, groupId=anonymous.dec1003b-caff-4343-8a95-5d0a501cd2ab] Cancelled in-flight HEARTBEAT request with correlation id 162567 due to node 2147483646 being disconnected (elapsed time since creation: 32469676ms, elapsed time since send: 32469676ms, throttle time: 0ms, request timeout: 30000ms)
2026-09-01T13:42:05.873+05:30  INFO 37932 --- [bmp-salon-service] [container-0-C-1] o.a.kafka.clients.FetchSessionHandler    : [Consumer clientId=consumer-anonymous.dec1003b-caff-4343-8a95-5d0a501cd2ab-2, groupId=anonymous.dec1003b-caff-4343-8a95-5d0a501cd2ab] Error sending fetch request (sessionId=906581058, epoch=15) to node 1:

org.apache.kafka.common.errors.DisconnectException: null

2026-09-01T13:42:05.874+05:30  INFO 37932 --- [bmp-salon-service] [95-5d0a501cd2ab] o.a.k.c.c.internals.ConsumerCoordinator  : [Consumer clientId=consumer-anonymous.dec1003b-caff-4343-8a95-5d0a501cd2ab-2, groupId=anonymous.dec1003b-caff-4343-8a95-5d0a501cd2ab] Group coordinator localhost:9092 (id: 2147483646 rack: null) is unavailable or invalid due to cause: null. isDisconnected: true. Rediscovery will be attempted.
2026-09-01T13:42:07.895+05:30  INFO 37932 --- [bmp-salon-service] [container-0-C-1] o.a.k.c.c.internals.ConsumerCoordinator  : [Consumer clientId=consumer-anonymous.dec1003b-caff-4343-8a95-5d0a501cd2ab-2, groupId=anonymous.dec1003b-caff-4343-8a95-5d0a501cd2ab] Discovered group coordinator localhost:9092 (id: 2147483646 rack: null)
2026-09-01T13:42:19.533+05:30  WARN 37932 --- [bmp-salon-service] [l-1 housekeeper] com.zaxxer.hikari.pool.HikariPool        : HikariPool-1 - Thread starvation or clock leap detected (housekeeper delta=9h1m39s251ms519µs100ns).
2026-09-01T13:42:22.044+05:30  INFO 37932 --- [bmp-salon-service] [vice-producer-1] org.apache.kafka.clients.NetworkClient   : [Producer clientId=bmp-salon-service-producer-1] Node 1 disconnected.
2026-09-01T13:42:22.218+05:30  INFO 37932 --- [bmp-salon-service] [pool-3-thread-1] org.apache.kafka.clients.NetworkClient   : [Consumer clientId=consumer-anonymous.dec1003b-caff-4343-8a95-5d0a501cd2ab-3, groupId=anonymous.dec1003b-caff-4343-8a95-5d0a501cd2ab] Node 2147483646 disconnected.
2026-09-01T13:42:22.228+05:30  INFO 37932 --- [bmp-salon-service] [pool-3-thread-1] o.a.k.c.c.internals.ConsumerCoordinator  : [Consumer clientId=consumer-anonymous.dec1003b-caff-4343-8a95-5d0a501cd2ab-3, groupId=anonymous.dec1003b-caff-4343-8a95-5d0a501cd2ab] Group coordinator localhost:9092 (id: 2147483646 rack: null) is unavailable or invalid due to cause: coordinator unavailable. isDisconnected: true. Rediscovery will be attempted.
2026-09-01T13:42:22.245+05:30  INFO 37932 --- [bmp-salon-service] [pool-3-thread-1] o.a.k.c.c.internals.ConsumerCoordinator  : [Consumer clientId=consumer-anonymous.dec1003b-caff-4343-8a95-5d0a501cd2ab-3, groupId=anonymous.dec1003b-caff-4343-8a95-5d0a501cd2ab] Discovered group coordinator localhost:9092 (id: 2147483646 rack: null)
2026-09-01T13:42:22.246+05:30  INFO 37932 --- [bmp-salon-service] [pool-3-thread-1] o.a.k.c.c.internals.ConsumerCoordinator  : [Consumer clientId=consumer-anonymous.dec1003b-caff-4343-8a95-5d0a501cd2ab-3, groupId=anonymous.dec1003b-caff-4343-8a95-5d0a501cd2ab] Group coordinator localhost:9092 (id: 2147483646 rack: null) is unavailable or invalid due to cause: coordinator unavailable. isDisconnected: false. Rediscovery will be attempted.
2026-09-01T13:42:22.246+05:30  INFO 37932 --- [bmp-salon-service] [pool-3-thread-1] o.a.k.c.c.internals.ConsumerCoordinator  : [Consumer clientId=consumer-anonymous.dec1003b-caff-4343-8a95-5d0a501cd2ab-3, groupId=anonymous.dec1003b-caff-4343-8a95-5d0a501cd2ab] Requesting disconnect from last known coordinator localhost:9092 (id: 2147483646 rack: null)
2026-09-01T13:42:22.379+05:30  INFO 37932 --- [bmp-salon-service] [pool-3-thread-1] o.a.k.c.c.internals.ConsumerCoordinator  : [Consumer clientId=consumer-anonymous.dec1003b-caff-4343-8a95-5d0a501cd2ab-3, groupId=anonymous.dec1003b-caff-4343-8a95-5d0a501cd2ab] Discovered group coordinator localhost:9092 (id: 2147483646 rack: null)
2026-09-01T13:46:17.064+05:30  INFO 37932 --- [bmp-salon-service] [rap-executor-%d] c.n.d.s.r.aws.ConfigClusterResolver      : Resolving eureka endpoints via configuration
2026-09-01T13:51:17.166+05:30  INFO 37932 --- [bmp-salon-service] [rap-executor-%d] c.n.d.s.r.aws.ConfigClusterResolver      : Resolving eureka endpoints via configuration
2026-09-01T13:56:17.217+05:30  INFO 37932 --- [bmp-salon-service] [rap-executor-%d] c.n.d.s.r.aws.ConfigClusterResolver      : Resolving eureka endpoints via configuration
2026-09-01T14:01:17.219+05:30  INFO 37932 --- [bmp-salon-service] [rap-executor-%d] c.n.d.s.r.aws.ConfigClusterResolver      : Resolving eureka endpoints via configuration
2026-09-01T14:44:41.750+05:30  WARN 37932 --- [bmp-salon-service] [l-1 housekeeper] com.zaxxer.hikari.pool.HikariPool        : HikariPool-1 - Thread starvation or clock leap detected (housekeeper delta=41m21s460ms981µs400ns).
2026-09-01T14:44:42.139+05:30  INFO 37932 --- [bmp-salon-service] [container-0-C-1] org.apache.kafka.clients.NetworkClient   : [Consumer clientId=consumer-anonymous.dec1003b-caff-4343-8a95-5d0a501cd2ab-2, groupId=anonymous.dec1003b-caff-4343-8a95-5d0a501cd2ab] Node 1 disconnected.
2026-09-01T14:44:42.245+05:30  INFO 37932 --- [bmp-salon-service] [container-0-C-1] org.apache.kafka.clients.NetworkClient   : [Consumer clientId=consumer-anonymous.dec1003b-caff-4343-8a95-5d0a501cd2ab-2, groupId=anonymous.dec1003b-caff-4343-8a95-5d0a501cd2ab] Cancelled in-flight FETCH request with correlation id 165587 due to node 1 being disconnected (elapsed time since creation: 2455241ms, elapsed time since send: 2455241ms, throttle time: 0ms, request timeout: 30000ms)
2026-09-01T14:44:42.314+05:30  INFO 37932 --- [bmp-salon-service] [container-0-C-1] org.apache.kafka.clients.NetworkClient   : [Consumer clientId=consumer-anonymous.dec1003b-caff-4343-8a95-5d0a501cd2ab-2, groupId=anonymous.dec1003b-caff-4343-8a95-5d0a501cd2ab] Disconnecting from node 2147483646 due to request timeout.
2026-09-01T14:44:42.314+05:30  INFO 37932 --- [bmp-salon-service] [container-0-C-1] org.apache.kafka.clients.NetworkClient   : [Consumer clientId=consumer-anonymous.dec1003b-caff-4343-8a95-5d0a501cd2ab-2, groupId=anonymous.dec1003b-caff-4343-8a95-5d0a501cd2ab] Cancelled in-flight HEARTBEAT request with correlation id 165588 due to node 2147483646 being disconnected (elapsed time since creation: 2454444ms, elapsed time since send: 2454444ms, throttle time: 0ms, request timeout: 30000ms)
2026-09-01T14:44:42.366+05:30  INFO 37932 --- [bmp-salon-service] [95-5d0a501cd2ab] o.a.k.c.c.internals.ConsumerCoordinator  : [Consumer clientId=consumer-anonymous.dec1003b-caff-4343-8a95-5d0a501cd2ab-2, groupId=anonymous.dec1003b-caff-4343-8a95-5d0a501cd2ab] Group coordinator localhost:9092 (id: 2147483646 rack: null) is unavailable or invalid due to cause: null. isDisconnected: true. Rediscovery will be attempted.
2026-09-01T14:44:42.367+05:30  INFO 37932 --- [bmp-salon-service] [container-0-C-1] o.a.kafka.clients.FetchSessionHandler    : [Consumer clientId=consumer-anonymous.dec1003b-caff-4343-8a95-5d0a501cd2ab-2, groupId=anonymous.dec1003b-caff-4343-8a95-5d0a501cd2ab] Error sending fetch request (sessionId=954375614, epoch=2573) to node 1:

org.apache.kafka.common.errors.DisconnectException: null

2026-09-01T14:44:43.397+05:30  INFO 37932 --- [bmp-salon-service] [container-0-C-1] o.a.k.c.c.internals.ConsumerCoordinator  : [Consumer clientId=consumer-anonymous.dec1003b-caff-4343-8a95-5d0a501cd2ab-2, groupId=anonymous.dec1003b-caff-4343-8a95-5d0a501cd2ab] Discovered group coordinator localhost:9092 (id: 2147483646 rack: null)
2026-09-01T14:44:43.400+05:30  INFO 37932 --- [bmp-salon-service] [container-0-C-1] o.a.k.c.c.internals.ConsumerCoordinator  : [Consumer clientId=consumer-anonymous.dec1003b-caff-4343-8a95-5d0a501cd2ab-2, groupId=anonymous.dec1003b-caff-4343-8a95-5d0a501cd2ab] Discovered group coordinator localhost:9092 (id: 2147483646 rack: null)
2026-09-01T14:44:43.675+05:30  INFO 37932 --- [bmp-salon-service] [vice-producer-1] org.apache.kafka.clients.NetworkClient   : [Producer clientId=bmp-salon-service-producer-1] Node 1 disconnected.
2026-09-01T14:45:14.307+05:30  INFO 37932 --- [bmp-salon-service] [pool-3-thread-1] org.apache.kafka.clients.NetworkClient   : [Consumer clientId=consumer-anonymous.dec1003b-caff-4343-8a95-5d0a501cd2ab-3, groupId=anonymous.dec1003b-caff-4343-8a95-5d0a501cd2ab] Node 2147483646 disconnected.
2026-09-01T14:45:14.330+05:30  INFO 37932 --- [bmp-salon-service] [pool-3-thread-1] o.a.k.c.c.internals.ConsumerCoordinator  : [Consumer clientId=consumer-anonymous.dec1003b-caff-4343-8a95-5d0a501cd2ab-3, groupId=anonymous.dec1003b-caff-4343-8a95-5d0a501cd2ab] Group coordinator localhost:9092 (id: 2147483646 rack: null) is unavailable or invalid due to cause: coordinator unavailable. isDisconnected: true. Rediscovery will be attempted.
2026-09-01T14:45:14.335+05:30  INFO 37932 --- [bmp-salon-service] [pool-3-thread-1] o.a.k.c.c.internals.ConsumerCoordinator  : [Consumer clientId=consumer-anonymous.dec1003b-caff-4343-8a95-5d0a501cd2ab-3, groupId=anonymous.dec1003b-caff-4343-8a95-5d0a501cd2ab] Discovered group coordinator localhost:9092 (id: 2147483646 rack: null)
2026-09-01T14:45:14.336+05:30  INFO 37932 --- [bmp-salon-service] [pool-3-thread-1] o.a.k.c.c.internals.ConsumerCoordinator  : [Consumer clientId=consumer-anonymous.dec1003b-caff-4343-8a95-5d0a501cd2ab-3, groupId=anonymous.dec1003b-caff-4343-8a95-5d0a501cd2ab] Group coordinator localhost:9092 (id: 2147483646 rack: null) is unavailable or invalid due to cause: coordinator unavailable. isDisconnected: false. Rediscovery will be attempted.
2026-09-01T14:45:14.336+05:30  INFO 37932 --- [bmp-salon-service] [pool-3-thread-1] o.a.k.c.c.internals.ConsumerCoordinator  : [Consumer clientId=consumer-anonymous.dec1003b-caff-4343-8a95-5d0a501cd2ab-3, groupId=anonymous.dec1003b-caff-4343-8a95-5d0a501cd2ab] Requesting disconnect from last known coordinator localhost:9092 (id: 2147483646 rack: null)
2026-09-01T14:45:14.454+05:30  INFO 37932 --- [bmp-salon-service] [pool-3-thread-1] o.a.k.c.c.internals.ConsumerCoordinator  : [Consumer clientId=consumer-anonymous.dec1003b-caff-4343-8a95-5d0a501cd2ab-3, groupId=anonymous.dec1003b-caff-4343-8a95-5d0a501cd2ab] Discovered group coordinator localhost:9092 (id: 2147483646 rack: null)
2026-09-01T14:47:08.565+05:30  INFO 37932 --- [bmp-salon-service] [rap-executor-%d] c.n.d.s.r.aws.ConfigClusterResolver      : Resolving eureka endpoints via configuration
2026-09-01T14:52:08.585+05:30  INFO 37932 --- [bmp-salon-service] [rap-executor-%d] c.n.d.s.r.aws.ConfigClusterResolver      : Resolving eureka endpoints via configuration
2026-09-01T14:57:08.599+05:30  INFO 37932 --- [bmp-salon-service] [rap-executor-%d] c.n.d.s.r.aws.ConfigClusterResolver      : Resolving eureka endpoints via configuration
2026-09-01T15:02:08.641+05:30  INFO 37932 --- [bmp-salon-service] [rap-executor-%d] c.n.d.s.r.aws.ConfigClusterResolver      : Resolving eureka endpoints via configuration
2026-09-01T15:07:08.665+05:30  INFO 37932 --- [bmp-salon-service] [rap-executor-%d] c.n.d.s.r.aws.ConfigClusterResolver      : Resolving eureka endpoints via configuration
2026-09-01T15:12:08.668+05:30  INFO 37932 --- [bmp-salon-service] [rap-executor-%d] c.n.d.s.r.aws.ConfigClusterResolver      : Resolving eureka endpoints via configuration
2026-09-01T15:17:08.678+05:30  INFO 37932 --- [bmp-salon-service] [rap-executor-%d] c.n.d.s.r.aws.ConfigClusterResolver      : Resolving eureka endpoints via configuration
2026-09-01T15:22:08.684+05:30  INFO 37932 --- [bmp-salon-service] [rap-executor-%d] c.n.d.s.r.aws.ConfigClusterResolver      : Resolving eureka endpoints via configuration
2026-09-01T15:27:08.689+05:30  INFO 37932 --- [bmp-salon-service] [rap-executor-%d] c.n.d.s.r.aws.ConfigClusterResolver      : Resolving eureka endpoints via configuration
2026-09-01T15:32:08.710+05:30  INFO 37932 --- [bmp-salon-service] [rap-executor-%d] c.n.d.s.r.aws.ConfigClusterResolver      : Resolving eureka endpoints via configuration
2026-09-01T15:37:08.739+05:30  INFO 37932 --- [bmp-salon-service] [rap-executor-%d] c.n.d.s.r.aws.ConfigClusterResolver      : Resolving eureka endpoints via configuration
2026-09-01T15:42:08.744+05:30  INFO 37932 --- [bmp-salon-service] [rap-executor-%d] c.n.d.s.r.aws.ConfigClusterResolver      : Resolving eureka endpoints via configuration
2026-09-01T15:47:08.805+05:30  INFO 37932 --- [bmp-salon-service] [rap-executor-%d] c.n.d.s.r.aws.ConfigClusterResolver      : Resolving eureka endpoints via configuration
2026-09-01T15:52:08.830+05:30  INFO 37932 --- [bmp-salon-service] [rap-executor-%d] c.n.d.s.r.aws.ConfigClusterResolver      : Resolving eureka endpoints via configuration
2026-09-01T15:57:08.846+05:30  INFO 37932 --- [bmp-salon-service] [rap-executor-%d] c.n.d.s.r.aws.ConfigClusterResolver      : Resolving eureka endpoints via configuration
2026-09-01T16:02:08.863+05:30  INFO 37932 --- [bmp-salon-service] [rap-executor-%d] c.n.d.s.r.aws.ConfigClusterResolver      : Resolving eureka endpoints via configuration
2026-09-01T16:07:08.940+05:30  INFO 37932 --- [bmp-salon-service] [rap-executor-%d] c.n.d.s.r.aws.ConfigClusterResolver      : Resolving eureka endpoints via configuration
2026-09-01T16:12:08.978+05:30  INFO 37932 --- [bmp-salon-service] [rap-executor-%d] c.n.d.s.r.aws.ConfigClusterResolver      : Resolving eureka endpoints via configuration
2026-09-01T16:17:08.993+05:30  INFO 37932 --- [bmp-salon-service] [rap-executor-%d] c.n.d.s.r.aws.ConfigClusterResolver      : Resolving eureka endpoints via configuration
2026-09-01T16:22:08.999+05:30  INFO 37932 --- [bmp-salon-service] [rap-executor-%d] c.n.d.s.r.aws.ConfigClusterResolver      : Resolving eureka endpoints via configuration
2026-09-01T17:07:55.874+05:30  INFO 37932 --- [bmp-salon-service] [container-0-C-1] org.apache.kafka.clients.NetworkClient   : [Consumer clientId=consumer-anonymous.dec1003b-caff-4343-8a95-5d0a501cd2ab-2, groupId=anonymous.dec1003b-caff-4343-8a95-5d0a501cd2ab] Node 1 disconnected.
2026-09-01T17:07:56.105+05:30  INFO 37932 --- [bmp-salon-service] [container-0-C-1] org.apache.kafka.clients.NetworkClient   : [Consumer clientId=consumer-anonymous.dec1003b-caff-4343-8a95-5d0a501cd2ab-2, groupId=anonymous.dec1003b-caff-4343-8a95-5d0a501cd2ab] Cancelled in-flight FETCH request with correlation id 179175 due to node 1 being disconnected (elapsed time since creation: 2728804ms, elapsed time since send: 2728804ms, throttle time: 0ms, request timeout: 30000ms)
2026-09-01T17:07:56.151+05:30  INFO 37932 --- [bmp-salon-service] [95-5d0a501cd2ab] org.apache.kafka.clients.NetworkClient   : [Consumer clientId=consumer-anonymous.dec1003b-caff-4343-8a95-5d0a501cd2ab-2, groupId=anonymous.dec1003b-caff-4343-8a95-5d0a501cd2ab] Node 2147483646 disconnected.
2026-09-01T17:07:56.186+05:30  INFO 37932 --- [bmp-salon-service] [95-5d0a501cd2ab] o.a.k.c.c.internals.ConsumerCoordinator  : [Consumer clientId=consumer-anonymous.dec1003b-caff-4343-8a95-5d0a501cd2ab-2, groupId=anonymous.dec1003b-caff-4343-8a95-5d0a501cd2ab] Group coordinator localhost:9092 (id: 2147483646 rack: null) is unavailable or invalid due to cause: coordinator unavailable. isDisconnected: true. Rediscovery will be attempted.
2026-09-01T17:07:56.222+05:30  INFO 37932 --- [bmp-salon-service] [container-0-C-1] o.a.kafka.clients.FetchSessionHandler    : [Consumer clientId=consumer-anonymous.dec1003b-caff-4343-8a95-5d0a501cd2ab-2, groupId=anonymous.dec1003b-caff-4343-8a95-5d0a501cd2ab] Error sending fetch request (sessionId=1700816421, epoch=11593) to node 1:

org.apache.kafka.common.errors.DisconnectException: null

2026-09-01T17:07:57.918+05:30  INFO 37932 --- [bmp-salon-service] [container-0-C-1] o.a.k.c.c.internals.ConsumerCoordinator  : [Consumer clientId=consumer-anonymous.dec1003b-caff-4343-8a95-5d0a501cd2ab-2, groupId=anonymous.dec1003b-caff-4343-8a95-5d0a501cd2ab] Discovered group coordinator localhost:9092 (id: 2147483646 rack: null)
2026-09-01T17:07:57.940+05:30  INFO 37932 --- [bmp-salon-service] [container-0-C-1] o.a.k.c.c.internals.ConsumerCoordinator  : [Consumer clientId=consumer-anonymous.dec1003b-caff-4343-8a95-5d0a501cd2ab-2, groupId=anonymous.dec1003b-caff-4343-8a95-5d0a501cd2ab] Discovered group coordinator localhost:9092 (id: 2147483646 rack: null)
2026-09-01T17:08:08.311+05:30  WARN 37932 --- [bmp-salon-service] [l-1 housekeeper] com.zaxxer.hikari.pool.HikariPool        : HikariPool-1 - Thread starvation or clock leap detected (housekeeper delta=45m55s61ms732µs800ns).
2026-09-01T17:08:09.789+05:30  INFO 37932 --- [bmp-salon-service] [vice-producer-1] org.apache.kafka.clients.NetworkClient   : [Producer clientId=bmp-salon-service-producer-1] Node 1 disconnected.
2026-09-01T17:08:41.342+05:30  INFO 37932 --- [bmp-salon-service] [pool-3-thread-1] org.apache.kafka.clients.NetworkClient   : [Consumer clientId=consumer-anonymous.dec1003b-caff-4343-8a95-5d0a501cd2ab-3, groupId=anonymous.dec1003b-caff-4343-8a95-5d0a501cd2ab] Node 2147483646 disconnected.
2026-09-01T17:08:41.346+05:30  INFO 37932 --- [bmp-salon-service] [pool-3-thread-1] o.a.k.c.c.internals.ConsumerCoordinator  : [Consumer clientId=consumer-anonymous.dec1003b-caff-4343-8a95-5d0a501cd2ab-3, groupId=anonymous.dec1003b-caff-4343-8a95-5d0a501cd2ab] Group coordinator localhost:9092 (id: 2147483646 rack: null) is unavailable or invalid due to cause: coordinator unavailable. isDisconnected: true. Rediscovery will be attempted.
2026-09-01T17:08:41.349+05:30  INFO 37932 --- [bmp-salon-service] [pool-3-thread-1] o.a.k.c.c.internals.ConsumerCoordinator  : [Consumer clientId=consumer-anonymous.dec1003b-caff-4343-8a95-5d0a501cd2ab-3, groupId=anonymous.dec1003b-caff-4343-8a95-5d0a501cd2ab] Discovered group coordinator localhost:9092 (id: 2147483646 rack: null)
2026-09-01T17:08:41.349+05:30  INFO 37932 --- [bmp-salon-service] [pool-3-thread-1] o.a.k.c.c.internals.ConsumerCoordinator  : [Consumer clientId=consumer-anonymous.dec1003b-caff-4343-8a95-5d0a501cd2ab-3, groupId=anonymous.dec1003b-caff-4343-8a95-5d0a501cd2ab] Group coordinator localhost:9092 (id: 2147483646 rack: null) is unavailable or invalid due to cause: coordinator unavailable. isDisconnected: false. Rediscovery will be attempted.
2026-09-01T17:08:41.349+05:30  INFO 37932 --- [bmp-salon-service] [pool-3-thread-1] o.a.k.c.c.internals.ConsumerCoordinator  : [Consumer clientId=consumer-anonymous.dec1003b-caff-4343-8a95-5d0a501cd2ab-3, groupId=anonymous.dec1003b-caff-4343-8a95-5d0a501cd2ab] Requesting disconnect from last known coordinator localhost:9092 (id: 2147483646 rack: null)
2026-09-01T17:08:41.448+05:30  INFO 37932 --- [bmp-salon-service] [pool-3-thread-1] o.a.k.c.c.internals.ConsumerCoordinator  : [Consumer clientId=consumer-anonymous.dec1003b-caff-4343-8a95-5d0a501cd2ab-3, groupId=anonymous.dec1003b-caff-4343-8a95-5d0a501cd2ab] Discovered group coordinator localhost:9092 (id: 2147483646 rack: null)
2026-09-01T17:12:33.923+05:30  INFO 37932 --- [bmp-salon-service] [rap-executor-%d] c.n.d.s.r.aws.ConfigClusterResolver      : Resolving eureka endpoints via configuration
2026-09-01T17:17:33.935+05:30  INFO 37932 --- [bmp-salon-service] [rap-executor-%d] c.n.d.s.r.aws.ConfigClusterResolver      : Resolving eureka endpoints via configuration
2026-09-01T17:22:33.943+05:30  INFO 37932 --- [bmp-salon-service] [rap-executor-%d] c.n.d.s.r.aws.ConfigClusterResolver      : Resolving eureka endpoints via configuration
2026-09-01T17:27:33.965+05:30  INFO 37932 --- [bmp-salon-service] [rap-executor-%d] c.n.d.s.r.aws.ConfigClusterResolver      : Resolving eureka endpoints via configuration
2026-09-01T17:32:34.012+05:30  INFO 37932 --- [bmp-salon-service] [rap-executor-%d] c.n.d.s.r.aws.ConfigClusterResolver      : Resolving eureka endpoints via configuration
2026-09-01T17:37:34.021+05:30  INFO 37932 --- [bmp-salon-service] [rap-executor-%d] c.n.d.s.r.aws.ConfigClusterResolver      : Resolving eureka endpoints via configuration
2026-09-01T17:42:34.038+05:30  INFO 37932 --- [bmp-salon-service] [rap-executor-%d] c.n.d.s.r.aws.ConfigClusterResolver      : Resolving eureka endpoints via configuration
2026-09-01T17:47:34.051+05:30  INFO 37932 --- [bmp-salon-service] [rap-executor-%d] c.n.d.s.r.aws.ConfigClusterResolver      : Resolving eureka endpoints via configuration
2026-09-01T17:52:34.065+05:30  INFO 37932 --- [bmp-salon-service] [rap-executor-%d] c.n.d.s.r.aws.ConfigClusterResolver      : Resolving eureka endpoints via configuration
2026-09-01T17:57:34.082+05:30  INFO 37932 --- [bmp-salon-service] [rap-executor-%d] c.n.d.s.r.aws.ConfigClusterResolver      : Resolving eureka endpoints via configuration
2026-09-01T18:02:34.093+05:30  INFO 37932 --- [bmp-salon-service] [rap-executor-%d] c.n.d.s.r.aws.ConfigClusterResolver      : Resolving eureka endpoints via configuration
2026-09-01T18:15:31.725+05:30  INFO 37932 --- [bmp-salon-service] [95-5d0a501cd2ab] org.apache.kafka.clients.NetworkClient   : [Consumer clientId=consumer-anonymous.dec1003b-caff-4343-8a95-5d0a501cd2ab-2, groupId=anonymous.dec1003b-caff-4343-8a95-5d0a501cd2ab] Node 2147483646 disconnected.
2026-09-01T18:15:31.854+05:30  INFO 37932 --- [bmp-salon-service] [95-5d0a501cd2ab] org.apache.kafka.clients.NetworkClient   : [Consumer clientId=consumer-anonymous.dec1003b-caff-4343-8a95-5d0a501cd2ab-2, groupId=anonymous.dec1003b-caff-4343-8a95-5d0a501cd2ab] Disconnecting from node 1 due to request timeout.
2026-09-01T18:15:31.856+05:30  INFO 37932 --- [bmp-salon-service] [95-5d0a501cd2ab] org.apache.kafka.clients.NetworkClient   : [Consumer clientId=consumer-anonymous.dec1003b-caff-4343-8a95-5d0a501cd2ab-2, groupId=anonymous.dec1003b-caff-4343-8a95-5d0a501cd2ab] Cancelled in-flight FETCH request with correlation id 187068 due to node 1 being disconnected (elapsed time since creation: 646661ms, elapsed time since send: 646661ms, throttle time: 0ms, request timeout: 30000ms)
2026-09-01T18:15:31.857+05:30  INFO 37932 --- [bmp-salon-service] [95-5d0a501cd2ab] o.a.kafka.clients.FetchSessionHandler    : [Consumer clientId=consumer-anonymous.dec1003b-caff-4343-8a95-5d0a501cd2ab-2, groupId=anonymous.dec1003b-caff-4343-8a95-5d0a501cd2ab] Error sending fetch request (sessionId=2019855737, epoch=6730) to node 1:

org.apache.kafka.common.errors.DisconnectException: null

2026-09-01T18:15:32.060+05:30  INFO 37932 --- [bmp-salon-service] [95-5d0a501cd2ab] o.a.k.c.c.internals.ConsumerCoordinator  : [Consumer clientId=consumer-anonymous.dec1003b-caff-4343-8a95-5d0a501cd2ab-2, groupId=anonymous.dec1003b-caff-4343-8a95-5d0a501cd2ab] Group coordinator localhost:9092 (id: 2147483646 rack: null) is unavailable or invalid due to cause: session timed out without receiving a heartbeat response. isDisconnected: false. Rediscovery will be attempted.
2026-09-01T18:15:32.061+05:30  INFO 37932 --- [bmp-salon-service] [95-5d0a501cd2ab] o.a.k.c.c.internals.ConsumerCoordinator  : [Consumer clientId=consumer-anonymous.dec1003b-caff-4343-8a95-5d0a501cd2ab-2, groupId=anonymous.dec1003b-caff-4343-8a95-5d0a501cd2ab] Requesting disconnect from last known coordinator localhost:9092 (id: 2147483646 rack: null)
2026-09-01T18:15:32.799+05:30  INFO 37932 --- [bmp-salon-service] [container-0-C-1] o.a.k.c.c.internals.ConsumerCoordinator  : [Consumer clientId=consumer-anonymous.dec1003b-caff-4343-8a95-5d0a501cd2ab-2, groupId=anonymous.dec1003b-caff-4343-8a95-5d0a501cd2ab] Discovered group coordinator localhost:9092 (id: 2147483646 rack: null)
2026-09-01T18:15:52.515+05:30  WARN 37932 --- [bmp-salon-service] [l-1 housekeeper] com.zaxxer.hikari.pool.HikariPool        : HikariPool-1 - Thread starvation or clock leap detected (housekeeper delta=11m13s290ms220µs300ns).
2026-09-01T18:15:53.256+05:30  INFO 37932 --- [bmp-salon-service] [vice-producer-1] org.apache.kafka.clients.NetworkClient   : [Producer clientId=bmp-salon-service-producer-1] Node 1 disconnected.
2026-09-01T18:16:25.847+05:30  INFO 37932 --- [bmp-salon-service] [pool-3-thread-1] org.apache.kafka.clients.NetworkClient   : [Consumer clientId=consumer-anonymous.dec1003b-caff-4343-8a95-5d0a501cd2ab-3, groupId=anonymous.dec1003b-caff-4343-8a95-5d0a501cd2ab] Node 2147483646 disconnected.
2026-09-01T18:16:25.855+05:30  INFO 37932 --- [bmp-salon-service] [pool-3-thread-1] o.a.k.c.c.internals.ConsumerCoordinator  : [Consumer clientId=consumer-anonymous.dec1003b-caff-4343-8a95-5d0a501cd2ab-3, groupId=anonymous.dec1003b-caff-4343-8a95-5d0a501cd2ab] Group coordinator localhost:9092 (id: 2147483646 rack: null) is unavailable or invalid due to cause: coordinator unavailable. isDisconnected: true. Rediscovery will be attempted.
2026-09-01T18:16:25.863+05:30  INFO 37932 --- [bmp-salon-service] [pool-3-thread-1] o.a.k.c.c.internals.ConsumerCoordinator  : [Consumer clientId=consumer-anonymous.dec1003b-caff-4343-8a95-5d0a501cd2ab-3, groupId=anonymous.dec1003b-caff-4343-8a95-5d0a501cd2ab] Discovered group coordinator localhost:9092 (id: 2147483646 rack: null)
2026-09-01T18:16:25.864+05:30  INFO 37932 --- [bmp-salon-service] [pool-3-thread-1] o.a.k.c.c.internals.ConsumerCoordinator  : [Consumer clientId=consumer-anonymous.dec1003b-caff-4343-8a95-5d0a501cd2ab-3, groupId=anonymous.dec1003b-caff-4343-8a95-5d0a501cd2ab] Group coordinator localhost:9092 (id: 2147483646 rack: null) is unavailable or invalid due to cause: coordinator unavailable. isDisconnected: false. Rediscovery will be attempted.
2026-09-01T18:16:25.864+05:30  INFO 37932 --- [bmp-salon-service] [pool-3-thread-1] o.a.k.c.c.internals.ConsumerCoordinator  : [Consumer clientId=consumer-anonymous.dec1003b-caff-4343-8a95-5d0a501cd2ab-3, groupId=anonymous.dec1003b-caff-4343-8a95-5d0a501cd2ab] Requesting disconnect from last known coordinator localhost:9092 (id: 2147483646 rack: null)
2026-09-01T18:16:25.974+05:30  INFO 37932 --- [bmp-salon-service] [pool-3-thread-1] o.a.k.c.c.internals.ConsumerCoordinator  : [Consumer clientId=consumer-anonymous.dec1003b-caff-4343-8a95-5d0a501cd2ab-3, groupId=anonymous.dec1003b-caff-4343-8a95-5d0a501cd2ab] Discovered group coordinator localhost:9092 (id: 2147483646 rack: null)
2026-09-01T18:18:17.259+05:30  INFO 37932 --- [bmp-salon-service] [rap-executor-%d] c.n.d.s.r.aws.ConfigClusterResolver      : Resolving eureka endpoints via configuration
2026-09-01T18:23:17.286+05:30  INFO 37932 --- [bmp-salon-service] [rap-executor-%d] c.n.d.s.r.aws.ConfigClusterResolver      : Resolving eureka endpoints via configuration
2026-09-01T18:28:17.300+05:30  INFO 37932 --- [bmp-salon-service] [rap-executor-%d] c.n.d.s.r.aws.ConfigClusterResolver      : Resolving eureka endpoints via configuration
2026-09-01T18:33:17.314+05:30  INFO 37932 --- [bmp-salon-service] [rap-executor-%d] c.n.d.s.r.aws.ConfigClusterResolver      : Resolving eureka endpoints via configuration
2026-09-01T18:38:17.327+05:30  INFO 37932 --- [bmp-salon-service] [rap-executor-%d] c.n.d.s.r.aws.ConfigClusterResolver      : Resolving eureka endpoints via configuration
2026-09-01T18:43:17.344+05:30  INFO 37932 --- [bmp-salon-service] [rap-executor-%d] c.n.d.s.r.aws.ConfigClusterResolver      : Resolving eureka endpoints via configuration
2026-09-01T18:48:17.356+05:30  INFO 37932 --- [bmp-salon-service] [rap-executor-%d] c.n.d.s.r.aws.ConfigClusterResolver      : Resolving eureka endpoints via configuration
2026-09-01T18:53:17.379+05:30  INFO 37932 --- [bmp-salon-service] [rap-executor-%d] c.n.d.s.r.aws.ConfigClusterResolver      : Resolving eureka endpoints via configuration
2026-09-01T18:58:17.392+05:30  INFO 37932 --- [bmp-salon-service] [rap-executor-%d] c.n.d.s.r.aws.ConfigClusterResolver      : Resolving eureka endpoints via configuration
2026-09-01T19:03:17.437+05:30  INFO 37932 --- [bmp-salon-service] [rap-executor-%d] c.n.d.s.r.aws.ConfigClusterResolver      : Resolving eureka endpoints via configuration
2026-09-01T19:08:17.438+05:30  INFO 37932 --- [bmp-salon-service] [rap-executor-%d] c.n.d.s.r.aws.ConfigClusterResolver      : Resolving eureka endpoints via configuration
2026-09-01T19:13:17.451+05:30  INFO 37932 --- [bmp-salon-service] [rap-executor-%d] c.n.d.s.r.aws.ConfigClusterResolver      : Resolving eureka endpoints via configuration
2026-09-01T19:18:17.460+05:30  INFO 37932 --- [bmp-salon-service] [rap-executor-%d] c.n.d.s.r.aws.ConfigClusterResolver      : Resolving eureka endpoints via configuration
2026-09-01T22:19:19.408+05:30  INFO 37932 --- [bmp-salon-service] [95-5d0a501cd2ab] org.apache.kafka.clients.NetworkClient   : [Consumer clientId=consumer-anonymous.dec1003b-caff-4343-8a95-5d0a501cd2ab-2, groupId=anonymous.dec1003b-caff-4343-8a95-5d0a501cd2ab] Node 1 disconnected.
2026-09-01T22:19:20.435+05:30  INFO 37932 --- [bmp-salon-service] [95-5d0a501cd2ab] org.apache.kafka.clients.NetworkClient   : [Consumer clientId=consumer-anonymous.dec1003b-caff-4343-8a95-5d0a501cd2ab-2, groupId=anonymous.dec1003b-caff-4343-8a95-5d0a501cd2ab] Cancelled in-flight FETCH request with correlation id 196441 due to node 1 being disconnected (elapsed time since creation: 10576481ms, elapsed time since send: 10576481ms, throttle time: 0ms, request timeout: 30000ms)
2026-09-01T22:19:20.436+05:30  INFO 37932 --- [bmp-salon-service] [95-5d0a501cd2ab] org.apache.kafka.clients.NetworkClient   : [Consumer clientId=consumer-anonymous.dec1003b-caff-4343-8a95-5d0a501cd2ab-2, groupId=anonymous.dec1003b-caff-4343-8a95-5d0a501cd2ab] Cancelled in-flight METADATA request with correlation id 196443 due to node 1 being disconnected (elapsed time since creation: 1888ms, elapsed time since send: 1888ms, throttle time: 0ms, request timeout: 30000ms)
2026-09-01T22:19:20.824+05:30  INFO 37932 --- [bmp-salon-service] [95-5d0a501cd2ab] org.apache.kafka.clients.NetworkClient   : [Consumer clientId=consumer-anonymous.dec1003b-caff-4343-8a95-5d0a501cd2ab-2, groupId=anonymous.dec1003b-caff-4343-8a95-5d0a501cd2ab] Disconnecting from node 2147483646 due to request timeout.
2026-09-01T22:19:20.824+05:30  INFO 37932 --- [bmp-salon-service] [95-5d0a501cd2ab] org.apache.kafka.clients.NetworkClient   : [Consumer clientId=consumer-anonymous.dec1003b-caff-4343-8a95-5d0a501cd2ab-2, groupId=anonymous.dec1003b-caff-4343-8a95-5d0a501cd2ab] Cancelled in-flight HEARTBEAT request with correlation id 196442 due to node 2147483646 being disconnected (elapsed time since creation: 10573742ms, elapsed time since send: 10573742ms, throttle time: 0ms, request timeout: 30000ms)
2026-09-01T22:19:21.006+05:30  INFO 37932 --- [bmp-salon-service] [95-5d0a501cd2ab] o.a.kafka.clients.FetchSessionHandler    : [Consumer clientId=consumer-anonymous.dec1003b-caff-4343-8a95-5d0a501cd2ab-2, groupId=anonymous.dec1003b-caff-4343-8a95-5d0a501cd2ab] Error sending fetch request (sessionId=2057423767, epoch=7994) to node 1:

org.apache.kafka.common.errors.DisconnectException: null

2026-09-01T22:19:23.427+05:30  INFO 37932 --- [bmp-salon-service] [95-5d0a501cd2ab] o.a.k.c.c.internals.ConsumerCoordinator  : [Consumer clientId=consumer-anonymous.dec1003b-caff-4343-8a95-5d0a501cd2ab-2, groupId=anonymous.dec1003b-caff-4343-8a95-5d0a501cd2ab] Group coordinator localhost:9092 (id: 2147483646 rack: null) is unavailable or invalid due to cause: null. isDisconnected: true. Rediscovery will be attempted.
2026-09-01T22:19:25.018+05:30  INFO 37932 --- [bmp-salon-service] [container-0-C-1] o.a.k.c.c.internals.ConsumerCoordinator  : [Consumer clientId=consumer-anonymous.dec1003b-caff-4343-8a95-5d0a501cd2ab-2, groupId=anonymous.dec1003b-caff-4343-8a95-5d0a501cd2ab] Discovered group coordinator localhost:9092 (id: 2147483646 rack: null)
2026-09-01T22:19:29.242+05:30  INFO 37932 --- [bmp-salon-service] [rap-executor-%d] c.n.d.s.r.aws.ConfigClusterResolver      : Resolving eureka endpoints via configuration
2026-09-01T22:19:35.430+05:30  INFO 37932 --- [bmp-salon-service] [vice-producer-1] org.apache.kafka.clients.NetworkClient   : [Producer clientId=bmp-salon-service-producer-1] Node 1 disconnected.
2026-09-01T22:19:35.634+05:30  WARN 37932 --- [bmp-salon-service] [l-1 housekeeper] com.zaxxer.hikari.pool.HikariPool        : HikariPool-1 - Thread starvation or clock leap detected (housekeeper delta=2h56m41s904ms607µs500ns).
2026-09-01T22:19:39.133+05:30  INFO 37932 --- [bmp-salon-service] [pool-3-thread-1] org.apache.kafka.clients.NetworkClient   : [Consumer clientId=consumer-anonymous.dec1003b-caff-4343-8a95-5d0a501cd2ab-3, groupId=anonymous.dec1003b-caff-4343-8a95-5d0a501cd2ab] Node 2147483646 disconnected.
2026-09-01T22:24:41.219+05:30  INFO 37932 --- [bmp-salon-service] [rap-executor-%d] c.n.d.s.r.aws.ConfigClusterResolver      : Resolving eureka endpoints via configuration
2026-09-01T22:29:41.254+05:30  INFO 37932 --- [bmp-salon-service] [rap-executor-%d] c.n.d.s.r.aws.ConfigClusterResolver      : Resolving eureka endpoints via configuration
2026-09-01T22:34:41.279+05:30  INFO 37932 --- [bmp-salon-service] [rap-executor-%d] c.n.d.s.r.aws.ConfigClusterResolver      : Resolving eureka endpoints via configuration
2026-09-01T22:39:41.284+05:30  INFO 37932 --- [bmp-salon-service] [rap-executor-%d] c.n.d.s.r.aws.ConfigClusterResolver      : Resolving eureka endpoints via configuration
2026-09-01T22:44:41.307+05:30  INFO 37932 --- [bmp-salon-service] [rap-executor-%d] c.n.d.s.r.aws.ConfigClusterResolver      : Resolving eureka endpoints via configuration
2026-09-01T22:49:41.322+05:30  INFO 37932 --- [bmp-salon-service] [rap-executor-%d] c.n.d.s.r.aws.ConfigClusterResolver      : Resolving eureka endpoints via configuration
2026-09-01T22:54:41.336+05:30  INFO 37932 --- [bmp-salon-service] [rap-executor-%d] c.n.d.s.r.aws.ConfigClusterResolver      : Resolving eureka endpoints via configuration
2026-09-01T22:59:41.348+05:30  INFO 37932 --- [bmp-salon-service] [rap-executor-%d] c.n.d.s.r.aws.ConfigClusterResolver      : Resolving eureka endpoints via configuration
2026-09-01T23:04:41.357+05:30  INFO 37932 --- [bmp-salon-service] [rap-executor-%d] c.n.d.s.r.aws.ConfigClusterResolver      : Resolving eureka endpoints via configuration
2026-09-01T23:09:41.376+05:30  INFO 37932 --- [bmp-salon-service] [rap-executor-%d] c.n.d.s.r.aws.ConfigClusterResolver      : Resolving eureka endpoints via configuration
2026-09-01T23:14:41.394+05:30  INFO 37932 --- [bmp-salon-service] [rap-executor-%d] c.n.d.s.r.aws.ConfigClusterResolver      : Resolving eureka endpoints via configuration
2026-09-01T23:19:41.405+05:30  INFO 37932 --- [bmp-salon-service] [rap-executor-%d] c.n.d.s.r.aws.ConfigClusterResolver      : Resolving eureka endpoints via configuration
2026-09-01T23:24:41.409+05:30  INFO 37932 --- [bmp-salon-service] [rap-executor-%d] c.n.d.s.r.aws.ConfigClusterResolver      : Resolving eureka endpoints via configuration
2026-09-01T23:29:41.423+05:30  INFO 37932 --- [bmp-salon-service] [rap-executor-%d] c.n.d.s.r.aws.ConfigClusterResolver      : Resolving eureka endpoints via configuration
2026-09-01T23:34:41.428+05:30  INFO 37932 --- [bmp-salon-service] [rap-executor-%d] c.n.d.s.r.aws.ConfigClusterResolver      : Resolving eureka endpoints via configuration
2026-09-01T23:39:41.433+05:30  INFO 37932 --- [bmp-salon-service] [rap-executor-%d] c.n.d.s.r.aws.ConfigClusterResolver      : Resolving eureka endpoints via configuration
2026-09-01T23:44:41.441+05:30  INFO 37932 --- [bmp-salon-service] [rap-executor-%d] c.n.d.s.r.aws.ConfigClusterResolver      : Resolving eureka endpoints via configuration
2026-09-01T23:49:41.447+05:30  INFO 37932 --- [bmp-salon-service] [rap-executor-%d] c.n.d.s.r.aws.ConfigClusterResolver      : Resolving eureka endpoints via configuration
2026-09-01T23:54:41.461+05:30  INFO 37932 --- [bmp-salon-service] [rap-executor-%d] c.n.d.s.r.aws.ConfigClusterResolver      : Resolving eureka endpoints via configuration
2026-09-01T23:59:41.472+05:30  INFO 37932 --- [bmp-salon-service] [rap-executor-%d] c.n.d.s.r.aws.ConfigClusterResolver      : Resolving eureka endpoints via configuration
2026-09-02T00:04:41.489+05:30  INFO 37932 --- [bmp-salon-service] [rap-executor-%d] c.n.d.s.r.aws.ConfigClusterResolver      : Resolving eureka endpoints via configuration
2026-09-02T00:09:41.506+05:30  INFO 37932 --- [bmp-salon-service] [rap-executor-%d] c.n.d.s.r.aws.ConfigClusterResolver      : Resolving eureka endpoints via configuration
2026-09-02T00:14:41.529+05:30  INFO 37932 --- [bmp-salon-service] [rap-executor-%d] c.n.d.s.r.aws.ConfigClusterResolver      : Resolving eureka endpoints via configuration
2026-09-02T00:19:41.541+05:30  INFO 37932 --- [bmp-salon-service] [rap-executor-%d] c.n.d.s.r.aws.ConfigClusterResolver      : Resolving eureka endpoints via configuration
2026-09-02T00:24:41.568+05:30  INFO 37932 --- [bmp-salon-service] [rap-executor-%d] c.n.d.s.r.aws.ConfigClusterResolver      : Resolving eureka endpoints via configuration
2026-09-02T00:29:41.572+05:30  INFO 37932 --- [bmp-salon-service] [rap-executor-%d] c.n.d.s.r.aws.ConfigClusterResolver      : Resolving eureka endpoints via configuration
2026-09-02T00:34:41.581+05:30  INFO 37932 --- [bmp-salon-service] [rap-executor-%d] c.n.d.s.r.aws.ConfigClusterResolver      : Resolving eureka endpoints via configuration
2026-09-02T00:39:41.584+05:30  INFO 37932 --- [bmp-salon-service] [rap-executor-%d] c.n.d.s.r.aws.ConfigClusterResolver      : Resolving eureka endpoints via configuration
2026-09-02T03:40:10.016+05:30  INFO 37932 --- [bmp-salon-service] [95-5d0a501cd2ab] org.apache.kafka.clients.NetworkClient   : [Consumer clientId=consumer-anonymous.dec1003b-caff-4343-8a95-5d0a501cd2ab-2, groupId=anonymous.dec1003b-caff-4343-8a95-5d0a501cd2ab] Node 1 disconnected.
2026-09-02T03:40:10.512+05:30  INFO 37932 --- [bmp-salon-service] [95-5d0a501cd2ab] org.apache.kafka.clients.NetworkClient   : [Consumer clientId=consumer-anonymous.dec1003b-caff-4343-8a95-5d0a501cd2ab-2, groupId=anonymous.dec1003b-caff-4343-8a95-5d0a501cd2ab] Cancelled in-flight FETCH request with correlation id 215973 due to node 1 being disconnected (elapsed time since creation: 10804369ms, elapsed time since send: 10804369ms, throttle time: 0ms, request timeout: 30000ms)
2026-09-02T03:40:10.513+05:30  INFO 37932 --- [bmp-salon-service] [95-5d0a501cd2ab] org.apache.kafka.clients.NetworkClient   : [Consumer clientId=consumer-anonymous.dec1003b-caff-4343-8a95-5d0a501cd2ab-2, groupId=anonymous.dec1003b-caff-4343-8a95-5d0a501cd2ab] Cancelled in-flight METADATA request with correlation id 215975 due to node 1 being disconnected (elapsed time since creation: 1481ms, elapsed time since send: 1481ms, throttle time: 0ms, request timeout: 30000ms)
2026-09-02T03:40:10.519+05:30  INFO 37932 --- [bmp-salon-service] [95-5d0a501cd2ab] org.apache.kafka.clients.NetworkClient   : [Consumer clientId=consumer-anonymous.dec1003b-caff-4343-8a95-5d0a501cd2ab-2, groupId=anonymous.dec1003b-caff-4343-8a95-5d0a501cd2ab] Disconnecting from node 2147483646 due to request timeout.
2026-09-02T03:40:10.519+05:30  INFO 37932 --- [bmp-salon-service] [95-5d0a501cd2ab] org.apache.kafka.clients.NetworkClient   : [Consumer clientId=consumer-anonymous.dec1003b-caff-4343-8a95-5d0a501cd2ab-2, groupId=anonymous.dec1003b-caff-4343-8a95-5d0a501cd2ab] Cancelled in-flight HEARTBEAT request with correlation id 215974 due to node 2147483646 being disconnected (elapsed time since creation: 10802074ms, elapsed time since send: 10802074ms, throttle time: 0ms, request timeout: 30000ms)
2026-09-02T03:40:10.634+05:30  INFO 37932 --- [bmp-salon-service] [95-5d0a501cd2ab] o.a.kafka.clients.FetchSessionHandler    : [Consumer clientId=consumer-anonymous.dec1003b-caff-4343-8a95-5d0a501cd2ab-2, groupId=anonymous.dec1003b-caff-4343-8a95-5d0a501cd2ab] Error sending fetch request (sessionId=1037489259, epoch=16661) to node 1:

org.apache.kafka.common.errors.DisconnectException: null

2026-09-02T03:40:11.467+05:30  INFO 37932 --- [bmp-salon-service] [95-5d0a501cd2ab] o.a.k.c.c.internals.ConsumerCoordinator  : [Consumer clientId=consumer-anonymous.dec1003b-caff-4343-8a95-5d0a501cd2ab-2, groupId=anonymous.dec1003b-caff-4343-8a95-5d0a501cd2ab] Group coordinator localhost:9092 (id: 2147483646 rack: null) is unavailable or invalid due to cause: null. isDisconnected: true. Rediscovery will be attempted.
2026-09-02T03:40:12.293+05:30  INFO 37932 --- [bmp-salon-service] [vice-producer-1] org.apache.kafka.clients.NetworkClient   : [Producer clientId=bmp-salon-service-producer-1] Node 1 disconnected.
2026-09-02T03:40:13.114+05:30  INFO 37932 --- [bmp-salon-service] [container-0-C-1] o.a.k.c.c.internals.ConsumerCoordinator  : [Consumer clientId=consumer-anonymous.dec1003b-caff-4343-8a95-5d0a501cd2ab-2, groupId=anonymous.dec1003b-caff-4343-8a95-5d0a501cd2ab] Discovered group coordinator localhost:9092 (id: 2147483646 rack: null)
2026-09-02T03:40:14.208+05:30  WARN 37932 --- [bmp-salon-service] [l-1 housekeeper] com.zaxxer.hikari.pool.HikariPool        : HikariPool-1 - Thread starvation or clock leap detected (housekeeper delta=3h29s530ms877µs).
2026-09-02T10:42:50.873+05:30  INFO 37932 --- [bmp-salon-service] [95-5d0a501cd2ab] o.a.k.c.c.internals.ConsumerCoordinator  : [Consumer clientId=consumer-anonymous.dec1003b-caff-4343-8a95-5d0a501cd2ab-2, groupId=anonymous.dec1003b-caff-4343-8a95-5d0a501cd2ab] Group coordinator localhost:9092 (id: 2147483646 rack: null) is unavailable or invalid due to cause: session timed out without receiving a heartbeat response. isDisconnected: false. Rediscovery will be attempted.
2026-09-02T10:42:50.908+05:30  INFO 37932 --- [bmp-salon-service] [95-5d0a501cd2ab] o.a.k.c.c.internals.ConsumerCoordinator  : [Consumer clientId=consumer-anonymous.dec1003b-caff-4343-8a95-5d0a501cd2ab-2, groupId=anonymous.dec1003b-caff-4343-8a95-5d0a501cd2ab] Requesting disconnect from last known coordinator localhost:9092 (id: 2147483646 rack: null)
2026-09-02T10:42:50.931+05:30  INFO 37932 --- [bmp-salon-service] [95-5d0a501cd2ab] org.apache.kafka.clients.NetworkClient   : [Consumer clientId=consumer-anonymous.dec1003b-caff-4343-8a95-5d0a501cd2ab-2, groupId=anonymous.dec1003b-caff-4343-8a95-5d0a501cd2ab] Client requested disconnect from node 2147483646
2026-09-02T10:42:51.151+05:30  INFO 37932 --- [bmp-salon-service] [95-5d0a501cd2ab] org.apache.kafka.clients.NetworkClient   : [Consumer clientId=consumer-anonymous.dec1003b-caff-4343-8a95-5d0a501cd2ab-2, groupId=anonymous.dec1003b-caff-4343-8a95-5d0a501cd2ab] Node 1 disconnected.
2026-09-02T10:42:51.152+05:30  INFO 37932 --- [bmp-salon-service] [95-5d0a501cd2ab] org.apache.kafka.clients.NetworkClient   : [Consumer clientId=consumer-anonymous.dec1003b-caff-4343-8a95-5d0a501cd2ab-2, groupId=anonymous.dec1003b-caff-4343-8a95-5d0a501cd2ab] Cancelled in-flight FETCH request with correlation id 215991 due to node 1 being disconnected (elapsed time since creation: 25354786ms, elapsed time since send: 25354786ms, throttle time: 0ms, request timeout: 30000ms)
2026-09-02T10:42:51.152+05:30  INFO 37932 --- [bmp-salon-service] [95-5d0a501cd2ab] org.apache.kafka.clients.NetworkClient   : [Consumer clientId=consumer-anonymous.dec1003b-caff-4343-8a95-5d0a501cd2ab-2, groupId=anonymous.dec1003b-caff-4343-8a95-5d0a501cd2ab] Cancelled in-flight METADATA request with correlation id 215992 due to node 1 being disconnected (elapsed time since creation: 220ms, elapsed time since send: 220ms, throttle time: 0ms, request timeout: 30000ms)
2026-09-02T10:42:51.152+05:30  INFO 37932 --- [bmp-salon-service] [95-5d0a501cd2ab] o.a.kafka.clients.FetchSessionHandler    : [Consumer clientId=consumer-anonymous.dec1003b-caff-4343-8a95-5d0a501cd2ab-2, groupId=anonymous.dec1003b-caff-4343-8a95-5d0a501cd2ab] Error sending fetch request (sessionId=420009528, epoch=7) to node 1:

org.apache.kafka.common.errors.DisconnectException: null

2026-09-02T10:42:53.598+05:30  INFO 37932 --- [bmp-salon-service] [container-0-C-1] o.a.k.c.c.internals.ConsumerCoordinator  : [Consumer clientId=consumer-anonymous.dec1003b-caff-4343-8a95-5d0a501cd2ab-2, groupId=anonymous.dec1003b-caff-4343-8a95-5d0a501cd2ab] Discovered group coordinator localhost:9092 (id: 2147483646 rack: null)
2026-09-02T10:43:16.083+05:30  INFO 37932 --- [bmp-salon-service] [vice-producer-1] org.apache.kafka.clients.NetworkClient   : [Producer clientId=bmp-salon-service-producer-1] Node 1 disconnected.
2026-09-02T10:43:16.327+05:30  WARN 37932 --- [bmp-salon-service] [l-1 housekeeper] com.zaxxer.hikari.pool.HikariPool        : HikariPool-1 - Thread starvation or clock leap detected (housekeeper delta=7h3m4s744ms624µs900ns).
2026-09-02T10:43:16.981+05:30  INFO 37932 --- [bmp-salon-service] [pool-3-thread-1] org.apache.kafka.clients.NetworkClient   : [Consumer clientId=consumer-anonymous.dec1003b-caff-4343-8a95-5d0a501cd2ab-3, groupId=anonymous.dec1003b-caff-4343-8a95-5d0a501cd2ab] Node 2147483646 disconnected.
2026-09-02T10:47:13.037+05:30  INFO 37932 --- [bmp-salon-service] [rap-executor-%d] c.n.d.s.r.aws.ConfigClusterResolver      : Resolving eureka endpoints via configuration
2026-09-02T10:52:13.054+05:30  INFO 37932 --- [bmp-salon-service] [rap-executor-%d] c.n.d.s.r.aws.ConfigClusterResolver      : Resolving eureka endpoints via configuration
2026-09-02T10:57:13.056+05:30  INFO 37932 --- [bmp-salon-service] [rap-executor-%d] c.n.d.s.r.aws.ConfigClusterResolver      : Resolving eureka endpoints via configuration
2026-09-02T11:02:13.057+05:30  INFO 37932 --- [bmp-salon-service] [rap-executor-%d] c.n.d.s.r.aws.ConfigClusterResolver      : Resolving eureka endpoints via configuration
2026-09-02T11:07:13.069+05:30  INFO 37932 --- [bmp-salon-service] [rap-executor-%d] c.n.d.s.r.aws.ConfigClusterResolver      : Resolving eureka endpoints via configuration
2026-09-02T11:12:13.083+05:30  INFO 37932 --- [bmp-salon-service] [rap-executor-%d] c.n.d.s.r.aws.ConfigClusterResolver      : Resolving eureka endpoints via configuration
2026-09-02T11:17:13.123+05:30  INFO 37932 --- [bmp-salon-service] [rap-executor-%d] c.n.d.s.r.aws.ConfigClusterResolver      : Resolving eureka endpoints via configuration
2026-09-02T11:22:13.135+05:30  INFO 37932 --- [bmp-salon-service] [rap-executor-%d] c.n.d.s.r.aws.ConfigClusterResolver      : Resolving eureka endpoints via configuration
2026-09-02T12:21:00.390+05:30  INFO 37932 --- [bmp-salon-service] [container-0-C-1] org.apache.kafka.clients.NetworkClient   : [Consumer clientId=consumer-anonymous.dec1003b-caff-4343-8a95-5d0a501cd2ab-2, groupId=anonymous.dec1003b-caff-4343-8a95-5d0a501cd2ab] Node 1 disconnected.
2026-09-02T12:21:00.400+05:30  INFO 37932 --- [bmp-salon-service] [container-0-C-1] org.apache.kafka.clients.NetworkClient   : [Consumer clientId=consumer-anonymous.dec1003b-caff-4343-8a95-5d0a501cd2ab-2, groupId=anonymous.dec1003b-caff-4343-8a95-5d0a501cd2ab] Cancelled in-flight FETCH request with correlation id 221900 due to node 1 being disconnected (elapsed time since creation: 3330422ms, elapsed time since send: 3330422ms, throttle time: 0ms, request timeout: 30000ms)
2026-09-02T12:21:00.407+05:30  INFO 37932 --- [bmp-salon-service] [container-0-C-1] org.apache.kafka.clients.NetworkClient   : [Consumer clientId=consumer-anonymous.dec1003b-caff-4343-8a95-5d0a501cd2ab-2, groupId=anonymous.dec1003b-caff-4343-8a95-5d0a501cd2ab] Disconnecting from node 2147483646 due to request timeout.
2026-09-02T12:21:00.407+05:30  INFO 37932 --- [bmp-salon-service] [container-0-C-1] org.apache.kafka.clients.NetworkClient   : [Consumer clientId=consumer-anonymous.dec1003b-caff-4343-8a95-5d0a501cd2ab-2, groupId=anonymous.dec1003b-caff-4343-8a95-5d0a501cd2ab] Cancelled in-flight HEARTBEAT request with correlation id 221901 due to node 2147483646 being disconnected (elapsed time since creation: 3329555ms, elapsed time since send: 3329555ms, throttle time: 0ms, request timeout: 30000ms)
2026-09-02T12:21:00.415+05:30  INFO 37932 --- [bmp-salon-service] [95-5d0a501cd2ab] o.a.k.c.c.internals.ConsumerCoordinator  : [Consumer clientId=consumer-anonymous.dec1003b-caff-4343-8a95-5d0a501cd2ab-2, groupId=anonymous.dec1003b-caff-4343-8a95-5d0a501cd2ab] Group coordinator localhost:9092 (id: 2147483646 rack: null) is unavailable or invalid due to cause: null. isDisconnected: true. Rediscovery will be attempted.
2026-09-02T12:21:00.411+05:30  INFO 37932 --- [bmp-salon-service] [container-0-C-1] o.a.kafka.clients.FetchSessionHandler    : [Consumer clientId=consumer-anonymous.dec1003b-caff-4343-8a95-5d0a501cd2ab-2, groupId=anonymous.dec1003b-caff-4343-8a95-5d0a501cd2ab] Error sending fetch request (sessionId=65211316, epoch=5035) to node 1:

org.apache.kafka.common.errors.DisconnectException: null

2026-09-02T12:21:02.009+05:30  INFO 37932 --- [bmp-salon-service] [container-0-C-1] o.a.k.c.c.internals.ConsumerCoordinator  : [Consumer clientId=consumer-anonymous.dec1003b-caff-4343-8a95-5d0a501cd2ab-2, groupId=anonymous.dec1003b-caff-4343-8a95-5d0a501cd2ab] Discovered group coordinator localhost:9092 (id: 2147483646 rack: null)
2026-09-02T12:21:13.180+05:30  INFO 37932 --- [bmp-salon-service] [vice-producer-1] org.apache.kafka.clients.NetworkClient   : [Producer clientId=bmp-salon-service-producer-1] Node 1 disconnected.
2026-09-02T12:21:13.646+05:30  WARN 37932 --- [bmp-salon-service] [l-1 housekeeper] com.zaxxer.hikari.pool.HikariPool        : HikariPool-1 - Thread starvation or clock leap detected (housekeeper delta=55m56s687ms816µs500ns).
2026-09-02T12:21:44.458+05:30  INFO 37932 --- [bmp-salon-service] [pool-3-thread-1] org.apache.kafka.clients.NetworkClient   : [Consumer clientId=consumer-anonymous.dec1003b-caff-4343-8a95-5d0a501cd2ab-3, groupId=anonymous.dec1003b-caff-4343-8a95-5d0a501cd2ab] Node 2147483646 disconnected.
2026-09-02T12:21:44.462+05:30  INFO 37932 --- [bmp-salon-service] [pool-3-thread-1] o.a.k.c.c.internals.ConsumerCoordinator  : [Consumer clientId=consumer-anonymous.dec1003b-caff-4343-8a95-5d0a501cd2ab-3, groupId=anonymous.dec1003b-caff-4343-8a95-5d0a501cd2ab] Group coordinator localhost:9092 (id: 2147483646 rack: null) is unavailable or invalid due to cause: coordinator unavailable. isDisconnected: true. Rediscovery will be attempted.
2026-09-02T12:21:44.464+05:30  INFO 37932 --- [bmp-salon-service] [pool-3-thread-1] o.a.k.c.c.internals.ConsumerCoordinator  : [Consumer clientId=consumer-anonymous.dec1003b-caff-4343-8a95-5d0a501cd2ab-3, groupId=anonymous.dec1003b-caff-4343-8a95-5d0a501cd2ab] Discovered group coordinator localhost:9092 (id: 2147483646 rack: null)
2026-09-02T12:21:44.464+05:30  INFO 37932 --- [bmp-salon-service] [pool-3-thread-1] o.a.k.c.c.internals.ConsumerCoordinator  : [Consumer clientId=consumer-anonymous.dec1003b-caff-4343-8a95-5d0a501cd2ab-3, groupId=anonymous.dec1003b-caff-4343-8a95-5d0a501cd2ab] Group coordinator localhost:9092 (id: 2147483646 rack: null) is unavailable or invalid due to cause: coordinator unavailable. isDisconnected: false. Rediscovery will be attempted.
2026-09-02T12:21:44.465+05:30  INFO 37932 --- [bmp-salon-service] [pool-3-thread-1] o.a.k.c.c.internals.ConsumerCoordinator  : [Consumer clientId=consumer-anonymous.dec1003b-caff-4343-8a95-5d0a501cd2ab-3, groupId=anonymous.dec1003b-caff-4343-8a95-5d0a501cd2ab] Requesting disconnect from last known coordinator localhost:9092 (id: 2147483646 rack: null)
2026-09-02T12:21:44.580+05:30  INFO 37932 --- [bmp-salon-service] [pool-3-thread-1] o.a.k.c.c.internals.ConsumerCoordinator  : [Consumer clientId=consumer-anonymous.dec1003b-caff-4343-8a95-5d0a501cd2ab-3, groupId=anonymous.dec1003b-caff-4343-8a95-5d0a501cd2ab] Discovered group coordinator localhost:9092 (id: 2147483646 rack: null)
2026-09-02T12:22:39.688+05:30  INFO 37932 --- [bmp-salon-service] [rap-executor-%d] c.n.d.s.r.aws.ConfigClusterResolver      : Resolving eureka endpoints via configuration
2026-09-02T12:27:39.702+05:30  INFO 37932 --- [bmp-salon-service] [rap-executor-%d] c.n.d.s.r.aws.ConfigClusterResolver      : Resolving eureka endpoints via configuration
2026-09-02T12:32:39.730+05:30  INFO 37932 --- [bmp-salon-service] [rap-executor-%d] c.n.d.s.r.aws.ConfigClusterResolver      : Resolving eureka endpoints via configuration
2026-09-02T12:37:39.734+05:30  INFO 37932 --- [bmp-salon-service] [rap-executor-%d] c.n.d.s.r.aws.ConfigClusterResolver      : Resolving eureka endpoints via configuration
2026-09-02T12:42:39.749+05:30  INFO 37932 --- [bmp-salon-service] [rap-executor-%d] c.n.d.s.r.aws.ConfigClusterResolver      : Resolving eureka endpoints via configuration
2026-09-02T12:47:39.756+05:30  INFO 37932 --- [bmp-salon-service] [rap-executor-%d] c.n.d.s.r.aws.ConfigClusterResolver      : Resolving eureka endpoints via configuration
2026-09-02T12:52:39.769+05:30  INFO 37932 --- [bmp-salon-service] [rap-executor-%d] c.n.d.s.r.aws.ConfigClusterResolver      : Resolving eureka endpoints via configuration
2026-09-02T12:57:39.775+05:30  INFO 37932 --- [bmp-salon-service] [rap-executor-%d] c.n.d.s.r.aws.ConfigClusterResolver      : Resolving eureka endpoints via configuration
2026-09-02T13:02:39.778+05:30  INFO 37932 --- [bmp-salon-service] [rap-executor-%d] c.n.d.s.r.aws.ConfigClusterResolver      : Resolving eureka endpoints via configuration
2026-09-02T13:07:39.787+05:30  INFO 37932 --- [bmp-salon-service] [rap-executor-%d] c.n.d.s.r.aws.ConfigClusterResolver      : Resolving eureka endpoints via configuration
2026-09-02T13:12:39.800+05:30  INFO 37932 --- [bmp-salon-service] [rap-executor-%d] c.n.d.s.r.aws.ConfigClusterResolver      : Resolving eureka endpoints via configuration
2026-09-02T13:17:39.815+05:30  INFO 37932 --- [bmp-salon-service] [rap-executor-%d] c.n.d.s.r.aws.ConfigClusterResolver      : Resolving eureka endpoints via configuration
2026-09-02T13:22:39.817+05:30  INFO 37932 --- [bmp-salon-service] [rap-executor-%d] c.n.d.s.r.aws.ConfigClusterResolver      : Resolving eureka endpoints via configuration
2026-09-02T20:02:25.665+05:30  INFO 37932 --- [bmp-salon-service] [container-0-C-1] org.apache.kafka.clients.NetworkClient   : [Consumer clientId=consumer-anonymous.dec1003b-caff-4343-8a95-5d0a501cd2ab-2, groupId=anonymous.dec1003b-caff-4343-8a95-5d0a501cd2ab] Node 2147483646 disconnected.
2026-09-02T20:02:25.683+05:30  INFO 37932 --- [bmp-salon-service] [container-0-C-1] org.apache.kafka.clients.NetworkClient   : [Consumer clientId=consumer-anonymous.dec1003b-caff-4343-8a95-5d0a501cd2ab-2, groupId=anonymous.dec1003b-caff-4343-8a95-5d0a501cd2ab] Disconnecting from node 1 due to request timeout.
2026-09-02T20:02:25.687+05:30  INFO 37932 --- [bmp-salon-service] [container-0-C-1] org.apache.kafka.clients.NetworkClient   : [Consumer clientId=consumer-anonymous.dec1003b-caff-4343-8a95-5d0a501cd2ab-2, groupId=anonymous.dec1003b-caff-4343-8a95-5d0a501cd2ab] Cancelled in-flight FETCH request with correlation id 230629 due to node 1 being disconnected (elapsed time since creation: 23888610ms, elapsed time since send: 23888610ms, throttle time: 0ms, request timeout: 30000ms)
2026-09-02T20:02:25.695+05:30  INFO 37932 --- [bmp-salon-service] [container-0-C-1] o.a.kafka.clients.FetchSessionHandler    : [Consumer clientId=consumer-anonymous.dec1003b-caff-4343-8a95-5d0a501cd2ab-2, groupId=anonymous.dec1003b-caff-4343-8a95-5d0a501cd2ab] Error sending fetch request (sessionId=500742214, epoch=7436) to node 1:

org.apache.kafka.common.errors.DisconnectException: null

2026-09-02T20:02:25.783+05:30  INFO 37932 --- [bmp-salon-service] [95-5d0a501cd2ab] o.a.k.c.c.internals.ConsumerCoordinator  : [Consumer clientId=consumer-anonymous.dec1003b-caff-4343-8a95-5d0a501cd2ab-2, groupId=anonymous.dec1003b-caff-4343-8a95-5d0a501cd2ab] Group coordinator localhost:9092 (id: 2147483646 rack: null) is unavailable or invalid due to cause: session timed out without receiving a heartbeat response. isDisconnected: false. Rediscovery will be attempted.
2026-09-02T20:02:25.785+05:30  INFO 37932 --- [bmp-salon-service] [95-5d0a501cd2ab] o.a.k.c.c.internals.ConsumerCoordinator  : [Consumer clientId=consumer-anonymous.dec1003b-caff-4343-8a95-5d0a501cd2ab-2, groupId=anonymous.dec1003b-caff-4343-8a95-5d0a501cd2ab] Requesting disconnect from last known coordinator localhost:9092 (id: 2147483646 rack: null)
2026-09-02T20:02:27.571+05:30  INFO 37932 --- [bmp-salon-service] [container-0-C-1] o.a.k.c.c.internals.ConsumerCoordinator  : [Consumer clientId=consumer-anonymous.dec1003b-caff-4343-8a95-5d0a501cd2ab-2, groupId=anonymous.dec1003b-caff-4343-8a95-5d0a501cd2ab] Discovered group coordinator localhost:9092 (id: 2147483646 rack: null)
2026-09-02T20:02:50.115+05:30  INFO 37932 --- [bmp-salon-service] [vice-producer-1] org.apache.kafka.clients.NetworkClient   : [Producer clientId=bmp-salon-service-producer-1] Node 1 disconnected.
2026-09-02T20:02:52.113+05:30  WARN 37932 --- [bmp-salon-service] [l-1 housekeeper] com.zaxxer.hikari.pool.HikariPool        : HikariPool-1 - Thread starvation or clock leap detected (housekeeper delta=6h38m39s667ms725µs600ns).
2026-09-02T20:02:52.553+05:30  INFO 37932 --- [bmp-salon-service] [pool-3-thread-1] org.apache.kafka.clients.NetworkClient   : [Consumer clientId=consumer-anonymous.dec1003b-caff-4343-8a95-5d0a501cd2ab-3, groupId=anonymous.dec1003b-caff-4343-8a95-5d0a501cd2ab] Node 2147483646 disconnected.
2026-09-02T20:05:45.975+05:30  INFO 37932 --- [bmp-salon-service] [rap-executor-%d] c.n.d.s.r.aws.ConfigClusterResolver      : Resolving eureka endpoints via configuration
2026-09-02T20:10:46.034+05:30  INFO 37932 --- [bmp-salon-service] [rap-executor-%d] c.n.d.s.r.aws.ConfigClusterResolver      : Resolving eureka endpoints via configuration
2026-09-02T20:15:46.039+05:30  INFO 37932 --- [bmp-salon-service] [rap-executor-%d] c.n.d.s.r.aws.ConfigClusterResolver      : Resolving eureka endpoints via configuration
2026-09-02T20:20:46.049+05:30  INFO 37932 --- [bmp-salon-service] [rap-executor-%d] c.n.d.s.r.aws.ConfigClusterResolver      : Resolving eureka endpoints via configuration
2026-09-02T20:25:46.063+05:30  INFO 37932 --- [bmp-salon-service] [rap-executor-%d] c.n.d.s.r.aws.ConfigClusterResolver      : Resolving eureka endpoints via configuration
2026-09-02T20:30:46.076+05:30  INFO 37932 --- [bmp-salon-service] [rap-executor-%d] c.n.d.s.r.aws.ConfigClusterResolver      : Resolving eureka endpoints via configuration
2026-09-02T20:35:46.078+05:30  INFO 37932 --- [bmp-salon-service] [rap-executor-%d] c.n.d.s.r.aws.ConfigClusterResolver      : Resolving eureka endpoints via configuration
2026-09-02T20:40:46.092+05:30  INFO 37932 --- [bmp-salon-service] [rap-executor-%d] c.n.d.s.r.aws.ConfigClusterResolver      : Resolving eureka endpoints via configuration
2026-09-02T20:45:46.094+05:30  INFO 37932 --- [bmp-salon-service] [rap-executor-%d] c.n.d.s.r.aws.ConfigClusterResolver      : Resolving eureka endpoints via configuration
2026-09-02T20:50:46.098+05:30  INFO 37932 --- [bmp-salon-service] [rap-executor-%d] c.n.d.s.r.aws.ConfigClusterResolver      : Resolving eureka endpoints via configuration
2026-09-02T20:55:46.110+05:30  INFO 37932 --- [bmp-salon-service] [rap-executor-%d] c.n.d.s.r.aws.ConfigClusterResolver      : Resolving eureka endpoints via configuration
2026-09-02T21:00:46.114+05:30  INFO 37932 --- [bmp-salon-service] [rap-executor-%d] c.n.d.s.r.aws.ConfigClusterResolver      : Resolving eureka endpoints via configuration
2026-09-02T21:05:46.123+05:30  INFO 37932 --- [bmp-salon-service] [rap-executor-%d] c.n.d.s.r.aws.ConfigClusterResolver      : Resolving eureka endpoints via configuration
2026-09-02T21:10:46.135+05:30  INFO 37932 --- [bmp-salon-service] [rap-executor-%d] c.n.d.s.r.aws.ConfigClusterResolver      : Resolving eureka endpoints via configuration
2026-09-02T21:15:46.150+05:30  INFO 37932 --- [bmp-salon-service] [rap-executor-%d] c.n.d.s.r.aws.ConfigClusterResolver      : Resolving eureka endpoints via configuration
2026-09-02T21:20:46.161+05:30  INFO 37932 --- [bmp-salon-service] [rap-executor-%d] c.n.d.s.r.aws.ConfigClusterResolver      : Resolving eureka endpoints via configuration
2026-09-02T21:25:46.162+05:30  INFO 37932 --- [bmp-salon-service] [rap-executor-%d] c.n.d.s.r.aws.ConfigClusterResolver      : Resolving eureka endpoints via configuration
2026-09-02T21:30:46.176+05:30  INFO 37932 --- [bmp-salon-service] [rap-executor-%d] c.n.d.s.r.aws.ConfigClusterResolver      : Resolving eureka endpoints via configuration
2026-09-02T21:35:46.183+05:30  INFO 37932 --- [bmp-salon-service] [rap-executor-%d] c.n.d.s.r.aws.ConfigClusterResolver      : Resolving eureka endpoints via configuration
2026-09-02T21:40:46.189+05:30  INFO 37932 --- [bmp-salon-service] [rap-executor-%d] c.n.d.s.r.aws.ConfigClusterResolver      : Resolving eureka endpoints via configuration
2026-09-02T21:45:46.193+05:30  INFO 37932 --- [bmp-salon-service] [rap-executor-%d] c.n.d.s.r.aws.ConfigClusterResolver      : Resolving eureka endpoints via configuration
2026-09-02T21:50:46.201+05:30  INFO 37932 --- [bmp-salon-service] [rap-executor-%d] c.n.d.s.r.aws.ConfigClusterResolver      : Resolving eureka endpoints via configuration
2026-09-02T21:55:46.211+05:30  INFO 37932 --- [bmp-salon-service] [rap-executor-%d] c.n.d.s.r.aws.ConfigClusterResolver      : Resolving eureka endpoints via configuration
2026-09-02T22:00:46.216+05:30  INFO 37932 --- [bmp-salon-service] [rap-executor-%d] c.n.d.s.r.aws.ConfigClusterResolver      : Resolving eureka endpoints via configuration
2026-09-02T22:05:46.231+05:30  INFO 37932 --- [bmp-salon-service] [rap-executor-%d] c.n.d.s.r.aws.ConfigClusterResolver      : Resolving eureka endpoints via configuration
2026-09-02T22:10:40.063+05:30  INFO 37932 --- [bmp-salon-service] [beatExecutor-%d] c.n.d.s.t.d.RedirectingEurekaHttpClient  : Request execution error. endpoint=DefaultEndpoint{ serviceUrl='http://localhost:8761/eureka/} exception=I/O error on PUT request for "http://localhost:8761/eureka/apps/BMP-SALON-SERVICE/Darshan.mshome.net:bmp-salon-service:8083": Connect to http://localhost:8761 [localhost/127.0.0.1, localhost/0:0:0:0:0:0:0:1] failed: Connection refused: getsockopt stacktrace=org.springframework.web.client.ResourceAccessException: I/O error on PUT request for "http://localhost:8761/eureka/apps/BMP-SALON-SERVICE/Darshan.mshome.net:bmp-salon-service:8083": Connect to http://localhost:8761 [localhost/127.0.0.1, localhost/0:0:0:0:0:0:0:1] failed: Connection refused: getsockopt
	at org.springframework.web.client.RestTemplate.createResourceAccessException(RestTemplate.java:926)
	at org.springframework.web.client.RestTemplate.doExecute(RestTemplate.java:906)
	at org.springframework.web.client.RestTemplate.execute(RestTemplate.java:841)
	at org.springframework.web.client.RestTemplate.exchange(RestTemplate.java:702)
	at org.springframework.cloud.netflix.eureka.http.RestTemplateEurekaHttpClient.sendHeartBeat(RestTemplateEurekaHttpClient.java:119)
	at com.netflix.discovery.shared.transport.decorator.EurekaHttpClientDecorator$3.execute(EurekaHttpClientDecorator.java:92)
	at com.netflix.discovery.shared.transport.decorator.RedirectingEurekaHttpClient.execute(RedirectingEurekaHttpClient.java:91)
	at com.netflix.discovery.shared.transport.decorator.EurekaHttpClientDecorator.sendHeartBeat(EurekaHttpClientDecorator.java:89)
	at com.netflix.discovery.shared.transport.decorator.EurekaHttpClientDecorator$3.execute(EurekaHttpClientDecorator.java:92)
	at com.netflix.discovery.shared.transport.decorator.RetryableEurekaHttpClient.execute(RetryableEurekaHttpClient.java:120)
	at com.netflix.discovery.shared.transport.decorator.EurekaHttpClientDecorator.sendHeartBeat(EurekaHttpClientDecorator.java:89)
	at com.netflix.discovery.shared.transport.decorator.EurekaHttpClientDecorator$3.execute(EurekaHttpClientDecorator.java:92)
	at com.netflix.discovery.shared.transport.decorator.SessionedEurekaHttpClient.execute(SessionedEurekaHttpClient.java:76)
	at com.netflix.discovery.shared.transport.decorator.EurekaHttpClientDecorator.sendHeartBeat(EurekaHttpClientDecorator.java:89)
	at com.netflix.discovery.DiscoveryClient.renew(DiscoveryClient.java:845)
	at com.netflix.discovery.DiscoveryClient$HeartbeatThread.run(DiscoveryClient.java:1402)
	at java.base/java.util.concurrent.Executors$RunnableAdapter.call(Executors.java:572)
	at java.base/java.util.concurrent.FutureTask.run(FutureTask.java:317)
	at java.base/java.util.concurrent.ThreadPoolExecutor.runWorker(ThreadPoolExecutor.java:1144)
	at java.base/java.util.concurrent.ThreadPoolExecutor$Worker.run(ThreadPoolExecutor.java:642)
	at java.base/java.lang.Thread.run(Thread.java:1583)
Caused by: org.apache.hc.client5.http.HttpHostConnectException: Connect to http://localhost:8761 [localhost/127.0.0.1, localhost/0:0:0:0:0:0:0:1] failed: Connection refused: getsockopt
	at java.base/sun.nio.ch.Net.pollConnect(Native Method)
	at java.base/sun.nio.ch.Net.pollConnectNow(Net.java:694)
	at java.base/sun.nio.ch.NioSocketImpl.timedFinishConnect(NioSocketImpl.java:542)
	at java.base/sun.nio.ch.NioSocketImpl.connect(NioSocketImpl.java:592)
	at java.base/java.net.SocksSocketImpl.connect(SocksSocketImpl.java:327)
	at java.base/java.net.Socket.connect(Socket.java:751)
	at org.apache.hc.client5.http.impl.io.DefaultHttpClientConnectionOperator.connect(DefaultHttpClientConnectionOperator.java:216)
	at org.apache.hc.client5.http.impl.io.PoolingHttpClientConnectionManager.connect(PoolingHttpClientConnectionManager.java:490)
	at org.apache.hc.client5.http.impl.classic.InternalExecRuntime.connectEndpoint(InternalExecRuntime.java:164)
	at org.apache.hc.client5.http.impl.classic.InternalExecRuntime.connectEndpoint(InternalExecRuntime.java:174)
	at org.apache.hc.client5.http.impl.classic.ConnectExec.execute(ConnectExec.java:144)
	at org.apache.hc.client5.http.impl.classic.ExecChainElement.execute(ExecChainElement.java:51)
	at org.apache.hc.client5.http.impl.classic.ProtocolExec.execute(ProtocolExec.java:192)
	at org.apache.hc.client5.http.impl.classic.ExecChainElement.execute(ExecChainElement.java:51)
	at org.apache.hc.client5.http.impl.classic.ContentCompressionExec.execute(ContentCompressionExec.java:150)
	at org.apache.hc.client5.http.impl.classic.ExecChainElement.execute(ExecChainElement.java:51)
	at org.apache.hc.client5.http.impl.classic.HttpRequestRetryExec.execute(HttpRequestRetryExec.java:113)
	at org.apache.hc.client5.http.impl.classic.ExecChainElement.execute(ExecChainElement.java:51)
	at org.apache.hc.client5.http.impl.classic.RedirectExec.execute(RedirectExec.java:110)
	at org.apache.hc.client5.http.impl.classic.ExecChainElement.execute(ExecChainElement.java:51)
	at org.apache.hc.client5.http.impl.classic.InternalHttpClient.doExecute(InternalHttpClient.java:174)
	at org.apache.hc.client5.http.impl.classic.CloseableHttpClient.execute(CloseableHttpClient.java:87)
	at org.apache.hc.client5.http.impl.classic.CloseableHttpClient.execute(CloseableHttpClient.java:55)
	at org.apache.hc.client5.http.classic.HttpClient.executeOpen(HttpClient.java:183)
	at org.springframework.http.client.HttpComponentsClientHttpRequest.executeInternal(HttpComponentsClientHttpRequest.java:99)
	at org.springframework.http.client.AbstractStreamingClientHttpRequest.executeInternal(AbstractStreamingClientHttpRequest.java:71)
	at org.springframework.http.client.AbstractClientHttpRequest.execute(AbstractClientHttpRequest.java:81)
	at org.springframework.http.client.InterceptingClientHttpRequest$InterceptingRequestExecution.execute(InterceptingClientHttpRequest.java:117)
	at org.springframework.cloud.netflix.eureka.http.RestTemplateTransportClientFactory.lambda$restTemplate$3(RestTemplateTransportClientFactory.java:141)
	at org.springframework.http.client.InterceptingClientHttpRequest$InterceptingRequestExecution.execute(InterceptingClientHttpRequest.java:88)
	at org.springframework.http.client.InterceptingClientHttpRequest.executeInternal(InterceptingClientHttpRequest.java:72)
	at org.springframework.http.client.AbstractBufferingClientHttpRequest.executeInternal(AbstractBufferingClientHttpRequest.java:48)
	at org.springframework.http.client.AbstractClientHttpRequest.execute(AbstractClientHttpRequest.java:81)
	at org.springframework.web.client.RestTemplate.doExecute(RestTemplate.java:900)
	... 19 more

2026-09-02T22:10:40.064+05:30  WARN 37932 --- [bmp-salon-service] [beatExecutor-%d] c.n.d.s.t.d.RetryableEurekaHttpClient    : Request execution failed with message: I/O error on PUT request for "http://localhost:8761/eureka/apps/BMP-SALON-SERVICE/Darshan.mshome.net:bmp-salon-service:8083": Connect to http://localhost:8761 [localhost/127.0.0.1, localhost/0:0:0:0:0:0:0:1] failed: Connection refused: getsockopt
2026-09-02T22:10:40.111+05:30  INFO 37932 --- [bmp-salon-service] [beatExecutor-%d] c.n.d.s.t.d.RedirectingEurekaHttpClient  : Request execution error. endpoint=DefaultEndpoint{ serviceUrl='http://localhost:8761/eureka/}, exception=I/O error on PUT request for "http://localhost:8761/eureka/apps/BMP-SALON-SERVICE/Darshan.mshome.net:bmp-salon-service:8083": Connect to http://localhost:8761 [localhost/127.0.0.1, localhost/0:0:0:0:0:0:0:1] failed: Connection refused: getsockopt stacktrace=org.springframework.web.client.ResourceAccessException: I/O error on PUT request for "http://localhost:8761/eureka/apps/BMP-SALON-SERVICE/Darshan.mshome.net:bmp-salon-service:8083": Connect to http://localhost:8761 [localhost/127.0.0.1, localhost/0:0:0:0:0:0:0:1] failed: Connection refused: getsockopt
	at org.springframework.web.client.RestTemplate.createResourceAccessException(RestTemplate.java:926)
	at org.springframework.web.client.RestTemplate.doExecute(RestTemplate.java:906)
	at org.springframework.web.client.RestTemplate.execute(RestTemplate.java:841)
	at org.springframework.web.client.RestTemplate.exchange(RestTemplate.java:702)
	at org.springframework.cloud.netflix.eureka.http.RestTemplateEurekaHttpClient.sendHeartBeat(RestTemplateEurekaHttpClient.java:119)
	at com.netflix.discovery.shared.transport.decorator.EurekaHttpClientDecorator$3.execute(EurekaHttpClientDecorator.java:92)
	at com.netflix.discovery.shared.transport.decorator.RedirectingEurekaHttpClient.executeOnNewServer(RedirectingEurekaHttpClient.java:121)
	at com.netflix.discovery.shared.transport.decorator.RedirectingEurekaHttpClient.execute(RedirectingEurekaHttpClient.java:80)
	at com.netflix.discovery.shared.transport.decorator.EurekaHttpClientDecorator.sendHeartBeat(EurekaHttpClientDecorator.java:89)
	at com.netflix.discovery.shared.transport.decorator.EurekaHttpClientDecorator$3.execute(EurekaHttpClientDecorator.java:92)
	at com.netflix.discovery.shared.transport.decorator.RetryableEurekaHttpClient.execute(RetryableEurekaHttpClient.java:120)
	at com.netflix.discovery.shared.transport.decorator.EurekaHttpClientDecorator.sendHeartBeat(EurekaHttpClientDecorator.java:89)
	at com.netflix.discovery.shared.transport.decorator.EurekaHttpClientDecorator$3.execute(EurekaHttpClientDecorator.java:92)
	at com.netflix.discovery.shared.transport.decorator.SessionedEurekaHttpClient.execute(SessionedEurekaHttpClient.java:76)
	at com.netflix.discovery.shared.transport.decorator.EurekaHttpClientDecorator.sendHeartBeat(EurekaHttpClientDecorator.java:89)
	at com.netflix.discovery.DiscoveryClient.renew(DiscoveryClient.java:845)
	at com.netflix.discovery.DiscoveryClient$HeartbeatThread.run(DiscoveryClient.java:1402)
	at java.base/java.util.concurrent.Executors$RunnableAdapter.call(Executors.java:572)
	at java.base/java.util.concurrent.FutureTask.run(FutureTask.java:317)
	at java.base/java.util.concurrent.ThreadPoolExecutor.runWorker(ThreadPoolExecutor.java:1144)
	at java.base/java.util.concurrent.ThreadPoolExecutor$Worker.run(ThreadPoolExecutor.java:642)
	at java.base/java.lang.Thread.run(Thread.java:1583)
Caused by: org.apache.hc.client5.http.HttpHostConnectException: Connect to http://localhost:8761 [localhost/127.0.0.1, localhost/0:0:0:0:0:0:0:1] failed: Connection refused: getsockopt
	at java.base/sun.nio.ch.Net.pollConnect(Native Method)
	at java.base/sun.nio.ch.Net.pollConnectNow(Net.java:694)
	at java.base/sun.nio.ch.NioSocketImpl.timedFinishConnect(NioSocketImpl.java:542)
	at java.base/sun.nio.ch.NioSocketImpl.connect(NioSocketImpl.java:592)
	at java.base/java.net.SocksSocketImpl.connect(SocksSocketImpl.java:327)
	at java.base/java.net.Socket.connect(Socket.java:751)
	at org.apache.hc.client5.http.impl.io.DefaultHttpClientConnectionOperator.connect(DefaultHttpClientConnectionOperator.java:216)
	at org.apache.hc.client5.http.impl.io.PoolingHttpClientConnectionManager.connect(PoolingHttpClientConnectionManager.java:490)
	at org.apache.hc.client5.http.impl.classic.InternalExecRuntime.connectEndpoint(InternalExecRuntime.java:164)
	at org.apache.hc.client5.http.impl.classic.InternalExecRuntime.connectEndpoint(InternalExecRuntime.java:174)
	at org.apache.hc.client5.http.impl.classic.ConnectExec.execute(ConnectExec.java:144)
	at org.apache.hc.client5.http.impl.classic.ExecChainElement.execute(ExecChainElement.java:51)
	at org.apache.hc.client5.http.impl.classic.ProtocolExec.execute(ProtocolExec.java:192)
	at org.apache.hc.client5.http.impl.classic.ExecChainElement.execute(ExecChainElement.java:51)
	at org.apache.hc.client5.http.impl.classic.ContentCompressionExec.execute(ContentCompressionExec.java:150)
	at org.apache.hc.client5.http.impl.classic.ExecChainElement.execute(ExecChainElement.java:51)
	at org.apache.hc.client5.http.impl.classic.HttpRequestRetryExec.execute(HttpRequestRetryExec.java:113)
	at org.apache.hc.client5.http.impl.classic.ExecChainElement.execute(ExecChainElement.java:51)
	at org.apache.hc.client5.http.impl.classic.RedirectExec.execute(RedirectExec.java:110)
	at org.apache.hc.client5.http.impl.classic.ExecChainElement.execute(ExecChainElement.java:51)
	at org.apache.hc.client5.http.impl.classic.InternalHttpClient.doExecute(InternalHttpClient.java:174)
	at org.apache.hc.client5.http.impl.classic.CloseableHttpClient.execute(CloseableHttpClient.java:87)
	at org.apache.hc.client5.http.impl.classic.CloseableHttpClient.execute(CloseableHttpClient.java:55)
	at org.apache.hc.client5.http.classic.HttpClient.executeOpen(HttpClient.java:183)
	at org.springframework.http.client.HttpComponentsClientHttpRequest.executeInternal(HttpComponentsClientHttpRequest.java:99)
	at org.springframework.http.client.AbstractStreamingClientHttpRequest.executeInternal(AbstractStreamingClientHttpRequest.java:71)
	at org.springframework.http.client.AbstractClientHttpRequest.execute(AbstractClientHttpRequest.java:81)
	at org.springframework.http.client.InterceptingClientHttpRequest$InterceptingRequestExecution.execute(InterceptingClientHttpRequest.java:117)
	at org.springframework.cloud.netflix.eureka.http.RestTemplateTransportClientFactory.lambda$restTemplate$3(RestTemplateTransportClientFactory.java:141)
	at org.springframework.http.client.InterceptingClientHttpRequest$InterceptingRequestExecution.execute(InterceptingClientHttpRequest.java:88)
	at org.springframework.http.client.InterceptingClientHttpRequest.executeInternal(InterceptingClientHttpRequest.java:72)
	at org.springframework.http.client.AbstractBufferingClientHttpRequest.executeInternal(AbstractBufferingClientHttpRequest.java:48)
	at org.springframework.http.client.AbstractClientHttpRequest.execute(AbstractClientHttpRequest.java:81)
	at org.springframework.web.client.RestTemplate.doExecute(RestTemplate.java:900)
	... 20 more

2026-09-02T22:10:40.111+05:30  WARN 37932 --- [bmp-salon-service] [beatExecutor-%d] c.n.d.s.t.d.RetryableEurekaHttpClient    : Request execution failed with message: I/O error on PUT request for "http://localhost:8761/eureka/apps/BMP-SALON-SERVICE/Darshan.mshome.net:bmp-salon-service:8083": Connect to http://localhost:8761 [localhost/127.0.0.1, localhost/0:0:0:0:0:0:0:1] failed: Connection refused: getsockopt
2026-09-02T22:10:40.111+05:30 ERROR 37932 --- [bmp-salon-service] [beatExecutor-%d] com.netflix.discovery.DiscoveryClient    : DiscoveryClient_BMP-SALON-SERVICE/Darshan.mshome.net:bmp-salon-service:8083 - was unable to send heartbeat!

com.netflix.discovery.shared.transport.TransportException: Cannot execute request on any known server
	at com.netflix.discovery.shared.transport.decorator.RetryableEurekaHttpClient.execute(RetryableEurekaHttpClient.java:112) ~[eureka-client-2.0.4.jar:2.0.4]
	at com.netflix.discovery.shared.transport.decorator.EurekaHttpClientDecorator.sendHeartBeat(EurekaHttpClientDecorator.java:89) ~[eureka-client-2.0.4.jar:2.0.4]
	at com.netflix.discovery.shared.transport.decorator.EurekaHttpClientDecorator$3.execute(EurekaHttpClientDecorator.java:92) ~[eureka-client-2.0.4.jar:2.0.4]
	at com.netflix.discovery.shared.transport.decorator.SessionedEurekaHttpClient.execute(SessionedEurekaHttpClient.java:76) ~[eureka-client-2.0.4.jar:2.0.4]
	at com.netflix.discovery.shared.transport.decorator.EurekaHttpClientDecorator.sendHeartBeat(EurekaHttpClientDecorator.java:89) ~[eureka-client-2.0.4.jar:2.0.4]
	at com.netflix.discovery.DiscoveryClient.renew(DiscoveryClient.java:845) ~[eureka-client-2.0.4.jar:2.0.4]
	at com.netflix.discovery.DiscoveryClient$HeartbeatThread.run(DiscoveryClient.java:1402) ~[eureka-client-2.0.4.jar:2.0.4]
	at java.base/java.util.concurrent.Executors$RunnableAdapter.call(Executors.java:572) ~[na:na]
	at java.base/java.util.concurrent.FutureTask.run(FutureTask.java:317) ~[na:na]
	at java.base/java.util.concurrent.ThreadPoolExecutor.runWorker(ThreadPoolExecutor.java:1144) ~[na:na]
	at java.base/java.util.concurrent.ThreadPoolExecutor$Worker.run(ThreadPoolExecutor.java:642) ~[na:na]
	at java.base/java.lang.Thread.run(Thread.java:1583) ~[na:na]

