
  .   ____          _            __ _ _
 /\\ / ___'_ __ _ _(_)_ __  __ _ \ \ \ \
( ( )\___ | '_ | '_| | '_ \/ _` | \ \ \ \
 \\/  ___)| |_)| | | | | || (_| |  ) ) ) )
  '  |____| .__|_| |_|_| |_\__, | / / / /
 =========|_|==============|___/=/_/_/_/

 :: Spring Boot ::                (v3.4.1)

2026-08-28T22:36:07.147+05:30  INFO 37308 --- [bmp-booking-service] [           main] com.bmp.booking.BmpBookingApplication    : Starting BmpBookingApplication using Java 21.0.11 with PID 37308 (C:\BMP -PRJ\BMP\bmp-booking\target\classes started by Lenovo in C:\BMP -PRJ\BMP\bmp-booking)
2026-08-28T22:36:07.154+05:30  INFO 37308 --- [bmp-booking-service] [           main] com.bmp.booking.BmpBookingApplication    : No active profile set, falling back to 1 default profile: "default"
2026-08-28T22:36:07.342+05:30  INFO 37308 --- [bmp-booking-service] [           main] o.s.c.c.c.ConfigServerConfigDataLoader   : Fetching config from server at : http://localhost:8888
2026-08-28T22:36:07.342+05:30  INFO 37308 --- [bmp-booking-service] [           main] o.s.c.c.c.ConfigServerConfigDataLoader   : Located environment: name=bmp-booking-service, profiles=[default], label=null, version=e49a1a5dcfcb36643a08d9529e85f702a6d4d502, state=
2026-08-28T22:36:11.179+05:30  INFO 37308 --- [bmp-booking-service] [           main] .s.d.r.c.RepositoryConfigurationDelegate : Bootstrapping Spring Data JPA repositories in DEFAULT mode.
2026-08-28T22:36:11.875+05:30  INFO 37308 --- [bmp-booking-service] [           main] .s.d.r.c.RepositoryConfigurationDelegate : Finished Spring Data repository scanning in 662 ms. Found 8 JPA repository interfaces.
2026-08-28T22:36:15.912+05:30  INFO 37308 --- [bmp-booking-service] [           main] faultConfiguringBeanFactoryPostProcessor : No bean named 'errorChannel' has been explicitly defined. Therefore, a default PublishSubscribeChannel will be created.
2026-08-28T22:36:15.927+05:30  INFO 37308 --- [bmp-booking-service] [           main] faultConfiguringBeanFactoryPostProcessor : No bean named 'integrationHeaderChannelRegistry' has been explicitly defined. Therefore, a default DefaultHeaderChannelRegistry will be created.
2026-08-28T22:36:16.740+05:30  INFO 37308 --- [bmp-booking-service] [           main] o.s.cloud.context.scope.GenericScope     : BeanFactory id=ab288cda-b432-3c6e-aa98-2269491beebe
2026-08-28T22:36:20.125+05:30  INFO 37308 --- [bmp-booking-service] [           main] o.s.b.w.embedded.tomcat.TomcatWebServer  : Tomcat initialized with port 8084 (http)
2026-08-28T22:36:20.173+05:30  INFO 37308 --- [bmp-booking-service] [           main] o.apache.catalina.core.StandardService   : Starting service [Tomcat]
2026-08-28T22:36:20.175+05:30  INFO 37308 --- [bmp-booking-service] [           main] o.apache.catalina.core.StandardEngine    : Starting Servlet engine: [Apache Tomcat/10.1.34]
2026-08-28T22:36:20.525+05:30  INFO 37308 --- [bmp-booking-service] [           main] o.a.c.c.C.[Tomcat].[localhost].[/]       : Initializing Spring embedded WebApplicationContext
2026-08-28T22:36:20.527+05:30  INFO 37308 --- [bmp-booking-service] [           main] w.s.c.ServletWebServerApplicationContext : Root WebApplicationContext: initialization completed in 13172 ms
2026-08-28T22:36:22.043+05:30  INFO 37308 --- [bmp-booking-service] [           main] com.zaxxer.hikari.HikariDataSource       : HikariPool-1 - Starting...
2026-08-28T22:36:25.548+05:30  INFO 37308 --- [bmp-booking-service] [           main] com.zaxxer.hikari.pool.HikariPool        : HikariPool-1 - Added connection org.postgresql.jdbc.PgConnection@1802f60c
2026-08-28T22:36:25.552+05:30  INFO 37308 --- [bmp-booking-service] [           main] com.zaxxer.hikari.HikariDataSource       : HikariPool-1 - Start completed.
2026-08-28T22:36:25.680+05:30  INFO 37308 --- [bmp-booking-service] [           main] org.flywaydb.core.FlywayExecutor         : Database: jdbc:postgresql://localhost:5432/bmp (PostgreSQL 16.4)
2026-08-28T22:36:26.038+05:30  INFO 37308 --- [bmp-booking-service] [           main] o.f.core.internal.command.DbValidate     : Successfully validated 8 migrations (execution time 00:00.193s)
2026-08-28T22:36:26.129+05:30  INFO 37308 --- [bmp-booking-service] [           main] o.f.core.internal.command.DbMigrate      : Current version of schema "common_schema": 007
2026-08-28T22:36:26.142+05:30  INFO 37308 --- [bmp-booking-service] [           main] o.f.core.internal.command.DbMigrate      : Schema "common_schema" is up to date. No migration necessary.
2026-08-28T22:36:26.514+05:30  INFO 37308 --- [bmp-booking-service] [           main] o.hibernate.jpa.internal.util.LogHelper  : HHH000204: Processing PersistenceUnitInfo [name: default]
2026-08-28T22:36:26.658+05:30  INFO 37308 --- [bmp-booking-service] [           main] org.hibernate.Version                    : HHH000412: Hibernate ORM core version 6.6.4.Final
2026-08-28T22:36:26.736+05:30  INFO 37308 --- [bmp-booking-service] [           main] o.h.c.internal.RegionFactoryInitiator    : HHH000026: Second-level cache disabled
2026-08-28T22:36:27.312+05:30  INFO 37308 --- [bmp-booking-service] [           main] o.s.o.j.p.SpringPersistenceUnitInfo      : No LoadTimeWeaver setup: ignoring JPA class transformer
2026-08-28T22:36:27.480+05:30  INFO 37308 --- [bmp-booking-service] [           main] org.hibernate.orm.connections.pooling    : HHH10001005: Database info:
	Database JDBC URL [Connecting through datasource 'HikariDataSource (HikariPool-1)']
	Database driver: undefined/unknown
	Database version: 16.4
	Autocommit mode: undefined/unknown
	Isolation level: undefined/unknown
	Minimum pool size: undefined/unknown
	Maximum pool size: undefined/unknown
2026-08-28T22:36:28.875+05:30  INFO 37308 --- [bmp-booking-service] [           main] o.h.e.t.j.p.i.JtaPlatformInitiator       : HHH000489: No JTA platform available (set 'hibernate.transaction.jta.platform' to enable JTA platform integration)
2026-08-28T22:36:29.010+05:30  INFO 37308 --- [bmp-booking-service] [           main] j.LocalContainerEntityManagerFactoryBean : Initialized JPA EntityManagerFactory for persistence unit 'default'
2026-08-28T22:36:29.374+05:30  INFO 37308 --- [bmp-booking-service] [           main] o.s.d.j.r.query.QueryEnhancerFactory     : Hibernate is in classpath; If applicable, HQL parser will be used.
2026-08-28T22:36:34.090+05:30  INFO 37308 --- [bmp-booking-service] [           main] o.s.c.openfeign.FeignClientFactoryBean   : For 'bmp-salon-service' URL not provided. Will try picking an instance via load-balancing.
2026-08-28T22:36:34.435+05:30  INFO 37308 --- [bmp-booking-service] [           main] o.s.c.openfeign.FeignClientFactoryBean   : For 'bmp-rewards-service' URL not provided. Will try picking an instance via load-balancing.
2026-08-28T22:36:34.586+05:30  INFO 37308 --- [bmp-booking-service] [           main] o.s.c.openfeign.FeignClientFactoryBean   : For 'bmp-user-service' URL not provided. Will try picking an instance via load-balancing.
2026-08-28T22:36:35.486+05:30  WARN 37308 --- [bmp-booking-service] [           main] .s.s.UserDetailsServiceAutoConfiguration : 

Using generated security password: 3420a1f1-207c-4268-a0de-2dfa55dc1720

This generated password is for development use only. Your security configuration must be updated before running your application in production.

2026-08-28T22:36:35.546+05:30  INFO 37308 --- [bmp-booking-service] [           main] r$InitializeUserDetailsManagerConfigurer : Global AuthenticationManager configured with UserDetailsService bean with name inMemoryUserDetailsManager
2026-08-28T22:36:37.865+05:30  INFO 37308 --- [bmp-booking-service] [           main] o.s.b.a.e.web.EndpointLinksResolver      : Exposing 10 endpoints beneath base path '/actuator'
2026-08-28T22:36:40.105+05:30  INFO 37308 --- [bmp-booking-service] [           main] o.s.c.s.m.DirectWithAttributesChannel    : Channel 'bmp-booking-service.springCloudBusInput' has 1 subscriber(s).
2026-08-28T22:36:41.383+05:30  INFO 37308 --- [bmp-booking-service] [           main] DiscoveryClientOptionalArgsConfiguration : Eureka HTTP Client uses RestTemplate.
2026-08-28T22:36:41.545+05:30  WARN 37308 --- [bmp-booking-service] [           main] iguration$LoadBalancerCaffeineWarnLogger : Spring Cloud LoadBalancer is currently working with the default cache. While this cache implementation is useful for development and tests, it's recommended to use Caffeine cache in production.You can switch to using Caffeine cache, by adding it and org.springframework.cache.caffeine.CaffeineCacheManager to the classpath.
2026-08-28T22:36:41.955+05:30  INFO 37308 --- [bmp-booking-service] [           main] o.s.i.endpoint.EventDrivenConsumer       : Adding {logging-channel-adapter:_org.springframework.integration.errorLogger} as a subscriber to the 'errorChannel' channel
2026-08-28T22:36:41.955+05:30  INFO 37308 --- [bmp-booking-service] [           main] o.s.i.channel.PublishSubscribeChannel    : Channel 'bmp-booking-service.errorChannel' has 1 subscriber(s).
2026-08-28T22:36:41.956+05:30  INFO 37308 --- [bmp-booking-service] [           main] o.s.i.endpoint.EventDrivenConsumer       : started bean '_org.springframework.integration.errorLogger'
2026-08-28T22:36:41.980+05:30  INFO 37308 --- [bmp-booking-service] [           main] o.s.c.n.eureka.InstanceInfoFactory       : Setting initial instance status as: STARTING
2026-08-28T22:36:42.039+05:30  INFO 37308 --- [bmp-booking-service] [           main] com.netflix.discovery.DiscoveryClient    : Initializing Eureka in region us-east-1
2026-08-28T22:36:42.055+05:30  INFO 37308 --- [bmp-booking-service] [           main] c.n.d.s.r.aws.ConfigClusterResolver      : Resolving eureka endpoints via configuration
2026-08-28T22:36:42.092+05:30  INFO 37308 --- [bmp-booking-service] [           main] com.netflix.discovery.DiscoveryClient    : Disable delta property : false
2026-08-28T22:36:42.092+05:30  INFO 37308 --- [bmp-booking-service] [           main] com.netflix.discovery.DiscoveryClient    : Single vip registry refresh property : null
2026-08-28T22:36:42.092+05:30  INFO 37308 --- [bmp-booking-service] [           main] com.netflix.discovery.DiscoveryClient    : Force full registry fetch : false
2026-08-28T22:36:42.092+05:30  INFO 37308 --- [bmp-booking-service] [           main] com.netflix.discovery.DiscoveryClient    : Application is null : false
2026-08-28T22:36:42.092+05:30  INFO 37308 --- [bmp-booking-service] [           main] com.netflix.discovery.DiscoveryClient    : Registered Applications size is zero : true
2026-08-28T22:36:42.092+05:30  INFO 37308 --- [bmp-booking-service] [           main] com.netflix.discovery.DiscoveryClient    : Application version is -1: true
2026-08-28T22:36:42.093+05:30  INFO 37308 --- [bmp-booking-service] [           main] com.netflix.discovery.DiscoveryClient    : Getting all instance registry info from the eureka server
2026-08-28T22:36:42.863+05:30  INFO 37308 --- [bmp-booking-service] [           main] com.netflix.discovery.DiscoveryClient    : The response status is 200
2026-08-28T22:36:42.869+05:30  INFO 37308 --- [bmp-booking-service] [           main] com.netflix.discovery.DiscoveryClient    : Starting heartbeat executor: renew interval is: 30
2026-08-28T22:36:42.876+05:30  INFO 37308 --- [bmp-booking-service] [           main] c.n.discovery.InstanceInfoReplicator     : InstanceInfoReplicator onDemand update allowed rate per min is 4
2026-08-28T22:36:42.882+05:30  INFO 37308 --- [bmp-booking-service] [           main] com.netflix.discovery.DiscoveryClient    : Discovery Client initialized at timestamp 1787936802881 with initial instances count: 5
2026-08-28T22:36:42.913+05:30  INFO 37308 --- [bmp-booking-service] [           main] o.s.c.n.e.s.EurekaServiceRegistry        : Registering application BMP-BOOKING-SERVICE with eureka with status UP
2026-08-28T22:36:42.916+05:30  INFO 37308 --- [bmp-booking-service] [           main] com.netflix.discovery.DiscoveryClient    : Saw local status change event StatusChangeEvent [timestamp=1787936802916, current=UP, previous=STARTING]
2026-08-28T22:36:42.924+05:30  INFO 37308 --- [bmp-booking-service] [foReplicator-%d] com.netflix.discovery.DiscoveryClient    : DiscoveryClient_BMP-BOOKING-SERVICE/Darshan.mshome.net:bmp-booking-service:8084: registering service...
2026-08-28T22:36:42.977+05:30  INFO 37308 --- [bmp-booking-service] [           main] o.s.b.w.embedded.tomcat.TomcatWebServer  : Tomcat started on port 8084 (http) with context path '/'
2026-08-28T22:36:42.979+05:30  INFO 37308 --- [bmp-booking-service] [           main] .s.c.n.e.s.EurekaAutoServiceRegistration : Updating port to 8084
2026-08-28T22:36:42.989+05:30  INFO 37308 --- [bmp-booking-service] [           main] o.s.c.s.binder.DefaultBinderFactory      : Creating binder: kafka
2026-08-28T22:36:42.989+05:30  INFO 37308 --- [bmp-booking-service] [           main] o.s.c.s.binder.DefaultBinderFactory      : Constructing binder child context for kafka
2026-08-28T22:36:42.993+05:30  INFO 37308 --- [bmp-booking-service] [foReplicator-%d] com.netflix.discovery.DiscoveryClient    : DiscoveryClient_BMP-BOOKING-SERVICE/Darshan.mshome.net:bmp-booking-service:8084 - registration status: 204
2026-08-28T22:36:43.972+05:30  INFO 37308 --- [bmp-booking-service] [           main] o.s.c.s.binder.DefaultBinderFactory      : Caching the binder: kafka
2026-08-28T22:36:44.094+05:30  INFO 37308 --- [bmp-booking-service] [           main] o.a.k.clients.admin.AdminClientConfig    : AdminClientConfig values: 
	auto.include.jmx.reporter = true
	bootstrap.controllers = []
	bootstrap.servers = [localhost:9092]
	client.dns.lookup = use_all_dns_ips
	client.id = 
	connections.max.idle.ms = 300000
	default.api.timeout.ms = 60000
	enable.metrics.push = true
	metadata.max.age.ms = 300000
	metadata.recovery.strategy = none
	metric.reporters = []
	metrics.num.samples = 2
	metrics.recording.level = INFO
	metrics.sample.window.ms = 30000
	receive.buffer.bytes = 65536
	reconnect.backoff.max.ms = 1000
	reconnect.backoff.ms = 50
	request.timeout.ms = 30000
	retries = 2147483647
	retry.backoff.max.ms = 1000
	retry.backoff.ms = 100
	sasl.client.callback.handler.class = null
	sasl.jaas.config = null
	sasl.kerberos.kinit.cmd = /usr/bin/kinit
	sasl.kerberos.min.time.before.relogin = 60000
	sasl.kerberos.service.name = null
	sasl.kerberos.ticket.renew.jitter = 0.05
	sasl.kerberos.ticket.renew.window.factor = 0.8
	sasl.login.callback.handler.class = null
	sasl.login.class = null
	sasl.login.connect.timeout.ms = null
	sasl.login.read.timeout.ms = null
	sasl.login.refresh.buffer.seconds = 300
	sasl.login.refresh.min.period.seconds = 60
	sasl.login.refresh.window.factor = 0.8
	sasl.login.refresh.window.jitter = 0.05
	sasl.login.retry.backoff.max.ms = 10000
	sasl.login.retry.backoff.ms = 100
	sasl.mechanism = GSSAPI
	sasl.oauthbearer.clock.skew.seconds = 30
	sasl.oauthbearer.expected.audience = null
	sasl.oauthbearer.expected.issuer = null
	sasl.oauthbearer.jwks.endpoint.refresh.ms = 3600000
	sasl.oauthbearer.jwks.endpoint.retry.backoff.max.ms = 10000
	sasl.oauthbearer.jwks.endpoint.retry.backoff.ms = 100
	sasl.oauthbearer.jwks.endpoint.url = null
	sasl.oauthbearer.scope.claim.name = scope
	sasl.oauthbearer.sub.claim.name = sub
	sasl.oauthbearer.token.endpoint.url = null
	security.protocol = PLAINTEXT
	security.providers = null
	send.buffer.bytes = 131072
	socket.connection.setup.timeout.max.ms = 30000
	socket.connection.setup.timeout.ms = 10000
	ssl.cipher.suites = null
	ssl.enabled.protocols = [TLSv1.2, TLSv1.3]
	ssl.endpoint.identification.algorithm = https
	ssl.engine.factory.class = null
	ssl.key.password = null
	ssl.keymanager.algorithm = SunX509
	ssl.keystore.certificate.chain = null
	ssl.keystore.key = null
	ssl.keystore.location = null
	ssl.keystore.password = null
	ssl.keystore.type = JKS
	ssl.protocol = TLSv1.3
	ssl.provider = null
	ssl.secure.random.implementation = null
	ssl.trustmanager.algorithm = PKIX
	ssl.truststore.certificates = null
	ssl.truststore.location = null
	ssl.truststore.password = null
	ssl.truststore.type = JKS

2026-08-28T22:36:44.494+05:30  INFO 37308 --- [bmp-booking-service] [           main] o.a.kafka.common.utils.AppInfoParser     : Kafka version: 3.8.1
2026-08-28T22:36:44.494+05:30  INFO 37308 --- [bmp-booking-service] [           main] o.a.kafka.common.utils.AppInfoParser     : Kafka commitId: 70d6ff42debf7e17
2026-08-28T22:36:44.494+05:30  INFO 37308 --- [bmp-booking-service] [           main] o.a.kafka.common.utils.AppInfoParser     : Kafka startTimeMs: 1787936804489
2026-08-28T22:36:45.381+05:30  INFO 37308 --- [bmp-booking-service] [| adminclient-1] o.a.kafka.common.utils.AppInfoParser     : App info kafka.admin.client for adminclient-1 unregistered
2026-08-28T22:36:45.387+05:30  INFO 37308 --- [bmp-booking-service] [| adminclient-1] o.apache.kafka.common.metrics.Metrics    : Metrics scheduler closed
2026-08-28T22:36:45.387+05:30  INFO 37308 --- [bmp-booking-service] [| adminclient-1] o.apache.kafka.common.metrics.Metrics    : Closing reporter org.apache.kafka.common.metrics.JmxReporter
2026-08-28T22:36:45.387+05:30  INFO 37308 --- [bmp-booking-service] [| adminclient-1] o.apache.kafka.common.metrics.Metrics    : Metrics reporters closed
2026-08-28T22:36:45.415+05:30  INFO 37308 --- [bmp-booking-service] [           main] o.a.k.clients.consumer.ConsumerConfig    : ConsumerConfig values: 
	allow.auto.create.topics = true
	auto.commit.interval.ms = 100
	auto.include.jmx.reporter = true
	auto.offset.reset = latest
	bootstrap.servers = [localhost:9092]
	check.crcs = true
	client.dns.lookup = use_all_dns_ips
	client.id = consumer-anonymous.777e2bc3-eb50-4b9f-8b85-f58f15efd44b-1
	client.rack = 
	connections.max.idle.ms = 540000
	default.api.timeout.ms = 60000
	enable.auto.commit = false
	enable.metrics.push = true
	exclude.internal.topics = true
	fetch.max.bytes = 52428800
	fetch.max.wait.ms = 500
	fetch.min.bytes = 1
	group.id = anonymous.777e2bc3-eb50-4b9f-8b85-f58f15efd44b
	group.instance.id = null
	group.protocol = classic
	group.remote.assignor = null
	heartbeat.interval.ms = 3000
	interceptor.classes = []
	internal.leave.group.on.close = true
	internal.throw.on.fetch.stable.offset.unsupported = false
	isolation.level = read_uncommitted
	key.deserializer = class org.apache.kafka.common.serialization.ByteArrayDeserializer
	max.partition.fetch.bytes = 1048576
	max.poll.interval.ms = 300000
	max.poll.records = 500
	metadata.max.age.ms = 300000
	metadata.recovery.strategy = none
	metric.reporters = []
	metrics.num.samples = 2
	metrics.recording.level = INFO
	metrics.sample.window.ms = 30000
	partition.assignment.strategy = [class org.apache.kafka.clients.consumer.RangeAssignor, class org.apache.kafka.clients.consumer.CooperativeStickyAssignor]
	receive.buffer.bytes = 65536
	reconnect.backoff.max.ms = 1000
	reconnect.backoff.ms = 50
	request.timeout.ms = 30000
	retry.backoff.max.ms = 1000
	retry.backoff.ms = 100
	sasl.client.callback.handler.class = null
	sasl.jaas.config = null
	sasl.kerberos.kinit.cmd = /usr/bin/kinit
	sasl.kerberos.min.time.before.relogin = 60000
	sasl.kerberos.service.name = null
	sasl.kerberos.ticket.renew.jitter = 0.05
	sasl.kerberos.ticket.renew.window.factor = 0.8
	sasl.login.callback.handler.class = null
	sasl.login.class = null
	sasl.login.connect.timeout.ms = null
	sasl.login.read.timeout.ms = null
	sasl.login.refresh.buffer.seconds = 300
	sasl.login.refresh.min.period.seconds = 60
	sasl.login.refresh.window.factor = 0.8
	sasl.login.refresh.window.jitter = 0.05
	sasl.login.retry.backoff.max.ms = 10000
	sasl.login.retry.backoff.ms = 100
	sasl.mechanism = GSSAPI
	sasl.oauthbearer.clock.skew.seconds = 30
	sasl.oauthbearer.expected.audience = null
	sasl.oauthbearer.expected.issuer = null
	sasl.oauthbearer.jwks.endpoint.refresh.ms = 3600000
	sasl.oauthbearer.jwks.endpoint.retry.backoff.max.ms = 10000
	sasl.oauthbearer.jwks.endpoint.retry.backoff.ms = 100
	sasl.oauthbearer.jwks.endpoint.url = null
	sasl.oauthbearer.scope.claim.name = scope
	sasl.oauthbearer.sub.claim.name = sub
	sasl.oauthbearer.token.endpoint.url = null
	security.protocol = PLAINTEXT
	security.providers = null
	send.buffer.bytes = 131072
	session.timeout.ms = 45000
	socket.connection.setup.timeout.max.ms = 30000
	socket.connection.setup.timeout.ms = 10000
	ssl.cipher.suites = null
	ssl.enabled.protocols = [TLSv1.2, TLSv1.3]
	ssl.endpoint.identification.algorithm = https
	ssl.engine.factory.class = null
	ssl.key.password = null
	ssl.keymanager.algorithm = SunX509
	ssl.keystore.certificate.chain = null
	ssl.keystore.key = null
	ssl.keystore.location = null
	ssl.keystore.password = null
	ssl.keystore.type = JKS
	ssl.protocol = TLSv1.3
	ssl.provider = null
	ssl.secure.random.implementation = null
	ssl.trustmanager.algorithm = PKIX
	ssl.truststore.certificates = null
	ssl.truststore.location = null
	ssl.truststore.password = null
	ssl.truststore.type = JKS
	value.deserializer = class org.apache.kafka.common.serialization.ByteArrayDeserializer

2026-08-28T22:36:45.517+05:30  INFO 37308 --- [bmp-booking-service] [           main] o.a.k.c.t.i.KafkaMetricsCollector        : initializing Kafka metrics collector
2026-08-28T22:36:45.648+05:30  INFO 37308 --- [bmp-booking-service] [           main] o.a.kafka.common.utils.AppInfoParser     : Kafka version: 3.8.1
2026-08-28T22:36:45.649+05:30  INFO 37308 --- [bmp-booking-service] [           main] o.a.kafka.common.utils.AppInfoParser     : Kafka commitId: 70d6ff42debf7e17
2026-08-28T22:36:45.650+05:30  INFO 37308 --- [bmp-booking-service] [           main] o.a.kafka.common.utils.AppInfoParser     : Kafka startTimeMs: 1787936805647
2026-08-28T22:36:45.689+05:30  INFO 37308 --- [bmp-booking-service] [           main] org.apache.kafka.clients.Metadata        : [Consumer clientId=consumer-anonymous.777e2bc3-eb50-4b9f-8b85-f58f15efd44b-1, groupId=anonymous.777e2bc3-eb50-4b9f-8b85-f58f15efd44b] Cluster ID: 5L6g3nShT-eMCtK--X86sw
2026-08-28T22:36:45.693+05:30  INFO 37308 --- [bmp-booking-service] [           main] o.a.k.c.c.internals.ConsumerCoordinator  : [Consumer clientId=consumer-anonymous.777e2bc3-eb50-4b9f-8b85-f58f15efd44b-1, groupId=anonymous.777e2bc3-eb50-4b9f-8b85-f58f15efd44b] Resetting generation and member id due to: consumer pro-actively leaving the group
2026-08-28T22:36:45.694+05:30  INFO 37308 --- [bmp-booking-service] [           main] o.a.k.c.c.internals.ConsumerCoordinator  : [Consumer clientId=consumer-anonymous.777e2bc3-eb50-4b9f-8b85-f58f15efd44b-1, groupId=anonymous.777e2bc3-eb50-4b9f-8b85-f58f15efd44b] Request joining group due to: consumer pro-actively leaving the group
2026-08-28T22:36:45.704+05:30  INFO 37308 --- [bmp-booking-service] [           main] o.apache.kafka.common.metrics.Metrics    : Metrics scheduler closed
2026-08-28T22:36:45.705+05:30  INFO 37308 --- [bmp-booking-service] [           main] o.apache.kafka.common.metrics.Metrics    : Closing reporter org.apache.kafka.common.metrics.JmxReporter
2026-08-28T22:36:45.705+05:30  INFO 37308 --- [bmp-booking-service] [           main] o.apache.kafka.common.metrics.Metrics    : Closing reporter org.apache.kafka.common.telemetry.internals.ClientTelemetryReporter
2026-08-28T22:36:45.705+05:30  INFO 37308 --- [bmp-booking-service] [           main] o.apache.kafka.common.metrics.Metrics    : Metrics reporters closed
2026-08-28T22:36:45.712+05:30  INFO 37308 --- [bmp-booking-service] [           main] o.a.kafka.common.utils.AppInfoParser     : App info kafka.consumer for consumer-anonymous.777e2bc3-eb50-4b9f-8b85-f58f15efd44b-1 unregistered
2026-08-28T22:36:45.796+05:30  INFO 37308 --- [bmp-booking-service] [           main] o.s.c.stream.binder.BinderErrorChannel   : Channel 'kafka-7578299.springCloudBusInput.errors' has 1 subscriber(s).
2026-08-28T22:36:45.798+05:30  INFO 37308 --- [bmp-booking-service] [           main] o.s.c.stream.binder.BinderErrorChannel   : Channel 'kafka-7578299.springCloudBusInput.errors' has 0 subscriber(s).
2026-08-28T22:36:45.798+05:30  INFO 37308 --- [bmp-booking-service] [           main] o.s.c.stream.binder.BinderErrorChannel   : Channel 'kafka-7578299.springCloudBusInput.errors' has 1 subscriber(s).
2026-08-28T22:36:45.798+05:30  INFO 37308 --- [bmp-booking-service] [           main] o.s.c.stream.binder.BinderErrorChannel   : Channel 'kafka-7578299.springCloudBusInput.errors' has 2 subscriber(s).
2026-08-28T22:36:45.837+05:30  INFO 37308 --- [bmp-booking-service] [           main] o.a.k.clients.consumer.ConsumerConfig    : ConsumerConfig values: 
	allow.auto.create.topics = true
	auto.commit.interval.ms = 100
	auto.include.jmx.reporter = true
	auto.offset.reset = latest
	bootstrap.servers = [localhost:9092]
	check.crcs = true
	client.dns.lookup = use_all_dns_ips
	client.id = consumer-anonymous.777e2bc3-eb50-4b9f-8b85-f58f15efd44b-2
	client.rack = 
	connections.max.idle.ms = 540000
	default.api.timeout.ms = 60000
	enable.auto.commit = false
	enable.metrics.push = true
	exclude.internal.topics = true
	fetch.max.bytes = 52428800
	fetch.max.wait.ms = 500
	fetch.min.bytes = 1
	group.id = anonymous.777e2bc3-eb50-4b9f-8b85-f58f15efd44b
	group.instance.id = null
	group.protocol = classic
	group.remote.assignor = null
	heartbeat.interval.ms = 3000
	interceptor.classes = []
	internal.leave.group.on.close = true
	internal.throw.on.fetch.stable.offset.unsupported = false
	isolation.level = read_uncommitted
	key.deserializer = class org.apache.kafka.common.serialization.ByteArrayDeserializer
	max.partition.fetch.bytes = 1048576
	max.poll.interval.ms = 300000
	max.poll.records = 500
	metadata.max.age.ms = 300000
	metadata.recovery.strategy = none
	metric.reporters = []
	metrics.num.samples = 2
	metrics.recording.level = INFO
	metrics.sample.window.ms = 30000
	partition.assignment.strategy = [class org.apache.kafka.clients.consumer.RangeAssignor, class org.apache.kafka.clients.consumer.CooperativeStickyAssignor]
	receive.buffer.bytes = 65536
	reconnect.backoff.max.ms = 1000
	reconnect.backoff.ms = 50
	request.timeout.ms = 30000
	retry.backoff.max.ms = 1000
	retry.backoff.ms = 100
	sasl.client.callback.handler.class = null
	sasl.jaas.config = null
	sasl.kerberos.kinit.cmd = /usr/bin/kinit
	sasl.kerberos.min.time.before.relogin = 60000
	sasl.kerberos.service.name = null
	sasl.kerberos.ticket.renew.jitter = 0.05
	sasl.kerberos.ticket.renew.window.factor = 0.8
	sasl.login.callback.handler.class = null
	sasl.login.class = null
	sasl.login.connect.timeout.ms = null
	sasl.login.read.timeout.ms = null
	sasl.login.refresh.buffer.seconds = 300
	sasl.login.refresh.min.period.seconds = 60
	sasl.login.refresh.window.factor = 0.8
	sasl.login.refresh.window.jitter = 0.05
	sasl.login.retry.backoff.max.ms = 10000
	sasl.login.retry.backoff.ms = 100
	sasl.mechanism = GSSAPI
	sasl.oauthbearer.clock.skew.seconds = 30
	sasl.oauthbearer.expected.audience = null
	sasl.oauthbearer.expected.issuer = null
	sasl.oauthbearer.jwks.endpoint.refresh.ms = 3600000
	sasl.oauthbearer.jwks.endpoint.retry.backoff.max.ms = 10000
	sasl.oauthbearer.jwks.endpoint.retry.backoff.ms = 100
	sasl.oauthbearer.jwks.endpoint.url = null
	sasl.oauthbearer.scope.claim.name = scope
	sasl.oauthbearer.sub.claim.name = sub
	sasl.oauthbearer.token.endpoint.url = null
	security.protocol = PLAINTEXT
	security.providers = null
	send.buffer.bytes = 131072
	session.timeout.ms = 45000
	socket.connection.setup.timeout.max.ms = 30000
	socket.connection.setup.timeout.ms = 10000
	ssl.cipher.suites = null
	ssl.enabled.protocols = [TLSv1.2, TLSv1.3]
	ssl.endpoint.identification.algorithm = https
	ssl.engine.factory.class = null
	ssl.key.password = null
	ssl.keymanager.algorithm = SunX509
	ssl.keystore.certificate.chain = null
	ssl.keystore.key = null
	ssl.keystore.location = null
	ssl.keystore.password = null
	ssl.keystore.type = JKS
	ssl.protocol = TLSv1.3
	ssl.provider = null
	ssl.secure.random.implementation = null
	ssl.trustmanager.algorithm = PKIX
	ssl.truststore.certificates = null
	ssl.truststore.location = null
	ssl.truststore.password = null
	ssl.truststore.type = JKS
	value.deserializer = class org.apache.kafka.common.serialization.ByteArrayDeserializer

2026-08-28T22:36:45.837+05:30  INFO 37308 --- [bmp-booking-service] [           main] o.a.k.c.t.i.KafkaMetricsCollector        : initializing Kafka metrics collector
2026-08-28T22:36:45.849+05:30  INFO 37308 --- [bmp-booking-service] [           main] o.a.kafka.common.utils.AppInfoParser     : Kafka version: 3.8.1
2026-08-28T22:36:45.849+05:30  INFO 37308 --- [bmp-booking-service] [           main] o.a.kafka.common.utils.AppInfoParser     : Kafka commitId: 70d6ff42debf7e17
2026-08-28T22:36:45.849+05:30  INFO 37308 --- [bmp-booking-service] [           main] o.a.kafka.common.utils.AppInfoParser     : Kafka startTimeMs: 1787936805849
2026-08-28T22:36:45.857+05:30  INFO 37308 --- [bmp-booking-service] [           main] o.a.k.c.c.internals.LegacyKafkaConsumer  : [Consumer clientId=consumer-anonymous.777e2bc3-eb50-4b9f-8b85-f58f15efd44b-2, groupId=anonymous.777e2bc3-eb50-4b9f-8b85-f58f15efd44b] Subscribed to topic(s): springCloudBus
2026-08-28T22:36:45.869+05:30  INFO 37308 --- [bmp-booking-service] [           main] s.i.k.i.KafkaMessageDrivenChannelAdapter : started org.springframework.integration.kafka.inbound.KafkaMessageDrivenChannelAdapter@fb83811
2026-08-28T22:36:45.886+05:30  INFO 37308 --- [bmp-booking-service] [container-0-C-1] org.apache.kafka.clients.Metadata        : [Consumer clientId=consumer-anonymous.777e2bc3-eb50-4b9f-8b85-f58f15efd44b-2, groupId=anonymous.777e2bc3-eb50-4b9f-8b85-f58f15efd44b] Cluster ID: 5L6g3nShT-eMCtK--X86sw
2026-08-28T22:36:45.887+05:30  INFO 37308 --- [bmp-booking-service] [container-0-C-1] o.a.k.c.c.internals.ConsumerCoordinator  : [Consumer clientId=consumer-anonymous.777e2bc3-eb50-4b9f-8b85-f58f15efd44b-2, groupId=anonymous.777e2bc3-eb50-4b9f-8b85-f58f15efd44b] Discovered group coordinator localhost:9092 (id: 2147483646 rack: null)
2026-08-28T22:36:45.890+05:30  INFO 37308 --- [bmp-booking-service] [container-0-C-1] o.a.k.c.c.internals.ConsumerCoordinator  : [Consumer clientId=consumer-anonymous.777e2bc3-eb50-4b9f-8b85-f58f15efd44b-2, groupId=anonymous.777e2bc3-eb50-4b9f-8b85-f58f15efd44b] (Re-)joining group
2026-08-28T22:36:45.911+05:30  INFO 37308 --- [bmp-booking-service] [container-0-C-1] o.a.k.c.c.internals.ConsumerCoordinator  : [Consumer clientId=consumer-anonymous.777e2bc3-eb50-4b9f-8b85-f58f15efd44b-2, groupId=anonymous.777e2bc3-eb50-4b9f-8b85-f58f15efd44b] Request joining group due to: need to re-join with the given member-id: consumer-anonymous.777e2bc3-eb50-4b9f-8b85-f58f15efd44b-2-ce30b9a2-27c3-4f39-933d-ad397dbd9f38
2026-08-28T22:36:45.911+05:30  INFO 37308 --- [bmp-booking-service] [container-0-C-1] o.a.k.c.c.internals.ConsumerCoordinator  : [Consumer clientId=consumer-anonymous.777e2bc3-eb50-4b9f-8b85-f58f15efd44b-2, groupId=anonymous.777e2bc3-eb50-4b9f-8b85-f58f15efd44b] (Re-)joining group
2026-08-28T22:36:45.965+05:30  INFO 37308 --- [bmp-booking-service] [           main] com.bmp.booking.BmpBookingApplication    : Started BmpBookingApplication in 50.882 seconds (process running for 51.684)
2026-08-28T22:36:46.887+05:30  INFO 37308 --- [bmp-booking-service] [pool-2-thread-1] o.a.k.clients.consumer.ConsumerConfig    : ConsumerConfig values: 
	allow.auto.create.topics = true
	auto.commit.interval.ms = 5000
	auto.include.jmx.reporter = true
	auto.offset.reset = latest
	bootstrap.servers = [localhost:9092]
	check.crcs = true
	client.dns.lookup = use_all_dns_ips
	client.id = consumer-anonymous.777e2bc3-eb50-4b9f-8b85-f58f15efd44b-3
	client.rack = 
	connections.max.idle.ms = 540000
	default.api.timeout.ms = 60000
	enable.auto.commit = true
	enable.metrics.push = true
	exclude.internal.topics = true
	fetch.max.bytes = 52428800
	fetch.max.wait.ms = 500
	fetch.min.bytes = 1
	group.id = anonymous.777e2bc3-eb50-4b9f-8b85-f58f15efd44b
	group.instance.id = null
	group.protocol = classic
	group.remote.assignor = null
	heartbeat.interval.ms = 3000
	interceptor.classes = []
	internal.leave.group.on.close = true
	internal.throw.on.fetch.stable.offset.unsupported = false
	isolation.level = read_uncommitted
	key.deserializer = class org.apache.kafka.common.serialization.ByteArrayDeserializer
	max.partition.fetch.bytes = 1048576
	max.poll.interval.ms = 300000
	max.poll.records = 500
	metadata.max.age.ms = 300000
	metadata.recovery.strategy = none
	metric.reporters = []
	metrics.num.samples = 2
	metrics.recording.level = INFO
	metrics.sample.window.ms = 30000
	partition.assignment.strategy = [class org.apache.kafka.clients.consumer.RangeAssignor, class org.apache.kafka.clients.consumer.CooperativeStickyAssignor]
	receive.buffer.bytes = 65536
	reconnect.backoff.max.ms = 1000
	reconnect.backoff.ms = 50
	request.timeout.ms = 30000
	retry.backoff.max.ms = 1000
	retry.backoff.ms = 100
	sasl.client.callback.handler.class = null
	sasl.jaas.config = null
	sasl.kerberos.kinit.cmd = /usr/bin/kinit
	sasl.kerberos.min.time.before.relogin = 60000
	sasl.kerberos.service.name = null
	sasl.kerberos.ticket.renew.jitter = 0.05
	sasl.kerberos.ticket.renew.window.factor = 0.8
	sasl.login.callback.handler.class = null
	sasl.login.class = null
	sasl.login.connect.timeout.ms = null
	sasl.login.read.timeout.ms = null
	sasl.login.refresh.buffer.seconds = 300
	sasl.login.refresh.min.period.seconds = 60
	sasl.login.refresh.window.factor = 0.8
	sasl.login.refresh.window.jitter = 0.05
	sasl.login.retry.backoff.max.ms = 10000
	sasl.login.retry.backoff.ms = 100
	sasl.mechanism = GSSAPI
	sasl.oauthbearer.clock.skew.seconds = 30
	sasl.oauthbearer.expected.audience = null
	sasl.oauthbearer.expected.issuer = null
	sasl.oauthbearer.jwks.endpoint.refresh.ms = 3600000
	sasl.oauthbearer.jwks.endpoint.retry.backoff.max.ms = 10000
	sasl.oauthbearer.jwks.endpoint.retry.backoff.ms = 100
	sasl.oauthbearer.jwks.endpoint.url = null
	sasl.oauthbearer.scope.claim.name = scope
	sasl.oauthbearer.sub.claim.name = sub
	sasl.oauthbearer.token.endpoint.url = null
	security.protocol = PLAINTEXT
	security.providers = null
	send.buffer.bytes = 131072
	session.timeout.ms = 45000
	socket.connection.setup.timeout.max.ms = 30000
	socket.connection.setup.timeout.ms = 10000
	ssl.cipher.suites = null
	ssl.enabled.protocols = [TLSv1.2, TLSv1.3]
	ssl.endpoint.identification.algorithm = https
	ssl.engine.factory.class = null
	ssl.key.password = null
	ssl.keymanager.algorithm = SunX509
	ssl.keystore.certificate.chain = null
	ssl.keystore.key = null
	ssl.keystore.location = null
	ssl.keystore.password = null
	ssl.keystore.type = JKS
	ssl.protocol = TLSv1.3
	ssl.provider = null
	ssl.secure.random.implementation = null
	ssl.trustmanager.algorithm = PKIX
	ssl.truststore.certificates = null
	ssl.truststore.location = null
	ssl.truststore.password = null
	ssl.truststore.type = JKS
	value.deserializer = class org.apache.kafka.common.serialization.ByteArrayDeserializer

2026-08-28T22:36:46.887+05:30  INFO 37308 --- [bmp-booking-service] [pool-2-thread-1] o.a.k.c.t.i.KafkaMetricsCollector        : initializing Kafka metrics collector
2026-08-28T22:36:46.909+05:30  INFO 37308 --- [bmp-booking-service] [pool-2-thread-1] o.a.kafka.common.utils.AppInfoParser     : Kafka version: 3.8.1
2026-08-28T22:36:46.909+05:30  INFO 37308 --- [bmp-booking-service] [pool-2-thread-1] o.a.kafka.common.utils.AppInfoParser     : Kafka commitId: 70d6ff42debf7e17
2026-08-28T22:36:46.909+05:30  INFO 37308 --- [bmp-booking-service] [pool-2-thread-1] o.a.kafka.common.utils.AppInfoParser     : Kafka startTimeMs: 1787936806909
2026-08-28T22:36:46.921+05:30  INFO 37308 --- [bmp-booking-service] [pool-2-thread-1] org.apache.kafka.clients.Metadata        : [Consumer clientId=consumer-anonymous.777e2bc3-eb50-4b9f-8b85-f58f15efd44b-3, groupId=anonymous.777e2bc3-eb50-4b9f-8b85-f58f15efd44b] Cluster ID: 5L6g3nShT-eMCtK--X86sw
2026-08-28T22:36:46.949+05:30  INFO 37308 --- [bmp-booking-service] [pool-2-thread-1] o.a.k.c.c.internals.ConsumerCoordinator  : [Consumer clientId=consumer-anonymous.777e2bc3-eb50-4b9f-8b85-f58f15efd44b-3, groupId=anonymous.777e2bc3-eb50-4b9f-8b85-f58f15efd44b] Discovered group coordinator localhost:9092 (id: 2147483646 rack: null)
2026-08-28T22:36:46.968+05:30  INFO 37308 --- [bmp-booking-service] [pool-2-thread-1] o.a.k.c.c.internals.ConsumerCoordinator  : [Consumer clientId=consumer-anonymous.777e2bc3-eb50-4b9f-8b85-f58f15efd44b-3, groupId=anonymous.777e2bc3-eb50-4b9f-8b85-f58f15efd44b] Found no committed offset for partition springCloudBus-0
2026-08-28T22:36:48.917+05:30  INFO 37308 --- [bmp-booking-service] [container-0-C-1] o.a.k.c.c.internals.ConsumerCoordinator  : [Consumer clientId=consumer-anonymous.777e2bc3-eb50-4b9f-8b85-f58f15efd44b-2, groupId=anonymous.777e2bc3-eb50-4b9f-8b85-f58f15efd44b] Successfully joined group with generation Generation{generationId=1, memberId='consumer-anonymous.777e2bc3-eb50-4b9f-8b85-f58f15efd44b-2-ce30b9a2-27c3-4f39-933d-ad397dbd9f38', protocol='range'}
2026-08-28T22:36:48.927+05:30  INFO 37308 --- [bmp-booking-service] [container-0-C-1] o.a.k.c.c.internals.ConsumerCoordinator  : [Consumer clientId=consumer-anonymous.777e2bc3-eb50-4b9f-8b85-f58f15efd44b-2, groupId=anonymous.777e2bc3-eb50-4b9f-8b85-f58f15efd44b] Finished assignment for group at generation 1: {consumer-anonymous.777e2bc3-eb50-4b9f-8b85-f58f15efd44b-2-ce30b9a2-27c3-4f39-933d-ad397dbd9f38=Assignment(partitions=[springCloudBus-0])}
2026-08-28T22:36:48.937+05:30  INFO 37308 --- [bmp-booking-service] [container-0-C-1] o.a.k.c.c.internals.ConsumerCoordinator  : [Consumer clientId=consumer-anonymous.777e2bc3-eb50-4b9f-8b85-f58f15efd44b-2, groupId=anonymous.777e2bc3-eb50-4b9f-8b85-f58f15efd44b] Successfully synced group in generation Generation{generationId=1, memberId='consumer-anonymous.777e2bc3-eb50-4b9f-8b85-f58f15efd44b-2-ce30b9a2-27c3-4f39-933d-ad397dbd9f38', protocol='range'}
2026-08-28T22:36:48.939+05:30  INFO 37308 --- [bmp-booking-service] [container-0-C-1] o.a.k.c.c.internals.ConsumerCoordinator  : [Consumer clientId=consumer-anonymous.777e2bc3-eb50-4b9f-8b85-f58f15efd44b-2, groupId=anonymous.777e2bc3-eb50-4b9f-8b85-f58f15efd44b] Notifying assignor about the new Assignment(partitions=[springCloudBus-0])
2026-08-28T22:36:48.943+05:30  INFO 37308 --- [bmp-booking-service] [container-0-C-1] k.c.c.i.ConsumerRebalanceListenerInvoker : [Consumer clientId=consumer-anonymous.777e2bc3-eb50-4b9f-8b85-f58f15efd44b-2, groupId=anonymous.777e2bc3-eb50-4b9f-8b85-f58f15efd44b] Adding newly assigned partitions: springCloudBus-0
2026-08-28T22:36:48.946+05:30  INFO 37308 --- [bmp-booking-service] [container-0-C-1] o.a.k.c.c.internals.ConsumerCoordinator  : [Consumer clientId=consumer-anonymous.777e2bc3-eb50-4b9f-8b85-f58f15efd44b-2, groupId=anonymous.777e2bc3-eb50-4b9f-8b85-f58f15efd44b] Found no committed offset for partition springCloudBus-0
2026-08-28T22:36:48.953+05:30  INFO 37308 --- [bmp-booking-service] [container-0-C-1] o.a.k.c.c.internals.ConsumerCoordinator  : [Consumer clientId=consumer-anonymous.777e2bc3-eb50-4b9f-8b85-f58f15efd44b-2, groupId=anonymous.777e2bc3-eb50-4b9f-8b85-f58f15efd44b] Found no committed offset for partition springCloudBus-0
2026-08-28T22:36:48.962+05:30  INFO 37308 --- [bmp-booking-service] [container-0-C-1] o.a.k.c.c.internals.SubscriptionState    : [Consumer clientId=consumer-anonymous.777e2bc3-eb50-4b9f-8b85-f58f15efd44b-2, groupId=anonymous.777e2bc3-eb50-4b9f-8b85-f58f15efd44b] Resetting offset for partition springCloudBus-0 to position FetchPosition{offset=0, offsetEpoch=Optional.empty, currentLeader=LeaderAndEpoch{leader=Optional[localhost:9092 (id: 1 rack: null)], epoch=0}}.
2026-08-28T22:36:48.969+05:30  INFO 37308 --- [bmp-booking-service] [container-0-C-1] o.s.c.s.b.k.KafkaMessageChannelBinder$2  : anonymous.777e2bc3-eb50-4b9f-8b85-f58f15efd44b: partitions assigned: [springCloudBus-0]
2026-08-28T22:37:03.089+05:30  INFO 37308 --- [bmp-booking-service] [nio-8084-exec-1] o.a.c.c.C.[Tomcat].[localhost].[/]       : Initializing Spring DispatcherServlet 'dispatcherServlet'
2026-08-28T22:37:03.089+05:30  INFO 37308 --- [bmp-booking-service] [nio-8084-exec-1] o.s.web.servlet.DispatcherServlet        : Initializing Servlet 'dispatcherServlet'
2026-08-28T22:37:03.094+05:30  INFO 37308 --- [bmp-booking-service] [nio-8084-exec-1] o.s.web.servlet.DispatcherServlet        : Completed initialization in 5 ms
2026-08-28T22:37:03.299+05:30  INFO 37308 --- [bmp-booking-service] [binder-health-1] o.a.k.clients.consumer.ConsumerConfig    : ConsumerConfig values: 
	allow.auto.create.topics = true
	auto.commit.interval.ms = 5000
	auto.include.jmx.reporter = true
	auto.offset.reset = latest
	bootstrap.servers = [localhost:9092]
	check.crcs = true
	client.dns.lookup = use_all_dns_ips
	client.id = consumer-null-4
	client.rack = 
	connections.max.idle.ms = 540000
	default.api.timeout.ms = 60000
	enable.auto.commit = false
	enable.metrics.push = true
	exclude.internal.topics = true
	fetch.max.bytes = 52428800
	fetch.max.wait.ms = 500
	fetch.min.bytes = 1
	group.id = null
	group.instance.id = null
	group.protocol = classic
	group.remote.assignor = null
	heartbeat.interval.ms = 3000
	interceptor.classes = []
	internal.leave.group.on.close = true
	internal.throw.on.fetch.stable.offset.unsupported = false
	isolation.level = read_uncommitted
	key.deserializer = class org.apache.kafka.common.serialization.ByteArrayDeserializer
	max.partition.fetch.bytes = 1048576
	max.poll.interval.ms = 300000
	max.poll.records = 500
	metadata.max.age.ms = 300000
	metadata.recovery.strategy = none
	metric.reporters = []
	metrics.num.samples = 2
	metrics.recording.level = INFO
	metrics.sample.window.ms = 30000
	partition.assignment.strategy = [class org.apache.kafka.clients.consumer.RangeAssignor, class org.apache.kafka.clients.consumer.CooperativeStickyAssignor]
	receive.buffer.bytes = 65536
	reconnect.backoff.max.ms = 1000
	reconnect.backoff.ms = 50
	request.timeout.ms = 30000
	retry.backoff.max.ms = 1000
	retry.backoff.ms = 100
	sasl.client.callback.handler.class = null
	sasl.jaas.config = null
	sasl.kerberos.kinit.cmd = /usr/bin/kinit
	sasl.kerberos.min.time.before.relogin = 60000
	sasl.kerberos.service.name = null
	sasl.kerberos.ticket.renew.jitter = 0.05
	sasl.kerberos.ticket.renew.window.factor = 0.8
	sasl.login.callback.handler.class = null
	sasl.login.class = null
	sasl.login.connect.timeout.ms = null
	sasl.login.read.timeout.ms = null
	sasl.login.refresh.buffer.seconds = 300
	sasl.login.refresh.min.period.seconds = 60
	sasl.login.refresh.window.factor = 0.8
	sasl.login.refresh.window.jitter = 0.05
	sasl.login.retry.backoff.max.ms = 10000
	sasl.login.retry.backoff.ms = 100
	sasl.mechanism = GSSAPI
	sasl.oauthbearer.clock.skew.seconds = 30
	sasl.oauthbearer.expected.audience = null
	sasl.oauthbearer.expected.issuer = null
	sasl.oauthbearer.jwks.endpoint.refresh.ms = 3600000
	sasl.oauthbearer.jwks.endpoint.retry.backoff.max.ms = 10000
	sasl.oauthbearer.jwks.endpoint.retry.backoff.ms = 100
	sasl.oauthbearer.jwks.endpoint.url = null
	sasl.oauthbearer.scope.claim.name = scope
	sasl.oauthbearer.sub.claim.name = sub
	sasl.oauthbearer.token.endpoint.url = null
	security.protocol = PLAINTEXT
	security.providers = null
	send.buffer.bytes = 131072
	session.timeout.ms = 45000
	socket.connection.setup.timeout.max.ms = 30000
	socket.connection.setup.timeout.ms = 10000
	ssl.cipher.suites = null
	ssl.enabled.protocols = [TLSv1.2, TLSv1.3]
	ssl.endpoint.identification.algorithm = https
	ssl.engine.factory.class = null
	ssl.key.password = null
	ssl.keymanager.algorithm = SunX509
	ssl.keystore.certificate.chain = null
	ssl.keystore.key = null
	ssl.keystore.location = null
	ssl.keystore.password = null
	ssl.keystore.type = JKS
	ssl.protocol = TLSv1.3
	ssl.provider = null
	ssl.secure.random.implementation = null
	ssl.trustmanager.algorithm = PKIX
	ssl.truststore.certificates = null
	ssl.truststore.location = null
	ssl.truststore.password = null
	ssl.truststore.type = JKS
	value.deserializer = class org.apache.kafka.common.serialization.ByteArrayDeserializer

2026-08-28T22:37:03.299+05:30  INFO 37308 --- [bmp-booking-service] [binder-health-1] o.a.k.c.t.i.KafkaMetricsCollector        : initializing Kafka metrics collector
2026-08-28T22:37:03.310+05:30  INFO 37308 --- [bmp-booking-service] [binder-health-1] o.a.kafka.common.utils.AppInfoParser     : Kafka version: 3.8.1
2026-08-28T22:37:03.310+05:30  INFO 37308 --- [bmp-booking-service] [binder-health-1] o.a.kafka.common.utils.AppInfoParser     : Kafka commitId: 70d6ff42debf7e17
2026-08-28T22:37:03.310+05:30  INFO 37308 --- [bmp-booking-service] [binder-health-1] o.a.kafka.common.utils.AppInfoParser     : Kafka startTimeMs: 1787936823310
2026-08-28T22:37:03.323+05:30  INFO 37308 --- [bmp-booking-service] [binder-health-1] org.apache.kafka.clients.Metadata        : [Consumer clientId=consumer-null-4, groupId=null] Cluster ID: 5L6g3nShT-eMCtK--X86sw
2026-08-28T22:41:42.112+05:30  INFO 37308 --- [bmp-booking-service] [rap-executor-%d] c.n.d.s.r.aws.ConfigClusterResolver      : Resolving eureka endpoints via configuration
2026-08-28T22:45:46.028+05:30  INFO 37308 --- [bmp-booking-service] [container-0-C-1] org.apache.kafka.clients.NetworkClient   : [Consumer clientId=consumer-anonymous.777e2bc3-eb50-4b9f-8b85-f58f15efd44b-2, groupId=anonymous.777e2bc3-eb50-4b9f-8b85-f58f15efd44b] Node -1 disconnected.
2026-08-28T22:45:47.106+05:30  INFO 37308 --- [bmp-booking-service] [pool-2-thread-1] org.apache.kafka.clients.NetworkClient   : [Consumer clientId=consumer-anonymous.777e2bc3-eb50-4b9f-8b85-f58f15efd44b-3, groupId=anonymous.777e2bc3-eb50-4b9f-8b85-f58f15efd44b] Node -1 disconnected.
2026-08-28T22:46:18.760+05:30  INFO 37308 --- [bmp-booking-service] [binder-health-1] org.apache.kafka.clients.NetworkClient   : [Consumer clientId=consumer-null-4, groupId=null] Node -1 disconnected.
2026-08-28T22:46:42.125+05:30  INFO 37308 --- [bmp-booking-service] [rap-executor-%d] c.n.d.s.r.aws.ConfigClusterResolver      : Resolving eureka endpoints via configuration
2026-08-28T22:51:28.933+05:30  INFO 37308 --- [bmp-booking-service] [   scheduling-1] o.a.k.clients.producer.ProducerConfig    : ProducerConfig values: 
	acks = -1
	auto.include.jmx.reporter = true
	batch.size = 16384
	bootstrap.servers = [localhost:9092]
	buffer.memory = 33554432
	client.dns.lookup = use_all_dns_ips
	client.id = bmp-booking-service-producer-1
	compression.gzip.level = -1
	compression.lz4.level = 9
	compression.type = none
	compression.zstd.level = 3
	connections.max.idle.ms = 540000
	delivery.timeout.ms = 120000
	enable.idempotence = true
	enable.metrics.push = true
	interceptor.classes = []
	key.serializer = class org.apache.kafka.common.serialization.ByteArraySerializer
	linger.ms = 0
	max.block.ms = 60000
	max.in.flight.requests.per.connection = 5
	max.request.size = 1048576
	metadata.max.age.ms = 300000
	metadata.max.idle.ms = 300000
	metadata.recovery.strategy = none
	metric.reporters = []
	metrics.num.samples = 2
	metrics.recording.level = INFO
	metrics.sample.window.ms = 30000
	partitioner.adaptive.partitioning.enable = true
	partitioner.availability.timeout.ms = 0
	partitioner.class = null
	partitioner.ignore.keys = false
	receive.buffer.bytes = 32768
	reconnect.backoff.max.ms = 1000
	reconnect.backoff.ms = 50
	request.timeout.ms = 30000
	retries = 2147483647
	retry.backoff.max.ms = 1000
	retry.backoff.ms = 100
	sasl.client.callback.handler.class = null
	sasl.jaas.config = null
	sasl.kerberos.kinit.cmd = /usr/bin/kinit
	sasl.kerberos.min.time.before.relogin = 60000
	sasl.kerberos.service.name = null
	sasl.kerberos.ticket.renew.jitter = 0.05
	sasl.kerberos.ticket.renew.window.factor = 0.8
	sasl.login.callback.handler.class = null
	sasl.login.class = null
	sasl.login.connect.timeout.ms = null
	sasl.login.read.timeout.ms = null
	sasl.login.refresh.buffer.seconds = 300
	sasl.login.refresh.min.period.seconds = 60
	sasl.login.refresh.window.factor = 0.8
	sasl.login.refresh.window.jitter = 0.05
	sasl.login.retry.backoff.max.ms = 10000
	sasl.login.retry.backoff.ms = 100
	sasl.mechanism = GSSAPI
	sasl.oauthbearer.clock.skew.seconds = 30
	sasl.oauthbearer.expected.audience = null
	sasl.oauthbearer.expected.issuer = null
	sasl.oauthbearer.jwks.endpoint.refresh.ms = 3600000
	sasl.oauthbearer.jwks.endpoint.retry.backoff.max.ms = 10000
	sasl.oauthbearer.jwks.endpoint.retry.backoff.ms = 100
	sasl.oauthbearer.jwks.endpoint.url = null
	sasl.oauthbearer.scope.claim.name = scope
	sasl.oauthbearer.sub.claim.name = sub
	sasl.oauthbearer.token.endpoint.url = null
	security.protocol = PLAINTEXT
	security.providers = null
	send.buffer.bytes = 131072
	socket.connection.setup.timeout.max.ms = 30000
	socket.connection.setup.timeout.ms = 10000
	ssl.cipher.suites = null
	ssl.enabled.protocols = [TLSv1.2, TLSv1.3]
	ssl.endpoint.identification.algorithm = https
	ssl.engine.factory.class = null
	ssl.key.password = null
	ssl.keymanager.algorithm = SunX509
	ssl.keystore.certificate.chain = null
	ssl.keystore.key = null
	ssl.keystore.location = null
	ssl.keystore.password = null
	ssl.keystore.type = JKS
	ssl.protocol = TLSv1.3
	ssl.provider = null
	ssl.secure.random.implementation = null
	ssl.trustmanager.algorithm = PKIX
	ssl.truststore.certificates = null
	ssl.truststore.location = null
	ssl.truststore.password = null
	ssl.truststore.type = JKS
	transaction.timeout.ms = 60000
	transactional.id = null
	value.serializer = class org.apache.kafka.common.serialization.ByteArraySerializer

2026-08-28T22:51:28.946+05:30  INFO 37308 --- [bmp-booking-service] [   scheduling-1] o.a.k.c.t.i.KafkaMetricsCollector        : initializing Kafka metrics collector
2026-08-28T22:51:29.032+05:30  INFO 37308 --- [bmp-booking-service] [   scheduling-1] o.a.k.clients.producer.KafkaProducer     : [Producer clientId=bmp-booking-service-producer-1] Instantiated an idempotent producer.
2026-08-28T22:51:29.121+05:30  INFO 37308 --- [bmp-booking-service] [   scheduling-1] o.a.kafka.common.utils.AppInfoParser     : Kafka version: 3.8.1
2026-08-28T22:51:29.121+05:30  INFO 37308 --- [bmp-booking-service] [   scheduling-1] o.a.kafka.common.utils.AppInfoParser     : Kafka commitId: 70d6ff42debf7e17
2026-08-28T22:51:29.121+05:30  INFO 37308 --- [bmp-booking-service] [   scheduling-1] o.a.kafka.common.utils.AppInfoParser     : Kafka startTimeMs: 1787937689121
2026-08-28T22:51:29.136+05:30  INFO 37308 --- [bmp-booking-service] [vice-producer-1] org.apache.kafka.clients.Metadata        : [Producer clientId=bmp-booking-service-producer-1] Cluster ID: 5L6g3nShT-eMCtK--X86sw
2026-08-28T22:51:29.169+05:30  WARN 37308 --- [bmp-booking-service] [   scheduling-1] com.bmp.common.kafka.OutboxKafkaRelay    : outbox->kafka relay failed for otp.requested [01a04964-0741-75ab-b769-290d9941c84e] attempt 1: Can't convert key of class java.lang.String to class org.apache.kafka.common.serialization.ByteArraySerializer specified in key.serializer
2026-08-28T22:51:29.172+05:30  INFO 37308 --- [bmp-booking-service] [vice-producer-1] o.a.k.c.p.internals.TransactionManager   : [Producer clientId=bmp-booking-service-producer-1] ProducerId set to 4004 with epoch 0
2026-08-28T22:51:42.130+05:30  INFO 37308 --- [bmp-booking-service] [rap-executor-%d] c.n.d.s.r.aws.ConfigClusterResolver      : Resolving eureka endpoints via configuration
2026-08-28T22:52:25.859+05:30  WARN 37308 --- [bmp-booking-service] [   scheduling-1] com.bmp.common.kafka.OutboxKafkaRelay    : outbox->kafka relay failed for user.registered [01a04964-e997-720f-b61a-7b40c1594f3e] attempt 1: Can't convert key of class java.lang.String to class org.apache.kafka.common.serialization.ByteArraySerializer specified in key.serializer
2026-08-28T22:55:46.001+05:30  INFO 37308 --- [bmp-booking-service] [container-0-C-1] org.apache.kafka.clients.NetworkClient   : [Consumer clientId=consumer-anonymous.777e2bc3-eb50-4b9f-8b85-f58f15efd44b-2, groupId=anonymous.777e2bc3-eb50-4b9f-8b85-f58f15efd44b] Node -1 disconnected.
2026-08-28T22:55:47.267+05:30  INFO 37308 --- [bmp-booking-service] [pool-2-thread-1] org.apache.kafka.clients.NetworkClient   : [Consumer clientId=consumer-anonymous.777e2bc3-eb50-4b9f-8b85-f58f15efd44b-3, groupId=anonymous.777e2bc3-eb50-4b9f-8b85-f58f15efd44b] Node -1 disconnected.
2026-08-28T22:56:42.142+05:30  INFO 37308 --- [bmp-booking-service] [rap-executor-%d] c.n.d.s.r.aws.ConfigClusterResolver      : Resolving eureka endpoints via configuration
2026-08-28T22:57:18.769+05:30  INFO 37308 --- [bmp-booking-service] [binder-health-1] org.apache.kafka.clients.NetworkClient   : [Consumer clientId=consumer-null-4, groupId=null] Node -1 disconnected.
2026-08-28T22:59:12.881+05:30  WARN 37308 --- [bmp-booking-service] [nio-8084-exec-8] o.h.engine.jdbc.spi.SqlExceptionHelper   : SQL Error: 0, SQLState: 42883
2026-08-28T22:59:12.886+05:30 ERROR 37308 --- [bmp-booking-service] [nio-8084-exec-8] o.h.engine.jdbc.spi.SqlExceptionHelper   : ERROR: function lower(bytea) does not exist
  Hint: No function matches the given name and argument types. You might need to add explicit type casts.
  Position: 824
2026-08-28T22:59:14.050+05:30  WARN 37308 --- [bmp-booking-service] [io-8084-exec-10] o.h.engine.jdbc.spi.SqlExceptionHelper   : SQL Error: 0, SQLState: 42883
2026-08-28T22:59:14.050+05:30 ERROR 37308 --- [bmp-booking-service] [io-8084-exec-10] o.h.engine.jdbc.spi.SqlExceptionHelper   : ERROR: function lower(bytea) does not exist
  Hint: No function matches the given name and argument types. You might need to add explicit type casts.
  Position: 824
2026-08-28T22:59:15.786+05:30  WARN 37308 --- [bmp-booking-service] [nio-8084-exec-9] o.h.engine.jdbc.spi.SqlExceptionHelper   : SQL Error: 0, SQLState: 42883
2026-08-28T22:59:15.787+05:30 ERROR 37308 --- [bmp-booking-service] [nio-8084-exec-9] o.h.engine.jdbc.spi.SqlExceptionHelper   : ERROR: function lower(bytea) does not exist
  Hint: No function matches the given name and argument types. You might need to add explicit type casts.
  Position: 824
2026-08-28T22:59:16.841+05:30  WARN 37308 --- [bmp-booking-service] [nio-8084-exec-1] o.h.engine.jdbc.spi.SqlExceptionHelper   : SQL Error: 0, SQLState: 42883
2026-08-28T22:59:16.841+05:30 ERROR 37308 --- [bmp-booking-service] [nio-8084-exec-1] o.h.engine.jdbc.spi.SqlExceptionHelper   : ERROR: function lower(bytea) does not exist
  Hint: No function matches the given name and argument types. You might need to add explicit type casts.
  Position: 824
2026-08-28T22:59:16.915+05:30  WARN 37308 --- [bmp-booking-service] [nio-8084-exec-2] o.h.engine.jdbc.spi.SqlExceptionHelper   : SQL Error: 0, SQLState: 42883
2026-08-28T22:59:16.916+05:30 ERROR 37308 --- [bmp-booking-service] [nio-8084-exec-2] o.h.engine.jdbc.spi.SqlExceptionHelper   : ERROR: function lower(bytea) does not exist
  Hint: No function matches the given name and argument types. You might need to add explicit type casts.
  Position: 824
2026-08-28T22:59:17.925+05:30  WARN 37308 --- [bmp-booking-service] [nio-8084-exec-3] o.h.engine.jdbc.spi.SqlExceptionHelper   : SQL Error: 0, SQLState: 42883
2026-08-28T22:59:17.925+05:30 ERROR 37308 --- [bmp-booking-service] [nio-8084-exec-3] o.h.engine.jdbc.spi.SqlExceptionHelper   : ERROR: function lower(bytea) does not exist
  Hint: No function matches the given name and argument types. You might need to add explicit type casts.
  Position: 824
2026-08-28T22:59:18.969+05:30  WARN 37308 --- [bmp-booking-service] [nio-8084-exec-5] o.h.engine.jdbc.spi.SqlExceptionHelper   : SQL Error: 0, SQLState: 42883
2026-08-28T22:59:18.970+05:30 ERROR 37308 --- [bmp-booking-service] [nio-8084-exec-5] o.h.engine.jdbc.spi.SqlExceptionHelper   : ERROR: function lower(bytea) does not exist
  Hint: No function matches the given name and argument types. You might need to add explicit type casts.
  Position: 824
2026-08-28T22:59:21.007+05:30  WARN 37308 --- [bmp-booking-service] [nio-8084-exec-6] o.h.engine.jdbc.spi.SqlExceptionHelper   : SQL Error: 0, SQLState: 42883
2026-08-28T22:59:21.007+05:30 ERROR 37308 --- [bmp-booking-service] [nio-8084-exec-6] o.h.engine.jdbc.spi.SqlExceptionHelper   : ERROR: function lower(bytea) does not exist
  Hint: No function matches the given name and argument types. You might need to add explicit type casts.
  Position: 824
2026-08-28T23:00:29.237+05:30  INFO 37308 --- [bmp-booking-service] [vice-producer-1] org.apache.kafka.clients.NetworkClient   : [Producer clientId=bmp-booking-service-producer-1] Node -1 disconnected.
2026-08-28T23:01:42.154+05:30  INFO 37308 --- [bmp-booking-service] [rap-executor-%d] c.n.d.s.r.aws.ConfigClusterResolver      : Resolving eureka endpoints via configuration
2026-08-28T23:05:29.352+05:30  WARN 37308 --- [bmp-booking-service] [nio-8084-exec-9] o.h.engine.jdbc.spi.SqlExceptionHelper   : SQL Error: 0, SQLState: 42883
2026-08-28T23:05:29.358+05:30 ERROR 37308 --- [bmp-booking-service] [nio-8084-exec-9] o.h.engine.jdbc.spi.SqlExceptionHelper   : ERROR: function lower(bytea) does not exist
  Hint: No function matches the given name and argument types. You might need to add explicit type casts.
  Position: 824
2026-08-28T23:05:30.459+05:30  WARN 37308 --- [bmp-booking-service] [nio-8084-exec-1] o.h.engine.jdbc.spi.SqlExceptionHelper   : SQL Error: 0, SQLState: 42883
2026-08-28T23:05:30.460+05:30 ERROR 37308 --- [bmp-booking-service] [nio-8084-exec-1] o.h.engine.jdbc.spi.SqlExceptionHelper   : ERROR: function lower(bytea) does not exist
  Hint: No function matches the given name and argument types. You might need to add explicit type casts.
  Position: 824
2026-08-28T23:05:32.532+05:30  WARN 37308 --- [bmp-booking-service] [nio-8084-exec-2] o.h.engine.jdbc.spi.SqlExceptionHelper   : SQL Error: 0, SQLState: 42883
2026-08-28T23:05:32.532+05:30 ERROR 37308 --- [bmp-booking-service] [nio-8084-exec-2] o.h.engine.jdbc.spi.SqlExceptionHelper   : ERROR: function lower(bytea) does not exist
  Hint: No function matches the given name and argument types. You might need to add explicit type casts.
  Position: 824
2026-08-28T23:06:42.172+05:30  INFO 37308 --- [bmp-booking-service] [rap-executor-%d] c.n.d.s.r.aws.ConfigClusterResolver      : Resolving eureka endpoints via configuration
2026-08-28T23:10:29.226+05:30  INFO 37308 --- [bmp-booking-service] [vice-producer-1] org.apache.kafka.clients.NetworkClient   : [Producer clientId=bmp-booking-service-producer-1] Node -1 disconnected.
2026-08-28T23:11:42.188+05:30  INFO 37308 --- [bmp-booking-service] [rap-executor-%d] c.n.d.s.r.aws.ConfigClusterResolver      : Resolving eureka endpoints via configuration
2026-08-28T23:16:42.207+05:30  INFO 37308 --- [bmp-booking-service] [rap-executor-%d] c.n.d.s.r.aws.ConfigClusterResolver      : Resolving eureka endpoints via configuration
2026-08-28T23:21:42.244+05:30  INFO 37308 --- [bmp-booking-service] [rap-executor-%d] c.n.d.s.r.aws.ConfigClusterResolver      : Resolving eureka endpoints via configuration
2026-08-28T23:25:12.781+05:30  WARN 37308 --- [bmp-booking-service] [   scheduling-1] com.bmp.common.kafka.OutboxKafkaRelay    : outbox->kafka relay failed for otp.requested [01a04982-ea5b-70f2-abbb-606a0fd28383] attempt 2: Can't convert key of class java.lang.String to class org.apache.kafka.common.serialization.ByteArraySerializer specified in key.serializer
2026-08-28T23:26:42.270+05:30  INFO 37308 --- [bmp-booking-service] [rap-executor-%d] c.n.d.s.r.aws.ConfigClusterResolver      : Resolving eureka endpoints via configuration
2026-08-28T23:31:42.290+05:30  INFO 37308 --- [bmp-booking-service] [rap-executor-%d] c.n.d.s.r.aws.ConfigClusterResolver      : Resolving eureka endpoints via configuration
2026-08-28T23:36:42.311+05:30  INFO 37308 --- [bmp-booking-service] [rap-executor-%d] c.n.d.s.r.aws.ConfigClusterResolver      : Resolving eureka endpoints via configuration
2026-08-28T23:41:42.315+05:30  INFO 37308 --- [bmp-booking-service] [rap-executor-%d] c.n.d.s.r.aws.ConfigClusterResolver      : Resolving eureka endpoints via configuration
2026-08-28T23:46:42.353+05:30  INFO 37308 --- [bmp-booking-service] [rap-executor-%d] c.n.d.s.r.aws.ConfigClusterResolver      : Resolving eureka endpoints via configuration
2026-08-28T23:51:42.403+05:30  INFO 37308 --- [bmp-booking-service] [rap-executor-%d] c.n.d.s.r.aws.ConfigClusterResolver      : Resolving eureka endpoints via configuration
2026-08-28T23:56:42.417+05:30  INFO 37308 --- [bmp-booking-service] [rap-executor-%d] c.n.d.s.r.aws.ConfigClusterResolver      : Resolving eureka endpoints via configuration
2026-08-29T00:01:42.434+05:30  INFO 37308 --- [bmp-booking-service] [rap-executor-%d] c.n.d.s.r.aws.ConfigClusterResolver      : Resolving eureka endpoints via configuration
2026-08-29T00:06:42.453+05:30  INFO 37308 --- [bmp-booking-service] [rap-executor-%d] c.n.d.s.r.aws.ConfigClusterResolver      : Resolving eureka endpoints via configuration
2026-08-29T00:11:42.475+05:30  INFO 37308 --- [bmp-booking-service] [rap-executor-%d] c.n.d.s.r.aws.ConfigClusterResolver      : Resolving eureka endpoints via configuration
2026-08-29T00:16:42.506+05:30  INFO 37308 --- [bmp-booking-service] [rap-executor-%d] c.n.d.s.r.aws.ConfigClusterResolver      : Resolving eureka endpoints via configuration
2026-08-29T00:21:42.524+05:30  INFO 37308 --- [bmp-booking-service] [rap-executor-%d] c.n.d.s.r.aws.ConfigClusterResolver      : Resolving eureka endpoints via configuration
2026-08-29T00:26:42.540+05:30  INFO 37308 --- [bmp-booking-service] [rap-executor-%d] c.n.d.s.r.aws.ConfigClusterResolver      : Resolving eureka endpoints via configuration
2026-08-29T00:31:42.553+05:30  INFO 37308 --- [bmp-booking-service] [rap-executor-%d] c.n.d.s.r.aws.ConfigClusterResolver      : Resolving eureka endpoints via configuration
2026-08-29T00:36:42.557+05:30  INFO 37308 --- [bmp-booking-service] [rap-executor-%d] c.n.d.s.r.aws.ConfigClusterResolver      : Resolving eureka endpoints via configuration
2026-08-29T00:40:19.551+05:30  WARN 37308 --- [bmp-booking-service] [   scheduling-1] com.zaxxer.hikari.pool.PoolBase          : HikariPool-1 - Failed to validate connection org.postgresql.jdbc.PgConnection@30adfe51 (This connection has been closed.). Possibly consider using a shorter maxLifetime value.
2026-08-29T03:40:14.660+05:30  INFO 37308 --- [bmp-booking-service] [binder-health-1] org.apache.kafka.clients.NetworkClient   : [Consumer clientId=consumer-null-4, groupId=null] Node 1 disconnected.
2026-08-29T03:40:14.744+05:30  INFO 37308 --- [bmp-booking-service] [binder-health-1] org.apache.kafka.clients.NetworkClient   : [Consumer clientId=consumer-null-4, groupId=null] Cancelled in-flight METADATA request with correlation id 422 due to node 1 being disconnected (elapsed time since creation: 10795900ms, elapsed time since send: 10795900ms, throttle time: 0ms, request timeout: 30000ms)
2026-08-29T03:40:14.770+05:30  INFO 37308 --- [bmp-booking-service] [85-f58f15efd44b] org.apache.kafka.clients.NetworkClient   : [Consumer clientId=consumer-anonymous.777e2bc3-eb50-4b9f-8b85-f58f15efd44b-2, groupId=anonymous.777e2bc3-eb50-4b9f-8b85-f58f15efd44b] Node 1 disconnected.
2026-08-29T03:40:14.833+05:30  INFO 37308 --- [bmp-booking-service] [85-f58f15efd44b] org.apache.kafka.clients.NetworkClient   : [Consumer clientId=consumer-anonymous.777e2bc3-eb50-4b9f-8b85-f58f15efd44b-2, groupId=anonymous.777e2bc3-eb50-4b9f-8b85-f58f15efd44b] Cancelled in-flight FETCH request with correlation id 17164 due to node 1 being disconnected (elapsed time since creation: 10802490ms, elapsed time since send: 10802490ms, throttle time: 0ms, request timeout: 30000ms)
2026-08-29T03:40:14.842+05:30  INFO 37308 --- [bmp-booking-service] [85-f58f15efd44b] org.apache.kafka.clients.NetworkClient   : [Consumer clientId=consumer-anonymous.777e2bc3-eb50-4b9f-8b85-f58f15efd44b-2, groupId=anonymous.777e2bc3-eb50-4b9f-8b85-f58f15efd44b] Cancelled in-flight METADATA request with correlation id 17170 due to node 1 being disconnected (elapsed time since creation: 1255ms, elapsed time since send: 1255ms, throttle time: 0ms, request timeout: 30000ms)
2026-08-29T03:40:15.144+05:30  INFO 37308 --- [bmp-booking-service] [85-f58f15efd44b] org.apache.kafka.clients.NetworkClient   : [Consumer clientId=consumer-anonymous.777e2bc3-eb50-4b9f-8b85-f58f15efd44b-2, groupId=anonymous.777e2bc3-eb50-4b9f-8b85-f58f15efd44b] Disconnecting from node 2147483646 due to request timeout.
2026-08-29T03:40:15.145+05:30  INFO 37308 --- [bmp-booking-service] [85-f58f15efd44b] org.apache.kafka.clients.NetworkClient   : [Consumer clientId=consumer-anonymous.777e2bc3-eb50-4b9f-8b85-f58f15efd44b-2, groupId=anonymous.777e2bc3-eb50-4b9f-8b85-f58f15efd44b] Cancelled in-flight HEARTBEAT request with correlation id 17166 due to node 2147483646 being disconnected (elapsed time since creation: 10799387ms, elapsed time since send: 10799387ms, throttle time: 0ms, request timeout: 30000ms)
2026-08-29T03:40:15.146+05:30  INFO 37308 --- [bmp-booking-service] [85-f58f15efd44b] org.apache.kafka.clients.NetworkClient   : [Consumer clientId=consumer-anonymous.777e2bc3-eb50-4b9f-8b85-f58f15efd44b-2, groupId=anonymous.777e2bc3-eb50-4b9f-8b85-f58f15efd44b] Cancelled in-flight HEARTBEAT request with correlation id 17167 due to node 2147483646 being disconnected (elapsed time since creation: 10796377ms, elapsed time since send: 10796377ms, throttle time: 0ms, request timeout: 30000ms)
2026-08-29T03:40:15.146+05:30  INFO 37308 --- [bmp-booking-service] [85-f58f15efd44b] org.apache.kafka.clients.NetworkClient   : [Consumer clientId=consumer-anonymous.777e2bc3-eb50-4b9f-8b85-f58f15efd44b-2, groupId=anonymous.777e2bc3-eb50-4b9f-8b85-f58f15efd44b] Cancelled in-flight HEARTBEAT request with correlation id 17168 due to node 2147483646 being disconnected (elapsed time since creation: 10793366ms, elapsed time since send: 10793366ms, throttle time: 0ms, request timeout: 30000ms)
2026-08-29T03:40:15.146+05:30  INFO 37308 --- [bmp-booking-service] [85-f58f15efd44b] org.apache.kafka.clients.NetworkClient   : [Consumer clientId=consumer-anonymous.777e2bc3-eb50-4b9f-8b85-f58f15efd44b-2, groupId=anonymous.777e2bc3-eb50-4b9f-8b85-f58f15efd44b] Cancelled in-flight HEARTBEAT request with correlation id 17169 due to node 2147483646 being disconnected (elapsed time since creation: 10790366ms, elapsed time since send: 10790366ms, throttle time: 0ms, request timeout: 30000ms)
2026-08-29T11:13:25.130+05:30  INFO 37308 --- [bmp-booking-service] [vice-producer-1] org.apache.kafka.clients.NetworkClient   : [Producer clientId=bmp-booking-service-producer-1] Node 1 disconnected.
2026-08-29T11:13:25.244+05:30  WARN 37308 --- [bmp-booking-service] [l-1 housekeeper] com.zaxxer.hikari.pool.HikariPool        : HikariPool-1 - Thread starvation or clock leap detected (housekeeper delta=10h33m30s46ms734µs600ns).
2026-08-29T11:13:28.607+05:30  WARN 37308 --- [bmp-booking-service] [nio-8084-exec-9] o.s.b.a.health.HealthEndpointSupport     : Health contributor org.springframework.cloud.stream.binder.kafka.KafkaBinderHealthIndicator (binders/kafka) took 10796156ms to respond
2026-08-29T03:40:15.426+05:30  INFO 37308 --- [bmp-booking-service] [85-f58f15efd44b] o.a.kafka.clients.FetchSessionHandler    : [Consumer clientId=consumer-anonymous.777e2bc3-eb50-4b9f-8b85-f58f15efd44b-2, groupId=anonymous.777e2bc3-eb50-4b9f-8b85-f58f15efd44b] Error sending fetch request (sessionId=1858805597, epoch=14642) to node 1:

org.apache.kafka.common.errors.DisconnectException: null

2026-08-29T11:13:37.542+05:30  INFO 37308 --- [bmp-booking-service] [85-f58f15efd44b] o.a.k.c.c.internals.ConsumerCoordinator  : [Consumer clientId=consumer-anonymous.777e2bc3-eb50-4b9f-8b85-f58f15efd44b-2, groupId=anonymous.777e2bc3-eb50-4b9f-8b85-f58f15efd44b] Group coordinator localhost:9092 (id: 2147483646 rack: null) is unavailable or invalid due to cause: null. isDisconnected: true. Rediscovery will be attempted.
2026-08-29T11:13:38.943+05:30  INFO 37308 --- [bmp-booking-service] [container-0-C-1] o.a.k.c.c.internals.ConsumerCoordinator  : [Consumer clientId=consumer-anonymous.777e2bc3-eb50-4b9f-8b85-f58f15efd44b-2, groupId=anonymous.777e2bc3-eb50-4b9f-8b85-f58f15efd44b] Discovered group coordinator localhost:9092 (id: 2147483646 rack: null)
2026-08-29T11:13:41.744+05:30  INFO 37308 --- [bmp-booking-service] [pool-2-thread-1] org.apache.kafka.clients.NetworkClient   : [Consumer clientId=consumer-anonymous.777e2bc3-eb50-4b9f-8b85-f58f15efd44b-3, groupId=anonymous.777e2bc3-eb50-4b9f-8b85-f58f15efd44b] Node 2147483646 disconnected.
2026-08-29T11:14:34.285+05:30  INFO 37308 --- [bmp-booking-service] [rap-executor-%d] c.n.d.s.r.aws.ConfigClusterResolver      : Resolving eureka endpoints via configuration
2026-08-29T11:19:34.293+05:30  INFO 37308 --- [bmp-booking-service] [rap-executor-%d] c.n.d.s.r.aws.ConfigClusterResolver      : Resolving eureka endpoints via configuration
2026-08-29T11:24:34.310+05:30  INFO 37308 --- [bmp-booking-service] [rap-executor-%d] c.n.d.s.r.aws.ConfigClusterResolver      : Resolving eureka endpoints via configuration
2026-08-29T11:29:34.377+05:30  INFO 37308 --- [bmp-booking-service] [rap-executor-%d] c.n.d.s.r.aws.ConfigClusterResolver      : Resolving eureka endpoints via configuration
2026-08-29T11:34:34.385+05:30  INFO 37308 --- [bmp-booking-service] [rap-executor-%d] c.n.d.s.r.aws.ConfigClusterResolver      : Resolving eureka endpoints via configuration
2026-08-29T11:36:28.670+05:30  WARN 37308 --- [bmp-booking-service] [   scheduling-1] com.zaxxer.hikari.pool.PoolBase          : HikariPool-1 - Failed to validate connection org.postgresql.jdbc.PgConnection@1aa48fe6 (This connection has been closed.). Possibly consider using a shorter maxLifetime value.
2026-08-29T11:58:08.828+05:30  INFO 37308 --- [bmp-booking-service] [85-f58f15efd44b] org.apache.kafka.clients.NetworkClient   : [Consumer clientId=consumer-anonymous.777e2bc3-eb50-4b9f-8b85-f58f15efd44b-2, groupId=anonymous.777e2bc3-eb50-4b9f-8b85-f58f15efd44b] Node 1 disconnected.
2026-08-29T11:58:08.950+05:30  INFO 37308 --- [bmp-booking-service] [85-f58f15efd44b] org.apache.kafka.clients.NetworkClient   : [Consumer clientId=consumer-anonymous.777e2bc3-eb50-4b9f-8b85-f58f15efd44b-2, groupId=anonymous.777e2bc3-eb50-4b9f-8b85-f58f15efd44b] Cancelled in-flight FETCH request with correlation id 20320 due to node 1 being disconnected (elapsed time since creation: 1307019ms, elapsed time since send: 1307019ms, throttle time: 0ms, request timeout: 30000ms)
2026-08-29T11:58:09.014+05:30  INFO 37308 --- [bmp-booking-service] [85-f58f15efd44b] org.apache.kafka.clients.NetworkClient   : [Consumer clientId=consumer-anonymous.777e2bc3-eb50-4b9f-8b85-f58f15efd44b-2, groupId=anonymous.777e2bc3-eb50-4b9f-8b85-f58f15efd44b] Cancelled in-flight METADATA request with correlation id 20325 due to node 1 being disconnected (elapsed time since creation: 1217ms, elapsed time since send: 1217ms, throttle time: 0ms, request timeout: 30000ms)
2026-08-29T11:58:09.015+05:30  INFO 37308 --- [bmp-booking-service] [85-f58f15efd44b] org.apache.kafka.clients.NetworkClient   : [Consumer clientId=consumer-anonymous.777e2bc3-eb50-4b9f-8b85-f58f15efd44b-2, groupId=anonymous.777e2bc3-eb50-4b9f-8b85-f58f15efd44b] Disconnecting from node 2147483646 due to request timeout.
2026-08-29T11:58:09.016+05:30  INFO 37308 --- [bmp-booking-service] [85-f58f15efd44b] org.apache.kafka.clients.NetworkClient   : [Consumer clientId=consumer-anonymous.777e2bc3-eb50-4b9f-8b85-f58f15efd44b-2, groupId=anonymous.777e2bc3-eb50-4b9f-8b85-f58f15efd44b] Cancelled in-flight HEARTBEAT request with correlation id 20321 due to node 2147483646 being disconnected (elapsed time since creation: 1306151ms, elapsed time since send: 1306151ms, throttle time: 0ms, request timeout: 30000ms)
2026-08-29T11:58:09.016+05:30  INFO 37308 --- [bmp-booking-service] [85-f58f15efd44b] org.apache.kafka.clients.NetworkClient   : [Consumer clientId=consumer-anonymous.777e2bc3-eb50-4b9f-8b85-f58f15efd44b-2, groupId=anonymous.777e2bc3-eb50-4b9f-8b85-f58f15efd44b] Cancelled in-flight HEARTBEAT request with correlation id 20322 due to node 2147483646 being disconnected (elapsed time since creation: 1303138ms, elapsed time since send: 1303138ms, throttle time: 0ms, request timeout: 30000ms)
2026-08-29T11:58:09.016+05:30  INFO 37308 --- [bmp-booking-service] [85-f58f15efd44b] org.apache.kafka.clients.NetworkClient   : [Consumer clientId=consumer-anonymous.777e2bc3-eb50-4b9f-8b85-f58f15efd44b-2, groupId=anonymous.777e2bc3-eb50-4b9f-8b85-f58f15efd44b] Cancelled in-flight HEARTBEAT request with correlation id 20323 due to node 2147483646 being disconnected (elapsed time since creation: 1300129ms, elapsed time since send: 1300129ms, throttle time: 0ms, request timeout: 30000ms)
2026-08-29T11:58:09.016+05:30  INFO 37308 --- [bmp-booking-service] [85-f58f15efd44b] org.apache.kafka.clients.NetworkClient   : [Consumer clientId=consumer-anonymous.777e2bc3-eb50-4b9f-8b85-f58f15efd44b-2, groupId=anonymous.777e2bc3-eb50-4b9f-8b85-f58f15efd44b] Cancelled in-flight HEARTBEAT request with correlation id 20324 due to node 2147483646 being disconnected (elapsed time since creation: 1297121ms, elapsed time since send: 1297121ms, throttle time: 0ms, request timeout: 30000ms)
2026-08-29T11:58:09.088+05:30  INFO 37308 --- [bmp-booking-service] [85-f58f15efd44b] o.a.kafka.clients.FetchSessionHandler    : [Consumer clientId=consumer-anonymous.777e2bc3-eb50-4b9f-8b85-f58f15efd44b-2, groupId=anonymous.777e2bc3-eb50-4b9f-8b85-f58f15efd44b] Error sending fetch request (sessionId=197298838, epoch=2682) to node 1:

org.apache.kafka.common.errors.DisconnectException: null

2026-08-29T11:58:09.208+05:30  INFO 37308 --- [bmp-booking-service] [85-f58f15efd44b] o.a.k.c.c.internals.ConsumerCoordinator  : [Consumer clientId=consumer-anonymous.777e2bc3-eb50-4b9f-8b85-f58f15efd44b-2, groupId=anonymous.777e2bc3-eb50-4b9f-8b85-f58f15efd44b] Group coordinator localhost:9092 (id: 2147483646 rack: null) is unavailable or invalid due to cause: null. isDisconnected: true. Rediscovery will be attempted.
2026-08-29T11:58:11.229+05:30  INFO 37308 --- [bmp-booking-service] [container-0-C-1] o.a.k.c.c.internals.ConsumerCoordinator  : [Consumer clientId=consumer-anonymous.777e2bc3-eb50-4b9f-8b85-f58f15efd44b-2, groupId=anonymous.777e2bc3-eb50-4b9f-8b85-f58f15efd44b] Discovered group coordinator localhost:9092 (id: 2147483646 rack: null)
2026-08-29T11:58:19.621+05:30  INFO 37308 --- [bmp-booking-service] [pool-2-thread-1] org.apache.kafka.clients.NetworkClient   : [Consumer clientId=consumer-anonymous.777e2bc3-eb50-4b9f-8b85-f58f15efd44b-3, groupId=anonymous.777e2bc3-eb50-4b9f-8b85-f58f15efd44b] Node 2147483646 disconnected.
2026-08-29T11:58:19.627+05:30  INFO 37308 --- [bmp-booking-service] [pool-2-thread-1] o.a.k.c.c.internals.ConsumerCoordinator  : [Consumer clientId=consumer-anonymous.777e2bc3-eb50-4b9f-8b85-f58f15efd44b-3, groupId=anonymous.777e2bc3-eb50-4b9f-8b85-f58f15efd44b] Group coordinator localhost:9092 (id: 2147483646 rack: null) is unavailable or invalid due to cause: coordinator unavailable. isDisconnected: true. Rediscovery will be attempted.
2026-08-29T11:58:19.634+05:30  INFO 37308 --- [bmp-booking-service] [pool-2-thread-1] o.a.k.c.c.internals.ConsumerCoordinator  : [Consumer clientId=consumer-anonymous.777e2bc3-eb50-4b9f-8b85-f58f15efd44b-3, groupId=anonymous.777e2bc3-eb50-4b9f-8b85-f58f15efd44b] Discovered group coordinator localhost:9092 (id: 2147483646 rack: null)
2026-08-29T11:58:19.635+05:30  INFO 37308 --- [bmp-booking-service] [pool-2-thread-1] o.a.k.c.c.internals.ConsumerCoordinator  : [Consumer clientId=consumer-anonymous.777e2bc3-eb50-4b9f-8b85-f58f15efd44b-3, groupId=anonymous.777e2bc3-eb50-4b9f-8b85-f58f15efd44b] Group coordinator localhost:9092 (id: 2147483646 rack: null) is unavailable or invalid due to cause: coordinator unavailable. isDisconnected: false. Rediscovery will be attempted.
2026-08-29T11:58:19.636+05:30  INFO 37308 --- [bmp-booking-service] [pool-2-thread-1] o.a.k.c.c.internals.ConsumerCoordinator  : [Consumer clientId=consumer-anonymous.777e2bc3-eb50-4b9f-8b85-f58f15efd44b-3, groupId=anonymous.777e2bc3-eb50-4b9f-8b85-f58f15efd44b] Requesting disconnect from last known coordinator localhost:9092 (id: 2147483646 rack: null)
2026-08-29T11:58:19.767+05:30  INFO 37308 --- [bmp-booking-service] [pool-2-thread-1] o.a.k.c.c.internals.ConsumerCoordinator  : [Consumer clientId=consumer-anonymous.777e2bc3-eb50-4b9f-8b85-f58f15efd44b-3, groupId=anonymous.777e2bc3-eb50-4b9f-8b85-f58f15efd44b] Discovered group coordinator localhost:9092 (id: 2147483646 rack: null)
2026-08-29T11:58:28.952+05:30  WARN 37308 --- [bmp-booking-service] [l-1 housekeeper] com.zaxxer.hikari.pool.HikariPool        : HikariPool-1 - Thread starvation or clock leap detected (housekeeper delta=22m3s305ms825µs700ns).
2026-08-29T11:58:31.407+05:30  INFO 37308 --- [bmp-booking-service] [vice-producer-1] org.apache.kafka.clients.NetworkClient   : [Producer clientId=bmp-booking-service-producer-1] Node 1 disconnected.
2026-08-29T12:01:07.550+05:30  INFO 37308 --- [bmp-booking-service] [rap-executor-%d] c.n.d.s.r.aws.ConfigClusterResolver      : Resolving eureka endpoints via configuration
2026-08-29T12:06:07.564+05:30  INFO 37308 --- [bmp-booking-service] [rap-executor-%d] c.n.d.s.r.aws.ConfigClusterResolver      : Resolving eureka endpoints via configuration
2026-08-29T12:11:07.573+05:30  INFO 37308 --- [bmp-booking-service] [rap-executor-%d] c.n.d.s.r.aws.ConfigClusterResolver      : Resolving eureka endpoints via configuration
2026-08-29T12:16:07.580+05:30  INFO 37308 --- [bmp-booking-service] [rap-executor-%d] c.n.d.s.r.aws.ConfigClusterResolver      : Resolving eureka endpoints via configuration
2026-08-29T12:21:07.600+05:30  INFO 37308 --- [bmp-booking-service] [rap-executor-%d] c.n.d.s.r.aws.ConfigClusterResolver      : Resolving eureka endpoints via configuration
2026-08-29T12:26:07.610+05:30  INFO 37308 --- [bmp-booking-service] [rap-executor-%d] c.n.d.s.r.aws.ConfigClusterResolver      : Resolving eureka endpoints via configuration
2026-08-29T12:31:07.628+05:30  INFO 37308 --- [bmp-booking-service] [rap-executor-%d] c.n.d.s.r.aws.ConfigClusterResolver      : Resolving eureka endpoints via configuration
2026-08-29T12:36:07.637+05:30  INFO 37308 --- [bmp-booking-service] [rap-executor-%d] c.n.d.s.r.aws.ConfigClusterResolver      : Resolving eureka endpoints via configuration
2026-08-29T12:41:07.651+05:30  INFO 37308 --- [bmp-booking-service] [rap-executor-%d] c.n.d.s.r.aws.ConfigClusterResolver      : Resolving eureka endpoints via configuration
2026-08-29T12:46:07.670+05:30  INFO 37308 --- [bmp-booking-service] [rap-executor-%d] c.n.d.s.r.aws.ConfigClusterResolver      : Resolving eureka endpoints via configuration
2026-08-29T12:51:07.683+05:30  INFO 37308 --- [bmp-booking-service] [rap-executor-%d] c.n.d.s.r.aws.ConfigClusterResolver      : Resolving eureka endpoints via configuration
2026-08-29T12:56:07.689+05:30  INFO 37308 --- [bmp-booking-service] [rap-executor-%d] c.n.d.s.r.aws.ConfigClusterResolver      : Resolving eureka endpoints via configuration
2026-08-29T13:01:07.699+05:30  INFO 37308 --- [bmp-booking-service] [rap-executor-%d] c.n.d.s.r.aws.ConfigClusterResolver      : Resolving eureka endpoints via configuration
2026-08-29T13:01:58.606+05:30  WARN 37308 --- [bmp-booking-service] [   scheduling-1] com.zaxxer.hikari.pool.PoolBase          : HikariPool-1 - Failed to validate connection org.postgresql.jdbc.PgConnection@28bc2f7f (This connection has been closed.). Possibly consider using a shorter maxLifetime value.
2026-08-29T14:26:53.594+05:30  INFO 37308 --- [bmp-booking-service] [binder-health-1] org.apache.kafka.clients.NetworkClient   : [Consumer clientId=consumer-null-4, groupId=null] Node 1 disconnected.
2026-08-29T14:26:53.601+05:30  INFO 37308 --- [bmp-booking-service] [binder-health-1] org.apache.kafka.clients.NetworkClient   : [Consumer clientId=consumer-null-4, groupId=null] Cancelled in-flight METADATA request with correlation id 721 due to node 1 being disconnected (elapsed time since creation: 5090093ms, elapsed time since send: 5090093ms, throttle time: 0ms, request timeout: 30000ms)
2026-08-29T14:26:53.613+05:30  WARN 37308 --- [bmp-booking-service] [nio-8084-exec-3] o.s.b.a.health.HealthEndpointSupport     : Health contributor org.springframework.cloud.stream.binder.kafka.KafkaBinderHealthIndicator (binders/kafka) took 5090106ms to respond
2026-08-29T14:26:53.674+05:30  INFO 37308 --- [bmp-booking-service] [85-f58f15efd44b] org.apache.kafka.clients.NetworkClient   : [Consumer clientId=consumer-anonymous.777e2bc3-eb50-4b9f-8b85-f58f15efd44b-2, groupId=anonymous.777e2bc3-eb50-4b9f-8b85-f58f15efd44b] Node 1 disconnected.
2026-08-29T14:26:53.783+05:30  INFO 37308 --- [bmp-booking-service] [85-f58f15efd44b] org.apache.kafka.clients.NetworkClient   : [Consumer clientId=consumer-anonymous.777e2bc3-eb50-4b9f-8b85-f58f15efd44b-2, groupId=anonymous.777e2bc3-eb50-4b9f-8b85-f58f15efd44b] Cancelled in-flight FETCH request with correlation id 29115 due to node 1 being disconnected (elapsed time since creation: 5101208ms, elapsed time since send: 5101208ms, throttle time: 0ms, request timeout: 30000ms)
2026-08-29T14:26:53.783+05:30  INFO 37308 --- [bmp-booking-service] [85-f58f15efd44b] org.apache.kafka.clients.NetworkClient   : [Consumer clientId=consumer-anonymous.777e2bc3-eb50-4b9f-8b85-f58f15efd44b-2, groupId=anonymous.777e2bc3-eb50-4b9f-8b85-f58f15efd44b] Cancelled in-flight METADATA request with correlation id 29121 due to node 1 being disconnected (elapsed time since creation: 1111ms, elapsed time since send: 1111ms, throttle time: 0ms, request timeout: 30000ms)
2026-08-29T14:26:54.148+05:30  INFO 37308 --- [bmp-booking-service] [85-f58f15efd44b] org.apache.kafka.clients.NetworkClient   : [Consumer clientId=consumer-anonymous.777e2bc3-eb50-4b9f-8b85-f58f15efd44b-2, groupId=anonymous.777e2bc3-eb50-4b9f-8b85-f58f15efd44b] Disconnecting from node 2147483646 due to request timeout.
2026-08-29T14:26:54.148+05:30  INFO 37308 --- [bmp-booking-service] [85-f58f15efd44b] org.apache.kafka.clients.NetworkClient   : [Consumer clientId=consumer-anonymous.777e2bc3-eb50-4b9f-8b85-f58f15efd44b-2, groupId=anonymous.777e2bc3-eb50-4b9f-8b85-f58f15efd44b] Cancelled in-flight HEARTBEAT request with correlation id 29116 due to node 2147483646 being disconnected (elapsed time since creation: 5100707ms, elapsed time since send: 5100707ms, throttle time: 0ms, request timeout: 30000ms)
2026-08-29T14:26:54.148+05:30  INFO 37308 --- [bmp-booking-service] [85-f58f15efd44b] org.apache.kafka.clients.NetworkClient   : [Consumer clientId=consumer-anonymous.777e2bc3-eb50-4b9f-8b85-f58f15efd44b-2, groupId=anonymous.777e2bc3-eb50-4b9f-8b85-f58f15efd44b] Cancelled in-flight HEARTBEAT request with correlation id 29117 due to node 2147483646 being disconnected (elapsed time since creation: 5097697ms, elapsed time since send: 5097697ms, throttle time: 0ms, request timeout: 30000ms)
2026-08-29T14:26:54.148+05:30  INFO 37308 --- [bmp-booking-service] [85-f58f15efd44b] org.apache.kafka.clients.NetworkClient   : [Consumer clientId=consumer-anonymous.777e2bc3-eb50-4b9f-8b85-f58f15efd44b-2, groupId=anonymous.777e2bc3-eb50-4b9f-8b85-f58f15efd44b] Cancelled in-flight HEARTBEAT request with correlation id 29118 due to node 2147483646 being disconnected (elapsed time since creation: 5094688ms, elapsed time since send: 5094688ms, throttle time: 0ms, request timeout: 30000ms)
2026-08-29T14:26:54.148+05:30  INFO 37308 --- [bmp-booking-service] [85-f58f15efd44b] org.apache.kafka.clients.NetworkClient   : [Consumer clientId=consumer-anonymous.777e2bc3-eb50-4b9f-8b85-f58f15efd44b-2, groupId=anonymous.777e2bc3-eb50-4b9f-8b85-f58f15efd44b] Cancelled in-flight HEARTBEAT request with correlation id 29119 due to node 2147483646 being disconnected (elapsed time since creation: 5091676ms, elapsed time since send: 5091676ms, throttle time: 0ms, request timeout: 30000ms)
2026-08-29T14:26:54.149+05:30  INFO 37308 --- [bmp-booking-service] [85-f58f15efd44b] org.apache.kafka.clients.NetworkClient   : [Consumer clientId=consumer-anonymous.777e2bc3-eb50-4b9f-8b85-f58f15efd44b-2, groupId=anonymous.777e2bc3-eb50-4b9f-8b85-f58f15efd44b] Cancelled in-flight HEARTBEAT request with correlation id 29120 due to node 2147483646 being disconnected (elapsed time since creation: 5088662ms, elapsed time since send: 5088662ms, throttle time: 0ms, request timeout: 30000ms)
2026-08-29T14:26:54.149+05:30  INFO 37308 --- [bmp-booking-service] [85-f58f15efd44b] o.a.kafka.clients.FetchSessionHandler    : [Consumer clientId=consumer-anonymous.777e2bc3-eb50-4b9f-8b85-f58f15efd44b-2, groupId=anonymous.777e2bc3-eb50-4b9f-8b85-f58f15efd44b] Error sending fetch request (sessionId=194462118, epoch=7489) to node 1:

org.apache.kafka.common.errors.DisconnectException: null

2026-08-29T14:26:54.292+05:30  INFO 37308 --- [bmp-booking-service] [85-f58f15efd44b] o.a.k.c.c.internals.ConsumerCoordinator  : [Consumer clientId=consumer-anonymous.777e2bc3-eb50-4b9f-8b85-f58f15efd44b-2, groupId=anonymous.777e2bc3-eb50-4b9f-8b85-f58f15efd44b] Group coordinator localhost:9092 (id: 2147483646 rack: null) is unavailable or invalid due to cause: null. isDisconnected: true. Rediscovery will be attempted.
2026-08-29T14:26:59.108+05:30  INFO 37308 --- [bmp-booking-service] [container-0-C-1] o.a.k.c.c.internals.ConsumerCoordinator  : [Consumer clientId=consumer-anonymous.777e2bc3-eb50-4b9f-8b85-f58f15efd44b-2, groupId=anonymous.777e2bc3-eb50-4b9f-8b85-f58f15efd44b] Discovered group coordinator localhost:9092 (id: 2147483646 rack: null)
2026-08-29T14:27:09.375+05:30  INFO 37308 --- [bmp-booking-service] [pool-2-thread-1] org.apache.kafka.clients.NetworkClient   : [Consumer clientId=consumer-anonymous.777e2bc3-eb50-4b9f-8b85-f58f15efd44b-3, groupId=anonymous.777e2bc3-eb50-4b9f-8b85-f58f15efd44b] Node 2147483646 disconnected.
2026-08-29T14:27:09.394+05:30  INFO 37308 --- [bmp-booking-service] [pool-2-thread-1] o.a.k.c.c.internals.ConsumerCoordinator  : [Consumer clientId=consumer-anonymous.777e2bc3-eb50-4b9f-8b85-f58f15efd44b-3, groupId=anonymous.777e2bc3-eb50-4b9f-8b85-f58f15efd44b] Group coordinator localhost:9092 (id: 2147483646 rack: null) is unavailable or invalid due to cause: coordinator unavailable. isDisconnected: true. Rediscovery will be attempted.
2026-08-29T14:27:09.406+05:30  INFO 37308 --- [bmp-booking-service] [pool-2-thread-1] o.a.k.c.c.internals.ConsumerCoordinator  : [Consumer clientId=consumer-anonymous.777e2bc3-eb50-4b9f-8b85-f58f15efd44b-3, groupId=anonymous.777e2bc3-eb50-4b9f-8b85-f58f15efd44b] Discovered group coordinator localhost:9092 (id: 2147483646 rack: null)
2026-08-29T14:27:09.409+05:30  INFO 37308 --- [bmp-booking-service] [pool-2-thread-1] o.a.k.c.c.internals.ConsumerCoordinator  : [Consumer clientId=consumer-anonymous.777e2bc3-eb50-4b9f-8b85-f58f15efd44b-3, groupId=anonymous.777e2bc3-eb50-4b9f-8b85-f58f15efd44b] Group coordinator localhost:9092 (id: 2147483646 rack: null) is unavailable or invalid due to cause: coordinator unavailable. isDisconnected: false. Rediscovery will be attempted.
2026-08-29T14:27:09.409+05:30  INFO 37308 --- [bmp-booking-service] [pool-2-thread-1] o.a.k.c.c.internals.ConsumerCoordinator  : [Consumer clientId=consumer-anonymous.777e2bc3-eb50-4b9f-8b85-f58f15efd44b-3, groupId=anonymous.777e2bc3-eb50-4b9f-8b85-f58f15efd44b] Requesting disconnect from last known coordinator localhost:9092 (id: 2147483646 rack: null)
2026-08-29T14:27:09.571+05:30  INFO 37308 --- [bmp-booking-service] [pool-2-thread-1] o.a.k.c.c.internals.ConsumerCoordinator  : [Consumer clientId=consumer-anonymous.777e2bc3-eb50-4b9f-8b85-f58f15efd44b-3, groupId=anonymous.777e2bc3-eb50-4b9f-8b85-f58f15efd44b] Discovered group coordinator localhost:9092 (id: 2147483646 rack: null)
2026-08-29T14:27:16.935+05:30  WARN 37308 --- [bmp-booking-service] [l-1 housekeeper] com.zaxxer.hikari.pool.HikariPool        : HikariPool-1 - Thread starvation or clock leap detected (housekeeper delta=1h25m17s38ms648µs200ns).
2026-08-29T14:27:18.674+05:30  INFO 37308 --- [bmp-booking-service] [vice-producer-1] org.apache.kafka.clients.NetworkClient   : [Producer clientId=bmp-booking-service-producer-1] Node 1 disconnected.
2026-08-29T14:30:54.614+05:30  INFO 37308 --- [bmp-booking-service] [rap-executor-%d] c.n.d.s.r.aws.ConfigClusterResolver      : Resolving eureka endpoints via configuration
2026-08-29T14:35:54.623+05:30  INFO 37308 --- [bmp-booking-service] [rap-executor-%d] c.n.d.s.r.aws.ConfigClusterResolver      : Resolving eureka endpoints via configuration
2026-08-29T14:40:54.633+05:30  INFO 37308 --- [bmp-booking-service] [rap-executor-%d] c.n.d.s.r.aws.ConfigClusterResolver      : Resolving eureka endpoints via configuration
2026-08-29T14:45:54.636+05:30  INFO 37308 --- [bmp-booking-service] [rap-executor-%d] c.n.d.s.r.aws.ConfigClusterResolver      : Resolving eureka endpoints via configuration
2026-08-29T14:50:54.637+05:30  INFO 37308 --- [bmp-booking-service] [rap-executor-%d] c.n.d.s.r.aws.ConfigClusterResolver      : Resolving eureka endpoints via configuration
2026-08-29T14:55:54.653+05:30  INFO 37308 --- [bmp-booking-service] [rap-executor-%d] c.n.d.s.r.aws.ConfigClusterResolver      : Resolving eureka endpoints via configuration
2026-08-29T15:00:54.659+05:30  INFO 37308 --- [bmp-booking-service] [rap-executor-%d] c.n.d.s.r.aws.ConfigClusterResolver      : Resolving eureka endpoints via configuration
2026-08-29T15:05:54.673+05:30  INFO 37308 --- [bmp-booking-service] [rap-executor-%d] c.n.d.s.r.aws.ConfigClusterResolver      : Resolving eureka endpoints via configuration
2026-08-29T15:10:54.697+05:30  INFO 37308 --- [bmp-booking-service] [rap-executor-%d] c.n.d.s.r.aws.ConfigClusterResolver      : Resolving eureka endpoints via configuration
2026-08-29T15:15:54.749+05:30  INFO 37308 --- [bmp-booking-service] [rap-executor-%d] c.n.d.s.r.aws.ConfigClusterResolver      : Resolving eureka endpoints via configuration
2026-08-29T15:20:54.805+05:30  INFO 37308 --- [bmp-booking-service] [rap-executor-%d] c.n.d.s.r.aws.ConfigClusterResolver      : Resolving eureka endpoints via configuration
2026-08-29T15:25:54.811+05:30  INFO 37308 --- [bmp-booking-service] [rap-executor-%d] c.n.d.s.r.aws.ConfigClusterResolver      : Resolving eureka endpoints via configuration
2026-08-29T15:30:54.821+05:30  INFO 37308 --- [bmp-booking-service] [rap-executor-%d] c.n.d.s.r.aws.ConfigClusterResolver      : Resolving eureka endpoints via configuration
2026-08-29T15:35:54.835+05:30  INFO 37308 --- [bmp-booking-service] [rap-executor-%d] c.n.d.s.r.aws.ConfigClusterResolver      : Resolving eureka endpoints via configuration
2026-08-29T15:40:54.841+05:30  INFO 37308 --- [bmp-booking-service] [rap-executor-%d] c.n.d.s.r.aws.ConfigClusterResolver      : Resolving eureka endpoints via configuration
2026-08-29T15:41:29.864+05:30  WARN 37308 --- [bmp-booking-service] [   scheduling-1] com.zaxxer.hikari.pool.PoolBase          : HikariPool-1 - Failed to validate connection org.postgresql.jdbc.PgConnection@15eea80d (This connection has been closed.). Possibly consider using a shorter maxLifetime value.
2026-08-29T16:37:26.578+05:30  INFO 37308 --- [bmp-booking-service] [binder-health-1] org.apache.kafka.clients.NetworkClient   : [Consumer clientId=consumer-null-4, groupId=null] Node 1 disconnected.
2026-08-29T16:37:26.649+05:30  INFO 37308 --- [bmp-booking-service] [container-0-C-1] org.apache.kafka.clients.NetworkClient   : [Consumer clientId=consumer-anonymous.777e2bc3-eb50-4b9f-8b85-f58f15efd44b-2, groupId=anonymous.777e2bc3-eb50-4b9f-8b85-f58f15efd44b] Node 1 disconnected.
2026-08-29T16:37:26.709+05:30  INFO 37308 --- [bmp-booking-service] [binder-health-1] org.apache.kafka.clients.NetworkClient   : [Consumer clientId=consumer-null-4, groupId=null] Cancelled in-flight METADATA request with correlation id 976 due to node 1 being disconnected (elapsed time since creation: 3359079ms, elapsed time since send: 3359079ms, throttle time: 0ms, request timeout: 30000ms)
2026-08-29T16:37:26.709+05:30  INFO 37308 --- [bmp-booking-service] [container-0-C-1] org.apache.kafka.clients.NetworkClient   : [Consumer clientId=consumer-anonymous.777e2bc3-eb50-4b9f-8b85-f58f15efd44b-2, groupId=anonymous.777e2bc3-eb50-4b9f-8b85-f58f15efd44b] Cancelled in-flight FETCH request with correlation id 39428 due to node 1 being disconnected (elapsed time since creation: 3363692ms, elapsed time since send: 3363692ms, throttle time: 0ms, request timeout: 30000ms)
2026-08-29T16:37:26.710+05:30  INFO 37308 --- [bmp-booking-service] [container-0-C-1] org.apache.kafka.clients.NetworkClient   : [Consumer clientId=consumer-anonymous.777e2bc3-eb50-4b9f-8b85-f58f15efd44b-2, groupId=anonymous.777e2bc3-eb50-4b9f-8b85-f58f15efd44b] Disconnecting from node 2147483646 due to request timeout.
2026-08-29T16:37:26.710+05:30  INFO 37308 --- [bmp-booking-service] [container-0-C-1] org.apache.kafka.clients.NetworkClient   : [Consumer clientId=consumer-anonymous.777e2bc3-eb50-4b9f-8b85-f58f15efd44b-2, groupId=anonymous.777e2bc3-eb50-4b9f-8b85-f58f15efd44b] Cancelled in-flight HEARTBEAT request with correlation id 39429 due to node 2147483646 being disconnected (elapsed time since creation: 3362116ms, elapsed time since send: 3362116ms, throttle time: 0ms, request timeout: 30000ms)
2026-08-29T16:37:26.710+05:30  INFO 37308 --- [bmp-booking-service] [container-0-C-1] org.apache.kafka.clients.NetworkClient   : [Consumer clientId=consumer-anonymous.777e2bc3-eb50-4b9f-8b85-f58f15efd44b-2, groupId=anonymous.777e2bc3-eb50-4b9f-8b85-f58f15efd44b] Cancelled in-flight HEARTBEAT request with correlation id 39430 due to node 2147483646 being disconnected (elapsed time since creation: 3359109ms, elapsed time since send: 3359109ms, throttle time: 0ms, request timeout: 30000ms)
2026-08-29T16:37:26.710+05:30  INFO 37308 --- [bmp-booking-service] [container-0-C-1] org.apache.kafka.clients.NetworkClient   : [Consumer clientId=consumer-anonymous.777e2bc3-eb50-4b9f-8b85-f58f15efd44b-2, groupId=anonymous.777e2bc3-eb50-4b9f-8b85-f58f15efd44b] Cancelled in-flight HEARTBEAT request with correlation id 39431 due to node 2147483646 being disconnected (elapsed time since creation: 3356107ms, elapsed time since send: 3356107ms, throttle time: 0ms, request timeout: 30000ms)
2026-08-29T16:37:26.710+05:30  INFO 37308 --- [bmp-booking-service] [container-0-C-1] org.apache.kafka.clients.NetworkClient   : [Consumer clientId=consumer-anonymous.777e2bc3-eb50-4b9f-8b85-f58f15efd44b-2, groupId=anonymous.777e2bc3-eb50-4b9f-8b85-f58f15efd44b] Cancelled in-flight HEARTBEAT request with correlation id 39432 due to node 2147483646 being disconnected (elapsed time since creation: 3353102ms, elapsed time since send: 3353102ms, throttle time: 0ms, request timeout: 30000ms)
2026-08-29T16:37:26.711+05:30  INFO 37308 --- [bmp-booking-service] [container-0-C-1] o.a.kafka.clients.FetchSessionHandler    : [Consumer clientId=consumer-anonymous.777e2bc3-eb50-4b9f-8b85-f58f15efd44b-2, groupId=anonymous.777e2bc3-eb50-4b9f-8b85-f58f15efd44b] Error sending fetch request (sessionId=356032869, epoch=8788) to node 1:

org.apache.kafka.common.errors.DisconnectException: null

2026-08-29T16:37:26.796+05:30  INFO 37308 --- [bmp-booking-service] [85-f58f15efd44b] o.a.k.c.c.internals.ConsumerCoordinator  : [Consumer clientId=consumer-anonymous.777e2bc3-eb50-4b9f-8b85-f58f15efd44b-2, groupId=anonymous.777e2bc3-eb50-4b9f-8b85-f58f15efd44b] Group coordinator localhost:9092 (id: 2147483646 rack: null) is unavailable or invalid due to cause: null. isDisconnected: true. Rediscovery will be attempted.
2026-08-29T16:37:26.816+05:30  WARN 37308 --- [bmp-booking-service] [io-8084-exec-10] o.s.b.a.health.HealthEndpointSupport     : Health contributor org.springframework.cloud.stream.binder.kafka.KafkaBinderHealthIndicator (binders/kafka) took 3359276ms to respond
2026-08-29T16:37:29.151+05:30  INFO 37308 --- [bmp-booking-service] [container-0-C-1] o.a.k.c.c.internals.ConsumerCoordinator  : [Consumer clientId=consumer-anonymous.777e2bc3-eb50-4b9f-8b85-f58f15efd44b-2, groupId=anonymous.777e2bc3-eb50-4b9f-8b85-f58f15efd44b] Discovered group coordinator localhost:9092 (id: 2147483646 rack: null)
2026-08-29T16:37:38.412+05:30  WARN 37308 --- [bmp-booking-service] [l-1 housekeeper] com.zaxxer.hikari.pool.HikariPool        : HikariPool-1 - Thread starvation or clock leap detected (housekeeper delta=56m20s56ms982µs600ns).
2026-08-29T16:37:38.991+05:30  INFO 37308 --- [bmp-booking-service] [vice-producer-1] org.apache.kafka.clients.NetworkClient   : [Producer clientId=bmp-booking-service-producer-1] Node 1 disconnected.
2026-08-29T16:38:01.443+05:30  INFO 37308 --- [bmp-booking-service] [pool-2-thread-1] org.apache.kafka.clients.NetworkClient   : [Consumer clientId=consumer-anonymous.777e2bc3-eb50-4b9f-8b85-f58f15efd44b-3, groupId=anonymous.777e2bc3-eb50-4b9f-8b85-f58f15efd44b] Node 2147483646 disconnected.
2026-08-29T16:38:01.449+05:30  INFO 37308 --- [bmp-booking-service] [pool-2-thread-1] o.a.k.c.c.internals.ConsumerCoordinator  : [Consumer clientId=consumer-anonymous.777e2bc3-eb50-4b9f-8b85-f58f15efd44b-3, groupId=anonymous.777e2bc3-eb50-4b9f-8b85-f58f15efd44b] Group coordinator localhost:9092 (id: 2147483646 rack: null) is unavailable or invalid due to cause: coordinator unavailable. isDisconnected: true. Rediscovery will be attempted.
2026-08-29T16:38:01.453+05:30  INFO 37308 --- [bmp-booking-service] [pool-2-thread-1] o.a.k.c.c.internals.ConsumerCoordinator  : [Consumer clientId=consumer-anonymous.777e2bc3-eb50-4b9f-8b85-f58f15efd44b-3, groupId=anonymous.777e2bc3-eb50-4b9f-8b85-f58f15efd44b] Discovered group coordinator localhost:9092 (id: 2147483646 rack: null)
2026-08-29T16:38:01.454+05:30  INFO 37308 --- [bmp-booking-service] [pool-2-thread-1] o.a.k.c.c.internals.ConsumerCoordinator  : [Consumer clientId=consumer-anonymous.777e2bc3-eb50-4b9f-8b85-f58f15efd44b-3, groupId=anonymous.777e2bc3-eb50-4b9f-8b85-f58f15efd44b] Group coordinator localhost:9092 (id: 2147483646 rack: null) is unavailable or invalid due to cause: coordinator unavailable. isDisconnected: false. Rediscovery will be attempted.
2026-08-29T16:38:01.454+05:30  INFO 37308 --- [bmp-booking-service] [pool-2-thread-1] o.a.k.c.c.internals.ConsumerCoordinator  : [Consumer clientId=consumer-anonymous.777e2bc3-eb50-4b9f-8b85-f58f15efd44b-3, groupId=anonymous.777e2bc3-eb50-4b9f-8b85-f58f15efd44b] Requesting disconnect from last known coordinator localhost:9092 (id: 2147483646 rack: null)
2026-08-29T16:38:01.561+05:30  INFO 37308 --- [bmp-booking-service] [pool-2-thread-1] o.a.k.c.c.internals.ConsumerCoordinator  : [Consumer clientId=consumer-anonymous.777e2bc3-eb50-4b9f-8b85-f58f15efd44b-3, groupId=anonymous.777e2bc3-eb50-4b9f-8b85-f58f15efd44b] Discovered group coordinator localhost:9092 (id: 2147483646 rack: null)
2026-08-29T16:41:44.769+05:30  INFO 37308 --- [bmp-booking-service] [rap-executor-%d] c.n.d.s.r.aws.ConfigClusterResolver      : Resolving eureka endpoints via configuration
2026-08-29T16:46:44.796+05:30  INFO 37308 --- [bmp-booking-service] [rap-executor-%d] c.n.d.s.r.aws.ConfigClusterResolver      : Resolving eureka endpoints via configuration
2026-08-29T16:51:44.804+05:30  INFO 37308 --- [bmp-booking-service] [rap-executor-%d] c.n.d.s.r.aws.ConfigClusterResolver      : Resolving eureka endpoints via configuration
2026-08-29T16:56:44.828+05:30  INFO 37308 --- [bmp-booking-service] [rap-executor-%d] c.n.d.s.r.aws.ConfigClusterResolver      : Resolving eureka endpoints via configuration
2026-08-29T17:01:44.843+05:30  INFO 37308 --- [bmp-booking-service] [rap-executor-%d] c.n.d.s.r.aws.ConfigClusterResolver      : Resolving eureka endpoints via configuration
2026-08-29T17:06:44.852+05:30  INFO 37308 --- [bmp-booking-service] [rap-executor-%d] c.n.d.s.r.aws.ConfigClusterResolver      : Resolving eureka endpoints via configuration
2026-08-29T17:11:44.868+05:30  INFO 37308 --- [bmp-booking-service] [rap-executor-%d] c.n.d.s.r.aws.ConfigClusterResolver      : Resolving eureka endpoints via configuration
2026-08-29T17:16:44.872+05:30  INFO 37308 --- [bmp-booking-service] [rap-executor-%d] c.n.d.s.r.aws.ConfigClusterResolver      : Resolving eureka endpoints via configuration
2026-08-29T17:21:44.886+05:30  INFO 37308 --- [bmp-booking-service] [rap-executor-%d] c.n.d.s.r.aws.ConfigClusterResolver      : Resolving eureka endpoints via configuration
2026-08-29T17:26:44.900+05:30  INFO 37308 --- [bmp-booking-service] [rap-executor-%d] c.n.d.s.r.aws.ConfigClusterResolver      : Resolving eureka endpoints via configuration
2026-08-29T17:31:44.918+05:30  INFO 37308 --- [bmp-booking-service] [rap-executor-%d] c.n.d.s.r.aws.ConfigClusterResolver      : Resolving eureka endpoints via configuration
2026-08-29T17:36:44.923+05:30  INFO 37308 --- [bmp-booking-service] [rap-executor-%d] c.n.d.s.r.aws.ConfigClusterResolver      : Resolving eureka endpoints via configuration
2026-08-29T17:41:44.930+05:30  INFO 37308 --- [bmp-booking-service] [rap-executor-%d] c.n.d.s.r.aws.ConfigClusterResolver      : Resolving eureka endpoints via configuration
2026-08-29T17:43:11.408+05:30  WARN 37308 --- [bmp-booking-service] [   scheduling-1] com.zaxxer.hikari.pool.PoolBase          : HikariPool-1 - Failed to validate connection org.postgresql.jdbc.PgConnection@38a6e5e1 (This connection has been closed.). Possibly consider using a shorter maxLifetime value.
2026-08-29T17:56:52.597+05:30  INFO 37308 --- [bmp-booking-service] [container-0-C-1] org.apache.kafka.clients.NetworkClient   : [Consumer clientId=consumer-anonymous.777e2bc3-eb50-4b9f-8b85-f58f15efd44b-2, groupId=anonymous.777e2bc3-eb50-4b9f-8b85-f58f15efd44b] Node 1 disconnected.
2026-08-29T17:56:52.598+05:30  INFO 37308 --- [bmp-booking-service] [binder-health-1] org.apache.kafka.clients.NetworkClient   : [Consumer clientId=consumer-null-4, groupId=null] Node 1 disconnected.
2026-08-29T17:56:52.602+05:30  INFO 37308 --- [bmp-booking-service] [binder-health-1] org.apache.kafka.clients.NetworkClient   : [Consumer clientId=consumer-null-4, groupId=null] Cancelled in-flight METADATA request with correlation id 1200 due to node 1 being disconnected (elapsed time since creation: 823545ms, elapsed time since send: 823545ms, throttle time: 0ms, request timeout: 30000ms)
2026-08-29T17:56:52.605+05:30  INFO 37308 --- [bmp-booking-service] [container-0-C-1] org.apache.kafka.clients.NetworkClient   : [Consumer clientId=consumer-anonymous.777e2bc3-eb50-4b9f-8b85-f58f15efd44b-2, groupId=anonymous.777e2bc3-eb50-4b9f-8b85-f58f15efd44b] Cancelled in-flight FETCH request with correlation id 48471 due to node 1 being disconnected (elapsed time since creation: 827645ms, elapsed time since send: 827645ms, throttle time: 0ms, request timeout: 30000ms)
2026-08-29T17:56:52.606+05:30  INFO 37308 --- [bmp-booking-service] [container-0-C-1] org.apache.kafka.clients.NetworkClient   : [Consumer clientId=consumer-anonymous.777e2bc3-eb50-4b9f-8b85-f58f15efd44b-2, groupId=anonymous.777e2bc3-eb50-4b9f-8b85-f58f15efd44b] Disconnecting from node 2147483646 due to request timeout.
2026-08-29T17:56:52.606+05:30  INFO 37308 --- [bmp-booking-service] [container-0-C-1] org.apache.kafka.clients.NetworkClient   : [Consumer clientId=consumer-anonymous.777e2bc3-eb50-4b9f-8b85-f58f15efd44b-2, groupId=anonymous.777e2bc3-eb50-4b9f-8b85-f58f15efd44b] Cancelled in-flight HEARTBEAT request with correlation id 48472 due to node 2147483646 being disconnected (elapsed time since creation: 827202ms, elapsed time since send: 827201ms, throttle time: 0ms, request timeout: 30000ms)
2026-08-29T17:56:52.606+05:30  INFO 37308 --- [bmp-booking-service] [container-0-C-1] org.apache.kafka.clients.NetworkClient   : [Consumer clientId=consumer-anonymous.777e2bc3-eb50-4b9f-8b85-f58f15efd44b-2, groupId=anonymous.777e2bc3-eb50-4b9f-8b85-f58f15efd44b] Cancelled in-flight HEARTBEAT request with correlation id 48473 due to node 2147483646 being disconnected (elapsed time since creation: 824193ms, elapsed time since send: 824193ms, throttle time: 0ms, request timeout: 30000ms)
2026-08-29T17:56:52.606+05:30  INFO 37308 --- [bmp-booking-service] [container-0-C-1] org.apache.kafka.clients.NetworkClient   : [Consumer clientId=consumer-anonymous.777e2bc3-eb50-4b9f-8b85-f58f15efd44b-2, groupId=anonymous.777e2bc3-eb50-4b9f-8b85-f58f15efd44b] Cancelled in-flight HEARTBEAT request with correlation id 48474 due to node 2147483646 being disconnected (elapsed time since creation: 821182ms, elapsed time since send: 821182ms, throttle time: 0ms, request timeout: 30000ms)
2026-08-29T17:56:52.606+05:30  INFO 37308 --- [bmp-booking-service] [container-0-C-1] org.apache.kafka.clients.NetworkClient   : [Consumer clientId=consumer-anonymous.777e2bc3-eb50-4b9f-8b85-f58f15efd44b-2, groupId=anonymous.777e2bc3-eb50-4b9f-8b85-f58f15efd44b] Cancelled in-flight HEARTBEAT request with correlation id 48475 due to node 2147483646 being disconnected (elapsed time since creation: 818168ms, elapsed time since send: 818168ms, throttle time: 0ms, request timeout: 30000ms)
2026-08-29T17:56:52.615+05:30  WARN 37308 --- [bmp-booking-service] [nio-8084-exec-2] o.s.b.a.health.HealthEndpointSupport     : Health contributor org.springframework.cloud.stream.binder.kafka.KafkaBinderHealthIndicator (binders/kafka) took 823558ms to respond
2026-08-29T17:56:52.612+05:30  INFO 37308 --- [bmp-booking-service] [container-0-C-1] o.a.kafka.clients.FetchSessionHandler    : [Consumer clientId=consumer-anonymous.777e2bc3-eb50-4b9f-8b85-f58f15efd44b-2, groupId=anonymous.777e2bc3-eb50-4b9f-8b85-f58f15efd44b] Error sending fetch request (sessionId=1680872725, epoch=7699) to node 1:

org.apache.kafka.common.errors.DisconnectException: null

2026-08-29T17:56:52.776+05:30  INFO 37308 --- [bmp-booking-service] [85-f58f15efd44b] o.a.k.c.c.internals.ConsumerCoordinator  : [Consumer clientId=consumer-anonymous.777e2bc3-eb50-4b9f-8b85-f58f15efd44b-2, groupId=anonymous.777e2bc3-eb50-4b9f-8b85-f58f15efd44b] Group coordinator localhost:9092 (id: 2147483646 rack: null) is unavailable or invalid due to cause: null. isDisconnected: true. Rediscovery will be attempted.
2026-08-29T17:56:54.462+05:30  INFO 37308 --- [bmp-booking-service] [container-0-C-1] o.a.k.c.c.internals.ConsumerCoordinator  : [Consumer clientId=consumer-anonymous.777e2bc3-eb50-4b9f-8b85-f58f15efd44b-2, groupId=anonymous.777e2bc3-eb50-4b9f-8b85-f58f15efd44b] Discovered group coordinator localhost:9092 (id: 2147483646 rack: null)
2026-08-29T17:57:13.610+05:30  INFO 37308 --- [bmp-booking-service] [vice-producer-1] org.apache.kafka.clients.NetworkClient   : [Producer clientId=bmp-booking-service-producer-1] Node 1 disconnected.
2026-08-29T17:57:13.875+05:30  WARN 37308 --- [bmp-booking-service] [l-1 housekeeper] com.zaxxer.hikari.pool.HikariPool        : HikariPool-1 - Thread starvation or clock leap detected (housekeeper delta=14m4s389ms989µs300ns).
2026-08-29T17:57:38.016+05:30  INFO 37308 --- [bmp-booking-service] [pool-2-thread-1] org.apache.kafka.clients.NetworkClient   : [Consumer clientId=consumer-anonymous.777e2bc3-eb50-4b9f-8b85-f58f15efd44b-3, groupId=anonymous.777e2bc3-eb50-4b9f-8b85-f58f15efd44b] Node 2147483646 disconnected.
2026-08-29T17:57:38.018+05:30  INFO 37308 --- [bmp-booking-service] [pool-2-thread-1] o.a.k.c.c.internals.ConsumerCoordinator  : [Consumer clientId=consumer-anonymous.777e2bc3-eb50-4b9f-8b85-f58f15efd44b-3, groupId=anonymous.777e2bc3-eb50-4b9f-8b85-f58f15efd44b] Group coordinator localhost:9092 (id: 2147483646 rack: null) is unavailable or invalid due to cause: coordinator unavailable. isDisconnected: true. Rediscovery will be attempted.
2026-08-29T17:57:38.021+05:30  INFO 37308 --- [bmp-booking-service] [pool-2-thread-1] o.a.k.c.c.internals.ConsumerCoordinator  : [Consumer clientId=consumer-anonymous.777e2bc3-eb50-4b9f-8b85-f58f15efd44b-3, groupId=anonymous.777e2bc3-eb50-4b9f-8b85-f58f15efd44b] Discovered group coordinator localhost:9092 (id: 2147483646 rack: null)
2026-08-29T17:57:38.021+05:30  INFO 37308 --- [bmp-booking-service] [pool-2-thread-1] o.a.k.c.c.internals.ConsumerCoordinator  : [Consumer clientId=consumer-anonymous.777e2bc3-eb50-4b9f-8b85-f58f15efd44b-3, groupId=anonymous.777e2bc3-eb50-4b9f-8b85-f58f15efd44b] Group coordinator localhost:9092 (id: 2147483646 rack: null) is unavailable or invalid due to cause: coordinator unavailable. isDisconnected: false. Rediscovery will be attempted.
2026-08-29T17:57:38.021+05:30  INFO 37308 --- [bmp-booking-service] [pool-2-thread-1] o.a.k.c.c.internals.ConsumerCoordinator  : [Consumer clientId=consumer-anonymous.777e2bc3-eb50-4b9f-8b85-f58f15efd44b-3, groupId=anonymous.777e2bc3-eb50-4b9f-8b85-f58f15efd44b] Requesting disconnect from last known coordinator localhost:9092 (id: 2147483646 rack: null)
2026-08-29T17:57:38.142+05:30  INFO 37308 --- [bmp-booking-service] [pool-2-thread-1] o.a.k.c.c.internals.ConsumerCoordinator  : [Consumer clientId=consumer-anonymous.777e2bc3-eb50-4b9f-8b85-f58f15efd44b-3, groupId=anonymous.777e2bc3-eb50-4b9f-8b85-f58f15efd44b] Discovered group coordinator localhost:9092 (id: 2147483646 rack: null)
2026-08-29T17:59:33.479+05:30  WARN 37308 --- [bmp-booking-service] [   scheduling-1] com.zaxxer.hikari.pool.PoolBase          : HikariPool-1 - Failed to validate connection org.postgresql.jdbc.PgConnection@636865a (This connection has been closed.). Possibly consider using a shorter maxLifetime value.
2026-08-29T17:59:38.493+05:30  WARN 37308 --- [bmp-booking-service] [   scheduling-1] com.zaxxer.hikari.pool.PoolBase          : HikariPool-1 - Failed to validate connection org.postgresql.jdbc.PgConnection@58b74c1a (This connection has been closed.). Possibly consider using a shorter maxLifetime value.
2026-08-29T18:00:06.736+05:30  INFO 37308 --- [bmp-booking-service] [container-0-C-1] org.apache.kafka.clients.NetworkClient   : [Consumer clientId=consumer-anonymous.777e2bc3-eb50-4b9f-8b85-f58f15efd44b-2, groupId=anonymous.777e2bc3-eb50-4b9f-8b85-f58f15efd44b] Disconnecting from node 1 due to request timeout.
2026-08-29T18:00:06.737+05:30  INFO 37308 --- [bmp-booking-service] [container-0-C-1] org.apache.kafka.clients.NetworkClient   : [Consumer clientId=consumer-anonymous.777e2bc3-eb50-4b9f-8b85-f58f15efd44b-2, groupId=anonymous.777e2bc3-eb50-4b9f-8b85-f58f15efd44b] Cancelled in-flight FETCH request with correlation id 48831 due to node 1 being disconnected (elapsed time since creation: 39505ms, elapsed time since send: 39505ms, throttle time: 0ms, request timeout: 30000ms)
2026-08-29T18:00:06.738+05:30  INFO 37308 --- [bmp-booking-service] [container-0-C-1] org.apache.kafka.clients.NetworkClient   : [Consumer clientId=consumer-anonymous.777e2bc3-eb50-4b9f-8b85-f58f15efd44b-2, groupId=anonymous.777e2bc3-eb50-4b9f-8b85-f58f15efd44b] Disconnecting from node 2147483646 due to request timeout.
2026-08-29T18:00:06.738+05:30  INFO 37308 --- [bmp-booking-service] [container-0-C-1] org.apache.kafka.clients.NetworkClient   : [Consumer clientId=consumer-anonymous.777e2bc3-eb50-4b9f-8b85-f58f15efd44b-2, groupId=anonymous.777e2bc3-eb50-4b9f-8b85-f58f15efd44b] Cancelled in-flight HEARTBEAT request with correlation id 48832 due to node 2147483646 being disconnected (elapsed time since creation: 38855ms, elapsed time since send: 38855ms, throttle time: 0ms, request timeout: 30000ms)
2026-08-29T18:00:06.738+05:30  INFO 37308 --- [bmp-booking-service] [container-0-C-1] org.apache.kafka.clients.NetworkClient   : [Consumer clientId=consumer-anonymous.777e2bc3-eb50-4b9f-8b85-f58f15efd44b-2, groupId=anonymous.777e2bc3-eb50-4b9f-8b85-f58f15efd44b] Cancelled in-flight HEARTBEAT request with correlation id 48833 due to node 2147483646 being disconnected (elapsed time since creation: 35852ms, elapsed time since send: 35852ms, throttle time: 0ms, request timeout: 30000ms)
2026-08-29T18:00:06.738+05:30  INFO 37308 --- [bmp-booking-service] [container-0-C-1] org.apache.kafka.clients.NetworkClient   : [Consumer clientId=consumer-anonymous.777e2bc3-eb50-4b9f-8b85-f58f15efd44b-2, groupId=anonymous.777e2bc3-eb50-4b9f-8b85-f58f15efd44b] Cancelled in-flight HEARTBEAT request with correlation id 48834 due to node 2147483646 being disconnected (elapsed time since creation: 32837ms, elapsed time since send: 32837ms, throttle time: 0ms, request timeout: 30000ms)
2026-08-29T18:00:06.738+05:30  INFO 37308 --- [bmp-booking-service] [container-0-C-1] org.apache.kafka.clients.NetworkClient   : [Consumer clientId=consumer-anonymous.777e2bc3-eb50-4b9f-8b85-f58f15efd44b-2, groupId=anonymous.777e2bc3-eb50-4b9f-8b85-f58f15efd44b] Cancelled in-flight HEARTBEAT request with correlation id 48835 due to node 2147483646 being disconnected (elapsed time since creation: 29830ms, elapsed time since send: 29830ms, throttle time: 0ms, request timeout: 30000ms)
2026-08-29T18:00:06.738+05:30  INFO 37308 --- [bmp-booking-service] [container-0-C-1] o.a.kafka.clients.FetchSessionHandler    : [Consumer clientId=consumer-anonymous.777e2bc3-eb50-4b9f-8b85-f58f15efd44b-2, groupId=anonymous.777e2bc3-eb50-4b9f-8b85-f58f15efd44b] Error sending fetch request (sessionId=1894740860, epoch=299) to node 1:

org.apache.kafka.common.errors.DisconnectException: null

2026-08-29T18:00:06.761+05:30  INFO 37308 --- [bmp-booking-service] [85-f58f15efd44b] o.a.k.c.c.internals.ConsumerCoordinator  : [Consumer clientId=consumer-anonymous.777e2bc3-eb50-4b9f-8b85-f58f15efd44b-2, groupId=anonymous.777e2bc3-eb50-4b9f-8b85-f58f15efd44b] Group coordinator localhost:9092 (id: 2147483646 rack: null) is unavailable or invalid due to cause: null. isDisconnected: true. Rediscovery will be attempted.
2026-08-29T18:00:07.853+05:30  WARN 37308 --- [bmp-booking-service] [nio-8084-exec-2] o.s.b.a.health.HealthEndpointSupport     : Health contributor org.springframework.cloud.stream.binder.kafka.KafkaBinderHealthIndicator (binders/kafka) took 30301ms to respond
2026-08-29T18:00:07.942+05:30  INFO 37308 --- [bmp-booking-service] [container-0-C-1] o.a.k.c.c.internals.ConsumerCoordinator  : [Consumer clientId=consumer-anonymous.777e2bc3-eb50-4b9f-8b85-f58f15efd44b-2, groupId=anonymous.777e2bc3-eb50-4b9f-8b85-f58f15efd44b] Discovered group coordinator localhost:9092 (id: 2147483646 rack: null)
2026-08-29T18:00:08.502+05:30  WARN 37308 --- [bmp-booking-service] [   scheduling-1] o.h.engine.jdbc.spi.SqlExceptionHelper   : SQL Error: 0, SQLState: 08003
2026-08-29T18:00:08.579+05:30 ERROR 37308 --- [bmp-booking-service] [   scheduling-1] o.h.engine.jdbc.spi.SqlExceptionHelper   : HikariPool-1 - Connection is not available, request timed out after 41083ms (total=0, active=0, idle=0, waiting=0)
2026-08-29T18:00:08.580+05:30 ERROR 37308 --- [bmp-booking-service] [   scheduling-1] o.h.engine.jdbc.spi.SqlExceptionHelper   : This connection has been closed.
2026-08-29T18:00:10.725+05:30  WARN 37308 --- [bmp-booking-service] [l-1 housekeeper] com.zaxxer.hikari.pool.HikariPool        : HikariPool-1 - Thread starvation or clock leap detected (housekeeper delta=59s313ms253µs400ns).
2026-08-29T18:00:10.258+05:30 ERROR 37308 --- [bmp-booking-service] [   scheduling-1] o.s.s.s.TaskUtils$LoggingErrorHandler    : Unexpected error occurred in scheduled task

org.springframework.transaction.CannotCreateTransactionException: Could not open JPA EntityManager for transaction
	at org.springframework.orm.jpa.JpaTransactionManager.doBegin(JpaTransactionManager.java:466) ~[spring-orm-6.2.1.jar:6.2.1]
	at org.springframework.transaction.support.AbstractPlatformTransactionManager.startTransaction(AbstractPlatformTransactionManager.java:532) ~[spring-tx-6.2.1.jar:6.2.1]
	at org.springframework.transaction.support.AbstractPlatformTransactionManager.getTransaction(AbstractPlatformTransactionManager.java:405) ~[spring-tx-6.2.1.jar:6.2.1]
	at org.springframework.transaction.interceptor.TransactionAspectSupport.createTransactionIfNecessary(TransactionAspectSupport.java:639) ~[spring-tx-6.2.1.jar:6.2.1]
	at org.springframework.transaction.interceptor.TransactionAspectSupport.invokeWithinTransaction(TransactionAspectSupport.java:374) ~[spring-tx-6.2.1.jar:6.2.1]
	at org.springframework.transaction.interceptor.TransactionInterceptor.invoke(TransactionInterceptor.java:119) ~[spring-tx-6.2.1.jar:6.2.1]
	at org.springframework.aop.framework.ReflectiveMethodInvocation.proceed(ReflectiveMethodInvocation.java:184) ~[spring-aop-6.2.1.jar:6.2.1]
	at org.springframework.aop.framework.CglibAopProxy$DynamicAdvisedInterceptor.intercept(CglibAopProxy.java:727) ~[spring-aop-6.2.1.jar:6.2.1]
	at com.bmp.common.kafka.OutboxKafkaRelay$$SpringCGLIB$$0.relay(<generated>) ~[bmp-common-0.1.0-SNAPSHOT.jar:0.1.0-SNAPSHOT]
	at java.base/jdk.internal.reflect.DirectMethodHandleAccessor.invoke(DirectMethodHandleAccessor.java:103) ~[na:na]
	at java.base/java.lang.reflect.Method.invoke(Method.java:580) ~[na:na]
	at org.springframework.scheduling.support.ScheduledMethodRunnable.runInternal(ScheduledMethodRunnable.java:130) ~[spring-context-6.2.1.jar:6.2.1]
	at org.springframework.scheduling.support.ScheduledMethodRunnable.lambda$run$2(ScheduledMethodRunnable.java:124) ~[spring-context-6.2.1.jar:6.2.1]
	at io.micrometer.observation.Observation.observe(Observation.java:498) ~[micrometer-observation-1.14.2.jar:1.14.2]
	at org.springframework.scheduling.support.ScheduledMethodRunnable.run(ScheduledMethodRunnable.java:124) ~[spring-context-6.2.1.jar:6.2.1]
	at org.springframework.scheduling.config.Task$OutcomeTrackingRunnable.run(Task.java:85) ~[spring-context-6.2.1.jar:6.2.1]
	at org.springframework.scheduling.support.DelegatingErrorHandlingRunnable.run(DelegatingErrorHandlingRunnable.java:54) ~[spring-context-6.2.1.jar:6.2.1]
	at java.base/java.util.concurrent.Executors$RunnableAdapter.call(Executors.java:572) ~[na:na]
	at java.base/java.util.concurrent.FutureTask.runAndReset(FutureTask.java:358) ~[na:na]
	at java.base/java.util.concurrent.ScheduledThreadPoolExecutor$ScheduledFutureTask.run(ScheduledThreadPoolExecutor.java:305) ~[na:na]
	at java.base/java.util.concurrent.ThreadPoolExecutor.runWorker(ThreadPoolExecutor.java:1144) ~[na:na]
	at java.base/java.util.concurrent.ThreadPoolExecutor$Worker.run(ThreadPoolExecutor.java:642) ~[na:na]
	at java.base/java.lang.Thread.run(Thread.java:1583) ~[na:na]
Caused by: org.hibernate.exception.JDBCConnectionException: Unable to acquire JDBC Connection [HikariPool-1 - Connection is not available, request timed out after 41083ms (total=0, active=0, idle=0, waiting=0)] [n/a]
	at org.hibernate.exception.internal.SQLExceptionTypeDelegate.convert(SQLExceptionTypeDelegate.java:51) ~[hibernate-core-6.6.4.Final.jar:6.6.4.Final]
	at org.hibernate.exception.internal.StandardSQLExceptionConverter.convert(StandardSQLExceptionConverter.java:58) ~[hibernate-core-6.6.4.Final.jar:6.6.4.Final]
	at org.hibernate.engine.jdbc.spi.SqlExceptionHelper.convert(SqlExceptionHelper.java:108) ~[hibernate-core-6.6.4.Final.jar:6.6.4.Final]
	at org.hibernate.engine.jdbc.spi.SqlExceptionHelper.convert(SqlExceptionHelper.java:94) ~[hibernate-core-6.6.4.Final.jar:6.6.4.Final]
	at org.hibernate.resource.jdbc.internal.LogicalConnectionManagedImpl.acquireConnectionIfNeeded(LogicalConnectionManagedImpl.java:129) ~[hibernate-core-6.6.4.Final.jar:6.6.4.Final]
	at org.hibernate.resource.jdbc.internal.LogicalConnectionManagedImpl.getPhysicalConnection(LogicalConnectionManagedImpl.java:156) ~[hibernate-core-6.6.4.Final.jar:6.6.4.Final]
	at org.hibernate.resource.jdbc.internal.LogicalConnectionManagedImpl.getConnectionForTransactionManagement(LogicalConnectionManagedImpl.java:286) ~[hibernate-core-6.6.4.Final.jar:6.6.4.Final]
	at org.hibernate.resource.jdbc.internal.LogicalConnectionManagedImpl.begin(LogicalConnectionManagedImpl.java:294) ~[hibernate-core-6.6.4.Final.jar:6.6.4.Final]
	at org.hibernate.resource.transaction.backend.jdbc.internal.JdbcResourceLocalTransactionCoordinatorImpl$TransactionDriverControlImpl.begin(JdbcResourceLocalTransactionCoordinatorImpl.java:232) ~[hibernate-core-6.6.4.Final.jar:6.6.4.Final]
	at org.hibernate.engine.transaction.internal.TransactionImpl.begin(TransactionImpl.java:83) ~[hibernate-core-6.6.4.Final.jar:6.6.4.Final]
	at org.springframework.orm.jpa.vendor.HibernateJpaDialect.beginTransaction(HibernateJpaDialect.java:176) ~[spring-orm-6.2.1.jar:6.2.1]
	at org.springframework.orm.jpa.JpaTransactionManager.doBegin(JpaTransactionManager.java:420) ~[spring-orm-6.2.1.jar:6.2.1]
	... 22 common frames omitted
Caused by: java.sql.SQLTransientConnectionException: HikariPool-1 - Connection is not available, request timed out after 41083ms (total=0, active=0, idle=0, waiting=0)
	at com.zaxxer.hikari.pool.HikariPool.createTimeoutException(HikariPool.java:686) ~[HikariCP-5.1.0.jar:na]
	at com.zaxxer.hikari.pool.HikariPool.getConnection(HikariPool.java:179) ~[HikariCP-5.1.0.jar:na]
	at com.zaxxer.hikari.pool.HikariPool.getConnection(HikariPool.java:144) ~[HikariCP-5.1.0.jar:na]
	at com.zaxxer.hikari.HikariDataSource.getConnection(HikariDataSource.java:127) ~[HikariCP-5.1.0.jar:na]
	at org.hibernate.engine.jdbc.connections.internal.DatasourceConnectionProviderImpl.getConnection(DatasourceConnectionProviderImpl.java:126) ~[hibernate-core-6.6.4.Final.jar:6.6.4.Final]
	at org.hibernate.internal.NonContextualJdbcConnectionAccess.obtainConnection(NonContextualJdbcConnectionAccess.java:46) ~[hibernate-core-6.6.4.Final.jar:6.6.4.Final]
	at org.hibernate.resource.jdbc.internal.LogicalConnectionManagedImpl.acquireConnectionIfNeeded(LogicalConnectionManagedImpl.java:126) ~[hibernate-core-6.6.4.Final.jar:6.6.4.Final]
	... 29 common frames omitted
Caused by: org.postgresql.util.PSQLException: This connection has been closed.
	at org.postgresql.jdbc.PgConnection.checkClosed(PgConnection.java:1009) ~[postgresql-42.7.4.jar:42.7.4]
	at org.postgresql.jdbc.PgConnection.setNetworkTimeout(PgConnection.java:1724) ~[postgresql-42.7.4.jar:42.7.4]
	at com.zaxxer.hikari.pool.PoolBase.setNetworkTimeout(PoolBase.java:562) ~[HikariCP-5.1.0.jar:na]
	at com.zaxxer.hikari.pool.PoolBase.isConnectionDead(PoolBase.java:169) ~[HikariCP-5.1.0.jar:na]
	at com.zaxxer.hikari.pool.HikariPool.getConnection(HikariPool.java:168) ~[HikariCP-5.1.0.jar:na]
	... 34 common frames omitted

2026-08-29T18:00:46.010+05:30  INFO 37308 --- [bmp-booking-service] [rap-executor-%d] c.n.d.s.r.aws.ConfigClusterResolver      : Resolving eureka endpoints via configuration
2026-08-29T18:05:46.020+05:30  INFO 37308 --- [bmp-booking-service] [rap-executor-%d] c.n.d.s.r.aws.ConfigClusterResolver      : Resolving eureka endpoints via configuration
2026-08-29T18:10:46.030+05:30  INFO 37308 --- [bmp-booking-service] [rap-executor-%d] c.n.d.s.r.aws.ConfigClusterResolver      : Resolving eureka endpoints via configuration
2026-08-29T18:15:46.038+05:30  INFO 37308 --- [bmp-booking-service] [rap-executor-%d] c.n.d.s.r.aws.ConfigClusterResolver      : Resolving eureka endpoints via configuration
2026-08-29T19:23:52.819+05:30  INFO 37308 --- [bmp-booking-service] [85-f58f15efd44b] org.apache.kafka.clients.NetworkClient   : [Consumer clientId=consumer-anonymous.777e2bc3-eb50-4b9f-8b85-f58f15efd44b-2, groupId=anonymous.777e2bc3-eb50-4b9f-8b85-f58f15efd44b] Node 1 disconnected.
2026-08-29T19:23:52.874+05:30  INFO 37308 --- [bmp-booking-service] [85-f58f15efd44b] org.apache.kafka.clients.NetworkClient   : [Consumer clientId=consumer-anonymous.777e2bc3-eb50-4b9f-8b85-f58f15efd44b-2, groupId=anonymous.777e2bc3-eb50-4b9f-8b85-f58f15efd44b] Cancelled in-flight FETCH request with correlation id 51157 due to node 1 being disconnected (elapsed time since creation: 4023982ms, elapsed time since send: 4023982ms, throttle time: 0ms, request timeout: 30000ms)
2026-08-29T19:23:52.875+05:30  INFO 37308 --- [bmp-booking-service] [85-f58f15efd44b] org.apache.kafka.clients.NetworkClient   : [Consumer clientId=consumer-anonymous.777e2bc3-eb50-4b9f-8b85-f58f15efd44b-2, groupId=anonymous.777e2bc3-eb50-4b9f-8b85-f58f15efd44b] Cancelled in-flight METADATA request with correlation id 51159 due to node 1 being disconnected (elapsed time since creation: 1244ms, elapsed time since send: 1244ms, throttle time: 0ms, request timeout: 30000ms)
2026-08-29T19:23:52.911+05:30  INFO 37308 --- [bmp-booking-service] [85-f58f15efd44b] org.apache.kafka.clients.NetworkClient   : [Consumer clientId=consumer-anonymous.777e2bc3-eb50-4b9f-8b85-f58f15efd44b-2, groupId=anonymous.777e2bc3-eb50-4b9f-8b85-f58f15efd44b] Disconnecting from node 2147483646 due to request timeout.
2026-08-29T19:23:52.911+05:30  INFO 37308 --- [bmp-booking-service] [85-f58f15efd44b] org.apache.kafka.clients.NetworkClient   : [Consumer clientId=consumer-anonymous.777e2bc3-eb50-4b9f-8b85-f58f15efd44b-2, groupId=anonymous.777e2bc3-eb50-4b9f-8b85-f58f15efd44b] Cancelled in-flight HEARTBEAT request with correlation id 51158 due to node 2147483646 being disconnected (elapsed time since creation: 4021814ms, elapsed time since send: 4021814ms, throttle time: 0ms, request timeout: 30000ms)
2026-08-29T19:23:52.927+05:30  INFO 37308 --- [bmp-booking-service] [85-f58f15efd44b] o.a.kafka.clients.FetchSessionHandler    : [Consumer clientId=consumer-anonymous.777e2bc3-eb50-4b9f-8b85-f58f15efd44b-2, groupId=anonymous.777e2bc3-eb50-4b9f-8b85-f58f15efd44b] Error sending fetch request (sessionId=1544849562, epoch=1978) to node 1:

org.apache.kafka.common.errors.DisconnectException: null

2026-08-29T19:23:53.161+05:30  INFO 37308 --- [bmp-booking-service] [85-f58f15efd44b] o.a.k.c.c.internals.ConsumerCoordinator  : [Consumer clientId=consumer-anonymous.777e2bc3-eb50-4b9f-8b85-f58f15efd44b-2, groupId=anonymous.777e2bc3-eb50-4b9f-8b85-f58f15efd44b] Group coordinator localhost:9092 (id: 2147483646 rack: null) is unavailable or invalid due to cause: null. isDisconnected: true. Rediscovery will be attempted.
2026-08-29T19:23:55.700+05:30  INFO 37308 --- [bmp-booking-service] [container-0-C-1] o.a.k.c.c.internals.ConsumerCoordinator  : [Consumer clientId=consumer-anonymous.777e2bc3-eb50-4b9f-8b85-f58f15efd44b-2, groupId=anonymous.777e2bc3-eb50-4b9f-8b85-f58f15efd44b] Discovered group coordinator localhost:9092 (id: 2147483646 rack: null)
2026-08-29T19:24:08.679+05:30  INFO 37308 --- [bmp-booking-service] [pool-2-thread-1] org.apache.kafka.clients.NetworkClient   : [Consumer clientId=consumer-anonymous.777e2bc3-eb50-4b9f-8b85-f58f15efd44b-3, groupId=anonymous.777e2bc3-eb50-4b9f-8b85-f58f15efd44b] Node 2147483646 disconnected.
2026-08-29T19:24:08.682+05:30  INFO 37308 --- [bmp-booking-service] [pool-2-thread-1] o.a.k.c.c.internals.ConsumerCoordinator  : [Consumer clientId=consumer-anonymous.777e2bc3-eb50-4b9f-8b85-f58f15efd44b-3, groupId=anonymous.777e2bc3-eb50-4b9f-8b85-f58f15efd44b] Group coordinator localhost:9092 (id: 2147483646 rack: null) is unavailable or invalid due to cause: coordinator unavailable. isDisconnected: true. Rediscovery will be attempted.
2026-08-29T19:24:08.683+05:30  INFO 37308 --- [bmp-booking-service] [pool-2-thread-1] o.a.k.c.c.internals.ConsumerCoordinator  : [Consumer clientId=consumer-anonymous.777e2bc3-eb50-4b9f-8b85-f58f15efd44b-3, groupId=anonymous.777e2bc3-eb50-4b9f-8b85-f58f15efd44b] Discovered group coordinator localhost:9092 (id: 2147483646 rack: null)
2026-08-29T19:24:08.683+05:30  INFO 37308 --- [bmp-booking-service] [pool-2-thread-1] o.a.k.c.c.internals.ConsumerCoordinator  : [Consumer clientId=consumer-anonymous.777e2bc3-eb50-4b9f-8b85-f58f15efd44b-3, groupId=anonymous.777e2bc3-eb50-4b9f-8b85-f58f15efd44b] Group coordinator localhost:9092 (id: 2147483646 rack: null) is unavailable or invalid due to cause: coordinator unavailable. isDisconnected: false. Rediscovery will be attempted.
2026-08-29T19:24:08.683+05:30  INFO 37308 --- [bmp-booking-service] [pool-2-thread-1] o.a.k.c.c.internals.ConsumerCoordinator  : [Consumer clientId=consumer-anonymous.777e2bc3-eb50-4b9f-8b85-f58f15efd44b-3, groupId=anonymous.777e2bc3-eb50-4b9f-8b85-f58f15efd44b] Requesting disconnect from last known coordinator localhost:9092 (id: 2147483646 rack: null)
2026-08-29T19:24:08.787+05:30  INFO 37308 --- [bmp-booking-service] [pool-2-thread-1] o.a.k.c.c.internals.ConsumerCoordinator  : [Consumer clientId=consumer-anonymous.777e2bc3-eb50-4b9f-8b85-f58f15efd44b-3, groupId=anonymous.777e2bc3-eb50-4b9f-8b85-f58f15efd44b] Discovered group coordinator localhost:9092 (id: 2147483646 rack: null)
2026-08-29T19:24:11.497+05:30  WARN 37308 --- [bmp-booking-service] [l-1 housekeeper] com.zaxxer.hikari.pool.HikariPool        : HikariPool-1 - Thread starvation or clock leap detected (housekeeper delta=1h7m30s602ms777µs400ns).
2026-08-29T19:24:14.231+05:30  INFO 37308 --- [bmp-booking-service] [vice-producer-1] org.apache.kafka.clients.NetworkClient   : [Producer clientId=bmp-booking-service-producer-1] Node 1 disconnected.
2026-08-29T19:27:46.509+05:30  INFO 37308 --- [bmp-booking-service] [rap-executor-%d] c.n.d.s.r.aws.ConfigClusterResolver      : Resolving eureka endpoints via configuration
2026-08-29T19:32:46.514+05:30  INFO 37308 --- [bmp-booking-service] [rap-executor-%d] c.n.d.s.r.aws.ConfigClusterResolver      : Resolving eureka endpoints via configuration
2026-08-29T19:37:46.518+05:30  INFO 37308 --- [bmp-booking-service] [rap-executor-%d] c.n.d.s.r.aws.ConfigClusterResolver      : Resolving eureka endpoints via configuration
2026-08-29T19:42:46.530+05:30  INFO 37308 --- [bmp-booking-service] [rap-executor-%d] c.n.d.s.r.aws.ConfigClusterResolver      : Resolving eureka endpoints via configuration
2026-08-29T19:47:46.534+05:30  INFO 37308 --- [bmp-booking-service] [rap-executor-%d] c.n.d.s.r.aws.ConfigClusterResolver      : Resolving eureka endpoints via configuration
2026-08-29T19:52:46.540+05:30  INFO 37308 --- [bmp-booking-service] [rap-executor-%d] c.n.d.s.r.aws.ConfigClusterResolver      : Resolving eureka endpoints via configuration
2026-08-29T19:57:46.551+05:30  INFO 37308 --- [bmp-booking-service] [rap-executor-%d] c.n.d.s.r.aws.ConfigClusterResolver      : Resolving eureka endpoints via configuration
2026-08-29T19:58:29.919+05:30  WARN 37308 --- [bmp-booking-service] [   scheduling-1] com.zaxxer.hikari.pool.PoolBase          : HikariPool-1 - Failed to validate connection org.postgresql.jdbc.PgConnection@2ab9bbbd (This connection has been closed.). Possibly consider using a shorter maxLifetime value.
2026-08-29T20:03:00.705+05:30  INFO 37308 --- [bmp-booking-service] [container-0-C-1] org.apache.kafka.clients.NetworkClient   : [Consumer clientId=consumer-anonymous.777e2bc3-eb50-4b9f-8b85-f58f15efd44b-2, groupId=anonymous.777e2bc3-eb50-4b9f-8b85-f58f15efd44b] Disconnecting from node 1 due to request timeout.
2026-08-29T20:03:00.780+05:30  INFO 37308 --- [bmp-booking-service] [container-0-C-1] org.apache.kafka.clients.NetworkClient   : [Consumer clientId=consumer-anonymous.777e2bc3-eb50-4b9f-8b85-f58f15efd44b-2, groupId=anonymous.777e2bc3-eb50-4b9f-8b85-f58f15efd44b] Cancelled in-flight FETCH request with correlation id 55955 due to node 1 being disconnected (elapsed time since creation: 276782ms, elapsed time since send: 276782ms, throttle time: 0ms, request timeout: 30000ms)
2026-08-29T20:03:00.804+05:30  INFO 37308 --- [bmp-booking-service] [container-0-C-1] org.apache.kafka.clients.NetworkClient   : [Consumer clientId=consumer-anonymous.777e2bc3-eb50-4b9f-8b85-f58f15efd44b-2, groupId=anonymous.777e2bc3-eb50-4b9f-8b85-f58f15efd44b] Disconnecting from node 2147483646 due to request timeout.
2026-08-29T20:03:00.805+05:30  INFO 37308 --- [bmp-booking-service] [container-0-C-1] org.apache.kafka.clients.NetworkClient   : [Consumer clientId=consumer-anonymous.777e2bc3-eb50-4b9f-8b85-f58f15efd44b-2, groupId=anonymous.777e2bc3-eb50-4b9f-8b85-f58f15efd44b] Cancelled in-flight HEARTBEAT request with correlation id 55956 due to node 2147483646 being disconnected (elapsed time since creation: 276490ms, elapsed time since send: 276490ms, throttle time: 0ms, request timeout: 30000ms)
2026-08-29T20:03:00.805+05:30  INFO 37308 --- [bmp-booking-service] [container-0-C-1] org.apache.kafka.clients.NetworkClient   : [Consumer clientId=consumer-anonymous.777e2bc3-eb50-4b9f-8b85-f58f15efd44b-2, groupId=anonymous.777e2bc3-eb50-4b9f-8b85-f58f15efd44b] Cancelled in-flight HEARTBEAT request with correlation id 55957 due to node 2147483646 being disconnected (elapsed time since creation: 273477ms, elapsed time since send: 273477ms, throttle time: 0ms, request timeout: 30000ms)
2026-08-29T20:03:00.805+05:30  INFO 37308 --- [bmp-booking-service] [container-0-C-1] org.apache.kafka.clients.NetworkClient   : [Consumer clientId=consumer-anonymous.777e2bc3-eb50-4b9f-8b85-f58f15efd44b-2, groupId=anonymous.777e2bc3-eb50-4b9f-8b85-f58f15efd44b] Cancelled in-flight HEARTBEAT request with correlation id 55958 due to node 2147483646 being disconnected (elapsed time since creation: 270464ms, elapsed time since send: 270464ms, throttle time: 0ms, request timeout: 30000ms)
2026-08-29T20:03:00.806+05:30  INFO 37308 --- [bmp-booking-service] [container-0-C-1] org.apache.kafka.clients.NetworkClient   : [Consumer clientId=consumer-anonymous.777e2bc3-eb50-4b9f-8b85-f58f15efd44b-2, groupId=anonymous.777e2bc3-eb50-4b9f-8b85-f58f15efd44b] Cancelled in-flight HEARTBEAT request with correlation id 55959 due to node 2147483646 being disconnected (elapsed time since creation: 267452ms, elapsed time since send: 267452ms, throttle time: 0ms, request timeout: 30000ms)
2026-08-29T20:03:00.809+05:30  INFO 37308 --- [bmp-booking-service] [85-f58f15efd44b] o.a.k.c.c.internals.ConsumerCoordinator  : [Consumer clientId=consumer-anonymous.777e2bc3-eb50-4b9f-8b85-f58f15efd44b-2, groupId=anonymous.777e2bc3-eb50-4b9f-8b85-f58f15efd44b] Group coordinator localhost:9092 (id: 2147483646 rack: null) is unavailable or invalid due to cause: null. isDisconnected: true. Rediscovery will be attempted.
2026-08-29T20:03:00.823+05:30  INFO 37308 --- [bmp-booking-service] [container-0-C-1] o.a.kafka.clients.FetchSessionHandler    : [Consumer clientId=consumer-anonymous.777e2bc3-eb50-4b9f-8b85-f58f15efd44b-2, groupId=anonymous.777e2bc3-eb50-4b9f-8b85-f58f15efd44b] Error sending fetch request (sessionId=1583761434, epoch=4090) to node 1:

org.apache.kafka.common.errors.DisconnectException: null

2026-08-29T20:03:01.501+05:30  WARN 37308 --- [bmp-booking-service] [nio-8084-exec-5] o.s.b.a.health.HealthEndpointSupport     : Health contributor org.springframework.cloud.stream.binder.kafka.KafkaBinderHealthIndicator (binders/kafka) took 273191ms to respond
2026-08-29T20:03:03.159+05:30  INFO 37308 --- [bmp-booking-service] [container-0-C-1] o.a.k.c.c.internals.ConsumerCoordinator  : [Consumer clientId=consumer-anonymous.777e2bc3-eb50-4b9f-8b85-f58f15efd44b-2, groupId=anonymous.777e2bc3-eb50-4b9f-8b85-f58f15efd44b] Discovered group coordinator localhost:9092 (id: 2147483646 rack: null)
2026-08-29T20:03:06.496+05:30  WARN 37308 --- [bmp-booking-service] [l-1 housekeeper] com.zaxxer.hikari.pool.HikariPool        : HikariPool-1 - Thread starvation or clock leap detected (housekeeper delta=4m54s582ms214µs800ns).
2026-08-29T20:07:11.006+05:30  INFO 37308 --- [bmp-booking-service] [rap-executor-%d] c.n.d.s.r.aws.ConfigClusterResolver      : Resolving eureka endpoints via configuration
2026-08-29T20:12:11.035+05:30  INFO 37308 --- [bmp-booking-service] [rap-executor-%d] c.n.d.s.r.aws.ConfigClusterResolver      : Resolving eureka endpoints via configuration
2026-08-29T20:17:11.051+05:30  INFO 37308 --- [bmp-booking-service] [rap-executor-%d] c.n.d.s.r.aws.ConfigClusterResolver      : Resolving eureka endpoints via configuration
2026-08-29T20:22:11.061+05:30  INFO 37308 --- [bmp-booking-service] [rap-executor-%d] c.n.d.s.r.aws.ConfigClusterResolver      : Resolving eureka endpoints via configuration
2026-08-29T20:27:11.074+05:30  INFO 37308 --- [bmp-booking-service] [rap-executor-%d] c.n.d.s.r.aws.ConfigClusterResolver      : Resolving eureka endpoints via configuration
2026-08-29T20:32:11.094+05:30  INFO 37308 --- [bmp-booking-service] [rap-executor-%d] c.n.d.s.r.aws.ConfigClusterResolver      : Resolving eureka endpoints via configuration
2026-08-29T20:37:11.102+05:30  INFO 37308 --- [bmp-booking-service] [rap-executor-%d] c.n.d.s.r.aws.ConfigClusterResolver      : Resolving eureka endpoints via configuration
2026-08-29T20:40:14.120+05:30  WARN 37308 --- [bmp-booking-service] [   scheduling-1] com.zaxxer.hikari.pool.PoolBase          : HikariPool-1 - Failed to validate connection org.postgresql.jdbc.PgConnection@447d3333 (This connection has been closed.). Possibly consider using a shorter maxLifetime value.
2026-08-29T20:49:18.860+05:30  INFO 37308 --- [bmp-booking-service] [85-f58f15efd44b] org.apache.kafka.clients.NetworkClient   : [Consumer clientId=consumer-anonymous.777e2bc3-eb50-4b9f-8b85-f58f15efd44b-2, groupId=anonymous.777e2bc3-eb50-4b9f-8b85-f58f15efd44b] Node 1 disconnected.
2026-08-29T20:49:18.871+05:30  INFO 37308 --- [bmp-booking-service] [85-f58f15efd44b] org.apache.kafka.clients.NetworkClient   : [Consumer clientId=consumer-anonymous.777e2bc3-eb50-4b9f-8b85-f58f15efd44b-2, groupId=anonymous.777e2bc3-eb50-4b9f-8b85-f58f15efd44b] Cancelled in-flight FETCH request with correlation id 61117 due to node 1 being disconnected (elapsed time since creation: 551207ms, elapsed time since send: 551207ms, throttle time: 0ms, request timeout: 30000ms)
2026-08-29T20:49:18.918+05:30  INFO 37308 --- [bmp-booking-service] [85-f58f15efd44b] org.apache.kafka.clients.NetworkClient   : [Consumer clientId=consumer-anonymous.777e2bc3-eb50-4b9f-8b85-f58f15efd44b-2, groupId=anonymous.777e2bc3-eb50-4b9f-8b85-f58f15efd44b] Disconnecting from node 2147483646 due to request timeout.
2026-08-29T20:49:18.918+05:30  INFO 37308 --- [bmp-booking-service] [85-f58f15efd44b] org.apache.kafka.clients.NetworkClient   : [Consumer clientId=consumer-anonymous.777e2bc3-eb50-4b9f-8b85-f58f15efd44b-2, groupId=anonymous.777e2bc3-eb50-4b9f-8b85-f58f15efd44b] Cancelled in-flight HEARTBEAT request with correlation id 61118 due to node 2147483646 being disconnected (elapsed time since creation: 549272ms, elapsed time since send: 549272ms, throttle time: 0ms, request timeout: 30000ms)
2026-08-29T20:49:18.918+05:30  INFO 37308 --- [bmp-booking-service] [85-f58f15efd44b] org.apache.kafka.clients.NetworkClient   : [Consumer clientId=consumer-anonymous.777e2bc3-eb50-4b9f-8b85-f58f15efd44b-2, groupId=anonymous.777e2bc3-eb50-4b9f-8b85-f58f15efd44b] Cancelled in-flight HEARTBEAT request with correlation id 61119 due to node 2147483646 being disconnected (elapsed time since creation: 546268ms, elapsed time since send: 546268ms, throttle time: 0ms, request timeout: 30000ms)
2026-08-29T20:49:18.918+05:30  INFO 37308 --- [bmp-booking-service] [85-f58f15efd44b] org.apache.kafka.clients.NetworkClient   : [Consumer clientId=consumer-anonymous.777e2bc3-eb50-4b9f-8b85-f58f15efd44b-2, groupId=anonymous.777e2bc3-eb50-4b9f-8b85-f58f15efd44b] Cancelled in-flight HEARTBEAT request with correlation id 61120 due to node 2147483646 being disconnected (elapsed time since creation: 543257ms, elapsed time since send: 543257ms, throttle time: 0ms, request timeout: 30000ms)
2026-08-29T20:49:18.919+05:30  INFO 37308 --- [bmp-booking-service] [85-f58f15efd44b] org.apache.kafka.clients.NetworkClient   : [Consumer clientId=consumer-anonymous.777e2bc3-eb50-4b9f-8b85-f58f15efd44b-2, groupId=anonymous.777e2bc3-eb50-4b9f-8b85-f58f15efd44b] Cancelled in-flight HEARTBEAT request with correlation id 61121 due to node 2147483646 being disconnected (elapsed time since creation: 540256ms, elapsed time since send: 540256ms, throttle time: 0ms, request timeout: 30000ms)
2026-08-29T20:49:18.920+05:30  INFO 37308 --- [bmp-booking-service] [85-f58f15efd44b] o.a.kafka.clients.FetchSessionHandler    : [Consumer clientId=consumer-anonymous.777e2bc3-eb50-4b9f-8b85-f58f15efd44b-2, groupId=anonymous.777e2bc3-eb50-4b9f-8b85-f58f15efd44b] Error sending fetch request (sessionId=1366481752, epoch=4398) to node 1:

org.apache.kafka.common.errors.DisconnectException: null

2026-08-29T20:49:19.037+05:30  INFO 37308 --- [bmp-booking-service] [85-f58f15efd44b] o.a.k.c.c.internals.ConsumerCoordinator  : [Consumer clientId=consumer-anonymous.777e2bc3-eb50-4b9f-8b85-f58f15efd44b-2, groupId=anonymous.777e2bc3-eb50-4b9f-8b85-f58f15efd44b] Group coordinator localhost:9092 (id: 2147483646 rack: null) is unavailable or invalid due to cause: null. isDisconnected: true. Rediscovery will be attempted.
2026-08-29T20:49:19.939+05:30  INFO 37308 --- [bmp-booking-service] [container-0-C-1] o.a.k.c.c.internals.ConsumerCoordinator  : [Consumer clientId=consumer-anonymous.777e2bc3-eb50-4b9f-8b85-f58f15efd44b-2, groupId=anonymous.777e2bc3-eb50-4b9f-8b85-f58f15efd44b] Discovered group coordinator localhost:9092 (id: 2147483646 rack: null)
2026-08-29T20:49:31.971+05:30  INFO 37308 --- [bmp-booking-service] [pool-2-thread-1] org.apache.kafka.clients.NetworkClient   : [Consumer clientId=consumer-anonymous.777e2bc3-eb50-4b9f-8b85-f58f15efd44b-3, groupId=anonymous.777e2bc3-eb50-4b9f-8b85-f58f15efd44b] Node 2147483646 disconnected.
2026-08-29T20:49:31.976+05:30  INFO 37308 --- [bmp-booking-service] [pool-2-thread-1] o.a.k.c.c.internals.ConsumerCoordinator  : [Consumer clientId=consumer-anonymous.777e2bc3-eb50-4b9f-8b85-f58f15efd44b-3, groupId=anonymous.777e2bc3-eb50-4b9f-8b85-f58f15efd44b] Group coordinator localhost:9092 (id: 2147483646 rack: null) is unavailable or invalid due to cause: coordinator unavailable. isDisconnected: true. Rediscovery will be attempted.
2026-08-29T20:49:31.986+05:30  INFO 37308 --- [bmp-booking-service] [pool-2-thread-1] o.a.k.c.c.internals.ConsumerCoordinator  : [Consumer clientId=consumer-anonymous.777e2bc3-eb50-4b9f-8b85-f58f15efd44b-3, groupId=anonymous.777e2bc3-eb50-4b9f-8b85-f58f15efd44b] Discovered group coordinator localhost:9092 (id: 2147483646 rack: null)
2026-08-29T20:49:31.987+05:30  INFO 37308 --- [bmp-booking-service] [pool-2-thread-1] o.a.k.c.c.internals.ConsumerCoordinator  : [Consumer clientId=consumer-anonymous.777e2bc3-eb50-4b9f-8b85-f58f15efd44b-3, groupId=anonymous.777e2bc3-eb50-4b9f-8b85-f58f15efd44b] Group coordinator localhost:9092 (id: 2147483646 rack: null) is unavailable or invalid due to cause: coordinator unavailable. isDisconnected: false. Rediscovery will be attempted.
2026-08-29T20:49:31.987+05:30  INFO 37308 --- [bmp-booking-service] [pool-2-thread-1] o.a.k.c.c.internals.ConsumerCoordinator  : [Consumer clientId=consumer-anonymous.777e2bc3-eb50-4b9f-8b85-f58f15efd44b-3, groupId=anonymous.777e2bc3-eb50-4b9f-8b85-f58f15efd44b] Requesting disconnect from last known coordinator localhost:9092 (id: 2147483646 rack: null)
2026-08-29T20:49:32.097+05:30  INFO 37308 --- [bmp-booking-service] [pool-2-thread-1] o.a.k.c.c.internals.ConsumerCoordinator  : [Consumer clientId=consumer-anonymous.777e2bc3-eb50-4b9f-8b85-f58f15efd44b-3, groupId=anonymous.777e2bc3-eb50-4b9f-8b85-f58f15efd44b] Discovered group coordinator localhost:9092 (id: 2147483646 rack: null)
2026-08-29T20:49:34.623+05:30  WARN 37308 --- [bmp-booking-service] [l-1 housekeeper] com.zaxxer.hikari.pool.HikariPool        : HikariPool-1 - Thread starvation or clock leap detected (housekeeper delta=9m27s568ms210µs400ns).
2026-08-29T20:49:36.526+05:30  INFO 37308 --- [bmp-booking-service] [vice-producer-1] org.apache.kafka.clients.NetworkClient   : [Producer clientId=bmp-booking-service-producer-1] Node 1 disconnected.
2026-08-29T20:51:08.526+05:30  INFO 37308 --- [bmp-booking-service] [rap-executor-%d] c.n.d.s.r.aws.ConfigClusterResolver      : Resolving eureka endpoints via configuration
2026-08-29T20:56:08.539+05:30  INFO 37308 --- [bmp-booking-service] [rap-executor-%d] c.n.d.s.r.aws.ConfigClusterResolver      : Resolving eureka endpoints via configuration
2026-08-29T21:00:52.941+05:30  WARN 37308 --- [bmp-booking-service] [   scheduling-1] com.zaxxer.hikari.pool.PoolBase          : HikariPool-1 - Failed to validate connection org.postgresql.jdbc.PgConnection@27947297 (This connection has been closed.). Possibly consider using a shorter maxLifetime value.
2026-08-29T21:23:27.021+05:30  INFO 37308 --- [bmp-booking-service] [85-f58f15efd44b] org.apache.kafka.clients.NetworkClient   : [Consumer clientId=consumer-anonymous.777e2bc3-eb50-4b9f-8b85-f58f15efd44b-2, groupId=anonymous.777e2bc3-eb50-4b9f-8b85-f58f15efd44b] Node 1 disconnected.
2026-08-29T21:23:27.025+05:30  INFO 37308 --- [bmp-booking-service] [85-f58f15efd44b] org.apache.kafka.clients.NetworkClient   : [Consumer clientId=consumer-anonymous.777e2bc3-eb50-4b9f-8b85-f58f15efd44b-2, groupId=anonymous.777e2bc3-eb50-4b9f-8b85-f58f15efd44b] Cancelled in-flight FETCH request with correlation id 62718 due to node 1 being disconnected (elapsed time since creation: 1359975ms, elapsed time since send: 1359975ms, throttle time: 0ms, request timeout: 30000ms)
2026-08-29T21:23:27.025+05:30  INFO 37308 --- [bmp-booking-service] [85-f58f15efd44b] org.apache.kafka.clients.NetworkClient   : [Consumer clientId=consumer-anonymous.777e2bc3-eb50-4b9f-8b85-f58f15efd44b-2, groupId=anonymous.777e2bc3-eb50-4b9f-8b85-f58f15efd44b] Cancelled in-flight METADATA request with correlation id 62723 due to node 1 being disconnected (elapsed time since creation: 1231ms, elapsed time since send: 1231ms, throttle time: 0ms, request timeout: 30000ms)
2026-08-29T21:23:27.144+05:30  INFO 37308 --- [bmp-booking-service] [85-f58f15efd44b] org.apache.kafka.clients.NetworkClient   : [Consumer clientId=consumer-anonymous.777e2bc3-eb50-4b9f-8b85-f58f15efd44b-2, groupId=anonymous.777e2bc3-eb50-4b9f-8b85-f58f15efd44b] Disconnecting from node 2147483646 due to request timeout.
2026-08-29T21:23:27.144+05:30  INFO 37308 --- [bmp-booking-service] [85-f58f15efd44b] org.apache.kafka.clients.NetworkClient   : [Consumer clientId=consumer-anonymous.777e2bc3-eb50-4b9f-8b85-f58f15efd44b-2, groupId=anonymous.777e2bc3-eb50-4b9f-8b85-f58f15efd44b] Cancelled in-flight HEARTBEAT request with correlation id 62719 due to node 2147483646 being disconnected (elapsed time since creation: 1357892ms, elapsed time since send: 1357892ms, throttle time: 0ms, request timeout: 30000ms)
2026-08-29T21:23:27.144+05:30  INFO 37308 --- [bmp-booking-service] [85-f58f15efd44b] org.apache.kafka.clients.NetworkClient   : [Consumer clientId=consumer-anonymous.777e2bc3-eb50-4b9f-8b85-f58f15efd44b-2, groupId=anonymous.777e2bc3-eb50-4b9f-8b85-f58f15efd44b] Cancelled in-flight HEARTBEAT request with correlation id 62720 due to node 2147483646 being disconnected (elapsed time since creation: 1354880ms, elapsed time since send: 1354880ms, throttle time: 0ms, request timeout: 30000ms)
2026-08-29T21:23:27.144+05:30  INFO 37308 --- [bmp-booking-service] [85-f58f15efd44b] org.apache.kafka.clients.NetworkClient   : [Consumer clientId=consumer-anonymous.777e2bc3-eb50-4b9f-8b85-f58f15efd44b-2, groupId=anonymous.777e2bc3-eb50-4b9f-8b85-f58f15efd44b] Cancelled in-flight HEARTBEAT request with correlation id 62721 due to node 2147483646 being disconnected (elapsed time since creation: 1351864ms, elapsed time since send: 1351864ms, throttle time: 0ms, request timeout: 30000ms)
2026-08-29T21:23:27.144+05:30  INFO 37308 --- [bmp-booking-service] [85-f58f15efd44b] org.apache.kafka.clients.NetworkClient   : [Consumer clientId=consumer-anonymous.777e2bc3-eb50-4b9f-8b85-f58f15efd44b-2, groupId=anonymous.777e2bc3-eb50-4b9f-8b85-f58f15efd44b] Cancelled in-flight HEARTBEAT request with correlation id 62722 due to node 2147483646 being disconnected (elapsed time since creation: 1348863ms, elapsed time since send: 1348863ms, throttle time: 0ms, request timeout: 30000ms)
2026-08-29T21:23:27.146+05:30  INFO 37308 --- [bmp-booking-service] [85-f58f15efd44b] o.a.kafka.clients.FetchSessionHandler    : [Consumer clientId=consumer-anonymous.777e2bc3-eb50-4b9f-8b85-f58f15efd44b-2, groupId=anonymous.777e2bc3-eb50-4b9f-8b85-f58f15efd44b] Error sending fetch request (sessionId=204081014, epoch=1357) to node 1:

org.apache.kafka.common.errors.DisconnectException: null

2026-08-29T21:23:27.238+05:30  INFO 37308 --- [bmp-booking-service] [85-f58f15efd44b] o.a.k.c.c.internals.ConsumerCoordinator  : [Consumer clientId=consumer-anonymous.777e2bc3-eb50-4b9f-8b85-f58f15efd44b-2, groupId=anonymous.777e2bc3-eb50-4b9f-8b85-f58f15efd44b] Group coordinator localhost:9092 (id: 2147483646 rack: null) is unavailable or invalid due to cause: null. isDisconnected: true. Rediscovery will be attempted.
2026-08-29T21:23:28.248+05:30  INFO 37308 --- [bmp-booking-service] [container-0-C-1] o.a.k.c.c.internals.ConsumerCoordinator  : [Consumer clientId=consumer-anonymous.777e2bc3-eb50-4b9f-8b85-f58f15efd44b-2, groupId=anonymous.777e2bc3-eb50-4b9f-8b85-f58f15efd44b] Discovered group coordinator localhost:9092 (id: 2147483646 rack: null)
2026-08-29T21:23:31.811+05:30  WARN 37308 --- [bmp-booking-service] [l-1 housekeeper] com.zaxxer.hikari.pool.HikariPool        : HikariPool-1 - Thread starvation or clock leap detected (housekeeper delta=22m57s118ms339µs900ns).
2026-08-29T21:23:33.678+05:30  INFO 37308 --- [bmp-booking-service] [vice-producer-1] org.apache.kafka.clients.NetworkClient   : [Producer clientId=bmp-booking-service-producer-1] Node 1 disconnected.
2026-08-29T21:23:35.508+05:30  INFO 37308 --- [bmp-booking-service] [rap-executor-%d] c.n.d.s.r.aws.ConfigClusterResolver      : Resolving eureka endpoints via configuration
2026-08-29T21:23:59.307+05:30  INFO 37308 --- [bmp-booking-service] [pool-2-thread-1] org.apache.kafka.clients.NetworkClient   : [Consumer clientId=consumer-anonymous.777e2bc3-eb50-4b9f-8b85-f58f15efd44b-3, groupId=anonymous.777e2bc3-eb50-4b9f-8b85-f58f15efd44b] Node 2147483646 disconnected.
2026-08-29T21:23:59.310+05:30  INFO 37308 --- [bmp-booking-service] [pool-2-thread-1] o.a.k.c.c.internals.ConsumerCoordinator  : [Consumer clientId=consumer-anonymous.777e2bc3-eb50-4b9f-8b85-f58f15efd44b-3, groupId=anonymous.777e2bc3-eb50-4b9f-8b85-f58f15efd44b] Group coordinator localhost:9092 (id: 2147483646 rack: null) is unavailable or invalid due to cause: coordinator unavailable. isDisconnected: true. Rediscovery will be attempted.
2026-08-29T21:23:59.313+05:30  INFO 37308 --- [bmp-booking-service] [pool-2-thread-1] o.a.k.c.c.internals.ConsumerCoordinator  : [Consumer clientId=consumer-anonymous.777e2bc3-eb50-4b9f-8b85-f58f15efd44b-3, groupId=anonymous.777e2bc3-eb50-4b9f-8b85-f58f15efd44b] Discovered group coordinator localhost:9092 (id: 2147483646 rack: null)
2026-08-29T21:23:59.313+05:30  INFO 37308 --- [bmp-booking-service] [pool-2-thread-1] o.a.k.c.c.internals.ConsumerCoordinator  : [Consumer clientId=consumer-anonymous.777e2bc3-eb50-4b9f-8b85-f58f15efd44b-3, groupId=anonymous.777e2bc3-eb50-4b9f-8b85-f58f15efd44b] Group coordinator localhost:9092 (id: 2147483646 rack: null) is unavailable or invalid due to cause: coordinator unavailable. isDisconnected: false. Rediscovery will be attempted.
2026-08-29T21:23:59.313+05:30  INFO 37308 --- [bmp-booking-service] [pool-2-thread-1] o.a.k.c.c.internals.ConsumerCoordinator  : [Consumer clientId=consumer-anonymous.777e2bc3-eb50-4b9f-8b85-f58f15efd44b-3, groupId=anonymous.777e2bc3-eb50-4b9f-8b85-f58f15efd44b] Requesting disconnect from last known coordinator localhost:9092 (id: 2147483646 rack: null)
2026-08-29T21:23:59.402+05:30  INFO 37308 --- [bmp-booking-service] [pool-2-thread-1] o.a.k.c.c.internals.ConsumerCoordinator  : [Consumer clientId=consumer-anonymous.777e2bc3-eb50-4b9f-8b85-f58f15efd44b-3, groupId=anonymous.777e2bc3-eb50-4b9f-8b85-f58f15efd44b] Discovered group coordinator localhost:9092 (id: 2147483646 rack: null)
2026-08-29T21:28:35.525+05:30  INFO 37308 --- [bmp-booking-service] [rap-executor-%d] c.n.d.s.r.aws.ConfigClusterResolver      : Resolving eureka endpoints via configuration
2026-08-29T21:33:35.536+05:30  INFO 37308 --- [bmp-booking-service] [rap-executor-%d] c.n.d.s.r.aws.ConfigClusterResolver      : Resolving eureka endpoints via configuration
2026-08-29T21:38:35.564+05:30  INFO 37308 --- [bmp-booking-service] [rap-executor-%d] c.n.d.s.r.aws.ConfigClusterResolver      : Resolving eureka endpoints via configuration
2026-08-29T21:43:35.578+05:30  INFO 37308 --- [bmp-booking-service] [rap-executor-%d] c.n.d.s.r.aws.ConfigClusterResolver      : Resolving eureka endpoints via configuration
2026-08-29T21:48:35.579+05:30  INFO 37308 --- [bmp-booking-service] [rap-executor-%d] c.n.d.s.r.aws.ConfigClusterResolver      : Resolving eureka endpoints via configuration
2026-08-29T21:53:35.591+05:30  INFO 37308 --- [bmp-booking-service] [rap-executor-%d] c.n.d.s.r.aws.ConfigClusterResolver      : Resolving eureka endpoints via configuration
2026-08-29T21:58:35.604+05:30  INFO 37308 --- [bmp-booking-service] [rap-executor-%d] c.n.d.s.r.aws.ConfigClusterResolver      : Resolving eureka endpoints via configuration
2026-08-29T22:03:35.614+05:30  INFO 37308 --- [bmp-booking-service] [rap-executor-%d] c.n.d.s.r.aws.ConfigClusterResolver      : Resolving eureka endpoints via configuration
2026-08-29T22:08:35.619+05:30  INFO 37308 --- [bmp-booking-service] [rap-executor-%d] c.n.d.s.r.aws.ConfigClusterResolver      : Resolving eureka endpoints via configuration
2026-08-29T22:13:35.636+05:30  INFO 37308 --- [bmp-booking-service] [rap-executor-%d] c.n.d.s.r.aws.ConfigClusterResolver      : Resolving eureka endpoints via configuration
2026-08-29T22:18:35.643+05:30  INFO 37308 --- [bmp-booking-service] [rap-executor-%d] c.n.d.s.r.aws.ConfigClusterResolver      : Resolving eureka endpoints via configuration
2026-08-29T22:23:35.658+05:30  INFO 37308 --- [bmp-booking-service] [rap-executor-%d] c.n.d.s.r.aws.ConfigClusterResolver      : Resolving eureka endpoints via configuration
2026-08-29T22:28:35.670+05:30  INFO 37308 --- [bmp-booking-service] [rap-executor-%d] c.n.d.s.r.aws.ConfigClusterResolver      : Resolving eureka endpoints via configuration
2026-08-29T22:33:35.683+05:30  INFO 37308 --- [bmp-booking-service] [rap-executor-%d] c.n.d.s.r.aws.ConfigClusterResolver      : Resolving eureka endpoints via configuration
2026-08-29T22:38:35.689+05:30  INFO 37308 --- [bmp-booking-service] [rap-executor-%d] c.n.d.s.r.aws.ConfigClusterResolver      : Resolving eureka endpoints via configuration
2026-08-29T22:43:35.696+05:30  INFO 37308 --- [bmp-booking-service] [rap-executor-%d] c.n.d.s.r.aws.ConfigClusterResolver      : Resolving eureka endpoints via configuration
2026-08-29T22:48:35.704+05:30  INFO 37308 --- [bmp-booking-service] [rap-executor-%d] c.n.d.s.r.aws.ConfigClusterResolver      : Resolving eureka endpoints via configuration
2026-08-29T22:53:35.713+05:30  INFO 37308 --- [bmp-booking-service] [rap-executor-%d] c.n.d.s.r.aws.ConfigClusterResolver      : Resolving eureka endpoints via configuration
2026-08-29T22:58:35.720+05:30  INFO 37308 --- [bmp-booking-service] [rap-executor-%d] c.n.d.s.r.aws.ConfigClusterResolver      : Resolving eureka endpoints via configuration
2026-08-29T23:03:35.730+05:30  INFO 37308 --- [bmp-booking-service] [rap-executor-%d] c.n.d.s.r.aws.ConfigClusterResolver      : Resolving eureka endpoints via configuration
2026-08-29T23:08:35.734+05:30  INFO 37308 --- [bmp-booking-service] [rap-executor-%d] c.n.d.s.r.aws.ConfigClusterResolver      : Resolving eureka endpoints via configuration
2026-08-29T23:13:35.740+05:30  INFO 37308 --- [bmp-booking-service] [rap-executor-%d] c.n.d.s.r.aws.ConfigClusterResolver      : Resolving eureka endpoints via configuration
2026-08-29T23:18:35.742+05:30  INFO 37308 --- [bmp-booking-service] [rap-executor-%d] c.n.d.s.r.aws.ConfigClusterResolver      : Resolving eureka endpoints via configuration
2026-08-29T23:23:35.758+05:30  INFO 37308 --- [bmp-booking-service] [rap-executor-%d] c.n.d.s.r.aws.ConfigClusterResolver      : Resolving eureka endpoints via configuration
2026-08-29T23:28:35.765+05:30  INFO 37308 --- [bmp-booking-service] [rap-executor-%d] c.n.d.s.r.aws.ConfigClusterResolver      : Resolving eureka endpoints via configuration
2026-08-29T23:33:35.769+05:30  INFO 37308 --- [bmp-booking-service] [rap-executor-%d] c.n.d.s.r.aws.ConfigClusterResolver      : Resolving eureka endpoints via configuration
2026-08-29T23:38:35.774+05:30  INFO 37308 --- [bmp-booking-service] [rap-executor-%d] c.n.d.s.r.aws.ConfigClusterResolver      : Resolving eureka endpoints via configuration
2026-08-29T23:43:35.791+05:30  INFO 37308 --- [bmp-booking-service] [rap-executor-%d] c.n.d.s.r.aws.ConfigClusterResolver      : Resolving eureka endpoints via configuration
2026-08-29T23:48:35.799+05:30  INFO 37308 --- [bmp-booking-service] [rap-executor-%d] c.n.d.s.r.aws.ConfigClusterResolver      : Resolving eureka endpoints via configuration
2026-08-30T00:04:37.665+05:30  INFO 37308 --- [bmp-booking-service] [container-0-C-1] org.apache.kafka.clients.NetworkClient   : [Consumer clientId=consumer-anonymous.777e2bc3-eb50-4b9f-8b85-f58f15efd44b-2, groupId=anonymous.777e2bc3-eb50-4b9f-8b85-f58f15efd44b] Node 2147483646 disconnected.
2026-08-30T00:04:37.676+05:30  INFO 37308 --- [bmp-booking-service] [container-0-C-1] org.apache.kafka.clients.NetworkClient   : [Consumer clientId=consumer-anonymous.777e2bc3-eb50-4b9f-8b85-f58f15efd44b-2, groupId=anonymous.777e2bc3-eb50-4b9f-8b85-f58f15efd44b] Disconnecting from node 1 due to request timeout.
2026-08-30T00:04:37.677+05:30  INFO 37308 --- [bmp-booking-service] [container-0-C-1] org.apache.kafka.clients.NetworkClient   : [Consumer clientId=consumer-anonymous.777e2bc3-eb50-4b9f-8b85-f58f15efd44b-2, groupId=anonymous.777e2bc3-eb50-4b9f-8b85-f58f15efd44b] Cancelled in-flight FETCH request with correlation id 83195 due to node 1 being disconnected (elapsed time since creation: 826655ms, elapsed time since send: 826655ms, throttle time: 0ms, request timeout: 30000ms)
2026-08-30T00:04:37.679+05:30  INFO 37308 --- [bmp-booking-service] [container-0-C-1] o.a.kafka.clients.FetchSessionHandler    : [Consumer clientId=consumer-anonymous.777e2bc3-eb50-4b9f-8b85-f58f15efd44b-2, groupId=anonymous.777e2bc3-eb50-4b9f-8b85-f58f15efd44b] Error sending fetch request (sessionId=1637169536, epoch=17467) to node 1:

org.apache.kafka.common.errors.DisconnectException: null

2026-08-30T00:04:37.845+05:30  INFO 37308 --- [bmp-booking-service] [85-f58f15efd44b] o.a.k.c.c.internals.ConsumerCoordinator  : [Consumer clientId=consumer-anonymous.777e2bc3-eb50-4b9f-8b85-f58f15efd44b-2, groupId=anonymous.777e2bc3-eb50-4b9f-8b85-f58f15efd44b] Group coordinator localhost:9092 (id: 2147483646 rack: null) is unavailable or invalid due to cause: session timed out without receiving a heartbeat response. isDisconnected: false. Rediscovery will be attempted.
2026-08-30T00:04:37.845+05:30  INFO 37308 --- [bmp-booking-service] [85-f58f15efd44b] o.a.k.c.c.internals.ConsumerCoordinator  : [Consumer clientId=consumer-anonymous.777e2bc3-eb50-4b9f-8b85-f58f15efd44b-2, groupId=anonymous.777e2bc3-eb50-4b9f-8b85-f58f15efd44b] Requesting disconnect from last known coordinator localhost:9092 (id: 2147483646 rack: null)
2026-08-30T00:04:40.710+05:30  INFO 37308 --- [bmp-booking-service] [container-0-C-1] o.a.k.c.c.internals.ConsumerCoordinator  : [Consumer clientId=consumer-anonymous.777e2bc3-eb50-4b9f-8b85-f58f15efd44b-2, groupId=anonymous.777e2bc3-eb50-4b9f-8b85-f58f15efd44b] Discovered group coordinator localhost:9092 (id: 2147483646 rack: null)
2026-08-30T00:04:45.271+05:30  INFO 37308 --- [bmp-booking-service] [pool-2-thread-1] org.apache.kafka.clients.NetworkClient   : [Consumer clientId=consumer-anonymous.777e2bc3-eb50-4b9f-8b85-f58f15efd44b-3, groupId=anonymous.777e2bc3-eb50-4b9f-8b85-f58f15efd44b] Node 2147483646 disconnected.
2026-08-30T00:04:46.761+05:30  INFO 37308 --- [bmp-booking-service] [vice-producer-1] org.apache.kafka.clients.NetworkClient   : [Producer clientId=bmp-booking-service-producer-1] Node 1 disconnected.
2026-08-30T00:04:46.979+05:30  WARN 37308 --- [bmp-booking-service] [l-1 housekeeper] com.zaxxer.hikari.pool.HikariPool        : HikariPool-1 - Thread starvation or clock leap detected (housekeeper delta=14m13s700ms78µs99ns).
2026-08-30T00:07:18.295+05:30  INFO 37308 --- [bmp-booking-service] [rap-executor-%d] c.n.d.s.r.aws.ConfigClusterResolver      : Resolving eureka endpoints via configuration
2026-08-30T00:12:18.310+05:30  INFO 37308 --- [bmp-booking-service] [rap-executor-%d] c.n.d.s.r.aws.ConfigClusterResolver      : Resolving eureka endpoints via configuration
2026-08-30T00:17:18.324+05:30  INFO 37308 --- [bmp-booking-service] [rap-executor-%d] c.n.d.s.r.aws.ConfigClusterResolver      : Resolving eureka endpoints via configuration
2026-08-30T00:22:42.121+05:30  WARN 37308 --- [bmp-booking-service] [l-1 housekeeper] com.zaxxer.hikari.pool.HikariPool        : HikariPool-1 - Thread starvation or clock leap detected (housekeeper delta=54s990ms549µs900ns).
2026-08-30T00:22:43.181+05:30  INFO 37308 --- [bmp-booking-service] [rap-executor-%d] c.n.d.s.r.aws.ConfigClusterResolver      : Resolving eureka endpoints via configuration
2026-08-30T00:27:43.192+05:30  INFO 37308 --- [bmp-booking-service] [rap-executor-%d] c.n.d.s.r.aws.ConfigClusterResolver      : Resolving eureka endpoints via configuration
2026-08-30T00:32:43.197+05:30  INFO 37308 --- [bmp-booking-service] [rap-executor-%d] c.n.d.s.r.aws.ConfigClusterResolver      : Resolving eureka endpoints via configuration
2026-08-30T00:37:43.208+05:30  INFO 37308 --- [bmp-booking-service] [rap-executor-%d] c.n.d.s.r.aws.ConfigClusterResolver      : Resolving eureka endpoints via configuration
2026-08-30T00:40:35.743+05:30  INFO 37308 --- [bmp-booking-service] [85-f58f15efd44b] org.apache.kafka.clients.NetworkClient   : [Consumer clientId=consumer-anonymous.777e2bc3-eb50-4b9f-8b85-f58f15efd44b-2, groupId=anonymous.777e2bc3-eb50-4b9f-8b85-f58f15efd44b] Disconnecting from node 1 due to request timeout.
2026-08-30T00:40:35.841+05:30  INFO 37308 --- [bmp-booking-service] [85-f58f15efd44b] org.apache.kafka.clients.NetworkClient   : [Consumer clientId=consumer-anonymous.777e2bc3-eb50-4b9f-8b85-f58f15efd44b-2, groupId=anonymous.777e2bc3-eb50-4b9f-8b85-f58f15efd44b] Cancelled in-flight FETCH request with correlation id 87830 due to node 1 being disconnected (elapsed time since creation: 126107ms, elapsed time since send: 126107ms, throttle time: 0ms, request timeout: 30000ms)
2026-08-30T00:40:35.841+05:30  INFO 37308 --- [bmp-booking-service] [85-f58f15efd44b] org.apache.kafka.clients.NetworkClient   : [Consumer clientId=consumer-anonymous.777e2bc3-eb50-4b9f-8b85-f58f15efd44b-2, groupId=anonymous.777e2bc3-eb50-4b9f-8b85-f58f15efd44b] Cancelled in-flight METADATA request with correlation id 87832 due to node 1 being disconnected (elapsed time since creation: 0ms, elapsed time since send: 0ms, throttle time: 0ms, request timeout: 30000ms)
2026-08-30T00:40:35.843+05:30  INFO 37308 --- [bmp-booking-service] [85-f58f15efd44b] org.apache.kafka.clients.NetworkClient   : [Consumer clientId=consumer-anonymous.777e2bc3-eb50-4b9f-8b85-f58f15efd44b-2, groupId=anonymous.777e2bc3-eb50-4b9f-8b85-f58f15efd44b] Disconnecting from node 2147483646 due to request timeout.
2026-08-30T00:40:35.922+05:30  INFO 37308 --- [bmp-booking-service] [85-f58f15efd44b] org.apache.kafka.clients.NetworkClient   : [Consumer clientId=consumer-anonymous.777e2bc3-eb50-4b9f-8b85-f58f15efd44b-2, groupId=anonymous.777e2bc3-eb50-4b9f-8b85-f58f15efd44b] Cancelled in-flight HEARTBEAT request with correlation id 87831 due to node 2147483646 being disconnected (elapsed time since creation: 124307ms, elapsed time since send: 124307ms, throttle time: 0ms, request timeout: 30000ms)
2026-08-30T00:40:35.926+05:30  INFO 37308 --- [bmp-booking-service] [85-f58f15efd44b] o.a.kafka.clients.FetchSessionHandler    : [Consumer clientId=consumer-anonymous.777e2bc3-eb50-4b9f-8b85-f58f15efd44b-2, groupId=anonymous.777e2bc3-eb50-4b9f-8b85-f58f15efd44b] Error sending fetch request (sessionId=2008816706, epoch=3950) to node 1:

org.apache.kafka.common.errors.DisconnectException: null

2026-08-30T00:40:36.004+05:30  INFO 37308 --- [bmp-booking-service] [85-f58f15efd44b] o.a.k.c.c.internals.ConsumerCoordinator  : [Consumer clientId=consumer-anonymous.777e2bc3-eb50-4b9f-8b85-f58f15efd44b-2, groupId=anonymous.777e2bc3-eb50-4b9f-8b85-f58f15efd44b] Group coordinator localhost:9092 (id: 2147483646 rack: null) is unavailable or invalid due to cause: null. isDisconnected: true. Rediscovery will be attempted.
2026-08-30T00:40:37.313+05:30  INFO 37308 --- [bmp-booking-service] [container-0-C-1] o.a.k.c.c.internals.ConsumerCoordinator  : [Consumer clientId=consumer-anonymous.777e2bc3-eb50-4b9f-8b85-f58f15efd44b-2, groupId=anonymous.777e2bc3-eb50-4b9f-8b85-f58f15efd44b] Discovered group coordinator localhost:9092 (id: 2147483646 rack: null)
2026-08-30T00:40:46.218+05:30  WARN 37308 --- [bmp-booking-service] [l-1 housekeeper] com.zaxxer.hikari.pool.HikariPool        : HikariPool-1 - Thread starvation or clock leap detected (housekeeper delta=2m33s900ms540µs799ns).
2026-08-30T00:44:46.966+05:30  INFO 37308 --- [bmp-booking-service] [rap-executor-%d] c.n.d.s.r.aws.ConfigClusterResolver      : Resolving eureka endpoints via configuration
2026-08-30T00:49:46.971+05:30  INFO 37308 --- [bmp-booking-service] [rap-executor-%d] c.n.d.s.r.aws.ConfigClusterResolver      : Resolving eureka endpoints via configuration
2026-08-30T00:54:46.972+05:30  INFO 37308 --- [bmp-booking-service] [rap-executor-%d] c.n.d.s.r.aws.ConfigClusterResolver      : Resolving eureka endpoints via configuration
2026-08-30T00:59:46.983+05:30  INFO 37308 --- [bmp-booking-service] [rap-executor-%d] c.n.d.s.r.aws.ConfigClusterResolver      : Resolving eureka endpoints via configuration
2026-08-30T01:04:46.999+05:30  INFO 37308 --- [bmp-booking-service] [rap-executor-%d] c.n.d.s.r.aws.ConfigClusterResolver      : Resolving eureka endpoints via configuration
2026-08-30T01:09:47.004+05:30  INFO 37308 --- [bmp-booking-service] [rap-executor-%d] c.n.d.s.r.aws.ConfigClusterResolver      : Resolving eureka endpoints via configuration
2026-08-30T01:14:47.015+05:30  INFO 37308 --- [bmp-booking-service] [rap-executor-%d] c.n.d.s.r.aws.ConfigClusterResolver      : Resolving eureka endpoints via configuration
2026-08-30T04:15:48.715+05:30  INFO 37308 --- [bmp-booking-service] [container-0-C-1] org.apache.kafka.clients.NetworkClient   : [Consumer clientId=consumer-anonymous.777e2bc3-eb50-4b9f-8b85-f58f15efd44b-2, groupId=anonymous.777e2bc3-eb50-4b9f-8b85-f58f15efd44b] Node 1 disconnected.
2026-08-30T04:15:48.716+05:30  INFO 37308 --- [bmp-booking-service] [container-0-C-1] org.apache.kafka.clients.NetworkClient   : [Consumer clientId=consumer-anonymous.777e2bc3-eb50-4b9f-8b85-f58f15efd44b-2, groupId=anonymous.777e2bc3-eb50-4b9f-8b85-f58f15efd44b] Cancelled in-flight FETCH request with correlation id 92685 due to node 1 being disconnected (elapsed time since creation: 10802547ms, elapsed time since send: 10802547ms, throttle time: 0ms, request timeout: 30000ms)
2026-08-30T04:15:48.717+05:30  INFO 37308 --- [bmp-booking-service] [container-0-C-1] org.apache.kafka.clients.NetworkClient   : [Consumer clientId=consumer-anonymous.777e2bc3-eb50-4b9f-8b85-f58f15efd44b-2, groupId=anonymous.777e2bc3-eb50-4b9f-8b85-f58f15efd44b] Disconnecting from node 2147483646 due to request timeout.
2026-08-30T04:15:48.718+05:30  INFO 37308 --- [bmp-booking-service] [container-0-C-1] org.apache.kafka.clients.NetworkClient   : [Consumer clientId=consumer-anonymous.777e2bc3-eb50-4b9f-8b85-f58f15efd44b-2, groupId=anonymous.777e2bc3-eb50-4b9f-8b85-f58f15efd44b] Cancelled in-flight HEARTBEAT request with correlation id 92686 due to node 2147483646 being disconnected (elapsed time since creation: 10801948ms, elapsed time since send: 10801948ms, throttle time: 0ms, request timeout: 30000ms)
2026-08-30T04:15:48.719+05:30  INFO 37308 --- [bmp-booking-service] [container-0-C-1] o.a.kafka.clients.FetchSessionHandler    : [Consumer clientId=consumer-anonymous.777e2bc3-eb50-4b9f-8b85-f58f15efd44b-2, groupId=anonymous.777e2bc3-eb50-4b9f-8b85-f58f15efd44b] Error sending fetch request (sessionId=1610378247, epoch=4131) to node 1:

org.apache.kafka.common.errors.DisconnectException: null

2026-08-30T04:15:48.885+05:30  INFO 37308 --- [bmp-booking-service] [85-f58f15efd44b] o.a.k.c.c.internals.ConsumerCoordinator  : [Consumer clientId=consumer-anonymous.777e2bc3-eb50-4b9f-8b85-f58f15efd44b-2, groupId=anonymous.777e2bc3-eb50-4b9f-8b85-f58f15efd44b] Group coordinator localhost:9092 (id: 2147483646 rack: null) is unavailable or invalid due to cause: session timed out without receiving a heartbeat response. isDisconnected: false. Rediscovery will be attempted.
2026-08-30T04:15:48.885+05:30  INFO 37308 --- [bmp-booking-service] [85-f58f15efd44b] o.a.k.c.c.internals.ConsumerCoordinator  : [Consumer clientId=consumer-anonymous.777e2bc3-eb50-4b9f-8b85-f58f15efd44b-2, groupId=anonymous.777e2bc3-eb50-4b9f-8b85-f58f15efd44b] Requesting disconnect from last known coordinator localhost:9092 (id: 2147483646 rack: null)
2026-08-30T04:15:50.950+05:30  INFO 37308 --- [bmp-booking-service] [vice-producer-1] org.apache.kafka.clients.NetworkClient   : [Producer clientId=bmp-booking-service-producer-1] Node 1 disconnected.
2026-08-30T04:15:51.449+05:30  INFO 37308 --- [bmp-booking-service] [container-0-C-1] o.a.k.c.c.internals.ConsumerCoordinator  : [Consumer clientId=consumer-anonymous.777e2bc3-eb50-4b9f-8b85-f58f15efd44b-2, groupId=anonymous.777e2bc3-eb50-4b9f-8b85-f58f15efd44b] Discovered group coordinator localhost:9092 (id: 2147483646 rack: null)
2026-08-30T04:15:51.452+05:30  INFO 37308 --- [bmp-booking-service] [container-0-C-1] o.a.k.c.c.internals.ConsumerCoordinator  : [Consumer clientId=consumer-anonymous.777e2bc3-eb50-4b9f-8b85-f58f15efd44b-2, groupId=anonymous.777e2bc3-eb50-4b9f-8b85-f58f15efd44b] Discovered group coordinator localhost:9092 (id: 2147483646 rack: null)
2026-08-30T11:51:22.062+05:30  INFO 37308 --- [bmp-booking-service] [container-0-C-1] org.apache.kafka.clients.NetworkClient   : [Consumer clientId=consumer-anonymous.777e2bc3-eb50-4b9f-8b85-f58f15efd44b-2, groupId=anonymous.777e2bc3-eb50-4b9f-8b85-f58f15efd44b] Node 2147483646 disconnected.
2026-08-30T11:51:22.797+05:30  INFO 37308 --- [bmp-booking-service] [container-0-C-1] org.apache.kafka.clients.NetworkClient   : [Consumer clientId=consumer-anonymous.777e2bc3-eb50-4b9f-8b85-f58f15efd44b-2, groupId=anonymous.777e2bc3-eb50-4b9f-8b85-f58f15efd44b] Disconnecting from node 1 due to request timeout.
2026-08-30T11:51:22.798+05:30  INFO 37308 --- [bmp-booking-service] [container-0-C-1] org.apache.kafka.clients.NetworkClient   : [Consumer clientId=consumer-anonymous.777e2bc3-eb50-4b9f-8b85-f58f15efd44b-2, groupId=anonymous.777e2bc3-eb50-4b9f-8b85-f58f15efd44b] Cancelled in-flight FETCH request with correlation id 92714 due to node 1 being disconnected (elapsed time since creation: 27321087ms, elapsed time since send: 27321087ms, throttle time: 0ms, request timeout: 30000ms)
2026-08-30T11:51:22.798+05:30  INFO 37308 --- [bmp-booking-service] [container-0-C-1] o.a.kafka.clients.FetchSessionHandler    : [Consumer clientId=consumer-anonymous.777e2bc3-eb50-4b9f-8b85-f58f15efd44b-2, groupId=anonymous.777e2bc3-eb50-4b9f-8b85-f58f15efd44b] Error sending fetch request (sessionId=1315906165, epoch=17) to node 1:

org.apache.kafka.common.errors.DisconnectException: null

2026-08-30T11:51:22.826+05:30  INFO 37308 --- [bmp-booking-service] [85-f58f15efd44b] o.a.k.c.c.internals.ConsumerCoordinator  : [Consumer clientId=consumer-anonymous.777e2bc3-eb50-4b9f-8b85-f58f15efd44b-2, groupId=anonymous.777e2bc3-eb50-4b9f-8b85-f58f15efd44b] Group coordinator localhost:9092 (id: 2147483646 rack: null) is unavailable or invalid due to cause: session timed out without receiving a heartbeat response. isDisconnected: false. Rediscovery will be attempted.
2026-08-30T11:51:22.826+05:30  INFO 37308 --- [bmp-booking-service] [85-f58f15efd44b] o.a.k.c.c.internals.ConsumerCoordinator  : [Consumer clientId=consumer-anonymous.777e2bc3-eb50-4b9f-8b85-f58f15efd44b-2, groupId=anonymous.777e2bc3-eb50-4b9f-8b85-f58f15efd44b] Requesting disconnect from last known coordinator localhost:9092 (id: 2147483646 rack: null)
2026-08-30T11:51:26.939+05:30  INFO 37308 --- [bmp-booking-service] [container-0-C-1] o.a.k.c.c.internals.ConsumerCoordinator  : [Consumer clientId=consumer-anonymous.777e2bc3-eb50-4b9f-8b85-f58f15efd44b-2, groupId=anonymous.777e2bc3-eb50-4b9f-8b85-f58f15efd44b] Discovered group coordinator localhost:9092 (id: 2147483646 rack: null)
2026-08-30T11:51:33.638+05:30  INFO 37308 --- [bmp-booking-service] [pool-2-thread-1] org.apache.kafka.clients.NetworkClient   : [Consumer clientId=consumer-anonymous.777e2bc3-eb50-4b9f-8b85-f58f15efd44b-3, groupId=anonymous.777e2bc3-eb50-4b9f-8b85-f58f15efd44b] Node 2147483646 disconnected.
2026-08-30T11:51:33.672+05:30  INFO 37308 --- [bmp-booking-service] [pool-2-thread-1] o.a.k.c.c.internals.ConsumerCoordinator  : [Consumer clientId=consumer-anonymous.777e2bc3-eb50-4b9f-8b85-f58f15efd44b-3, groupId=anonymous.777e2bc3-eb50-4b9f-8b85-f58f15efd44b] Group coordinator localhost:9092 (id: 2147483646 rack: null) is unavailable or invalid due to cause: coordinator unavailable. isDisconnected: true. Rediscovery will be attempted.
2026-08-30T11:51:33.702+05:30  INFO 37308 --- [bmp-booking-service] [pool-2-thread-1] o.a.k.c.c.internals.ConsumerCoordinator  : [Consumer clientId=consumer-anonymous.777e2bc3-eb50-4b9f-8b85-f58f15efd44b-3, groupId=anonymous.777e2bc3-eb50-4b9f-8b85-f58f15efd44b] Discovered group coordinator localhost:9092 (id: 2147483646 rack: null)
2026-08-30T11:51:34.348+05:30  WARN 37308 --- [bmp-booking-service] [l-1 housekeeper] com.zaxxer.hikari.pool.HikariPool        : HikariPool-1 - Thread starvation or clock leap detected (housekeeper delta=10h35m50s302ms261µs600ns).
2026-08-30T11:51:40.737+05:30  INFO 37308 --- [bmp-booking-service] [vice-producer-1] org.apache.kafka.clients.NetworkClient   : [Producer clientId=bmp-booking-service-producer-1] Node 1 disconnected.
2026-08-30T11:56:07.702+05:30  INFO 37308 --- [bmp-booking-service] [85-f58f15efd44b] org.apache.kafka.clients.NetworkClient   : [Consumer clientId=consumer-anonymous.777e2bc3-eb50-4b9f-8b85-f58f15efd44b-2, groupId=anonymous.777e2bc3-eb50-4b9f-8b85-f58f15efd44b] Disconnecting from node 1 due to request timeout.
2026-08-30T11:56:07.702+05:30  INFO 37308 --- [bmp-booking-service] [85-f58f15efd44b] org.apache.kafka.clients.NetworkClient   : [Consumer clientId=consumer-anonymous.777e2bc3-eb50-4b9f-8b85-f58f15efd44b-2, groupId=anonymous.777e2bc3-eb50-4b9f-8b85-f58f15efd44b] Cancelled in-flight FETCH request with correlation id 92785 due to node 1 being disconnected (elapsed time since creation: 250793ms, elapsed time since send: 250793ms, throttle time: 0ms, request timeout: 30000ms)
2026-08-30T11:56:07.703+05:30  INFO 37308 --- [bmp-booking-service] [85-f58f15efd44b] org.apache.kafka.clients.NetworkClient   : [Consumer clientId=consumer-anonymous.777e2bc3-eb50-4b9f-8b85-f58f15efd44b-2, groupId=anonymous.777e2bc3-eb50-4b9f-8b85-f58f15efd44b] Disconnecting from node 2147483646 due to request timeout.
2026-08-30T11:56:07.712+05:30  INFO 37308 --- [bmp-booking-service] [85-f58f15efd44b] org.apache.kafka.clients.NetworkClient   : [Consumer clientId=consumer-anonymous.777e2bc3-eb50-4b9f-8b85-f58f15efd44b-2, groupId=anonymous.777e2bc3-eb50-4b9f-8b85-f58f15efd44b] Cancelled in-flight HEARTBEAT request with correlation id 92786 due to node 2147483646 being disconnected (elapsed time since creation: 249575ms, elapsed time since send: 249575ms, throttle time: 0ms, request timeout: 30000ms)
2026-08-30T11:56:07.712+05:30  INFO 37308 --- [bmp-booking-service] [85-f58f15efd44b] o.a.kafka.clients.FetchSessionHandler    : [Consumer clientId=consumer-anonymous.777e2bc3-eb50-4b9f-8b85-f58f15efd44b-2, groupId=anonymous.777e2bc3-eb50-4b9f-8b85-f58f15efd44b] Error sending fetch request (sessionId=1898518994, epoch=55) to node 1:

org.apache.kafka.common.errors.DisconnectException: null

2026-08-30T11:56:07.860+05:30  INFO 37308 --- [bmp-booking-service] [85-f58f15efd44b] o.a.k.c.c.internals.ConsumerCoordinator  : [Consumer clientId=consumer-anonymous.777e2bc3-eb50-4b9f-8b85-f58f15efd44b-2, groupId=anonymous.777e2bc3-eb50-4b9f-8b85-f58f15efd44b] Group coordinator localhost:9092 (id: 2147483646 rack: null) is unavailable or invalid due to cause: null. isDisconnected: true. Rediscovery will be attempted.
2026-08-30T11:56:09.514+05:30  INFO 37308 --- [bmp-booking-service] [container-0-C-1] o.a.k.c.c.internals.ConsumerCoordinator  : [Consumer clientId=consumer-anonymous.777e2bc3-eb50-4b9f-8b85-f58f15efd44b-2, groupId=anonymous.777e2bc3-eb50-4b9f-8b85-f58f15efd44b] Discovered group coordinator localhost:9092 (id: 2147483646 rack: null)
2026-08-30T11:56:12.886+05:30  WARN 37308 --- [bmp-booking-service] [l-1 housekeeper] com.zaxxer.hikari.pool.HikariPool        : HikariPool-1 - Thread starvation or clock leap detected (housekeeper delta=4m40s999ms810µs100ns).
2026-08-30T11:59:13.055+05:30  INFO 37308 --- [bmp-booking-service] [rap-executor-%d] c.n.d.s.r.aws.ConfigClusterResolver      : Resolving eureka endpoints via configuration
2026-08-30T12:04:13.082+05:30  INFO 37308 --- [bmp-booking-service] [rap-executor-%d] c.n.d.s.r.aws.ConfigClusterResolver      : Resolving eureka endpoints via configuration
2026-08-30T12:09:13.104+05:30  INFO 37308 --- [bmp-booking-service] [rap-executor-%d] c.n.d.s.r.aws.ConfigClusterResolver      : Resolving eureka endpoints via configuration
2026-08-30T12:14:13.156+05:30  INFO 37308 --- [bmp-booking-service] [rap-executor-%d] c.n.d.s.r.aws.ConfigClusterResolver      : Resolving eureka endpoints via configuration
2026-08-30T12:19:13.164+05:30  INFO 37308 --- [bmp-booking-service] [rap-executor-%d] c.n.d.s.r.aws.ConfigClusterResolver      : Resolving eureka endpoints via configuration
2026-08-30T12:24:13.174+05:30  INFO 37308 --- [bmp-booking-service] [rap-executor-%d] c.n.d.s.r.aws.ConfigClusterResolver      : Resolving eureka endpoints via configuration
2026-08-30T12:29:13.177+05:30  INFO 37308 --- [bmp-booking-service] [rap-executor-%d] c.n.d.s.r.aws.ConfigClusterResolver      : Resolving eureka endpoints via configuration
2026-08-30T12:34:13.191+05:30  INFO 37308 --- [bmp-booking-service] [rap-executor-%d] c.n.d.s.r.aws.ConfigClusterResolver      : Resolving eureka endpoints via configuration
2026-08-30T12:39:13.192+05:30  INFO 37308 --- [bmp-booking-service] [rap-executor-%d] c.n.d.s.r.aws.ConfigClusterResolver      : Resolving eureka endpoints via configuration
2026-08-30T12:44:13.204+05:30  INFO 37308 --- [bmp-booking-service] [rap-executor-%d] c.n.d.s.r.aws.ConfigClusterResolver      : Resolving eureka endpoints via configuration
2026-08-30T12:49:13.208+05:30  INFO 37308 --- [bmp-booking-service] [rap-executor-%d] c.n.d.s.r.aws.ConfigClusterResolver      : Resolving eureka endpoints via configuration
2026-08-30T12:54:13.224+05:30  INFO 37308 --- [bmp-booking-service] [rap-executor-%d] c.n.d.s.r.aws.ConfigClusterResolver      : Resolving eureka endpoints via configuration
2026-08-30T12:59:13.233+05:30  INFO 37308 --- [bmp-booking-service] [rap-executor-%d] c.n.d.s.r.aws.ConfigClusterResolver      : Resolving eureka endpoints via configuration
2026-08-30T13:04:13.243+05:30  INFO 37308 --- [bmp-booking-service] [rap-executor-%d] c.n.d.s.r.aws.ConfigClusterResolver      : Resolving eureka endpoints via configuration
2026-08-30T13:09:13.273+05:30  INFO 37308 --- [bmp-booking-service] [rap-executor-%d] c.n.d.s.r.aws.ConfigClusterResolver      : Resolving eureka endpoints via configuration
2026-08-30T13:14:13.293+05:30  INFO 37308 --- [bmp-booking-service] [rap-executor-%d] c.n.d.s.r.aws.ConfigClusterResolver      : Resolving eureka endpoints via configuration
2026-08-30T13:19:13.323+05:30  INFO 37308 --- [bmp-booking-service] [rap-executor-%d] c.n.d.s.r.aws.ConfigClusterResolver      : Resolving eureka endpoints via configuration
2026-08-30T13:24:13.330+05:30  INFO 37308 --- [bmp-booking-service] [rap-executor-%d] c.n.d.s.r.aws.ConfigClusterResolver      : Resolving eureka endpoints via configuration
2026-08-30T13:29:13.333+05:30  INFO 37308 --- [bmp-booking-service] [rap-executor-%d] c.n.d.s.r.aws.ConfigClusterResolver      : Resolving eureka endpoints via configuration
2026-08-30T13:34:13.334+05:30  INFO 37308 --- [bmp-booking-service] [rap-executor-%d] c.n.d.s.r.aws.ConfigClusterResolver      : Resolving eureka endpoints via configuration
2026-08-30T13:39:13.339+05:30  INFO 37308 --- [bmp-booking-service] [rap-executor-%d] c.n.d.s.r.aws.ConfigClusterResolver      : Resolving eureka endpoints via configuration
2026-08-30T13:44:13.352+05:30  INFO 37308 --- [bmp-booking-service] [rap-executor-%d] c.n.d.s.r.aws.ConfigClusterResolver      : Resolving eureka endpoints via configuration
2026-08-30T13:49:13.359+05:30  INFO 37308 --- [bmp-booking-service] [rap-executor-%d] c.n.d.s.r.aws.ConfigClusterResolver      : Resolving eureka endpoints via configuration
2026-08-30T13:54:13.363+05:30  INFO 37308 --- [bmp-booking-service] [rap-executor-%d] c.n.d.s.r.aws.ConfigClusterResolver      : Resolving eureka endpoints via configuration
2026-08-30T13:59:13.367+05:30  INFO 37308 --- [bmp-booking-service] [rap-executor-%d] c.n.d.s.r.aws.ConfigClusterResolver      : Resolving eureka endpoints via configuration
2026-08-30T14:04:13.370+05:30  INFO 37308 --- [bmp-booking-service] [rap-executor-%d] c.n.d.s.r.aws.ConfigClusterResolver      : Resolving eureka endpoints via configuration
2026-08-30T14:09:13.378+05:30  INFO 37308 --- [bmp-booking-service] [rap-executor-%d] c.n.d.s.r.aws.ConfigClusterResolver      : Resolving eureka endpoints via configuration
2026-08-30T14:14:13.392+05:30  INFO 37308 --- [bmp-booking-service] [rap-executor-%d] c.n.d.s.r.aws.ConfigClusterResolver      : Resolving eureka endpoints via configuration
2026-08-30T14:19:13.398+05:30  INFO 37308 --- [bmp-booking-service] [rap-executor-%d] c.n.d.s.r.aws.ConfigClusterResolver      : Resolving eureka endpoints via configuration
2026-08-30T14:24:13.407+05:30  INFO 37308 --- [bmp-booking-service] [rap-executor-%d] c.n.d.s.r.aws.ConfigClusterResolver      : Resolving eureka endpoints via configuration
2026-08-30T14:29:13.422+05:30  INFO 37308 --- [bmp-booking-service] [rap-executor-%d] c.n.d.s.r.aws.ConfigClusterResolver      : Resolving eureka endpoints via configuration
2026-08-30T14:34:13.433+05:30  INFO 37308 --- [bmp-booking-service] [rap-executor-%d] c.n.d.s.r.aws.ConfigClusterResolver      : Resolving eureka endpoints via configuration
2026-08-30T14:39:13.445+05:30  INFO 37308 --- [bmp-booking-service] [rap-executor-%d] c.n.d.s.r.aws.ConfigClusterResolver      : Resolving eureka endpoints via configuration
2026-08-30T17:42:15.880+05:30  WARN 37308 --- [bmp-booking-service] [l-1 housekeeper] com.zaxxer.hikari.pool.HikariPool        : HikariPool-1 - Thread starvation or clock leap detected (housekeeper delta=3h29s474ms627µs500ns).
2026-08-30T17:42:16.149+05:30  INFO 37308 --- [bmp-booking-service] [85-f58f15efd44b] o.a.k.c.c.internals.ConsumerCoordinator  : [Consumer clientId=consumer-anonymous.777e2bc3-eb50-4b9f-8b85-f58f15efd44b-2, groupId=anonymous.777e2bc3-eb50-4b9f-8b85-f58f15efd44b] Group coordinator localhost:9092 (id: 2147483646 rack: null) is unavailable or invalid due to cause: session timed out without receiving a heartbeat response. isDisconnected: false. Rediscovery will be attempted.
2026-08-30T17:42:16.150+05:30  INFO 37308 --- [bmp-booking-service] [85-f58f15efd44b] o.a.k.c.c.internals.ConsumerCoordinator  : [Consumer clientId=consumer-anonymous.777e2bc3-eb50-4b9f-8b85-f58f15efd44b-2, groupId=anonymous.777e2bc3-eb50-4b9f-8b85-f58f15efd44b] Requesting disconnect from last known coordinator localhost:9092 (id: 2147483646 rack: null)
2026-08-30T17:42:16.152+05:30  INFO 37308 --- [bmp-booking-service] [85-f58f15efd44b] org.apache.kafka.clients.NetworkClient   : [Consumer clientId=consumer-anonymous.777e2bc3-eb50-4b9f-8b85-f58f15efd44b-2, groupId=anonymous.777e2bc3-eb50-4b9f-8b85-f58f15efd44b] Client requested disconnect from node 2147483646
2026-08-30T17:42:16.655+05:30  INFO 37308 --- [bmp-booking-service] [85-f58f15efd44b] org.apache.kafka.clients.NetworkClient   : [Consumer clientId=consumer-anonymous.777e2bc3-eb50-4b9f-8b85-f58f15efd44b-2, groupId=anonymous.777e2bc3-eb50-4b9f-8b85-f58f15efd44b] Node 1 disconnected.
2026-08-30T17:42:16.715+05:30  INFO 37308 --- [bmp-booking-service] [85-f58f15efd44b] org.apache.kafka.clients.NetworkClient   : [Consumer clientId=consumer-anonymous.777e2bc3-eb50-4b9f-8b85-f58f15efd44b-2, groupId=anonymous.777e2bc3-eb50-4b9f-8b85-f58f15efd44b] Cancelled in-flight FETCH request with correlation id 115814 due to node 1 being disconnected (elapsed time since creation: 10804158ms, elapsed time since send: 10804158ms, throttle time: 0ms, request timeout: 30000ms)
2026-08-30T17:42:16.715+05:30  INFO 37308 --- [bmp-booking-service] [85-f58f15efd44b] org.apache.kafka.clients.NetworkClient   : [Consumer clientId=consumer-anonymous.777e2bc3-eb50-4b9f-8b85-f58f15efd44b-2, groupId=anonymous.777e2bc3-eb50-4b9f-8b85-f58f15efd44b] Cancelled in-flight METADATA request with correlation id 115815 due to node 1 being disconnected (elapsed time since creation: 504ms, elapsed time since send: 504ms, throttle time: 0ms, request timeout: 30000ms)
2026-08-30T17:42:16.804+05:30  INFO 37308 --- [bmp-booking-service] [85-f58f15efd44b] o.a.kafka.clients.FetchSessionHandler    : [Consumer clientId=consumer-anonymous.777e2bc3-eb50-4b9f-8b85-f58f15efd44b-2, groupId=anonymous.777e2bc3-eb50-4b9f-8b85-f58f15efd44b] Error sending fetch request (sessionId=606973055, epoch=19643) to node 1:

org.apache.kafka.common.errors.DisconnectException: null

2026-08-30T17:42:18.526+05:30  INFO 37308 --- [bmp-booking-service] [container-0-C-1] o.a.k.c.c.internals.ConsumerCoordinator  : [Consumer clientId=consumer-anonymous.777e2bc3-eb50-4b9f-8b85-f58f15efd44b-2, groupId=anonymous.777e2bc3-eb50-4b9f-8b85-f58f15efd44b] Discovered group coordinator localhost:9092 (id: 2147483646 rack: null)
2026-08-31T00:05:56.967+05:30  INFO 37308 --- [bmp-booking-service] [container-0-C-1] org.apache.kafka.clients.NetworkClient   : [Consumer clientId=consumer-anonymous.777e2bc3-eb50-4b9f-8b85-f58f15efd44b-2, groupId=anonymous.777e2bc3-eb50-4b9f-8b85-f58f15efd44b] Node 2147483646 disconnected.
2026-08-31T00:05:56.967+05:30  INFO 37308 --- [bmp-booking-service] [container-0-C-1] org.apache.kafka.clients.NetworkClient   : [Consumer clientId=consumer-anonymous.777e2bc3-eb50-4b9f-8b85-f58f15efd44b-2, groupId=anonymous.777e2bc3-eb50-4b9f-8b85-f58f15efd44b] Disconnecting from node 1 due to request timeout.
2026-08-31T00:05:56.974+05:30  INFO 37308 --- [bmp-booking-service] [container-0-C-1] org.apache.kafka.clients.NetworkClient   : [Consumer clientId=consumer-anonymous.777e2bc3-eb50-4b9f-8b85-f58f15efd44b-2, groupId=anonymous.777e2bc3-eb50-4b9f-8b85-f58f15efd44b] Cancelled in-flight FETCH request with correlation id 115837 due to node 1 being disconnected (elapsed time since creation: 23012277ms, elapsed time since send: 23012277ms, throttle time: 0ms, request timeout: 30000ms)
2026-08-31T00:05:56.975+05:30  INFO 37308 --- [bmp-booking-service] [85-f58f15efd44b] o.a.k.c.c.internals.ConsumerCoordinator  : [Consumer clientId=consumer-anonymous.777e2bc3-eb50-4b9f-8b85-f58f15efd44b-2, groupId=anonymous.777e2bc3-eb50-4b9f-8b85-f58f15efd44b] Group coordinator localhost:9092 (id: 2147483646 rack: null) is unavailable or invalid due to cause: coordinator unavailable. isDisconnected: true. Rediscovery will be attempted.
2026-08-31T00:05:56.974+05:30  INFO 37308 --- [bmp-booking-service] [container-0-C-1] o.a.kafka.clients.FetchSessionHandler    : [Consumer clientId=consumer-anonymous.777e2bc3-eb50-4b9f-8b85-f58f15efd44b-2, groupId=anonymous.777e2bc3-eb50-4b9f-8b85-f58f15efd44b] Error sending fetch request (sessionId=1149260670, epoch=12) to node 1:

org.apache.kafka.common.errors.DisconnectException: null

2026-08-31T00:06:02.014+05:30  INFO 37308 --- [bmp-booking-service] [container-0-C-1] o.a.k.c.c.internals.ConsumerCoordinator  : [Consumer clientId=consumer-anonymous.777e2bc3-eb50-4b9f-8b85-f58f15efd44b-2, groupId=anonymous.777e2bc3-eb50-4b9f-8b85-f58f15efd44b] Discovered group coordinator localhost:9092 (id: 2147483646 rack: null)
2026-08-31T00:06:10.424+05:30  INFO 37308 --- [bmp-booking-service] [vice-producer-1] org.apache.kafka.clients.NetworkClient   : [Producer clientId=bmp-booking-service-producer-1] Node 1 disconnected.
2026-08-31T00:06:14.551+05:30  INFO 37308 --- [bmp-booking-service] [pool-2-thread-1] org.apache.kafka.clients.NetworkClient   : [Consumer clientId=consumer-anonymous.777e2bc3-eb50-4b9f-8b85-f58f15efd44b-3, groupId=anonymous.777e2bc3-eb50-4b9f-8b85-f58f15efd44b] Node 2147483646 disconnected.
2026-08-31T00:06:14.588+05:30  INFO 37308 --- [bmp-booking-service] [pool-2-thread-1] o.a.k.c.c.internals.ConsumerCoordinator  : [Consumer clientId=consumer-anonymous.777e2bc3-eb50-4b9f-8b85-f58f15efd44b-3, groupId=anonymous.777e2bc3-eb50-4b9f-8b85-f58f15efd44b] Group coordinator localhost:9092 (id: 2147483646 rack: null) is unavailable or invalid due to cause: coordinator unavailable. isDisconnected: true. Rediscovery will be attempted.
2026-08-31T00:06:14.615+05:30  INFO 37308 --- [bmp-booking-service] [pool-2-thread-1] o.a.k.c.c.internals.ConsumerCoordinator  : [Consumer clientId=consumer-anonymous.777e2bc3-eb50-4b9f-8b85-f58f15efd44b-3, groupId=anonymous.777e2bc3-eb50-4b9f-8b85-f58f15efd44b] Discovered group coordinator localhost:9092 (id: 2147483646 rack: null)
2026-08-31T00:06:15.471+05:30  WARN 37308 --- [bmp-booking-service] [l-1 housekeeper] com.zaxxer.hikari.pool.HikariPool        : HikariPool-1 - Thread starvation or clock leap detected (housekeeper delta=6h24m2s687ms796µs100ns).
2026-08-31T00:07:42.112+05:30  INFO 37308 --- [bmp-booking-service] [rap-executor-%d] c.n.d.s.r.aws.ConfigClusterResolver      : Resolving eureka endpoints via configuration
2026-08-31T00:12:42.160+05:30  INFO 37308 --- [bmp-booking-service] [rap-executor-%d] c.n.d.s.r.aws.ConfigClusterResolver      : Resolving eureka endpoints via configuration
2026-08-31T00:17:42.162+05:30  INFO 37308 --- [bmp-booking-service] [rap-executor-%d] c.n.d.s.r.aws.ConfigClusterResolver      : Resolving eureka endpoints via configuration
2026-08-31T00:22:42.181+05:30  INFO 37308 --- [bmp-booking-service] [rap-executor-%d] c.n.d.s.r.aws.ConfigClusterResolver      : Resolving eureka endpoints via configuration
2026-08-31T00:27:42.194+05:30  INFO 37308 --- [bmp-booking-service] [rap-executor-%d] c.n.d.s.r.aws.ConfigClusterResolver      : Resolving eureka endpoints via configuration
2026-08-31T00:32:42.207+05:30  INFO 37308 --- [bmp-booking-service] [rap-executor-%d] c.n.d.s.r.aws.ConfigClusterResolver      : Resolving eureka endpoints via configuration
2026-08-31T00:37:42.208+05:30  INFO 37308 --- [bmp-booking-service] [rap-executor-%d] c.n.d.s.r.aws.ConfigClusterResolver      : Resolving eureka endpoints via configuration
2026-08-31T00:42:42.219+05:30  INFO 37308 --- [bmp-booking-service] [rap-executor-%d] c.n.d.s.r.aws.ConfigClusterResolver      : Resolving eureka endpoints via configuration
2026-08-31T00:47:42.235+05:30  INFO 37308 --- [bmp-booking-service] [rap-executor-%d] c.n.d.s.r.aws.ConfigClusterResolver      : Resolving eureka endpoints via configuration
2026-08-31T00:52:42.249+05:30  INFO 37308 --- [bmp-booking-service] [rap-executor-%d] c.n.d.s.r.aws.ConfigClusterResolver      : Resolving eureka endpoints via configuration
2026-08-31T03:54:52.006+05:30  INFO 37308 --- [bmp-booking-service] [container-0-C-1] org.apache.kafka.clients.NetworkClient   : [Consumer clientId=consumer-anonymous.777e2bc3-eb50-4b9f-8b85-f58f15efd44b-2, groupId=anonymous.777e2bc3-eb50-4b9f-8b85-f58f15efd44b] Node 2147483646 disconnected.
2026-08-31T03:54:52.214+05:30  INFO 37308 --- [bmp-booking-service] [container-0-C-1] org.apache.kafka.clients.NetworkClient   : [Consumer clientId=consumer-anonymous.777e2bc3-eb50-4b9f-8b85-f58f15efd44b-2, groupId=anonymous.777e2bc3-eb50-4b9f-8b85-f58f15efd44b] Disconnecting from node 1 due to request timeout.
2026-08-31T03:54:52.253+05:30  INFO 37308 --- [bmp-booking-service] [container-0-C-1] org.apache.kafka.clients.NetworkClient   : [Consumer clientId=consumer-anonymous.777e2bc3-eb50-4b9f-8b85-f58f15efd44b-2, groupId=anonymous.777e2bc3-eb50-4b9f-8b85-f58f15efd44b] Cancelled in-flight FETCH request with correlation id 122616 due to node 1 being disconnected (elapsed time since creation: 10803085ms, elapsed time since send: 10803085ms, throttle time: 0ms, request timeout: 30000ms)
2026-08-31T03:54:52.323+05:30  INFO 37308 --- [bmp-booking-service] [85-f58f15efd44b] o.a.k.c.c.internals.ConsumerCoordinator  : [Consumer clientId=consumer-anonymous.777e2bc3-eb50-4b9f-8b85-f58f15efd44b-2, groupId=anonymous.777e2bc3-eb50-4b9f-8b85-f58f15efd44b] Group coordinator localhost:9092 (id: 2147483646 rack: null) is unavailable or invalid due to cause: session timed out without receiving a heartbeat response. isDisconnected: false. Rediscovery will be attempted.
2026-08-31T03:54:52.323+05:30  INFO 37308 --- [bmp-booking-service] [85-f58f15efd44b] o.a.k.c.c.internals.ConsumerCoordinator  : [Consumer clientId=consumer-anonymous.777e2bc3-eb50-4b9f-8b85-f58f15efd44b-2, groupId=anonymous.777e2bc3-eb50-4b9f-8b85-f58f15efd44b] Requesting disconnect from last known coordinator localhost:9092 (id: 2147483646 rack: null)
2026-08-31T03:54:52.318+05:30  INFO 37308 --- [bmp-booking-service] [container-0-C-1] o.a.kafka.clients.FetchSessionHandler    : [Consumer clientId=consumer-anonymous.777e2bc3-eb50-4b9f-8b85-f58f15efd44b-2, groupId=anonymous.777e2bc3-eb50-4b9f-8b85-f58f15efd44b] Error sending fetch request (sessionId=48648225, epoch=5781) to node 1:

org.apache.kafka.common.errors.DisconnectException: null

2026-08-31T03:54:53.507+05:30  INFO 37308 --- [bmp-booking-service] [container-0-C-1] o.a.k.c.c.internals.ConsumerCoordinator  : [Consumer clientId=consumer-anonymous.777e2bc3-eb50-4b9f-8b85-f58f15efd44b-2, groupId=anonymous.777e2bc3-eb50-4b9f-8b85-f58f15efd44b] Discovered group coordinator localhost:9092 (id: 2147483646 rack: null)
2026-08-31T10:17:01.828+05:30  INFO 37308 --- [bmp-booking-service] [container-0-C-1] org.apache.kafka.clients.NetworkClient   : [Consumer clientId=consumer-anonymous.777e2bc3-eb50-4b9f-8b85-f58f15efd44b-2, groupId=anonymous.777e2bc3-eb50-4b9f-8b85-f58f15efd44b] Node 2147483646 disconnected.
2026-08-31T10:17:02.746+05:30  INFO 37308 --- [bmp-booking-service] [container-0-C-1] org.apache.kafka.clients.NetworkClient   : [Consumer clientId=consumer-anonymous.777e2bc3-eb50-4b9f-8b85-f58f15efd44b-2, groupId=anonymous.777e2bc3-eb50-4b9f-8b85-f58f15efd44b] Disconnecting from node 1 due to request timeout.
2026-08-31T10:17:02.747+05:30  INFO 37308 --- [bmp-booking-service] [container-0-C-1] org.apache.kafka.clients.NetworkClient   : [Consumer clientId=consumer-anonymous.777e2bc3-eb50-4b9f-8b85-f58f15efd44b-2, groupId=anonymous.777e2bc3-eb50-4b9f-8b85-f58f15efd44b] Cancelled in-flight FETCH request with correlation id 122632 due to node 1 being disconnected (elapsed time since creation: 22924162ms, elapsed time since send: 22924162ms, throttle time: 0ms, request timeout: 30000ms)
2026-08-31T10:17:02.757+05:30  INFO 37308 --- [bmp-booking-service] [container-0-C-1] o.a.kafka.clients.FetchSessionHandler    : [Consumer clientId=consumer-anonymous.777e2bc3-eb50-4b9f-8b85-f58f15efd44b-2, groupId=anonymous.777e2bc3-eb50-4b9f-8b85-f58f15efd44b] Error sending fetch request (sessionId=1034749978, epoch=8) to node 1:

org.apache.kafka.common.errors.DisconnectException: null

2026-08-31T10:17:02.782+05:30  INFO 37308 --- [bmp-booking-service] [85-f58f15efd44b] o.a.k.c.c.internals.ConsumerCoordinator  : [Consumer clientId=consumer-anonymous.777e2bc3-eb50-4b9f-8b85-f58f15efd44b-2, groupId=anonymous.777e2bc3-eb50-4b9f-8b85-f58f15efd44b] Group coordinator localhost:9092 (id: 2147483646 rack: null) is unavailable or invalid due to cause: session timed out without receiving a heartbeat response. isDisconnected: false. Rediscovery will be attempted.
2026-08-31T10:17:02.790+05:30  INFO 37308 --- [bmp-booking-service] [85-f58f15efd44b] o.a.k.c.c.internals.ConsumerCoordinator  : [Consumer clientId=consumer-anonymous.777e2bc3-eb50-4b9f-8b85-f58f15efd44b-2, groupId=anonymous.777e2bc3-eb50-4b9f-8b85-f58f15efd44b] Requesting disconnect from last known coordinator localhost:9092 (id: 2147483646 rack: null)
2026-08-31T10:17:04.780+05:30  INFO 37308 --- [bmp-booking-service] [container-0-C-1] o.a.k.c.c.internals.ConsumerCoordinator  : [Consumer clientId=consumer-anonymous.777e2bc3-eb50-4b9f-8b85-f58f15efd44b-2, groupId=anonymous.777e2bc3-eb50-4b9f-8b85-f58f15efd44b] Discovered group coordinator localhost:9092 (id: 2147483646 rack: null)
2026-08-31T10:17:12.239+05:30  INFO 37308 --- [bmp-booking-service] [vice-producer-1] org.apache.kafka.clients.NetworkClient   : [Producer clientId=bmp-booking-service-producer-1] Node 1 disconnected.
2026-08-31T10:17:17.368+05:30  INFO 37308 --- [bmp-booking-service] [pool-2-thread-1] org.apache.kafka.clients.NetworkClient   : [Consumer clientId=consumer-anonymous.777e2bc3-eb50-4b9f-8b85-f58f15efd44b-3, groupId=anonymous.777e2bc3-eb50-4b9f-8b85-f58f15efd44b] Node 2147483646 disconnected.
2026-08-31T10:17:17.414+05:30  INFO 37308 --- [bmp-booking-service] [pool-2-thread-1] o.a.k.c.c.internals.ConsumerCoordinator  : [Consumer clientId=consumer-anonymous.777e2bc3-eb50-4b9f-8b85-f58f15efd44b-3, groupId=anonymous.777e2bc3-eb50-4b9f-8b85-f58f15efd44b] Group coordinator localhost:9092 (id: 2147483646 rack: null) is unavailable or invalid due to cause: coordinator unavailable. isDisconnected: true. Rediscovery will be attempted.
2026-08-31T10:17:17.423+05:30  INFO 37308 --- [bmp-booking-service] [pool-2-thread-1] o.a.k.c.c.internals.ConsumerCoordinator  : [Consumer clientId=consumer-anonymous.777e2bc3-eb50-4b9f-8b85-f58f15efd44b-3, groupId=anonymous.777e2bc3-eb50-4b9f-8b85-f58f15efd44b] Discovered group coordinator localhost:9092 (id: 2147483646 rack: null)
2026-08-31T10:17:17.423+05:30  INFO 37308 --- [bmp-booking-service] [pool-2-thread-1] o.a.k.c.c.internals.ConsumerCoordinator  : [Consumer clientId=consumer-anonymous.777e2bc3-eb50-4b9f-8b85-f58f15efd44b-3, groupId=anonymous.777e2bc3-eb50-4b9f-8b85-f58f15efd44b] Group coordinator localhost:9092 (id: 2147483646 rack: null) is unavailable or invalid due to cause: coordinator unavailable. isDisconnected: false. Rediscovery will be attempted.
2026-08-31T10:17:17.423+05:30  INFO 37308 --- [bmp-booking-service] [pool-2-thread-1] o.a.k.c.c.internals.ConsumerCoordinator  : [Consumer clientId=consumer-anonymous.777e2bc3-eb50-4b9f-8b85-f58f15efd44b-3, groupId=anonymous.777e2bc3-eb50-4b9f-8b85-f58f15efd44b] Requesting disconnect from last known coordinator localhost:9092 (id: 2147483646 rack: null)
2026-08-31T10:17:17.552+05:30  INFO 37308 --- [bmp-booking-service] [pool-2-thread-1] o.a.k.c.c.internals.ConsumerCoordinator  : [Consumer clientId=consumer-anonymous.777e2bc3-eb50-4b9f-8b85-f58f15efd44b-3, groupId=anonymous.777e2bc3-eb50-4b9f-8b85-f58f15efd44b] Discovered group coordinator localhost:9092 (id: 2147483646 rack: null)
2026-08-31T10:17:18.070+05:30  WARN 37308 --- [bmp-booking-service] [l-1 housekeeper] com.zaxxer.hikari.pool.HikariPool        : HikariPool-1 - Thread starvation or clock leap detected (housekeeper delta=9h22m34s149ms204µs400ns).
2026-08-31T10:19:43.634+05:30  INFO 37308 --- [bmp-booking-service] [rap-executor-%d] c.n.d.s.r.aws.ConfigClusterResolver      : Resolving eureka endpoints via configuration
2026-08-31T10:24:43.669+05:30  INFO 37308 --- [bmp-booking-service] [rap-executor-%d] c.n.d.s.r.aws.ConfigClusterResolver      : Resolving eureka endpoints via configuration
2026-08-31T10:29:43.680+05:30  INFO 37308 --- [bmp-booking-service] [rap-executor-%d] c.n.d.s.r.aws.ConfigClusterResolver      : Resolving eureka endpoints via configuration
2026-08-31T10:34:43.692+05:30  INFO 37308 --- [bmp-booking-service] [rap-executor-%d] c.n.d.s.r.aws.ConfigClusterResolver      : Resolving eureka endpoints via configuration
2026-08-31T10:39:43.705+05:30  INFO 37308 --- [bmp-booking-service] [rap-executor-%d] c.n.d.s.r.aws.ConfigClusterResolver      : Resolving eureka endpoints via configuration
2026-08-31T10:44:43.713+05:30  INFO 37308 --- [bmp-booking-service] [rap-executor-%d] c.n.d.s.r.aws.ConfigClusterResolver      : Resolving eureka endpoints via configuration
2026-08-31T10:49:43.726+05:30  INFO 37308 --- [bmp-booking-service] [rap-executor-%d] c.n.d.s.r.aws.ConfigClusterResolver      : Resolving eureka endpoints via configuration
2026-08-31T10:54:43.737+05:30  INFO 37308 --- [bmp-booking-service] [rap-executor-%d] c.n.d.s.r.aws.ConfigClusterResolver      : Resolving eureka endpoints via configuration
2026-08-31T10:59:43.742+05:30  INFO 37308 --- [bmp-booking-service] [rap-executor-%d] c.n.d.s.r.aws.ConfigClusterResolver      : Resolving eureka endpoints via configuration
2026-08-31T11:04:43.754+05:30  INFO 37308 --- [bmp-booking-service] [rap-executor-%d] c.n.d.s.r.aws.ConfigClusterResolver      : Resolving eureka endpoints via configuration
2026-08-31T11:09:43.767+05:30  INFO 37308 --- [bmp-booking-service] [rap-executor-%d] c.n.d.s.r.aws.ConfigClusterResolver      : Resolving eureka endpoints via configuration
2026-08-31T11:14:43.777+05:30  INFO 37308 --- [bmp-booking-service] [rap-executor-%d] c.n.d.s.r.aws.ConfigClusterResolver      : Resolving eureka endpoints via configuration
2026-08-31T11:19:43.787+05:30  INFO 37308 --- [bmp-booking-service] [rap-executor-%d] c.n.d.s.r.aws.ConfigClusterResolver      : Resolving eureka endpoints via configuration
2026-08-31T11:24:43.803+05:30  INFO 37308 --- [bmp-booking-service] [rap-executor-%d] c.n.d.s.r.aws.ConfigClusterResolver      : Resolving eureka endpoints via configuration
2026-08-31T11:29:43.825+05:30  INFO 37308 --- [bmp-booking-service] [rap-executor-%d] c.n.d.s.r.aws.ConfigClusterResolver      : Resolving eureka endpoints via configuration
2026-08-31T11:34:43.840+05:30  INFO 37308 --- [bmp-booking-service] [rap-executor-%d] c.n.d.s.r.aws.ConfigClusterResolver      : Resolving eureka endpoints via configuration
2026-08-31T11:39:43.858+05:30  INFO 37308 --- [bmp-booking-service] [rap-executor-%d] c.n.d.s.r.aws.ConfigClusterResolver      : Resolving eureka endpoints via configuration
2026-08-31T11:44:43.877+05:30  INFO 37308 --- [bmp-booking-service] [rap-executor-%d] c.n.d.s.r.aws.ConfigClusterResolver      : Resolving eureka endpoints via configuration
2026-08-31T11:49:43.883+05:30  INFO 37308 --- [bmp-booking-service] [rap-executor-%d] c.n.d.s.r.aws.ConfigClusterResolver      : Resolving eureka endpoints via configuration
2026-08-31T11:54:43.900+05:30  INFO 37308 --- [bmp-booking-service] [rap-executor-%d] c.n.d.s.r.aws.ConfigClusterResolver      : Resolving eureka endpoints via configuration
2026-08-31T11:59:43.916+05:30  INFO 37308 --- [bmp-booking-service] [rap-executor-%d] c.n.d.s.r.aws.ConfigClusterResolver      : Resolving eureka endpoints via configuration
2026-08-31T12:04:43.928+05:30  INFO 37308 --- [bmp-booking-service] [rap-executor-%d] c.n.d.s.r.aws.ConfigClusterResolver      : Resolving eureka endpoints via configuration
2026-08-31T12:09:43.933+05:30  INFO 37308 --- [bmp-booking-service] [rap-executor-%d] c.n.d.s.r.aws.ConfigClusterResolver      : Resolving eureka endpoints via configuration
2026-08-31T12:14:43.939+05:30  INFO 37308 --- [bmp-booking-service] [rap-executor-%d] c.n.d.s.r.aws.ConfigClusterResolver      : Resolving eureka endpoints via configuration
2026-08-31T15:16:00.847+05:30  INFO 37308 --- [bmp-booking-service] [85-f58f15efd44b] org.apache.kafka.clients.NetworkClient   : [Consumer clientId=consumer-anonymous.777e2bc3-eb50-4b9f-8b85-f58f15efd44b-2, groupId=anonymous.777e2bc3-eb50-4b9f-8b85-f58f15efd44b] Node 1 disconnected.
2026-08-31T15:16:01.104+05:30  INFO 37308 --- [bmp-booking-service] [85-f58f15efd44b] org.apache.kafka.clients.NetworkClient   : [Consumer clientId=consumer-anonymous.777e2bc3-eb50-4b9f-8b85-f58f15efd44b-2, groupId=anonymous.777e2bc3-eb50-4b9f-8b85-f58f15efd44b] Cancelled in-flight FETCH request with correlation id 139103 due to node 1 being disconnected (elapsed time since creation: 10803748ms, elapsed time since send: 10803748ms, throttle time: 0ms, request timeout: 30000ms)
2026-08-31T15:16:01.104+05:30  INFO 37308 --- [bmp-booking-service] [85-f58f15efd44b] org.apache.kafka.clients.NetworkClient   : [Consumer clientId=consumer-anonymous.777e2bc3-eb50-4b9f-8b85-f58f15efd44b-2, groupId=anonymous.777e2bc3-eb50-4b9f-8b85-f58f15efd44b] Cancelled in-flight METADATA request with correlation id 139105 due to node 1 being disconnected (elapsed time since creation: 1297ms, elapsed time since send: 1297ms, throttle time: 0ms, request timeout: 30000ms)
2026-08-31T15:16:01.110+05:30  INFO 37308 --- [bmp-booking-service] [85-f58f15efd44b] org.apache.kafka.clients.NetworkClient   : [Consumer clientId=consumer-anonymous.777e2bc3-eb50-4b9f-8b85-f58f15efd44b-2, groupId=anonymous.777e2bc3-eb50-4b9f-8b85-f58f15efd44b] Disconnecting from node 2147483646 due to request timeout.
2026-08-31T15:16:01.111+05:30  INFO 37308 --- [bmp-booking-service] [85-f58f15efd44b] org.apache.kafka.clients.NetworkClient   : [Consumer clientId=consumer-anonymous.777e2bc3-eb50-4b9f-8b85-f58f15efd44b-2, groupId=anonymous.777e2bc3-eb50-4b9f-8b85-f58f15efd44b] Cancelled in-flight HEARTBEAT request with correlation id 139104 due to node 2147483646 being disconnected (elapsed time since creation: 10801531ms, elapsed time since send: 10801531ms, throttle time: 0ms, request timeout: 30000ms)
2026-08-31T15:16:01.206+05:30  INFO 37308 --- [bmp-booking-service] [85-f58f15efd44b] o.a.kafka.clients.FetchSessionHandler    : [Consumer clientId=consumer-anonymous.777e2bc3-eb50-4b9f-8b85-f58f15efd44b-2, groupId=anonymous.777e2bc3-eb50-4b9f-8b85-f58f15efd44b] Error sending fetch request (sessionId=1598903683, epoch=14048) to node 1:

org.apache.kafka.common.errors.DisconnectException: null

2026-08-31T15:16:01.592+05:30  INFO 37308 --- [bmp-booking-service] [85-f58f15efd44b] o.a.k.c.c.internals.ConsumerCoordinator  : [Consumer clientId=consumer-anonymous.777e2bc3-eb50-4b9f-8b85-f58f15efd44b-2, groupId=anonymous.777e2bc3-eb50-4b9f-8b85-f58f15efd44b] Group coordinator localhost:9092 (id: 2147483646 rack: null) is unavailable or invalid due to cause: null. isDisconnected: true. Rediscovery will be attempted.
2026-08-31T15:16:03.670+05:30  INFO 37308 --- [bmp-booking-service] [container-0-C-1] o.a.k.c.c.internals.ConsumerCoordinator  : [Consumer clientId=consumer-anonymous.777e2bc3-eb50-4b9f-8b85-f58f15efd44b-2, groupId=anonymous.777e2bc3-eb50-4b9f-8b85-f58f15efd44b] Discovered group coordinator localhost:9092 (id: 2147483646 rack: null)
2026-08-31T22:21:31.694+05:30  INFO 37308 --- [bmp-booking-service] [85-f58f15efd44b] o.a.k.c.c.internals.ConsumerCoordinator  : [Consumer clientId=consumer-anonymous.777e2bc3-eb50-4b9f-8b85-f58f15efd44b-2, groupId=anonymous.777e2bc3-eb50-4b9f-8b85-f58f15efd44b] Group coordinator localhost:9092 (id: 2147483646 rack: null) is unavailable or invalid due to cause: session timed out without receiving a heartbeat response. isDisconnected: false. Rediscovery will be attempted.
2026-08-31T22:21:31.716+05:30  INFO 37308 --- [bmp-booking-service] [85-f58f15efd44b] o.a.k.c.c.internals.ConsumerCoordinator  : [Consumer clientId=consumer-anonymous.777e2bc3-eb50-4b9f-8b85-f58f15efd44b-2, groupId=anonymous.777e2bc3-eb50-4b9f-8b85-f58f15efd44b] Requesting disconnect from last known coordinator localhost:9092 (id: 2147483646 rack: null)
2026-08-31T22:21:31.872+05:30  INFO 37308 --- [bmp-booking-service] [85-f58f15efd44b] org.apache.kafka.clients.NetworkClient   : [Consumer clientId=consumer-anonymous.777e2bc3-eb50-4b9f-8b85-f58f15efd44b-2, groupId=anonymous.777e2bc3-eb50-4b9f-8b85-f58f15efd44b] Client requested disconnect from node 2147483646
2026-08-31T22:21:31.873+05:30  INFO 37308 --- [bmp-booking-service] [85-f58f15efd44b] org.apache.kafka.clients.NetworkClient   : [Consumer clientId=consumer-anonymous.777e2bc3-eb50-4b9f-8b85-f58f15efd44b-2, groupId=anonymous.777e2bc3-eb50-4b9f-8b85-f58f15efd44b] Node 1 disconnected.
2026-08-31T22:21:31.873+05:30  INFO 37308 --- [bmp-booking-service] [85-f58f15efd44b] org.apache.kafka.clients.NetworkClient   : [Consumer clientId=consumer-anonymous.777e2bc3-eb50-4b9f-8b85-f58f15efd44b-2, groupId=anonymous.777e2bc3-eb50-4b9f-8b85-f58f15efd44b] Cancelled in-flight FETCH request with correlation id 139127 due to node 1 being disconnected (elapsed time since creation: 25522015ms, elapsed time since send: 25522015ms, throttle time: 0ms, request timeout: 30000ms)
2026-08-31T22:21:31.873+05:30  INFO 37308 --- [bmp-booking-service] [85-f58f15efd44b] org.apache.kafka.clients.NetworkClient   : [Consumer clientId=consumer-anonymous.777e2bc3-eb50-4b9f-8b85-f58f15efd44b-2, groupId=anonymous.777e2bc3-eb50-4b9f-8b85-f58f15efd44b] Cancelled in-flight METADATA request with correlation id 139128 due to node 1 being disconnected (elapsed time since creation: 1ms, elapsed time since send: 1ms, throttle time: 0ms, request timeout: 30000ms)
2026-08-31T22:21:31.873+05:30  INFO 37308 --- [bmp-booking-service] [85-f58f15efd44b] o.a.kafka.clients.FetchSessionHandler    : [Consumer clientId=consumer-anonymous.777e2bc3-eb50-4b9f-8b85-f58f15efd44b-2, groupId=anonymous.777e2bc3-eb50-4b9f-8b85-f58f15efd44b] Error sending fetch request (sessionId=2132670338, epoch=12) to node 1:

org.apache.kafka.common.errors.DisconnectException: null

2026-08-31T22:21:31.711+05:30  INFO 37308 --- [bmp-booking-service] [vice-producer-1] org.apache.kafka.clients.NetworkClient   : [Producer clientId=bmp-booking-service-producer-1] Node 1 disconnected.
2026-08-31T22:21:33.667+05:30  INFO 37308 --- [bmp-booking-service] [container-0-C-1] o.a.k.c.c.internals.ConsumerCoordinator  : [Consumer clientId=consumer-anonymous.777e2bc3-eb50-4b9f-8b85-f58f15efd44b-2, groupId=anonymous.777e2bc3-eb50-4b9f-8b85-f58f15efd44b] Discovered group coordinator localhost:9092 (id: 2147483646 rack: null)
2026-08-31T22:21:38.396+05:30  WARN 37308 --- [bmp-booking-service] [l-1 housekeeper] com.zaxxer.hikari.pool.HikariPool        : HikariPool-1 - Thread starvation or clock leap detected (housekeeper delta=10h5m51s101ms863µs201ns).
2026-08-31T22:21:38.398+05:30  INFO 37308 --- [bmp-booking-service] [pool-2-thread-1] org.apache.kafka.clients.NetworkClient   : [Consumer clientId=consumer-anonymous.777e2bc3-eb50-4b9f-8b85-f58f15efd44b-3, groupId=anonymous.777e2bc3-eb50-4b9f-8b85-f58f15efd44b] Node 2147483646 disconnected.
2026-08-31T22:21:38.405+05:30  INFO 37308 --- [bmp-booking-service] [pool-2-thread-1] o.a.k.c.c.internals.ConsumerCoordinator  : [Consumer clientId=consumer-anonymous.777e2bc3-eb50-4b9f-8b85-f58f15efd44b-3, groupId=anonymous.777e2bc3-eb50-4b9f-8b85-f58f15efd44b] Group coordinator localhost:9092 (id: 2147483646 rack: null) is unavailable or invalid due to cause: coordinator unavailable. isDisconnected: true. Rediscovery will be attempted.
2026-08-31T22:21:38.412+05:30  INFO 37308 --- [bmp-booking-service] [pool-2-thread-1] o.a.k.c.c.internals.ConsumerCoordinator  : [Consumer clientId=consumer-anonymous.777e2bc3-eb50-4b9f-8b85-f58f15efd44b-3, groupId=anonymous.777e2bc3-eb50-4b9f-8b85-f58f15efd44b] Discovered group coordinator localhost:9092 (id: 2147483646 rack: null)
2026-08-31T22:21:38.412+05:30  INFO 37308 --- [bmp-booking-service] [pool-2-thread-1] o.a.k.c.c.internals.ConsumerCoordinator  : [Consumer clientId=consumer-anonymous.777e2bc3-eb50-4b9f-8b85-f58f15efd44b-3, groupId=anonymous.777e2bc3-eb50-4b9f-8b85-f58f15efd44b] Group coordinator localhost:9092 (id: 2147483646 rack: null) is unavailable or invalid due to cause: coordinator unavailable. isDisconnected: false. Rediscovery will be attempted.
2026-08-31T22:21:38.412+05:30  INFO 37308 --- [bmp-booking-service] [pool-2-thread-1] o.a.k.c.c.internals.ConsumerCoordinator  : [Consumer clientId=consumer-anonymous.777e2bc3-eb50-4b9f-8b85-f58f15efd44b-3, groupId=anonymous.777e2bc3-eb50-4b9f-8b85-f58f15efd44b] Requesting disconnect from last known coordinator localhost:9092 (id: 2147483646 rack: null)
2026-08-31T22:21:38.549+05:30  INFO 37308 --- [bmp-booking-service] [pool-2-thread-1] o.a.k.c.c.internals.ConsumerCoordinator  : [Consumer clientId=consumer-anonymous.777e2bc3-eb50-4b9f-8b85-f58f15efd44b-3, groupId=anonymous.777e2bc3-eb50-4b9f-8b85-f58f15efd44b] Discovered group coordinator localhost:9092 (id: 2147483646 rack: null)
2026-08-31T22:25:02.065+05:30  INFO 37308 --- [bmp-booking-service] [rap-executor-%d] c.n.d.s.r.aws.ConfigClusterResolver      : Resolving eureka endpoints via configuration
2026-08-31T22:30:02.095+05:30  INFO 37308 --- [bmp-booking-service] [rap-executor-%d] c.n.d.s.r.aws.ConfigClusterResolver      : Resolving eureka endpoints via configuration
2026-08-31T22:38:18.595+05:30  INFO 37308 --- [bmp-booking-service] [container-0-C-1] org.apache.kafka.clients.NetworkClient   : [Consumer clientId=consumer-anonymous.777e2bc3-eb50-4b9f-8b85-f58f15efd44b-2, groupId=anonymous.777e2bc3-eb50-4b9f-8b85-f58f15efd44b] Disconnecting from node 1 due to request timeout.
2026-08-31T22:38:18.619+05:30  INFO 37308 --- [bmp-booking-service] [container-0-C-1] org.apache.kafka.clients.NetworkClient   : [Consumer clientId=consumer-anonymous.777e2bc3-eb50-4b9f-8b85-f58f15efd44b-2, groupId=anonymous.777e2bc3-eb50-4b9f-8b85-f58f15efd44b] Cancelled in-flight FETCH request with correlation id 140540 due to node 1 being disconnected (elapsed time since creation: 391356ms, elapsed time since send: 391356ms, throttle time: 0ms, request timeout: 30000ms)
2026-08-31T22:38:18.621+05:30  INFO 37308 --- [bmp-booking-service] [container-0-C-1] org.apache.kafka.clients.NetworkClient   : [Consumer clientId=consumer-anonymous.777e2bc3-eb50-4b9f-8b85-f58f15efd44b-2, groupId=anonymous.777e2bc3-eb50-4b9f-8b85-f58f15efd44b] Disconnecting from node 2147483646 due to request timeout.
2026-08-31T22:38:18.623+05:30  INFO 37308 --- [bmp-booking-service] [container-0-C-1] org.apache.kafka.clients.NetworkClient   : [Consumer clientId=consumer-anonymous.777e2bc3-eb50-4b9f-8b85-f58f15efd44b-2, groupId=anonymous.777e2bc3-eb50-4b9f-8b85-f58f15efd44b] Cancelled in-flight HEARTBEAT request with correlation id 140541 due to node 2147483646 being disconnected (elapsed time since creation: 390113ms, elapsed time since send: 390112ms, throttle time: 0ms, request timeout: 30000ms)
2026-08-31T22:38:18.625+05:30  INFO 37308 --- [bmp-booking-service] [container-0-C-1] o.a.kafka.clients.FetchSessionHandler    : [Consumer clientId=consumer-anonymous.777e2bc3-eb50-4b9f-8b85-f58f15efd44b-2, groupId=anonymous.777e2bc3-eb50-4b9f-8b85-f58f15efd44b] Error sending fetch request (sessionId=172792294, epoch=1197) to node 1:

org.apache.kafka.common.errors.DisconnectException: null

2026-08-31T22:38:18.709+05:30  INFO 37308 --- [bmp-booking-service] [85-f58f15efd44b] o.a.k.c.c.internals.ConsumerCoordinator  : [Consumer clientId=consumer-anonymous.777e2bc3-eb50-4b9f-8b85-f58f15efd44b-2, groupId=anonymous.777e2bc3-eb50-4b9f-8b85-f58f15efd44b] Group coordinator localhost:9092 (id: 2147483646 rack: null) is unavailable or invalid due to cause: session timed out without receiving a heartbeat response. isDisconnected: false. Rediscovery will be attempted.
2026-08-31T22:38:18.711+05:30  INFO 37308 --- [bmp-booking-service] [85-f58f15efd44b] o.a.k.c.c.internals.ConsumerCoordinator  : [Consumer clientId=consumer-anonymous.777e2bc3-eb50-4b9f-8b85-f58f15efd44b-2, groupId=anonymous.777e2bc3-eb50-4b9f-8b85-f58f15efd44b] Requesting disconnect from last known coordinator localhost:9092 (id: 2147483646 rack: null)
2026-08-31T22:38:19.747+05:30  INFO 37308 --- [bmp-booking-service] [container-0-C-1] o.a.k.c.c.internals.ConsumerCoordinator  : [Consumer clientId=consumer-anonymous.777e2bc3-eb50-4b9f-8b85-f58f15efd44b-2, groupId=anonymous.777e2bc3-eb50-4b9f-8b85-f58f15efd44b] Discovered group coordinator localhost:9092 (id: 2147483646 rack: null)
2026-08-31T22:38:19.750+05:30  INFO 37308 --- [bmp-booking-service] [container-0-C-1] o.a.k.c.c.internals.ConsumerCoordinator  : [Consumer clientId=consumer-anonymous.777e2bc3-eb50-4b9f-8b85-f58f15efd44b-2, groupId=anonymous.777e2bc3-eb50-4b9f-8b85-f58f15efd44b] Discovered group coordinator localhost:9092 (id: 2147483646 rack: null)
2026-08-31T22:38:36.720+05:30  WARN 37308 --- [bmp-booking-service] [l-1 housekeeper] com.zaxxer.hikari.pool.HikariPool        : HikariPool-1 - Thread starvation or clock leap detected (housekeeper delta=6m58s316ms814µs200ns).
2026-08-31T22:41:30.278+05:30  INFO 37308 --- [bmp-booking-service] [rap-executor-%d] c.n.d.s.r.aws.ConfigClusterResolver      : Resolving eureka endpoints via configuration
2026-08-31T22:46:30.281+05:30  INFO 37308 --- [bmp-booking-service] [rap-executor-%d] c.n.d.s.r.aws.ConfigClusterResolver      : Resolving eureka endpoints via configuration
2026-08-31T22:51:30.286+05:30  INFO 37308 --- [bmp-booking-service] [rap-executor-%d] c.n.d.s.r.aws.ConfigClusterResolver      : Resolving eureka endpoints via configuration
2026-08-31T22:56:30.296+05:30  INFO 37308 --- [bmp-booking-service] [rap-executor-%d] c.n.d.s.r.aws.ConfigClusterResolver      : Resolving eureka endpoints via configuration
2026-08-31T23:01:30.329+05:30  INFO 37308 --- [bmp-booking-service] [rap-executor-%d] c.n.d.s.r.aws.ConfigClusterResolver      : Resolving eureka endpoints via configuration
2026-08-31T23:06:30.337+05:30  INFO 37308 --- [bmp-booking-service] [rap-executor-%d] c.n.d.s.r.aws.ConfigClusterResolver      : Resolving eureka endpoints via configuration
2026-08-31T23:11:30.355+05:30  INFO 37308 --- [bmp-booking-service] [rap-executor-%d] c.n.d.s.r.aws.ConfigClusterResolver      : Resolving eureka endpoints via configuration
2026-08-31T23:16:30.377+05:30  INFO 37308 --- [bmp-booking-service] [rap-executor-%d] c.n.d.s.r.aws.ConfigClusterResolver      : Resolving eureka endpoints via configuration
2026-08-31T23:21:30.403+05:30  INFO 37308 --- [bmp-booking-service] [rap-executor-%d] c.n.d.s.r.aws.ConfigClusterResolver      : Resolving eureka endpoints via configuration
2026-08-31T23:26:30.425+05:30  INFO 37308 --- [bmp-booking-service] [rap-executor-%d] c.n.d.s.r.aws.ConfigClusterResolver      : Resolving eureka endpoints via configuration
2026-08-31T23:31:30.453+05:30  INFO 37308 --- [bmp-booking-service] [rap-executor-%d] c.n.d.s.r.aws.ConfigClusterResolver      : Resolving eureka endpoints via configuration
2026-08-31T23:36:30.466+05:30  INFO 37308 --- [bmp-booking-service] [rap-executor-%d] c.n.d.s.r.aws.ConfigClusterResolver      : Resolving eureka endpoints via configuration
2026-08-31T23:41:30.479+05:30  INFO 37308 --- [bmp-booking-service] [rap-executor-%d] c.n.d.s.r.aws.ConfigClusterResolver      : Resolving eureka endpoints via configuration
2026-08-31T23:46:30.485+05:30  INFO 37308 --- [bmp-booking-service] [rap-executor-%d] c.n.d.s.r.aws.ConfigClusterResolver      : Resolving eureka endpoints via configuration
2026-08-31T23:55:24.879+05:30  INFO 37308 --- [bmp-booking-service] [85-f58f15efd44b] org.apache.kafka.clients.NetworkClient   : [Consumer clientId=consumer-anonymous.777e2bc3-eb50-4b9f-8b85-f58f15efd44b-2, groupId=anonymous.777e2bc3-eb50-4b9f-8b85-f58f15efd44b] Disconnecting from node 1 due to request timeout.
2026-08-31T23:55:25.062+05:30  INFO 37308 --- [bmp-booking-service] [85-f58f15efd44b] org.apache.kafka.clients.NetworkClient   : [Consumer clientId=consumer-anonymous.777e2bc3-eb50-4b9f-8b85-f58f15efd44b-2, groupId=anonymous.777e2bc3-eb50-4b9f-8b85-f58f15efd44b] Cancelled in-flight FETCH request with correlation id 150557 due to node 1 being disconnected (elapsed time since creation: 303126ms, elapsed time since send: 303126ms, throttle time: 0ms, request timeout: 30000ms)
2026-08-31T23:55:25.107+05:30  INFO 37308 --- [bmp-booking-service] [85-f58f15efd44b] org.apache.kafka.clients.NetworkClient   : [Consumer clientId=consumer-anonymous.777e2bc3-eb50-4b9f-8b85-f58f15efd44b-2, groupId=anonymous.777e2bc3-eb50-4b9f-8b85-f58f15efd44b] Disconnecting from node 2147483646 due to request timeout.
2026-08-31T23:55:25.107+05:30  INFO 37308 --- [bmp-booking-service] [85-f58f15efd44b] org.apache.kafka.clients.NetworkClient   : [Consumer clientId=consumer-anonymous.777e2bc3-eb50-4b9f-8b85-f58f15efd44b-2, groupId=anonymous.777e2bc3-eb50-4b9f-8b85-f58f15efd44b] Cancelled in-flight HEARTBEAT request with correlation id 150558 due to node 2147483646 being disconnected (elapsed time since creation: 300945ms, elapsed time since send: 300945ms, throttle time: 0ms, request timeout: 30000ms)
2026-08-31T23:55:25.133+05:30  INFO 37308 --- [bmp-booking-service] [85-f58f15efd44b] o.a.kafka.clients.FetchSessionHandler    : [Consumer clientId=consumer-anonymous.777e2bc3-eb50-4b9f-8b85-f58f15efd44b-2, groupId=anonymous.777e2bc3-eb50-4b9f-8b85-f58f15efd44b] Error sending fetch request (sessionId=754943540, epoch=8544) to node 1:

org.apache.kafka.common.errors.DisconnectException: null

2026-08-31T23:55:25.446+05:30  INFO 37308 --- [bmp-booking-service] [85-f58f15efd44b] o.a.k.c.c.internals.ConsumerCoordinator  : [Consumer clientId=consumer-anonymous.777e2bc3-eb50-4b9f-8b85-f58f15efd44b-2, groupId=anonymous.777e2bc3-eb50-4b9f-8b85-f58f15efd44b] Group coordinator localhost:9092 (id: 2147483646 rack: null) is unavailable or invalid due to cause: null. isDisconnected: true. Rediscovery will be attempted.
2026-08-31T23:55:27.677+05:30  INFO 37308 --- [bmp-booking-service] [container-0-C-1] o.a.k.c.c.internals.ConsumerCoordinator  : [Consumer clientId=consumer-anonymous.777e2bc3-eb50-4b9f-8b85-f58f15efd44b-2, groupId=anonymous.777e2bc3-eb50-4b9f-8b85-f58f15efd44b] Discovered group coordinator localhost:9092 (id: 2147483646 rack: null)
2026-08-31T23:55:37.471+05:30  WARN 37308 --- [bmp-booking-service] [l-1 housekeeper] com.zaxxer.hikari.pool.HikariPool        : HikariPool-1 - Thread starvation or clock leap detected (housekeeper delta=5m29s673ms756µs600ns).
2026-08-31T23:56:30.028+05:30  INFO 37308 --- [bmp-booking-service] [rap-executor-%d] c.n.d.s.r.aws.ConfigClusterResolver      : Resolving eureka endpoints via configuration
2026-09-01T00:01:30.056+05:30  INFO 37308 --- [bmp-booking-service] [rap-executor-%d] c.n.d.s.r.aws.ConfigClusterResolver      : Resolving eureka endpoints via configuration
2026-09-01T00:06:30.095+05:30  INFO 37308 --- [bmp-booking-service] [rap-executor-%d] c.n.d.s.r.aws.ConfigClusterResolver      : Resolving eureka endpoints via configuration
2026-09-01T00:31:41.936+05:30  INFO 37308 --- [bmp-booking-service] [container-0-C-1] org.apache.kafka.clients.NetworkClient   : [Consumer clientId=consumer-anonymous.777e2bc3-eb50-4b9f-8b85-f58f15efd44b-2, groupId=anonymous.777e2bc3-eb50-4b9f-8b85-f58f15efd44b] Node 2147483646 disconnected.
2026-09-01T00:31:42.077+05:30  INFO 37308 --- [bmp-booking-service] [container-0-C-1] org.apache.kafka.clients.NetworkClient   : [Consumer clientId=consumer-anonymous.777e2bc3-eb50-4b9f-8b85-f58f15efd44b-2, groupId=anonymous.777e2bc3-eb50-4b9f-8b85-f58f15efd44b] Disconnecting from node 1 due to request timeout.
2026-09-01T00:31:42.136+05:30  INFO 37308 --- [bmp-booking-service] [container-0-C-1] org.apache.kafka.clients.NetworkClient   : [Consumer clientId=consumer-anonymous.777e2bc3-eb50-4b9f-8b85-f58f15efd44b-2, groupId=anonymous.777e2bc3-eb50-4b9f-8b85-f58f15efd44b] Cancelled in-flight FETCH request with correlation id 152777 due to node 1 being disconnected (elapsed time since creation: 1219450ms, elapsed time since send: 1219450ms, throttle time: 0ms, request timeout: 30000ms)
2026-09-01T00:31:42.181+05:30  INFO 37308 --- [bmp-booking-service] [85-f58f15efd44b] o.a.k.c.c.internals.ConsumerCoordinator  : [Consumer clientId=consumer-anonymous.777e2bc3-eb50-4b9f-8b85-f58f15efd44b-2, groupId=anonymous.777e2bc3-eb50-4b9f-8b85-f58f15efd44b] Group coordinator localhost:9092 (id: 2147483646 rack: null) is unavailable or invalid due to cause: session timed out without receiving a heartbeat response. isDisconnected: false. Rediscovery will be attempted.
2026-09-01T00:31:42.183+05:30  INFO 37308 --- [bmp-booking-service] [85-f58f15efd44b] o.a.k.c.c.internals.ConsumerCoordinator  : [Consumer clientId=consumer-anonymous.777e2bc3-eb50-4b9f-8b85-f58f15efd44b-2, groupId=anonymous.777e2bc3-eb50-4b9f-8b85-f58f15efd44b] Requesting disconnect from last known coordinator localhost:9092 (id: 2147483646 rack: null)
2026-09-01T00:31:42.229+05:30  INFO 37308 --- [bmp-booking-service] [container-0-C-1] o.a.kafka.clients.FetchSessionHandler    : [Consumer clientId=consumer-anonymous.777e2bc3-eb50-4b9f-8b85-f58f15efd44b-2, groupId=anonymous.777e2bc3-eb50-4b9f-8b85-f58f15efd44b] Error sending fetch request (sessionId=1245491608, epoch=1888) to node 1:

org.apache.kafka.common.errors.DisconnectException: null

2026-09-01T00:31:44.322+05:30  INFO 37308 --- [bmp-booking-service] [container-0-C-1] o.a.k.c.c.internals.ConsumerCoordinator  : [Consumer clientId=consumer-anonymous.777e2bc3-eb50-4b9f-8b85-f58f15efd44b-2, groupId=anonymous.777e2bc3-eb50-4b9f-8b85-f58f15efd44b] Discovered group coordinator localhost:9092 (id: 2147483646 rack: null)
2026-09-01T00:31:46.247+05:30  INFO 37308 --- [bmp-booking-service] [rap-executor-%d] c.n.d.s.r.aws.ConfigClusterResolver      : Resolving eureka endpoints via configuration
2026-09-01T00:31:47.687+05:30  INFO 37308 --- [bmp-booking-service] [vice-producer-1] org.apache.kafka.clients.NetworkClient   : [Producer clientId=bmp-booking-service-producer-1] Node 1 disconnected.
2026-09-01T00:31:53.862+05:30  WARN 37308 --- [bmp-booking-service] [l-1 housekeeper] com.zaxxer.hikari.pool.HikariPool        : HikariPool-1 - Thread starvation or clock leap detected (housekeeper delta=20m46s265ms124µs).
2026-09-01T00:32:24.510+05:30  INFO 37308 --- [bmp-booking-service] [pool-2-thread-1] org.apache.kafka.clients.NetworkClient   : [Consumer clientId=consumer-anonymous.777e2bc3-eb50-4b9f-8b85-f58f15efd44b-3, groupId=anonymous.777e2bc3-eb50-4b9f-8b85-f58f15efd44b] Node 2147483646 disconnected.
2026-09-01T00:32:24.515+05:30  INFO 37308 --- [bmp-booking-service] [pool-2-thread-1] o.a.k.c.c.internals.ConsumerCoordinator  : [Consumer clientId=consumer-anonymous.777e2bc3-eb50-4b9f-8b85-f58f15efd44b-3, groupId=anonymous.777e2bc3-eb50-4b9f-8b85-f58f15efd44b] Group coordinator localhost:9092 (id: 2147483646 rack: null) is unavailable or invalid due to cause: coordinator unavailable. isDisconnected: true. Rediscovery will be attempted.
2026-09-01T00:32:24.519+05:30  INFO 37308 --- [bmp-booking-service] [pool-2-thread-1] o.a.k.c.c.internals.ConsumerCoordinator  : [Consumer clientId=consumer-anonymous.777e2bc3-eb50-4b9f-8b85-f58f15efd44b-3, groupId=anonymous.777e2bc3-eb50-4b9f-8b85-f58f15efd44b] Discovered group coordinator localhost:9092 (id: 2147483646 rack: null)
2026-09-01T00:32:24.519+05:30  INFO 37308 --- [bmp-booking-service] [pool-2-thread-1] o.a.k.c.c.internals.ConsumerCoordinator  : [Consumer clientId=consumer-anonymous.777e2bc3-eb50-4b9f-8b85-f58f15efd44b-3, groupId=anonymous.777e2bc3-eb50-4b9f-8b85-f58f15efd44b] Group coordinator localhost:9092 (id: 2147483646 rack: null) is unavailable or invalid due to cause: coordinator unavailable. isDisconnected: false. Rediscovery will be attempted.
2026-09-01T00:32:24.519+05:30  INFO 37308 --- [bmp-booking-service] [pool-2-thread-1] o.a.k.c.c.internals.ConsumerCoordinator  : [Consumer clientId=consumer-anonymous.777e2bc3-eb50-4b9f-8b85-f58f15efd44b-3, groupId=anonymous.777e2bc3-eb50-4b9f-8b85-f58f15efd44b] Requesting disconnect from last known coordinator localhost:9092 (id: 2147483646 rack: null)
2026-09-01T00:32:24.615+05:30  INFO 37308 --- [bmp-booking-service] [pool-2-thread-1] o.a.k.c.c.internals.ConsumerCoordinator  : [Consumer clientId=consumer-anonymous.777e2bc3-eb50-4b9f-8b85-f58f15efd44b-3, groupId=anonymous.777e2bc3-eb50-4b9f-8b85-f58f15efd44b] Discovered group coordinator localhost:9092 (id: 2147483646 rack: null)
2026-09-01T00:36:46.302+05:30  INFO 37308 --- [bmp-booking-service] [rap-executor-%d] c.n.d.s.r.aws.ConfigClusterResolver      : Resolving eureka endpoints via configuration
2026-09-01T00:41:46.329+05:30  INFO 37308 --- [bmp-booking-service] [rap-executor-%d] c.n.d.s.r.aws.ConfigClusterResolver      : Resolving eureka endpoints via configuration
2026-09-01T00:46:46.349+05:30  INFO 37308 --- [bmp-booking-service] [rap-executor-%d] c.n.d.s.r.aws.ConfigClusterResolver      : Resolving eureka endpoints via configuration
2026-09-01T00:51:46.370+05:30  INFO 37308 --- [bmp-booking-service] [rap-executor-%d] c.n.d.s.r.aws.ConfigClusterResolver      : Resolving eureka endpoints via configuration
2026-09-01T00:56:46.398+05:30  INFO 37308 --- [bmp-booking-service] [rap-executor-%d] c.n.d.s.r.aws.ConfigClusterResolver      : Resolving eureka endpoints via configuration
2026-09-01T01:01:46.403+05:30  INFO 37308 --- [bmp-booking-service] [rap-executor-%d] c.n.d.s.r.aws.ConfigClusterResolver      : Resolving eureka endpoints via configuration
2026-09-01T01:06:46.410+05:30  INFO 37308 --- [bmp-booking-service] [rap-executor-%d] c.n.d.s.r.aws.ConfigClusterResolver      : Resolving eureka endpoints via configuration
2026-09-01T01:11:46.421+05:30  INFO 37308 --- [bmp-booking-service] [rap-executor-%d] c.n.d.s.r.aws.ConfigClusterResolver      : Resolving eureka endpoints via configuration
2026-09-01T01:16:46.439+05:30  INFO 37308 --- [bmp-booking-service] [rap-executor-%d] c.n.d.s.r.aws.ConfigClusterResolver      : Resolving eureka endpoints via configuration
2026-09-01T01:21:46.467+05:30  INFO 37308 --- [bmp-booking-service] [rap-executor-%d] c.n.d.s.r.aws.ConfigClusterResolver      : Resolving eureka endpoints via configuration
2026-09-01T01:26:46.491+05:30  INFO 37308 --- [bmp-booking-service] [rap-executor-%d] c.n.d.s.r.aws.ConfigClusterResolver      : Resolving eureka endpoints via configuration
2026-09-01T01:31:46.502+05:30  INFO 37308 --- [bmp-booking-service] [rap-executor-%d] c.n.d.s.r.aws.ConfigClusterResolver      : Resolving eureka endpoints via configuration
2026-09-01T01:36:46.519+05:30  INFO 37308 --- [bmp-booking-service] [rap-executor-%d] c.n.d.s.r.aws.ConfigClusterResolver      : Resolving eureka endpoints via configuration
2026-09-01T04:40:46.124+05:30  INFO 37308 --- [bmp-booking-service] [container-0-C-1] org.apache.kafka.clients.NetworkClient   : [Consumer clientId=consumer-anonymous.777e2bc3-eb50-4b9f-8b85-f58f15efd44b-2, groupId=anonymous.777e2bc3-eb50-4b9f-8b85-f58f15efd44b] Node 1 disconnected.
2026-09-01T04:40:46.360+05:30  INFO 37308 --- [bmp-booking-service] [container-0-C-1] org.apache.kafka.clients.NetworkClient   : [Consumer clientId=consumer-anonymous.777e2bc3-eb50-4b9f-8b85-f58f15efd44b-2, groupId=anonymous.777e2bc3-eb50-4b9f-8b85-f58f15efd44b] Cancelled in-flight FETCH request with correlation id 162363 due to node 1 being disconnected (elapsed time since creation: 10803042ms, elapsed time since send: 10803042ms, throttle time: 0ms, request timeout: 30000ms)
2026-09-01T04:40:46.366+05:30  INFO 37308 --- [bmp-booking-service] [container-0-C-1] org.apache.kafka.clients.NetworkClient   : [Consumer clientId=consumer-anonymous.777e2bc3-eb50-4b9f-8b85-f58f15efd44b-2, groupId=anonymous.777e2bc3-eb50-4b9f-8b85-f58f15efd44b] Disconnecting from node 2147483646 due to request timeout.
2026-09-01T04:40:46.367+05:30  INFO 37308 --- [bmp-booking-service] [container-0-C-1] org.apache.kafka.clients.NetworkClient   : [Consumer clientId=consumer-anonymous.777e2bc3-eb50-4b9f-8b85-f58f15efd44b-2, groupId=anonymous.777e2bc3-eb50-4b9f-8b85-f58f15efd44b] Cancelled in-flight HEARTBEAT request with correlation id 162364 due to node 2147483646 being disconnected (elapsed time since creation: 10801720ms, elapsed time since send: 10801720ms, throttle time: 0ms, request timeout: 30000ms)
2026-09-01T04:40:46.481+05:30  INFO 37308 --- [bmp-booking-service] [85-f58f15efd44b] o.a.k.c.c.internals.ConsumerCoordinator  : [Consumer clientId=consumer-anonymous.777e2bc3-eb50-4b9f-8b85-f58f15efd44b-2, groupId=anonymous.777e2bc3-eb50-4b9f-8b85-f58f15efd44b] Group coordinator localhost:9092 (id: 2147483646 rack: null) is unavailable or invalid due to cause: null. isDisconnected: true. Rediscovery will be attempted.
2026-09-01T04:40:46.780+05:30  INFO 37308 --- [bmp-booking-service] [vice-producer-1] org.apache.kafka.clients.NetworkClient   : [Producer clientId=bmp-booking-service-producer-1] Node 1 disconnected.
2026-09-01T04:40:46.413+05:30  INFO 37308 --- [bmp-booking-service] [container-0-C-1] o.a.kafka.clients.FetchSessionHandler    : [Consumer clientId=consumer-anonymous.777e2bc3-eb50-4b9f-8b85-f58f15efd44b-2, groupId=anonymous.777e2bc3-eb50-4b9f-8b85-f58f15efd44b] Error sending fetch request (sessionId=605963919, epoch=8178) to node 1:

org.apache.kafka.common.errors.DisconnectException: null

2026-09-01T04:40:49.938+05:30  INFO 37308 --- [bmp-booking-service] [container-0-C-1] o.a.k.c.c.internals.ConsumerCoordinator  : [Consumer clientId=consumer-anonymous.777e2bc3-eb50-4b9f-8b85-f58f15efd44b-2, groupId=anonymous.777e2bc3-eb50-4b9f-8b85-f58f15efd44b] Discovered group coordinator localhost:9092 (id: 2147483646 rack: null)
2026-09-01T04:40:49.941+05:30  INFO 37308 --- [bmp-booking-service] [container-0-C-1] o.a.k.c.c.internals.ConsumerCoordinator  : [Consumer clientId=consumer-anonymous.777e2bc3-eb50-4b9f-8b85-f58f15efd44b-2, groupId=anonymous.777e2bc3-eb50-4b9f-8b85-f58f15efd44b] Discovered group coordinator localhost:9092 (id: 2147483646 rack: null)
2026-09-01T04:40:53.328+05:30  WARN 37308 --- [bmp-booking-service] [l-1 housekeeper] com.zaxxer.hikari.pool.HikariPool        : HikariPool-1 - Thread starvation or clock leap detected (housekeeper delta=3h28s516ms333µs200ns).
2026-09-01T13:42:03.501+05:30  INFO 37308 --- [bmp-booking-service] [85-f58f15efd44b] org.apache.kafka.clients.NetworkClient   : [Consumer clientId=consumer-anonymous.777e2bc3-eb50-4b9f-8b85-f58f15efd44b-2, groupId=anonymous.777e2bc3-eb50-4b9f-8b85-f58f15efd44b] Node 1 disconnected.
2026-09-01T13:42:03.501+05:30  INFO 37308 --- [bmp-booking-service] [85-f58f15efd44b] org.apache.kafka.clients.NetworkClient   : [Consumer clientId=consumer-anonymous.777e2bc3-eb50-4b9f-8b85-f58f15efd44b-2, groupId=anonymous.777e2bc3-eb50-4b9f-8b85-f58f15efd44b] Cancelled in-flight FETCH request with correlation id 162384 due to node 1 being disconnected (elapsed time since creation: 32467949ms, elapsed time since send: 32467949ms, throttle time: 0ms, request timeout: 30000ms)
2026-09-01T13:42:03.502+05:30  INFO 37308 --- [bmp-booking-service] [85-f58f15efd44b] org.apache.kafka.clients.NetworkClient   : [Consumer clientId=consumer-anonymous.777e2bc3-eb50-4b9f-8b85-f58f15efd44b-2, groupId=anonymous.777e2bc3-eb50-4b9f-8b85-f58f15efd44b] Cancelled in-flight METADATA request with correlation id 162386 due to node 1 being disconnected (elapsed time since creation: 0ms, elapsed time since send: 0ms, throttle time: 0ms, request timeout: 30000ms)
2026-09-01T13:42:03.502+05:30  INFO 37308 --- [bmp-booking-service] [85-f58f15efd44b] org.apache.kafka.clients.NetworkClient   : [Consumer clientId=consumer-anonymous.777e2bc3-eb50-4b9f-8b85-f58f15efd44b-2, groupId=anonymous.777e2bc3-eb50-4b9f-8b85-f58f15efd44b] Disconnecting from node 2147483646 due to request timeout.
2026-09-01T13:42:03.502+05:30  INFO 37308 --- [bmp-booking-service] [85-f58f15efd44b] org.apache.kafka.clients.NetworkClient   : [Consumer clientId=consumer-anonymous.777e2bc3-eb50-4b9f-8b85-f58f15efd44b-2, groupId=anonymous.777e2bc3-eb50-4b9f-8b85-f58f15efd44b] Cancelled in-flight HEARTBEAT request with correlation id 162385 due to node 2147483646 being disconnected (elapsed time since creation: 32467540ms, elapsed time since send: 32467540ms, throttle time: 0ms, request timeout: 30000ms)
2026-09-01T13:42:03.502+05:30  INFO 37308 --- [bmp-booking-service] [85-f58f15efd44b] o.a.kafka.clients.FetchSessionHandler    : [Consumer clientId=consumer-anonymous.777e2bc3-eb50-4b9f-8b85-f58f15efd44b-2, groupId=anonymous.777e2bc3-eb50-4b9f-8b85-f58f15efd44b] Error sending fetch request (sessionId=2038879766, epoch=11) to node 1:

org.apache.kafka.common.errors.DisconnectException: null

2026-09-01T13:42:04.736+05:30  INFO 37308 --- [bmp-booking-service] [85-f58f15efd44b] o.a.k.c.c.internals.ConsumerCoordinator  : [Consumer clientId=consumer-anonymous.777e2bc3-eb50-4b9f-8b85-f58f15efd44b-2, groupId=anonymous.777e2bc3-eb50-4b9f-8b85-f58f15efd44b] Group coordinator localhost:9092 (id: 2147483646 rack: null) is unavailable or invalid due to cause: null. isDisconnected: true. Rediscovery will be attempted.
2026-09-01T13:42:06.541+05:30  INFO 37308 --- [bmp-booking-service] [container-0-C-1] o.a.k.c.c.internals.ConsumerCoordinator  : [Consumer clientId=consumer-anonymous.777e2bc3-eb50-4b9f-8b85-f58f15efd44b-2, groupId=anonymous.777e2bc3-eb50-4b9f-8b85-f58f15efd44b] Discovered group coordinator localhost:9092 (id: 2147483646 rack: null)
2026-09-01T13:42:19.173+05:30  INFO 37308 --- [bmp-booking-service] [vice-producer-1] org.apache.kafka.clients.NetworkClient   : [Producer clientId=bmp-booking-service-producer-1] Node 1 disconnected.
2026-09-01T13:42:25.383+05:30  WARN 37308 --- [bmp-booking-service] [l-1 housekeeper] com.zaxxer.hikari.pool.HikariPool        : HikariPool-1 - Thread starvation or clock leap detected (housekeeper delta=9h1m39s197ms831µs500ns).
2026-09-01T13:42:26.612+05:30  INFO 37308 --- [bmp-booking-service] [pool-2-thread-1] org.apache.kafka.clients.NetworkClient   : [Consumer clientId=consumer-anonymous.777e2bc3-eb50-4b9f-8b85-f58f15efd44b-3, groupId=anonymous.777e2bc3-eb50-4b9f-8b85-f58f15efd44b] Node 2147483646 disconnected.
2026-09-01T13:42:46.841+05:30  INFO 37308 --- [bmp-booking-service] [rap-executor-%d] c.n.d.s.r.aws.ConfigClusterResolver      : Resolving eureka endpoints via configuration
2026-09-01T13:47:46.884+05:30  INFO 37308 --- [bmp-booking-service] [rap-executor-%d] c.n.d.s.r.aws.ConfigClusterResolver      : Resolving eureka endpoints via configuration
2026-09-01T13:52:46.949+05:30  INFO 37308 --- [bmp-booking-service] [rap-executor-%d] c.n.d.s.r.aws.ConfigClusterResolver      : Resolving eureka endpoints via configuration
2026-09-01T13:57:47.034+05:30  INFO 37308 --- [bmp-booking-service] [rap-executor-%d] c.n.d.s.r.aws.ConfigClusterResolver      : Resolving eureka endpoints via configuration
2026-09-01T14:02:47.048+05:30  INFO 37308 --- [bmp-booking-service] [rap-executor-%d] c.n.d.s.r.aws.ConfigClusterResolver      : Resolving eureka endpoints via configuration
2026-09-01T14:44:41.836+05:30  INFO 37308 --- [bmp-booking-service] [vice-producer-1] org.apache.kafka.clients.NetworkClient   : [Producer clientId=bmp-booking-service-producer-1] Node 1 disconnected.
2026-09-01T14:44:41.897+05:30  INFO 37308 --- [bmp-booking-service] [85-f58f15efd44b] org.apache.kafka.clients.NetworkClient   : [Consumer clientId=consumer-anonymous.777e2bc3-eb50-4b9f-8b85-f58f15efd44b-2, groupId=anonymous.777e2bc3-eb50-4b9f-8b85-f58f15efd44b] Node 2147483646 disconnected.
2026-09-01T14:44:42.050+05:30  INFO 37308 --- [bmp-booking-service] [85-f58f15efd44b] org.apache.kafka.clients.NetworkClient   : [Consumer clientId=consumer-anonymous.777e2bc3-eb50-4b9f-8b85-f58f15efd44b-2, groupId=anonymous.777e2bc3-eb50-4b9f-8b85-f58f15efd44b] Cancelled in-flight HEARTBEAT request with correlation id 165409 due to node 2147483646 being disconnected (elapsed time since creation: 2452903ms, elapsed time since send: 2452903ms, throttle time: 0ms, request timeout: 30000ms)
2026-09-01T14:44:42.053+05:30  INFO 37308 --- [bmp-booking-service] [85-f58f15efd44b] org.apache.kafka.clients.NetworkClient   : [Consumer clientId=consumer-anonymous.777e2bc3-eb50-4b9f-8b85-f58f15efd44b-2, groupId=anonymous.777e2bc3-eb50-4b9f-8b85-f58f15efd44b] Disconnecting from node 1 due to request timeout.
2026-09-01T14:44:42.104+05:30  INFO 37308 --- [bmp-booking-service] [85-f58f15efd44b] org.apache.kafka.clients.NetworkClient   : [Consumer clientId=consumer-anonymous.777e2bc3-eb50-4b9f-8b85-f58f15efd44b-2, groupId=anonymous.777e2bc3-eb50-4b9f-8b85-f58f15efd44b] Cancelled in-flight FETCH request with correlation id 165408 due to node 1 being disconnected (elapsed time since creation: 2454998ms, elapsed time since send: 2454998ms, throttle time: 0ms, request timeout: 30000ms)
2026-09-01T14:44:42.155+05:30  INFO 37308 --- [bmp-booking-service] [85-f58f15efd44b] o.a.k.c.c.internals.ConsumerCoordinator  : [Consumer clientId=consumer-anonymous.777e2bc3-eb50-4b9f-8b85-f58f15efd44b-2, groupId=anonymous.777e2bc3-eb50-4b9f-8b85-f58f15efd44b] Group coordinator localhost:9092 (id: 2147483646 rack: null) is unavailable or invalid due to cause: null. isDisconnected: true. Rediscovery will be attempted.
2026-09-01T14:44:42.202+05:30  INFO 37308 --- [bmp-booking-service] [85-f58f15efd44b] o.a.kafka.clients.FetchSessionHandler    : [Consumer clientId=consumer-anonymous.777e2bc3-eb50-4b9f-8b85-f58f15efd44b-2, groupId=anonymous.777e2bc3-eb50-4b9f-8b85-f58f15efd44b] Error sending fetch request (sessionId=1571000575, epoch=2575) to node 1:

org.apache.kafka.common.errors.DisconnectException: null

2026-09-01T14:44:44.758+05:30  INFO 37308 --- [bmp-booking-service] [container-0-C-1] o.a.k.c.c.internals.ConsumerCoordinator  : [Consumer clientId=consumer-anonymous.777e2bc3-eb50-4b9f-8b85-f58f15efd44b-2, groupId=anonymous.777e2bc3-eb50-4b9f-8b85-f58f15efd44b] Discovered group coordinator localhost:9092 (id: 2147483646 rack: null)
2026-09-01T14:44:47.123+05:30  WARN 37308 --- [bmp-booking-service] [l-1 housekeeper] com.zaxxer.hikari.pool.HikariPool        : HikariPool-1 - Thread starvation or clock leap detected (housekeeper delta=41m21s484ms765µs).
2026-09-01T14:45:18.748+05:30  INFO 37308 --- [bmp-booking-service] [pool-2-thread-1] org.apache.kafka.clients.NetworkClient   : [Consumer clientId=consumer-anonymous.777e2bc3-eb50-4b9f-8b85-f58f15efd44b-3, groupId=anonymous.777e2bc3-eb50-4b9f-8b85-f58f15efd44b] Node 2147483646 disconnected.
2026-09-01T14:45:18.757+05:30  INFO 37308 --- [bmp-booking-service] [pool-2-thread-1] o.a.k.c.c.internals.ConsumerCoordinator  : [Consumer clientId=consumer-anonymous.777e2bc3-eb50-4b9f-8b85-f58f15efd44b-3, groupId=anonymous.777e2bc3-eb50-4b9f-8b85-f58f15efd44b] Group coordinator localhost:9092 (id: 2147483646 rack: null) is unavailable or invalid due to cause: coordinator unavailable. isDisconnected: true. Rediscovery will be attempted.
2026-09-01T14:45:18.759+05:30  INFO 37308 --- [bmp-booking-service] [pool-2-thread-1] o.a.k.c.c.internals.ConsumerCoordinator  : [Consumer clientId=consumer-anonymous.777e2bc3-eb50-4b9f-8b85-f58f15efd44b-3, groupId=anonymous.777e2bc3-eb50-4b9f-8b85-f58f15efd44b] Discovered group coordinator localhost:9092 (id: 2147483646 rack: null)
2026-09-01T14:45:18.760+05:30  INFO 37308 --- [bmp-booking-service] [pool-2-thread-1] o.a.k.c.c.internals.ConsumerCoordinator  : [Consumer clientId=consumer-anonymous.777e2bc3-eb50-4b9f-8b85-f58f15efd44b-3, groupId=anonymous.777e2bc3-eb50-4b9f-8b85-f58f15efd44b] Group coordinator localhost:9092 (id: 2147483646 rack: null) is unavailable or invalid due to cause: coordinator unavailable. isDisconnected: false. Rediscovery will be attempted.
2026-09-01T14:45:18.760+05:30  INFO 37308 --- [bmp-booking-service] [pool-2-thread-1] o.a.k.c.c.internals.ConsumerCoordinator  : [Consumer clientId=consumer-anonymous.777e2bc3-eb50-4b9f-8b85-f58f15efd44b-3, groupId=anonymous.777e2bc3-eb50-4b9f-8b85-f58f15efd44b] Requesting disconnect from last known coordinator localhost:9092 (id: 2147483646 rack: null)
2026-09-01T14:45:18.879+05:30  INFO 37308 --- [bmp-booking-service] [pool-2-thread-1] o.a.k.c.c.internals.ConsumerCoordinator  : [Consumer clientId=consumer-anonymous.777e2bc3-eb50-4b9f-8b85-f58f15efd44b-3, groupId=anonymous.777e2bc3-eb50-4b9f-8b85-f58f15efd44b] Discovered group coordinator localhost:9092 (id: 2147483646 rack: null)
2026-09-01T14:48:38.383+05:30  INFO 37308 --- [bmp-booking-service] [rap-executor-%d] c.n.d.s.r.aws.ConfigClusterResolver      : Resolving eureka endpoints via configuration
2026-09-01T14:53:38.401+05:30  INFO 37308 --- [bmp-booking-service] [rap-executor-%d] c.n.d.s.r.aws.ConfigClusterResolver      : Resolving eureka endpoints via configuration
2026-09-01T14:58:38.416+05:30  INFO 37308 --- [bmp-booking-service] [rap-executor-%d] c.n.d.s.r.aws.ConfigClusterResolver      : Resolving eureka endpoints via configuration
2026-09-01T15:03:38.467+05:30  INFO 37308 --- [bmp-booking-service] [rap-executor-%d] c.n.d.s.r.aws.ConfigClusterResolver      : Resolving eureka endpoints via configuration
2026-09-01T15:08:38.514+05:30  INFO 37308 --- [bmp-booking-service] [rap-executor-%d] c.n.d.s.r.aws.ConfigClusterResolver      : Resolving eureka endpoints via configuration
2026-09-01T15:13:38.518+05:30  INFO 37308 --- [bmp-booking-service] [rap-executor-%d] c.n.d.s.r.aws.ConfigClusterResolver      : Resolving eureka endpoints via configuration
2026-09-01T15:18:38.520+05:30  INFO 37308 --- [bmp-booking-service] [rap-executor-%d] c.n.d.s.r.aws.ConfigClusterResolver      : Resolving eureka endpoints via configuration
2026-09-01T15:23:38.534+05:30  INFO 37308 --- [bmp-booking-service] [rap-executor-%d] c.n.d.s.r.aws.ConfigClusterResolver      : Resolving eureka endpoints via configuration
2026-09-01T15:28:38.537+05:30  INFO 37308 --- [bmp-booking-service] [rap-executor-%d] c.n.d.s.r.aws.ConfigClusterResolver      : Resolving eureka endpoints via configuration
2026-09-01T15:33:38.543+05:30  INFO 37308 --- [bmp-booking-service] [rap-executor-%d] c.n.d.s.r.aws.ConfigClusterResolver      : Resolving eureka endpoints via configuration
2026-09-01T15:38:38.557+05:30  INFO 37308 --- [bmp-booking-service] [rap-executor-%d] c.n.d.s.r.aws.ConfigClusterResolver      : Resolving eureka endpoints via configuration
2026-09-01T15:43:38.567+05:30  INFO 37308 --- [bmp-booking-service] [rap-executor-%d] c.n.d.s.r.aws.ConfigClusterResolver      : Resolving eureka endpoints via configuration
2026-09-01T15:48:38.583+05:30  INFO 37308 --- [bmp-booking-service] [rap-executor-%d] c.n.d.s.r.aws.ConfigClusterResolver      : Resolving eureka endpoints via configuration
2026-09-01T15:53:38.588+05:30  INFO 37308 --- [bmp-booking-service] [rap-executor-%d] c.n.d.s.r.aws.ConfigClusterResolver      : Resolving eureka endpoints via configuration
2026-09-01T15:58:38.601+05:30  INFO 37308 --- [bmp-booking-service] [rap-executor-%d] c.n.d.s.r.aws.ConfigClusterResolver      : Resolving eureka endpoints via configuration
2026-09-01T16:03:38.621+05:30  INFO 37308 --- [bmp-booking-service] [rap-executor-%d] c.n.d.s.r.aws.ConfigClusterResolver      : Resolving eureka endpoints via configuration
2026-09-01T16:08:38.635+05:30  INFO 37308 --- [bmp-booking-service] [rap-executor-%d] c.n.d.s.r.aws.ConfigClusterResolver      : Resolving eureka endpoints via configuration
2026-09-01T16:13:38.640+05:30  INFO 37308 --- [bmp-booking-service] [rap-executor-%d] c.n.d.s.r.aws.ConfigClusterResolver      : Resolving eureka endpoints via configuration
2026-09-01T16:18:38.648+05:30  INFO 37308 --- [bmp-booking-service] [rap-executor-%d] c.n.d.s.r.aws.ConfigClusterResolver      : Resolving eureka endpoints via configuration
2026-09-01T17:07:56.248+05:30  INFO 37308 --- [bmp-booking-service] [container-0-C-1] org.apache.kafka.clients.NetworkClient   : [Consumer clientId=consumer-anonymous.777e2bc3-eb50-4b9f-8b85-f58f15efd44b-2, groupId=anonymous.777e2bc3-eb50-4b9f-8b85-f58f15efd44b] Node 1 disconnected.
2026-09-01T17:07:56.637+05:30  INFO 37308 --- [bmp-booking-service] [container-0-C-1] org.apache.kafka.clients.NetworkClient   : [Consumer clientId=consumer-anonymous.777e2bc3-eb50-4b9f-8b85-f58f15efd44b-2, groupId=anonymous.777e2bc3-eb50-4b9f-8b85-f58f15efd44b] Cancelled in-flight FETCH request with correlation id 178999 due to node 1 being disconnected (elapsed time since creation: 2729177ms, elapsed time since send: 2729177ms, throttle time: 0ms, request timeout: 30000ms)
2026-09-01T17:07:56.805+05:30  INFO 37308 --- [bmp-booking-service] [container-0-C-1] org.apache.kafka.clients.NetworkClient   : [Consumer clientId=consumer-anonymous.777e2bc3-eb50-4b9f-8b85-f58f15efd44b-2, groupId=anonymous.777e2bc3-eb50-4b9f-8b85-f58f15efd44b] Disconnecting from node 2147483646 due to request timeout.
2026-09-01T17:07:56.934+05:30  INFO 37308 --- [bmp-booking-service] [container-0-C-1] org.apache.kafka.clients.NetworkClient   : [Consumer clientId=consumer-anonymous.777e2bc3-eb50-4b9f-8b85-f58f15efd44b-2, groupId=anonymous.777e2bc3-eb50-4b9f-8b85-f58f15efd44b] Cancelled in-flight HEARTBEAT request with correlation id 179000 due to node 2147483646 being disconnected (elapsed time since creation: 2728032ms, elapsed time since send: 2728032ms, throttle time: 0ms, request timeout: 30000ms)
2026-09-01T17:07:57.281+05:30  INFO 37308 --- [bmp-booking-service] [85-f58f15efd44b] o.a.k.c.c.internals.ConsumerCoordinator  : [Consumer clientId=consumer-anonymous.777e2bc3-eb50-4b9f-8b85-f58f15efd44b-2, groupId=anonymous.777e2bc3-eb50-4b9f-8b85-f58f15efd44b] Group coordinator localhost:9092 (id: 2147483646 rack: null) is unavailable or invalid due to cause: null. isDisconnected: true. Rediscovery will be attempted.
2026-09-01T17:07:57.131+05:30  INFO 37308 --- [bmp-booking-service] [container-0-C-1] o.a.kafka.clients.FetchSessionHandler    : [Consumer clientId=consumer-anonymous.777e2bc3-eb50-4b9f-8b85-f58f15efd44b-2, groupId=anonymous.777e2bc3-eb50-4b9f-8b85-f58f15efd44b] Error sending fetch request (sessionId=2136662530, epoch=11596) to node 1:

org.apache.kafka.common.errors.DisconnectException: null

2026-09-01T17:07:58.292+05:30  INFO 37308 --- [bmp-booking-service] [container-0-C-1] o.a.k.c.c.internals.ConsumerCoordinator  : [Consumer clientId=consumer-anonymous.777e2bc3-eb50-4b9f-8b85-f58f15efd44b-2, groupId=anonymous.777e2bc3-eb50-4b9f-8b85-f58f15efd44b] Discovered group coordinator localhost:9092 (id: 2147483646 rack: null)
2026-09-01T17:07:58.323+05:30  INFO 37308 --- [bmp-booking-service] [container-0-C-1] o.a.k.c.c.internals.ConsumerCoordinator  : [Consumer clientId=consumer-anonymous.777e2bc3-eb50-4b9f-8b85-f58f15efd44b-2, groupId=anonymous.777e2bc3-eb50-4b9f-8b85-f58f15efd44b] Discovered group coordinator localhost:9092 (id: 2147483646 rack: null)
2026-09-01T17:08:09.298+05:30  INFO 37308 --- [bmp-booking-service] [vice-producer-1] org.apache.kafka.clients.NetworkClient   : [Producer clientId=bmp-booking-service-producer-1] Node 1 disconnected.
2026-09-01T17:08:13.746+05:30  WARN 37308 --- [bmp-booking-service] [l-1 housekeeper] com.zaxxer.hikari.pool.HikariPool        : HikariPool-1 - Thread starvation or clock leap detected (housekeeper delta=45m55s57ms869µs500ns).
2026-09-01T17:08:45.632+05:30  INFO 37308 --- [bmp-booking-service] [pool-2-thread-1] org.apache.kafka.clients.NetworkClient   : [Consumer clientId=consumer-anonymous.777e2bc3-eb50-4b9f-8b85-f58f15efd44b-3, groupId=anonymous.777e2bc3-eb50-4b9f-8b85-f58f15efd44b] Node 2147483646 disconnected.
2026-09-01T17:08:45.635+05:30  INFO 37308 --- [bmp-booking-service] [pool-2-thread-1] o.a.k.c.c.internals.ConsumerCoordinator  : [Consumer clientId=consumer-anonymous.777e2bc3-eb50-4b9f-8b85-f58f15efd44b-3, groupId=anonymous.777e2bc3-eb50-4b9f-8b85-f58f15efd44b] Group coordinator localhost:9092 (id: 2147483646 rack: null) is unavailable or invalid due to cause: coordinator unavailable. isDisconnected: true. Rediscovery will be attempted.
2026-09-01T17:08:45.637+05:30  INFO 37308 --- [bmp-booking-service] [pool-2-thread-1] o.a.k.c.c.internals.ConsumerCoordinator  : [Consumer clientId=consumer-anonymous.777e2bc3-eb50-4b9f-8b85-f58f15efd44b-3, groupId=anonymous.777e2bc3-eb50-4b9f-8b85-f58f15efd44b] Discovered group coordinator localhost:9092 (id: 2147483646 rack: null)
2026-09-01T17:08:45.638+05:30  INFO 37308 --- [bmp-booking-service] [pool-2-thread-1] o.a.k.c.c.internals.ConsumerCoordinator  : [Consumer clientId=consumer-anonymous.777e2bc3-eb50-4b9f-8b85-f58f15efd44b-3, groupId=anonymous.777e2bc3-eb50-4b9f-8b85-f58f15efd44b] Group coordinator localhost:9092 (id: 2147483646 rack: null) is unavailable or invalid due to cause: coordinator unavailable. isDisconnected: false. Rediscovery will be attempted.
2026-09-01T17:08:45.638+05:30  INFO 37308 --- [bmp-booking-service] [pool-2-thread-1] o.a.k.c.c.internals.ConsumerCoordinator  : [Consumer clientId=consumer-anonymous.777e2bc3-eb50-4b9f-8b85-f58f15efd44b-3, groupId=anonymous.777e2bc3-eb50-4b9f-8b85-f58f15efd44b] Requesting disconnect from last known coordinator localhost:9092 (id: 2147483646 rack: null)
2026-09-01T17:08:45.768+05:30  INFO 37308 --- [bmp-booking-service] [pool-2-thread-1] o.a.k.c.c.internals.ConsumerCoordinator  : [Consumer clientId=consumer-anonymous.777e2bc3-eb50-4b9f-8b85-f58f15efd44b-3, groupId=anonymous.777e2bc3-eb50-4b9f-8b85-f58f15efd44b] Discovered group coordinator localhost:9092 (id: 2147483646 rack: null)
2026-09-01T17:09:03.588+05:30  INFO 37308 --- [bmp-booking-service] [rap-executor-%d] c.n.d.s.r.aws.ConfigClusterResolver      : Resolving eureka endpoints via configuration
2026-09-01T17:14:03.607+05:30  INFO 37308 --- [bmp-booking-service] [rap-executor-%d] c.n.d.s.r.aws.ConfigClusterResolver      : Resolving eureka endpoints via configuration
2026-09-01T17:19:03.614+05:30  INFO 37308 --- [bmp-booking-service] [rap-executor-%d] c.n.d.s.r.aws.ConfigClusterResolver      : Resolving eureka endpoints via configuration
2026-09-01T17:24:03.635+05:30  INFO 37308 --- [bmp-booking-service] [rap-executor-%d] c.n.d.s.r.aws.ConfigClusterResolver      : Resolving eureka endpoints via configuration
2026-09-01T17:29:03.656+05:30  INFO 37308 --- [bmp-booking-service] [rap-executor-%d] c.n.d.s.r.aws.ConfigClusterResolver      : Resolving eureka endpoints via configuration
2026-09-01T17:34:03.670+05:30  INFO 37308 --- [bmp-booking-service] [rap-executor-%d] c.n.d.s.r.aws.ConfigClusterResolver      : Resolving eureka endpoints via configuration
2026-09-01T17:39:03.676+05:30  INFO 37308 --- [bmp-booking-service] [rap-executor-%d] c.n.d.s.r.aws.ConfigClusterResolver      : Resolving eureka endpoints via configuration
2026-09-01T17:44:03.687+05:30  INFO 37308 --- [bmp-booking-service] [rap-executor-%d] c.n.d.s.r.aws.ConfigClusterResolver      : Resolving eureka endpoints via configuration
2026-09-01T17:49:03.691+05:30  INFO 37308 --- [bmp-booking-service] [rap-executor-%d] c.n.d.s.r.aws.ConfigClusterResolver      : Resolving eureka endpoints via configuration
2026-09-01T17:54:03.706+05:30  INFO 37308 --- [bmp-booking-service] [rap-executor-%d] c.n.d.s.r.aws.ConfigClusterResolver      : Resolving eureka endpoints via configuration
2026-09-01T17:59:03.714+05:30  INFO 37308 --- [bmp-booking-service] [rap-executor-%d] c.n.d.s.r.aws.ConfigClusterResolver      : Resolving eureka endpoints via configuration
2026-09-01T18:04:03.724+05:30  INFO 37308 --- [bmp-booking-service] [rap-executor-%d] c.n.d.s.r.aws.ConfigClusterResolver      : Resolving eureka endpoints via configuration
2026-09-01T18:15:31.795+05:30  INFO 37308 --- [bmp-booking-service] [pool-2-thread-1] org.apache.kafka.clients.NetworkClient   : [Consumer clientId=consumer-anonymous.777e2bc3-eb50-4b9f-8b85-f58f15efd44b-3, groupId=anonymous.777e2bc3-eb50-4b9f-8b85-f58f15efd44b] Node 2147483646 disconnected.
2026-09-01T18:15:31.902+05:30  INFO 37308 --- [bmp-booking-service] [85-f58f15efd44b] org.apache.kafka.clients.NetworkClient   : [Consumer clientId=consumer-anonymous.777e2bc3-eb50-4b9f-8b85-f58f15efd44b-2, groupId=anonymous.777e2bc3-eb50-4b9f-8b85-f58f15efd44b] Node 1 disconnected.
2026-09-01T18:15:31.915+05:30  INFO 37308 --- [bmp-booking-service] [pool-2-thread-1] org.apache.kafka.clients.NetworkClient   : [Consumer clientId=consumer-anonymous.777e2bc3-eb50-4b9f-8b85-f58f15efd44b-3, groupId=anonymous.777e2bc3-eb50-4b9f-8b85-f58f15efd44b] Disconnecting from node 1 due to request timeout.
2026-09-01T18:15:31.915+05:30  INFO 37308 --- [bmp-booking-service] [pool-2-thread-1] org.apache.kafka.clients.NetworkClient   : [Consumer clientId=consumer-anonymous.777e2bc3-eb50-4b9f-8b85-f58f15efd44b-3, groupId=anonymous.777e2bc3-eb50-4b9f-8b85-f58f15efd44b] Cancelled in-flight LIST_OFFSETS request with correlation id 4661 due to node 1 being disconnected (elapsed time since creation: 644871ms, elapsed time since send: 644871ms, throttle time: 0ms, request timeout: 30000ms)
2026-09-01T18:15:31.978+05:30  INFO 37308 --- [bmp-booking-service] [85-f58f15efd44b] org.apache.kafka.clients.NetworkClient   : [Consumer clientId=consumer-anonymous.777e2bc3-eb50-4b9f-8b85-f58f15efd44b-2, groupId=anonymous.777e2bc3-eb50-4b9f-8b85-f58f15efd44b] Cancelled in-flight FETCH request with correlation id 186893 due to node 1 being disconnected (elapsed time since creation: 646561ms, elapsed time since send: 646561ms, throttle time: 0ms, request timeout: 30000ms)
2026-09-01T18:15:31.978+05:30  INFO 37308 --- [bmp-booking-service] [85-f58f15efd44b] org.apache.kafka.clients.NetworkClient   : [Consumer clientId=consumer-anonymous.777e2bc3-eb50-4b9f-8b85-f58f15efd44b-2, groupId=anonymous.777e2bc3-eb50-4b9f-8b85-f58f15efd44b] Cancelled in-flight METADATA request with correlation id 186895 due to node 1 being disconnected (elapsed time since creation: 1229ms, elapsed time since send: 1229ms, throttle time: 0ms, request timeout: 30000ms)
2026-09-01T18:15:31.979+05:30  INFO 37308 --- [bmp-booking-service] [85-f58f15efd44b] org.apache.kafka.clients.NetworkClient   : [Consumer clientId=consumer-anonymous.777e2bc3-eb50-4b9f-8b85-f58f15efd44b-2, groupId=anonymous.777e2bc3-eb50-4b9f-8b85-f58f15efd44b] Disconnecting from node 2147483646 due to request timeout.
2026-09-01T18:15:31.979+05:30  INFO 37308 --- [bmp-booking-service] [85-f58f15efd44b] org.apache.kafka.clients.NetworkClient   : [Consumer clientId=consumer-anonymous.777e2bc3-eb50-4b9f-8b85-f58f15efd44b-2, groupId=anonymous.777e2bc3-eb50-4b9f-8b85-f58f15efd44b] Cancelled in-flight HEARTBEAT request with correlation id 186894 due to node 2147483646 being disconnected (elapsed time since creation: 645028ms, elapsed time since send: 645028ms, throttle time: 0ms, request timeout: 30000ms)
2026-09-01T18:15:32.045+05:30  INFO 37308 --- [bmp-booking-service] [85-f58f15efd44b] o.a.kafka.clients.FetchSessionHandler    : [Consumer clientId=consumer-anonymous.777e2bc3-eb50-4b9f-8b85-f58f15efd44b-2, groupId=anonymous.777e2bc3-eb50-4b9f-8b85-f58f15efd44b] Error sending fetch request (sessionId=112931333, epoch=6731) to node 1:

org.apache.kafka.common.errors.DisconnectException: null

2026-09-01T18:15:32.590+05:30  INFO 37308 --- [bmp-booking-service] [85-f58f15efd44b] o.a.k.c.c.internals.ConsumerCoordinator  : [Consumer clientId=consumer-anonymous.777e2bc3-eb50-4b9f-8b85-f58f15efd44b-2, groupId=anonymous.777e2bc3-eb50-4b9f-8b85-f58f15efd44b] Group coordinator localhost:9092 (id: 2147483646 rack: null) is unavailable or invalid due to cause: null. isDisconnected: true. Rediscovery will be attempted.
2026-09-01T18:15:34.984+05:30  INFO 37308 --- [bmp-booking-service] [container-0-C-1] o.a.k.c.c.internals.ConsumerCoordinator  : [Consumer clientId=consumer-anonymous.777e2bc3-eb50-4b9f-8b85-f58f15efd44b-2, groupId=anonymous.777e2bc3-eb50-4b9f-8b85-f58f15efd44b] Discovered group coordinator localhost:9092 (id: 2147483646 rack: null)
2026-09-01T18:15:52.715+05:30  INFO 37308 --- [bmp-booking-service] [vice-producer-1] org.apache.kafka.clients.NetworkClient   : [Producer clientId=bmp-booking-service-producer-1] Node 1 disconnected.
2026-09-01T18:15:57.887+05:30  WARN 37308 --- [bmp-booking-service] [l-1 housekeeper] com.zaxxer.hikari.pool.HikariPool        : HikariPool-1 - Thread starvation or clock leap detected (housekeeper delta=11m13s285ms260µs200ns).
2026-09-01T18:16:33.444+05:30  INFO 37308 --- [bmp-booking-service] [pool-2-thread-1] org.apache.kafka.clients.NetworkClient   : [Consumer clientId=consumer-anonymous.777e2bc3-eb50-4b9f-8b85-f58f15efd44b-3, groupId=anonymous.777e2bc3-eb50-4b9f-8b85-f58f15efd44b] Disconnecting from node 1 due to request timeout.
2026-09-01T18:16:33.444+05:30  INFO 37308 --- [bmp-booking-service] [pool-2-thread-1] org.apache.kafka.clients.NetworkClient   : [Consumer clientId=consumer-anonymous.777e2bc3-eb50-4b9f-8b85-f58f15efd44b-3, groupId=anonymous.777e2bc3-eb50-4b9f-8b85-f58f15efd44b] Cancelled in-flight API_VERSIONS request with correlation id 4662 due to node 1 being disconnected (elapsed time since creation: 61190ms, elapsed time since send: 61190ms, throttle time: 0ms, request timeout: 30000ms)
2026-09-01T18:19:46.875+05:30  INFO 37308 --- [bmp-booking-service] [rap-executor-%d] c.n.d.s.r.aws.ConfigClusterResolver      : Resolving eureka endpoints via configuration
2026-09-01T18:24:46.883+05:30  INFO 37308 --- [bmp-booking-service] [rap-executor-%d] c.n.d.s.r.aws.ConfigClusterResolver      : Resolving eureka endpoints via configuration
2026-09-01T18:29:46.888+05:30  INFO 37308 --- [bmp-booking-service] [rap-executor-%d] c.n.d.s.r.aws.ConfigClusterResolver      : Resolving eureka endpoints via configuration
2026-09-01T18:34:46.902+05:30  INFO 37308 --- [bmp-booking-service] [rap-executor-%d] c.n.d.s.r.aws.ConfigClusterResolver      : Resolving eureka endpoints via configuration
2026-09-01T18:39:46.912+05:30  INFO 37308 --- [bmp-booking-service] [rap-executor-%d] c.n.d.s.r.aws.ConfigClusterResolver      : Resolving eureka endpoints via configuration
2026-09-01T18:44:46.934+05:30  INFO 37308 --- [bmp-booking-service] [rap-executor-%d] c.n.d.s.r.aws.ConfigClusterResolver      : Resolving eureka endpoints via configuration
2026-09-01T18:49:46.944+05:30  INFO 37308 --- [bmp-booking-service] [rap-executor-%d] c.n.d.s.r.aws.ConfigClusterResolver      : Resolving eureka endpoints via configuration
2026-09-01T18:54:46.968+05:30  INFO 37308 --- [bmp-booking-service] [rap-executor-%d] c.n.d.s.r.aws.ConfigClusterResolver      : Resolving eureka endpoints via configuration
2026-09-01T18:59:46.980+05:30  INFO 37308 --- [bmp-booking-service] [rap-executor-%d] c.n.d.s.r.aws.ConfigClusterResolver      : Resolving eureka endpoints via configuration
2026-09-01T19:04:46.986+05:30  INFO 37308 --- [bmp-booking-service] [rap-executor-%d] c.n.d.s.r.aws.ConfigClusterResolver      : Resolving eureka endpoints via configuration
2026-09-01T19:09:47.002+05:30  INFO 37308 --- [bmp-booking-service] [rap-executor-%d] c.n.d.s.r.aws.ConfigClusterResolver      : Resolving eureka endpoints via configuration
2026-09-01T19:14:47.020+05:30  INFO 37308 --- [bmp-booking-service] [rap-executor-%d] c.n.d.s.r.aws.ConfigClusterResolver      : Resolving eureka endpoints via configuration
2026-09-01T19:19:47.043+05:30  INFO 37308 --- [bmp-booking-service] [rap-executor-%d] c.n.d.s.r.aws.ConfigClusterResolver      : Resolving eureka endpoints via configuration
2026-09-01T22:19:19.334+05:30  INFO 37308 --- [bmp-booking-service] [85-f58f15efd44b] org.apache.kafka.clients.NetworkClient   : [Consumer clientId=consumer-anonymous.777e2bc3-eb50-4b9f-8b85-f58f15efd44b-2, groupId=anonymous.777e2bc3-eb50-4b9f-8b85-f58f15efd44b] Node 1 disconnected.
2026-09-01T22:19:19.463+05:30  INFO 37308 --- [bmp-booking-service] [85-f58f15efd44b] org.apache.kafka.clients.NetworkClient   : [Consumer clientId=consumer-anonymous.777e2bc3-eb50-4b9f-8b85-f58f15efd44b-2, groupId=anonymous.777e2bc3-eb50-4b9f-8b85-f58f15efd44b] Cancelled in-flight FETCH request with correlation id 196268 due to node 1 being disconnected (elapsed time since creation: 10576320ms, elapsed time since send: 10576320ms, throttle time: 0ms, request timeout: 30000ms)
2026-09-01T22:19:19.552+05:30  INFO 37308 --- [bmp-booking-service] [85-f58f15efd44b] org.apache.kafka.clients.NetworkClient   : [Consumer clientId=consumer-anonymous.777e2bc3-eb50-4b9f-8b85-f58f15efd44b-2, groupId=anonymous.777e2bc3-eb50-4b9f-8b85-f58f15efd44b] Cancelled in-flight METADATA request with correlation id 196270 due to node 1 being disconnected (elapsed time since creation: 1726ms, elapsed time since send: 1726ms, throttle time: 0ms, request timeout: 30000ms)
2026-09-01T22:19:19.680+05:30  INFO 37308 --- [bmp-booking-service] [85-f58f15efd44b] org.apache.kafka.clients.NetworkClient   : [Consumer clientId=consumer-anonymous.777e2bc3-eb50-4b9f-8b85-f58f15efd44b-2, groupId=anonymous.777e2bc3-eb50-4b9f-8b85-f58f15efd44b] Disconnecting from node 2147483646 due to request timeout.
2026-09-01T22:19:19.681+05:30  INFO 37308 --- [bmp-booking-service] [85-f58f15efd44b] org.apache.kafka.clients.NetworkClient   : [Consumer clientId=consumer-anonymous.777e2bc3-eb50-4b9f-8b85-f58f15efd44b-2, groupId=anonymous.777e2bc3-eb50-4b9f-8b85-f58f15efd44b] Cancelled in-flight HEARTBEAT request with correlation id 196269 due to node 2147483646 being disconnected (elapsed time since creation: 10574672ms, elapsed time since send: 10574672ms, throttle time: 0ms, request timeout: 30000ms)
2026-09-01T22:19:19.809+05:30  INFO 37308 --- [bmp-booking-service] [85-f58f15efd44b] o.a.kafka.clients.FetchSessionHandler    : [Consumer clientId=consumer-anonymous.777e2bc3-eb50-4b9f-8b85-f58f15efd44b-2, groupId=anonymous.777e2bc3-eb50-4b9f-8b85-f58f15efd44b] Error sending fetch request (sessionId=1510378562, epoch=7994) to node 1:

org.apache.kafka.common.errors.DisconnectException: null

2026-09-01T22:19:20.375+05:30  INFO 37308 --- [bmp-booking-service] [85-f58f15efd44b] o.a.k.c.c.internals.ConsumerCoordinator  : [Consumer clientId=consumer-anonymous.777e2bc3-eb50-4b9f-8b85-f58f15efd44b-2, groupId=anonymous.777e2bc3-eb50-4b9f-8b85-f58f15efd44b] Group coordinator localhost:9092 (id: 2147483646 rack: null) is unavailable or invalid due to cause: null. isDisconnected: true. Rediscovery will be attempted.
2026-09-01T22:19:24.005+05:30  INFO 37308 --- [bmp-booking-service] [container-0-C-1] o.a.k.c.c.internals.ConsumerCoordinator  : [Consumer clientId=consumer-anonymous.777e2bc3-eb50-4b9f-8b85-f58f15efd44b-2, groupId=anonymous.777e2bc3-eb50-4b9f-8b85-f58f15efd44b] Discovered group coordinator localhost:9092 (id: 2147483646 rack: null)
2026-09-01T22:19:35.624+05:30  INFO 37308 --- [bmp-booking-service] [vice-producer-1] org.apache.kafka.clients.NetworkClient   : [Producer clientId=bmp-booking-service-producer-1] Node 1 disconnected.
2026-09-01T22:19:40.896+05:30  WARN 37308 --- [bmp-booking-service] [l-1 housekeeper] com.zaxxer.hikari.pool.HikariPool        : HikariPool-1 - Thread starvation or clock leap detected (housekeeper delta=2h56m41s896ms495µs300ns).
2026-09-01T22:19:46.531+05:30  INFO 37308 --- [bmp-booking-service] [pool-2-thread-1] org.apache.kafka.clients.NetworkClient   : [Consumer clientId=consumer-anonymous.777e2bc3-eb50-4b9f-8b85-f58f15efd44b-3, groupId=anonymous.777e2bc3-eb50-4b9f-8b85-f58f15efd44b] Node 2147483646 disconnected.
2026-09-01T22:19:46.552+05:30  INFO 37308 --- [bmp-booking-service] [pool-2-thread-1] o.a.k.c.c.internals.ConsumerCoordinator  : [Consumer clientId=consumer-anonymous.777e2bc3-eb50-4b9f-8b85-f58f15efd44b-3, groupId=anonymous.777e2bc3-eb50-4b9f-8b85-f58f15efd44b] Group coordinator localhost:9092 (id: 2147483646 rack: null) is unavailable or invalid due to cause: coordinator unavailable. isDisconnected: true. Rediscovery will be attempted.
2026-09-01T22:19:46.568+05:30  INFO 37308 --- [bmp-booking-service] [pool-2-thread-1] o.a.k.c.c.internals.ConsumerCoordinator  : [Consumer clientId=consumer-anonymous.777e2bc3-eb50-4b9f-8b85-f58f15efd44b-3, groupId=anonymous.777e2bc3-eb50-4b9f-8b85-f58f15efd44b] Discovered group coordinator localhost:9092 (id: 2147483646 rack: null)
2026-09-01T22:19:46.569+05:30  INFO 37308 --- [bmp-booking-service] [pool-2-thread-1] o.a.k.c.c.internals.ConsumerCoordinator  : [Consumer clientId=consumer-anonymous.777e2bc3-eb50-4b9f-8b85-f58f15efd44b-3, groupId=anonymous.777e2bc3-eb50-4b9f-8b85-f58f15efd44b] Group coordinator localhost:9092 (id: 2147483646 rack: null) is unavailable or invalid due to cause: coordinator unavailable. isDisconnected: false. Rediscovery will be attempted.
2026-09-01T22:19:46.569+05:30  INFO 37308 --- [bmp-booking-service] [pool-2-thread-1] o.a.k.c.c.internals.ConsumerCoordinator  : [Consumer clientId=consumer-anonymous.777e2bc3-eb50-4b9f-8b85-f58f15efd44b-3, groupId=anonymous.777e2bc3-eb50-4b9f-8b85-f58f15efd44b] Requesting disconnect from last known coordinator localhost:9092 (id: 2147483646 rack: null)
2026-09-01T22:19:46.672+05:30  INFO 37308 --- [bmp-booking-service] [pool-2-thread-1] o.a.k.c.c.internals.ConsumerCoordinator  : [Consumer clientId=consumer-anonymous.777e2bc3-eb50-4b9f-8b85-f58f15efd44b-3, groupId=anonymous.777e2bc3-eb50-4b9f-8b85-f58f15efd44b] Discovered group coordinator localhost:9092 (id: 2147483646 rack: null)
2026-09-01T22:20:58.805+05:30  INFO 37308 --- [bmp-booking-service] [rap-executor-%d] c.n.d.s.r.aws.ConfigClusterResolver      : Resolving eureka endpoints via configuration
2026-09-01T22:25:58.850+05:30  INFO 37308 --- [bmp-booking-service] [rap-executor-%d] c.n.d.s.r.aws.ConfigClusterResolver      : Resolving eureka endpoints via configuration
2026-09-01T22:30:58.896+05:30  INFO 37308 --- [bmp-booking-service] [rap-executor-%d] c.n.d.s.r.aws.ConfigClusterResolver      : Resolving eureka endpoints via configuration
2026-09-01T22:35:58.929+05:30  INFO 37308 --- [bmp-booking-service] [rap-executor-%d] c.n.d.s.r.aws.ConfigClusterResolver      : Resolving eureka endpoints via configuration
2026-09-01T22:40:58.944+05:30  INFO 37308 --- [bmp-booking-service] [rap-executor-%d] c.n.d.s.r.aws.ConfigClusterResolver      : Resolving eureka endpoints via configuration
2026-09-01T22:45:58.954+05:30  INFO 37308 --- [bmp-booking-service] [rap-executor-%d] c.n.d.s.r.aws.ConfigClusterResolver      : Resolving eureka endpoints via configuration
2026-09-01T22:50:58.960+05:30  INFO 37308 --- [bmp-booking-service] [rap-executor-%d] c.n.d.s.r.aws.ConfigClusterResolver      : Resolving eureka endpoints via configuration
2026-09-01T22:55:58.961+05:30  INFO 37308 --- [bmp-booking-service] [rap-executor-%d] c.n.d.s.r.aws.ConfigClusterResolver      : Resolving eureka endpoints via configuration
2026-09-01T23:00:58.978+05:30  INFO 37308 --- [bmp-booking-service] [rap-executor-%d] c.n.d.s.r.aws.ConfigClusterResolver      : Resolving eureka endpoints via configuration
2026-09-01T23:05:58.998+05:30  INFO 37308 --- [bmp-booking-service] [rap-executor-%d] c.n.d.s.r.aws.ConfigClusterResolver      : Resolving eureka endpoints via configuration
2026-09-01T23:10:59.018+05:30  INFO 37308 --- [bmp-booking-service] [rap-executor-%d] c.n.d.s.r.aws.ConfigClusterResolver      : Resolving eureka endpoints via configuration
2026-09-01T23:15:59.047+05:30  INFO 37308 --- [bmp-booking-service] [rap-executor-%d] c.n.d.s.r.aws.ConfigClusterResolver      : Resolving eureka endpoints via configuration
2026-09-01T23:20:59.065+05:30  INFO 37308 --- [bmp-booking-service] [rap-executor-%d] c.n.d.s.r.aws.ConfigClusterResolver      : Resolving eureka endpoints via configuration
2026-09-01T23:25:59.090+05:30  INFO 37308 --- [bmp-booking-service] [rap-executor-%d] c.n.d.s.r.aws.ConfigClusterResolver      : Resolving eureka endpoints via configuration
2026-09-01T23:30:59.093+05:30  INFO 37308 --- [bmp-booking-service] [rap-executor-%d] c.n.d.s.r.aws.ConfigClusterResolver      : Resolving eureka endpoints via configuration
2026-09-01T23:35:59.097+05:30  INFO 37308 --- [bmp-booking-service] [rap-executor-%d] c.n.d.s.r.aws.ConfigClusterResolver      : Resolving eureka endpoints via configuration
2026-09-01T23:40:59.112+05:30  INFO 37308 --- [bmp-booking-service] [rap-executor-%d] c.n.d.s.r.aws.ConfigClusterResolver      : Resolving eureka endpoints via configuration
2026-09-01T23:45:59.124+05:30  INFO 37308 --- [bmp-booking-service] [rap-executor-%d] c.n.d.s.r.aws.ConfigClusterResolver      : Resolving eureka endpoints via configuration
2026-09-01T23:50:59.132+05:30  INFO 37308 --- [bmp-booking-service] [rap-executor-%d] c.n.d.s.r.aws.ConfigClusterResolver      : Resolving eureka endpoints via configuration
2026-09-01T23:55:59.144+05:30  INFO 37308 --- [bmp-booking-service] [rap-executor-%d] c.n.d.s.r.aws.ConfigClusterResolver      : Resolving eureka endpoints via configuration
2026-09-02T00:00:59.155+05:30  INFO 37308 --- [bmp-booking-service] [rap-executor-%d] c.n.d.s.r.aws.ConfigClusterResolver      : Resolving eureka endpoints via configuration
2026-09-02T00:05:59.167+05:30  INFO 37308 --- [bmp-booking-service] [rap-executor-%d] c.n.d.s.r.aws.ConfigClusterResolver      : Resolving eureka endpoints via configuration
2026-09-02T00:10:59.183+05:30  INFO 37308 --- [bmp-booking-service] [rap-executor-%d] c.n.d.s.r.aws.ConfigClusterResolver      : Resolving eureka endpoints via configuration
2026-09-02T00:15:59.210+05:30  INFO 37308 --- [bmp-booking-service] [rap-executor-%d] c.n.d.s.r.aws.ConfigClusterResolver      : Resolving eureka endpoints via configuration
2026-09-02T00:20:59.236+05:30  INFO 37308 --- [bmp-booking-service] [rap-executor-%d] c.n.d.s.r.aws.ConfigClusterResolver      : Resolving eureka endpoints via configuration
2026-09-02T00:25:59.251+05:30  INFO 37308 --- [bmp-booking-service] [rap-executor-%d] c.n.d.s.r.aws.ConfigClusterResolver      : Resolving eureka endpoints via configuration
2026-09-02T00:30:59.269+05:30  INFO 37308 --- [bmp-booking-service] [rap-executor-%d] c.n.d.s.r.aws.ConfigClusterResolver      : Resolving eureka endpoints via configuration
2026-09-02T00:35:59.277+05:30  INFO 37308 --- [bmp-booking-service] [rap-executor-%d] c.n.d.s.r.aws.ConfigClusterResolver      : Resolving eureka endpoints via configuration
2026-09-02T03:40:09.707+05:30  INFO 37308 --- [bmp-booking-service] [container-0-C-1] org.apache.kafka.clients.NetworkClient   : [Consumer clientId=consumer-anonymous.777e2bc3-eb50-4b9f-8b85-f58f15efd44b-2, groupId=anonymous.777e2bc3-eb50-4b9f-8b85-f58f15efd44b] Node 1 disconnected.
2026-09-02T03:40:09.733+05:30  INFO 37308 --- [bmp-booking-service] [container-0-C-1] org.apache.kafka.clients.NetworkClient   : [Consumer clientId=consumer-anonymous.777e2bc3-eb50-4b9f-8b85-f58f15efd44b-2, groupId=anonymous.777e2bc3-eb50-4b9f-8b85-f58f15efd44b] Cancelled in-flight FETCH request with correlation id 215811 due to node 1 being disconnected (elapsed time since creation: 10804060ms, elapsed time since send: 10804060ms, throttle time: 0ms, request timeout: 30000ms)
2026-09-02T03:40:09.747+05:30  INFO 37308 --- [bmp-booking-service] [container-0-C-1] org.apache.kafka.clients.NetworkClient   : [Consumer clientId=consumer-anonymous.777e2bc3-eb50-4b9f-8b85-f58f15efd44b-2, groupId=anonymous.777e2bc3-eb50-4b9f-8b85-f58f15efd44b] Disconnecting from node 2147483646 due to request timeout.
2026-09-02T03:40:09.747+05:30  INFO 37308 --- [bmp-booking-service] [container-0-C-1] org.apache.kafka.clients.NetworkClient   : [Consumer clientId=consumer-anonymous.777e2bc3-eb50-4b9f-8b85-f58f15efd44b-2, groupId=anonymous.777e2bc3-eb50-4b9f-8b85-f58f15efd44b] Cancelled in-flight HEARTBEAT request with correlation id 215812 due to node 2147483646 being disconnected (elapsed time since creation: 10802613ms, elapsed time since send: 10802613ms, throttle time: 0ms, request timeout: 30000ms)
2026-09-02T03:40:09.753+05:30  INFO 37308 --- [bmp-booking-service] [container-0-C-1] o.a.kafka.clients.FetchSessionHandler    : [Consumer clientId=consumer-anonymous.777e2bc3-eb50-4b9f-8b85-f58f15efd44b-2, groupId=anonymous.777e2bc3-eb50-4b9f-8b85-f58f15efd44b] Error sending fetch request (sessionId=1509358462, epoch=16672) to node 1:

org.apache.kafka.common.errors.DisconnectException: null

2026-09-02T03:40:10.014+05:30  INFO 37308 --- [bmp-booking-service] [85-f58f15efd44b] o.a.k.c.c.internals.ConsumerCoordinator  : [Consumer clientId=consumer-anonymous.777e2bc3-eb50-4b9f-8b85-f58f15efd44b-2, groupId=anonymous.777e2bc3-eb50-4b9f-8b85-f58f15efd44b] Group coordinator localhost:9092 (id: 2147483646 rack: null) is unavailable or invalid due to cause: session timed out without receiving a heartbeat response. isDisconnected: false. Rediscovery will be attempted.
2026-09-02T03:40:10.350+05:30  INFO 37308 --- [bmp-booking-service] [85-f58f15efd44b] o.a.k.c.c.internals.ConsumerCoordinator  : [Consumer clientId=consumer-anonymous.777e2bc3-eb50-4b9f-8b85-f58f15efd44b-2, groupId=anonymous.777e2bc3-eb50-4b9f-8b85-f58f15efd44b] Requesting disconnect from last known coordinator localhost:9092 (id: 2147483646 rack: null)
2026-09-02T03:40:12.203+05:30  INFO 37308 --- [bmp-booking-service] [vice-producer-1] org.apache.kafka.clients.NetworkClient   : [Producer clientId=bmp-booking-service-producer-1] Node 1 disconnected.
2026-09-02T03:40:12.604+05:30  INFO 37308 --- [bmp-booking-service] [container-0-C-1] o.a.k.c.c.internals.ConsumerCoordinator  : [Consumer clientId=consumer-anonymous.777e2bc3-eb50-4b9f-8b85-f58f15efd44b-2, groupId=anonymous.777e2bc3-eb50-4b9f-8b85-f58f15efd44b] Discovered group coordinator localhost:9092 (id: 2147483646 rack: null)
2026-09-02T03:40:12.615+05:30  INFO 37308 --- [bmp-booking-service] [container-0-C-1] o.a.k.c.c.internals.ConsumerCoordinator  : [Consumer clientId=consumer-anonymous.777e2bc3-eb50-4b9f-8b85-f58f15efd44b-2, groupId=anonymous.777e2bc3-eb50-4b9f-8b85-f58f15efd44b] Discovered group coordinator localhost:9092 (id: 2147483646 rack: null)
2026-09-02T03:40:13.851+05:30  WARN 37308 --- [bmp-booking-service] [l-1 housekeeper] com.zaxxer.hikari.pool.HikariPool        : HikariPool-1 - Thread starvation or clock leap detected (housekeeper delta=3h29s533ms308µs800ns).
2026-09-02T10:42:50.712+05:30  INFO 37308 --- [bmp-booking-service] [container-0-C-1] org.apache.kafka.clients.NetworkClient   : [Consumer clientId=consumer-anonymous.777e2bc3-eb50-4b9f-8b85-f58f15efd44b-2, groupId=anonymous.777e2bc3-eb50-4b9f-8b85-f58f15efd44b] Node 2147483646 disconnected.
2026-09-02T10:42:50.712+05:30  INFO 37308 --- [bmp-booking-service] [container-0-C-1] org.apache.kafka.clients.NetworkClient   : [Consumer clientId=consumer-anonymous.777e2bc3-eb50-4b9f-8b85-f58f15efd44b-2, groupId=anonymous.777e2bc3-eb50-4b9f-8b85-f58f15efd44b] Disconnecting from node 1 due to request timeout.
2026-09-02T10:42:50.712+05:30  INFO 37308 --- [bmp-booking-service] [container-0-C-1] org.apache.kafka.clients.NetworkClient   : [Consumer clientId=consumer-anonymous.777e2bc3-eb50-4b9f-8b85-f58f15efd44b-2, groupId=anonymous.777e2bc3-eb50-4b9f-8b85-f58f15efd44b] Cancelled in-flight FETCH request with correlation id 215828 due to node 1 being disconnected (elapsed time since creation: 25354201ms, elapsed time since send: 25354201ms, throttle time: 0ms, request timeout: 30000ms)
2026-09-02T10:42:50.878+05:30  INFO 37308 --- [bmp-booking-service] [container-0-C-1] o.a.kafka.clients.FetchSessionHandler    : [Consumer clientId=consumer-anonymous.777e2bc3-eb50-4b9f-8b85-f58f15efd44b-2, groupId=anonymous.777e2bc3-eb50-4b9f-8b85-f58f15efd44b] Error sending fetch request (sessionId=1257862462, epoch=7) to node 1:

org.apache.kafka.common.errors.DisconnectException: null

2026-09-02T10:42:50.912+05:30  INFO 37308 --- [bmp-booking-service] [85-f58f15efd44b] o.a.k.c.c.internals.ConsumerCoordinator  : [Consumer clientId=consumer-anonymous.777e2bc3-eb50-4b9f-8b85-f58f15efd44b-2, groupId=anonymous.777e2bc3-eb50-4b9f-8b85-f58f15efd44b] Group coordinator localhost:9092 (id: 2147483646 rack: null) is unavailable or invalid due to cause: session timed out without receiving a heartbeat response. isDisconnected: false. Rediscovery will be attempted.
2026-09-02T10:42:50.913+05:30  INFO 37308 --- [bmp-booking-service] [85-f58f15efd44b] o.a.k.c.c.internals.ConsumerCoordinator  : [Consumer clientId=consumer-anonymous.777e2bc3-eb50-4b9f-8b85-f58f15efd44b-2, groupId=anonymous.777e2bc3-eb50-4b9f-8b85-f58f15efd44b] Requesting disconnect from last known coordinator localhost:9092 (id: 2147483646 rack: null)
2026-09-02T10:42:53.597+05:30  INFO 37308 --- [bmp-booking-service] [container-0-C-1] o.a.k.c.c.internals.ConsumerCoordinator  : [Consumer clientId=consumer-anonymous.777e2bc3-eb50-4b9f-8b85-f58f15efd44b-2, groupId=anonymous.777e2bc3-eb50-4b9f-8b85-f58f15efd44b] Discovered group coordinator localhost:9092 (id: 2147483646 rack: null)
2026-09-02T10:43:14.719+05:30  INFO 37308 --- [bmp-booking-service] [vice-producer-1] org.apache.kafka.clients.NetworkClient   : [Producer clientId=bmp-booking-service-producer-1] Node 1 disconnected.
2026-09-02T10:43:15.953+05:30  WARN 37308 --- [bmp-booking-service] [l-1 housekeeper] com.zaxxer.hikari.pool.HikariPool        : HikariPool-1 - Thread starvation or clock leap detected (housekeeper delta=7h3m4s722ms627µs100ns).
2026-09-02T10:43:20.879+05:30  INFO 37308 --- [bmp-booking-service] [pool-2-thread-1] org.apache.kafka.clients.NetworkClient   : [Consumer clientId=consumer-anonymous.777e2bc3-eb50-4b9f-8b85-f58f15efd44b-3, groupId=anonymous.777e2bc3-eb50-4b9f-8b85-f58f15efd44b] Node 2147483646 disconnected.
2026-09-02T10:43:20.897+05:30  INFO 37308 --- [bmp-booking-service] [pool-2-thread-1] o.a.k.c.c.internals.ConsumerCoordinator  : [Consumer clientId=consumer-anonymous.777e2bc3-eb50-4b9f-8b85-f58f15efd44b-3, groupId=anonymous.777e2bc3-eb50-4b9f-8b85-f58f15efd44b] Group coordinator localhost:9092 (id: 2147483646 rack: null) is unavailable or invalid due to cause: coordinator unavailable. isDisconnected: true. Rediscovery will be attempted.
2026-09-02T10:43:20.928+05:30  INFO 37308 --- [bmp-booking-service] [pool-2-thread-1] o.a.k.c.c.internals.ConsumerCoordinator  : [Consumer clientId=consumer-anonymous.777e2bc3-eb50-4b9f-8b85-f58f15efd44b-3, groupId=anonymous.777e2bc3-eb50-4b9f-8b85-f58f15efd44b] Discovered group coordinator localhost:9092 (id: 2147483646 rack: null)
2026-09-02T10:43:20.930+05:30  INFO 37308 --- [bmp-booking-service] [pool-2-thread-1] o.a.k.c.c.internals.ConsumerCoordinator  : [Consumer clientId=consumer-anonymous.777e2bc3-eb50-4b9f-8b85-f58f15efd44b-3, groupId=anonymous.777e2bc3-eb50-4b9f-8b85-f58f15efd44b] Group coordinator localhost:9092 (id: 2147483646 rack: null) is unavailable or invalid due to cause: coordinator unavailable. isDisconnected: false. Rediscovery will be attempted.
2026-09-02T10:43:20.931+05:30  INFO 37308 --- [bmp-booking-service] [pool-2-thread-1] o.a.k.c.c.internals.ConsumerCoordinator  : [Consumer clientId=consumer-anonymous.777e2bc3-eb50-4b9f-8b85-f58f15efd44b-3, groupId=anonymous.777e2bc3-eb50-4b9f-8b85-f58f15efd44b] Requesting disconnect from last known coordinator localhost:9092 (id: 2147483646 rack: null)
2026-09-02T10:43:21.062+05:30  INFO 37308 --- [bmp-booking-service] [pool-2-thread-1] o.a.k.c.c.internals.ConsumerCoordinator  : [Consumer clientId=consumer-anonymous.777e2bc3-eb50-4b9f-8b85-f58f15efd44b-3, groupId=anonymous.777e2bc3-eb50-4b9f-8b85-f58f15efd44b] Discovered group coordinator localhost:9092 (id: 2147483646 rack: null)
2026-09-02T10:43:30.745+05:30  INFO 37308 --- [bmp-booking-service] [rap-executor-%d] c.n.d.s.r.aws.ConfigClusterResolver      : Resolving eureka endpoints via configuration
2026-09-02T10:48:30.748+05:30  INFO 37308 --- [bmp-booking-service] [rap-executor-%d] c.n.d.s.r.aws.ConfigClusterResolver      : Resolving eureka endpoints via configuration
2026-09-02T10:53:30.756+05:30  INFO 37308 --- [bmp-booking-service] [rap-executor-%d] c.n.d.s.r.aws.ConfigClusterResolver      : Resolving eureka endpoints via configuration
2026-09-02T10:58:30.764+05:30  INFO 37308 --- [bmp-booking-service] [rap-executor-%d] c.n.d.s.r.aws.ConfigClusterResolver      : Resolving eureka endpoints via configuration
2026-09-02T11:03:30.782+05:30  INFO 37308 --- [bmp-booking-service] [rap-executor-%d] c.n.d.s.r.aws.ConfigClusterResolver      : Resolving eureka endpoints via configuration
2026-09-02T11:08:30.793+05:30  INFO 37308 --- [bmp-booking-service] [rap-executor-%d] c.n.d.s.r.aws.ConfigClusterResolver      : Resolving eureka endpoints via configuration
2026-09-02T11:13:30.811+05:30  INFO 37308 --- [bmp-booking-service] [rap-executor-%d] c.n.d.s.r.aws.ConfigClusterResolver      : Resolving eureka endpoints via configuration
2026-09-02T11:18:30.820+05:30  INFO 37308 --- [bmp-booking-service] [rap-executor-%d] c.n.d.s.r.aws.ConfigClusterResolver      : Resolving eureka endpoints via configuration
2026-09-02T11:23:30.823+05:30  INFO 37308 --- [bmp-booking-service] [rap-executor-%d] c.n.d.s.r.aws.ConfigClusterResolver      : Resolving eureka endpoints via configuration
2026-09-02T12:21:00.414+05:30  INFO 37308 --- [bmp-booking-service] [container-0-C-1] org.apache.kafka.clients.NetworkClient   : [Consumer clientId=consumer-anonymous.777e2bc3-eb50-4b9f-8b85-f58f15efd44b-2, groupId=anonymous.777e2bc3-eb50-4b9f-8b85-f58f15efd44b] Node 1 disconnected.
2026-09-02T12:21:00.424+05:30  INFO 37308 --- [bmp-booking-service] [container-0-C-1] org.apache.kafka.clients.NetworkClient   : [Consumer clientId=consumer-anonymous.777e2bc3-eb50-4b9f-8b85-f58f15efd44b-2, groupId=anonymous.777e2bc3-eb50-4b9f-8b85-f58f15efd44b] Cancelled in-flight FETCH request with correlation id 221736 due to node 1 being disconnected (elapsed time since creation: 3330452ms, elapsed time since send: 3330452ms, throttle time: 0ms, request timeout: 30000ms)
2026-09-02T12:21:00.428+05:30  INFO 37308 --- [bmp-booking-service] [container-0-C-1] org.apache.kafka.clients.NetworkClient   : [Consumer clientId=consumer-anonymous.777e2bc3-eb50-4b9f-8b85-f58f15efd44b-2, groupId=anonymous.777e2bc3-eb50-4b9f-8b85-f58f15efd44b] Disconnecting from node 2147483646 due to request timeout.
2026-09-02T12:21:00.428+05:30  INFO 37308 --- [bmp-booking-service] [container-0-C-1] org.apache.kafka.clients.NetworkClient   : [Consumer clientId=consumer-anonymous.777e2bc3-eb50-4b9f-8b85-f58f15efd44b-2, groupId=anonymous.777e2bc3-eb50-4b9f-8b85-f58f15efd44b] Cancelled in-flight HEARTBEAT request with correlation id 221737 due to node 2147483646 being disconnected (elapsed time since creation: 3329548ms, elapsed time since send: 3329548ms, throttle time: 0ms, request timeout: 30000ms)
2026-09-02T12:21:00.433+05:30  INFO 37308 --- [bmp-booking-service] [85-f58f15efd44b] o.a.k.c.c.internals.ConsumerCoordinator  : [Consumer clientId=consumer-anonymous.777e2bc3-eb50-4b9f-8b85-f58f15efd44b-2, groupId=anonymous.777e2bc3-eb50-4b9f-8b85-f58f15efd44b] Group coordinator localhost:9092 (id: 2147483646 rack: null) is unavailable or invalid due to cause: null. isDisconnected: true. Rediscovery will be attempted.
2026-09-02T12:21:00.430+05:30  INFO 37308 --- [bmp-booking-service] [container-0-C-1] o.a.kafka.clients.FetchSessionHandler    : [Consumer clientId=consumer-anonymous.777e2bc3-eb50-4b9f-8b85-f58f15efd44b-2, groupId=anonymous.777e2bc3-eb50-4b9f-8b85-f58f15efd44b] Error sending fetch request (sessionId=1117237560, epoch=5036) to node 1:

org.apache.kafka.common.errors.DisconnectException: null

2026-09-02T12:21:01.924+05:30  INFO 37308 --- [bmp-booking-service] [container-0-C-1] o.a.k.c.c.internals.ConsumerCoordinator  : [Consumer clientId=consumer-anonymous.777e2bc3-eb50-4b9f-8b85-f58f15efd44b-2, groupId=anonymous.777e2bc3-eb50-4b9f-8b85-f58f15efd44b] Discovered group coordinator localhost:9092 (id: 2147483646 rack: null)
2026-09-02T12:21:12.963+05:30  INFO 37308 --- [bmp-booking-service] [vice-producer-1] org.apache.kafka.clients.NetworkClient   : [Producer clientId=bmp-booking-service-producer-1] Node 1 disconnected.
2026-09-02T12:21:13.293+05:30  WARN 37308 --- [bmp-booking-service] [l-1 housekeeper] com.zaxxer.hikari.pool.HikariPool        : HikariPool-1 - Thread starvation or clock leap detected (housekeeper delta=55m56s678ms696µs600ns).
2026-09-02T12:21:48.597+05:30  INFO 37308 --- [bmp-booking-service] [pool-2-thread-1] org.apache.kafka.clients.NetworkClient   : [Consumer clientId=consumer-anonymous.777e2bc3-eb50-4b9f-8b85-f58f15efd44b-3, groupId=anonymous.777e2bc3-eb50-4b9f-8b85-f58f15efd44b] Node 2147483646 disconnected.
2026-09-02T12:21:48.602+05:30  INFO 37308 --- [bmp-booking-service] [pool-2-thread-1] o.a.k.c.c.internals.ConsumerCoordinator  : [Consumer clientId=consumer-anonymous.777e2bc3-eb50-4b9f-8b85-f58f15efd44b-3, groupId=anonymous.777e2bc3-eb50-4b9f-8b85-f58f15efd44b] Group coordinator localhost:9092 (id: 2147483646 rack: null) is unavailable or invalid due to cause: coordinator unavailable. isDisconnected: true. Rediscovery will be attempted.
2026-09-02T12:21:48.604+05:30  INFO 37308 --- [bmp-booking-service] [pool-2-thread-1] o.a.k.c.c.internals.ConsumerCoordinator  : [Consumer clientId=consumer-anonymous.777e2bc3-eb50-4b9f-8b85-f58f15efd44b-3, groupId=anonymous.777e2bc3-eb50-4b9f-8b85-f58f15efd44b] Discovered group coordinator localhost:9092 (id: 2147483646 rack: null)
2026-09-02T12:21:48.605+05:30  INFO 37308 --- [bmp-booking-service] [pool-2-thread-1] o.a.k.c.c.internals.ConsumerCoordinator  : [Consumer clientId=consumer-anonymous.777e2bc3-eb50-4b9f-8b85-f58f15efd44b-3, groupId=anonymous.777e2bc3-eb50-4b9f-8b85-f58f15efd44b] Group coordinator localhost:9092 (id: 2147483646 rack: null) is unavailable or invalid due to cause: coordinator unavailable. isDisconnected: false. Rediscovery will be attempted.
2026-09-02T12:21:48.605+05:30  INFO 37308 --- [bmp-booking-service] [pool-2-thread-1] o.a.k.c.c.internals.ConsumerCoordinator  : [Consumer clientId=consumer-anonymous.777e2bc3-eb50-4b9f-8b85-f58f15efd44b-3, groupId=anonymous.777e2bc3-eb50-4b9f-8b85-f58f15efd44b] Requesting disconnect from last known coordinator localhost:9092 (id: 2147483646 rack: null)
2026-09-02T12:21:48.691+05:30  INFO 37308 --- [bmp-booking-service] [pool-2-thread-1] o.a.k.c.c.internals.ConsumerCoordinator  : [Consumer clientId=consumer-anonymous.777e2bc3-eb50-4b9f-8b85-f58f15efd44b-3, groupId=anonymous.777e2bc3-eb50-4b9f-8b85-f58f15efd44b] Discovered group coordinator localhost:9092 (id: 2147483646 rack: null)
2026-09-02T12:23:57.371+05:30  INFO 37308 --- [bmp-booking-service] [rap-executor-%d] c.n.d.s.r.aws.ConfigClusterResolver      : Resolving eureka endpoints via configuration
2026-09-02T12:28:57.391+05:30  INFO 37308 --- [bmp-booking-service] [rap-executor-%d] c.n.d.s.r.aws.ConfigClusterResolver      : Resolving eureka endpoints via configuration
2026-09-02T12:33:57.422+05:30  INFO 37308 --- [bmp-booking-service] [rap-executor-%d] c.n.d.s.r.aws.ConfigClusterResolver      : Resolving eureka endpoints via configuration
2026-09-02T12:38:57.430+05:30  INFO 37308 --- [bmp-booking-service] [rap-executor-%d] c.n.d.s.r.aws.ConfigClusterResolver      : Resolving eureka endpoints via configuration
2026-09-02T12:43:57.432+05:30  INFO 37308 --- [bmp-booking-service] [rap-executor-%d] c.n.d.s.r.aws.ConfigClusterResolver      : Resolving eureka endpoints via configuration
2026-09-02T12:48:57.444+05:30  INFO 37308 --- [bmp-booking-service] [rap-executor-%d] c.n.d.s.r.aws.ConfigClusterResolver      : Resolving eureka endpoints via configuration
2026-09-02T12:53:57.453+05:30  INFO 37308 --- [bmp-booking-service] [rap-executor-%d] c.n.d.s.r.aws.ConfigClusterResolver      : Resolving eureka endpoints via configuration
2026-09-02T12:58:57.466+05:30  INFO 37308 --- [bmp-booking-service] [rap-executor-%d] c.n.d.s.r.aws.ConfigClusterResolver      : Resolving eureka endpoints via configuration
2026-09-02T13:03:57.472+05:30  INFO 37308 --- [bmp-booking-service] [rap-executor-%d] c.n.d.s.r.aws.ConfigClusterResolver      : Resolving eureka endpoints via configuration
2026-09-02T13:08:57.486+05:30  INFO 37308 --- [bmp-booking-service] [rap-executor-%d] c.n.d.s.r.aws.ConfigClusterResolver      : Resolving eureka endpoints via configuration
2026-09-02T13:13:57.496+05:30  INFO 37308 --- [bmp-booking-service] [rap-executor-%d] c.n.d.s.r.aws.ConfigClusterResolver      : Resolving eureka endpoints via configuration
2026-09-02T13:18:57.498+05:30  INFO 37308 --- [bmp-booking-service] [rap-executor-%d] c.n.d.s.r.aws.ConfigClusterResolver      : Resolving eureka endpoints via configuration
2026-09-02T13:23:57.510+05:30  INFO 37308 --- [bmp-booking-service] [rap-executor-%d] c.n.d.s.r.aws.ConfigClusterResolver      : Resolving eureka endpoints via configuration
2026-09-02T20:02:26.295+05:30  INFO 37308 --- [bmp-booking-service] [container-0-C-1] org.apache.kafka.clients.NetworkClient   : [Consumer clientId=consumer-anonymous.777e2bc3-eb50-4b9f-8b85-f58f15efd44b-2, groupId=anonymous.777e2bc3-eb50-4b9f-8b85-f58f15efd44b] Node 1 disconnected.
2026-09-02T20:02:26.308+05:30  INFO 37308 --- [bmp-booking-service] [container-0-C-1] org.apache.kafka.clients.NetworkClient   : [Consumer clientId=consumer-anonymous.777e2bc3-eb50-4b9f-8b85-f58f15efd44b-2, groupId=anonymous.777e2bc3-eb50-4b9f-8b85-f58f15efd44b] Cancelled in-flight FETCH request with correlation id 230463 due to node 1 being disconnected (elapsed time since creation: 23889232ms, elapsed time since send: 23889232ms, throttle time: 0ms, request timeout: 30000ms)
2026-09-02T20:02:26.312+05:30  INFO 37308 --- [bmp-booking-service] [85-f58f15efd44b] org.apache.kafka.clients.NetworkClient   : [Consumer clientId=consumer-anonymous.777e2bc3-eb50-4b9f-8b85-f58f15efd44b-2, groupId=anonymous.777e2bc3-eb50-4b9f-8b85-f58f15efd44b] Node 2147483646 disconnected.
2026-09-02T20:02:26.317+05:30  INFO 37308 --- [bmp-booking-service] [container-0-C-1] o.a.kafka.clients.FetchSessionHandler    : [Consumer clientId=consumer-anonymous.777e2bc3-eb50-4b9f-8b85-f58f15efd44b-2, groupId=anonymous.777e2bc3-eb50-4b9f-8b85-f58f15efd44b] Error sending fetch request (sessionId=1012365110, epoch=7435) to node 1:

org.apache.kafka.common.errors.DisconnectException: null

2026-09-02T20:02:26.444+05:30  INFO 37308 --- [bmp-booking-service] [85-f58f15efd44b] o.a.k.c.c.internals.ConsumerCoordinator  : [Consumer clientId=consumer-anonymous.777e2bc3-eb50-4b9f-8b85-f58f15efd44b-2, groupId=anonymous.777e2bc3-eb50-4b9f-8b85-f58f15efd44b] Group coordinator localhost:9092 (id: 2147483646 rack: null) is unavailable or invalid due to cause: coordinator unavailable. isDisconnected: true. Rediscovery will be attempted.
2026-09-02T20:02:27.755+05:30  INFO 37308 --- [bmp-booking-service] [container-0-C-1] o.a.k.c.c.internals.ConsumerCoordinator  : [Consumer clientId=consumer-anonymous.777e2bc3-eb50-4b9f-8b85-f58f15efd44b-2, groupId=anonymous.777e2bc3-eb50-4b9f-8b85-f58f15efd44b] Discovered group coordinator localhost:9092 (id: 2147483646 rack: null)
2026-09-02T20:02:49.889+05:30  INFO 37308 --- [bmp-booking-service] [vice-producer-1] org.apache.kafka.clients.NetworkClient   : [Producer clientId=bmp-booking-service-producer-1] Node 1 disconnected.
2026-09-02T20:02:51.502+05:30  WARN 37308 --- [bmp-booking-service] [l-1 housekeeper] com.zaxxer.hikari.pool.HikariPool        : HikariPool-1 - Thread starvation or clock leap detected (housekeeper delta=6h38m38s898ms120µs300ns).
2026-09-02T20:02:56.637+05:30  INFO 37308 --- [bmp-booking-service] [pool-2-thread-1] org.apache.kafka.clients.NetworkClient   : [Consumer clientId=consumer-anonymous.777e2bc3-eb50-4b9f-8b85-f58f15efd44b-3, groupId=anonymous.777e2bc3-eb50-4b9f-8b85-f58f15efd44b] Node 2147483646 disconnected.
2026-09-02T20:07:03.650+05:30  INFO 37308 --- [bmp-booking-service] [rap-executor-%d] c.n.d.s.r.aws.ConfigClusterResolver      : Resolving eureka endpoints via configuration
2026-09-02T20:12:03.694+05:30  INFO 37308 --- [bmp-booking-service] [rap-executor-%d] c.n.d.s.r.aws.ConfigClusterResolver      : Resolving eureka endpoints via configuration
2026-09-02T20:17:03.711+05:30  INFO 37308 --- [bmp-booking-service] [rap-executor-%d] c.n.d.s.r.aws.ConfigClusterResolver      : Resolving eureka endpoints via configuration
2026-09-02T20:22:03.721+05:30  INFO 37308 --- [bmp-booking-service] [rap-executor-%d] c.n.d.s.r.aws.ConfigClusterResolver      : Resolving eureka endpoints via configuration
2026-09-02T20:27:03.722+05:30  INFO 37308 --- [bmp-booking-service] [rap-executor-%d] c.n.d.s.r.aws.ConfigClusterResolver      : Resolving eureka endpoints via configuration
2026-09-02T20:32:03.740+05:30  INFO 37308 --- [bmp-booking-service] [rap-executor-%d] c.n.d.s.r.aws.ConfigClusterResolver      : Resolving eureka endpoints via configuration
2026-09-02T20:37:03.755+05:30  INFO 37308 --- [bmp-booking-service] [rap-executor-%d] c.n.d.s.r.aws.ConfigClusterResolver      : Resolving eureka endpoints via configuration
2026-09-02T20:42:03.770+05:30  INFO 37308 --- [bmp-booking-service] [rap-executor-%d] c.n.d.s.r.aws.ConfigClusterResolver      : Resolving eureka endpoints via configuration
2026-09-02T20:47:03.784+05:30  INFO 37308 --- [bmp-booking-service] [rap-executor-%d] c.n.d.s.r.aws.ConfigClusterResolver      : Resolving eureka endpoints via configuration
2026-09-02T20:52:03.801+05:30  INFO 37308 --- [bmp-booking-service] [rap-executor-%d] c.n.d.s.r.aws.ConfigClusterResolver      : Resolving eureka endpoints via configuration
2026-09-02T20:57:03.814+05:30  INFO 37308 --- [bmp-booking-service] [rap-executor-%d] c.n.d.s.r.aws.ConfigClusterResolver      : Resolving eureka endpoints via configuration
2026-09-02T21:02:03.826+05:30  INFO 37308 --- [bmp-booking-service] [rap-executor-%d] c.n.d.s.r.aws.ConfigClusterResolver      : Resolving eureka endpoints via configuration
2026-09-02T21:07:03.839+05:30  INFO 37308 --- [bmp-booking-service] [rap-executor-%d] c.n.d.s.r.aws.ConfigClusterResolver      : Resolving eureka endpoints via configuration
2026-09-02T21:12:03.855+05:30  INFO 37308 --- [bmp-booking-service] [rap-executor-%d] c.n.d.s.r.aws.ConfigClusterResolver      : Resolving eureka endpoints via configuration
2026-09-02T21:17:03.865+05:30  INFO 37308 --- [bmp-booking-service] [rap-executor-%d] c.n.d.s.r.aws.ConfigClusterResolver      : Resolving eureka endpoints via configuration
2026-09-02T21:22:03.869+05:30  INFO 37308 --- [bmp-booking-service] [rap-executor-%d] c.n.d.s.r.aws.ConfigClusterResolver      : Resolving eureka endpoints via configuration
2026-09-02T21:27:03.876+05:30  INFO 37308 --- [bmp-booking-service] [rap-executor-%d] c.n.d.s.r.aws.ConfigClusterResolver      : Resolving eureka endpoints via configuration
2026-09-02T21:32:03.886+05:30  INFO 37308 --- [bmp-booking-service] [rap-executor-%d] c.n.d.s.r.aws.ConfigClusterResolver      : Resolving eureka endpoints via configuration
2026-09-02T21:37:03.901+05:30  INFO 37308 --- [bmp-booking-service] [rap-executor-%d] c.n.d.s.r.aws.ConfigClusterResolver      : Resolving eureka endpoints via configuration
2026-09-02T21:42:03.906+05:30  INFO 37308 --- [bmp-booking-service] [rap-executor-%d] c.n.d.s.r.aws.ConfigClusterResolver      : Resolving eureka endpoints via configuration
2026-09-02T21:47:03.922+05:30  INFO 37308 --- [bmp-booking-service] [rap-executor-%d] c.n.d.s.r.aws.ConfigClusterResolver      : Resolving eureka endpoints via configuration
2026-09-02T21:52:03.929+05:30  INFO 37308 --- [bmp-booking-service] [rap-executor-%d] c.n.d.s.r.aws.ConfigClusterResolver      : Resolving eureka endpoints via configuration
2026-09-02T21:57:03.937+05:30  INFO 37308 --- [bmp-booking-service] [rap-executor-%d] c.n.d.s.r.aws.ConfigClusterResolver      : Resolving eureka endpoints via configuration
2026-09-02T22:02:03.946+05:30  INFO 37308 --- [bmp-booking-service] [rap-executor-%d] c.n.d.s.r.aws.ConfigClusterResolver      : Resolving eureka endpoints via configuration
2026-09-02T22:07:03.958+05:30  INFO 37308 --- [bmp-booking-service] [rap-executor-%d] c.n.d.s.r.aws.ConfigClusterResolver      : Resolving eureka endpoints via configuration
