
  .   ____          _            __ _ _
 /\\ / ___'_ __ _ _(_)_ __  __ _ \ \ \ \
( ( )\___ | '_ | '_| | '_ \/ _` | \ \ \ \
 \\/  ___)| |_)| | | | | || (_| |  ) ) ) )
  '  |____| .__|_| |_|_| |_\__, | / / / /
 =========|_|==============|___/=/_/_/_/

 :: Spring Boot ::                (v3.4.1)

2026-08-24T22:32:04.333+05:30  INFO 15776 --- [bmp-config-server] [           main] c.b.c.BmpConfigServerApplication         : Starting BmpConfigServerApplication using Java 21.0.11 with PID 15776 (C:\BMP -PRJ\BMP\bmp-config-server\target\classes started by Lenovo in C:\BMP -PRJ\BMP\bmp-config-server)
2026-08-24T22:32:04.335+05:30  INFO 15776 --- [bmp-config-server] [           main] c.b.c.BmpConfigServerApplication         : No active profile set, falling back to 1 default profile: "default"
2026-08-24T22:32:05.271+05:30  INFO 15776 --- [bmp-config-server] [           main] faultConfiguringBeanFactoryPostProcessor : No bean named 'errorChannel' has been explicitly defined. Therefore, a default PublishSubscribeChannel will be created.
2026-08-24T22:32:05.277+05:30  INFO 15776 --- [bmp-config-server] [           main] faultConfiguringBeanFactoryPostProcessor : No bean named 'integrationHeaderChannelRegistry' has been explicitly defined. Therefore, a default DefaultHeaderChannelRegistry will be created.
2026-08-24T22:32:05.386+05:30  INFO 15776 --- [bmp-config-server] [           main] o.s.cloud.context.scope.GenericScope     : BeanFactory id=51ced2f1-cfda-3155-b916-20a7a1a68ac1
2026-08-24T22:32:05.638+05:30  INFO 15776 --- [bmp-config-server] [           main] o.s.b.w.embedded.tomcat.TomcatWebServer  : Tomcat initialized with port 8888 (http)
2026-08-24T22:32:05.645+05:30  INFO 15776 --- [bmp-config-server] [           main] o.apache.catalina.core.StandardService   : Starting service [Tomcat]
2026-08-24T22:32:05.647+05:30  INFO 15776 --- [bmp-config-server] [           main] o.apache.catalina.core.StandardEngine    : Starting Servlet engine: [Apache Tomcat/10.1.34]
2026-08-24T22:32:05.701+05:30  INFO 15776 --- [bmp-config-server] [           main] o.a.c.c.C.[Tomcat].[localhost].[/]       : Initializing Spring embedded WebApplicationContext
2026-08-24T22:32:05.702+05:30  INFO 15776 --- [bmp-config-server] [           main] w.s.c.ServletWebServerApplicationContext : Root WebApplicationContext: initialization completed in 1334 ms
2026-08-24T22:32:06.010+05:30  INFO 15776 --- [bmp-config-server] [           main] r$InitializeUserDetailsManagerConfigurer : Global AuthenticationManager configured with UserDetailsService bean with name users
2026-08-24T22:32:14.379+05:30  INFO 15776 --- [bmp-config-server] [           main] o.s.b.a.e.web.EndpointLinksResolver      : Exposing 3 endpoints beneath base path '/actuator'
2026-08-24T22:32:16.222+05:30  INFO 15776 --- [bmp-config-server] [           main] o.s.c.s.m.DirectWithAttributesChannel    : Channel 'bmp-config-server.springCloudBusInput' has 1 subscriber(s).
2026-08-24T22:32:17.269+05:30  INFO 15776 --- [bmp-config-server] [           main] DiscoveryClientOptionalArgsConfiguration : Eureka HTTP Client uses RestTemplate.
2026-08-24T22:32:17.710+05:30  WARN 15776 --- [bmp-config-server] [           main] iguration$LoadBalancerCaffeineWarnLogger : Spring Cloud LoadBalancer is currently working with the default cache. While this cache implementation is useful for development and tests, it's recommended to use Caffeine cache in production.You can switch to using Caffeine cache, by adding it and org.springframework.cache.caffeine.CaffeineCacheManager to the classpath.
2026-08-24T22:32:17.970+05:30  INFO 15776 --- [bmp-config-server] [           main] o.s.i.endpoint.EventDrivenConsumer       : Adding {logging-channel-adapter:_org.springframework.integration.errorLogger} as a subscriber to the 'errorChannel' channel
2026-08-24T22:32:17.970+05:30  INFO 15776 --- [bmp-config-server] [           main] o.s.i.channel.PublishSubscribeChannel    : Channel 'bmp-config-server.errorChannel' has 1 subscriber(s).
2026-08-24T22:32:17.971+05:30  INFO 15776 --- [bmp-config-server] [           main] o.s.i.endpoint.EventDrivenConsumer       : started bean '_org.springframework.integration.errorLogger'
2026-08-24T22:32:18.029+05:30  INFO 15776 --- [bmp-config-server] [           main] o.s.c.n.eureka.InstanceInfoFactory       : Setting initial instance status as: STARTING
2026-08-24T22:32:18.158+05:30  INFO 15776 --- [bmp-config-server] [           main] com.netflix.discovery.DiscoveryClient    : Initializing Eureka in region us-east-1
2026-08-24T22:32:18.175+05:30  INFO 15776 --- [bmp-config-server] [           main] c.n.d.s.r.aws.ConfigClusterResolver      : Resolving eureka endpoints via configuration
2026-08-24T22:32:18.196+05:30  INFO 15776 --- [bmp-config-server] [           main] com.netflix.discovery.DiscoveryClient    : Disable delta property : false
2026-08-24T22:32:18.196+05:30  INFO 15776 --- [bmp-config-server] [           main] com.netflix.discovery.DiscoveryClient    : Single vip registry refresh property : null
2026-08-24T22:32:18.196+05:30  INFO 15776 --- [bmp-config-server] [           main] com.netflix.discovery.DiscoveryClient    : Force full registry fetch : false
2026-08-24T22:32:18.196+05:30  INFO 15776 --- [bmp-config-server] [           main] com.netflix.discovery.DiscoveryClient    : Application is null : false
2026-08-24T22:32:18.196+05:30  INFO 15776 --- [bmp-config-server] [           main] com.netflix.discovery.DiscoveryClient    : Registered Applications size is zero : true
2026-08-24T22:32:18.197+05:30  INFO 15776 --- [bmp-config-server] [           main] com.netflix.discovery.DiscoveryClient    : Application version is -1: true
2026-08-24T22:32:18.198+05:30  INFO 15776 --- [bmp-config-server] [           main] com.netflix.discovery.DiscoveryClient    : Getting all instance registry info from the eureka server
2026-08-24T22:32:19.697+05:30  INFO 15776 --- [bmp-config-server] [           main] com.netflix.discovery.DiscoveryClient    : The response status is 200
2026-08-24T22:32:19.701+05:30  INFO 15776 --- [bmp-config-server] [           main] com.netflix.discovery.DiscoveryClient    : Starting heartbeat executor: renew interval is: 30
2026-08-24T22:32:19.706+05:30  INFO 15776 --- [bmp-config-server] [           main] c.n.discovery.InstanceInfoReplicator     : InstanceInfoReplicator onDemand update allowed rate per min is 4
2026-08-24T22:32:19.717+05:30  INFO 15776 --- [bmp-config-server] [           main] com.netflix.discovery.DiscoveryClient    : Discovery Client initialized at timestamp 1787590939713 with initial instances count: 0
2026-08-24T22:32:19.756+05:30  INFO 15776 --- [bmp-config-server] [           main] o.s.c.n.e.s.EurekaServiceRegistry        : Registering application BMP-CONFIG-SERVER with eureka with status UP
2026-08-24T22:32:19.758+05:30  INFO 15776 --- [bmp-config-server] [           main] com.netflix.discovery.DiscoveryClient    : Saw local status change event StatusChangeEvent [timestamp=1787590939756, current=UP, previous=STARTING]
2026-08-24T22:32:19.762+05:30  INFO 15776 --- [bmp-config-server] [           main] o.s.c.c.m.FileMonitorConfiguration       : Not monitoring for local config changes
2026-08-24T22:32:19.763+05:30  INFO 15776 --- [bmp-config-server] [foReplicator-%d] com.netflix.discovery.DiscoveryClient    : DiscoveryClient_BMP-CONFIG-SERVER/Darshan.mshome.net:bmp-config-server:8888: registering service...
2026-08-24T22:32:19.932+05:30  INFO 15776 --- [bmp-config-server] [           main] o.s.b.w.embedded.tomcat.TomcatWebServer  : Tomcat started on port 8888 (http) with context path '/'
2026-08-24T22:32:19.935+05:30  INFO 15776 --- [bmp-config-server] [           main] .s.c.n.e.s.EurekaAutoServiceRegistration : Updating port to 8888
2026-08-24T22:32:20.201+05:30  INFO 15776 --- [bmp-config-server] [foReplicator-%d] com.netflix.discovery.DiscoveryClient    : DiscoveryClient_BMP-CONFIG-SERVER/Darshan.mshome.net:bmp-config-server:8888 - registration status: 204
2026-08-24T22:32:20.522+05:30  INFO 15776 --- [bmp-config-server] [           main] o.s.c.s.binder.DefaultBinderFactory      : Creating binder: kafka
2026-08-24T22:32:20.523+05:30  INFO 15776 --- [bmp-config-server] [           main] o.s.c.s.binder.DefaultBinderFactory      : Constructing binder child context for kafka
2026-08-24T22:32:21.138+05:30  INFO 15776 --- [bmp-config-server] [           main] o.s.c.s.binder.DefaultBinderFactory      : Caching the binder: kafka
2026-08-24T22:32:21.272+05:30  INFO 15776 --- [bmp-config-server] [           main] o.a.k.clients.admin.AdminClientConfig    : AdminClientConfig values: 
	auto.include.jmx.reporter = true
	bootstrap.controllers = []
	bootstrap.servers = [localhost:9092]
	client.dns.lookup = use_all_dns_ips
	client.id = 
	connections.max.idle.ms = 300000
	default.api.timeout.ms = 60000
	enable.metrics.push = true
	metadata.max.age.ms = 300000
	metadata.recovery.strategy = none
	metric.reporters = []
	metrics.num.samples = 2
	metrics.recording.level = INFO
	metrics.sample.window.ms = 30000
	receive.buffer.bytes = 65536
	reconnect.backoff.max.ms = 1000
	reconnect.backoff.ms = 50
	request.timeout.ms = 30000
	retries = 2147483647
	retry.backoff.max.ms = 1000
	retry.backoff.ms = 100
	sasl.client.callback.handler.class = null
	sasl.jaas.config = null
	sasl.kerberos.kinit.cmd = /usr/bin/kinit
	sasl.kerberos.min.time.before.relogin = 60000
	sasl.kerberos.service.name = null
	sasl.kerberos.ticket.renew.jitter = 0.05
	sasl.kerberos.ticket.renew.window.factor = 0.8
	sasl.login.callback.handler.class = null
	sasl.login.class = null
	sasl.login.connect.timeout.ms = null
	sasl.login.read.timeout.ms = null
	sasl.login.refresh.buffer.seconds = 300
	sasl.login.refresh.min.period.seconds = 60
	sasl.login.refresh.window.factor = 0.8
	sasl.login.refresh.window.jitter = 0.05
	sasl.login.retry.backoff.max.ms = 10000
	sasl.login.retry.backoff.ms = 100
	sasl.mechanism = GSSAPI
	sasl.oauthbearer.clock.skew.seconds = 30
	sasl.oauthbearer.expected.audience = null
	sasl.oauthbearer.expected.issuer = null
	sasl.oauthbearer.jwks.endpoint.refresh.ms = 3600000
	sasl.oauthbearer.jwks.endpoint.retry.backoff.max.ms = 10000
	sasl.oauthbearer.jwks.endpoint.retry.backoff.ms = 100
	sasl.oauthbearer.jwks.endpoint.url = null
	sasl.oauthbearer.scope.claim.name = scope
	sasl.oauthbearer.sub.claim.name = sub
	sasl.oauthbearer.token.endpoint.url = null
	security.protocol = PLAINTEXT
	security.providers = null
	send.buffer.bytes = 131072
	socket.connection.setup.timeout.max.ms = 30000
	socket.connection.setup.timeout.ms = 10000
	ssl.cipher.suites = null
	ssl.enabled.protocols = [TLSv1.2, TLSv1.3]
	ssl.endpoint.identification.algorithm = https
	ssl.engine.factory.class = null
	ssl.key.password = null
	ssl.keymanager.algorithm = SunX509
	ssl.keystore.certificate.chain = null
	ssl.keystore.key = null
	ssl.keystore.location = null
	ssl.keystore.password = null
	ssl.keystore.type = JKS
	ssl.protocol = TLSv1.3
	ssl.provider = null
	ssl.secure.random.implementation = null
	ssl.trustmanager.algorithm = PKIX
	ssl.truststore.certificates = null
	ssl.truststore.location = null
	ssl.truststore.password = null
	ssl.truststore.type = JKS

2026-08-24T22:32:21.629+05:30  INFO 15776 --- [bmp-config-server] [           main] o.a.kafka.common.utils.AppInfoParser     : Kafka version: 3.8.1
2026-08-24T22:32:21.630+05:30  INFO 15776 --- [bmp-config-server] [           main] o.a.kafka.common.utils.AppInfoParser     : Kafka commitId: 70d6ff42debf7e17
2026-08-24T22:32:21.630+05:30  INFO 15776 --- [bmp-config-server] [           main] o.a.kafka.common.utils.AppInfoParser     : Kafka startTimeMs: 1787590941625
2026-08-24T22:32:23.968+05:30  INFO 15776 --- [bmp-config-server] [| adminclient-1] o.a.kafka.common.utils.AppInfoParser     : App info kafka.admin.client for adminclient-1 unregistered
2026-08-24T22:32:23.973+05:30  INFO 15776 --- [bmp-config-server] [| adminclient-1] o.apache.kafka.common.metrics.Metrics    : Metrics scheduler closed
2026-08-24T22:32:23.973+05:30  INFO 15776 --- [bmp-config-server] [| adminclient-1] o.apache.kafka.common.metrics.Metrics    : Closing reporter org.apache.kafka.common.metrics.JmxReporter
2026-08-24T22:32:23.973+05:30  INFO 15776 --- [bmp-config-server] [| adminclient-1] o.apache.kafka.common.metrics.Metrics    : Metrics reporters closed
2026-08-24T22:32:23.993+05:30  INFO 15776 --- [bmp-config-server] [           main] o.a.k.clients.consumer.ConsumerConfig    : ConsumerConfig values: 
	allow.auto.create.topics = true
	auto.commit.interval.ms = 100
	auto.include.jmx.reporter = true
	auto.offset.reset = latest
	bootstrap.servers = [localhost:9092]
	check.crcs = true
	client.dns.lookup = use_all_dns_ips
	client.id = consumer-anonymous.dab3ec53-5680-441b-990f-191aea843fd1-1
	client.rack = 
	connections.max.idle.ms = 540000
	default.api.timeout.ms = 60000
	enable.auto.commit = false
	enable.metrics.push = true
	exclude.internal.topics = true
	fetch.max.bytes = 52428800
	fetch.max.wait.ms = 500
	fetch.min.bytes = 1
	group.id = anonymous.dab3ec53-5680-441b-990f-191aea843fd1
	group.instance.id = null
	group.protocol = classic
	group.remote.assignor = null
	heartbeat.interval.ms = 3000
	interceptor.classes = []
	internal.leave.group.on.close = true
	internal.throw.on.fetch.stable.offset.unsupported = false
	isolation.level = read_uncommitted
	key.deserializer = class org.apache.kafka.common.serialization.ByteArrayDeserializer
	max.partition.fetch.bytes = 1048576
	max.poll.interval.ms = 300000
	max.poll.records = 500
	metadata.max.age.ms = 300000
	metadata.recovery.strategy = none
	metric.reporters = []
	metrics.num.samples = 2
	metrics.recording.level = INFO
	metrics.sample.window.ms = 30000
	partition.assignment.strategy = [class org.apache.kafka.clients.consumer.RangeAssignor, class org.apache.kafka.clients.consumer.CooperativeStickyAssignor]
	receive.buffer.bytes = 65536
	reconnect.backoff.max.ms = 1000
	reconnect.backoff.ms = 50
	request.timeout.ms = 30000
	retry.backoff.max.ms = 1000
	retry.backoff.ms = 100
	sasl.client.callback.handler.class = null
	sasl.jaas.config = null
	sasl.kerberos.kinit.cmd = /usr/bin/kinit
	sasl.kerberos.min.time.before.relogin = 60000
	sasl.kerberos.service.name = null
	sasl.kerberos.ticket.renew.jitter = 0.05
	sasl.kerberos.ticket.renew.window.factor = 0.8
	sasl.login.callback.handler.class = null
	sasl.login.class = null
	sasl.login.connect.timeout.ms = null
	sasl.login.read.timeout.ms = null
	sasl.login.refresh.buffer.seconds = 300
	sasl.login.refresh.min.period.seconds = 60
	sasl.login.refresh.window.factor = 0.8
	sasl.login.refresh.window.jitter = 0.05
	sasl.login.retry.backoff.max.ms = 10000
	sasl.login.retry.backoff.ms = 100
	sasl.mechanism = GSSAPI
	sasl.oauthbearer.clock.skew.seconds = 30
	sasl.oauthbearer.expected.audience = null
	sasl.oauthbearer.expected.issuer = null
	sasl.oauthbearer.jwks.endpoint.refresh.ms = 3600000
	sasl.oauthbearer.jwks.endpoint.retry.backoff.max.ms = 10000
	sasl.oauthbearer.jwks.endpoint.retry.backoff.ms = 100
	sasl.oauthbearer.jwks.endpoint.url = null
	sasl.oauthbearer.scope.claim.name = scope
	sasl.oauthbearer.sub.claim.name = sub
	sasl.oauthbearer.token.endpoint.url = null
	security.protocol = PLAINTEXT
	security.providers = null
	send.buffer.bytes = 131072
	session.timeout.ms = 45000
	socket.connection.setup.timeout.max.ms = 30000
	socket.connection.setup.timeout.ms = 10000
	ssl.cipher.suites = null
	ssl.enabled.protocols = [TLSv1.2, TLSv1.3]
	ssl.endpoint.identification.algorithm = https
	ssl.engine.factory.class = null
	ssl.key.password = null
	ssl.keymanager.algorithm = SunX509
	ssl.keystore.certificate.chain = null
	ssl.keystore.key = null
	ssl.keystore.location = null
	ssl.keystore.password = null
	ssl.keystore.type = JKS
	ssl.protocol = TLSv1.3
	ssl.provider = null
	ssl.secure.random.implementation = null
	ssl.trustmanager.algorithm = PKIX
	ssl.truststore.certificates = null
	ssl.truststore.location = null
	ssl.truststore.password = null
	ssl.truststore.type = JKS
	value.deserializer = class org.apache.kafka.common.serialization.ByteArrayDeserializer

2026-08-24T22:32:24.083+05:30  INFO 15776 --- [bmp-config-server] [           main] o.a.k.c.t.i.KafkaMetricsCollector        : initializing Kafka metrics collector
2026-08-24T22:32:24.172+05:30  INFO 15776 --- [bmp-config-server] [           main] o.a.kafka.common.utils.AppInfoParser     : Kafka version: 3.8.1
2026-08-24T22:32:24.172+05:30  INFO 15776 --- [bmp-config-server] [           main] o.a.kafka.common.utils.AppInfoParser     : Kafka commitId: 70d6ff42debf7e17
2026-08-24T22:32:24.172+05:30  INFO 15776 --- [bmp-config-server] [           main] o.a.kafka.common.utils.AppInfoParser     : Kafka startTimeMs: 1787590944172
2026-08-24T22:32:24.209+05:30  INFO 15776 --- [bmp-config-server] [           main] org.apache.kafka.clients.Metadata        : [Consumer clientId=consumer-anonymous.dab3ec53-5680-441b-990f-191aea843fd1-1, groupId=anonymous.dab3ec53-5680-441b-990f-191aea843fd1] Cluster ID: 5L6g3nShT-eMCtK--X86sw
2026-08-24T22:32:24.214+05:30  INFO 15776 --- [bmp-config-server] [           main] o.a.k.c.c.internals.ConsumerCoordinator  : [Consumer clientId=consumer-anonymous.dab3ec53-5680-441b-990f-191aea843fd1-1, groupId=anonymous.dab3ec53-5680-441b-990f-191aea843fd1] Resetting generation and member id due to: consumer pro-actively leaving the group
2026-08-24T22:32:24.214+05:30  INFO 15776 --- [bmp-config-server] [           main] o.a.k.c.c.internals.ConsumerCoordinator  : [Consumer clientId=consumer-anonymous.dab3ec53-5680-441b-990f-191aea843fd1-1, groupId=anonymous.dab3ec53-5680-441b-990f-191aea843fd1] Request joining group due to: consumer pro-actively leaving the group
2026-08-24T22:32:24.220+05:30  INFO 15776 --- [bmp-config-server] [           main] o.apache.kafka.common.metrics.Metrics    : Metrics scheduler closed
2026-08-24T22:32:24.220+05:30  INFO 15776 --- [bmp-config-server] [           main] o.apache.kafka.common.metrics.Metrics    : Closing reporter org.apache.kafka.common.metrics.JmxReporter
2026-08-24T22:32:24.220+05:30  INFO 15776 --- [bmp-config-server] [           main] o.apache.kafka.common.metrics.Metrics    : Closing reporter org.apache.kafka.common.telemetry.internals.ClientTelemetryReporter
2026-08-24T22:32:24.220+05:30  INFO 15776 --- [bmp-config-server] [           main] o.apache.kafka.common.metrics.Metrics    : Metrics reporters closed
2026-08-24T22:32:24.224+05:30  INFO 15776 --- [bmp-config-server] [           main] o.a.kafka.common.utils.AppInfoParser     : App info kafka.consumer for consumer-anonymous.dab3ec53-5680-441b-990f-191aea843fd1-1 unregistered
2026-08-24T22:32:24.301+05:30  INFO 15776 --- [bmp-config-server] [           main] o.s.c.stream.binder.BinderErrorChannel   : Channel 'kafka-1696054379.springCloudBusInput.errors' has 1 subscriber(s).
2026-08-24T22:32:24.303+05:30  INFO 15776 --- [bmp-config-server] [           main] o.s.c.stream.binder.BinderErrorChannel   : Channel 'kafka-1696054379.springCloudBusInput.errors' has 0 subscriber(s).
2026-08-24T22:32:24.303+05:30  INFO 15776 --- [bmp-config-server] [           main] o.s.c.stream.binder.BinderErrorChannel   : Channel 'kafka-1696054379.springCloudBusInput.errors' has 1 subscriber(s).
2026-08-24T22:32:24.303+05:30  INFO 15776 --- [bmp-config-server] [           main] o.s.c.stream.binder.BinderErrorChannel   : Channel 'kafka-1696054379.springCloudBusInput.errors' has 2 subscriber(s).
2026-08-24T22:32:24.366+05:30  INFO 15776 --- [bmp-config-server] [           main] o.a.k.clients.consumer.ConsumerConfig    : ConsumerConfig values: 
	allow.auto.create.topics = true
	auto.commit.interval.ms = 100
	auto.include.jmx.reporter = true
	auto.offset.reset = latest
	bootstrap.servers = [localhost:9092]
	check.crcs = true
	client.dns.lookup = use_all_dns_ips
	client.id = consumer-anonymous.dab3ec53-5680-441b-990f-191aea843fd1-2
	client.rack = 
	connections.max.idle.ms = 540000
	default.api.timeout.ms = 60000
	enable.auto.commit = false
	enable.metrics.push = true
	exclude.internal.topics = true
	fetch.max.bytes = 52428800
	fetch.max.wait.ms = 500
	fetch.min.bytes = 1
	group.id = anonymous.dab3ec53-5680-441b-990f-191aea843fd1
	group.instance.id = null
	group.protocol = classic
	group.remote.assignor = null
	heartbeat.interval.ms = 3000
	interceptor.classes = []
	internal.leave.group.on.close = true
	internal.throw.on.fetch.stable.offset.unsupported = false
	isolation.level = read_uncommitted
	key.deserializer = class org.apache.kafka.common.serialization.ByteArrayDeserializer
	max.partition.fetch.bytes = 1048576
	max.poll.interval.ms = 300000
	max.poll.records = 500
	metadata.max.age.ms = 300000
	metadata.recovery.strategy = none
	metric.reporters = []
	metrics.num.samples = 2
	metrics.recording.level = INFO
	metrics.sample.window.ms = 30000
	partition.assignment.strategy = [class org.apache.kafka.clients.consumer.RangeAssignor, class org.apache.kafka.clients.consumer.CooperativeStickyAssignor]
	receive.buffer.bytes = 65536
	reconnect.backoff.max.ms = 1000
	reconnect.backoff.ms = 50
	request.timeout.ms = 30000
	retry.backoff.max.ms = 1000
	retry.backoff.ms = 100
	sasl.client.callback.handler.class = null
	sasl.jaas.config = null
	sasl.kerberos.kinit.cmd = /usr/bin/kinit
	sasl.kerberos.min.time.before.relogin = 60000
	sasl.kerberos.service.name = null
	sasl.kerberos.ticket.renew.jitter = 0.05
	sasl.kerberos.ticket.renew.window.factor = 0.8
	sasl.login.callback.handler.class = null
	sasl.login.class = null
	sasl.login.connect.timeout.ms = null
	sasl.login.read.timeout.ms = null
	sasl.login.refresh.buffer.seconds = 300
	sasl.login.refresh.min.period.seconds = 60
	sasl.login.refresh.window.factor = 0.8
	sasl.login.refresh.window.jitter = 0.05
	sasl.login.retry.backoff.max.ms = 10000
	sasl.login.retry.backoff.ms = 100
	sasl.mechanism = GSSAPI
	sasl.oauthbearer.clock.skew.seconds = 30
	sasl.oauthbearer.expected.audience = null
	sasl.oauthbearer.expected.issuer = null
	sasl.oauthbearer.jwks.endpoint.refresh.ms = 3600000
	sasl.oauthbearer.jwks.endpoint.retry.backoff.max.ms = 10000
	sasl.oauthbearer.jwks.endpoint.retry.backoff.ms = 100
	sasl.oauthbearer.jwks.endpoint.url = null
	sasl.oauthbearer.scope.claim.name = scope
	sasl.oauthbearer.sub.claim.name = sub
	sasl.oauthbearer.token.endpoint.url = null
	security.protocol = PLAINTEXT
	security.providers = null
	send.buffer.bytes = 131072
	session.timeout.ms = 45000
	socket.connection.setup.timeout.max.ms = 30000
	socket.connection.setup.timeout.ms = 10000
	ssl.cipher.suites = null
	ssl.enabled.protocols = [TLSv1.2, TLSv1.3]
	ssl.endpoint.identification.algorithm = https
	ssl.engine.factory.class = null
	ssl.key.password = null
	ssl.keymanager.algorithm = SunX509
	ssl.keystore.certificate.chain = null
	ssl.keystore.key = null
	ssl.keystore.location = null
	ssl.keystore.password = null
	ssl.keystore.type = JKS
	ssl.protocol = TLSv1.3
	ssl.provider = null
	ssl.secure.random.implementation = null
	ssl.trustmanager.algorithm = PKIX
	ssl.truststore.certificates = null
	ssl.truststore.location = null
	ssl.truststore.password = null
	ssl.truststore.type = JKS
	value.deserializer = class org.apache.kafka.common.serialization.ByteArrayDeserializer

2026-08-24T22:32:24.367+05:30  INFO 15776 --- [bmp-config-server] [           main] o.a.k.c.t.i.KafkaMetricsCollector        : initializing Kafka metrics collector
2026-08-24T22:32:24.379+05:30  INFO 15776 --- [bmp-config-server] [           main] o.a.kafka.common.utils.AppInfoParser     : Kafka version: 3.8.1
2026-08-24T22:32:24.379+05:30  INFO 15776 --- [bmp-config-server] [           main] o.a.kafka.common.utils.AppInfoParser     : Kafka commitId: 70d6ff42debf7e17
2026-08-24T22:32:24.379+05:30  INFO 15776 --- [bmp-config-server] [           main] o.a.kafka.common.utils.AppInfoParser     : Kafka startTimeMs: 1787590944379
2026-08-24T22:32:24.385+05:30  INFO 15776 --- [bmp-config-server] [           main] o.a.k.c.c.internals.LegacyKafkaConsumer  : [Consumer clientId=consumer-anonymous.dab3ec53-5680-441b-990f-191aea843fd1-2, groupId=anonymous.dab3ec53-5680-441b-990f-191aea843fd1] Subscribed to topic(s): springCloudBus
2026-08-24T22:32:24.400+05:30  INFO 15776 --- [bmp-config-server] [           main] s.i.k.i.KafkaMessageDrivenChannelAdapter : started org.springframework.integration.kafka.inbound.KafkaMessageDrivenChannelAdapter@4f6f7a86
2026-08-24T22:32:24.481+05:30  INFO 15776 --- [bmp-config-server] [           main] c.b.c.BmpConfigServerApplication         : Started BmpConfigServerApplication in 20.494 seconds (process running for 20.89)
2026-08-24T22:32:24.514+05:30  INFO 15776 --- [bmp-config-server] [container-0-C-1] org.apache.kafka.clients.Metadata        : [Consumer clientId=consumer-anonymous.dab3ec53-5680-441b-990f-191aea843fd1-2, groupId=anonymous.dab3ec53-5680-441b-990f-191aea843fd1] Cluster ID: 5L6g3nShT-eMCtK--X86sw
2026-08-24T22:32:24.580+05:30  INFO 15776 --- [bmp-config-server] [container-0-C-1] o.a.k.c.c.internals.ConsumerCoordinator  : [Consumer clientId=consumer-anonymous.dab3ec53-5680-441b-990f-191aea843fd1-2, groupId=anonymous.dab3ec53-5680-441b-990f-191aea843fd1] Discovered group coordinator localhost:9092 (id: 2147483646 rack: null)
2026-08-24T22:32:24.585+05:30  INFO 15776 --- [bmp-config-server] [container-0-C-1] o.a.k.c.c.internals.ConsumerCoordinator  : [Consumer clientId=consumer-anonymous.dab3ec53-5680-441b-990f-191aea843fd1-2, groupId=anonymous.dab3ec53-5680-441b-990f-191aea843fd1] (Re-)joining group
2026-08-24T22:32:24.929+05:30  INFO 15776 --- [bmp-config-server] [container-0-C-1] o.a.k.c.c.internals.ConsumerCoordinator  : [Consumer clientId=consumer-anonymous.dab3ec53-5680-441b-990f-191aea843fd1-2, groupId=anonymous.dab3ec53-5680-441b-990f-191aea843fd1] Request joining group due to: need to re-join with the given member-id: consumer-anonymous.dab3ec53-5680-441b-990f-191aea843fd1-2-81996317-a09d-4d73-9fd4-639bd169b1a4
2026-08-24T22:32:24.930+05:30  INFO 15776 --- [bmp-config-server] [container-0-C-1] o.a.k.c.c.internals.ConsumerCoordinator  : [Consumer clientId=consumer-anonymous.dab3ec53-5680-441b-990f-191aea843fd1-2, groupId=anonymous.dab3ec53-5680-441b-990f-191aea843fd1] (Re-)joining group
2026-08-24T22:32:25.408+05:30  INFO 15776 --- [bmp-config-server] [pool-4-thread-1] o.a.k.clients.consumer.ConsumerConfig    : ConsumerConfig values: 
	allow.auto.create.topics = true
	auto.commit.interval.ms = 5000
	auto.include.jmx.reporter = true
	auto.offset.reset = latest
	bootstrap.servers = [localhost:9092]
	check.crcs = true
	client.dns.lookup = use_all_dns_ips
	client.id = consumer-anonymous.dab3ec53-5680-441b-990f-191aea843fd1-3
	client.rack = 
	connections.max.idle.ms = 540000
	default.api.timeout.ms = 60000
	enable.auto.commit = true
	enable.metrics.push = true
	exclude.internal.topics = true
	fetch.max.bytes = 52428800
	fetch.max.wait.ms = 500
	fetch.min.bytes = 1
	group.id = anonymous.dab3ec53-5680-441b-990f-191aea843fd1
	group.instance.id = null
	group.protocol = classic
	group.remote.assignor = null
	heartbeat.interval.ms = 3000
	interceptor.classes = []
	internal.leave.group.on.close = true
	internal.throw.on.fetch.stable.offset.unsupported = false
	isolation.level = read_uncommitted
	key.deserializer = class org.apache.kafka.common.serialization.ByteArrayDeserializer
	max.partition.fetch.bytes = 1048576
	max.poll.interval.ms = 300000
	max.poll.records = 500
	metadata.max.age.ms = 300000
	metadata.recovery.strategy = none
	metric.reporters = []
	metrics.num.samples = 2
	metrics.recording.level = INFO
	metrics.sample.window.ms = 30000
	partition.assignment.strategy = [class org.apache.kafka.clients.consumer.RangeAssignor, class org.apache.kafka.clients.consumer.CooperativeStickyAssignor]
	receive.buffer.bytes = 65536
	reconnect.backoff.max.ms = 1000
	reconnect.backoff.ms = 50
	request.timeout.ms = 30000
	retry.backoff.max.ms = 1000
	retry.backoff.ms = 100
	sasl.client.callback.handler.class = null
	sasl.jaas.config = null
	sasl.kerberos.kinit.cmd = /usr/bin/kinit
	sasl.kerberos.min.time.before.relogin = 60000
	sasl.kerberos.service.name = null
	sasl.kerberos.ticket.renew.jitter = 0.05
	sasl.kerberos.ticket.renew.window.factor = 0.8
	sasl.login.callback.handler.class = null
	sasl.login.class = null
	sasl.login.connect.timeout.ms = null
	sasl.login.read.timeout.ms = null
	sasl.login.refresh.buffer.seconds = 300
	sasl.login.refresh.min.period.seconds = 60
	sasl.login.refresh.window.factor = 0.8
	sasl.login.refresh.window.jitter = 0.05
	sasl.login.retry.backoff.max.ms = 10000
	sasl.login.retry.backoff.ms = 100
	sasl.mechanism = GSSAPI
	sasl.oauthbearer.clock.skew.seconds = 30
	sasl.oauthbearer.expected.audience = null
	sasl.oauthbearer.expected.issuer = null
	sasl.oauthbearer.jwks.endpoint.refresh.ms = 3600000
	sasl.oauthbearer.jwks.endpoint.retry.backoff.max.ms = 10000
	sasl.oauthbearer.jwks.endpoint.retry.backoff.ms = 100
	sasl.oauthbearer.jwks.endpoint.url = null
	sasl.oauthbearer.scope.claim.name = scope
	sasl.oauthbearer.sub.claim.name = sub
	sasl.oauthbearer.token.endpoint.url = null
	security.protocol = PLAINTEXT
	security.providers = null
	send.buffer.bytes = 131072
	session.timeout.ms = 45000
	socket.connection.setup.timeout.max.ms = 30000
	socket.connection.setup.timeout.ms = 10000
	ssl.cipher.suites = null
	ssl.enabled.protocols = [TLSv1.2, TLSv1.3]
	ssl.endpoint.identification.algorithm = https
	ssl.engine.factory.class = null
	ssl.key.password = null
	ssl.keymanager.algorithm = SunX509
	ssl.keystore.certificate.chain = null
	ssl.keystore.key = null
	ssl.keystore.location = null
	ssl.keystore.password = null
	ssl.keystore.type = JKS
	ssl.protocol = TLSv1.3
	ssl.provider = null
	ssl.secure.random.implementation = null
	ssl.trustmanager.algorithm = PKIX
	ssl.truststore.certificates = null
	ssl.truststore.location = null
	ssl.truststore.password = null
	ssl.truststore.type = JKS
	value.deserializer = class org.apache.kafka.common.serialization.ByteArrayDeserializer

2026-08-24T22:32:25.409+05:30  INFO 15776 --- [bmp-config-server] [pool-4-thread-1] o.a.k.c.t.i.KafkaMetricsCollector        : initializing Kafka metrics collector
2026-08-24T22:32:25.420+05:30  INFO 15776 --- [bmp-config-server] [pool-4-thread-1] o.a.kafka.common.utils.AppInfoParser     : Kafka version: 3.8.1
2026-08-24T22:32:25.420+05:30  INFO 15776 --- [bmp-config-server] [pool-4-thread-1] o.a.kafka.common.utils.AppInfoParser     : Kafka commitId: 70d6ff42debf7e17
2026-08-24T22:32:25.420+05:30  INFO 15776 --- [bmp-config-server] [pool-4-thread-1] o.a.kafka.common.utils.AppInfoParser     : Kafka startTimeMs: 1787590945420
2026-08-24T22:32:25.437+05:30  INFO 15776 --- [bmp-config-server] [pool-4-thread-1] org.apache.kafka.clients.Metadata        : [Consumer clientId=consumer-anonymous.dab3ec53-5680-441b-990f-191aea843fd1-3, groupId=anonymous.dab3ec53-5680-441b-990f-191aea843fd1] Cluster ID: 5L6g3nShT-eMCtK--X86sw
2026-08-24T22:32:25.755+05:30  INFO 15776 --- [bmp-config-server] [pool-4-thread-1] o.a.k.c.c.internals.ConsumerCoordinator  : [Consumer clientId=consumer-anonymous.dab3ec53-5680-441b-990f-191aea843fd1-3, groupId=anonymous.dab3ec53-5680-441b-990f-191aea843fd1] Discovered group coordinator localhost:9092 (id: 2147483646 rack: null)
2026-08-24T22:32:25.804+05:30  INFO 15776 --- [bmp-config-server] [pool-4-thread-1] o.a.k.c.c.internals.ConsumerCoordinator  : [Consumer clientId=consumer-anonymous.dab3ec53-5680-441b-990f-191aea843fd1-3, groupId=anonymous.dab3ec53-5680-441b-990f-191aea843fd1] Found no committed offset for partition springCloudBus-0
2026-08-24T22:32:25.989+05:30  INFO 15776 --- [bmp-config-server] [nio-8888-exec-1] o.a.c.c.C.[Tomcat].[localhost].[/]       : Initializing Spring DispatcherServlet 'dispatcherServlet'
2026-08-24T22:32:25.989+05:30  INFO 15776 --- [bmp-config-server] [nio-8888-exec-1] o.s.web.servlet.DispatcherServlet        : Initializing Servlet 'dispatcherServlet'
2026-08-24T22:32:25.993+05:30  INFO 15776 --- [bmp-config-server] [nio-8888-exec-1] o.s.web.servlet.DispatcherServlet        : Completed initialization in 3 ms
2026-08-24T22:32:27.346+05:30  INFO 15776 --- [bmp-config-server] [nio-8888-exec-2] o.s.c.c.s.e.NativeEnvironmentRepository  : Adding property source: Config resource 'file [C:\Users\Lenovo\AppData\Local\Temp\config-repo-11312134313057572497\config-repo\application.yml]' via location 'file:/C:/Users/Lenovo/AppData/Local/Temp/config-repo-11312134313057572497/config-repo/'
2026-08-24T22:32:28.072+05:30  INFO 15776 --- [bmp-config-server] [container-0-C-1] o.a.k.c.c.internals.ConsumerCoordinator  : [Consumer clientId=consumer-anonymous.dab3ec53-5680-441b-990f-191aea843fd1-2, groupId=anonymous.dab3ec53-5680-441b-990f-191aea843fd1] Successfully joined group with generation Generation{generationId=1, memberId='consumer-anonymous.dab3ec53-5680-441b-990f-191aea843fd1-2-81996317-a09d-4d73-9fd4-639bd169b1a4', protocol='range'}
2026-08-24T22:32:28.079+05:30  INFO 15776 --- [bmp-config-server] [container-0-C-1] o.a.k.c.c.internals.ConsumerCoordinator  : [Consumer clientId=consumer-anonymous.dab3ec53-5680-441b-990f-191aea843fd1-2, groupId=anonymous.dab3ec53-5680-441b-990f-191aea843fd1] Finished assignment for group at generation 1: {consumer-anonymous.dab3ec53-5680-441b-990f-191aea843fd1-2-81996317-a09d-4d73-9fd4-639bd169b1a4=Assignment(partitions=[springCloudBus-0])}
2026-08-24T22:32:28.166+05:30  INFO 15776 --- [bmp-config-server] [container-0-C-1] o.a.k.c.c.internals.ConsumerCoordinator  : [Consumer clientId=consumer-anonymous.dab3ec53-5680-441b-990f-191aea843fd1-2, groupId=anonymous.dab3ec53-5680-441b-990f-191aea843fd1] Successfully synced group in generation Generation{generationId=1, memberId='consumer-anonymous.dab3ec53-5680-441b-990f-191aea843fd1-2-81996317-a09d-4d73-9fd4-639bd169b1a4', protocol='range'}
2026-08-24T22:32:28.166+05:30  INFO 15776 --- [bmp-config-server] [container-0-C-1] o.a.k.c.c.internals.ConsumerCoordinator  : [Consumer clientId=consumer-anonymous.dab3ec53-5680-441b-990f-191aea843fd1-2, groupId=anonymous.dab3ec53-5680-441b-990f-191aea843fd1] Notifying assignor about the new Assignment(partitions=[springCloudBus-0])
2026-08-24T22:32:28.169+05:30  INFO 15776 --- [bmp-config-server] [container-0-C-1] k.c.c.i.ConsumerRebalanceListenerInvoker : [Consumer clientId=consumer-anonymous.dab3ec53-5680-441b-990f-191aea843fd1-2, groupId=anonymous.dab3ec53-5680-441b-990f-191aea843fd1] Adding newly assigned partitions: springCloudBus-0
2026-08-24T22:32:28.174+05:30  INFO 15776 --- [bmp-config-server] [container-0-C-1] o.a.k.c.c.internals.ConsumerCoordinator  : [Consumer clientId=consumer-anonymous.dab3ec53-5680-441b-990f-191aea843fd1-2, groupId=anonymous.dab3ec53-5680-441b-990f-191aea843fd1] Found no committed offset for partition springCloudBus-0
2026-08-24T22:32:28.179+05:30  INFO 15776 --- [bmp-config-server] [container-0-C-1] o.a.k.c.c.internals.ConsumerCoordinator  : [Consumer clientId=consumer-anonymous.dab3ec53-5680-441b-990f-191aea843fd1-2, groupId=anonymous.dab3ec53-5680-441b-990f-191aea843fd1] Found no committed offset for partition springCloudBus-0
2026-08-24T22:32:28.190+05:30  INFO 15776 --- [bmp-config-server] [container-0-C-1] o.a.k.c.c.internals.SubscriptionState    : [Consumer clientId=consumer-anonymous.dab3ec53-5680-441b-990f-191aea843fd1-2, groupId=anonymous.dab3ec53-5680-441b-990f-191aea843fd1] Resetting offset for partition springCloudBus-0 to position FetchPosition{offset=0, offsetEpoch=Optional.empty, currentLeader=LeaderAndEpoch{leader=Optional[localhost:9092 (id: 1 rack: null)], epoch=0}}.
2026-08-24T22:32:28.225+05:30  INFO 15776 --- [bmp-config-server] [container-0-C-1] o.s.c.s.b.k.KafkaMessageChannelBinder$2  : anonymous.dab3ec53-5680-441b-990f-191aea843fd1: partitions assigned: [springCloudBus-0]
2026-08-24T22:32:28.232+05:30  INFO 15776 --- [bmp-config-server] [nio-8888-exec-9] o.s.c.c.s.e.NativeEnvironmentRepository  : Adding property source: Config resource 'file [C:\Users\Lenovo\AppData\Local\Temp\config-repo-11312134313057572497\config-repo\application.yml]' via location 'file:/C:/Users/Lenovo/AppData/Local/Temp/config-repo-11312134313057572497/config-repo/'
2026-08-24T22:32:29.128+05:30  INFO 15776 --- [bmp-config-server] [nio-8888-exec-8] o.s.c.c.s.e.NativeEnvironmentRepository  : Adding property source: Config resource 'file [C:\Users\Lenovo\AppData\Local\Temp\config-repo-11312134313057572497\config-repo\application.yml]' via location 'file:/C:/Users/Lenovo/AppData/Local/Temp/config-repo-11312134313057572497/config-repo/'
2026-08-24T22:32:30.041+05:30  INFO 15776 --- [bmp-config-server] [nio-8888-exec-7] o.s.c.c.s.e.NativeEnvironmentRepository  : Adding property source: Config resource 'file [C:\Users\Lenovo\AppData\Local\Temp\config-repo-11312134313057572497\config-repo\application.yml]' via location 'file:/C:/Users/Lenovo/AppData/Local/Temp/config-repo-11312134313057572497/config-repo/'
2026-08-24T22:32:31.141+05:30  INFO 15776 --- [bmp-config-server] [nio-8888-exec-6] o.s.c.c.s.e.NativeEnvironmentRepository  : Adding property source: Config resource 'file [C:\Users\Lenovo\AppData\Local\Temp\config-repo-11312134313057572497\config-repo\application.yml]' via location 'file:/C:/Users/Lenovo/AppData/Local/Temp/config-repo-11312134313057572497/config-repo/'
2026-08-24T22:32:33.553+05:30  INFO 15776 --- [bmp-config-server] [nio-8888-exec-5] o.s.c.c.s.e.NativeEnvironmentRepository  : Adding property source: Config resource 'file [C:\Users\Lenovo\AppData\Local\Temp\config-repo-11312134313057572497\config-repo\application.yml]' via location 'file:/C:/Users/Lenovo/AppData/Local/Temp/config-repo-11312134313057572497/config-repo/'
2026-08-24T22:32:36.754+05:30  INFO 15776 --- [bmp-config-server] [nio-8888-exec-4] o.s.c.c.s.e.NativeEnvironmentRepository  : Adding property source: Config resource 'file [C:\Users\Lenovo\AppData\Local\Temp\config-repo-11312134313057572497\config-repo\application.yml]' via location 'file:/C:/Users/Lenovo/AppData/Local/Temp/config-repo-11312134313057572497/config-repo/'
2026-08-24T22:32:39.616+05:30  INFO 15776 --- [bmp-config-server] [nio-8888-exec-3] o.s.c.c.s.e.NativeEnvironmentRepository  : Adding property source: Config resource 'file [C:\Users\Lenovo\AppData\Local\Temp\config-repo-11312134313057572497\config-repo\application.yml]' via location 'file:/C:/Users/Lenovo/AppData/Local/Temp/config-repo-11312134313057572497/config-repo/'
2026-08-24T22:32:41.196+05:30  INFO 15776 --- [bmp-config-server] [nio-8888-exec-1] o.s.c.c.s.e.NativeEnvironmentRepository  : Adding property source: Config resource 'file [C:\Users\Lenovo\AppData\Local\Temp\config-repo-11312134313057572497\config-repo\application.yml]' via location 'file:/C:/Users/Lenovo/AppData/Local/Temp/config-repo-11312134313057572497/config-repo/'
2026-08-24T22:32:42.299+05:30  INFO 15776 --- [bmp-config-server] [io-8888-exec-10] o.s.c.c.s.e.NativeEnvironmentRepository  : Adding property source: Config resource 'file [C:\Users\Lenovo\AppData\Local\Temp\config-repo-11312134313057572497\config-repo\application.yml]' via location 'file:/C:/Users/Lenovo/AppData/Local/Temp/config-repo-11312134313057572497/config-repo/'
2026-08-24T22:32:49.709+05:30  INFO 15776 --- [bmp-config-server] [reshExecutor-%d] com.netflix.discovery.DiscoveryClient    : Disable delta property : false
2026-08-24T22:32:49.710+05:30  INFO 15776 --- [bmp-config-server] [reshExecutor-%d] com.netflix.discovery.DiscoveryClient    : Single vip registry refresh property : null
2026-08-24T22:32:49.710+05:30  INFO 15776 --- [bmp-config-server] [reshExecutor-%d] com.netflix.discovery.DiscoveryClient    : Force full registry fetch : false
2026-08-24T22:32:49.710+05:30  INFO 15776 --- [bmp-config-server] [reshExecutor-%d] com.netflix.discovery.DiscoveryClient    : Application is null : false
2026-08-24T22:32:49.710+05:30  INFO 15776 --- [bmp-config-server] [reshExecutor-%d] com.netflix.discovery.DiscoveryClient    : Registered Applications size is zero : true
2026-08-24T22:32:49.710+05:30  INFO 15776 --- [bmp-config-server] [reshExecutor-%d] com.netflix.discovery.DiscoveryClient    : Application version is -1: false
2026-08-24T22:32:49.710+05:30  INFO 15776 --- [bmp-config-server] [reshExecutor-%d] com.netflix.discovery.DiscoveryClient    : Getting all instance registry info from the eureka server
2026-08-24T22:32:49.748+05:30  INFO 15776 --- [bmp-config-server] [reshExecutor-%d] com.netflix.discovery.DiscoveryClient    : The response status is 200
2026-08-24T22:32:59.338+05:30  INFO 15776 --- [bmp-config-server] [binder-health-1] o.a.k.clients.consumer.ConsumerConfig    : ConsumerConfig values: 
	allow.auto.create.topics = true
	auto.commit.interval.ms = 5000
	auto.include.jmx.reporter = true
	auto.offset.reset = latest
	bootstrap.servers = [localhost:9092]
	check.crcs = true
	client.dns.lookup = use_all_dns_ips
	client.id = consumer-null-4
	client.rack = 
	connections.max.idle.ms = 540000
	default.api.timeout.ms = 60000
	enable.auto.commit = false
	enable.metrics.push = true
	exclude.internal.topics = true
	fetch.max.bytes = 52428800
	fetch.max.wait.ms = 500
	fetch.min.bytes = 1
	group.id = null
	group.instance.id = null
	group.protocol = classic
	group.remote.assignor = null
	heartbeat.interval.ms = 3000
	interceptor.classes = []
	internal.leave.group.on.close = true
	internal.throw.on.fetch.stable.offset.unsupported = false
	isolation.level = read_uncommitted
	key.deserializer = class org.apache.kafka.common.serialization.ByteArrayDeserializer
	max.partition.fetch.bytes = 1048576
	max.poll.interval.ms = 300000
	max.poll.records = 500
	metadata.max.age.ms = 300000
	metadata.recovery.strategy = none
	metric.reporters = []
	metrics.num.samples = 2
	metrics.recording.level = INFO
	metrics.sample.window.ms = 30000
	partition.assignment.strategy = [class org.apache.kafka.clients.consumer.RangeAssignor, class org.apache.kafka.clients.consumer.CooperativeStickyAssignor]
	receive.buffer.bytes = 65536
	reconnect.backoff.max.ms = 1000
	reconnect.backoff.ms = 50
	request.timeout.ms = 30000
	retry.backoff.max.ms = 1000
	retry.backoff.ms = 100
	sasl.client.callback.handler.class = null
	sasl.jaas.config = null
	sasl.kerberos.kinit.cmd = /usr/bin/kinit
	sasl.kerberos.min.time.before.relogin = 60000
	sasl.kerberos.service.name = null
	sasl.kerberos.ticket.renew.jitter = 0.05
	sasl.kerberos.ticket.renew.window.factor = 0.8
	sasl.login.callback.handler.class = null
	sasl.login.class = null
	sasl.login.connect.timeout.ms = null
	sasl.login.read.timeout.ms = null
	sasl.login.refresh.buffer.seconds = 300
	sasl.login.refresh.min.period.seconds = 60
	sasl.login.refresh.window.factor = 0.8
	sasl.login.refresh.window.jitter = 0.05
	sasl.login.retry.backoff.max.ms = 10000
	sasl.login.retry.backoff.ms = 100
	sasl.mechanism = GSSAPI
	sasl.oauthbearer.clock.skew.seconds = 30
	sasl.oauthbearer.expected.audience = null
	sasl.oauthbearer.expected.issuer = null
	sasl.oauthbearer.jwks.endpoint.refresh.ms = 3600000
	sasl.oauthbearer.jwks.endpoint.retry.backoff.max.ms = 10000
	sasl.oauthbearer.jwks.endpoint.retry.backoff.ms = 100
	sasl.oauthbearer.jwks.endpoint.url = null
	sasl.oauthbearer.scope.claim.name = scope
	sasl.oauthbearer.sub.claim.name = sub
	sasl.oauthbearer.token.endpoint.url = null
	security.protocol = PLAINTEXT
	security.providers = null
	send.buffer.bytes = 131072
	session.timeout.ms = 45000
	socket.connection.setup.timeout.max.ms = 30000
	socket.connection.setup.timeout.ms = 10000
	ssl.cipher.suites = null
	ssl.enabled.protocols = [TLSv1.2, TLSv1.3]
	ssl.endpoint.identification.algorithm = https
	ssl.engine.factory.class = null
	ssl.key.password = null
	ssl.keymanager.algorithm = SunX509
	ssl.keystore.certificate.chain = null
	ssl.keystore.key = null
	ssl.keystore.location = null
	ssl.keystore.password = null
	ssl.keystore.type = JKS
	ssl.protocol = TLSv1.3
	ssl.provider = null
	ssl.secure.random.implementation = null
	ssl.trustmanager.algorithm = PKIX
	ssl.truststore.certificates = null
	ssl.truststore.location = null
	ssl.truststore.password = null
	ssl.truststore.type = JKS
	value.deserializer = class org.apache.kafka.common.serialization.ByteArrayDeserializer

2026-08-24T22:32:59.341+05:30  INFO 15776 --- [bmp-config-server] [binder-health-1] o.a.k.c.t.i.KafkaMetricsCollector        : initializing Kafka metrics collector
2026-08-24T22:32:59.354+05:30  INFO 15776 --- [bmp-config-server] [binder-health-1] o.a.kafka.common.utils.AppInfoParser     : Kafka version: 3.8.1
2026-08-24T22:32:59.354+05:30  INFO 15776 --- [bmp-config-server] [binder-health-1] o.a.kafka.common.utils.AppInfoParser     : Kafka commitId: 70d6ff42debf7e17
2026-08-24T22:32:59.354+05:30  INFO 15776 --- [bmp-config-server] [binder-health-1] o.a.kafka.common.utils.AppInfoParser     : Kafka startTimeMs: 1787590979354
2026-08-24T22:32:59.371+05:30  INFO 15776 --- [bmp-config-server] [binder-health-1] org.apache.kafka.clients.Metadata        : [Consumer clientId=consumer-null-4, groupId=null] Cluster ID: 5L6g3nShT-eMCtK--X86sw
2026-08-24T22:33:00.430+05:30  INFO 15776 --- [bmp-config-server] [nio-8888-exec-2] o.s.c.c.s.e.NativeEnvironmentRepository  : Adding property source: Config resource 'file [C:\Users\Lenovo\AppData\Local\Temp\config-repo-11312134313057572497\config-repo\application.yml]' via location 'file:/C:/Users/Lenovo/AppData/Local/Temp/config-repo-11312134313057572497/config-repo/'
2026-08-24T22:33:19.398+05:30  INFO 15776 --- [bmp-config-server] [nio-8888-exec-6] o.s.c.c.s.e.NativeEnvironmentRepository  : Adding property source: Config resource 'file [C:\Users\Lenovo\AppData\Local\Temp\config-repo-11312134313057572497\config-repo\application.yml]' via location 'file:/C:/Users/Lenovo/AppData/Local/Temp/config-repo-11312134313057572497/config-repo/'
2026-08-24T22:33:39.331+05:30  INFO 15776 --- [bmp-config-server] [nio-8888-exec-2] o.s.c.c.s.e.NativeEnvironmentRepository  : Adding property source: Config resource 'file [C:\Users\Lenovo\AppData\Local\Temp\config-repo-11312134313057572497\config-repo\application.yml]' via location 'file:/C:/Users/Lenovo/AppData/Local/Temp/config-repo-11312134313057572497/config-repo/'
2026-08-24T22:34:00.709+05:30  INFO 15776 --- [bmp-config-server] [nio-8888-exec-3] o.s.c.c.s.e.NativeEnvironmentRepository  : Adding property source: Config resource 'file [C:\Users\Lenovo\AppData\Local\Temp\config-repo-11312134313057572497\config-repo\application.yml]' via location 'file:/C:/Users/Lenovo/AppData/Local/Temp/config-repo-11312134313057572497/config-repo/'
2026-08-24T22:34:15.233+05:30  INFO 15776 --- [bmp-config-server] [nio-8888-exec-6] o.s.c.c.s.e.NativeEnvironmentRepository  : Adding property source: Config resource 'file [C:\Users\Lenovo\AppData\Local\Temp\config-repo-11312134313057572497\config-repo\application.yml]' via location 'file:/C:/Users/Lenovo/AppData/Local/Temp/config-repo-11312134313057572497/config-repo/'
2026-08-24T22:34:19.363+05:30  INFO 15776 --- [bmp-config-server] [nio-8888-exec-9] o.s.c.c.s.e.NativeEnvironmentRepository  : Adding property source: Config resource 'file [C:\Users\Lenovo\AppData\Local\Temp\config-repo-11312134313057572497\config-repo\application.yml]' via location 'file:/C:/Users/Lenovo/AppData/Local/Temp/config-repo-11312134313057572497/config-repo/'
2026-08-24T22:34:40.296+05:30  INFO 15776 --- [bmp-config-server] [io-8888-exec-10] o.s.c.c.s.e.NativeEnvironmentRepository  : Adding property source: Config resource 'file [C:\Users\Lenovo\AppData\Local\Temp\config-repo-11312134313057572497\config-repo\application.yml]' via location 'file:/C:/Users/Lenovo/AppData/Local/Temp/config-repo-11312134313057572497/config-repo/'
2026-08-24T22:34:59.921+05:30  INFO 15776 --- [bmp-config-server] [nio-8888-exec-2] o.s.c.c.s.e.NativeEnvironmentRepository  : Adding property source: Config resource 'file [C:\Users\Lenovo\AppData\Local\Temp\config-repo-11312134313057572497\config-repo\application.yml]' via location 'file:/C:/Users/Lenovo/AppData/Local/Temp/config-repo-11312134313057572497/config-repo/'
2026-08-24T22:35:20.803+05:30  INFO 15776 --- [bmp-config-server] [nio-8888-exec-9] o.s.c.c.s.e.NativeEnvironmentRepository  : Adding property source: Config resource 'file [C:\Users\Lenovo\AppData\Local\Temp\config-repo-11312134313057572497\config-repo\application.yml]' via location 'file:/C:/Users/Lenovo/AppData/Local/Temp/config-repo-11312134313057572497/config-repo/'
2026-08-24T22:35:40.178+05:30  INFO 15776 --- [bmp-config-server] [io-8888-exec-10] o.s.c.c.s.e.NativeEnvironmentRepository  : Adding property source: Config resource 'file [C:\Users\Lenovo\AppData\Local\Temp\config-repo-11312134313057572497\config-repo\application.yml]' via location 'file:/C:/Users/Lenovo/AppData/Local/Temp/config-repo-11312134313057572497/config-repo/'
2026-08-24T22:36:00.275+05:30  INFO 15776 --- [bmp-config-server] [nio-8888-exec-2] o.s.c.c.s.e.NativeEnvironmentRepository  : Adding property source: Config resource 'file [C:\Users\Lenovo\AppData\Local\Temp\config-repo-11312134313057572497\config-repo\application.yml]' via location 'file:/C:/Users/Lenovo/AppData/Local/Temp/config-repo-11312134313057572497/config-repo/'
2026-08-24T22:36:20.141+05:30  INFO 15776 --- [bmp-config-server] [nio-8888-exec-5] o.s.c.c.s.e.NativeEnvironmentRepository  : Adding property source: Config resource 'file [C:\Users\Lenovo\AppData\Local\Temp\config-repo-11312134313057572497\config-repo\application.yml]' via location 'file:/C:/Users/Lenovo/AppData/Local/Temp/config-repo-11312134313057572497/config-repo/'
2026-08-24T22:36:39.950+05:30  INFO 15776 --- [bmp-config-server] [nio-8888-exec-3] o.s.c.c.s.e.NativeEnvironmentRepository  : Adding property source: Config resource 'file [C:\Users\Lenovo\AppData\Local\Temp\config-repo-11312134313057572497\config-repo\application.yml]' via location 'file:/C:/Users/Lenovo/AppData/Local/Temp/config-repo-11312134313057572497/config-repo/'
2026-08-24T22:37:00.228+05:30  INFO 15776 --- [bmp-config-server] [nio-8888-exec-4] o.s.c.c.s.e.NativeEnvironmentRepository  : Adding property source: Config resource 'file [C:\Users\Lenovo\AppData\Local\Temp\config-repo-11312134313057572497\config-repo\application.yml]' via location 'file:/C:/Users/Lenovo/AppData/Local/Temp/config-repo-11312134313057572497/config-repo/'
2026-08-24T22:37:18.208+05:30  INFO 15776 --- [bmp-config-server] [rap-executor-%d] c.n.d.s.r.aws.ConfigClusterResolver      : Resolving eureka endpoints via configuration
2026-08-24T22:37:19.576+05:30  INFO 15776 --- [bmp-config-server] [nio-8888-exec-8] o.s.c.c.s.e.NativeEnvironmentRepository  : Adding property source: Config resource 'file [C:\Users\Lenovo\AppData\Local\Temp\config-repo-11312134313057572497\config-repo\application.yml]' via location 'file:/C:/Users/Lenovo/AppData/Local/Temp/config-repo-11312134313057572497/config-repo/'
2026-08-24T22:37:40.274+05:30  INFO 15776 --- [bmp-config-server] [nio-8888-exec-1] o.s.c.c.s.e.NativeEnvironmentRepository  : Adding property source: Config resource 'file [C:\Users\Lenovo\AppData\Local\Temp\config-repo-11312134313057572497\config-repo\application.yml]' via location 'file:/C:/Users/Lenovo/AppData/Local/Temp/config-repo-11312134313057572497/config-repo/'
2026-08-24T22:37:59.781+05:30  INFO 15776 --- [bmp-config-server] [nio-8888-exec-6] o.s.c.c.s.e.NativeEnvironmentRepository  : Adding property source: Config resource 'file [C:\Users\Lenovo\AppData\Local\Temp\config-repo-11312134313057572497\config-repo\application.yml]' via location 'file:/C:/Users/Lenovo/AppData/Local/Temp/config-repo-11312134313057572497/config-repo/'
2026-08-24T22:38:19.939+05:30  INFO 15776 --- [bmp-config-server] [nio-8888-exec-7] o.s.c.c.s.e.NativeEnvironmentRepository  : Adding property source: Config resource 'file [C:\Users\Lenovo\AppData\Local\Temp\config-repo-11312134313057572497\config-repo\application.yml]' via location 'file:/C:/Users/Lenovo/AppData/Local/Temp/config-repo-11312134313057572497/config-repo/'
2026-08-24T22:38:40.246+05:30  INFO 15776 --- [bmp-config-server] [nio-8888-exec-9] o.s.c.c.s.e.NativeEnvironmentRepository  : Adding property source: Config resource 'file [C:\Users\Lenovo\AppData\Local\Temp\config-repo-11312134313057572497\config-repo\application.yml]' via location 'file:/C:/Users/Lenovo/AppData/Local/Temp/config-repo-11312134313057572497/config-repo/'
2026-08-24T22:39:00.335+05:30  INFO 15776 --- [bmp-config-server] [io-8888-exec-10] o.s.c.c.s.e.NativeEnvironmentRepository  : Adding property source: Config resource 'file [C:\Users\Lenovo\AppData\Local\Temp\config-repo-11312134313057572497\config-repo\application.yml]' via location 'file:/C:/Users/Lenovo/AppData/Local/Temp/config-repo-11312134313057572497/config-repo/'
2026-08-24T22:39:20.296+05:30  INFO 15776 --- [bmp-config-server] [nio-8888-exec-2] o.s.c.c.s.e.NativeEnvironmentRepository  : Adding property source: Config resource 'file [C:\Users\Lenovo\AppData\Local\Temp\config-repo-11312134313057572497\config-repo\application.yml]' via location 'file:/C:/Users/Lenovo/AppData/Local/Temp/config-repo-11312134313057572497/config-repo/'
2026-08-24T22:39:40.169+05:30  INFO 15776 --- [bmp-config-server] [nio-8888-exec-5] o.s.c.c.s.e.NativeEnvironmentRepository  : Adding property source: Config resource 'file [C:\Users\Lenovo\AppData\Local\Temp\config-repo-11312134313057572497\config-repo\application.yml]' via location 'file:/C:/Users/Lenovo/AppData/Local/Temp/config-repo-11312134313057572497/config-repo/'
2026-08-24T22:40:00.098+05:30  INFO 15776 --- [bmp-config-server] [nio-8888-exec-3] o.s.c.c.s.e.NativeEnvironmentRepository  : Adding property source: Config resource 'file [C:\Users\Lenovo\AppData\Local\Temp\config-repo-11312134313057572497\config-repo\application.yml]' via location 'file:/C:/Users/Lenovo/AppData/Local/Temp/config-repo-11312134313057572497/config-repo/'
2026-08-24T22:40:20.879+05:30  INFO 15776 --- [bmp-config-server] [nio-8888-exec-4] o.s.c.c.s.e.NativeEnvironmentRepository  : Adding property source: Config resource 'file [C:\Users\Lenovo\AppData\Local\Temp\config-repo-11312134313057572497\config-repo\application.yml]' via location 'file:/C:/Users/Lenovo/AppData/Local/Temp/config-repo-11312134313057572497/config-repo/'
2026-08-24T22:40:39.998+05:30  INFO 15776 --- [bmp-config-server] [nio-8888-exec-8] o.s.c.c.s.e.NativeEnvironmentRepository  : Adding property source: Config resource 'file [C:\Users\Lenovo\AppData\Local\Temp\config-repo-11312134313057572497\config-repo\application.yml]' via location 'file:/C:/Users/Lenovo/AppData/Local/Temp/config-repo-11312134313057572497/config-repo/'
2026-08-24T22:41:00.207+05:30  INFO 15776 --- [bmp-config-server] [nio-8888-exec-1] o.s.c.c.s.e.NativeEnvironmentRepository  : Adding property source: Config resource 'file [C:\Users\Lenovo\AppData\Local\Temp\config-repo-11312134313057572497\config-repo\application.yml]' via location 'file:/C:/Users/Lenovo/AppData/Local/Temp/config-repo-11312134313057572497/config-repo/'
2026-08-24T22:41:19.925+05:30  INFO 15776 --- [bmp-config-server] [nio-8888-exec-6] o.s.c.c.s.e.NativeEnvironmentRepository  : Adding property source: Config resource 'file [C:\Users\Lenovo\AppData\Local\Temp\config-repo-11312134313057572497\config-repo\application.yml]' via location 'file:/C:/Users/Lenovo/AppData/Local/Temp/config-repo-11312134313057572497/config-repo/'
2026-08-24T22:41:24.871+05:30  INFO 15776 --- [bmp-config-server] [container-0-C-1] org.apache.kafka.clients.NetworkClient   : [Consumer clientId=consumer-anonymous.dab3ec53-5680-441b-990f-191aea843fd1-2, groupId=anonymous.dab3ec53-5680-441b-990f-191aea843fd1] Node -1 disconnected.
2026-08-24T22:41:26.069+05:30  INFO 15776 --- [bmp-config-server] [pool-4-thread-1] org.apache.kafka.clients.NetworkClient   : [Consumer clientId=consumer-anonymous.dab3ec53-5680-441b-990f-191aea843fd1-3, groupId=anonymous.dab3ec53-5680-441b-990f-191aea843fd1] Node -1 disconnected.
2026-08-24T22:41:40.244+05:30  INFO 15776 --- [bmp-config-server] [nio-8888-exec-7] o.s.c.c.s.e.NativeEnvironmentRepository  : Adding property source: Config resource 'file [C:\Users\Lenovo\AppData\Local\Temp\config-repo-11312134313057572497\config-repo\application.yml]' via location 'file:/C:/Users/Lenovo/AppData/Local/Temp/config-repo-11312134313057572497/config-repo/'
2026-08-24T22:42:00.226+05:30  INFO 15776 --- [bmp-config-server] [nio-8888-exec-9] o.s.c.c.s.e.NativeEnvironmentRepository  : Adding property source: Config resource 'file [C:\Users\Lenovo\AppData\Local\Temp\config-repo-11312134313057572497\config-repo\application.yml]' via location 'file:/C:/Users/Lenovo/AppData/Local/Temp/config-repo-11312134313057572497/config-repo/'
2026-08-24T22:42:18.218+05:30  INFO 15776 --- [bmp-config-server] [rap-executor-%d] c.n.d.s.r.aws.ConfigClusterResolver      : Resolving eureka endpoints via configuration
2026-08-24T22:42:18.469+05:30  INFO 15776 --- [bmp-config-server] [binder-health-1] org.apache.kafka.clients.NetworkClient   : [Consumer clientId=consumer-null-4, groupId=null] Node -1 disconnected.
2026-08-24T22:42:20.271+05:30  INFO 15776 --- [bmp-config-server] [io-8888-exec-10] o.s.c.c.s.e.NativeEnvironmentRepository  : Adding property source: Config resource 'file [C:\Users\Lenovo\AppData\Local\Temp\config-repo-11312134313057572497\config-repo\application.yml]' via location 'file:/C:/Users/Lenovo/AppData/Local/Temp/config-repo-11312134313057572497/config-repo/'
2026-08-24T22:42:40.426+05:30  INFO 15776 --- [bmp-config-server] [nio-8888-exec-2] o.s.c.c.s.e.NativeEnvironmentRepository  : Adding property source: Config resource 'file [C:\Users\Lenovo\AppData\Local\Temp\config-repo-11312134313057572497\config-repo\application.yml]' via location 'file:/C:/Users/Lenovo/AppData/Local/Temp/config-repo-11312134313057572497/config-repo/'
2026-08-24T22:43:00.033+05:30  INFO 15776 --- [bmp-config-server] [nio-8888-exec-5] o.s.c.c.s.e.NativeEnvironmentRepository  : Adding property source: Config resource 'file [C:\Users\Lenovo\AppData\Local\Temp\config-repo-11312134313057572497\config-repo\application.yml]' via location 'file:/C:/Users/Lenovo/AppData/Local/Temp/config-repo-11312134313057572497/config-repo/'
2026-08-24T22:43:20.076+05:30  INFO 15776 --- [bmp-config-server] [nio-8888-exec-3] o.s.c.c.s.e.NativeEnvironmentRepository  : Adding property source: Config resource 'file [C:\Users\Lenovo\AppData\Local\Temp\config-repo-11312134313057572497\config-repo\application.yml]' via location 'file:/C:/Users/Lenovo/AppData/Local/Temp/config-repo-11312134313057572497/config-repo/'
2026-08-24T22:43:40.037+05:30  INFO 15776 --- [bmp-config-server] [nio-8888-exec-4] o.s.c.c.s.e.NativeEnvironmentRepository  : Adding property source: Config resource 'file [C:\Users\Lenovo\AppData\Local\Temp\config-repo-11312134313057572497\config-repo\application.yml]' via location 'file:/C:/Users/Lenovo/AppData/Local/Temp/config-repo-11312134313057572497/config-repo/'
2026-08-24T22:44:00.054+05:30  INFO 15776 --- [bmp-config-server] [nio-8888-exec-8] o.s.c.c.s.e.NativeEnvironmentRepository  : Adding property source: Config resource 'file [C:\Users\Lenovo\AppData\Local\Temp\config-repo-11312134313057572497\config-repo\application.yml]' via location 'file:/C:/Users/Lenovo/AppData/Local/Temp/config-repo-11312134313057572497/config-repo/'
2026-08-24T22:44:19.908+05:30  INFO 15776 --- [bmp-config-server] [nio-8888-exec-1] o.s.c.c.s.e.NativeEnvironmentRepository  : Adding property source: Config resource 'file [C:\Users\Lenovo\AppData\Local\Temp\config-repo-11312134313057572497\config-repo\application.yml]' via location 'file:/C:/Users/Lenovo/AppData/Local/Temp/config-repo-11312134313057572497/config-repo/'
2026-08-24T22:44:39.967+05:30  INFO 15776 --- [bmp-config-server] [nio-8888-exec-6] o.s.c.c.s.e.NativeEnvironmentRepository  : Adding property source: Config resource 'file [C:\Users\Lenovo\AppData\Local\Temp\config-repo-11312134313057572497\config-repo\application.yml]' via location 'file:/C:/Users/Lenovo/AppData/Local/Temp/config-repo-11312134313057572497/config-repo/'
2026-08-24T22:44:59.891+05:30  INFO 15776 --- [bmp-config-server] [nio-8888-exec-7] o.s.c.c.s.e.NativeEnvironmentRepository  : Adding property source: Config resource 'file [C:\Users\Lenovo\AppData\Local\Temp\config-repo-11312134313057572497\config-repo\application.yml]' via location 'file:/C:/Users/Lenovo/AppData/Local/Temp/config-repo-11312134313057572497/config-repo/'
2026-08-24T22:45:20.168+05:30  INFO 15776 --- [bmp-config-server] [nio-8888-exec-9] o.s.c.c.s.e.NativeEnvironmentRepository  : Adding property source: Config resource 'file [C:\Users\Lenovo\AppData\Local\Temp\config-repo-11312134313057572497\config-repo\application.yml]' via location 'file:/C:/Users/Lenovo/AppData/Local/Temp/config-repo-11312134313057572497/config-repo/'
2026-08-24T22:45:39.777+05:30  INFO 15776 --- [bmp-config-server] [io-8888-exec-10] o.s.c.c.s.e.NativeEnvironmentRepository  : Adding property source: Config resource 'file [C:\Users\Lenovo\AppData\Local\Temp\config-repo-11312134313057572497\config-repo\application.yml]' via location 'file:/C:/Users/Lenovo/AppData/Local/Temp/config-repo-11312134313057572497/config-repo/'
2026-08-24T22:46:00.271+05:30  INFO 15776 --- [bmp-config-server] [nio-8888-exec-2] o.s.c.c.s.e.NativeEnvironmentRepository  : Adding property source: Config resource 'file [C:\Users\Lenovo\AppData\Local\Temp\config-repo-11312134313057572497\config-repo\application.yml]' via location 'file:/C:/Users/Lenovo/AppData/Local/Temp/config-repo-11312134313057572497/config-repo/'
2026-08-24T22:46:19.925+05:30  INFO 15776 --- [bmp-config-server] [nio-8888-exec-5] o.s.c.c.s.e.NativeEnvironmentRepository  : Adding property source: Config resource 'file [C:\Users\Lenovo\AppData\Local\Temp\config-repo-11312134313057572497\config-repo\application.yml]' via location 'file:/C:/Users/Lenovo/AppData/Local/Temp/config-repo-11312134313057572497/config-repo/'
2026-08-24T22:46:40.280+05:30  INFO 15776 --- [bmp-config-server] [nio-8888-exec-3] o.s.c.c.s.e.NativeEnvironmentRepository  : Adding property source: Config resource 'file [C:\Users\Lenovo\AppData\Local\Temp\config-repo-11312134313057572497\config-repo\application.yml]' via location 'file:/C:/Users/Lenovo/AppData/Local/Temp/config-repo-11312134313057572497/config-repo/'
2026-08-24T22:47:00.059+05:30  INFO 15776 --- [bmp-config-server] [nio-8888-exec-4] o.s.c.c.s.e.NativeEnvironmentRepository  : Adding property source: Config resource 'file [C:\Users\Lenovo\AppData\Local\Temp\config-repo-11312134313057572497\config-repo\application.yml]' via location 'file:/C:/Users/Lenovo/AppData/Local/Temp/config-repo-11312134313057572497/config-repo/'
2026-08-24T22:47:18.232+05:30  INFO 15776 --- [bmp-config-server] [rap-executor-%d] c.n.d.s.r.aws.ConfigClusterResolver      : Resolving eureka endpoints via configuration
2026-08-24T22:47:20.075+05:30  INFO 15776 --- [bmp-config-server] [nio-8888-exec-8] o.s.c.c.s.e.NativeEnvironmentRepository  : Adding property source: Config resource 'file [C:\Users\Lenovo\AppData\Local\Temp\config-repo-11312134313057572497\config-repo\application.yml]' via location 'file:/C:/Users/Lenovo/AppData/Local/Temp/config-repo-11312134313057572497/config-repo/'
2026-08-24T22:47:40.126+05:30  INFO 15776 --- [bmp-config-server] [nio-8888-exec-1] o.s.c.c.s.e.NativeEnvironmentRepository  : Adding property source: Config resource 'file [C:\Users\Lenovo\AppData\Local\Temp\config-repo-11312134313057572497\config-repo\application.yml]' via location 'file:/C:/Users/Lenovo/AppData/Local/Temp/config-repo-11312134313057572497/config-repo/'
2026-08-24T22:48:00.251+05:30  INFO 15776 --- [bmp-config-server] [nio-8888-exec-6] o.s.c.c.s.e.NativeEnvironmentRepository  : Adding property source: Config resource 'file [C:\Users\Lenovo\AppData\Local\Temp\config-repo-11312134313057572497\config-repo\application.yml]' via location 'file:/C:/Users/Lenovo/AppData/Local/Temp/config-repo-11312134313057572497/config-repo/'
2026-08-24T22:48:20.085+05:30  INFO 15776 --- [bmp-config-server] [nio-8888-exec-7] o.s.c.c.s.e.NativeEnvironmentRepository  : Adding property source: Config resource 'file [C:\Users\Lenovo\AppData\Local\Temp\config-repo-11312134313057572497\config-repo\application.yml]' via location 'file:/C:/Users/Lenovo/AppData/Local/Temp/config-repo-11312134313057572497/config-repo/'
2026-08-24T22:48:39.985+05:30  INFO 15776 --- [bmp-config-server] [nio-8888-exec-9] o.s.c.c.s.e.NativeEnvironmentRepository  : Adding property source: Config resource 'file [C:\Users\Lenovo\AppData\Local\Temp\config-repo-11312134313057572497\config-repo\application.yml]' via location 'file:/C:/Users/Lenovo/AppData/Local/Temp/config-repo-11312134313057572497/config-repo/'
2026-08-24T22:48:59.822+05:30  INFO 15776 --- [bmp-config-server] [io-8888-exec-10] o.s.c.c.s.e.NativeEnvironmentRepository  : Adding property source: Config resource 'file [C:\Users\Lenovo\AppData\Local\Temp\config-repo-11312134313057572497\config-repo\application.yml]' via location 'file:/C:/Users/Lenovo/AppData/Local/Temp/config-repo-11312134313057572497/config-repo/'
2026-08-24T22:49:20.097+05:30  INFO 15776 --- [bmp-config-server] [nio-8888-exec-2] o.s.c.c.s.e.NativeEnvironmentRepository  : Adding property source: Config resource 'file [C:\Users\Lenovo\AppData\Local\Temp\config-repo-11312134313057572497\config-repo\application.yml]' via location 'file:/C:/Users/Lenovo/AppData/Local/Temp/config-repo-11312134313057572497/config-repo/'
2026-08-24T22:49:39.988+05:30  INFO 15776 --- [bmp-config-server] [nio-8888-exec-5] o.s.c.c.s.e.NativeEnvironmentRepository  : Adding property source: Config resource 'file [C:\Users\Lenovo\AppData\Local\Temp\config-repo-11312134313057572497\config-repo\application.yml]' via location 'file:/C:/Users/Lenovo/AppData/Local/Temp/config-repo-11312134313057572497/config-repo/'
2026-08-24T22:49:59.908+05:30  INFO 15776 --- [bmp-config-server] [nio-8888-exec-3] o.s.c.c.s.e.NativeEnvironmentRepository  : Adding property source: Config resource 'file [C:\Users\Lenovo\AppData\Local\Temp\config-repo-11312134313057572497\config-repo\application.yml]' via location 'file:/C:/Users/Lenovo/AppData/Local/Temp/config-repo-11312134313057572497/config-repo/'
2026-08-24T22:50:20.425+05:30  INFO 15776 --- [bmp-config-server] [nio-8888-exec-4] o.s.c.c.s.e.NativeEnvironmentRepository  : Adding property source: Config resource 'file [C:\Users\Lenovo\AppData\Local\Temp\config-repo-11312134313057572497\config-repo\application.yml]' via location 'file:/C:/Users/Lenovo/AppData/Local/Temp/config-repo-11312134313057572497/config-repo/'
2026-08-24T22:50:40.030+05:30  INFO 15776 --- [bmp-config-server] [nio-8888-exec-8] o.s.c.c.s.e.NativeEnvironmentRepository  : Adding property source: Config resource 'file [C:\Users\Lenovo\AppData\Local\Temp\config-repo-11312134313057572497\config-repo\application.yml]' via location 'file:/C:/Users/Lenovo/AppData/Local/Temp/config-repo-11312134313057572497/config-repo/'
2026-08-24T22:51:00.012+05:30  INFO 15776 --- [bmp-config-server] [nio-8888-exec-1] o.s.c.c.s.e.NativeEnvironmentRepository  : Adding property source: Config resource 'file [C:\Users\Lenovo\AppData\Local\Temp\config-repo-11312134313057572497\config-repo\application.yml]' via location 'file:/C:/Users/Lenovo/AppData/Local/Temp/config-repo-11312134313057572497/config-repo/'
2026-08-24T22:51:20.349+05:30  INFO 15776 --- [bmp-config-server] [nio-8888-exec-6] o.s.c.c.s.e.NativeEnvironmentRepository  : Adding property source: Config resource 'file [C:\Users\Lenovo\AppData\Local\Temp\config-repo-11312134313057572497\config-repo\application.yml]' via location 'file:/C:/Users/Lenovo/AppData/Local/Temp/config-repo-11312134313057572497/config-repo/'
2026-08-24T22:51:24.981+05:30  INFO 15776 --- [bmp-config-server] [container-0-C-1] org.apache.kafka.clients.NetworkClient   : [Consumer clientId=consumer-anonymous.dab3ec53-5680-441b-990f-191aea843fd1-2, groupId=anonymous.dab3ec53-5680-441b-990f-191aea843fd1] Node -1 disconnected.
2026-08-24T22:51:26.263+05:30  INFO 15776 --- [bmp-config-server] [pool-4-thread-1] org.apache.kafka.clients.NetworkClient   : [Consumer clientId=consumer-anonymous.dab3ec53-5680-441b-990f-191aea843fd1-3, groupId=anonymous.dab3ec53-5680-441b-990f-191aea843fd1] Node -1 disconnected.
2026-08-24T22:51:40.040+05:30  INFO 15776 --- [bmp-config-server] [nio-8888-exec-7] o.s.c.c.s.e.NativeEnvironmentRepository  : Adding property source: Config resource 'file [C:\Users\Lenovo\AppData\Local\Temp\config-repo-11312134313057572497\config-repo\application.yml]' via location 'file:/C:/Users/Lenovo/AppData/Local/Temp/config-repo-11312134313057572497/config-repo/'
2026-08-24T22:51:59.685+05:30  INFO 15776 --- [bmp-config-server] [nio-8888-exec-9] o.s.c.c.s.e.NativeEnvironmentRepository  : Adding property source: Config resource 'file [C:\Users\Lenovo\AppData\Local\Temp\config-repo-11312134313057572497\config-repo\application.yml]' via location 'file:/C:/Users/Lenovo/AppData/Local/Temp/config-repo-11312134313057572497/config-repo/'
2026-08-24T22:52:18.243+05:30  INFO 15776 --- [bmp-config-server] [rap-executor-%d] c.n.d.s.r.aws.ConfigClusterResolver      : Resolving eureka endpoints via configuration
2026-08-24T22:52:19.967+05:30  INFO 15776 --- [bmp-config-server] [io-8888-exec-10] o.s.c.c.s.e.NativeEnvironmentRepository  : Adding property source: Config resource 'file [C:\Users\Lenovo\AppData\Local\Temp\config-repo-11312134313057572497\config-repo\application.yml]' via location 'file:/C:/Users/Lenovo/AppData/Local/Temp/config-repo-11312134313057572497/config-repo/'
2026-08-24T22:52:40.362+05:30  INFO 15776 --- [bmp-config-server] [nio-8888-exec-2] o.s.c.c.s.e.NativeEnvironmentRepository  : Adding property source: Config resource 'file [C:\Users\Lenovo\AppData\Local\Temp\config-repo-11312134313057572497\config-repo\application.yml]' via location 'file:/C:/Users/Lenovo/AppData/Local/Temp/config-repo-11312134313057572497/config-repo/'
2026-08-24T22:53:00.112+05:30  INFO 15776 --- [bmp-config-server] [nio-8888-exec-5] o.s.c.c.s.e.NativeEnvironmentRepository  : Adding property source: Config resource 'file [C:\Users\Lenovo\AppData\Local\Temp\config-repo-11312134313057572497\config-repo\application.yml]' via location 'file:/C:/Users/Lenovo/AppData/Local/Temp/config-repo-11312134313057572497/config-repo/'
2026-08-24T22:53:18.466+05:30  INFO 15776 --- [bmp-config-server] [binder-health-1] org.apache.kafka.clients.NetworkClient   : [Consumer clientId=consumer-null-4, groupId=null] Node -1 disconnected.
2026-08-24T22:53:19.976+05:30  INFO 15776 --- [bmp-config-server] [nio-8888-exec-3] o.s.c.c.s.e.NativeEnvironmentRepository  : Adding property source: Config resource 'file [C:\Users\Lenovo\AppData\Local\Temp\config-repo-11312134313057572497\config-repo\application.yml]' via location 'file:/C:/Users/Lenovo/AppData/Local/Temp/config-repo-11312134313057572497/config-repo/'
2026-08-24T22:53:40.017+05:30  INFO 15776 --- [bmp-config-server] [nio-8888-exec-4] o.s.c.c.s.e.NativeEnvironmentRepository  : Adding property source: Config resource 'file [C:\Users\Lenovo\AppData\Local\Temp\config-repo-11312134313057572497\config-repo\application.yml]' via location 'file:/C:/Users/Lenovo/AppData/Local/Temp/config-repo-11312134313057572497/config-repo/'
2026-08-24T22:54:00.123+05:30  INFO 15776 --- [bmp-config-server] [nio-8888-exec-8] o.s.c.c.s.e.NativeEnvironmentRepository  : Adding property source: Config resource 'file [C:\Users\Lenovo\AppData\Local\Temp\config-repo-11312134313057572497\config-repo\application.yml]' via location 'file:/C:/Users/Lenovo/AppData/Local/Temp/config-repo-11312134313057572497/config-repo/'
2026-08-24T22:54:20.122+05:30  INFO 15776 --- [bmp-config-server] [nio-8888-exec-1] o.s.c.c.s.e.NativeEnvironmentRepository  : Adding property source: Config resource 'file [C:\Users\Lenovo\AppData\Local\Temp\config-repo-11312134313057572497\config-repo\application.yml]' via location 'file:/C:/Users/Lenovo/AppData/Local/Temp/config-repo-11312134313057572497/config-repo/'
2026-08-24T22:54:40.498+05:30  INFO 15776 --- [bmp-config-server] [nio-8888-exec-6] o.s.c.c.s.e.NativeEnvironmentRepository  : Adding property source: Config resource 'file [C:\Users\Lenovo\AppData\Local\Temp\config-repo-11312134313057572497\config-repo\application.yml]' via location 'file:/C:/Users/Lenovo/AppData/Local/Temp/config-repo-11312134313057572497/config-repo/'
2026-08-24T22:55:00.393+05:30  INFO 15776 --- [bmp-config-server] [nio-8888-exec-7] o.s.c.c.s.e.NativeEnvironmentRepository  : Adding property source: Config resource 'file [C:\Users\Lenovo\AppData\Local\Temp\config-repo-11312134313057572497\config-repo\application.yml]' via location 'file:/C:/Users/Lenovo/AppData/Local/Temp/config-repo-11312134313057572497/config-repo/'
2026-08-24T22:55:20.004+05:30  INFO 15776 --- [bmp-config-server] [nio-8888-exec-9] o.s.c.c.s.e.NativeEnvironmentRepository  : Adding property source: Config resource 'file [C:\Users\Lenovo\AppData\Local\Temp\config-repo-11312134313057572497\config-repo\application.yml]' via location 'file:/C:/Users/Lenovo/AppData/Local/Temp/config-repo-11312134313057572497/config-repo/'
2026-08-24T22:55:40.211+05:30  INFO 15776 --- [bmp-config-server] [io-8888-exec-10] o.s.c.c.s.e.NativeEnvironmentRepository  : Adding property source: Config resource 'file [C:\Users\Lenovo\AppData\Local\Temp\config-repo-11312134313057572497\config-repo\application.yml]' via location 'file:/C:/Users/Lenovo/AppData/Local/Temp/config-repo-11312134313057572497/config-repo/'
2026-08-24T22:56:00.752+05:30  INFO 15776 --- [bmp-config-server] [nio-8888-exec-2] o.s.c.c.s.e.NativeEnvironmentRepository  : Adding property source: Config resource 'file [C:\Users\Lenovo\AppData\Local\Temp\config-repo-11312134313057572497\config-repo\application.yml]' via location 'file:/C:/Users/Lenovo/AppData/Local/Temp/config-repo-11312134313057572497/config-repo/'
2026-08-24T22:56:20.266+05:30  INFO 15776 --- [bmp-config-server] [nio-8888-exec-5] o.s.c.c.s.e.NativeEnvironmentRepository  : Adding property source: Config resource 'file [C:\Users\Lenovo\AppData\Local\Temp\config-repo-11312134313057572497\config-repo\application.yml]' via location 'file:/C:/Users/Lenovo/AppData/Local/Temp/config-repo-11312134313057572497/config-repo/'
2026-08-24T22:56:40.315+05:30  INFO 15776 --- [bmp-config-server] [nio-8888-exec-3] o.s.c.c.s.e.NativeEnvironmentRepository  : Adding property source: Config resource 'file [C:\Users\Lenovo\AppData\Local\Temp\config-repo-11312134313057572497\config-repo\application.yml]' via location 'file:/C:/Users/Lenovo/AppData/Local/Temp/config-repo-11312134313057572497/config-repo/'
2026-08-24T22:57:00.192+05:30  INFO 15776 --- [bmp-config-server] [nio-8888-exec-4] o.s.c.c.s.e.NativeEnvironmentRepository  : Adding property source: Config resource 'file [C:\Users\Lenovo\AppData\Local\Temp\config-repo-11312134313057572497\config-repo\application.yml]' via location 'file:/C:/Users/Lenovo/AppData/Local/Temp/config-repo-11312134313057572497/config-repo/'
2026-08-24T22:57:18.256+05:30  INFO 15776 --- [bmp-config-server] [rap-executor-%d] c.n.d.s.r.aws.ConfigClusterResolver      : Resolving eureka endpoints via configuration
2026-08-24T22:57:20.259+05:30  INFO 15776 --- [bmp-config-server] [nio-8888-exec-8] o.s.c.c.s.e.NativeEnvironmentRepository  : Adding property source: Config resource 'file [C:\Users\Lenovo\AppData\Local\Temp\config-repo-11312134313057572497\config-repo\application.yml]' via location 'file:/C:/Users/Lenovo/AppData/Local/Temp/config-repo-11312134313057572497/config-repo/'
2026-08-24T22:57:40.032+05:30  INFO 15776 --- [bmp-config-server] [nio-8888-exec-1] o.s.c.c.s.e.NativeEnvironmentRepository  : Adding property source: Config resource 'file [C:\Users\Lenovo\AppData\Local\Temp\config-repo-11312134313057572497\config-repo\application.yml]' via location 'file:/C:/Users/Lenovo/AppData/Local/Temp/config-repo-11312134313057572497/config-repo/'
2026-08-24T22:58:00.549+05:30  INFO 15776 --- [bmp-config-server] [nio-8888-exec-6] o.s.c.c.s.e.NativeEnvironmentRepository  : Adding property source: Config resource 'file [C:\Users\Lenovo\AppData\Local\Temp\config-repo-11312134313057572497\config-repo\application.yml]' via location 'file:/C:/Users/Lenovo/AppData/Local/Temp/config-repo-11312134313057572497/config-repo/'
2026-08-24T22:58:20.399+05:30  INFO 15776 --- [bmp-config-server] [nio-8888-exec-7] o.s.c.c.s.e.NativeEnvironmentRepository  : Adding property source: Config resource 'file [C:\Users\Lenovo\AppData\Local\Temp\config-repo-11312134313057572497\config-repo\application.yml]' via location 'file:/C:/Users/Lenovo/AppData/Local/Temp/config-repo-11312134313057572497/config-repo/'
2026-08-24T22:58:40.020+05:30  INFO 15776 --- [bmp-config-server] [nio-8888-exec-9] o.s.c.c.s.e.NativeEnvironmentRepository  : Adding property source: Config resource 'file [C:\Users\Lenovo\AppData\Local\Temp\config-repo-11312134313057572497\config-repo\application.yml]' via location 'file:/C:/Users/Lenovo/AppData/Local/Temp/config-repo-11312134313057572497/config-repo/'
2026-08-24T22:58:59.900+05:30  INFO 15776 --- [bmp-config-server] [io-8888-exec-10] o.s.c.c.s.e.NativeEnvironmentRepository  : Adding property source: Config resource 'file [C:\Users\Lenovo\AppData\Local\Temp\config-repo-11312134313057572497\config-repo\application.yml]' via location 'file:/C:/Users/Lenovo/AppData/Local/Temp/config-repo-11312134313057572497/config-repo/'
2026-08-24T22:59:20.738+05:30  INFO 15776 --- [bmp-config-server] [nio-8888-exec-2] o.s.c.c.s.e.NativeEnvironmentRepository  : Adding property source: Config resource 'file [C:\Users\Lenovo\AppData\Local\Temp\config-repo-11312134313057572497\config-repo\application.yml]' via location 'file:/C:/Users/Lenovo/AppData/Local/Temp/config-repo-11312134313057572497/config-repo/'
2026-08-24T22:59:40.075+05:30  INFO 15776 --- [bmp-config-server] [nio-8888-exec-5] o.s.c.c.s.e.NativeEnvironmentRepository  : Adding property source: Config resource 'file [C:\Users\Lenovo\AppData\Local\Temp\config-repo-11312134313057572497\config-repo\application.yml]' via location 'file:/C:/Users/Lenovo/AppData/Local/Temp/config-repo-11312134313057572497/config-repo/'
2026-08-24T23:00:00.045+05:30  INFO 15776 --- [bmp-config-server] [nio-8888-exec-3] o.s.c.c.s.e.NativeEnvironmentRepository  : Adding property source: Config resource 'file [C:\Users\Lenovo\AppData\Local\Temp\config-repo-11312134313057572497\config-repo\application.yml]' via location 'file:/C:/Users/Lenovo/AppData/Local/Temp/config-repo-11312134313057572497/config-repo/'
2026-08-24T23:00:19.877+05:30  INFO 15776 --- [bmp-config-server] [nio-8888-exec-4] o.s.c.c.s.e.NativeEnvironmentRepository  : Adding property source: Config resource 'file [C:\Users\Lenovo\AppData\Local\Temp\config-repo-11312134313057572497\config-repo\application.yml]' via location 'file:/C:/Users/Lenovo/AppData/Local/Temp/config-repo-11312134313057572497/config-repo/'
2026-08-24T23:00:40.181+05:30  INFO 15776 --- [bmp-config-server] [nio-8888-exec-8] o.s.c.c.s.e.NativeEnvironmentRepository  : Adding property source: Config resource 'file [C:\Users\Lenovo\AppData\Local\Temp\config-repo-11312134313057572497\config-repo\application.yml]' via location 'file:/C:/Users/Lenovo/AppData/Local/Temp/config-repo-11312134313057572497/config-repo/'
2026-08-24T23:01:00.053+05:30  INFO 15776 --- [bmp-config-server] [nio-8888-exec-1] o.s.c.c.s.e.NativeEnvironmentRepository  : Adding property source: Config resource 'file [C:\Users\Lenovo\AppData\Local\Temp\config-repo-11312134313057572497\config-repo\application.yml]' via location 'file:/C:/Users/Lenovo/AppData/Local/Temp/config-repo-11312134313057572497/config-repo/'
2026-08-24T23:01:20.029+05:30  INFO 15776 --- [bmp-config-server] [nio-8888-exec-6] o.s.c.c.s.e.NativeEnvironmentRepository  : Adding property source: Config resource 'file [C:\Users\Lenovo\AppData\Local\Temp\config-repo-11312134313057572497\config-repo\application.yml]' via location 'file:/C:/Users/Lenovo/AppData/Local/Temp/config-repo-11312134313057572497/config-repo/'
2026-08-24T23:01:40.073+05:30  INFO 15776 --- [bmp-config-server] [nio-8888-exec-7] o.s.c.c.s.e.NativeEnvironmentRepository  : Adding property source: Config resource 'file [C:\Users\Lenovo\AppData\Local\Temp\config-repo-11312134313057572497\config-repo\application.yml]' via location 'file:/C:/Users/Lenovo/AppData/Local/Temp/config-repo-11312134313057572497/config-repo/'
2026-08-24T23:02:00.155+05:30  INFO 15776 --- [bmp-config-server] [nio-8888-exec-9] o.s.c.c.s.e.NativeEnvironmentRepository  : Adding property source: Config resource 'file [C:\Users\Lenovo\AppData\Local\Temp\config-repo-11312134313057572497\config-repo\application.yml]' via location 'file:/C:/Users/Lenovo/AppData/Local/Temp/config-repo-11312134313057572497/config-repo/'
2026-08-24T23:02:18.262+05:30  INFO 15776 --- [bmp-config-server] [rap-executor-%d] c.n.d.s.r.aws.ConfigClusterResolver      : Resolving eureka endpoints via configuration
2026-08-24T23:02:20.016+05:30  INFO 15776 --- [bmp-config-server] [io-8888-exec-10] o.s.c.c.s.e.NativeEnvironmentRepository  : Adding property source: Config resource 'file [C:\Users\Lenovo\AppData\Local\Temp\config-repo-11312134313057572497\config-repo\application.yml]' via location 'file:/C:/Users/Lenovo/AppData/Local/Temp/config-repo-11312134313057572497/config-repo/'
2026-08-24T23:02:40.356+05:30  INFO 15776 --- [bmp-config-server] [nio-8888-exec-2] o.s.c.c.s.e.NativeEnvironmentRepository  : Adding property source: Config resource 'file [C:\Users\Lenovo\AppData\Local\Temp\config-repo-11312134313057572497\config-repo\application.yml]' via location 'file:/C:/Users/Lenovo/AppData/Local/Temp/config-repo-11312134313057572497/config-repo/'
2026-08-24T23:03:00.096+05:30  INFO 15776 --- [bmp-config-server] [nio-8888-exec-5] o.s.c.c.s.e.NativeEnvironmentRepository  : Adding property source: Config resource 'file [C:\Users\Lenovo\AppData\Local\Temp\config-repo-11312134313057572497\config-repo\application.yml]' via location 'file:/C:/Users/Lenovo/AppData/Local/Temp/config-repo-11312134313057572497/config-repo/'
2026-08-24T23:03:19.999+05:30  INFO 15776 --- [bmp-config-server] [nio-8888-exec-3] o.s.c.c.s.e.NativeEnvironmentRepository  : Adding property source: Config resource 'file [C:\Users\Lenovo\AppData\Local\Temp\config-repo-11312134313057572497\config-repo\application.yml]' via location 'file:/C:/Users/Lenovo/AppData/Local/Temp/config-repo-11312134313057572497/config-repo/'
2026-08-24T23:03:39.860+05:30  INFO 15776 --- [bmp-config-server] [nio-8888-exec-4] o.s.c.c.s.e.NativeEnvironmentRepository  : Adding property source: Config resource 'file [C:\Users\Lenovo\AppData\Local\Temp\config-repo-11312134313057572497\config-repo\application.yml]' via location 'file:/C:/Users/Lenovo/AppData/Local/Temp/config-repo-11312134313057572497/config-repo/'
2026-08-24T23:04:00.021+05:30  INFO 15776 --- [bmp-config-server] [nio-8888-exec-8] o.s.c.c.s.e.NativeEnvironmentRepository  : Adding property source: Config resource 'file [C:\Users\Lenovo\AppData\Local\Temp\config-repo-11312134313057572497\config-repo\application.yml]' via location 'file:/C:/Users/Lenovo/AppData/Local/Temp/config-repo-11312134313057572497/config-repo/'
2026-08-24T23:04:20.259+05:30  INFO 15776 --- [bmp-config-server] [nio-8888-exec-1] o.s.c.c.s.e.NativeEnvironmentRepository  : Adding property source: Config resource 'file [C:\Users\Lenovo\AppData\Local\Temp\config-repo-11312134313057572497\config-repo\application.yml]' via location 'file:/C:/Users/Lenovo/AppData/Local/Temp/config-repo-11312134313057572497/config-repo/'
2026-08-24T23:04:39.728+05:30  INFO 15776 --- [bmp-config-server] [nio-8888-exec-6] o.s.c.c.s.e.NativeEnvironmentRepository  : Adding property source: Config resource 'file [C:\Users\Lenovo\AppData\Local\Temp\config-repo-11312134313057572497\config-repo\application.yml]' via location 'file:/C:/Users/Lenovo/AppData/Local/Temp/config-repo-11312134313057572497/config-repo/'
2026-08-24T23:04:59.815+05:30  INFO 15776 --- [bmp-config-server] [nio-8888-exec-7] o.s.c.c.s.e.NativeEnvironmentRepository  : Adding property source: Config resource 'file [C:\Users\Lenovo\AppData\Local\Temp\config-repo-11312134313057572497\config-repo\application.yml]' via location 'file:/C:/Users/Lenovo/AppData/Local/Temp/config-repo-11312134313057572497/config-repo/'
2026-08-24T23:05:19.840+05:30  INFO 15776 --- [bmp-config-server] [nio-8888-exec-9] o.s.c.c.s.e.NativeEnvironmentRepository  : Adding property source: Config resource 'file [C:\Users\Lenovo\AppData\Local\Temp\config-repo-11312134313057572497\config-repo\application.yml]' via location 'file:/C:/Users/Lenovo/AppData/Local/Temp/config-repo-11312134313057572497/config-repo/'
2026-08-24T23:05:40.100+05:30  INFO 15776 --- [bmp-config-server] [io-8888-exec-10] o.s.c.c.s.e.NativeEnvironmentRepository  : Adding property source: Config resource 'file [C:\Users\Lenovo\AppData\Local\Temp\config-repo-11312134313057572497\config-repo\application.yml]' via location 'file:/C:/Users/Lenovo/AppData/Local/Temp/config-repo-11312134313057572497/config-repo/'
2026-08-24T23:06:00.151+05:30  INFO 15776 --- [bmp-config-server] [nio-8888-exec-2] o.s.c.c.s.e.NativeEnvironmentRepository  : Adding property source: Config resource 'file [C:\Users\Lenovo\AppData\Local\Temp\config-repo-11312134313057572497\config-repo\application.yml]' via location 'file:/C:/Users/Lenovo/AppData/Local/Temp/config-repo-11312134313057572497/config-repo/'
2026-08-24T23:06:19.994+05:30  INFO 15776 --- [bmp-config-server] [nio-8888-exec-5] o.s.c.c.s.e.NativeEnvironmentRepository  : Adding property source: Config resource 'file [C:\Users\Lenovo\AppData\Local\Temp\config-repo-11312134313057572497\config-repo\application.yml]' via location 'file:/C:/Users/Lenovo/AppData/Local/Temp/config-repo-11312134313057572497/config-repo/'
2026-08-24T23:06:39.898+05:30  INFO 15776 --- [bmp-config-server] [nio-8888-exec-3] o.s.c.c.s.e.NativeEnvironmentRepository  : Adding property source: Config resource 'file [C:\Users\Lenovo\AppData\Local\Temp\config-repo-11312134313057572497\config-repo\application.yml]' via location 'file:/C:/Users/Lenovo/AppData/Local/Temp/config-repo-11312134313057572497/config-repo/'
2026-08-24T23:07:00.017+05:30  INFO 15776 --- [bmp-config-server] [nio-8888-exec-4] o.s.c.c.s.e.NativeEnvironmentRepository  : Adding property source: Config resource 'file [C:\Users\Lenovo\AppData\Local\Temp\config-repo-11312134313057572497\config-repo\application.yml]' via location 'file:/C:/Users/Lenovo/AppData/Local/Temp/config-repo-11312134313057572497/config-repo/'
2026-08-24T23:07:18.276+05:30  INFO 15776 --- [bmp-config-server] [rap-executor-%d] c.n.d.s.r.aws.ConfigClusterResolver      : Resolving eureka endpoints via configuration
2026-08-24T23:07:19.718+05:30  INFO 15776 --- [bmp-config-server] [nio-8888-exec-8] o.s.c.c.s.e.NativeEnvironmentRepository  : Adding property source: Config resource 'file [C:\Users\Lenovo\AppData\Local\Temp\config-repo-11312134313057572497\config-repo\application.yml]' via location 'file:/C:/Users/Lenovo/AppData/Local/Temp/config-repo-11312134313057572497/config-repo/'
2026-08-24T23:07:39.835+05:30  INFO 15776 --- [bmp-config-server] [nio-8888-exec-1] o.s.c.c.s.e.NativeEnvironmentRepository  : Adding property source: Config resource 'file [C:\Users\Lenovo\AppData\Local\Temp\config-repo-11312134313057572497\config-repo\application.yml]' via location 'file:/C:/Users/Lenovo/AppData/Local/Temp/config-repo-11312134313057572497/config-repo/'
2026-08-24T23:07:59.976+05:30  INFO 15776 --- [bmp-config-server] [nio-8888-exec-6] o.s.c.c.s.e.NativeEnvironmentRepository  : Adding property source: Config resource 'file [C:\Users\Lenovo\AppData\Local\Temp\config-repo-11312134313057572497\config-repo\application.yml]' via location 'file:/C:/Users/Lenovo/AppData/Local/Temp/config-repo-11312134313057572497/config-repo/'
2026-08-24T23:08:19.890+05:30  INFO 15776 --- [bmp-config-server] [nio-8888-exec-7] o.s.c.c.s.e.NativeEnvironmentRepository  : Adding property source: Config resource 'file [C:\Users\Lenovo\AppData\Local\Temp\config-repo-11312134313057572497\config-repo\application.yml]' via location 'file:/C:/Users/Lenovo/AppData/Local/Temp/config-repo-11312134313057572497/config-repo/'
2026-08-24T23:08:39.966+05:30  INFO 15776 --- [bmp-config-server] [nio-8888-exec-9] o.s.c.c.s.e.NativeEnvironmentRepository  : Adding property source: Config resource 'file [C:\Users\Lenovo\AppData\Local\Temp\config-repo-11312134313057572497\config-repo\application.yml]' via location 'file:/C:/Users/Lenovo/AppData/Local/Temp/config-repo-11312134313057572497/config-repo/'
2026-08-24T23:08:59.950+05:30  INFO 15776 --- [bmp-config-server] [io-8888-exec-10] o.s.c.c.s.e.NativeEnvironmentRepository  : Adding property source: Config resource 'file [C:\Users\Lenovo\AppData\Local\Temp\config-repo-11312134313057572497\config-repo\application.yml]' via location 'file:/C:/Users/Lenovo/AppData/Local/Temp/config-repo-11312134313057572497/config-repo/'
2026-08-24T23:09:20.207+05:30  INFO 15776 --- [bmp-config-server] [nio-8888-exec-2] o.s.c.c.s.e.NativeEnvironmentRepository  : Adding property source: Config resource 'file [C:\Users\Lenovo\AppData\Local\Temp\config-repo-11312134313057572497\config-repo\application.yml]' via location 'file:/C:/Users/Lenovo/AppData/Local/Temp/config-repo-11312134313057572497/config-repo/'
2026-08-24T23:09:40.271+05:30  INFO 15776 --- [bmp-config-server] [nio-8888-exec-5] o.s.c.c.s.e.NativeEnvironmentRepository  : Adding property source: Config resource 'file [C:\Users\Lenovo\AppData\Local\Temp\config-repo-11312134313057572497\config-repo\application.yml]' via location 'file:/C:/Users/Lenovo/AppData/Local/Temp/config-repo-11312134313057572497/config-repo/'
2026-08-24T23:10:00.011+05:30  INFO 15776 --- [bmp-config-server] [nio-8888-exec-3] o.s.c.c.s.e.NativeEnvironmentRepository  : Adding property source: Config resource 'file [C:\Users\Lenovo\AppData\Local\Temp\config-repo-11312134313057572497\config-repo\application.yml]' via location 'file:/C:/Users/Lenovo/AppData/Local/Temp/config-repo-11312134313057572497/config-repo/'
2026-08-24T23:10:19.891+05:30  INFO 15776 --- [bmp-config-server] [nio-8888-exec-4] o.s.c.c.s.e.NativeEnvironmentRepository  : Adding property source: Config resource 'file [C:\Users\Lenovo\AppData\Local\Temp\config-repo-11312134313057572497\config-repo\application.yml]' via location 'file:/C:/Users/Lenovo/AppData/Local/Temp/config-repo-11312134313057572497/config-repo/'
2026-08-24T23:10:40.137+05:30  INFO 15776 --- [bmp-config-server] [nio-8888-exec-8] o.s.c.c.s.e.NativeEnvironmentRepository  : Adding property source: Config resource 'file [C:\Users\Lenovo\AppData\Local\Temp\config-repo-11312134313057572497\config-repo\application.yml]' via location 'file:/C:/Users/Lenovo/AppData/Local/Temp/config-repo-11312134313057572497/config-repo/'
2026-08-24T23:11:00.088+05:30  INFO 15776 --- [bmp-config-server] [nio-8888-exec-1] o.s.c.c.s.e.NativeEnvironmentRepository  : Adding property source: Config resource 'file [C:\Users\Lenovo\AppData\Local\Temp\config-repo-11312134313057572497\config-repo\application.yml]' via location 'file:/C:/Users/Lenovo/AppData/Local/Temp/config-repo-11312134313057572497/config-repo/'
2026-08-24T23:11:20.070+05:30  INFO 15776 --- [bmp-config-server] [nio-8888-exec-6] o.s.c.c.s.e.NativeEnvironmentRepository  : Adding property source: Config resource 'file [C:\Users\Lenovo\AppData\Local\Temp\config-repo-11312134313057572497\config-repo\application.yml]' via location 'file:/C:/Users/Lenovo/AppData/Local/Temp/config-repo-11312134313057572497/config-repo/'
2026-08-24T23:11:40.071+05:30  INFO 15776 --- [bmp-config-server] [nio-8888-exec-7] o.s.c.c.s.e.NativeEnvironmentRepository  : Adding property source: Config resource 'file [C:\Users\Lenovo\AppData\Local\Temp\config-repo-11312134313057572497\config-repo\application.yml]' via location 'file:/C:/Users/Lenovo/AppData/Local/Temp/config-repo-11312134313057572497/config-repo/'
2026-08-24T23:12:00.138+05:30  INFO 15776 --- [bmp-config-server] [nio-8888-exec-9] o.s.c.c.s.e.NativeEnvironmentRepository  : Adding property source: Config resource 'file [C:\Users\Lenovo\AppData\Local\Temp\config-repo-11312134313057572497\config-repo\application.yml]' via location 'file:/C:/Users/Lenovo/AppData/Local/Temp/config-repo-11312134313057572497/config-repo/'
2026-08-24T23:12:18.282+05:30  INFO 15776 --- [bmp-config-server] [rap-executor-%d] c.n.d.s.r.aws.ConfigClusterResolver      : Resolving eureka endpoints via configuration
2026-08-24T23:12:19.924+05:30  INFO 15776 --- [bmp-config-server] [io-8888-exec-10] o.s.c.c.s.e.NativeEnvironmentRepository  : Adding property source: Config resource 'file [C:\Users\Lenovo\AppData\Local\Temp\config-repo-11312134313057572497\config-repo\application.yml]' via location 'file:/C:/Users/Lenovo/AppData/Local/Temp/config-repo-11312134313057572497/config-repo/'
2026-08-24T23:12:39.909+05:30  INFO 15776 --- [bmp-config-server] [nio-8888-exec-2] o.s.c.c.s.e.NativeEnvironmentRepository  : Adding property source: Config resource 'file [C:\Users\Lenovo\AppData\Local\Temp\config-repo-11312134313057572497\config-repo\application.yml]' via location 'file:/C:/Users/Lenovo/AppData/Local/Temp/config-repo-11312134313057572497/config-repo/'
2026-08-24T23:13:00.090+05:30  INFO 15776 --- [bmp-config-server] [nio-8888-exec-5] o.s.c.c.s.e.NativeEnvironmentRepository  : Adding property source: Config resource 'file [C:\Users\Lenovo\AppData\Local\Temp\config-repo-11312134313057572497\config-repo\application.yml]' via location 'file:/C:/Users/Lenovo/AppData/Local/Temp/config-repo-11312134313057572497/config-repo/'
2026-08-24T23:13:19.809+05:30  INFO 15776 --- [bmp-config-server] [nio-8888-exec-3] o.s.c.c.s.e.NativeEnvironmentRepository  : Adding property source: Config resource 'file [C:\Users\Lenovo\AppData\Local\Temp\config-repo-11312134313057572497\config-repo\application.yml]' via location 'file:/C:/Users/Lenovo/AppData/Local/Temp/config-repo-11312134313057572497/config-repo/'
2026-08-24T23:13:40.109+05:30  INFO 15776 --- [bmp-config-server] [nio-8888-exec-4] o.s.c.c.s.e.NativeEnvironmentRepository  : Adding property source: Config resource 'file [C:\Users\Lenovo\AppData\Local\Temp\config-repo-11312134313057572497\config-repo\application.yml]' via location 'file:/C:/Users/Lenovo/AppData/Local/Temp/config-repo-11312134313057572497/config-repo/'
2026-08-24T23:13:59.855+05:30  INFO 15776 --- [bmp-config-server] [nio-8888-exec-8] o.s.c.c.s.e.NativeEnvironmentRepository  : Adding property source: Config resource 'file [C:\Users\Lenovo\AppData\Local\Temp\config-repo-11312134313057572497\config-repo\application.yml]' via location 'file:/C:/Users/Lenovo/AppData/Local/Temp/config-repo-11312134313057572497/config-repo/'
2026-08-24T23:14:20.150+05:30  INFO 15776 --- [bmp-config-server] [nio-8888-exec-1] o.s.c.c.s.e.NativeEnvironmentRepository  : Adding property source: Config resource 'file [C:\Users\Lenovo\AppData\Local\Temp\config-repo-11312134313057572497\config-repo\application.yml]' via location 'file:/C:/Users/Lenovo/AppData/Local/Temp/config-repo-11312134313057572497/config-repo/'
2026-08-24T23:14:40.002+05:30  INFO 15776 --- [bmp-config-server] [nio-8888-exec-6] o.s.c.c.s.e.NativeEnvironmentRepository  : Adding property source: Config resource 'file [C:\Users\Lenovo\AppData\Local\Temp\config-repo-11312134313057572497\config-repo\application.yml]' via location 'file:/C:/Users/Lenovo/AppData/Local/Temp/config-repo-11312134313057572497/config-repo/'
2026-08-24T23:14:59.914+05:30  INFO 15776 --- [bmp-config-server] [nio-8888-exec-7] o.s.c.c.s.e.NativeEnvironmentRepository  : Adding property source: Config resource 'file [C:\Users\Lenovo\AppData\Local\Temp\config-repo-11312134313057572497\config-repo\application.yml]' via location 'file:/C:/Users/Lenovo/AppData/Local/Temp/config-repo-11312134313057572497/config-repo/'
2026-08-24T23:15:20.131+05:30  INFO 15776 --- [bmp-config-server] [nio-8888-exec-9] o.s.c.c.s.e.NativeEnvironmentRepository  : Adding property source: Config resource 'file [C:\Users\Lenovo\AppData\Local\Temp\config-repo-11312134313057572497\config-repo\application.yml]' via location 'file:/C:/Users/Lenovo/AppData/Local/Temp/config-repo-11312134313057572497/config-repo/'
2026-08-24T23:15:40.113+05:30  INFO 15776 --- [bmp-config-server] [io-8888-exec-10] o.s.c.c.s.e.NativeEnvironmentRepository  : Adding property source: Config resource 'file [C:\Users\Lenovo\AppData\Local\Temp\config-repo-11312134313057572497\config-repo\application.yml]' via location 'file:/C:/Users/Lenovo/AppData/Local/Temp/config-repo-11312134313057572497/config-repo/'
2026-08-24T23:15:59.952+05:30  INFO 15776 --- [bmp-config-server] [nio-8888-exec-2] o.s.c.c.s.e.NativeEnvironmentRepository  : Adding property source: Config resource 'file [C:\Users\Lenovo\AppData\Local\Temp\config-repo-11312134313057572497\config-repo\application.yml]' via location 'file:/C:/Users/Lenovo/AppData/Local/Temp/config-repo-11312134313057572497/config-repo/'
2026-08-24T23:16:20.182+05:30  INFO 15776 --- [bmp-config-server] [nio-8888-exec-5] o.s.c.c.s.e.NativeEnvironmentRepository  : Adding property source: Config resource 'file [C:\Users\Lenovo\AppData\Local\Temp\config-repo-11312134313057572497\config-repo\application.yml]' via location 'file:/C:/Users/Lenovo/AppData/Local/Temp/config-repo-11312134313057572497/config-repo/'
2026-08-24T23:16:39.805+05:30  INFO 15776 --- [bmp-config-server] [nio-8888-exec-3] o.s.c.c.s.e.NativeEnvironmentRepository  : Adding property source: Config resource 'file [C:\Users\Lenovo\AppData\Local\Temp\config-repo-11312134313057572497\config-repo\application.yml]' via location 'file:/C:/Users/Lenovo/AppData/Local/Temp/config-repo-11312134313057572497/config-repo/'
2026-08-24T23:17:00.091+05:30  INFO 15776 --- [bmp-config-server] [nio-8888-exec-4] o.s.c.c.s.e.NativeEnvironmentRepository  : Adding property source: Config resource 'file [C:\Users\Lenovo\AppData\Local\Temp\config-repo-11312134313057572497\config-repo\application.yml]' via location 'file:/C:/Users/Lenovo/AppData/Local/Temp/config-repo-11312134313057572497/config-repo/'
2026-08-24T23:17:18.297+05:30  INFO 15776 --- [bmp-config-server] [rap-executor-%d] c.n.d.s.r.aws.ConfigClusterResolver      : Resolving eureka endpoints via configuration
2026-08-24T23:17:19.942+05:30  INFO 15776 --- [bmp-config-server] [nio-8888-exec-8] o.s.c.c.s.e.NativeEnvironmentRepository  : Adding property source: Config resource 'file [C:\Users\Lenovo\AppData\Local\Temp\config-repo-11312134313057572497\config-repo\application.yml]' via location 'file:/C:/Users/Lenovo/AppData/Local/Temp/config-repo-11312134313057572497/config-repo/'
2026-08-24T23:17:39.802+05:30  INFO 15776 --- [bmp-config-server] [nio-8888-exec-1] o.s.c.c.s.e.NativeEnvironmentRepository  : Adding property source: Config resource 'file [C:\Users\Lenovo\AppData\Local\Temp\config-repo-11312134313057572497\config-repo\application.yml]' via location 'file:/C:/Users/Lenovo/AppData/Local/Temp/config-repo-11312134313057572497/config-repo/'
2026-08-24T23:18:00.232+05:30  INFO 15776 --- [bmp-config-server] [nio-8888-exec-6] o.s.c.c.s.e.NativeEnvironmentRepository  : Adding property source: Config resource 'file [C:\Users\Lenovo\AppData\Local\Temp\config-repo-11312134313057572497\config-repo\application.yml]' via location 'file:/C:/Users/Lenovo/AppData/Local/Temp/config-repo-11312134313057572497/config-repo/'
2026-08-24T23:18:20.209+05:30  INFO 15776 --- [bmp-config-server] [nio-8888-exec-7] o.s.c.c.s.e.NativeEnvironmentRepository  : Adding property source: Config resource 'file [C:\Users\Lenovo\AppData\Local\Temp\config-repo-11312134313057572497\config-repo\application.yml]' via location 'file:/C:/Users/Lenovo/AppData/Local/Temp/config-repo-11312134313057572497/config-repo/'
2026-08-24T23:18:39.815+05:30  INFO 15776 --- [bmp-config-server] [nio-8888-exec-9] o.s.c.c.s.e.NativeEnvironmentRepository  : Adding property source: Config resource 'file [C:\Users\Lenovo\AppData\Local\Temp\config-repo-11312134313057572497\config-repo\application.yml]' via location 'file:/C:/Users/Lenovo/AppData/Local/Temp/config-repo-11312134313057572497/config-repo/'
2026-08-24T23:18:59.872+05:30  INFO 15776 --- [bmp-config-server] [io-8888-exec-10] o.s.c.c.s.e.NativeEnvironmentRepository  : Adding property source: Config resource 'file [C:\Users\Lenovo\AppData\Local\Temp\config-repo-11312134313057572497\config-repo\application.yml]' via location 'file:/C:/Users/Lenovo/AppData/Local/Temp/config-repo-11312134313057572497/config-repo/'
2026-08-24T23:19:20.155+05:30  INFO 15776 --- [bmp-config-server] [nio-8888-exec-2] o.s.c.c.s.e.NativeEnvironmentRepository  : Adding property source: Config resource 'file [C:\Users\Lenovo\AppData\Local\Temp\config-repo-11312134313057572497\config-repo\application.yml]' via location 'file:/C:/Users/Lenovo/AppData/Local/Temp/config-repo-11312134313057572497/config-repo/'
2026-08-24T23:19:39.840+05:30  INFO 15776 --- [bmp-config-server] [nio-8888-exec-5] o.s.c.c.s.e.NativeEnvironmentRepository  : Adding property source: Config resource 'file [C:\Users\Lenovo\AppData\Local\Temp\config-repo-11312134313057572497\config-repo\application.yml]' via location 'file:/C:/Users/Lenovo/AppData/Local/Temp/config-repo-11312134313057572497/config-repo/'
2026-08-24T23:20:00.016+05:30  INFO 15776 --- [bmp-config-server] [nio-8888-exec-3] o.s.c.c.s.e.NativeEnvironmentRepository  : Adding property source: Config resource 'file [C:\Users\Lenovo\AppData\Local\Temp\config-repo-11312134313057572497\config-repo\application.yml]' via location 'file:/C:/Users/Lenovo/AppData/Local/Temp/config-repo-11312134313057572497/config-repo/'
2026-08-24T23:20:20.084+05:30  INFO 15776 --- [bmp-config-server] [nio-8888-exec-4] o.s.c.c.s.e.NativeEnvironmentRepository  : Adding property source: Config resource 'file [C:\Users\Lenovo\AppData\Local\Temp\config-repo-11312134313057572497\config-repo\application.yml]' via location 'file:/C:/Users/Lenovo/AppData/Local/Temp/config-repo-11312134313057572497/config-repo/'
2026-08-24T23:20:40.098+05:30  INFO 15776 --- [bmp-config-server] [nio-8888-exec-8] o.s.c.c.s.e.NativeEnvironmentRepository  : Adding property source: Config resource 'file [C:\Users\Lenovo\AppData\Local\Temp\config-repo-11312134313057572497\config-repo\application.yml]' via location 'file:/C:/Users/Lenovo/AppData/Local/Temp/config-repo-11312134313057572497/config-repo/'
2026-08-24T23:21:00.275+05:30  INFO 15776 --- [bmp-config-server] [nio-8888-exec-1] o.s.c.c.s.e.NativeEnvironmentRepository  : Adding property source: Config resource 'file [C:\Users\Lenovo\AppData\Local\Temp\config-repo-11312134313057572497\config-repo\application.yml]' via location 'file:/C:/Users/Lenovo/AppData/Local/Temp/config-repo-11312134313057572497/config-repo/'
2026-08-24T23:21:20.004+05:30  INFO 15776 --- [bmp-config-server] [nio-8888-exec-6] o.s.c.c.s.e.NativeEnvironmentRepository  : Adding property source: Config resource 'file [C:\Users\Lenovo\AppData\Local\Temp\config-repo-11312134313057572497\config-repo\application.yml]' via location 'file:/C:/Users/Lenovo/AppData/Local/Temp/config-repo-11312134313057572497/config-repo/'
2026-08-24T23:21:40.084+05:30  INFO 15776 --- [bmp-config-server] [nio-8888-exec-7] o.s.c.c.s.e.NativeEnvironmentRepository  : Adding property source: Config resource 'file [C:\Users\Lenovo\AppData\Local\Temp\config-repo-11312134313057572497\config-repo\application.yml]' via location 'file:/C:/Users/Lenovo/AppData/Local/Temp/config-repo-11312134313057572497/config-repo/'
2026-08-24T23:22:00.134+05:30  INFO 15776 --- [bmp-config-server] [nio-8888-exec-9] o.s.c.c.s.e.NativeEnvironmentRepository  : Adding property source: Config resource 'file [C:\Users\Lenovo\AppData\Local\Temp\config-repo-11312134313057572497\config-repo\application.yml]' via location 'file:/C:/Users/Lenovo/AppData/Local/Temp/config-repo-11312134313057572497/config-repo/'
2026-08-24T23:22:18.306+05:30  INFO 15776 --- [bmp-config-server] [rap-executor-%d] c.n.d.s.r.aws.ConfigClusterResolver      : Resolving eureka endpoints via configuration
2026-08-24T23:22:20.195+05:30  INFO 15776 --- [bmp-config-server] [io-8888-exec-10] o.s.c.c.s.e.NativeEnvironmentRepository  : Adding property source: Config resource 'file [C:\Users\Lenovo\AppData\Local\Temp\config-repo-11312134313057572497\config-repo\application.yml]' via location 'file:/C:/Users/Lenovo/AppData/Local/Temp/config-repo-11312134313057572497/config-repo/'
2026-08-24T23:22:40.071+05:30  INFO 15776 --- [bmp-config-server] [nio-8888-exec-2] o.s.c.c.s.e.NativeEnvironmentRepository  : Adding property source: Config resource 'file [C:\Users\Lenovo\AppData\Local\Temp\config-repo-11312134313057572497\config-repo\application.yml]' via location 'file:/C:/Users/Lenovo/AppData/Local/Temp/config-repo-11312134313057572497/config-repo/'
2026-08-24T23:36:03.910+05:30  INFO 15776 --- [bmp-config-server] [container-0-C-1] org.apache.kafka.clients.NetworkClient   : [Consumer clientId=consumer-anonymous.dab3ec53-5680-441b-990f-191aea843fd1-2, groupId=anonymous.dab3ec53-5680-441b-990f-191aea843fd1] Node 1 disconnected.
2026-08-24T23:36:03.911+05:30  INFO 15776 --- [bmp-config-server] [container-0-C-1] org.apache.kafka.clients.NetworkClient   : [Consumer clientId=consumer-anonymous.dab3ec53-5680-441b-990f-191aea843fd1-2, groupId=anonymous.dab3ec53-5680-441b-990f-191aea843fd1] Cancelled in-flight FETCH request with correlation id 7020 due to node 1 being disconnected (elapsed time since creation: 790289ms, elapsed time since send: 790289ms, throttle time: 0ms, request timeout: 30000ms)
2026-08-24T23:36:04.193+05:30  INFO 15776 --- [bmp-config-server] [container-0-C-1] org.apache.kafka.clients.NetworkClient   : [Consumer clientId=consumer-anonymous.dab3ec53-5680-441b-990f-191aea843fd1-2, groupId=anonymous.dab3ec53-5680-441b-990f-191aea843fd1] Disconnecting from node 2147483646 due to request timeout.
2026-08-24T23:36:04.193+05:30  INFO 15776 --- [bmp-config-server] [container-0-C-1] org.apache.kafka.clients.NetworkClient   : [Consumer clientId=consumer-anonymous.dab3ec53-5680-441b-990f-191aea843fd1-2, groupId=anonymous.dab3ec53-5680-441b-990f-191aea843fd1] Cancelled in-flight HEARTBEAT request with correlation id 7021 due to node 2147483646 being disconnected (elapsed time since creation: 789588ms, elapsed time since send: 789588ms, throttle time: 0ms, request timeout: 30000ms)
2026-08-24T23:36:04.253+05:30  INFO 15776 --- [bmp-config-server] [0f-191aea843fd1] o.a.k.c.c.internals.ConsumerCoordinator  : [Consumer clientId=consumer-anonymous.dab3ec53-5680-441b-990f-191aea843fd1-2, groupId=anonymous.dab3ec53-5680-441b-990f-191aea843fd1] Group coordinator localhost:9092 (id: 2147483646 rack: null) is unavailable or invalid due to cause: null. isDisconnected: true. Rediscovery will be attempted.
2026-08-24T23:36:04.253+05:30  INFO 15776 --- [bmp-config-server] [container-0-C-1] o.a.kafka.clients.FetchSessionHandler    : [Consumer clientId=consumer-anonymous.dab3ec53-5680-441b-990f-191aea843fd1-2, groupId=anonymous.dab3ec53-5680-441b-990f-191aea843fd1] Error sending fetch request (sessionId=818330980, epoch=5981) to node 1:

org.apache.kafka.common.errors.DisconnectException: null

2026-08-24T23:36:07.807+05:30  INFO 15776 --- [bmp-config-server] [container-0-C-1] o.a.k.c.c.internals.ConsumerCoordinator  : [Consumer clientId=consumer-anonymous.dab3ec53-5680-441b-990f-191aea843fd1-2, groupId=anonymous.dab3ec53-5680-441b-990f-191aea843fd1] Discovered group coordinator localhost:9092 (id: 2147483646 rack: null)
2026-08-24T23:36:07.821+05:30  INFO 15776 --- [bmp-config-server] [container-0-C-1] o.a.k.c.c.internals.ConsumerCoordinator  : [Consumer clientId=consumer-anonymous.dab3ec53-5680-441b-990f-191aea843fd1-2, groupId=anonymous.dab3ec53-5680-441b-990f-191aea843fd1] Discovered group coordinator localhost:9092 (id: 2147483646 rack: null)
2026-08-24T23:36:12.839+05:30  INFO 15776 --- [bmp-config-server] [nio-8888-exec-8] o.s.c.c.s.e.NativeEnvironmentRepository  : Adding property source: Config resource 'file [C:\Users\Lenovo\AppData\Local\Temp\config-repo-11312134313057572497\config-repo\application.yml]' via location 'file:/C:/Users/Lenovo/AppData/Local/Temp/config-repo-11312134313057572497/config-repo/'
2026-08-24T23:36:23.960+05:30  INFO 15776 --- [bmp-config-server] [nio-8888-exec-1] o.s.c.c.s.e.NativeEnvironmentRepository  : Adding property source: Config resource 'file [C:\Users\Lenovo\AppData\Local\Temp\config-repo-11312134313057572497\config-repo\application.yml]' via location 'file:/C:/Users/Lenovo/AppData/Local/Temp/config-repo-11312134313057572497/config-repo/'
2026-08-24T23:36:33.191+05:30  INFO 15776 --- [bmp-config-server] [pool-4-thread-1] org.apache.kafka.clients.NetworkClient   : [Consumer clientId=consumer-anonymous.dab3ec53-5680-441b-990f-191aea843fd1-3, groupId=anonymous.dab3ec53-5680-441b-990f-191aea843fd1] Node 2147483646 disconnected.
2026-08-24T23:36:33.198+05:30  INFO 15776 --- [bmp-config-server] [pool-4-thread-1] o.a.k.c.c.internals.ConsumerCoordinator  : [Consumer clientId=consumer-anonymous.dab3ec53-5680-441b-990f-191aea843fd1-3, groupId=anonymous.dab3ec53-5680-441b-990f-191aea843fd1] Group coordinator localhost:9092 (id: 2147483646 rack: null) is unavailable or invalid due to cause: coordinator unavailable. isDisconnected: true. Rediscovery will be attempted.
2026-08-24T23:36:33.212+05:30  INFO 15776 --- [bmp-config-server] [pool-4-thread-1] o.a.k.c.c.internals.ConsumerCoordinator  : [Consumer clientId=consumer-anonymous.dab3ec53-5680-441b-990f-191aea843fd1-3, groupId=anonymous.dab3ec53-5680-441b-990f-191aea843fd1] Discovered group coordinator localhost:9092 (id: 2147483646 rack: null)
2026-08-24T23:36:33.213+05:30  INFO 15776 --- [bmp-config-server] [pool-4-thread-1] o.a.k.c.c.internals.ConsumerCoordinator  : [Consumer clientId=consumer-anonymous.dab3ec53-5680-441b-990f-191aea843fd1-3, groupId=anonymous.dab3ec53-5680-441b-990f-191aea843fd1] Group coordinator localhost:9092 (id: 2147483646 rack: null) is unavailable or invalid due to cause: coordinator unavailable. isDisconnected: false. Rediscovery will be attempted.
2026-08-24T23:36:33.213+05:30  INFO 15776 --- [bmp-config-server] [pool-4-thread-1] o.a.k.c.c.internals.ConsumerCoordinator  : [Consumer clientId=consumer-anonymous.dab3ec53-5680-441b-990f-191aea843fd1-3, groupId=anonymous.dab3ec53-5680-441b-990f-191aea843fd1] Requesting disconnect from last known coordinator localhost:9092 (id: 2147483646 rack: null)
2026-08-24T23:36:33.303+05:30  INFO 15776 --- [bmp-config-server] [pool-4-thread-1] o.a.k.c.c.internals.ConsumerCoordinator  : [Consumer clientId=consumer-anonymous.dab3ec53-5680-441b-990f-191aea843fd1-3, groupId=anonymous.dab3ec53-5680-441b-990f-191aea843fd1] Discovered group coordinator localhost:9092 (id: 2147483646 rack: null)
2026-08-24T23:36:42.821+05:30  INFO 15776 --- [bmp-config-server] [nio-8888-exec-6] o.s.c.c.s.e.NativeEnvironmentRepository  : Adding property source: Config resource 'file [C:\Users\Lenovo\AppData\Local\Temp\config-repo-11312134313057572497\config-repo\application.yml]' via location 'file:/C:/Users/Lenovo/AppData/Local/Temp/config-repo-11312134313057572497/config-repo/'
2026-08-24T23:37:02.522+05:30  INFO 15776 --- [bmp-config-server] [nio-8888-exec-7] o.s.c.c.s.e.NativeEnvironmentRepository  : Adding property source: Config resource 'file [C:\Users\Lenovo\AppData\Local\Temp\config-repo-11312134313057572497\config-repo\application.yml]' via location 'file:/C:/Users/Lenovo/AppData/Local/Temp/config-repo-11312134313057572497/config-repo/'
2026-08-24T23:37:23.020+05:30  INFO 15776 --- [bmp-config-server] [nio-8888-exec-9] o.s.c.c.s.e.NativeEnvironmentRepository  : Adding property source: Config resource 'file [C:\Users\Lenovo\AppData\Local\Temp\config-repo-11312134313057572497\config-repo\application.yml]' via location 'file:/C:/Users/Lenovo/AppData/Local/Temp/config-repo-11312134313057572497/config-repo/'
2026-08-24T23:37:43.743+05:30  INFO 15776 --- [bmp-config-server] [io-8888-exec-10] o.s.c.c.s.e.NativeEnvironmentRepository  : Adding property source: Config resource 'file [C:\Users\Lenovo\AppData\Local\Temp\config-repo-11312134313057572497\config-repo\application.yml]' via location 'file:/C:/Users/Lenovo/AppData/Local/Temp/config-repo-11312134313057572497/config-repo/'
2026-08-24T23:38:03.630+05:30  INFO 15776 --- [bmp-config-server] [nio-8888-exec-2] o.s.c.c.s.e.NativeEnvironmentRepository  : Adding property source: Config resource 'file [C:\Users\Lenovo\AppData\Local\Temp\config-repo-11312134313057572497\config-repo\application.yml]' via location 'file:/C:/Users/Lenovo/AppData/Local/Temp/config-repo-11312134313057572497/config-repo/'
2026-08-24T23:38:23.799+05:30  INFO 15776 --- [bmp-config-server] [nio-8888-exec-5] o.s.c.c.s.e.NativeEnvironmentRepository  : Adding property source: Config resource 'file [C:\Users\Lenovo\AppData\Local\Temp\config-repo-11312134313057572497\config-repo\application.yml]' via location 'file:/C:/Users/Lenovo/AppData/Local/Temp/config-repo-11312134313057572497/config-repo/'
2026-08-24T23:38:43.657+05:30  INFO 15776 --- [bmp-config-server] [nio-8888-exec-3] o.s.c.c.s.e.NativeEnvironmentRepository  : Adding property source: Config resource 'file [C:\Users\Lenovo\AppData\Local\Temp\config-repo-11312134313057572497\config-repo\application.yml]' via location 'file:/C:/Users/Lenovo/AppData/Local/Temp/config-repo-11312134313057572497/config-repo/'
2026-08-24T23:39:03.884+05:30  INFO 15776 --- [bmp-config-server] [nio-8888-exec-4] o.s.c.c.s.e.NativeEnvironmentRepository  : Adding property source: Config resource 'file [C:\Users\Lenovo\AppData\Local\Temp\config-repo-11312134313057572497\config-repo\application.yml]' via location 'file:/C:/Users/Lenovo/AppData/Local/Temp/config-repo-11312134313057572497/config-repo/'
