
  .   ____          _            __ _ _
 /\\ / ___'_ __ _ _(_)_ __  __ _ \ \ \ \
( ( )\___ | '_ | '_| | '_ \/ _` | \ \ \ \
 \\/  ___)| |_)| | | | | || (_| |  ) ) ) )
  '  |____| .__|_| |_|_| |_\__, | / / / /
 =========|_|==============|___/=/_/_/_/

 :: Spring Boot ::                (v3.4.1)

2026-08-28T22:34:21.026+05:30  INFO 44812 --- [bmp-user-service] [           main] com.bmp.user.BmpUserApplication          : Starting BmpUserApplication using Java 21.0.11 with PID 44812 (C:\BMP -PRJ\BMP\bmp-user\target\classes started by Lenovo in C:\BMP -PRJ\BMP\bmp-user)
2026-08-28T22:34:21.028+05:30  INFO 44812 --- [bmp-user-service] [           main] com.bmp.user.BmpUserApplication          : No active profile set, falling back to 1 default profile: "default"
2026-08-28T22:34:21.060+05:30  INFO 44812 --- [bmp-user-service] [           main] o.s.c.c.c.ConfigServerConfigDataLoader   : Fetching config from server at : http://localhost:8888
2026-08-28T22:34:21.060+05:30  INFO 44812 --- [bmp-user-service] [           main] o.s.c.c.c.ConfigServerConfigDataLoader   : Located environment: name=bmp-user-service, profiles=[default], label=null, version=e49a1a5dcfcb36643a08d9529e85f702a6d4d502, state=
2026-08-28T22:34:21.609+05:30  INFO 44812 --- [bmp-user-service] [           main] .s.d.r.c.RepositoryConfigurationDelegate : Bootstrapping Spring Data JPA repositories in DEFAULT mode.
2026-08-28T22:34:21.707+05:30  INFO 44812 --- [bmp-user-service] [           main] .s.d.r.c.RepositoryConfigurationDelegate : Finished Spring Data repository scanning in 92 ms. Found 3 JPA repository interfaces.
2026-08-28T22:34:22.221+05:30  INFO 44812 --- [bmp-user-service] [           main] faultConfiguringBeanFactoryPostProcessor : No bean named 'errorChannel' has been explicitly defined. Therefore, a default PublishSubscribeChannel will be created.
2026-08-28T22:34:22.227+05:30  INFO 44812 --- [bmp-user-service] [           main] faultConfiguringBeanFactoryPostProcessor : No bean named 'integrationHeaderChannelRegistry' has been explicitly defined. Therefore, a default DefaultHeaderChannelRegistry will be created.
2026-08-28T22:34:22.333+05:30  INFO 44812 --- [bmp-user-service] [           main] o.s.cloud.context.scope.GenericScope     : BeanFactory id=5ae3bd1f-f0b7-3a41-a319-2b39e514213d
2026-08-28T22:34:22.864+05:30  INFO 44812 --- [bmp-user-service] [           main] o.s.b.w.embedded.tomcat.TomcatWebServer  : Tomcat initialized with port 8082 (http)
2026-08-28T22:34:22.875+05:30  INFO 44812 --- [bmp-user-service] [           main] o.apache.catalina.core.StandardService   : Starting service [Tomcat]
2026-08-28T22:34:22.875+05:30  INFO 44812 --- [bmp-user-service] [           main] o.apache.catalina.core.StandardEngine    : Starting Servlet engine: [Apache Tomcat/10.1.34]
2026-08-28T22:34:22.943+05:30  INFO 44812 --- [bmp-user-service] [           main] o.a.c.c.C.[Tomcat].[localhost].[/]       : Initializing Spring embedded WebApplicationContext
2026-08-28T22:34:22.945+05:30  INFO 44812 --- [bmp-user-service] [           main] w.s.c.ServletWebServerApplicationContext : Root WebApplicationContext: initialization completed in 1882 ms
2026-08-28T22:34:23.237+05:30  INFO 44812 --- [bmp-user-service] [           main] com.zaxxer.hikari.HikariDataSource       : HikariPool-1 - Starting...
2026-08-28T22:34:23.346+05:30  INFO 44812 --- [bmp-user-service] [           main] com.zaxxer.hikari.pool.HikariPool        : HikariPool-1 - Added connection org.postgresql.jdbc.PgConnection@6e466fdf
2026-08-28T22:34:23.347+05:30  INFO 44812 --- [bmp-user-service] [           main] com.zaxxer.hikari.HikariDataSource       : HikariPool-1 - Start completed.
2026-08-28T22:34:23.366+05:30  INFO 44812 --- [bmp-user-service] [           main] org.flywaydb.core.FlywayExecutor         : Database: jdbc:postgresql://localhost:5432/bmp (PostgreSQL 16.4)
2026-08-28T22:34:23.406+05:30  INFO 44812 --- [bmp-user-service] [           main] o.f.core.internal.command.DbValidate     : Successfully validated 5 migrations (execution time 00:00.023s)
2026-08-28T22:34:23.439+05:30  INFO 44812 --- [bmp-user-service] [           main] o.f.core.internal.command.DbMigrate      : Current version of schema "common_schema": 004
2026-08-28T22:34:23.443+05:30  INFO 44812 --- [bmp-user-service] [           main] o.f.core.internal.command.DbMigrate      : Schema "common_schema" is up to date. No migration necessary.
2026-08-28T22:34:23.513+05:30  INFO 44812 --- [bmp-user-service] [           main] o.hibernate.jpa.internal.util.LogHelper  : HHH000204: Processing PersistenceUnitInfo [name: default]
2026-08-28T22:34:23.592+05:30  INFO 44812 --- [bmp-user-service] [           main] org.hibernate.Version                    : HHH000412: Hibernate ORM core version 6.6.4.Final
2026-08-28T22:34:23.625+05:30  INFO 44812 --- [bmp-user-service] [           main] o.h.c.internal.RegionFactoryInitiator    : HHH000026: Second-level cache disabled
2026-08-28T22:34:23.858+05:30  INFO 44812 --- [bmp-user-service] [           main] o.s.o.j.p.SpringPersistenceUnitInfo      : No LoadTimeWeaver setup: ignoring JPA class transformer
2026-08-28T22:34:23.928+05:30  INFO 44812 --- [bmp-user-service] [           main] org.hibernate.orm.connections.pooling    : HHH10001005: Database info:
	Database JDBC URL [Connecting through datasource 'HikariDataSource (HikariPool-1)']
	Database driver: undefined/unknown
	Database version: 16.4
	Autocommit mode: undefined/unknown
	Isolation level: undefined/unknown
	Minimum pool size: undefined/unknown
	Maximum pool size: undefined/unknown
2026-08-28T22:34:24.604+05:30  INFO 44812 --- [bmp-user-service] [           main] o.h.e.t.j.p.i.JtaPlatformInitiator       : HHH000489: No JTA platform available (set 'hibernate.transaction.jta.platform' to enable JTA platform integration)
2026-08-28T22:34:24.648+05:30  INFO 44812 --- [bmp-user-service] [           main] j.LocalContainerEntityManagerFactoryBean : Initialized JPA EntityManagerFactory for persistence unit 'default'
2026-08-28T22:34:25.008+05:30  INFO 44812 --- [bmp-user-service] [           main] o.s.c.openfeign.FeignClientFactoryBean   : For 'bmp-admin-service' URL not provided. Will try picking an instance via load-balancing.
2026-08-28T22:34:25.387+05:30  WARN 44812 --- [bmp-user-service] [           main] .s.s.UserDetailsServiceAutoConfiguration : 

Using generated security password: 9a7faf64-3a4e-4beb-9e21-beae37cd8c46

This generated password is for development use only. Your security configuration must be updated before running your application in production.

2026-08-28T22:34:25.396+05:30  INFO 44812 --- [bmp-user-service] [           main] r$InitializeUserDetailsManagerConfigurer : Global AuthenticationManager configured with UserDetailsService bean with name inMemoryUserDetailsManager
2026-08-28T22:34:25.778+05:30  INFO 44812 --- [bmp-user-service] [           main] o.s.b.a.e.web.EndpointLinksResolver      : Exposing 10 endpoints beneath base path '/actuator'
2026-08-28T22:34:26.233+05:30  INFO 44812 --- [bmp-user-service] [           main] o.s.c.s.m.DirectWithAttributesChannel    : Channel 'bmp-user-service.springCloudBusInput' has 1 subscriber(s).
2026-08-28T22:34:26.580+05:30  INFO 44812 --- [bmp-user-service] [           main] DiscoveryClientOptionalArgsConfiguration : Eureka HTTP Client uses RestTemplate.
2026-08-28T22:34:26.620+05:30  WARN 44812 --- [bmp-user-service] [           main] iguration$LoadBalancerCaffeineWarnLogger : Spring Cloud LoadBalancer is currently working with the default cache. While this cache implementation is useful for development and tests, it's recommended to use Caffeine cache in production.You can switch to using Caffeine cache, by adding it and org.springframework.cache.caffeine.CaffeineCacheManager to the classpath.
2026-08-28T22:34:26.735+05:30  INFO 44812 --- [bmp-user-service] [           main] o.s.i.endpoint.EventDrivenConsumer       : Adding {logging-channel-adapter:_org.springframework.integration.errorLogger} as a subscriber to the 'errorChannel' channel
2026-08-28T22:34:26.735+05:30  INFO 44812 --- [bmp-user-service] [           main] o.s.i.channel.PublishSubscribeChannel    : Channel 'bmp-user-service.errorChannel' has 1 subscriber(s).
2026-08-28T22:34:26.736+05:30  INFO 44812 --- [bmp-user-service] [           main] o.s.i.endpoint.EventDrivenConsumer       : started bean '_org.springframework.integration.errorLogger'
2026-08-28T22:34:26.747+05:30  INFO 44812 --- [bmp-user-service] [           main] o.s.c.n.eureka.InstanceInfoFactory       : Setting initial instance status as: STARTING
2026-08-28T22:34:26.765+05:30  INFO 44812 --- [bmp-user-service] [           main] com.netflix.discovery.DiscoveryClient    : Initializing Eureka in region us-east-1
2026-08-28T22:34:26.768+05:30  INFO 44812 --- [bmp-user-service] [           main] c.n.d.s.r.aws.ConfigClusterResolver      : Resolving eureka endpoints via configuration
2026-08-28T22:34:26.773+05:30  INFO 44812 --- [bmp-user-service] [           main] com.netflix.discovery.DiscoveryClient    : Disable delta property : false
2026-08-28T22:34:26.773+05:30  INFO 44812 --- [bmp-user-service] [           main] com.netflix.discovery.DiscoveryClient    : Single vip registry refresh property : null
2026-08-28T22:34:26.773+05:30  INFO 44812 --- [bmp-user-service] [           main] com.netflix.discovery.DiscoveryClient    : Force full registry fetch : false
2026-08-28T22:34:26.773+05:30  INFO 44812 --- [bmp-user-service] [           main] com.netflix.discovery.DiscoveryClient    : Application is null : false
2026-08-28T22:34:26.774+05:30  INFO 44812 --- [bmp-user-service] [           main] com.netflix.discovery.DiscoveryClient    : Registered Applications size is zero : true
2026-08-28T22:34:26.774+05:30  INFO 44812 --- [bmp-user-service] [           main] com.netflix.discovery.DiscoveryClient    : Application version is -1: true
2026-08-28T22:34:26.774+05:30  INFO 44812 --- [bmp-user-service] [           main] com.netflix.discovery.DiscoveryClient    : Getting all instance registry info from the eureka server
2026-08-28T22:34:26.966+05:30  INFO 44812 --- [bmp-user-service] [           main] com.netflix.discovery.DiscoveryClient    : The response status is 200
2026-08-28T22:34:26.968+05:30  INFO 44812 --- [bmp-user-service] [           main] com.netflix.discovery.DiscoveryClient    : Starting heartbeat executor: renew interval is: 30
2026-08-28T22:34:26.969+05:30  INFO 44812 --- [bmp-user-service] [           main] c.n.discovery.InstanceInfoReplicator     : InstanceInfoReplicator onDemand update allowed rate per min is 4
2026-08-28T22:34:26.970+05:30  INFO 44812 --- [bmp-user-service] [           main] com.netflix.discovery.DiscoveryClient    : Discovery Client initialized at timestamp 1787936666970 with initial instances count: 1
2026-08-28T22:34:26.977+05:30  INFO 44812 --- [bmp-user-service] [           main] o.s.c.n.e.s.EurekaServiceRegistry        : Registering application BMP-USER-SERVICE with eureka with status UP
2026-08-28T22:34:26.977+05:30  INFO 44812 --- [bmp-user-service] [           main] com.netflix.discovery.DiscoveryClient    : Saw local status change event StatusChangeEvent [timestamp=1787936666977, current=UP, previous=STARTING]
2026-08-28T22:34:26.979+05:30  INFO 44812 --- [bmp-user-service] [foReplicator-%d] com.netflix.discovery.DiscoveryClient    : DiscoveryClient_BMP-USER-SERVICE/Darshan.mshome.net:bmp-user-service:8082: registering service...
2026-08-28T22:34:26.996+05:30  INFO 44812 --- [bmp-user-service] [           main] o.s.b.w.embedded.tomcat.TomcatWebServer  : Tomcat started on port 8082 (http) with context path '/'
2026-08-28T22:34:26.997+05:30  INFO 44812 --- [bmp-user-service] [           main] .s.c.n.e.s.EurekaAutoServiceRegistration : Updating port to 8082
2026-08-28T22:34:26.998+05:30  INFO 44812 --- [bmp-user-service] [foReplicator-%d] com.netflix.discovery.DiscoveryClient    : DiscoveryClient_BMP-USER-SERVICE/Darshan.mshome.net:bmp-user-service:8082 - registration status: 204
2026-08-28T22:34:27.003+05:30  INFO 44812 --- [bmp-user-service] [           main] o.s.c.s.binder.DefaultBinderFactory      : Creating binder: kafka
2026-08-28T22:34:27.003+05:30  INFO 44812 --- [bmp-user-service] [           main] o.s.c.s.binder.DefaultBinderFactory      : Constructing binder child context for kafka
2026-08-28T22:34:27.170+05:30  INFO 44812 --- [bmp-user-service] [           main] o.s.c.s.binder.DefaultBinderFactory      : Caching the binder: kafka
2026-08-28T22:34:27.206+05:30  INFO 44812 --- [bmp-user-service] [           main] o.a.k.clients.admin.AdminClientConfig    : AdminClientConfig values: 
	auto.include.jmx.reporter = true
	bootstrap.controllers = []
	bootstrap.servers = [localhost:9092]
	client.dns.lookup = use_all_dns_ips
	client.id = 
	connections.max.idle.ms = 300000
	default.api.timeout.ms = 60000
	enable.metrics.push = true
	metadata.max.age.ms = 300000
	metadata.recovery.strategy = none
	metric.reporters = []
	metrics.num.samples = 2
	metrics.recording.level = INFO
	metrics.sample.window.ms = 30000
	receive.buffer.bytes = 65536
	reconnect.backoff.max.ms = 1000
	reconnect.backoff.ms = 50
	request.timeout.ms = 30000
	retries = 2147483647
	retry.backoff.max.ms = 1000
	retry.backoff.ms = 100
	sasl.client.callback.handler.class = null
	sasl.jaas.config = null
	sasl.kerberos.kinit.cmd = /usr/bin/kinit
	sasl.kerberos.min.time.before.relogin = 60000
	sasl.kerberos.service.name = null
	sasl.kerberos.ticket.renew.jitter = 0.05
	sasl.kerberos.ticket.renew.window.factor = 0.8
	sasl.login.callback.handler.class = null
	sasl.login.class = null
	sasl.login.connect.timeout.ms = null
	sasl.login.read.timeout.ms = null
	sasl.login.refresh.buffer.seconds = 300
	sasl.login.refresh.min.period.seconds = 60
	sasl.login.refresh.window.factor = 0.8
	sasl.login.refresh.window.jitter = 0.05
	sasl.login.retry.backoff.max.ms = 10000
	sasl.login.retry.backoff.ms = 100
	sasl.mechanism = GSSAPI
	sasl.oauthbearer.clock.skew.seconds = 30
	sasl.oauthbearer.expected.audience = null
	sasl.oauthbearer.expected.issuer = null
	sasl.oauthbearer.jwks.endpoint.refresh.ms = 3600000
	sasl.oauthbearer.jwks.endpoint.retry.backoff.max.ms = 10000
	sasl.oauthbearer.jwks.endpoint.retry.backoff.ms = 100
	sasl.oauthbearer.jwks.endpoint.url = null
	sasl.oauthbearer.scope.claim.name = scope
	sasl.oauthbearer.sub.claim.name = sub
	sasl.oauthbearer.token.endpoint.url = null
	security.protocol = PLAINTEXT
	security.providers = null
	send.buffer.bytes = 131072
	socket.connection.setup.timeout.max.ms = 30000
	socket.connection.setup.timeout.ms = 10000
	ssl.cipher.suites = null
	ssl.enabled.protocols = [TLSv1.2, TLSv1.3]
	ssl.endpoint.identification.algorithm = https
	ssl.engine.factory.class = null
	ssl.key.password = null
	ssl.keymanager.algorithm = SunX509
	ssl.keystore.certificate.chain = null
	ssl.keystore.key = null
	ssl.keystore.location = null
	ssl.keystore.password = null
	ssl.keystore.type = JKS
	ssl.protocol = TLSv1.3
	ssl.provider = null
	ssl.secure.random.implementation = null
	ssl.trustmanager.algorithm = PKIX
	ssl.truststore.certificates = null
	ssl.truststore.location = null
	ssl.truststore.password = null
	ssl.truststore.type = JKS

2026-08-28T22:34:27.307+05:30  INFO 44812 --- [bmp-user-service] [           main] o.a.kafka.common.utils.AppInfoParser     : Kafka version: 3.8.1
2026-08-28T22:34:27.307+05:30  INFO 44812 --- [bmp-user-service] [           main] o.a.kafka.common.utils.AppInfoParser     : Kafka commitId: 70d6ff42debf7e17
2026-08-28T22:34:27.307+05:30  INFO 44812 --- [bmp-user-service] [           main] o.a.kafka.common.utils.AppInfoParser     : Kafka startTimeMs: 1787936667306
2026-08-28T22:34:27.581+05:30  INFO 44812 --- [bmp-user-service] [| adminclient-1] o.a.kafka.common.utils.AppInfoParser     : App info kafka.admin.client for adminclient-1 unregistered
2026-08-28T22:34:27.583+05:30  INFO 44812 --- [bmp-user-service] [| adminclient-1] o.apache.kafka.common.metrics.Metrics    : Metrics scheduler closed
2026-08-28T22:34:27.583+05:30  INFO 44812 --- [bmp-user-service] [| adminclient-1] o.apache.kafka.common.metrics.Metrics    : Closing reporter org.apache.kafka.common.metrics.JmxReporter
2026-08-28T22:34:27.583+05:30  INFO 44812 --- [bmp-user-service] [| adminclient-1] o.apache.kafka.common.metrics.Metrics    : Metrics reporters closed
2026-08-28T22:34:27.592+05:30  INFO 44812 --- [bmp-user-service] [           main] o.a.k.clients.consumer.ConsumerConfig    : ConsumerConfig values: 
	allow.auto.create.topics = true
	auto.commit.interval.ms = 100
	auto.include.jmx.reporter = true
	auto.offset.reset = latest
	bootstrap.servers = [localhost:9092]
	check.crcs = true
	client.dns.lookup = use_all_dns_ips
	client.id = consumer-anonymous.a8f27670-05d5-4cea-bde4-4217e9e9694b-1
	client.rack = 
	connections.max.idle.ms = 540000
	default.api.timeout.ms = 60000
	enable.auto.commit = false
	enable.metrics.push = true
	exclude.internal.topics = true
	fetch.max.bytes = 52428800
	fetch.max.wait.ms = 500
	fetch.min.bytes = 1
	group.id = anonymous.a8f27670-05d5-4cea-bde4-4217e9e9694b
	group.instance.id = null
	group.protocol = classic
	group.remote.assignor = null
	heartbeat.interval.ms = 3000
	interceptor.classes = []
	internal.leave.group.on.close = true
	internal.throw.on.fetch.stable.offset.unsupported = false
	isolation.level = read_uncommitted
	key.deserializer = class org.apache.kafka.common.serialization.ByteArrayDeserializer
	max.partition.fetch.bytes = 1048576
	max.poll.interval.ms = 300000
	max.poll.records = 500
	metadata.max.age.ms = 300000
	metadata.recovery.strategy = none
	metric.reporters = []
	metrics.num.samples = 2
	metrics.recording.level = INFO
	metrics.sample.window.ms = 30000
	partition.assignment.strategy = [class org.apache.kafka.clients.consumer.RangeAssignor, class org.apache.kafka.clients.consumer.CooperativeStickyAssignor]
	receive.buffer.bytes = 65536
	reconnect.backoff.max.ms = 1000
	reconnect.backoff.ms = 50
	request.timeout.ms = 30000
	retry.backoff.max.ms = 1000
	retry.backoff.ms = 100
	sasl.client.callback.handler.class = null
	sasl.jaas.config = null
	sasl.kerberos.kinit.cmd = /usr/bin/kinit
	sasl.kerberos.min.time.before.relogin = 60000
	sasl.kerberos.service.name = null
	sasl.kerberos.ticket.renew.jitter = 0.05
	sasl.kerberos.ticket.renew.window.factor = 0.8
	sasl.login.callback.handler.class = null
	sasl.login.class = null
	sasl.login.connect.timeout.ms = null
	sasl.login.read.timeout.ms = null
	sasl.login.refresh.buffer.seconds = 300
	sasl.login.refresh.min.period.seconds = 60
	sasl.login.refresh.window.factor = 0.8
	sasl.login.refresh.window.jitter = 0.05
	sasl.login.retry.backoff.max.ms = 10000
	sasl.login.retry.backoff.ms = 100
	sasl.mechanism = GSSAPI
	sasl.oauthbearer.clock.skew.seconds = 30
	sasl.oauthbearer.expected.audience = null
	sasl.oauthbearer.expected.issuer = null
	sasl.oauthbearer.jwks.endpoint.refresh.ms = 3600000
	sasl.oauthbearer.jwks.endpoint.retry.backoff.max.ms = 10000
	sasl.oauthbearer.jwks.endpoint.retry.backoff.ms = 100
	sasl.oauthbearer.jwks.endpoint.url = null
	sasl.oauthbearer.scope.claim.name = scope
	sasl.oauthbearer.sub.claim.name = sub
	sasl.oauthbearer.token.endpoint.url = null
	security.protocol = PLAINTEXT
	security.providers = null
	send.buffer.bytes = 131072
	session.timeout.ms = 45000
	socket.connection.setup.timeout.max.ms = 30000
	socket.connection.setup.timeout.ms = 10000
	ssl.cipher.suites = null
	ssl.enabled.protocols = [TLSv1.2, TLSv1.3]
	ssl.endpoint.identification.algorithm = https
	ssl.engine.factory.class = null
	ssl.key.password = null
	ssl.keymanager.algorithm = SunX509
	ssl.keystore.certificate.chain = null
	ssl.keystore.key = null
	ssl.keystore.location = null
	ssl.keystore.password = null
	ssl.keystore.type = JKS
	ssl.protocol = TLSv1.3
	ssl.provider = null
	ssl.secure.random.implementation = null
	ssl.trustmanager.algorithm = PKIX
	ssl.truststore.certificates = null
	ssl.truststore.location = null
	ssl.truststore.password = null
	ssl.truststore.type = JKS
	value.deserializer = class org.apache.kafka.common.serialization.ByteArrayDeserializer

2026-08-28T22:34:27.623+05:30  INFO 44812 --- [bmp-user-service] [           main] o.a.k.c.t.i.KafkaMetricsCollector        : initializing Kafka metrics collector
2026-08-28T22:34:27.656+05:30  INFO 44812 --- [bmp-user-service] [           main] o.a.kafka.common.utils.AppInfoParser     : Kafka version: 3.8.1
2026-08-28T22:34:27.656+05:30  INFO 44812 --- [bmp-user-service] [           main] o.a.kafka.common.utils.AppInfoParser     : Kafka commitId: 70d6ff42debf7e17
2026-08-28T22:34:27.656+05:30  INFO 44812 --- [bmp-user-service] [           main] o.a.kafka.common.utils.AppInfoParser     : Kafka startTimeMs: 1787936667656
2026-08-28T22:34:27.670+05:30  INFO 44812 --- [bmp-user-service] [           main] org.apache.kafka.clients.Metadata        : [Consumer clientId=consumer-anonymous.a8f27670-05d5-4cea-bde4-4217e9e9694b-1, groupId=anonymous.a8f27670-05d5-4cea-bde4-4217e9e9694b] Cluster ID: 5L6g3nShT-eMCtK--X86sw
2026-08-28T22:34:27.671+05:30  INFO 44812 --- [bmp-user-service] [           main] o.a.k.c.c.internals.ConsumerCoordinator  : [Consumer clientId=consumer-anonymous.a8f27670-05d5-4cea-bde4-4217e9e9694b-1, groupId=anonymous.a8f27670-05d5-4cea-bde4-4217e9e9694b] Resetting generation and member id due to: consumer pro-actively leaving the group
2026-08-28T22:34:27.672+05:30  INFO 44812 --- [bmp-user-service] [           main] o.a.k.c.c.internals.ConsumerCoordinator  : [Consumer clientId=consumer-anonymous.a8f27670-05d5-4cea-bde4-4217e9e9694b-1, groupId=anonymous.a8f27670-05d5-4cea-bde4-4217e9e9694b] Request joining group due to: consumer pro-actively leaving the group
2026-08-28T22:34:27.675+05:30  INFO 44812 --- [bmp-user-service] [           main] o.apache.kafka.common.metrics.Metrics    : Metrics scheduler closed
2026-08-28T22:34:27.675+05:30  INFO 44812 --- [bmp-user-service] [           main] o.apache.kafka.common.metrics.Metrics    : Closing reporter org.apache.kafka.common.metrics.JmxReporter
2026-08-28T22:34:27.675+05:30  INFO 44812 --- [bmp-user-service] [           main] o.apache.kafka.common.metrics.Metrics    : Closing reporter org.apache.kafka.common.telemetry.internals.ClientTelemetryReporter
2026-08-28T22:34:27.675+05:30  INFO 44812 --- [bmp-user-service] [           main] o.apache.kafka.common.metrics.Metrics    : Metrics reporters closed
2026-08-28T22:34:27.677+05:30  INFO 44812 --- [bmp-user-service] [           main] o.a.kafka.common.utils.AppInfoParser     : App info kafka.consumer for consumer-anonymous.a8f27670-05d5-4cea-bde4-4217e9e9694b-1 unregistered
2026-08-28T22:34:27.701+05:30  INFO 44812 --- [bmp-user-service] [           main] o.s.c.stream.binder.BinderErrorChannel   : Channel 'kafka-1668212314.springCloudBusInput.errors' has 1 subscriber(s).
2026-08-28T22:34:27.702+05:30  INFO 44812 --- [bmp-user-service] [           main] o.s.c.stream.binder.BinderErrorChannel   : Channel 'kafka-1668212314.springCloudBusInput.errors' has 0 subscriber(s).
2026-08-28T22:34:27.702+05:30  INFO 44812 --- [bmp-user-service] [           main] o.s.c.stream.binder.BinderErrorChannel   : Channel 'kafka-1668212314.springCloudBusInput.errors' has 1 subscriber(s).
2026-08-28T22:34:27.702+05:30  INFO 44812 --- [bmp-user-service] [           main] o.s.c.stream.binder.BinderErrorChannel   : Channel 'kafka-1668212314.springCloudBusInput.errors' has 2 subscriber(s).
2026-08-28T22:34:27.714+05:30  INFO 44812 --- [bmp-user-service] [           main] o.a.k.clients.consumer.ConsumerConfig    : ConsumerConfig values: 
	allow.auto.create.topics = true
	auto.commit.interval.ms = 100
	auto.include.jmx.reporter = true
	auto.offset.reset = latest
	bootstrap.servers = [localhost:9092]
	check.crcs = true
	client.dns.lookup = use_all_dns_ips
	client.id = consumer-anonymous.a8f27670-05d5-4cea-bde4-4217e9e9694b-2
	client.rack = 
	connections.max.idle.ms = 540000
	default.api.timeout.ms = 60000
	enable.auto.commit = false
	enable.metrics.push = true
	exclude.internal.topics = true
	fetch.max.bytes = 52428800
	fetch.max.wait.ms = 500
	fetch.min.bytes = 1
	group.id = anonymous.a8f27670-05d5-4cea-bde4-4217e9e9694b
	group.instance.id = null
	group.protocol = classic
	group.remote.assignor = null
	heartbeat.interval.ms = 3000
	interceptor.classes = []
	internal.leave.group.on.close = true
	internal.throw.on.fetch.stable.offset.unsupported = false
	isolation.level = read_uncommitted
	key.deserializer = class org.apache.kafka.common.serialization.ByteArrayDeserializer
	max.partition.fetch.bytes = 1048576
	max.poll.interval.ms = 300000
	max.poll.records = 500
	metadata.max.age.ms = 300000
	metadata.recovery.strategy = none
	metric.reporters = []
	metrics.num.samples = 2
	metrics.recording.level = INFO
	metrics.sample.window.ms = 30000
	partition.assignment.strategy = [class org.apache.kafka.clients.consumer.RangeAssignor, class org.apache.kafka.clients.consumer.CooperativeStickyAssignor]
	receive.buffer.bytes = 65536
	reconnect.backoff.max.ms = 1000
	reconnect.backoff.ms = 50
	request.timeout.ms = 30000
	retry.backoff.max.ms = 1000
	retry.backoff.ms = 100
	sasl.client.callback.handler.class = null
	sasl.jaas.config = null
	sasl.kerberos.kinit.cmd = /usr/bin/kinit
	sasl.kerberos.min.time.before.relogin = 60000
	sasl.kerberos.service.name = null
	sasl.kerberos.ticket.renew.jitter = 0.05
	sasl.kerberos.ticket.renew.window.factor = 0.8
	sasl.login.callback.handler.class = null
	sasl.login.class = null
	sasl.login.connect.timeout.ms = null
	sasl.login.read.timeout.ms = null
	sasl.login.refresh.buffer.seconds = 300
	sasl.login.refresh.min.period.seconds = 60
	sasl.login.refresh.window.factor = 0.8
	sasl.login.refresh.window.jitter = 0.05
	sasl.login.retry.backoff.max.ms = 10000
	sasl.login.retry.backoff.ms = 100
	sasl.mechanism = GSSAPI
	sasl.oauthbearer.clock.skew.seconds = 30
	sasl.oauthbearer.expected.audience = null
	sasl.oauthbearer.expected.issuer = null
	sasl.oauthbearer.jwks.endpoint.refresh.ms = 3600000
	sasl.oauthbearer.jwks.endpoint.retry.backoff.max.ms = 10000
	sasl.oauthbearer.jwks.endpoint.retry.backoff.ms = 100
	sasl.oauthbearer.jwks.endpoint.url = null
	sasl.oauthbearer.scope.claim.name = scope
	sasl.oauthbearer.sub.claim.name = sub
	sasl.oauthbearer.token.endpoint.url = null
	security.protocol = PLAINTEXT
	security.providers = null
	send.buffer.bytes = 131072
	session.timeout.ms = 45000
	socket.connection.setup.timeout.max.ms = 30000
	socket.connection.setup.timeout.ms = 10000
	ssl.cipher.suites = null
	ssl.enabled.protocols = [TLSv1.2, TLSv1.3]
	ssl.endpoint.identification.algorithm = https
	ssl.engine.factory.class = null
	ssl.key.password = null
	ssl.keymanager.algorithm = SunX509
	ssl.keystore.certificate.chain = null
	ssl.keystore.key = null
	ssl.keystore.location = null
	ssl.keystore.password = null
	ssl.keystore.type = JKS
	ssl.protocol = TLSv1.3
	ssl.provider = null
	ssl.secure.random.implementation = null
	ssl.trustmanager.algorithm = PKIX
	ssl.truststore.certificates = null
	ssl.truststore.location = null
	ssl.truststore.password = null
	ssl.truststore.type = JKS
	value.deserializer = class org.apache.kafka.common.serialization.ByteArrayDeserializer

2026-08-28T22:34:27.714+05:30  INFO 44812 --- [bmp-user-service] [           main] o.a.k.c.t.i.KafkaMetricsCollector        : initializing Kafka metrics collector
2026-08-28T22:34:27.718+05:30  INFO 44812 --- [bmp-user-service] [           main] o.a.kafka.common.utils.AppInfoParser     : Kafka version: 3.8.1
2026-08-28T22:34:27.718+05:30  INFO 44812 --- [bmp-user-service] [           main] o.a.kafka.common.utils.AppInfoParser     : Kafka commitId: 70d6ff42debf7e17
2026-08-28T22:34:27.718+05:30  INFO 44812 --- [bmp-user-service] [           main] o.a.kafka.common.utils.AppInfoParser     : Kafka startTimeMs: 1787936667718
2026-08-28T22:34:27.721+05:30  INFO 44812 --- [bmp-user-service] [           main] o.a.k.c.c.internals.LegacyKafkaConsumer  : [Consumer clientId=consumer-anonymous.a8f27670-05d5-4cea-bde4-4217e9e9694b-2, groupId=anonymous.a8f27670-05d5-4cea-bde4-4217e9e9694b] Subscribed to topic(s): springCloudBus
2026-08-28T22:34:27.724+05:30  INFO 44812 --- [bmp-user-service] [           main] s.i.k.i.KafkaMessageDrivenChannelAdapter : started org.springframework.integration.kafka.inbound.KafkaMessageDrivenChannelAdapter@60d5c16
2026-08-28T22:34:27.733+05:30  INFO 44812 --- [bmp-user-service] [container-0-C-1] org.apache.kafka.clients.Metadata        : [Consumer clientId=consumer-anonymous.a8f27670-05d5-4cea-bde4-4217e9e9694b-2, groupId=anonymous.a8f27670-05d5-4cea-bde4-4217e9e9694b] Cluster ID: 5L6g3nShT-eMCtK--X86sw
2026-08-28T22:34:27.735+05:30  INFO 44812 --- [bmp-user-service] [container-0-C-1] o.a.k.c.c.internals.ConsumerCoordinator  : [Consumer clientId=consumer-anonymous.a8f27670-05d5-4cea-bde4-4217e9e9694b-2, groupId=anonymous.a8f27670-05d5-4cea-bde4-4217e9e9694b] Discovered group coordinator localhost:9092 (id: 2147483646 rack: null)
2026-08-28T22:34:27.737+05:30  INFO 44812 --- [bmp-user-service] [container-0-C-1] o.a.k.c.c.internals.ConsumerCoordinator  : [Consumer clientId=consumer-anonymous.a8f27670-05d5-4cea-bde4-4217e9e9694b-2, groupId=anonymous.a8f27670-05d5-4cea-bde4-4217e9e9694b] (Re-)joining group
2026-08-28T22:34:27.749+05:30  INFO 44812 --- [bmp-user-service] [container-0-C-1] o.a.k.c.c.internals.ConsumerCoordinator  : [Consumer clientId=consumer-anonymous.a8f27670-05d5-4cea-bde4-4217e9e9694b-2, groupId=anonymous.a8f27670-05d5-4cea-bde4-4217e9e9694b] Request joining group due to: need to re-join with the given member-id: consumer-anonymous.a8f27670-05d5-4cea-bde4-4217e9e9694b-2-46c12623-2751-4d67-b6f1-ae7444e28cfb
2026-08-28T22:34:27.749+05:30  INFO 44812 --- [bmp-user-service] [container-0-C-1] o.a.k.c.c.internals.ConsumerCoordinator  : [Consumer clientId=consumer-anonymous.a8f27670-05d5-4cea-bde4-4217e9e9694b-2, groupId=anonymous.a8f27670-05d5-4cea-bde4-4217e9e9694b] (Re-)joining group
2026-08-28T22:34:27.765+05:30  INFO 44812 --- [bmp-user-service] [           main] com.bmp.user.BmpUserApplication          : Started BmpUserApplication in 8.667 seconds (process running for 9.363)
2026-08-28T22:34:28.738+05:30  INFO 44812 --- [bmp-user-service] [pool-2-thread-1] o.a.k.clients.consumer.ConsumerConfig    : ConsumerConfig values: 
	allow.auto.create.topics = true
	auto.commit.interval.ms = 5000
	auto.include.jmx.reporter = true
	auto.offset.reset = latest
	bootstrap.servers = [localhost:9092]
	check.crcs = true
	client.dns.lookup = use_all_dns_ips
	client.id = consumer-anonymous.a8f27670-05d5-4cea-bde4-4217e9e9694b-3
	client.rack = 
	connections.max.idle.ms = 540000
	default.api.timeout.ms = 60000
	enable.auto.commit = true
	enable.metrics.push = true
	exclude.internal.topics = true
	fetch.max.bytes = 52428800
	fetch.max.wait.ms = 500
	fetch.min.bytes = 1
	group.id = anonymous.a8f27670-05d5-4cea-bde4-4217e9e9694b
	group.instance.id = null
	group.protocol = classic
	group.remote.assignor = null
	heartbeat.interval.ms = 3000
	interceptor.classes = []
	internal.leave.group.on.close = true
	internal.throw.on.fetch.stable.offset.unsupported = false
	isolation.level = read_uncommitted
	key.deserializer = class org.apache.kafka.common.serialization.ByteArrayDeserializer
	max.partition.fetch.bytes = 1048576
	max.poll.interval.ms = 300000
	max.poll.records = 500
	metadata.max.age.ms = 300000
	metadata.recovery.strategy = none
	metric.reporters = []
	metrics.num.samples = 2
	metrics.recording.level = INFO
	metrics.sample.window.ms = 30000
	partition.assignment.strategy = [class org.apache.kafka.clients.consumer.RangeAssignor, class org.apache.kafka.clients.consumer.CooperativeStickyAssignor]
	receive.buffer.bytes = 65536
	reconnect.backoff.max.ms = 1000
	reconnect.backoff.ms = 50
	request.timeout.ms = 30000
	retry.backoff.max.ms = 1000
	retry.backoff.ms = 100
	sasl.client.callback.handler.class = null
	sasl.jaas.config = null
	sasl.kerberos.kinit.cmd = /usr/bin/kinit
	sasl.kerberos.min.time.before.relogin = 60000
	sasl.kerberos.service.name = null
	sasl.kerberos.ticket.renew.jitter = 0.05
	sasl.kerberos.ticket.renew.window.factor = 0.8
	sasl.login.callback.handler.class = null
	sasl.login.class = null
	sasl.login.connect.timeout.ms = null
	sasl.login.read.timeout.ms = null
	sasl.login.refresh.buffer.seconds = 300
	sasl.login.refresh.min.period.seconds = 60
	sasl.login.refresh.window.factor = 0.8
	sasl.login.refresh.window.jitter = 0.05
	sasl.login.retry.backoff.max.ms = 10000
	sasl.login.retry.backoff.ms = 100
	sasl.mechanism = GSSAPI
	sasl.oauthbearer.clock.skew.seconds = 30
	sasl.oauthbearer.expected.audience = null
	sasl.oauthbearer.expected.issuer = null
	sasl.oauthbearer.jwks.endpoint.refresh.ms = 3600000
	sasl.oauthbearer.jwks.endpoint.retry.backoff.max.ms = 10000
	sasl.oauthbearer.jwks.endpoint.retry.backoff.ms = 100
	sasl.oauthbearer.jwks.endpoint.url = null
	sasl.oauthbearer.scope.claim.name = scope
	sasl.oauthbearer.sub.claim.name = sub
	sasl.oauthbearer.token.endpoint.url = null
	security.protocol = PLAINTEXT
	security.providers = null
	send.buffer.bytes = 131072
	session.timeout.ms = 45000
	socket.connection.setup.timeout.max.ms = 30000
	socket.connection.setup.timeout.ms = 10000
	ssl.cipher.suites = null
	ssl.enabled.protocols = [TLSv1.2, TLSv1.3]
	ssl.endpoint.identification.algorithm = https
	ssl.engine.factory.class = null
	ssl.key.password = null
	ssl.keymanager.algorithm = SunX509
	ssl.keystore.certificate.chain = null
	ssl.keystore.key = null
	ssl.keystore.location = null
	ssl.keystore.password = null
	ssl.keystore.type = JKS
	ssl.protocol = TLSv1.3
	ssl.provider = null
	ssl.secure.random.implementation = null
	ssl.trustmanager.algorithm = PKIX
	ssl.truststore.certificates = null
	ssl.truststore.location = null
	ssl.truststore.password = null
	ssl.truststore.type = JKS
	value.deserializer = class org.apache.kafka.common.serialization.ByteArrayDeserializer

2026-08-28T22:34:28.738+05:30  INFO 44812 --- [bmp-user-service] [pool-2-thread-1] o.a.k.c.t.i.KafkaMetricsCollector        : initializing Kafka metrics collector
2026-08-28T22:34:28.742+05:30  INFO 44812 --- [bmp-user-service] [pool-2-thread-1] o.a.kafka.common.utils.AppInfoParser     : Kafka version: 3.8.1
2026-08-28T22:34:28.742+05:30  INFO 44812 --- [bmp-user-service] [pool-2-thread-1] o.a.kafka.common.utils.AppInfoParser     : Kafka commitId: 70d6ff42debf7e17
2026-08-28T22:34:28.742+05:30  INFO 44812 --- [bmp-user-service] [pool-2-thread-1] o.a.kafka.common.utils.AppInfoParser     : Kafka startTimeMs: 1787936668742
2026-08-28T22:34:28.748+05:30  INFO 44812 --- [bmp-user-service] [pool-2-thread-1] org.apache.kafka.clients.Metadata        : [Consumer clientId=consumer-anonymous.a8f27670-05d5-4cea-bde4-4217e9e9694b-3, groupId=anonymous.a8f27670-05d5-4cea-bde4-4217e9e9694b] Cluster ID: 5L6g3nShT-eMCtK--X86sw
2026-08-28T22:34:28.759+05:30  INFO 44812 --- [bmp-user-service] [pool-2-thread-1] o.a.k.c.c.internals.ConsumerCoordinator  : [Consumer clientId=consumer-anonymous.a8f27670-05d5-4cea-bde4-4217e9e9694b-3, groupId=anonymous.a8f27670-05d5-4cea-bde4-4217e9e9694b] Discovered group coordinator localhost:9092 (id: 2147483646 rack: null)
2026-08-28T22:34:28.763+05:30  INFO 44812 --- [bmp-user-service] [pool-2-thread-1] o.a.k.c.c.internals.ConsumerCoordinator  : [Consumer clientId=consumer-anonymous.a8f27670-05d5-4cea-bde4-4217e9e9694b-3, groupId=anonymous.a8f27670-05d5-4cea-bde4-4217e9e9694b] Found no committed offset for partition springCloudBus-0
2026-08-28T22:34:30.754+05:30  INFO 44812 --- [bmp-user-service] [container-0-C-1] o.a.k.c.c.internals.ConsumerCoordinator  : [Consumer clientId=consumer-anonymous.a8f27670-05d5-4cea-bde4-4217e9e9694b-2, groupId=anonymous.a8f27670-05d5-4cea-bde4-4217e9e9694b] Successfully joined group with generation Generation{generationId=1, memberId='consumer-anonymous.a8f27670-05d5-4cea-bde4-4217e9e9694b-2-46c12623-2751-4d67-b6f1-ae7444e28cfb', protocol='range'}
2026-08-28T22:34:30.758+05:30  INFO 44812 --- [bmp-user-service] [container-0-C-1] o.a.k.c.c.internals.ConsumerCoordinator  : [Consumer clientId=consumer-anonymous.a8f27670-05d5-4cea-bde4-4217e9e9694b-2, groupId=anonymous.a8f27670-05d5-4cea-bde4-4217e9e9694b] Finished assignment for group at generation 1: {consumer-anonymous.a8f27670-05d5-4cea-bde4-4217e9e9694b-2-46c12623-2751-4d67-b6f1-ae7444e28cfb=Assignment(partitions=[springCloudBus-0])}
2026-08-28T22:34:30.765+05:30  INFO 44812 --- [bmp-user-service] [container-0-C-1] o.a.k.c.c.internals.ConsumerCoordinator  : [Consumer clientId=consumer-anonymous.a8f27670-05d5-4cea-bde4-4217e9e9694b-2, groupId=anonymous.a8f27670-05d5-4cea-bde4-4217e9e9694b] Successfully synced group in generation Generation{generationId=1, memberId='consumer-anonymous.a8f27670-05d5-4cea-bde4-4217e9e9694b-2-46c12623-2751-4d67-b6f1-ae7444e28cfb', protocol='range'}
2026-08-28T22:34:30.765+05:30  INFO 44812 --- [bmp-user-service] [container-0-C-1] o.a.k.c.c.internals.ConsumerCoordinator  : [Consumer clientId=consumer-anonymous.a8f27670-05d5-4cea-bde4-4217e9e9694b-2, groupId=anonymous.a8f27670-05d5-4cea-bde4-4217e9e9694b] Notifying assignor about the new Assignment(partitions=[springCloudBus-0])
2026-08-28T22:34:30.766+05:30  INFO 44812 --- [bmp-user-service] [container-0-C-1] k.c.c.i.ConsumerRebalanceListenerInvoker : [Consumer clientId=consumer-anonymous.a8f27670-05d5-4cea-bde4-4217e9e9694b-2, groupId=anonymous.a8f27670-05d5-4cea-bde4-4217e9e9694b] Adding newly assigned partitions: springCloudBus-0
2026-08-28T22:34:30.768+05:30  INFO 44812 --- [bmp-user-service] [container-0-C-1] o.a.k.c.c.internals.ConsumerCoordinator  : [Consumer clientId=consumer-anonymous.a8f27670-05d5-4cea-bde4-4217e9e9694b-2, groupId=anonymous.a8f27670-05d5-4cea-bde4-4217e9e9694b] Found no committed offset for partition springCloudBus-0
2026-08-28T22:34:30.772+05:30  INFO 44812 --- [bmp-user-service] [container-0-C-1] o.a.k.c.c.internals.ConsumerCoordinator  : [Consumer clientId=consumer-anonymous.a8f27670-05d5-4cea-bde4-4217e9e9694b-2, groupId=anonymous.a8f27670-05d5-4cea-bde4-4217e9e9694b] Found no committed offset for partition springCloudBus-0
2026-08-28T22:34:30.779+05:30  INFO 44812 --- [bmp-user-service] [container-0-C-1] o.a.k.c.c.internals.SubscriptionState    : [Consumer clientId=consumer-anonymous.a8f27670-05d5-4cea-bde4-4217e9e9694b-2, groupId=anonymous.a8f27670-05d5-4cea-bde4-4217e9e9694b] Resetting offset for partition springCloudBus-0 to position FetchPosition{offset=0, offsetEpoch=Optional.empty, currentLeader=LeaderAndEpoch{leader=Optional[localhost:9092 (id: 1 rack: null)], epoch=0}}.
2026-08-28T22:34:30.784+05:30  INFO 44812 --- [bmp-user-service] [container-0-C-1] o.s.c.s.b.k.KafkaMessageChannelBinder$2  : anonymous.a8f27670-05d5-4cea-bde4-4217e9e9694b: partitions assigned: [springCloudBus-0]
2026-08-28T22:36:07.557+05:30  INFO 44812 --- [bmp-user-service] [nio-8082-exec-1] o.a.c.c.C.[Tomcat].[localhost].[/]       : Initializing Spring DispatcherServlet 'dispatcherServlet'
2026-08-28T22:36:07.589+05:30  INFO 44812 --- [bmp-user-service] [nio-8082-exec-1] o.s.web.servlet.DispatcherServlet        : Initializing Servlet 'dispatcherServlet'
2026-08-28T22:36:07.961+05:30  INFO 44812 --- [bmp-user-service] [nio-8082-exec-1] o.s.web.servlet.DispatcherServlet        : Completed initialization in 372 ms
2026-08-28T22:36:08.865+05:30  INFO 44812 --- [bmp-user-service] [binder-health-1] o.a.k.clients.consumer.ConsumerConfig    : ConsumerConfig values: 
	allow.auto.create.topics = true
	auto.commit.interval.ms = 5000
	auto.include.jmx.reporter = true
	auto.offset.reset = latest
	bootstrap.servers = [localhost:9092]
	check.crcs = true
	client.dns.lookup = use_all_dns_ips
	client.id = consumer-null-4
	client.rack = 
	connections.max.idle.ms = 540000
	default.api.timeout.ms = 60000
	enable.auto.commit = false
	enable.metrics.push = true
	exclude.internal.topics = true
	fetch.max.bytes = 52428800
	fetch.max.wait.ms = 500
	fetch.min.bytes = 1
	group.id = null
	group.instance.id = null
	group.protocol = classic
	group.remote.assignor = null
	heartbeat.interval.ms = 3000
	interceptor.classes = []
	internal.leave.group.on.close = true
	internal.throw.on.fetch.stable.offset.unsupported = false
	isolation.level = read_uncommitted
	key.deserializer = class org.apache.kafka.common.serialization.ByteArrayDeserializer
	max.partition.fetch.bytes = 1048576
	max.poll.interval.ms = 300000
	max.poll.records = 500
	metadata.max.age.ms = 300000
	metadata.recovery.strategy = none
	metric.reporters = []
	metrics.num.samples = 2
	metrics.recording.level = INFO
	metrics.sample.window.ms = 30000
	partition.assignment.strategy = [class org.apache.kafka.clients.consumer.RangeAssignor, class org.apache.kafka.clients.consumer.CooperativeStickyAssignor]
	receive.buffer.bytes = 65536
	reconnect.backoff.max.ms = 1000
	reconnect.backoff.ms = 50
	request.timeout.ms = 30000
	retry.backoff.max.ms = 1000
	retry.backoff.ms = 100
	sasl.client.callback.handler.class = null
	sasl.jaas.config = null
	sasl.kerberos.kinit.cmd = /usr/bin/kinit
	sasl.kerberos.min.time.before.relogin = 60000
	sasl.kerberos.service.name = null
	sasl.kerberos.ticket.renew.jitter = 0.05
	sasl.kerberos.ticket.renew.window.factor = 0.8
	sasl.login.callback.handler.class = null
	sasl.login.class = null
	sasl.login.connect.timeout.ms = null
	sasl.login.read.timeout.ms = null
	sasl.login.refresh.buffer.seconds = 300
	sasl.login.refresh.min.period.seconds = 60
	sasl.login.refresh.window.factor = 0.8
	sasl.login.refresh.window.jitter = 0.05
	sasl.login.retry.backoff.max.ms = 10000
	sasl.login.retry.backoff.ms = 100
	sasl.mechanism = GSSAPI
	sasl.oauthbearer.clock.skew.seconds = 30
	sasl.oauthbearer.expected.audience = null
	sasl.oauthbearer.expected.issuer = null
	sasl.oauthbearer.jwks.endpoint.refresh.ms = 3600000
	sasl.oauthbearer.jwks.endpoint.retry.backoff.max.ms = 10000
	sasl.oauthbearer.jwks.endpoint.retry.backoff.ms = 100
	sasl.oauthbearer.jwks.endpoint.url = null
	sasl.oauthbearer.scope.claim.name = scope
	sasl.oauthbearer.sub.claim.name = sub
	sasl.oauthbearer.token.endpoint.url = null
	security.protocol = PLAINTEXT
	security.providers = null
	send.buffer.bytes = 131072
	session.timeout.ms = 45000
	socket.connection.setup.timeout.max.ms = 30000
	socket.connection.setup.timeout.ms = 10000
	ssl.cipher.suites = null
	ssl.enabled.protocols = [TLSv1.2, TLSv1.3]
	ssl.endpoint.identification.algorithm = https
	ssl.engine.factory.class = null
	ssl.key.password = null
	ssl.keymanager.algorithm = SunX509
	ssl.keystore.certificate.chain = null
	ssl.keystore.key = null
	ssl.keystore.location = null
	ssl.keystore.password = null
	ssl.keystore.type = JKS
	ssl.protocol = TLSv1.3
	ssl.provider = null
	ssl.secure.random.implementation = null
	ssl.trustmanager.algorithm = PKIX
	ssl.truststore.certificates = null
	ssl.truststore.location = null
	ssl.truststore.password = null
	ssl.truststore.type = JKS
	value.deserializer = class org.apache.kafka.common.serialization.ByteArrayDeserializer

2026-08-28T22:36:08.887+05:30  INFO 44812 --- [bmp-user-service] [binder-health-1] o.a.k.c.t.i.KafkaMetricsCollector        : initializing Kafka metrics collector
2026-08-28T22:36:09.172+05:30  INFO 44812 --- [bmp-user-service] [binder-health-1] o.a.kafka.common.utils.AppInfoParser     : Kafka version: 3.8.1
2026-08-28T22:36:09.173+05:30  INFO 44812 --- [bmp-user-service] [binder-health-1] o.a.kafka.common.utils.AppInfoParser     : Kafka commitId: 70d6ff42debf7e17
2026-08-28T22:36:09.173+05:30  INFO 44812 --- [bmp-user-service] [binder-health-1] o.a.kafka.common.utils.AppInfoParser     : Kafka startTimeMs: 1787936769130
2026-08-28T22:36:09.473+05:30  INFO 44812 --- [bmp-user-service] [binder-health-1] org.apache.kafka.clients.Metadata        : [Consumer clientId=consumer-null-4, groupId=null] Cluster ID: 5L6g3nShT-eMCtK--X86sw
2026-08-28T22:39:26.796+05:30  INFO 44812 --- [bmp-user-service] [rap-executor-%d] c.n.d.s.r.aws.ConfigClusterResolver      : Resolving eureka endpoints via configuration
2026-08-28T22:43:27.874+05:30  INFO 44812 --- [bmp-user-service] [container-0-C-1] org.apache.kafka.clients.NetworkClient   : [Consumer clientId=consumer-anonymous.a8f27670-05d5-4cea-bde4-4217e9e9694b-2, groupId=anonymous.a8f27670-05d5-4cea-bde4-4217e9e9694b] Node -1 disconnected.
2026-08-28T22:43:28.921+05:30  INFO 44812 --- [bmp-user-service] [pool-2-thread-1] org.apache.kafka.clients.NetworkClient   : [Consumer clientId=consumer-anonymous.a8f27670-05d5-4cea-bde4-4217e9e9694b-3, groupId=anonymous.a8f27670-05d5-4cea-bde4-4217e9e9694b] Node -1 disconnected.
2026-08-28T22:44:26.814+05:30  INFO 44812 --- [bmp-user-service] [rap-executor-%d] c.n.d.s.r.aws.ConfigClusterResolver      : Resolving eureka endpoints via configuration
2026-08-28T22:45:28.809+05:30  INFO 44812 --- [bmp-user-service] [binder-health-1] org.apache.kafka.clients.NetworkClient   : [Consumer clientId=consumer-null-4, groupId=null] Node -1 disconnected.
2026-08-28T22:49:26.830+05:30  INFO 44812 --- [bmp-user-service] [rap-executor-%d] c.n.d.s.r.aws.ConfigClusterResolver      : Resolving eureka endpoints via configuration
2026-08-28T22:53:28.087+05:30  INFO 44812 --- [bmp-user-service] [container-0-C-1] org.apache.kafka.clients.NetworkClient   : [Consumer clientId=consumer-anonymous.a8f27670-05d5-4cea-bde4-4217e9e9694b-2, groupId=anonymous.a8f27670-05d5-4cea-bde4-4217e9e9694b] Node -1 disconnected.
2026-08-28T22:53:29.143+05:30  INFO 44812 --- [bmp-user-service] [pool-2-thread-1] org.apache.kafka.clients.NetworkClient   : [Consumer clientId=consumer-anonymous.a8f27670-05d5-4cea-bde4-4217e9e9694b-3, groupId=anonymous.a8f27670-05d5-4cea-bde4-4217e9e9694b] Node -1 disconnected.
2026-08-28T22:54:26.844+05:30  INFO 44812 --- [bmp-user-service] [rap-executor-%d] c.n.d.s.r.aws.ConfigClusterResolver      : Resolving eureka endpoints via configuration
2026-08-28T22:56:08.849+05:30  INFO 44812 --- [bmp-user-service] [binder-health-1] org.apache.kafka.clients.NetworkClient   : [Consumer clientId=consumer-null-4, groupId=null] Node -1 disconnected.
2026-08-28T22:59:26.869+05:30  INFO 44812 --- [bmp-user-service] [rap-executor-%d] c.n.d.s.r.aws.ConfigClusterResolver      : Resolving eureka endpoints via configuration
2026-08-28T23:04:26.915+05:30  INFO 44812 --- [bmp-user-service] [rap-executor-%d] c.n.d.s.r.aws.ConfigClusterResolver      : Resolving eureka endpoints via configuration
2026-08-28T23:09:26.918+05:30  INFO 44812 --- [bmp-user-service] [rap-executor-%d] c.n.d.s.r.aws.ConfigClusterResolver      : Resolving eureka endpoints via configuration
2026-08-28T23:14:26.934+05:30  INFO 44812 --- [bmp-user-service] [rap-executor-%d] c.n.d.s.r.aws.ConfigClusterResolver      : Resolving eureka endpoints via configuration
2026-08-28T23:19:26.966+05:30  INFO 44812 --- [bmp-user-service] [rap-executor-%d] c.n.d.s.r.aws.ConfigClusterResolver      : Resolving eureka endpoints via configuration
2026-08-28T23:24:26.991+05:30  INFO 44812 --- [bmp-user-service] [rap-executor-%d] c.n.d.s.r.aws.ConfigClusterResolver      : Resolving eureka endpoints via configuration
2026-08-28T23:29:27.008+05:30  INFO 44812 --- [bmp-user-service] [rap-executor-%d] c.n.d.s.r.aws.ConfigClusterResolver      : Resolving eureka endpoints via configuration
2026-08-28T23:34:27.030+05:30  INFO 44812 --- [bmp-user-service] [rap-executor-%d] c.n.d.s.r.aws.ConfigClusterResolver      : Resolving eureka endpoints via configuration
2026-08-28T23:39:27.040+05:30  INFO 44812 --- [bmp-user-service] [rap-executor-%d] c.n.d.s.r.aws.ConfigClusterResolver      : Resolving eureka endpoints via configuration
2026-08-28T23:44:27.054+05:30  INFO 44812 --- [bmp-user-service] [rap-executor-%d] c.n.d.s.r.aws.ConfigClusterResolver      : Resolving eureka endpoints via configuration
2026-08-28T23:49:27.065+05:30  INFO 44812 --- [bmp-user-service] [rap-executor-%d] c.n.d.s.r.aws.ConfigClusterResolver      : Resolving eureka endpoints via configuration
2026-08-28T23:54:27.099+05:30  INFO 44812 --- [bmp-user-service] [rap-executor-%d] c.n.d.s.r.aws.ConfigClusterResolver      : Resolving eureka endpoints via configuration
2026-08-28T23:59:27.115+05:30  INFO 44812 --- [bmp-user-service] [rap-executor-%d] c.n.d.s.r.aws.ConfigClusterResolver      : Resolving eureka endpoints via configuration
2026-08-29T00:04:27.127+05:30  INFO 44812 --- [bmp-user-service] [rap-executor-%d] c.n.d.s.r.aws.ConfigClusterResolver      : Resolving eureka endpoints via configuration
2026-08-29T00:09:27.143+05:30  INFO 44812 --- [bmp-user-service] [rap-executor-%d] c.n.d.s.r.aws.ConfigClusterResolver      : Resolving eureka endpoints via configuration
2026-08-29T00:14:27.196+05:30  INFO 44812 --- [bmp-user-service] [rap-executor-%d] c.n.d.s.r.aws.ConfigClusterResolver      : Resolving eureka endpoints via configuration
2026-08-29T00:19:27.198+05:30  INFO 44812 --- [bmp-user-service] [rap-executor-%d] c.n.d.s.r.aws.ConfigClusterResolver      : Resolving eureka endpoints via configuration
2026-08-29T00:24:27.202+05:30  INFO 44812 --- [bmp-user-service] [rap-executor-%d] c.n.d.s.r.aws.ConfigClusterResolver      : Resolving eureka endpoints via configuration
2026-08-29T00:29:27.206+05:30  INFO 44812 --- [bmp-user-service] [rap-executor-%d] c.n.d.s.r.aws.ConfigClusterResolver      : Resolving eureka endpoints via configuration
2026-08-29T00:34:27.219+05:30  INFO 44812 --- [bmp-user-service] [rap-executor-%d] c.n.d.s.r.aws.ConfigClusterResolver      : Resolving eureka endpoints via configuration
2026-08-29T00:39:27.226+05:30  INFO 44812 --- [bmp-user-service] [rap-executor-%d] c.n.d.s.r.aws.ConfigClusterResolver      : Resolving eureka endpoints via configuration
2026-08-29T03:40:14.660+05:30  INFO 44812 --- [bmp-user-service] [e4-4217e9e9694b] org.apache.kafka.clients.NetworkClient   : [Consumer clientId=consumer-anonymous.a8f27670-05d5-4cea-bde4-4217e9e9694b-2, groupId=anonymous.a8f27670-05d5-4cea-bde4-4217e9e9694b] Disconnecting from node 1 due to request timeout.
2026-08-29T03:40:17.184+05:30  INFO 44812 --- [bmp-user-service] [e4-4217e9e9694b] org.apache.kafka.clients.NetworkClient   : [Consumer clientId=consumer-anonymous.a8f27670-05d5-4cea-bde4-4217e9e9694b-2, groupId=anonymous.a8f27670-05d5-4cea-bde4-4217e9e9694b] Cancelled in-flight FETCH request with correlation id 17474 due to node 1 being disconnected (elapsed time since creation: 10802290ms, elapsed time since send: 10802290ms, throttle time: 0ms, request timeout: 30000ms)
2026-08-29T03:40:17.206+05:30  INFO 44812 --- [bmp-user-service] [e4-4217e9e9694b] org.apache.kafka.clients.NetworkClient   : [Consumer clientId=consumer-anonymous.a8f27670-05d5-4cea-bde4-4217e9e9694b-2, groupId=anonymous.a8f27670-05d5-4cea-bde4-4217e9e9694b] Disconnecting from node 2147483646 due to request timeout.
2026-08-29T03:40:17.206+05:30  INFO 44812 --- [bmp-user-service] [e4-4217e9e9694b] org.apache.kafka.clients.NetworkClient   : [Consumer clientId=consumer-anonymous.a8f27670-05d5-4cea-bde4-4217e9e9694b-2, groupId=anonymous.a8f27670-05d5-4cea-bde4-4217e9e9694b] Cancelled in-flight HEARTBEAT request with correlation id 17475 due to node 2147483646 being disconnected (elapsed time since creation: 10799281ms, elapsed time since send: 10799281ms, throttle time: 0ms, request timeout: 30000ms)
2026-08-29T03:40:17.206+05:30  INFO 44812 --- [bmp-user-service] [e4-4217e9e9694b] org.apache.kafka.clients.NetworkClient   : [Consumer clientId=consumer-anonymous.a8f27670-05d5-4cea-bde4-4217e9e9694b-2, groupId=anonymous.a8f27670-05d5-4cea-bde4-4217e9e9694b] Cancelled in-flight HEARTBEAT request with correlation id 17476 due to node 2147483646 being disconnected (elapsed time since creation: 10796273ms, elapsed time since send: 10796273ms, throttle time: 0ms, request timeout: 30000ms)
2026-08-29T03:40:17.206+05:30  INFO 44812 --- [bmp-user-service] [e4-4217e9e9694b] org.apache.kafka.clients.NetworkClient   : [Consumer clientId=consumer-anonymous.a8f27670-05d5-4cea-bde4-4217e9e9694b-2, groupId=anonymous.a8f27670-05d5-4cea-bde4-4217e9e9694b] Cancelled in-flight HEARTBEAT request with correlation id 17477 due to node 2147483646 being disconnected (elapsed time since creation: 10793260ms, elapsed time since send: 10793260ms, throttle time: 0ms, request timeout: 30000ms)
2026-08-29T03:40:17.206+05:30  INFO 44812 --- [bmp-user-service] [e4-4217e9e9694b] org.apache.kafka.clients.NetworkClient   : [Consumer clientId=consumer-anonymous.a8f27670-05d5-4cea-bde4-4217e9e9694b-2, groupId=anonymous.a8f27670-05d5-4cea-bde4-4217e9e9694b] Cancelled in-flight HEARTBEAT request with correlation id 17478 due to node 2147483646 being disconnected (elapsed time since creation: 10790260ms, elapsed time since send: 10790260ms, throttle time: 0ms, request timeout: 30000ms)
2026-08-29T03:40:17.255+05:30  WARN 44812 --- [bmp-user-service] [l-1 housekeeper] com.zaxxer.hikari.pool.HikariPool        : HikariPool-1 - Thread starvation or clock leap detected (housekeeper delta=3h18s922ms570µs900ns).
2026-08-29T11:13:25.130+05:30  INFO 44812 --- [bmp-user-service] [binder-health-1] org.apache.kafka.clients.NetworkClient   : [Consumer clientId=consumer-null-4, groupId=null] Node 1 disconnected.
2026-08-29T11:13:25.131+05:30  INFO 44812 --- [bmp-user-service] [pool-2-thread-1] org.apache.kafka.clients.NetworkClient   : [Consumer clientId=consumer-anonymous.a8f27670-05d5-4cea-bde4-4217e9e9694b-3, groupId=anonymous.a8f27670-05d5-4cea-bde4-4217e9e9694b] Node 2147483646 disconnected.
2026-08-29T11:13:25.132+05:30  INFO 44812 --- [bmp-user-service] [binder-health-1] org.apache.kafka.clients.NetworkClient   : [Consumer clientId=consumer-null-4, groupId=null] Cancelled in-flight METADATA request with correlation id 426 due to node 1 being disconnected (elapsed time since creation: 27187405ms, elapsed time since send: 27187405ms, throttle time: 0ms, request timeout: 30000ms)
2026-08-29T11:13:25.298+05:30  INFO 44812 --- [bmp-user-service] [binder-health-1] org.apache.kafka.clients.NetworkClient   : [Consumer clientId=consumer-null-4, groupId=null] Cancelled in-flight METADATA request with correlation id 425 due to node 1 being disconnected (elapsed time since creation: 27187405ms, elapsed time since send: 27187405ms, throttle time: 0ms, request timeout: 30000ms)
2026-08-29T11:13:35.488+05:30  WARN 44812 --- [bmp-user-service] [nio-8082-exec-6] o.s.b.a.health.HealthEndpointSupport     : Health contributor org.springframework.cloud.stream.binder.kafka.KafkaBinderHealthIndicator (binders/kafka) took 27190643ms to respond
2026-08-29T03:40:17.396+05:30  INFO 44812 --- [bmp-user-service] [e4-4217e9e9694b] o.a.kafka.clients.FetchSessionHandler    : [Consumer clientId=consumer-anonymous.a8f27670-05d5-4cea-bde4-4217e9e9694b-2, groupId=anonymous.a8f27670-05d5-4cea-bde4-4217e9e9694b] Error sending fetch request (sessionId=118812670, epoch=14904) to node 1:

org.apache.kafka.common.errors.DisconnectException: null

2026-08-29T11:13:37.078+05:30  INFO 44812 --- [bmp-user-service] [e4-4217e9e9694b] o.a.k.c.c.internals.ConsumerCoordinator  : [Consumer clientId=consumer-anonymous.a8f27670-05d5-4cea-bde4-4217e9e9694b-2, groupId=anonymous.a8f27670-05d5-4cea-bde4-4217e9e9694b] Group coordinator localhost:9092 (id: 2147483646 rack: null) is unavailable or invalid due to cause: null. isDisconnected: true. Rediscovery will be attempted.
2026-08-29T11:13:40.266+05:30  INFO 44812 --- [bmp-user-service] [container-0-C-1] o.a.k.c.c.internals.ConsumerCoordinator  : [Consumer clientId=consumer-anonymous.a8f27670-05d5-4cea-bde4-4217e9e9694b-2, groupId=anonymous.a8f27670-05d5-4cea-bde4-4217e9e9694b] Discovered group coordinator localhost:9092 (id: 2147483646 rack: null)
2026-08-29T11:13:50.311+05:30  WARN 44812 --- [bmp-user-service] [l-1 housekeeper] com.zaxxer.hikari.pool.HikariPool        : HikariPool-1 - Thread starvation or clock leap detected (housekeeper delta=7h33m38s596ms204µs300ns).
2026-08-29T11:17:18.955+05:30  INFO 44812 --- [bmp-user-service] [rap-executor-%d] c.n.d.s.r.aws.ConfigClusterResolver      : Resolving eureka endpoints via configuration
2026-08-29T11:22:18.973+05:30  INFO 44812 --- [bmp-user-service] [rap-executor-%d] c.n.d.s.r.aws.ConfigClusterResolver      : Resolving eureka endpoints via configuration
2026-08-29T11:27:18.985+05:30  INFO 44812 --- [bmp-user-service] [rap-executor-%d] c.n.d.s.r.aws.ConfigClusterResolver      : Resolving eureka endpoints via configuration
2026-08-29T11:32:19.000+05:30  INFO 44812 --- [bmp-user-service] [rap-executor-%d] c.n.d.s.r.aws.ConfigClusterResolver      : Resolving eureka endpoints via configuration
2026-08-29T11:58:08.954+05:30  INFO 44812 --- [bmp-user-service] [pool-2-thread-1] org.apache.kafka.clients.NetworkClient   : [Consumer clientId=consumer-anonymous.a8f27670-05d5-4cea-bde4-4217e9e9694b-3, groupId=anonymous.a8f27670-05d5-4cea-bde4-4217e9e9694b] Node 2147483646 disconnected.
2026-08-29T11:58:09.013+05:30  INFO 44812 --- [bmp-user-service] [container-0-C-1] org.apache.kafka.clients.NetworkClient   : [Consumer clientId=consumer-anonymous.a8f27670-05d5-4cea-bde4-4217e9e9694b-2, groupId=anonymous.a8f27670-05d5-4cea-bde4-4217e9e9694b] Node 1 disconnected.
2026-08-29T11:58:09.035+05:30  INFO 44812 --- [bmp-user-service] [container-0-C-1] org.apache.kafka.clients.NetworkClient   : [Consumer clientId=consumer-anonymous.a8f27670-05d5-4cea-bde4-4217e9e9694b-2, groupId=anonymous.a8f27670-05d5-4cea-bde4-4217e9e9694b] Cancelled in-flight FETCH request with correlation id 20634 due to node 1 being disconnected (elapsed time since creation: 1307162ms, elapsed time since send: 1307162ms, throttle time: 0ms, request timeout: 30000ms)
2026-08-29T11:58:09.045+05:30  INFO 44812 --- [bmp-user-service] [container-0-C-1] org.apache.kafka.clients.NetworkClient   : [Consumer clientId=consumer-anonymous.a8f27670-05d5-4cea-bde4-4217e9e9694b-2, groupId=anonymous.a8f27670-05d5-4cea-bde4-4217e9e9694b] Disconnecting from node 2147483646 due to request timeout.
2026-08-29T11:58:09.034+05:30  INFO 44812 --- [bmp-user-service] [pool-2-thread-1] org.apache.kafka.clients.NetworkClient   : [Consumer clientId=consumer-anonymous.a8f27670-05d5-4cea-bde4-4217e9e9694b-3, groupId=anonymous.a8f27670-05d5-4cea-bde4-4217e9e9694b] Disconnecting from node 1 due to request timeout.
2026-08-29T11:58:09.093+05:30  INFO 44812 --- [bmp-user-service] [pool-2-thread-1] org.apache.kafka.clients.NetworkClient   : [Consumer clientId=consumer-anonymous.a8f27670-05d5-4cea-bde4-4217e9e9694b-3, groupId=anonymous.a8f27670-05d5-4cea-bde4-4217e9e9694b] Cancelled in-flight LIST_OFFSETS request with correlation id 518 due to node 1 being disconnected (elapsed time since creation: 1300039ms, elapsed time since send: 1300039ms, throttle time: 0ms, request timeout: 30000ms)
2026-08-29T11:58:09.096+05:30  INFO 44812 --- [bmp-user-service] [container-0-C-1] org.apache.kafka.clients.NetworkClient   : [Consumer clientId=consumer-anonymous.a8f27670-05d5-4cea-bde4-4217e9e9694b-2, groupId=anonymous.a8f27670-05d5-4cea-bde4-4217e9e9694b] Cancelled in-flight HEARTBEAT request with correlation id 20635 due to node 2147483646 being disconnected (elapsed time since creation: 1305810ms, elapsed time since send: 1305810ms, throttle time: 0ms, request timeout: 30000ms)
2026-08-29T11:58:09.096+05:30  INFO 44812 --- [bmp-user-service] [container-0-C-1] org.apache.kafka.clients.NetworkClient   : [Consumer clientId=consumer-anonymous.a8f27670-05d5-4cea-bde4-4217e9e9694b-2, groupId=anonymous.a8f27670-05d5-4cea-bde4-4217e9e9694b] Cancelled in-flight HEARTBEAT request with correlation id 20636 due to node 2147483646 being disconnected (elapsed time since creation: 1302798ms, elapsed time since send: 1302798ms, throttle time: 0ms, request timeout: 30000ms)
2026-08-29T11:58:09.098+05:30  INFO 44812 --- [bmp-user-service] [container-0-C-1] org.apache.kafka.clients.NetworkClient   : [Consumer clientId=consumer-anonymous.a8f27670-05d5-4cea-bde4-4217e9e9694b-2, groupId=anonymous.a8f27670-05d5-4cea-bde4-4217e9e9694b] Cancelled in-flight HEARTBEAT request with correlation id 20637 due to node 2147483646 being disconnected (elapsed time since creation: 1299785ms, elapsed time since send: 1299785ms, throttle time: 0ms, request timeout: 30000ms)
2026-08-29T11:58:09.098+05:30  INFO 44812 --- [bmp-user-service] [container-0-C-1] org.apache.kafka.clients.NetworkClient   : [Consumer clientId=consumer-anonymous.a8f27670-05d5-4cea-bde4-4217e9e9694b-2, groupId=anonymous.a8f27670-05d5-4cea-bde4-4217e9e9694b] Cancelled in-flight HEARTBEAT request with correlation id 20638 due to node 2147483646 being disconnected (elapsed time since creation: 1296777ms, elapsed time since send: 1296777ms, throttle time: 0ms, request timeout: 30000ms)
2026-08-29T11:58:09.103+05:30  INFO 44812 --- [bmp-user-service] [e4-4217e9e9694b] o.a.k.c.c.internals.ConsumerCoordinator  : [Consumer clientId=consumer-anonymous.a8f27670-05d5-4cea-bde4-4217e9e9694b-2, groupId=anonymous.a8f27670-05d5-4cea-bde4-4217e9e9694b] Group coordinator localhost:9092 (id: 2147483646 rack: null) is unavailable or invalid due to cause: null. isDisconnected: true. Rediscovery will be attempted.
2026-08-29T11:58:09.102+05:30  INFO 44812 --- [bmp-user-service] [container-0-C-1] o.a.kafka.clients.FetchSessionHandler    : [Consumer clientId=consumer-anonymous.a8f27670-05d5-4cea-bde4-4217e9e9694b-2, groupId=anonymous.a8f27670-05d5-4cea-bde4-4217e9e9694b] Error sending fetch request (sessionId=1940665129, epoch=2688) to node 1:

org.apache.kafka.common.errors.DisconnectException: null

2026-08-29T11:58:11.100+05:30  INFO 44812 --- [bmp-user-service] [container-0-C-1] o.a.k.c.c.internals.ConsumerCoordinator  : [Consumer clientId=consumer-anonymous.a8f27670-05d5-4cea-bde4-4217e9e9694b-2, groupId=anonymous.a8f27670-05d5-4cea-bde4-4217e9e9694b] Discovered group coordinator localhost:9092 (id: 2147483646 rack: null)
2026-08-29T11:58:11.112+05:30  INFO 44812 --- [bmp-user-service] [container-0-C-1] o.a.k.c.c.internals.ConsumerCoordinator  : [Consumer clientId=consumer-anonymous.a8f27670-05d5-4cea-bde4-4217e9e9694b-2, groupId=anonymous.a8f27670-05d5-4cea-bde4-4217e9e9694b] Discovered group coordinator localhost:9092 (id: 2147483646 rack: null)
2026-08-29T11:58:23.807+05:30  WARN 44812 --- [bmp-user-service] [l-1 housekeeper] com.zaxxer.hikari.pool.HikariPool        : HikariPool-1 - Thread starvation or clock leap detected (housekeeper delta=22m3s303ms196µs200ns).
2026-08-29T11:58:52.175+05:30  INFO 44812 --- [bmp-user-service] [rap-executor-%d] c.n.d.s.r.aws.ConfigClusterResolver      : Resolving eureka endpoints via configuration
2026-08-29T11:59:09.315+05:30  INFO 44812 --- [bmp-user-service] [pool-2-thread-1] org.apache.kafka.clients.NetworkClient   : [Consumer clientId=consumer-anonymous.a8f27670-05d5-4cea-bde4-4217e9e9694b-3, groupId=anonymous.a8f27670-05d5-4cea-bde4-4217e9e9694b] Disconnecting from node 1 due to request timeout.
2026-08-29T11:59:09.315+05:30  INFO 44812 --- [bmp-user-service] [pool-2-thread-1] org.apache.kafka.clients.NetworkClient   : [Consumer clientId=consumer-anonymous.a8f27670-05d5-4cea-bde4-4217e9e9694b-3, groupId=anonymous.a8f27670-05d5-4cea-bde4-4217e9e9694b] Cancelled in-flight API_VERSIONS request with correlation id 519 due to node 1 being disconnected (elapsed time since creation: 60107ms, elapsed time since send: 60107ms, throttle time: 0ms, request timeout: 30000ms)
2026-08-29T12:03:52.184+05:30  INFO 44812 --- [bmp-user-service] [rap-executor-%d] c.n.d.s.r.aws.ConfigClusterResolver      : Resolving eureka endpoints via configuration
2026-08-29T12:08:52.196+05:30  INFO 44812 --- [bmp-user-service] [rap-executor-%d] c.n.d.s.r.aws.ConfigClusterResolver      : Resolving eureka endpoints via configuration
2026-08-29T12:13:52.205+05:30  INFO 44812 --- [bmp-user-service] [rap-executor-%d] c.n.d.s.r.aws.ConfigClusterResolver      : Resolving eureka endpoints via configuration
2026-08-29T12:18:52.214+05:30  INFO 44812 --- [bmp-user-service] [rap-executor-%d] c.n.d.s.r.aws.ConfigClusterResolver      : Resolving eureka endpoints via configuration
2026-08-29T12:23:52.218+05:30  INFO 44812 --- [bmp-user-service] [rap-executor-%d] c.n.d.s.r.aws.ConfigClusterResolver      : Resolving eureka endpoints via configuration
2026-08-29T12:28:52.232+05:30  INFO 44812 --- [bmp-user-service] [rap-executor-%d] c.n.d.s.r.aws.ConfigClusterResolver      : Resolving eureka endpoints via configuration
2026-08-29T12:33:52.260+05:30  INFO 44812 --- [bmp-user-service] [rap-executor-%d] c.n.d.s.r.aws.ConfigClusterResolver      : Resolving eureka endpoints via configuration
2026-08-29T12:38:52.264+05:30  INFO 44812 --- [bmp-user-service] [rap-executor-%d] c.n.d.s.r.aws.ConfigClusterResolver      : Resolving eureka endpoints via configuration
2026-08-29T12:43:52.277+05:30  INFO 44812 --- [bmp-user-service] [rap-executor-%d] c.n.d.s.r.aws.ConfigClusterResolver      : Resolving eureka endpoints via configuration
2026-08-29T12:48:52.287+05:30  INFO 44812 --- [bmp-user-service] [rap-executor-%d] c.n.d.s.r.aws.ConfigClusterResolver      : Resolving eureka endpoints via configuration
2026-08-29T12:53:52.298+05:30  INFO 44812 --- [bmp-user-service] [rap-executor-%d] c.n.d.s.r.aws.ConfigClusterResolver      : Resolving eureka endpoints via configuration
2026-08-29T12:58:52.313+05:30  INFO 44812 --- [bmp-user-service] [rap-executor-%d] c.n.d.s.r.aws.ConfigClusterResolver      : Resolving eureka endpoints via configuration
2026-08-29T14:26:53.596+05:30  INFO 44812 --- [bmp-user-service] [e4-4217e9e9694b] org.apache.kafka.clients.NetworkClient   : [Consumer clientId=consumer-anonymous.a8f27670-05d5-4cea-bde4-4217e9e9694b-2, groupId=anonymous.a8f27670-05d5-4cea-bde4-4217e9e9694b] Node 1 disconnected.
2026-08-29T14:26:53.598+05:30  INFO 44812 --- [bmp-user-service] [e4-4217e9e9694b] org.apache.kafka.clients.NetworkClient   : [Consumer clientId=consumer-anonymous.a8f27670-05d5-4cea-bde4-4217e9e9694b-2, groupId=anonymous.a8f27670-05d5-4cea-bde4-4217e9e9694b] Cancelled in-flight FETCH request with correlation id 29427 due to node 1 being disconnected (elapsed time since creation: 5101115ms, elapsed time since send: 5101115ms, throttle time: 0ms, request timeout: 30000ms)
2026-08-29T14:26:53.599+05:30  INFO 44812 --- [bmp-user-service] [e4-4217e9e9694b] org.apache.kafka.clients.NetworkClient   : [Consumer clientId=consumer-anonymous.a8f27670-05d5-4cea-bde4-4217e9e9694b-2, groupId=anonymous.a8f27670-05d5-4cea-bde4-4217e9e9694b] Cancelled in-flight METADATA request with correlation id 29433 due to node 1 being disconnected (elapsed time since creation: 1050ms, elapsed time since send: 1050ms, throttle time: 0ms, request timeout: 30000ms)
2026-08-29T14:26:53.599+05:30  INFO 44812 --- [bmp-user-service] [e4-4217e9e9694b] org.apache.kafka.clients.NetworkClient   : [Consumer clientId=consumer-anonymous.a8f27670-05d5-4cea-bde4-4217e9e9694b-2, groupId=anonymous.a8f27670-05d5-4cea-bde4-4217e9e9694b] Disconnecting from node 2147483646 due to request timeout.
2026-08-29T14:26:53.601+05:30  INFO 44812 --- [bmp-user-service] [e4-4217e9e9694b] org.apache.kafka.clients.NetworkClient   : [Consumer clientId=consumer-anonymous.a8f27670-05d5-4cea-bde4-4217e9e9694b-2, groupId=anonymous.a8f27670-05d5-4cea-bde4-4217e9e9694b] Cancelled in-flight HEARTBEAT request with correlation id 29428 due to node 2147483646 being disconnected (elapsed time since creation: 5100416ms, elapsed time since send: 5100416ms, throttle time: 0ms, request timeout: 30000ms)
2026-08-29T14:26:53.601+05:30  INFO 44812 --- [bmp-user-service] [e4-4217e9e9694b] org.apache.kafka.clients.NetworkClient   : [Consumer clientId=consumer-anonymous.a8f27670-05d5-4cea-bde4-4217e9e9694b-2, groupId=anonymous.a8f27670-05d5-4cea-bde4-4217e9e9694b] Cancelled in-flight HEARTBEAT request with correlation id 29429 due to node 2147483646 being disconnected (elapsed time since creation: 5097416ms, elapsed time since send: 5097416ms, throttle time: 0ms, request timeout: 30000ms)
2026-08-29T14:26:53.601+05:30  INFO 44812 --- [bmp-user-service] [e4-4217e9e9694b] org.apache.kafka.clients.NetworkClient   : [Consumer clientId=consumer-anonymous.a8f27670-05d5-4cea-bde4-4217e9e9694b-2, groupId=anonymous.a8f27670-05d5-4cea-bde4-4217e9e9694b] Cancelled in-flight HEARTBEAT request with correlation id 29430 due to node 2147483646 being disconnected (elapsed time since creation: 5094406ms, elapsed time since send: 5094406ms, throttle time: 0ms, request timeout: 30000ms)
2026-08-29T14:26:53.602+05:30  INFO 44812 --- [bmp-user-service] [e4-4217e9e9694b] org.apache.kafka.clients.NetworkClient   : [Consumer clientId=consumer-anonymous.a8f27670-05d5-4cea-bde4-4217e9e9694b-2, groupId=anonymous.a8f27670-05d5-4cea-bde4-4217e9e9694b] Cancelled in-flight HEARTBEAT request with correlation id 29431 due to node 2147483646 being disconnected (elapsed time since creation: 5091396ms, elapsed time since send: 5091395ms, throttle time: 0ms, request timeout: 30000ms)
2026-08-29T14:26:53.602+05:30  INFO 44812 --- [bmp-user-service] [e4-4217e9e9694b] org.apache.kafka.clients.NetworkClient   : [Consumer clientId=consumer-anonymous.a8f27670-05d5-4cea-bde4-4217e9e9694b-2, groupId=anonymous.a8f27670-05d5-4cea-bde4-4217e9e9694b] Cancelled in-flight HEARTBEAT request with correlation id 29432 due to node 2147483646 being disconnected (elapsed time since creation: 5088382ms, elapsed time since send: 5088381ms, throttle time: 0ms, request timeout: 30000ms)
2026-08-29T14:26:53.603+05:30  INFO 44812 --- [bmp-user-service] [e4-4217e9e9694b] o.a.kafka.clients.FetchSessionHandler    : [Consumer clientId=consumer-anonymous.a8f27670-05d5-4cea-bde4-4217e9e9694b-2, groupId=anonymous.a8f27670-05d5-4cea-bde4-4217e9e9694b] Error sending fetch request (sessionId=1587396580, epoch=7488) to node 1:

org.apache.kafka.common.errors.DisconnectException: null

2026-08-29T14:26:53.620+05:30  INFO 44812 --- [bmp-user-service] [e4-4217e9e9694b] o.a.k.c.c.internals.ConsumerCoordinator  : [Consumer clientId=consumer-anonymous.a8f27670-05d5-4cea-bde4-4217e9e9694b-2, groupId=anonymous.a8f27670-05d5-4cea-bde4-4217e9e9694b] Group coordinator localhost:9092 (id: 2147483646 rack: null) is unavailable or invalid due to cause: null. isDisconnected: true. Rediscovery will be attempted.
2026-08-29T14:26:53.870+05:30  INFO 44812 --- [bmp-user-service] [binder-health-1] org.apache.kafka.clients.NetworkClient   : [Consumer clientId=consumer-null-4, groupId=null] Node 1 disconnected.
2026-08-29T14:26:53.874+05:30  INFO 44812 --- [bmp-user-service] [binder-health-1] org.apache.kafka.clients.NetworkClient   : [Consumer clientId=consumer-null-4, groupId=null] Cancelled in-flight METADATA request with correlation id 726 due to node 1 being disconnected (elapsed time since creation: 5090363ms, elapsed time since send: 5090363ms, throttle time: 0ms, request timeout: 30000ms)
2026-08-29T14:26:54.068+05:30  WARN 44812 --- [bmp-user-service] [nio-8082-exec-4] o.s.b.a.health.HealthEndpointSupport     : Health contributor org.springframework.cloud.stream.binder.kafka.KafkaBinderHealthIndicator (binders/kafka) took 5090558ms to respond
2026-08-29T14:26:58.710+05:30  INFO 44812 --- [bmp-user-service] [pool-2-thread-1] org.apache.kafka.clients.NetworkClient   : [Consumer clientId=consumer-anonymous.a8f27670-05d5-4cea-bde4-4217e9e9694b-3, groupId=anonymous.a8f27670-05d5-4cea-bde4-4217e9e9694b] Node 2147483646 disconnected.
2026-08-29T14:26:59.156+05:30  INFO 44812 --- [bmp-user-service] [container-0-C-1] o.a.k.c.c.internals.ConsumerCoordinator  : [Consumer clientId=consumer-anonymous.a8f27670-05d5-4cea-bde4-4217e9e9694b-2, groupId=anonymous.a8f27670-05d5-4cea-bde4-4217e9e9694b] Discovered group coordinator localhost:9092 (id: 2147483646 rack: null)
2026-08-29T14:27:12.098+05:30  WARN 44812 --- [bmp-user-service] [l-1 housekeeper] com.zaxxer.hikari.pool.HikariPool        : HikariPool-1 - Thread starvation or clock leap detected (housekeeper delta=1h25m17s41ms423µs800ns).
2026-08-29T14:28:39.208+05:30  INFO 44812 --- [bmp-user-service] [rap-executor-%d] c.n.d.s.r.aws.ConfigClusterResolver      : Resolving eureka endpoints via configuration
2026-08-29T14:33:39.234+05:30  INFO 44812 --- [bmp-user-service] [rap-executor-%d] c.n.d.s.r.aws.ConfigClusterResolver      : Resolving eureka endpoints via configuration
2026-08-29T14:38:39.282+05:30  INFO 44812 --- [bmp-user-service] [rap-executor-%d] c.n.d.s.r.aws.ConfigClusterResolver      : Resolving eureka endpoints via configuration
2026-08-29T14:43:39.297+05:30  INFO 44812 --- [bmp-user-service] [rap-executor-%d] c.n.d.s.r.aws.ConfigClusterResolver      : Resolving eureka endpoints via configuration
2026-08-29T14:48:39.302+05:30  INFO 44812 --- [bmp-user-service] [rap-executor-%d] c.n.d.s.r.aws.ConfigClusterResolver      : Resolving eureka endpoints via configuration
2026-08-29T14:53:39.308+05:30  INFO 44812 --- [bmp-user-service] [rap-executor-%d] c.n.d.s.r.aws.ConfigClusterResolver      : Resolving eureka endpoints via configuration
2026-08-29T14:58:39.319+05:30  INFO 44812 --- [bmp-user-service] [rap-executor-%d] c.n.d.s.r.aws.ConfigClusterResolver      : Resolving eureka endpoints via configuration
2026-08-29T15:03:39.334+05:30  INFO 44812 --- [bmp-user-service] [rap-executor-%d] c.n.d.s.r.aws.ConfigClusterResolver      : Resolving eureka endpoints via configuration
2026-08-29T15:08:39.339+05:30  INFO 44812 --- [bmp-user-service] [rap-executor-%d] c.n.d.s.r.aws.ConfigClusterResolver      : Resolving eureka endpoints via configuration
2026-08-29T15:13:39.343+05:30  INFO 44812 --- [bmp-user-service] [rap-executor-%d] c.n.d.s.r.aws.ConfigClusterResolver      : Resolving eureka endpoints via configuration
2026-08-29T15:18:39.358+05:30  INFO 44812 --- [bmp-user-service] [rap-executor-%d] c.n.d.s.r.aws.ConfigClusterResolver      : Resolving eureka endpoints via configuration
2026-08-29T15:23:39.374+05:30  INFO 44812 --- [bmp-user-service] [rap-executor-%d] c.n.d.s.r.aws.ConfigClusterResolver      : Resolving eureka endpoints via configuration
2026-08-29T15:28:39.389+05:30  INFO 44812 --- [bmp-user-service] [rap-executor-%d] c.n.d.s.r.aws.ConfigClusterResolver      : Resolving eureka endpoints via configuration
2026-08-29T15:33:39.398+05:30  INFO 44812 --- [bmp-user-service] [rap-executor-%d] c.n.d.s.r.aws.ConfigClusterResolver      : Resolving eureka endpoints via configuration
2026-08-29T15:38:39.408+05:30  INFO 44812 --- [bmp-user-service] [rap-executor-%d] c.n.d.s.r.aws.ConfigClusterResolver      : Resolving eureka endpoints via configuration
2026-08-29T16:37:27.236+05:30  INFO 44812 --- [bmp-user-service] [container-0-C-1] org.apache.kafka.clients.NetworkClient   : [Consumer clientId=consumer-anonymous.a8f27670-05d5-4cea-bde4-4217e9e9694b-2, groupId=anonymous.a8f27670-05d5-4cea-bde4-4217e9e9694b] Node 1 disconnected.
2026-08-29T16:37:27.236+05:30  INFO 44812 --- [bmp-user-service] [binder-health-1] org.apache.kafka.clients.NetworkClient   : [Consumer clientId=consumer-null-4, groupId=null] Node 1 disconnected.
2026-08-29T16:37:27.242+05:30  INFO 44812 --- [bmp-user-service] [container-0-C-1] org.apache.kafka.clients.NetworkClient   : [Consumer clientId=consumer-anonymous.a8f27670-05d5-4cea-bde4-4217e9e9694b-2, groupId=anonymous.a8f27670-05d5-4cea-bde4-4217e9e9694b] Cancelled in-flight FETCH request with correlation id 39744 due to node 1 being disconnected (elapsed time since creation: 3364433ms, elapsed time since send: 3364433ms, throttle time: 0ms, request timeout: 30000ms)
2026-08-29T16:37:27.242+05:30  INFO 44812 --- [bmp-user-service] [binder-health-1] org.apache.kafka.clients.NetworkClient   : [Consumer clientId=consumer-null-4, groupId=null] Cancelled in-flight METADATA request with correlation id 981 due to node 1 being disconnected (elapsed time since creation: 3359733ms, elapsed time since send: 3359733ms, throttle time: 0ms, request timeout: 30000ms)
2026-08-29T16:37:27.243+05:30  INFO 44812 --- [bmp-user-service] [container-0-C-1] org.apache.kafka.clients.NetworkClient   : [Consumer clientId=consumer-anonymous.a8f27670-05d5-4cea-bde4-4217e9e9694b-2, groupId=anonymous.a8f27670-05d5-4cea-bde4-4217e9e9694b] Disconnecting from node 2147483646 due to request timeout.
2026-08-29T16:37:27.244+05:30  INFO 44812 --- [bmp-user-service] [container-0-C-1] org.apache.kafka.clients.NetworkClient   : [Consumer clientId=consumer-anonymous.a8f27670-05d5-4cea-bde4-4217e9e9694b-2, groupId=anonymous.a8f27670-05d5-4cea-bde4-4217e9e9694b] Cancelled in-flight HEARTBEAT request with correlation id 39745 due to node 2147483646 being disconnected (elapsed time since creation: 3362732ms, elapsed time since send: 3362731ms, throttle time: 0ms, request timeout: 30000ms)
2026-08-29T16:37:27.244+05:30  INFO 44812 --- [bmp-user-service] [container-0-C-1] org.apache.kafka.clients.NetworkClient   : [Consumer clientId=consumer-anonymous.a8f27670-05d5-4cea-bde4-4217e9e9694b-2, groupId=anonymous.a8f27670-05d5-4cea-bde4-4217e9e9694b] Cancelled in-flight HEARTBEAT request with correlation id 39746 due to node 2147483646 being disconnected (elapsed time since creation: 3359724ms, elapsed time since send: 3359724ms, throttle time: 0ms, request timeout: 30000ms)
2026-08-29T16:37:27.244+05:30  INFO 44812 --- [bmp-user-service] [container-0-C-1] org.apache.kafka.clients.NetworkClient   : [Consumer clientId=consumer-anonymous.a8f27670-05d5-4cea-bde4-4217e9e9694b-2, groupId=anonymous.a8f27670-05d5-4cea-bde4-4217e9e9694b] Cancelled in-flight HEARTBEAT request with correlation id 39747 due to node 2147483646 being disconnected (elapsed time since creation: 3356723ms, elapsed time since send: 3356723ms, throttle time: 0ms, request timeout: 30000ms)
2026-08-29T16:37:27.244+05:30  INFO 44812 --- [bmp-user-service] [container-0-C-1] org.apache.kafka.clients.NetworkClient   : [Consumer clientId=consumer-anonymous.a8f27670-05d5-4cea-bde4-4217e9e9694b-2, groupId=anonymous.a8f27670-05d5-4cea-bde4-4217e9e9694b] Cancelled in-flight HEARTBEAT request with correlation id 39748 due to node 2147483646 being disconnected (elapsed time since creation: 3353718ms, elapsed time since send: 3353718ms, throttle time: 0ms, request timeout: 30000ms)
2026-08-29T16:37:27.249+05:30  INFO 44812 --- [bmp-user-service] [e4-4217e9e9694b] o.a.k.c.c.internals.ConsumerCoordinator  : [Consumer clientId=consumer-anonymous.a8f27670-05d5-4cea-bde4-4217e9e9694b-2, groupId=anonymous.a8f27670-05d5-4cea-bde4-4217e9e9694b] Group coordinator localhost:9092 (id: 2147483646 rack: null) is unavailable or invalid due to cause: null. isDisconnected: true. Rediscovery will be attempted.
2026-08-29T16:37:27.414+05:30  WARN 44812 --- [bmp-user-service] [io-8082-exec-10] o.s.b.a.health.HealthEndpointSupport     : Health contributor org.springframework.cloud.stream.binder.kafka.KafkaBinderHealthIndicator (binders/kafka) took 3359822ms to respond
2026-08-29T16:37:27.245+05:30  INFO 44812 --- [bmp-user-service] [container-0-C-1] o.a.kafka.clients.FetchSessionHandler    : [Consumer clientId=consumer-anonymous.a8f27670-05d5-4cea-bde4-4217e9e9694b-2, groupId=anonymous.a8f27670-05d5-4cea-bde4-4217e9e9694b] Error sending fetch request (sessionId=260001414, epoch=8792) to node 1:

org.apache.kafka.common.errors.DisconnectException: null

2026-08-29T16:37:29.604+05:30  INFO 44812 --- [bmp-user-service] [container-0-C-1] o.a.k.c.c.internals.ConsumerCoordinator  : [Consumer clientId=consumer-anonymous.a8f27670-05d5-4cea-bde4-4217e9e9694b-2, groupId=anonymous.a8f27670-05d5-4cea-bde4-4217e9e9694b] Discovered group coordinator localhost:9092 (id: 2147483646 rack: null)
2026-08-29T16:37:29.748+05:30  INFO 44812 --- [bmp-user-service] [container-0-C-1] o.a.k.c.c.internals.ConsumerCoordinator  : [Consumer clientId=consumer-anonymous.a8f27670-05d5-4cea-bde4-4217e9e9694b-2, groupId=anonymous.a8f27670-05d5-4cea-bde4-4217e9e9694b] Discovered group coordinator localhost:9092 (id: 2147483646 rack: null)
2026-08-29T16:37:33.403+05:30  WARN 44812 --- [bmp-user-service] [l-1 housekeeper] com.zaxxer.hikari.pool.HikariPool        : HikariPool-1 - Thread starvation or clock leap detected (housekeeper delta=56m20s75ms126µs300ns).
2026-08-29T16:37:50.834+05:30  INFO 44812 --- [bmp-user-service] [pool-2-thread-1] org.apache.kafka.clients.NetworkClient   : [Consumer clientId=consumer-anonymous.a8f27670-05d5-4cea-bde4-4217e9e9694b-3, groupId=anonymous.a8f27670-05d5-4cea-bde4-4217e9e9694b] Node 2147483646 disconnected.
2026-08-29T16:37:50.845+05:30  INFO 44812 --- [bmp-user-service] [pool-2-thread-1] o.a.k.c.c.internals.ConsumerCoordinator  : [Consumer clientId=consumer-anonymous.a8f27670-05d5-4cea-bde4-4217e9e9694b-3, groupId=anonymous.a8f27670-05d5-4cea-bde4-4217e9e9694b] Group coordinator localhost:9092 (id: 2147483646 rack: null) is unavailable or invalid due to cause: coordinator unavailable. isDisconnected: true. Rediscovery will be attempted.
2026-08-29T16:37:50.857+05:30  INFO 44812 --- [bmp-user-service] [pool-2-thread-1] o.a.k.c.c.internals.ConsumerCoordinator  : [Consumer clientId=consumer-anonymous.a8f27670-05d5-4cea-bde4-4217e9e9694b-3, groupId=anonymous.a8f27670-05d5-4cea-bde4-4217e9e9694b] Discovered group coordinator localhost:9092 (id: 2147483646 rack: null)
2026-08-29T16:37:50.858+05:30  INFO 44812 --- [bmp-user-service] [pool-2-thread-1] o.a.k.c.c.internals.ConsumerCoordinator  : [Consumer clientId=consumer-anonymous.a8f27670-05d5-4cea-bde4-4217e9e9694b-3, groupId=anonymous.a8f27670-05d5-4cea-bde4-4217e9e9694b] Group coordinator localhost:9092 (id: 2147483646 rack: null) is unavailable or invalid due to cause: coordinator unavailable. isDisconnected: false. Rediscovery will be attempted.
2026-08-29T16:37:50.860+05:30  INFO 44812 --- [bmp-user-service] [pool-2-thread-1] o.a.k.c.c.internals.ConsumerCoordinator  : [Consumer clientId=consumer-anonymous.a8f27670-05d5-4cea-bde4-4217e9e9694b-3, groupId=anonymous.a8f27670-05d5-4cea-bde4-4217e9e9694b] Requesting disconnect from last known coordinator localhost:9092 (id: 2147483646 rack: null)
2026-08-29T16:37:50.988+05:30  INFO 44812 --- [bmp-user-service] [pool-2-thread-1] o.a.k.c.c.internals.ConsumerCoordinator  : [Consumer clientId=consumer-anonymous.a8f27670-05d5-4cea-bde4-4217e9e9694b-3, groupId=anonymous.a8f27670-05d5-4cea-bde4-4217e9e9694b] Discovered group coordinator localhost:9092 (id: 2147483646 rack: null)
2026-08-29T16:39:29.334+05:30  INFO 44812 --- [bmp-user-service] [rap-executor-%d] c.n.d.s.r.aws.ConfigClusterResolver      : Resolving eureka endpoints via configuration
2026-08-29T16:44:29.359+05:30  INFO 44812 --- [bmp-user-service] [rap-executor-%d] c.n.d.s.r.aws.ConfigClusterResolver      : Resolving eureka endpoints via configuration
2026-08-29T16:49:29.372+05:30  INFO 44812 --- [bmp-user-service] [rap-executor-%d] c.n.d.s.r.aws.ConfigClusterResolver      : Resolving eureka endpoints via configuration
2026-08-29T16:54:29.387+05:30  INFO 44812 --- [bmp-user-service] [rap-executor-%d] c.n.d.s.r.aws.ConfigClusterResolver      : Resolving eureka endpoints via configuration
2026-08-29T16:59:29.402+05:30  INFO 44812 --- [bmp-user-service] [rap-executor-%d] c.n.d.s.r.aws.ConfigClusterResolver      : Resolving eureka endpoints via configuration
2026-08-29T17:04:29.410+05:30  INFO 44812 --- [bmp-user-service] [rap-executor-%d] c.n.d.s.r.aws.ConfigClusterResolver      : Resolving eureka endpoints via configuration
2026-08-29T17:09:29.412+05:30  INFO 44812 --- [bmp-user-service] [rap-executor-%d] c.n.d.s.r.aws.ConfigClusterResolver      : Resolving eureka endpoints via configuration
2026-08-29T17:14:29.423+05:30  INFO 44812 --- [bmp-user-service] [rap-executor-%d] c.n.d.s.r.aws.ConfigClusterResolver      : Resolving eureka endpoints via configuration
2026-08-29T17:19:29.429+05:30  INFO 44812 --- [bmp-user-service] [rap-executor-%d] c.n.d.s.r.aws.ConfigClusterResolver      : Resolving eureka endpoints via configuration
2026-08-29T17:24:29.437+05:30  INFO 44812 --- [bmp-user-service] [rap-executor-%d] c.n.d.s.r.aws.ConfigClusterResolver      : Resolving eureka endpoints via configuration
2026-08-29T17:29:29.449+05:30  INFO 44812 --- [bmp-user-service] [rap-executor-%d] c.n.d.s.r.aws.ConfigClusterResolver      : Resolving eureka endpoints via configuration
2026-08-29T17:34:29.458+05:30  INFO 44812 --- [bmp-user-service] [rap-executor-%d] c.n.d.s.r.aws.ConfigClusterResolver      : Resolving eureka endpoints via configuration
2026-08-29T17:39:29.467+05:30  INFO 44812 --- [bmp-user-service] [rap-executor-%d] c.n.d.s.r.aws.ConfigClusterResolver      : Resolving eureka endpoints via configuration
2026-08-29T17:56:52.803+05:30  INFO 44812 --- [bmp-user-service] [container-0-C-1] org.apache.kafka.clients.NetworkClient   : [Consumer clientId=consumer-anonymous.a8f27670-05d5-4cea-bde4-4217e9e9694b-2, groupId=anonymous.a8f27670-05d5-4cea-bde4-4217e9e9694b] Node 1 disconnected.
2026-08-29T17:56:52.918+05:30  INFO 44812 --- [bmp-user-service] [binder-health-1] org.apache.kafka.clients.NetworkClient   : [Consumer clientId=consumer-null-4, groupId=null] Node 1 disconnected.
2026-08-29T17:56:52.959+05:30  INFO 44812 --- [bmp-user-service] [container-0-C-1] org.apache.kafka.clients.NetworkClient   : [Consumer clientId=consumer-anonymous.a8f27670-05d5-4cea-bde4-4217e9e9694b-2, groupId=anonymous.a8f27670-05d5-4cea-bde4-4217e9e9694b] Cancelled in-flight FETCH request with correlation id 48784 due to node 1 being disconnected (elapsed time since creation: 828059ms, elapsed time since send: 828059ms, throttle time: 0ms, request timeout: 30000ms)
2026-08-29T17:56:52.961+05:30  INFO 44812 --- [bmp-user-service] [container-0-C-1] org.apache.kafka.clients.NetworkClient   : [Consumer clientId=consumer-anonymous.a8f27670-05d5-4cea-bde4-4217e9e9694b-2, groupId=anonymous.a8f27670-05d5-4cea-bde4-4217e9e9694b] Disconnecting from node 2147483646 due to request timeout.
2026-08-29T17:56:52.961+05:30  INFO 44812 --- [bmp-user-service] [container-0-C-1] org.apache.kafka.clients.NetworkClient   : [Consumer clientId=consumer-anonymous.a8f27670-05d5-4cea-bde4-4217e9e9694b-2, groupId=anonymous.a8f27670-05d5-4cea-bde4-4217e9e9694b] Cancelled in-flight HEARTBEAT request with correlation id 48785 due to node 2147483646 being disconnected (elapsed time since creation: 827214ms, elapsed time since send: 827214ms, throttle time: 0ms, request timeout: 30000ms)
2026-08-29T17:56:53.049+05:30  INFO 44812 --- [bmp-user-service] [binder-health-1] org.apache.kafka.clients.NetworkClient   : [Consumer clientId=consumer-null-4, groupId=null] Cancelled in-flight METADATA request with correlation id 1205 due to node 1 being disconnected (elapsed time since creation: 823862ms, elapsed time since send: 823862ms, throttle time: 0ms, request timeout: 30000ms)
2026-08-29T17:56:53.062+05:30  INFO 44812 --- [bmp-user-service] [container-0-C-1] org.apache.kafka.clients.NetworkClient   : [Consumer clientId=consumer-anonymous.a8f27670-05d5-4cea-bde4-4217e9e9694b-2, groupId=anonymous.a8f27670-05d5-4cea-bde4-4217e9e9694b] Cancelled in-flight HEARTBEAT request with correlation id 48786 due to node 2147483646 being disconnected (elapsed time since creation: 824205ms, elapsed time since send: 824205ms, throttle time: 0ms, request timeout: 30000ms)
2026-08-29T17:56:53.063+05:30  INFO 44812 --- [bmp-user-service] [container-0-C-1] org.apache.kafka.clients.NetworkClient   : [Consumer clientId=consumer-anonymous.a8f27670-05d5-4cea-bde4-4217e9e9694b-2, groupId=anonymous.a8f27670-05d5-4cea-bde4-4217e9e9694b] Cancelled in-flight HEARTBEAT request with correlation id 48787 due to node 2147483646 being disconnected (elapsed time since creation: 821197ms, elapsed time since send: 821197ms, throttle time: 0ms, request timeout: 30000ms)
2026-08-29T17:56:53.063+05:30  INFO 44812 --- [bmp-user-service] [container-0-C-1] org.apache.kafka.clients.NetworkClient   : [Consumer clientId=consumer-anonymous.a8f27670-05d5-4cea-bde4-4217e9e9694b-2, groupId=anonymous.a8f27670-05d5-4cea-bde4-4217e9e9694b] Cancelled in-flight HEARTBEAT request with correlation id 48788 due to node 2147483646 being disconnected (elapsed time since creation: 818181ms, elapsed time since send: 818181ms, throttle time: 0ms, request timeout: 30000ms)
2026-08-29T17:56:53.067+05:30  INFO 44812 --- [bmp-user-service] [e4-4217e9e9694b] o.a.k.c.c.internals.ConsumerCoordinator  : [Consumer clientId=consumer-anonymous.a8f27670-05d5-4cea-bde4-4217e9e9694b-2, groupId=anonymous.a8f27670-05d5-4cea-bde4-4217e9e9694b] Group coordinator localhost:9092 (id: 2147483646 rack: null) is unavailable or invalid due to cause: null. isDisconnected: true. Rediscovery will be attempted.
2026-08-29T17:56:53.161+05:30  WARN 44812 --- [bmp-user-service] [nio-8082-exec-4] o.s.b.a.health.HealthEndpointSupport     : Health contributor org.springframework.cloud.stream.binder.kafka.KafkaBinderHealthIndicator (binders/kafka) took 824100ms to respond
2026-08-29T17:56:53.067+05:30  INFO 44812 --- [bmp-user-service] [container-0-C-1] o.a.kafka.clients.FetchSessionHandler    : [Consumer clientId=consumer-anonymous.a8f27670-05d5-4cea-bde4-4217e9e9694b-2, groupId=anonymous.a8f27670-05d5-4cea-bde4-4217e9e9694b] Error sending fetch request (sessionId=1408982775, epoch=7695) to node 1:

org.apache.kafka.common.errors.DisconnectException: null

2026-08-29T17:56:54.473+05:30  INFO 44812 --- [bmp-user-service] [container-0-C-1] o.a.k.c.c.internals.ConsumerCoordinator  : [Consumer clientId=consumer-anonymous.a8f27670-05d5-4cea-bde4-4217e9e9694b-2, groupId=anonymous.a8f27670-05d5-4cea-bde4-4217e9e9694b] Discovered group coordinator localhost:9092 (id: 2147483646 rack: null)
2026-08-29T17:56:54.476+05:30  INFO 44812 --- [bmp-user-service] [container-0-C-1] o.a.k.c.c.internals.ConsumerCoordinator  : [Consumer clientId=consumer-anonymous.a8f27670-05d5-4cea-bde4-4217e9e9694b-2, groupId=anonymous.a8f27670-05d5-4cea-bde4-4217e9e9694b] Discovered group coordinator localhost:9092 (id: 2147483646 rack: null)
2026-08-29T17:57:08.909+05:30  WARN 44812 --- [bmp-user-service] [l-1 housekeeper] com.zaxxer.hikari.pool.HikariPool        : HikariPool-1 - Thread starvation or clock leap detected (housekeeper delta=14m4s395ms876µs300ns).
2026-08-29T17:57:27.129+05:30  INFO 44812 --- [bmp-user-service] [pool-2-thread-1] org.apache.kafka.clients.NetworkClient   : [Consumer clientId=consumer-anonymous.a8f27670-05d5-4cea-bde4-4217e9e9694b-3, groupId=anonymous.a8f27670-05d5-4cea-bde4-4217e9e9694b] Node 2147483646 disconnected.
2026-08-29T17:57:27.131+05:30  INFO 44812 --- [bmp-user-service] [pool-2-thread-1] o.a.k.c.c.internals.ConsumerCoordinator  : [Consumer clientId=consumer-anonymous.a8f27670-05d5-4cea-bde4-4217e9e9694b-3, groupId=anonymous.a8f27670-05d5-4cea-bde4-4217e9e9694b] Group coordinator localhost:9092 (id: 2147483646 rack: null) is unavailable or invalid due to cause: coordinator unavailable. isDisconnected: true. Rediscovery will be attempted.
2026-08-29T17:57:27.133+05:30  INFO 44812 --- [bmp-user-service] [pool-2-thread-1] o.a.k.c.c.internals.ConsumerCoordinator  : [Consumer clientId=consumer-anonymous.a8f27670-05d5-4cea-bde4-4217e9e9694b-3, groupId=anonymous.a8f27670-05d5-4cea-bde4-4217e9e9694b] Discovered group coordinator localhost:9092 (id: 2147483646 rack: null)
2026-08-29T17:57:27.133+05:30  INFO 44812 --- [bmp-user-service] [pool-2-thread-1] o.a.k.c.c.internals.ConsumerCoordinator  : [Consumer clientId=consumer-anonymous.a8f27670-05d5-4cea-bde4-4217e9e9694b-3, groupId=anonymous.a8f27670-05d5-4cea-bde4-4217e9e9694b] Group coordinator localhost:9092 (id: 2147483646 rack: null) is unavailable or invalid due to cause: coordinator unavailable. isDisconnected: false. Rediscovery will be attempted.
2026-08-29T17:57:27.133+05:30  INFO 44812 --- [bmp-user-service] [pool-2-thread-1] o.a.k.c.c.internals.ConsumerCoordinator  : [Consumer clientId=consumer-anonymous.a8f27670-05d5-4cea-bde4-4217e9e9694b-3, groupId=anonymous.a8f27670-05d5-4cea-bde4-4217e9e9694b] Requesting disconnect from last known coordinator localhost:9092 (id: 2147483646 rack: null)
2026-08-29T17:57:27.267+05:30  INFO 44812 --- [bmp-user-service] [pool-2-thread-1] o.a.k.c.c.internals.ConsumerCoordinator  : [Consumer clientId=consumer-anonymous.a8f27670-05d5-4cea-bde4-4217e9e9694b-3, groupId=anonymous.a8f27670-05d5-4cea-bde4-4217e9e9694b] Discovered group coordinator localhost:9092 (id: 2147483646 rack: null)
2026-08-29T17:58:03.723+05:30  INFO 44812 --- [bmp-user-service] [rap-executor-%d] c.n.d.s.r.aws.ConfigClusterResolver      : Resolving eureka endpoints via configuration
2026-08-29T18:00:05.547+05:30  INFO 44812 --- [bmp-user-service] [e4-4217e9e9694b] org.apache.kafka.clients.NetworkClient   : [Consumer clientId=consumer-anonymous.a8f27670-05d5-4cea-bde4-4217e9e9694b-2, groupId=anonymous.a8f27670-05d5-4cea-bde4-4217e9e9694b] Disconnecting from node 1 due to request timeout.
2026-08-29T18:00:06.642+05:30  INFO 44812 --- [bmp-user-service] [e4-4217e9e9694b] org.apache.kafka.clients.NetworkClient   : [Consumer clientId=consumer-anonymous.a8f27670-05d5-4cea-bde4-4217e9e9694b-2, groupId=anonymous.a8f27670-05d5-4cea-bde4-4217e9e9694b] Cancelled in-flight FETCH request with correlation id 49146 due to node 1 being disconnected (elapsed time since creation: 38316ms, elapsed time since send: 38316ms, throttle time: 0ms, request timeout: 30000ms)
2026-08-29T18:00:06.642+05:30  INFO 44812 --- [bmp-user-service] [e4-4217e9e9694b] org.apache.kafka.clients.NetworkClient   : [Consumer clientId=consumer-anonymous.a8f27670-05d5-4cea-bde4-4217e9e9694b-2, groupId=anonymous.a8f27670-05d5-4cea-bde4-4217e9e9694b] Disconnecting from node 2147483646 due to request timeout.
2026-08-29T18:00:06.642+05:30  INFO 44812 --- [bmp-user-service] [e4-4217e9e9694b] org.apache.kafka.clients.NetworkClient   : [Consumer clientId=consumer-anonymous.a8f27670-05d5-4cea-bde4-4217e9e9694b-2, groupId=anonymous.a8f27670-05d5-4cea-bde4-4217e9e9694b] Cancelled in-flight HEARTBEAT request with correlation id 49147 due to node 2147483646 being disconnected (elapsed time since creation: 37620ms, elapsed time since send: 37620ms, throttle time: 0ms, request timeout: 30000ms)
2026-08-29T18:00:06.643+05:30  INFO 44812 --- [bmp-user-service] [e4-4217e9e9694b] org.apache.kafka.clients.NetworkClient   : [Consumer clientId=consumer-anonymous.a8f27670-05d5-4cea-bde4-4217e9e9694b-2, groupId=anonymous.a8f27670-05d5-4cea-bde4-4217e9e9694b] Cancelled in-flight HEARTBEAT request with correlation id 49148 due to node 2147483646 being disconnected (elapsed time since creation: 34618ms, elapsed time since send: 34618ms, throttle time: 0ms, request timeout: 30000ms)
2026-08-29T18:00:06.643+05:30  INFO 44812 --- [bmp-user-service] [e4-4217e9e9694b] org.apache.kafka.clients.NetworkClient   : [Consumer clientId=consumer-anonymous.a8f27670-05d5-4cea-bde4-4217e9e9694b-2, groupId=anonymous.a8f27670-05d5-4cea-bde4-4217e9e9694b] Cancelled in-flight HEARTBEAT request with correlation id 49149 due to node 2147483646 being disconnected (elapsed time since creation: 31603ms, elapsed time since send: 31603ms, throttle time: 0ms, request timeout: 30000ms)
2026-08-29T18:00:06.644+05:30  INFO 44812 --- [bmp-user-service] [e4-4217e9e9694b] org.apache.kafka.clients.NetworkClient   : [Consumer clientId=consumer-anonymous.a8f27670-05d5-4cea-bde4-4217e9e9694b-2, groupId=anonymous.a8f27670-05d5-4cea-bde4-4217e9e9694b] Cancelled in-flight HEARTBEAT request with correlation id 49150 due to node 2147483646 being disconnected (elapsed time since creation: 28595ms, elapsed time since send: 28595ms, throttle time: 0ms, request timeout: 30000ms)
2026-08-29T18:00:06.650+05:30  INFO 44812 --- [bmp-user-service] [e4-4217e9e9694b] o.a.kafka.clients.FetchSessionHandler    : [Consumer clientId=consumer-anonymous.a8f27670-05d5-4cea-bde4-4217e9e9694b-2, groupId=anonymous.a8f27670-05d5-4cea-bde4-4217e9e9694b] Error sending fetch request (sessionId=22047415, epoch=300) to node 1:

org.apache.kafka.common.errors.DisconnectException: null

2026-08-29T18:00:06.682+05:30  INFO 44812 --- [bmp-user-service] [e4-4217e9e9694b] o.a.k.c.c.internals.ConsumerCoordinator  : [Consumer clientId=consumer-anonymous.a8f27670-05d5-4cea-bde4-4217e9e9694b-2, groupId=anonymous.a8f27670-05d5-4cea-bde4-4217e9e9694b] Group coordinator localhost:9092 (id: 2147483646 rack: null) is unavailable or invalid due to cause: null. isDisconnected: true. Rediscovery will be attempted.
2026-08-29T18:00:06.728+05:30  WARN 44812 --- [bmp-user-service] [l-1 housekeeper] com.zaxxer.hikari.pool.HikariPool        : HikariPool-1 - Thread starvation or clock leap detected (housekeeper delta=59s313ms867µs).
2026-08-29T18:00:07.850+05:30  WARN 44812 --- [bmp-user-service] [nio-8082-exec-4] o.s.b.a.health.HealthEndpointSupport     : Health contributor org.springframework.cloud.stream.binder.kafka.KafkaBinderHealthIndicator (binders/kafka) took 30293ms to respond
2026-08-29T18:00:08.443+05:30  INFO 44812 --- [bmp-user-service] [container-0-C-1] o.a.k.c.c.internals.ConsumerCoordinator  : [Consumer clientId=consumer-anonymous.a8f27670-05d5-4cea-bde4-4217e9e9694b-2, groupId=anonymous.a8f27670-05d5-4cea-bde4-4217e9e9694b] Discovered group coordinator localhost:9092 (id: 2147483646 rack: null)
2026-08-29T18:03:30.558+05:30  INFO 44812 --- [bmp-user-service] [rap-executor-%d] c.n.d.s.r.aws.ConfigClusterResolver      : Resolving eureka endpoints via configuration
2026-08-29T18:08:30.585+05:30  INFO 44812 --- [bmp-user-service] [rap-executor-%d] c.n.d.s.r.aws.ConfigClusterResolver      : Resolving eureka endpoints via configuration
2026-08-29T18:13:30.595+05:30  INFO 44812 --- [bmp-user-service] [rap-executor-%d] c.n.d.s.r.aws.ConfigClusterResolver      : Resolving eureka endpoints via configuration
2026-08-29T19:23:52.641+05:30  INFO 44812 --- [bmp-user-service] [e4-4217e9e9694b] o.a.k.c.c.internals.ConsumerCoordinator  : [Consumer clientId=consumer-anonymous.a8f27670-05d5-4cea-bde4-4217e9e9694b-2, groupId=anonymous.a8f27670-05d5-4cea-bde4-4217e9e9694b] Group coordinator localhost:9092 (id: 2147483646 rack: null) is unavailable or invalid due to cause: session timed out without receiving a heartbeat response. isDisconnected: false. Rediscovery will be attempted.
2026-08-29T19:23:52.645+05:30  INFO 44812 --- [bmp-user-service] [e4-4217e9e9694b] o.a.k.c.c.internals.ConsumerCoordinator  : [Consumer clientId=consumer-anonymous.a8f27670-05d5-4cea-bde4-4217e9e9694b-2, groupId=anonymous.a8f27670-05d5-4cea-bde4-4217e9e9694b] Requesting disconnect from last known coordinator localhost:9092 (id: 2147483646 rack: null)
2026-08-29T19:23:52.707+05:30  INFO 44812 --- [bmp-user-service] [e4-4217e9e9694b] org.apache.kafka.clients.NetworkClient   : [Consumer clientId=consumer-anonymous.a8f27670-05d5-4cea-bde4-4217e9e9694b-2, groupId=anonymous.a8f27670-05d5-4cea-bde4-4217e9e9694b] Client requested disconnect from node 2147483646
2026-08-29T19:23:52.798+05:30  INFO 44812 --- [bmp-user-service] [e4-4217e9e9694b] org.apache.kafka.clients.NetworkClient   : [Consumer clientId=consumer-anonymous.a8f27670-05d5-4cea-bde4-4217e9e9694b-2, groupId=anonymous.a8f27670-05d5-4cea-bde4-4217e9e9694b] Node 1 disconnected.
2026-08-29T19:23:52.798+05:30  INFO 44812 --- [bmp-user-service] [e4-4217e9e9694b] org.apache.kafka.clients.NetworkClient   : [Consumer clientId=consumer-anonymous.a8f27670-05d5-4cea-bde4-4217e9e9694b-2, groupId=anonymous.a8f27670-05d5-4cea-bde4-4217e9e9694b] Cancelled in-flight FETCH request with correlation id 51474 due to node 1 being disconnected (elapsed time since creation: 4024079ms, elapsed time since send: 4024079ms, throttle time: 0ms, request timeout: 30000ms)
2026-08-29T19:23:52.799+05:30  INFO 44812 --- [bmp-user-service] [e4-4217e9e9694b] org.apache.kafka.clients.NetworkClient   : [Consumer clientId=consumer-anonymous.a8f27670-05d5-4cea-bde4-4217e9e9694b-2, groupId=anonymous.a8f27670-05d5-4cea-bde4-4217e9e9694b] Cancelled in-flight METADATA request with correlation id 51475 due to node 1 being disconnected (elapsed time since creation: 148ms, elapsed time since send: 148ms, throttle time: 0ms, request timeout: 30000ms)
2026-08-29T19:23:52.827+05:30  INFO 44812 --- [bmp-user-service] [e4-4217e9e9694b] o.a.kafka.clients.FetchSessionHandler    : [Consumer clientId=consumer-anonymous.a8f27670-05d5-4cea-bde4-4217e9e9694b-2, groupId=anonymous.a8f27670-05d5-4cea-bde4-4217e9e9694b] Error sending fetch request (sessionId=904585966, epoch=1979) to node 1:

org.apache.kafka.common.errors.DisconnectException: null

2026-08-29T19:23:54.988+05:30  INFO 44812 --- [bmp-user-service] [pool-2-thread-1] org.apache.kafka.clients.NetworkClient   : [Consumer clientId=consumer-anonymous.a8f27670-05d5-4cea-bde4-4217e9e9694b-3, groupId=anonymous.a8f27670-05d5-4cea-bde4-4217e9e9694b] Node 2147483646 disconnected.
2026-08-29T19:23:55.030+05:30  INFO 44812 --- [bmp-user-service] [container-0-C-1] o.a.k.c.c.internals.ConsumerCoordinator  : [Consumer clientId=consumer-anonymous.a8f27670-05d5-4cea-bde4-4217e9e9694b-2, groupId=anonymous.a8f27670-05d5-4cea-bde4-4217e9e9694b] Discovered group coordinator localhost:9092 (id: 2147483646 rack: null)
2026-08-29T19:24:07.481+05:30  WARN 44812 --- [bmp-user-service] [l-1 housekeeper] com.zaxxer.hikari.pool.HikariPool        : HikariPool-1 - Thread starvation or clock leap detected (housekeeper delta=1h7m30s600ms14µs900ns).
2026-08-29T19:25:31.060+05:30  INFO 44812 --- [bmp-user-service] [rap-executor-%d] c.n.d.s.r.aws.ConfigClusterResolver      : Resolving eureka endpoints via configuration
2026-08-29T19:30:31.078+05:30  INFO 44812 --- [bmp-user-service] [rap-executor-%d] c.n.d.s.r.aws.ConfigClusterResolver      : Resolving eureka endpoints via configuration
2026-08-29T19:35:31.086+05:30  INFO 44812 --- [bmp-user-service] [rap-executor-%d] c.n.d.s.r.aws.ConfigClusterResolver      : Resolving eureka endpoints via configuration
2026-08-29T19:40:31.094+05:30  INFO 44812 --- [bmp-user-service] [rap-executor-%d] c.n.d.s.r.aws.ConfigClusterResolver      : Resolving eureka endpoints via configuration
2026-08-29T19:45:31.107+05:30  INFO 44812 --- [bmp-user-service] [rap-executor-%d] c.n.d.s.r.aws.ConfigClusterResolver      : Resolving eureka endpoints via configuration
2026-08-29T19:50:31.124+05:30  INFO 44812 --- [bmp-user-service] [rap-executor-%d] c.n.d.s.r.aws.ConfigClusterResolver      : Resolving eureka endpoints via configuration
2026-08-29T19:55:31.139+05:30  INFO 44812 --- [bmp-user-service] [rap-executor-%d] c.n.d.s.r.aws.ConfigClusterResolver      : Resolving eureka endpoints via configuration
2026-08-29T20:03:00.796+05:30  INFO 44812 --- [bmp-user-service] [container-0-C-1] org.apache.kafka.clients.NetworkClient   : [Consumer clientId=consumer-anonymous.a8f27670-05d5-4cea-bde4-4217e9e9694b-2, groupId=anonymous.a8f27670-05d5-4cea-bde4-4217e9e9694b] Disconnecting from node 1 due to request timeout.
2026-08-29T20:03:00.818+05:30  INFO 44812 --- [bmp-user-service] [container-0-C-1] org.apache.kafka.clients.NetworkClient   : [Consumer clientId=consumer-anonymous.a8f27670-05d5-4cea-bde4-4217e9e9694b-2, groupId=anonymous.a8f27670-05d5-4cea-bde4-4217e9e9694b] Cancelled in-flight FETCH request with correlation id 56273 due to node 1 being disconnected (elapsed time since creation: 278007ms, elapsed time since send: 278007ms, throttle time: 0ms, request timeout: 30000ms)
2026-08-29T20:03:00.820+05:30  INFO 44812 --- [bmp-user-service] [container-0-C-1] org.apache.kafka.clients.NetworkClient   : [Consumer clientId=consumer-anonymous.a8f27670-05d5-4cea-bde4-4217e9e9694b-2, groupId=anonymous.a8f27670-05d5-4cea-bde4-4217e9e9694b] Disconnecting from node 2147483646 due to request timeout.
2026-08-29T20:03:00.820+05:30  INFO 44812 --- [bmp-user-service] [container-0-C-1] org.apache.kafka.clients.NetworkClient   : [Consumer clientId=consumer-anonymous.a8f27670-05d5-4cea-bde4-4217e9e9694b-2, groupId=anonymous.a8f27670-05d5-4cea-bde4-4217e9e9694b] Cancelled in-flight HEARTBEAT request with correlation id 56274 due to node 2147483646 being disconnected (elapsed time since creation: 276179ms, elapsed time since send: 276179ms, throttle time: 0ms, request timeout: 30000ms)
2026-08-29T20:03:00.820+05:30  INFO 44812 --- [bmp-user-service] [container-0-C-1] org.apache.kafka.clients.NetworkClient   : [Consumer clientId=consumer-anonymous.a8f27670-05d5-4cea-bde4-4217e9e9694b-2, groupId=anonymous.a8f27670-05d5-4cea-bde4-4217e9e9694b] Cancelled in-flight HEARTBEAT request with correlation id 56275 due to node 2147483646 being disconnected (elapsed time since creation: 273168ms, elapsed time since send: 273168ms, throttle time: 0ms, request timeout: 30000ms)
2026-08-29T20:03:00.820+05:30  INFO 44812 --- [bmp-user-service] [container-0-C-1] org.apache.kafka.clients.NetworkClient   : [Consumer clientId=consumer-anonymous.a8f27670-05d5-4cea-bde4-4217e9e9694b-2, groupId=anonymous.a8f27670-05d5-4cea-bde4-4217e9e9694b] Cancelled in-flight HEARTBEAT request with correlation id 56276 due to node 2147483646 being disconnected (elapsed time since creation: 270153ms, elapsed time since send: 270153ms, throttle time: 0ms, request timeout: 30000ms)
2026-08-29T20:03:00.820+05:30  INFO 44812 --- [bmp-user-service] [container-0-C-1] org.apache.kafka.clients.NetworkClient   : [Consumer clientId=consumer-anonymous.a8f27670-05d5-4cea-bde4-4217e9e9694b-2, groupId=anonymous.a8f27670-05d5-4cea-bde4-4217e9e9694b] Cancelled in-flight HEARTBEAT request with correlation id 56277 due to node 2147483646 being disconnected (elapsed time since creation: 267144ms, elapsed time since send: 267144ms, throttle time: 0ms, request timeout: 30000ms)
2026-08-29T20:03:00.823+05:30  INFO 44812 --- [bmp-user-service] [e4-4217e9e9694b] o.a.k.c.c.internals.ConsumerCoordinator  : [Consumer clientId=consumer-anonymous.a8f27670-05d5-4cea-bde4-4217e9e9694b-2, groupId=anonymous.a8f27670-05d5-4cea-bde4-4217e9e9694b] Group coordinator localhost:9092 (id: 2147483646 rack: null) is unavailable or invalid due to cause: null. isDisconnected: true. Rediscovery will be attempted.
2026-08-29T20:03:00.834+05:30  INFO 44812 --- [bmp-user-service] [container-0-C-1] o.a.kafka.clients.FetchSessionHandler    : [Consumer clientId=consumer-anonymous.a8f27670-05d5-4cea-bde4-4217e9e9694b-2, groupId=anonymous.a8f27670-05d5-4cea-bde4-4217e9e9694b] Error sending fetch request (sessionId=2099221391, epoch=4091) to node 1:

org.apache.kafka.common.errors.DisconnectException: null

2026-08-29T20:03:01.644+05:30  WARN 44812 --- [bmp-user-service] [nio-8082-exec-5] o.s.b.a.health.HealthEndpointSupport     : Health contributor org.springframework.cloud.stream.binder.kafka.KafkaBinderHealthIndicator (binders/kafka) took 273327ms to respond
2026-08-29T20:03:01.706+05:30  INFO 44812 --- [bmp-user-service] [container-0-C-1] o.a.k.c.c.internals.ConsumerCoordinator  : [Consumer clientId=consumer-anonymous.a8f27670-05d5-4cea-bde4-4217e9e9694b-2, groupId=anonymous.a8f27670-05d5-4cea-bde4-4217e9e9694b] Discovered group coordinator localhost:9092 (id: 2147483646 rack: null)
2026-08-29T20:03:02.566+05:30  WARN 44812 --- [bmp-user-service] [l-1 housekeeper] com.zaxxer.hikari.pool.HikariPool        : HikariPool-1 - Thread starvation or clock leap detected (housekeeper delta=4m54s595ms898µs400ns).
2026-08-29T20:04:55.586+05:30  INFO 44812 --- [bmp-user-service] [rap-executor-%d] c.n.d.s.r.aws.ConfigClusterResolver      : Resolving eureka endpoints via configuration
2026-08-29T20:09:55.599+05:30  INFO 44812 --- [bmp-user-service] [rap-executor-%d] c.n.d.s.r.aws.ConfigClusterResolver      : Resolving eureka endpoints via configuration
2026-08-29T20:14:55.617+05:30  INFO 44812 --- [bmp-user-service] [rap-executor-%d] c.n.d.s.r.aws.ConfigClusterResolver      : Resolving eureka endpoints via configuration
2026-08-29T20:19:55.636+05:30  INFO 44812 --- [bmp-user-service] [rap-executor-%d] c.n.d.s.r.aws.ConfigClusterResolver      : Resolving eureka endpoints via configuration
2026-08-29T20:24:55.657+05:30  INFO 44812 --- [bmp-user-service] [rap-executor-%d] c.n.d.s.r.aws.ConfigClusterResolver      : Resolving eureka endpoints via configuration
2026-08-29T20:29:55.664+05:30  INFO 44812 --- [bmp-user-service] [rap-executor-%d] c.n.d.s.r.aws.ConfigClusterResolver      : Resolving eureka endpoints via configuration
2026-08-29T20:34:55.680+05:30  INFO 44812 --- [bmp-user-service] [rap-executor-%d] c.n.d.s.r.aws.ConfigClusterResolver      : Resolving eureka endpoints via configuration
2026-08-29T20:39:55.690+05:30  INFO 44812 --- [bmp-user-service] [rap-executor-%d] c.n.d.s.r.aws.ConfigClusterResolver      : Resolving eureka endpoints via configuration
2026-08-29T20:49:18.637+05:30  INFO 44812 --- [bmp-user-service] [e4-4217e9e9694b] org.apache.kafka.clients.NetworkClient   : [Consumer clientId=consumer-anonymous.a8f27670-05d5-4cea-bde4-4217e9e9694b-2, groupId=anonymous.a8f27670-05d5-4cea-bde4-4217e9e9694b] Node 1 disconnected.
2026-08-29T20:49:18.637+05:30  INFO 44812 --- [bmp-user-service] [e4-4217e9e9694b] org.apache.kafka.clients.NetworkClient   : [Consumer clientId=consumer-anonymous.a8f27670-05d5-4cea-bde4-4217e9e9694b-2, groupId=anonymous.a8f27670-05d5-4cea-bde4-4217e9e9694b] Cancelled in-flight FETCH request with correlation id 61437 due to node 1 being disconnected (elapsed time since creation: 551034ms, elapsed time since send: 551034ms, throttle time: 0ms, request timeout: 30000ms)
2026-08-29T20:49:18.637+05:30  INFO 44812 --- [bmp-user-service] [e4-4217e9e9694b] org.apache.kafka.clients.NetworkClient   : [Consumer clientId=consumer-anonymous.a8f27670-05d5-4cea-bde4-4217e9e9694b-2, groupId=anonymous.a8f27670-05d5-4cea-bde4-4217e9e9694b] Cancelled in-flight METADATA request with correlation id 61443 due to node 1 being disconnected (elapsed time since creation: 1028ms, elapsed time since send: 1028ms, throttle time: 0ms, request timeout: 30000ms)
2026-08-29T20:49:18.637+05:30  INFO 44812 --- [bmp-user-service] [e4-4217e9e9694b] org.apache.kafka.clients.NetworkClient   : [Consumer clientId=consumer-anonymous.a8f27670-05d5-4cea-bde4-4217e9e9694b-2, groupId=anonymous.a8f27670-05d5-4cea-bde4-4217e9e9694b] Disconnecting from node 2147483646 due to request timeout.
2026-08-29T20:49:18.637+05:30  INFO 44812 --- [bmp-user-service] [e4-4217e9e9694b] org.apache.kafka.clients.NetworkClient   : [Consumer clientId=consumer-anonymous.a8f27670-05d5-4cea-bde4-4217e9e9694b-2, groupId=anonymous.a8f27670-05d5-4cea-bde4-4217e9e9694b] Cancelled in-flight HEARTBEAT request with correlation id 61439 due to node 2147483646 being disconnected (elapsed time since creation: 547794ms, elapsed time since send: 547794ms, throttle time: 0ms, request timeout: 30000ms)
2026-08-29T20:49:18.637+05:30  INFO 44812 --- [bmp-user-service] [e4-4217e9e9694b] org.apache.kafka.clients.NetworkClient   : [Consumer clientId=consumer-anonymous.a8f27670-05d5-4cea-bde4-4217e9e9694b-2, groupId=anonymous.a8f27670-05d5-4cea-bde4-4217e9e9694b] Cancelled in-flight HEARTBEAT request with correlation id 61440 due to node 2147483646 being disconnected (elapsed time since creation: 544792ms, elapsed time since send: 544792ms, throttle time: 0ms, request timeout: 30000ms)
2026-08-29T20:49:18.637+05:30  INFO 44812 --- [bmp-user-service] [e4-4217e9e9694b] org.apache.kafka.clients.NetworkClient   : [Consumer clientId=consumer-anonymous.a8f27670-05d5-4cea-bde4-4217e9e9694b-2, groupId=anonymous.a8f27670-05d5-4cea-bde4-4217e9e9694b] Cancelled in-flight HEARTBEAT request with correlation id 61441 due to node 2147483646 being disconnected (elapsed time since creation: 541780ms, elapsed time since send: 541780ms, throttle time: 0ms, request timeout: 30000ms)
2026-08-29T20:49:18.637+05:30  INFO 44812 --- [bmp-user-service] [e4-4217e9e9694b] org.apache.kafka.clients.NetworkClient   : [Consumer clientId=consumer-anonymous.a8f27670-05d5-4cea-bde4-4217e9e9694b-2, groupId=anonymous.a8f27670-05d5-4cea-bde4-4217e9e9694b] Cancelled in-flight HEARTBEAT request with correlation id 61442 due to node 2147483646 being disconnected (elapsed time since creation: 538776ms, elapsed time since send: 538776ms, throttle time: 0ms, request timeout: 30000ms)
2026-08-29T20:49:18.638+05:30  INFO 44812 --- [bmp-user-service] [e4-4217e9e9694b] o.a.kafka.clients.FetchSessionHandler    : [Consumer clientId=consumer-anonymous.a8f27670-05d5-4cea-bde4-4217e9e9694b-2, groupId=anonymous.a8f27670-05d5-4cea-bde4-4217e9e9694b] Error sending fetch request (sessionId=1960531059, epoch=4400) to node 1:

org.apache.kafka.common.errors.DisconnectException: null

2026-08-29T20:49:18.646+05:30  INFO 44812 --- [bmp-user-service] [e4-4217e9e9694b] o.a.k.c.c.internals.ConsumerCoordinator  : [Consumer clientId=consumer-anonymous.a8f27670-05d5-4cea-bde4-4217e9e9694b-2, groupId=anonymous.a8f27670-05d5-4cea-bde4-4217e9e9694b] Group coordinator localhost:9092 (id: 2147483646 rack: null) is unavailable or invalid due to cause: null. isDisconnected: true. Rediscovery will be attempted.
2026-08-29T20:49:19.174+05:30  INFO 44812 --- [bmp-user-service] [pool-2-thread-1] org.apache.kafka.clients.NetworkClient   : [Consumer clientId=consumer-anonymous.a8f27670-05d5-4cea-bde4-4217e9e9694b-3, groupId=anonymous.a8f27670-05d5-4cea-bde4-4217e9e9694b] Node 2147483646 disconnected.
2026-08-29T20:49:20.387+05:30  INFO 44812 --- [bmp-user-service] [container-0-C-1] o.a.k.c.c.internals.ConsumerCoordinator  : [Consumer clientId=consumer-anonymous.a8f27670-05d5-4cea-bde4-4217e9e9694b-2, groupId=anonymous.a8f27670-05d5-4cea-bde4-4217e9e9694b] Discovered group coordinator localhost:9092 (id: 2147483646 rack: null)
2026-08-29T20:49:30.601+05:30  WARN 44812 --- [bmp-user-service] [l-1 housekeeper] com.zaxxer.hikari.pool.HikariPool        : HikariPool-1 - Thread starvation or clock leap detected (housekeeper delta=9m27s571ms242µs600ns).
2026-08-29T20:53:53.122+05:30  INFO 44812 --- [bmp-user-service] [rap-executor-%d] c.n.d.s.r.aws.ConfigClusterResolver      : Resolving eureka endpoints via configuration
2026-08-29T20:58:53.135+05:30  INFO 44812 --- [bmp-user-service] [rap-executor-%d] c.n.d.s.r.aws.ConfigClusterResolver      : Resolving eureka endpoints via configuration
2026-08-29T21:23:26.576+05:30  INFO 44812 --- [bmp-user-service] [e4-4217e9e9694b] org.apache.kafka.clients.NetworkClient   : [Consumer clientId=consumer-anonymous.a8f27670-05d5-4cea-bde4-4217e9e9694b-2, groupId=anonymous.a8f27670-05d5-4cea-bde4-4217e9e9694b] Node 1 disconnected.
2026-08-29T21:23:26.582+05:30  INFO 44812 --- [bmp-user-service] [e4-4217e9e9694b] org.apache.kafka.clients.NetworkClient   : [Consumer clientId=consumer-anonymous.a8f27670-05d5-4cea-bde4-4217e9e9694b-2, groupId=anonymous.a8f27670-05d5-4cea-bde4-4217e9e9694b] Cancelled in-flight FETCH request with correlation id 63040 due to node 1 being disconnected (elapsed time since creation: 1359762ms, elapsed time since send: 1359762ms, throttle time: 0ms, request timeout: 30000ms)
2026-08-29T21:23:26.582+05:30  INFO 44812 --- [bmp-user-service] [e4-4217e9e9694b] org.apache.kafka.clients.NetworkClient   : [Consumer clientId=consumer-anonymous.a8f27670-05d5-4cea-bde4-4217e9e9694b-2, groupId=anonymous.a8f27670-05d5-4cea-bde4-4217e9e9694b] Cancelled in-flight METADATA request with correlation id 63045 due to node 1 being disconnected (elapsed time since creation: 1014ms, elapsed time since send: 1014ms, throttle time: 0ms, request timeout: 30000ms)
2026-08-29T21:23:26.583+05:30  INFO 44812 --- [bmp-user-service] [e4-4217e9e9694b] org.apache.kafka.clients.NetworkClient   : [Consumer clientId=consumer-anonymous.a8f27670-05d5-4cea-bde4-4217e9e9694b-2, groupId=anonymous.a8f27670-05d5-4cea-bde4-4217e9e9694b] Disconnecting from node 2147483646 due to request timeout.
2026-08-29T21:23:26.583+05:30  INFO 44812 --- [bmp-user-service] [e4-4217e9e9694b] org.apache.kafka.clients.NetworkClient   : [Consumer clientId=consumer-anonymous.a8f27670-05d5-4cea-bde4-4217e9e9694b-2, groupId=anonymous.a8f27670-05d5-4cea-bde4-4217e9e9694b] Cancelled in-flight HEARTBEAT request with correlation id 63041 due to node 2147483646 being disconnected (elapsed time since creation: 1357226ms, elapsed time since send: 1357226ms, throttle time: 0ms, request timeout: 30000ms)
2026-08-29T21:23:26.583+05:30  INFO 44812 --- [bmp-user-service] [e4-4217e9e9694b] org.apache.kafka.clients.NetworkClient   : [Consumer clientId=consumer-anonymous.a8f27670-05d5-4cea-bde4-4217e9e9694b-2, groupId=anonymous.a8f27670-05d5-4cea-bde4-4217e9e9694b] Cancelled in-flight HEARTBEAT request with correlation id 63042 due to node 2147483646 being disconnected (elapsed time since creation: 1354212ms, elapsed time since send: 1354212ms, throttle time: 0ms, request timeout: 30000ms)
2026-08-29T21:23:26.583+05:30  INFO 44812 --- [bmp-user-service] [e4-4217e9e9694b] org.apache.kafka.clients.NetworkClient   : [Consumer clientId=consumer-anonymous.a8f27670-05d5-4cea-bde4-4217e9e9694b-2, groupId=anonymous.a8f27670-05d5-4cea-bde4-4217e9e9694b] Cancelled in-flight HEARTBEAT request with correlation id 63043 due to node 2147483646 being disconnected (elapsed time since creation: 1351210ms, elapsed time since send: 1351210ms, throttle time: 0ms, request timeout: 30000ms)
2026-08-29T21:23:26.583+05:30  INFO 44812 --- [bmp-user-service] [e4-4217e9e9694b] org.apache.kafka.clients.NetworkClient   : [Consumer clientId=consumer-anonymous.a8f27670-05d5-4cea-bde4-4217e9e9694b-2, groupId=anonymous.a8f27670-05d5-4cea-bde4-4217e9e9694b] Cancelled in-flight HEARTBEAT request with correlation id 63044 due to node 2147483646 being disconnected (elapsed time since creation: 1348204ms, elapsed time since send: 1348204ms, throttle time: 0ms, request timeout: 30000ms)
2026-08-29T21:23:26.584+05:30  INFO 44812 --- [bmp-user-service] [e4-4217e9e9694b] o.a.kafka.clients.FetchSessionHandler    : [Consumer clientId=consumer-anonymous.a8f27670-05d5-4cea-bde4-4217e9e9694b-2, groupId=anonymous.a8f27670-05d5-4cea-bde4-4217e9e9694b] Error sending fetch request (sessionId=473885257, epoch=1358) to node 1:

org.apache.kafka.common.errors.DisconnectException: null

2026-08-29T21:23:26.591+05:30  INFO 44812 --- [bmp-user-service] [e4-4217e9e9694b] o.a.k.c.c.internals.ConsumerCoordinator  : [Consumer clientId=consumer-anonymous.a8f27670-05d5-4cea-bde4-4217e9e9694b-2, groupId=anonymous.a8f27670-05d5-4cea-bde4-4217e9e9694b] Group coordinator localhost:9092 (id: 2147483646 rack: null) is unavailable or invalid due to cause: null. isDisconnected: true. Rediscovery will be attempted.
2026-08-29T21:23:27.764+05:30  WARN 44812 --- [bmp-user-service] [l-1 housekeeper] com.zaxxer.hikari.pool.HikariPool        : HikariPool-1 - Thread starvation or clock leap detected (housekeeper delta=22m57s124ms564µs700ns).
2026-08-29T21:23:28.157+05:30  INFO 44812 --- [bmp-user-service] [container-0-C-1] o.a.k.c.c.internals.ConsumerCoordinator  : [Consumer clientId=consumer-anonymous.a8f27670-05d5-4cea-bde4-4217e9e9694b-2, groupId=anonymous.a8f27670-05d5-4cea-bde4-4217e9e9694b] Discovered group coordinator localhost:9092 (id: 2147483646 rack: null)
2026-08-29T21:23:47.126+05:30  INFO 44812 --- [bmp-user-service] [pool-2-thread-1] org.apache.kafka.clients.NetworkClient   : [Consumer clientId=consumer-anonymous.a8f27670-05d5-4cea-bde4-4217e9e9694b-3, groupId=anonymous.a8f27670-05d5-4cea-bde4-4217e9e9694b] Node 2147483646 disconnected.
2026-08-29T21:23:47.130+05:30  INFO 44812 --- [bmp-user-service] [pool-2-thread-1] o.a.k.c.c.internals.ConsumerCoordinator  : [Consumer clientId=consumer-anonymous.a8f27670-05d5-4cea-bde4-4217e9e9694b-3, groupId=anonymous.a8f27670-05d5-4cea-bde4-4217e9e9694b] Group coordinator localhost:9092 (id: 2147483646 rack: null) is unavailable or invalid due to cause: coordinator unavailable. isDisconnected: true. Rediscovery will be attempted.
2026-08-29T21:23:47.135+05:30  INFO 44812 --- [bmp-user-service] [pool-2-thread-1] o.a.k.c.c.internals.ConsumerCoordinator  : [Consumer clientId=consumer-anonymous.a8f27670-05d5-4cea-bde4-4217e9e9694b-3, groupId=anonymous.a8f27670-05d5-4cea-bde4-4217e9e9694b] Discovered group coordinator localhost:9092 (id: 2147483646 rack: null)
2026-08-29T21:23:47.135+05:30  INFO 44812 --- [bmp-user-service] [pool-2-thread-1] o.a.k.c.c.internals.ConsumerCoordinator  : [Consumer clientId=consumer-anonymous.a8f27670-05d5-4cea-bde4-4217e9e9694b-3, groupId=anonymous.a8f27670-05d5-4cea-bde4-4217e9e9694b] Group coordinator localhost:9092 (id: 2147483646 rack: null) is unavailable or invalid due to cause: coordinator unavailable. isDisconnected: false. Rediscovery will be attempted.
2026-08-29T21:23:47.135+05:30  INFO 44812 --- [bmp-user-service] [pool-2-thread-1] o.a.k.c.c.internals.ConsumerCoordinator  : [Consumer clientId=consumer-anonymous.a8f27670-05d5-4cea-bde4-4217e9e9694b-3, groupId=anonymous.a8f27670-05d5-4cea-bde4-4217e9e9694b] Requesting disconnect from last known coordinator localhost:9092 (id: 2147483646 rack: null)
2026-08-29T21:23:47.267+05:30  INFO 44812 --- [bmp-user-service] [pool-2-thread-1] o.a.k.c.c.internals.ConsumerCoordinator  : [Consumer clientId=consumer-anonymous.a8f27670-05d5-4cea-bde4-4217e9e9694b-3, groupId=anonymous.a8f27670-05d5-4cea-bde4-4217e9e9694b] Discovered group coordinator localhost:9092 (id: 2147483646 rack: null)
2026-08-29T21:26:20.119+05:30  INFO 44812 --- [bmp-user-service] [rap-executor-%d] c.n.d.s.r.aws.ConfigClusterResolver      : Resolving eureka endpoints via configuration
2026-08-29T21:31:20.128+05:30  INFO 44812 --- [bmp-user-service] [rap-executor-%d] c.n.d.s.r.aws.ConfigClusterResolver      : Resolving eureka endpoints via configuration
2026-08-29T21:36:20.141+05:30  INFO 44812 --- [bmp-user-service] [rap-executor-%d] c.n.d.s.r.aws.ConfigClusterResolver      : Resolving eureka endpoints via configuration
2026-08-29T21:41:20.148+05:30  INFO 44812 --- [bmp-user-service] [rap-executor-%d] c.n.d.s.r.aws.ConfigClusterResolver      : Resolving eureka endpoints via configuration
2026-08-29T21:46:20.162+05:30  INFO 44812 --- [bmp-user-service] [rap-executor-%d] c.n.d.s.r.aws.ConfigClusterResolver      : Resolving eureka endpoints via configuration
2026-08-29T21:51:20.177+05:30  INFO 44812 --- [bmp-user-service] [rap-executor-%d] c.n.d.s.r.aws.ConfigClusterResolver      : Resolving eureka endpoints via configuration
2026-08-29T21:56:20.186+05:30  INFO 44812 --- [bmp-user-service] [rap-executor-%d] c.n.d.s.r.aws.ConfigClusterResolver      : Resolving eureka endpoints via configuration
2026-08-29T22:01:20.202+05:30  INFO 44812 --- [bmp-user-service] [rap-executor-%d] c.n.d.s.r.aws.ConfigClusterResolver      : Resolving eureka endpoints via configuration
2026-08-29T22:06:20.220+05:30  INFO 44812 --- [bmp-user-service] [rap-executor-%d] c.n.d.s.r.aws.ConfigClusterResolver      : Resolving eureka endpoints via configuration
2026-08-29T22:11:20.234+05:30  INFO 44812 --- [bmp-user-service] [rap-executor-%d] c.n.d.s.r.aws.ConfigClusterResolver      : Resolving eureka endpoints via configuration
2026-08-29T22:16:20.242+05:30  INFO 44812 --- [bmp-user-service] [rap-executor-%d] c.n.d.s.r.aws.ConfigClusterResolver      : Resolving eureka endpoints via configuration
2026-08-29T22:21:20.249+05:30  INFO 44812 --- [bmp-user-service] [rap-executor-%d] c.n.d.s.r.aws.ConfigClusterResolver      : Resolving eureka endpoints via configuration
2026-08-29T22:26:20.264+05:30  INFO 44812 --- [bmp-user-service] [rap-executor-%d] c.n.d.s.r.aws.ConfigClusterResolver      : Resolving eureka endpoints via configuration
2026-08-29T22:31:20.276+05:30  INFO 44812 --- [bmp-user-service] [rap-executor-%d] c.n.d.s.r.aws.ConfigClusterResolver      : Resolving eureka endpoints via configuration
2026-08-29T22:36:20.291+05:30  INFO 44812 --- [bmp-user-service] [rap-executor-%d] c.n.d.s.r.aws.ConfigClusterResolver      : Resolving eureka endpoints via configuration
2026-08-29T22:41:20.293+05:30  INFO 44812 --- [bmp-user-service] [rap-executor-%d] c.n.d.s.r.aws.ConfigClusterResolver      : Resolving eureka endpoints via configuration
2026-08-29T22:46:20.305+05:30  INFO 44812 --- [bmp-user-service] [rap-executor-%d] c.n.d.s.r.aws.ConfigClusterResolver      : Resolving eureka endpoints via configuration
2026-08-29T22:51:20.327+05:30  INFO 44812 --- [bmp-user-service] [rap-executor-%d] c.n.d.s.r.aws.ConfigClusterResolver      : Resolving eureka endpoints via configuration
2026-08-29T22:56:20.332+05:30  INFO 44812 --- [bmp-user-service] [rap-executor-%d] c.n.d.s.r.aws.ConfigClusterResolver      : Resolving eureka endpoints via configuration
2026-08-29T23:01:20.363+05:30  INFO 44812 --- [bmp-user-service] [rap-executor-%d] c.n.d.s.r.aws.ConfigClusterResolver      : Resolving eureka endpoints via configuration
2026-08-29T23:06:20.370+05:30  INFO 44812 --- [bmp-user-service] [rap-executor-%d] c.n.d.s.r.aws.ConfigClusterResolver      : Resolving eureka endpoints via configuration
2026-08-29T23:11:20.376+05:30  INFO 44812 --- [bmp-user-service] [rap-executor-%d] c.n.d.s.r.aws.ConfigClusterResolver      : Resolving eureka endpoints via configuration
2026-08-29T23:16:20.390+05:30  INFO 44812 --- [bmp-user-service] [rap-executor-%d] c.n.d.s.r.aws.ConfigClusterResolver      : Resolving eureka endpoints via configuration
2026-08-29T23:21:20.400+05:30  INFO 44812 --- [bmp-user-service] [rap-executor-%d] c.n.d.s.r.aws.ConfigClusterResolver      : Resolving eureka endpoints via configuration
2026-08-29T23:26:20.408+05:30  INFO 44812 --- [bmp-user-service] [rap-executor-%d] c.n.d.s.r.aws.ConfigClusterResolver      : Resolving eureka endpoints via configuration
2026-08-29T23:31:20.413+05:30  INFO 44812 --- [bmp-user-service] [rap-executor-%d] c.n.d.s.r.aws.ConfigClusterResolver      : Resolving eureka endpoints via configuration
2026-08-29T23:36:20.416+05:30  INFO 44812 --- [bmp-user-service] [rap-executor-%d] c.n.d.s.r.aws.ConfigClusterResolver      : Resolving eureka endpoints via configuration
2026-08-29T23:41:20.423+05:30  INFO 44812 --- [bmp-user-service] [rap-executor-%d] c.n.d.s.r.aws.ConfigClusterResolver      : Resolving eureka endpoints via configuration
2026-08-29T23:46:20.433+05:30  INFO 44812 --- [bmp-user-service] [rap-executor-%d] c.n.d.s.r.aws.ConfigClusterResolver      : Resolving eureka endpoints via configuration
2026-08-30T00:04:38.088+05:30  INFO 44812 --- [bmp-user-service] [container-0-C-1] org.apache.kafka.clients.NetworkClient   : [Consumer clientId=consumer-anonymous.a8f27670-05d5-4cea-bde4-4217e9e9694b-2, groupId=anonymous.a8f27670-05d5-4cea-bde4-4217e9e9694b] Node 2147483646 disconnected.
2026-08-30T00:04:38.252+05:30  INFO 44812 --- [bmp-user-service] [container-0-C-1] org.apache.kafka.clients.NetworkClient   : [Consumer clientId=consumer-anonymous.a8f27670-05d5-4cea-bde4-4217e9e9694b-2, groupId=anonymous.a8f27670-05d5-4cea-bde4-4217e9e9694b] Disconnecting from node 1 due to request timeout.
2026-08-30T00:04:38.255+05:30  INFO 44812 --- [bmp-user-service] [container-0-C-1] org.apache.kafka.clients.NetworkClient   : [Consumer clientId=consumer-anonymous.a8f27670-05d5-4cea-bde4-4217e9e9694b-2, groupId=anonymous.a8f27670-05d5-4cea-bde4-4217e9e9694b] Cancelled in-flight FETCH request with correlation id 83517 due to node 1 being disconnected (elapsed time since creation: 827075ms, elapsed time since send: 827075ms, throttle time: 0ms, request timeout: 30000ms)
2026-08-30T00:04:38.261+05:30  INFO 44812 --- [bmp-user-service] [e4-4217e9e9694b] o.a.k.c.c.internals.ConsumerCoordinator  : [Consumer clientId=consumer-anonymous.a8f27670-05d5-4cea-bde4-4217e9e9694b-2, groupId=anonymous.a8f27670-05d5-4cea-bde4-4217e9e9694b] Group coordinator localhost:9092 (id: 2147483646 rack: null) is unavailable or invalid due to cause: session timed out without receiving a heartbeat response. isDisconnected: false. Rediscovery will be attempted.
2026-08-30T00:04:38.262+05:30  INFO 44812 --- [bmp-user-service] [e4-4217e9e9694b] o.a.k.c.c.internals.ConsumerCoordinator  : [Consumer clientId=consumer-anonymous.a8f27670-05d5-4cea-bde4-4217e9e9694b-2, groupId=anonymous.a8f27670-05d5-4cea-bde4-4217e9e9694b] Requesting disconnect from last known coordinator localhost:9092 (id: 2147483646 rack: null)
2026-08-30T00:04:38.323+05:30  INFO 44812 --- [bmp-user-service] [container-0-C-1] o.a.kafka.clients.FetchSessionHandler    : [Consumer clientId=consumer-anonymous.a8f27670-05d5-4cea-bde4-4217e9e9694b-2, groupId=anonymous.a8f27670-05d5-4cea-bde4-4217e9e9694b] Error sending fetch request (sessionId=339690453, epoch=17468) to node 1:

org.apache.kafka.common.errors.DisconnectException: null

2026-08-30T00:04:40.720+05:30  INFO 44812 --- [bmp-user-service] [container-0-C-1] o.a.k.c.c.internals.ConsumerCoordinator  : [Consumer clientId=consumer-anonymous.a8f27670-05d5-4cea-bde4-4217e9e9694b-2, groupId=anonymous.a8f27670-05d5-4cea-bde4-4217e9e9694b] Discovered group coordinator localhost:9092 (id: 2147483646 rack: null)
2026-08-30T00:04:40.761+05:30  INFO 44812 --- [bmp-user-service] [container-0-C-1] o.a.k.c.c.internals.ConsumerCoordinator  : [Consumer clientId=consumer-anonymous.a8f27670-05d5-4cea-bde4-4217e9e9694b-2, groupId=anonymous.a8f27670-05d5-4cea-bde4-4217e9e9694b] Discovered group coordinator localhost:9092 (id: 2147483646 rack: null)
2026-08-30T00:04:40.790+05:30  INFO 44812 --- [bmp-user-service] [container-0-C-1] o.a.k.c.c.internals.ConsumerCoordinator  : [Consumer clientId=consumer-anonymous.a8f27670-05d5-4cea-bde4-4217e9e9694b-2, groupId=anonymous.a8f27670-05d5-4cea-bde4-4217e9e9694b] Discovered group coordinator localhost:9092 (id: 2147483646 rack: null)
2026-08-30T00:04:42.913+05:30  WARN 44812 --- [bmp-user-service] [l-1 housekeeper] com.zaxxer.hikari.pool.HikariPool        : HikariPool-1 - Thread starvation or clock leap detected (housekeeper delta=14m13s709ms422µs800ns).
2026-08-30T00:05:02.936+05:30  INFO 44812 --- [bmp-user-service] [rap-executor-%d] c.n.d.s.r.aws.ConfigClusterResolver      : Resolving eureka endpoints via configuration
2026-08-30T00:05:32.605+05:30  INFO 44812 --- [bmp-user-service] [pool-2-thread-1] org.apache.kafka.clients.NetworkClient   : [Consumer clientId=consumer-anonymous.a8f27670-05d5-4cea-bde4-4217e9e9694b-3, groupId=anonymous.a8f27670-05d5-4cea-bde4-4217e9e9694b] Node 2147483646 disconnected.
2026-08-30T00:05:32.619+05:30  INFO 44812 --- [bmp-user-service] [pool-2-thread-1] o.a.k.c.c.internals.ConsumerCoordinator  : [Consumer clientId=consumer-anonymous.a8f27670-05d5-4cea-bde4-4217e9e9694b-3, groupId=anonymous.a8f27670-05d5-4cea-bde4-4217e9e9694b] Group coordinator localhost:9092 (id: 2147483646 rack: null) is unavailable or invalid due to cause: coordinator unavailable. isDisconnected: true. Rediscovery will be attempted.
2026-08-30T00:05:32.622+05:30  INFO 44812 --- [bmp-user-service] [pool-2-thread-1] o.a.k.c.c.internals.ConsumerCoordinator  : [Consumer clientId=consumer-anonymous.a8f27670-05d5-4cea-bde4-4217e9e9694b-3, groupId=anonymous.a8f27670-05d5-4cea-bde4-4217e9e9694b] Discovered group coordinator localhost:9092 (id: 2147483646 rack: null)
2026-08-30T00:05:32.623+05:30  INFO 44812 --- [bmp-user-service] [pool-2-thread-1] o.a.k.c.c.internals.ConsumerCoordinator  : [Consumer clientId=consumer-anonymous.a8f27670-05d5-4cea-bde4-4217e9e9694b-3, groupId=anonymous.a8f27670-05d5-4cea-bde4-4217e9e9694b] Group coordinator localhost:9092 (id: 2147483646 rack: null) is unavailable or invalid due to cause: coordinator unavailable. isDisconnected: false. Rediscovery will be attempted.
2026-08-30T00:05:32.623+05:30  INFO 44812 --- [bmp-user-service] [pool-2-thread-1] o.a.k.c.c.internals.ConsumerCoordinator  : [Consumer clientId=consumer-anonymous.a8f27670-05d5-4cea-bde4-4217e9e9694b-3, groupId=anonymous.a8f27670-05d5-4cea-bde4-4217e9e9694b] Requesting disconnect from last known coordinator localhost:9092 (id: 2147483646 rack: null)
2026-08-30T00:05:32.756+05:30  INFO 44812 --- [bmp-user-service] [pool-2-thread-1] o.a.k.c.c.internals.ConsumerCoordinator  : [Consumer clientId=consumer-anonymous.a8f27670-05d5-4cea-bde4-4217e9e9694b-3, groupId=anonymous.a8f27670-05d5-4cea-bde4-4217e9e9694b] Discovered group coordinator localhost:9092 (id: 2147483646 rack: null)
2026-08-30T00:10:02.948+05:30  INFO 44812 --- [bmp-user-service] [rap-executor-%d] c.n.d.s.r.aws.ConfigClusterResolver      : Resolving eureka endpoints via configuration
2026-08-30T00:15:02.962+05:30  INFO 44812 --- [bmp-user-service] [rap-executor-%d] c.n.d.s.r.aws.ConfigClusterResolver      : Resolving eureka endpoints via configuration
2026-08-30T00:20:02.974+05:30  INFO 44812 --- [bmp-user-service] [rap-executor-%d] c.n.d.s.r.aws.ConfigClusterResolver      : Resolving eureka endpoints via configuration
2026-08-30T00:22:38.100+05:30  WARN 44812 --- [bmp-user-service] [l-1 housekeeper] com.zaxxer.hikari.pool.HikariPool        : HikariPool-1 - Thread starvation or clock leap detected (housekeeper delta=55s1ms168µs101ns).
2026-08-30T00:25:27.838+05:30  INFO 44812 --- [bmp-user-service] [rap-executor-%d] c.n.d.s.r.aws.ConfigClusterResolver      : Resolving eureka endpoints via configuration
2026-08-30T00:30:27.848+05:30  INFO 44812 --- [bmp-user-service] [rap-executor-%d] c.n.d.s.r.aws.ConfigClusterResolver      : Resolving eureka endpoints via configuration
2026-08-30T00:35:27.870+05:30  INFO 44812 --- [bmp-user-service] [rap-executor-%d] c.n.d.s.r.aws.ConfigClusterResolver      : Resolving eureka endpoints via configuration
2026-08-30T00:40:35.833+05:30  INFO 44812 --- [bmp-user-service] [container-0-C-1] org.apache.kafka.clients.NetworkClient   : [Consumer clientId=consumer-anonymous.a8f27670-05d5-4cea-bde4-4217e9e9694b-2, groupId=anonymous.a8f27670-05d5-4cea-bde4-4217e9e9694b] Disconnecting from node 1 due to request timeout.
2026-08-30T00:40:35.840+05:30  INFO 44812 --- [bmp-user-service] [container-0-C-1] org.apache.kafka.clients.NetworkClient   : [Consumer clientId=consumer-anonymous.a8f27670-05d5-4cea-bde4-4217e9e9694b-2, groupId=anonymous.a8f27670-05d5-4cea-bde4-4217e9e9694b] Cancelled in-flight FETCH request with correlation id 88153 due to node 1 being disconnected (elapsed time since creation: 126352ms, elapsed time since send: 126352ms, throttle time: 0ms, request timeout: 30000ms)
2026-08-30T00:40:35.921+05:30  INFO 44812 --- [bmp-user-service] [e4-4217e9e9694b] o.a.k.c.c.internals.ConsumerCoordinator  : [Consumer clientId=consumer-anonymous.a8f27670-05d5-4cea-bde4-4217e9e9694b-2, groupId=anonymous.a8f27670-05d5-4cea-bde4-4217e9e9694b] Group coordinator localhost:9092 (id: 2147483646 rack: null) is unavailable or invalid due to cause: session timed out without receiving a heartbeat response. isDisconnected: false. Rediscovery will be attempted.
2026-08-30T00:40:35.922+05:30  INFO 44812 --- [bmp-user-service] [e4-4217e9e9694b] o.a.k.c.c.internals.ConsumerCoordinator  : [Consumer clientId=consumer-anonymous.a8f27670-05d5-4cea-bde4-4217e9e9694b-2, groupId=anonymous.a8f27670-05d5-4cea-bde4-4217e9e9694b] Requesting disconnect from last known coordinator localhost:9092 (id: 2147483646 rack: null)
2026-08-30T00:40:35.922+05:30  INFO 44812 --- [bmp-user-service] [e4-4217e9e9694b] org.apache.kafka.clients.NetworkClient   : [Consumer clientId=consumer-anonymous.a8f27670-05d5-4cea-bde4-4217e9e9694b-2, groupId=anonymous.a8f27670-05d5-4cea-bde4-4217e9e9694b] Client requested disconnect from node 2147483646
2026-08-30T00:40:35.920+05:30  INFO 44812 --- [bmp-user-service] [container-0-C-1] o.a.kafka.clients.FetchSessionHandler    : [Consumer clientId=consumer-anonymous.a8f27670-05d5-4cea-bde4-4217e9e9694b-2, groupId=anonymous.a8f27670-05d5-4cea-bde4-4217e9e9694b] Error sending fetch request (sessionId=92466384, epoch=3949) to node 1:

org.apache.kafka.common.errors.DisconnectException: null

2026-08-30T00:40:36.691+05:30  INFO 44812 --- [bmp-user-service] [container-0-C-1] o.a.k.c.c.internals.ConsumerCoordinator  : [Consumer clientId=consumer-anonymous.a8f27670-05d5-4cea-bde4-4217e9e9694b-2, groupId=anonymous.a8f27670-05d5-4cea-bde4-4217e9e9694b] Discovered group coordinator localhost:9092 (id: 2147483646 rack: null)
2026-08-30T00:40:42.177+05:30  WARN 44812 --- [bmp-user-service] [l-1 housekeeper] com.zaxxer.hikari.pool.HikariPool        : HikariPool-1 - Thread starvation or clock leap detected (housekeeper delta=2m33s900ms397µs201ns).
2026-08-30T00:42:31.640+05:30  INFO 44812 --- [bmp-user-service] [rap-executor-%d] c.n.d.s.r.aws.ConfigClusterResolver      : Resolving eureka endpoints via configuration
2026-08-30T00:47:31.658+05:30  INFO 44812 --- [bmp-user-service] [rap-executor-%d] c.n.d.s.r.aws.ConfigClusterResolver      : Resolving eureka endpoints via configuration
2026-08-30T00:52:31.666+05:30  INFO 44812 --- [bmp-user-service] [rap-executor-%d] c.n.d.s.r.aws.ConfigClusterResolver      : Resolving eureka endpoints via configuration
2026-08-30T00:57:31.668+05:30  INFO 44812 --- [bmp-user-service] [rap-executor-%d] c.n.d.s.r.aws.ConfigClusterResolver      : Resolving eureka endpoints via configuration
2026-08-30T01:02:31.673+05:30  INFO 44812 --- [bmp-user-service] [rap-executor-%d] c.n.d.s.r.aws.ConfigClusterResolver      : Resolving eureka endpoints via configuration
2026-08-30T01:07:31.687+05:30  INFO 44812 --- [bmp-user-service] [rap-executor-%d] c.n.d.s.r.aws.ConfigClusterResolver      : Resolving eureka endpoints via configuration
2026-08-30T01:12:31.701+05:30  INFO 44812 --- [bmp-user-service] [rap-executor-%d] c.n.d.s.r.aws.ConfigClusterResolver      : Resolving eureka endpoints via configuration
2026-08-30T04:15:48.913+05:30  INFO 44812 --- [bmp-user-service] [container-0-C-1] org.apache.kafka.clients.NetworkClient   : [Consumer clientId=consumer-anonymous.a8f27670-05d5-4cea-bde4-4217e9e9694b-2, groupId=anonymous.a8f27670-05d5-4cea-bde4-4217e9e9694b] Node 2147483646 disconnected.
2026-08-30T04:15:49.076+05:30  INFO 44812 --- [bmp-user-service] [container-0-C-1] org.apache.kafka.clients.NetworkClient   : [Consumer clientId=consumer-anonymous.a8f27670-05d5-4cea-bde4-4217e9e9694b-2, groupId=anonymous.a8f27670-05d5-4cea-bde4-4217e9e9694b] Disconnecting from node 1 due to request timeout.
2026-08-30T04:15:49.077+05:30  INFO 44812 --- [bmp-user-service] [container-0-C-1] org.apache.kafka.clients.NetworkClient   : [Consumer clientId=consumer-anonymous.a8f27670-05d5-4cea-bde4-4217e9e9694b-2, groupId=anonymous.a8f27670-05d5-4cea-bde4-4217e9e9694b] Cancelled in-flight FETCH request with correlation id 93004 due to node 1 being disconnected (elapsed time since creation: 10802741ms, elapsed time since send: 10802741ms, throttle time: 0ms, request timeout: 30000ms)
2026-08-30T04:15:49.079+05:30  INFO 44812 --- [bmp-user-service] [e4-4217e9e9694b] o.a.k.c.c.internals.ConsumerCoordinator  : [Consumer clientId=consumer-anonymous.a8f27670-05d5-4cea-bde4-4217e9e9694b-2, groupId=anonymous.a8f27670-05d5-4cea-bde4-4217e9e9694b] Group coordinator localhost:9092 (id: 2147483646 rack: null) is unavailable or invalid due to cause: session timed out without receiving a heartbeat response. isDisconnected: false. Rediscovery will be attempted.
2026-08-30T04:15:49.079+05:30  INFO 44812 --- [bmp-user-service] [e4-4217e9e9694b] o.a.k.c.c.internals.ConsumerCoordinator  : [Consumer clientId=consumer-anonymous.a8f27670-05d5-4cea-bde4-4217e9e9694b-2, groupId=anonymous.a8f27670-05d5-4cea-bde4-4217e9e9694b] Requesting disconnect from last known coordinator localhost:9092 (id: 2147483646 rack: null)
2026-08-30T04:15:49.081+05:30  INFO 44812 --- [bmp-user-service] [container-0-C-1] o.a.kafka.clients.FetchSessionHandler    : [Consumer clientId=consumer-anonymous.a8f27670-05d5-4cea-bde4-4217e9e9694b-2, groupId=anonymous.a8f27670-05d5-4cea-bde4-4217e9e9694b] Error sending fetch request (sessionId=1313642388, epoch=4129) to node 1:

org.apache.kafka.common.errors.DisconnectException: null

2026-08-30T04:15:51.639+05:30  INFO 44812 --- [bmp-user-service] [container-0-C-1] o.a.k.c.c.internals.ConsumerCoordinator  : [Consumer clientId=consumer-anonymous.a8f27670-05d5-4cea-bde4-4217e9e9694b-2, groupId=anonymous.a8f27670-05d5-4cea-bde4-4217e9e9694b] Discovered group coordinator localhost:9092 (id: 2147483646 rack: null)
2026-08-30T04:15:51.683+05:30  INFO 44812 --- [bmp-user-service] [container-0-C-1] o.a.k.c.c.internals.ConsumerCoordinator  : [Consumer clientId=consumer-anonymous.a8f27670-05d5-4cea-bde4-4217e9e9694b-2, groupId=anonymous.a8f27670-05d5-4cea-bde4-4217e9e9694b] Discovered group coordinator localhost:9092 (id: 2147483646 rack: null)
2026-08-30T04:16:01.836+05:30  INFO 44812 --- [bmp-user-service] [pool-2-thread-1] org.apache.kafka.clients.NetworkClient   : [Consumer clientId=consumer-anonymous.a8f27670-05d5-4cea-bde4-4217e9e9694b-3, groupId=anonymous.a8f27670-05d5-4cea-bde4-4217e9e9694b] Node 2147483646 disconnected.
2026-08-30T11:51:22.790+05:30  INFO 44812 --- [bmp-user-service] [container-0-C-1] org.apache.kafka.clients.NetworkClient   : [Consumer clientId=consumer-anonymous.a8f27670-05d5-4cea-bde4-4217e9e9694b-2, groupId=anonymous.a8f27670-05d5-4cea-bde4-4217e9e9694b] Node 2147483646 disconnected.
2026-08-30T11:51:22.798+05:30  INFO 44812 --- [bmp-user-service] [container-0-C-1] org.apache.kafka.clients.NetworkClient   : [Consumer clientId=consumer-anonymous.a8f27670-05d5-4cea-bde4-4217e9e9694b-2, groupId=anonymous.a8f27670-05d5-4cea-bde4-4217e9e9694b] Disconnecting from node 1 due to request timeout.
2026-08-30T11:51:22.798+05:30  INFO 44812 --- [bmp-user-service] [container-0-C-1] org.apache.kafka.clients.NetworkClient   : [Consumer clientId=consumer-anonymous.a8f27670-05d5-4cea-bde4-4217e9e9694b-2, groupId=anonymous.a8f27670-05d5-4cea-bde4-4217e9e9694b] Cancelled in-flight FETCH request with correlation id 93031 due to node 1 being disconnected (elapsed time since creation: 27321317ms, elapsed time since send: 27321317ms, throttle time: 0ms, request timeout: 30000ms)
2026-08-30T11:51:22.799+05:30  INFO 44812 --- [bmp-user-service] [container-0-C-1] o.a.kafka.clients.FetchSessionHandler    : [Consumer clientId=consumer-anonymous.a8f27670-05d5-4cea-bde4-4217e9e9694b-2, groupId=anonymous.a8f27670-05d5-4cea-bde4-4217e9e9694b] Error sending fetch request (sessionId=1837448275, epoch=16) to node 1:

org.apache.kafka.common.errors.DisconnectException: null

2026-08-30T11:51:22.826+05:30  INFO 44812 --- [bmp-user-service] [e4-4217e9e9694b] o.a.k.c.c.internals.ConsumerCoordinator  : [Consumer clientId=consumer-anonymous.a8f27670-05d5-4cea-bde4-4217e9e9694b-2, groupId=anonymous.a8f27670-05d5-4cea-bde4-4217e9e9694b] Group coordinator localhost:9092 (id: 2147483646 rack: null) is unavailable or invalid due to cause: session timed out without receiving a heartbeat response. isDisconnected: false. Rediscovery will be attempted.
2026-08-30T11:51:22.827+05:30  INFO 44812 --- [bmp-user-service] [e4-4217e9e9694b] o.a.k.c.c.internals.ConsumerCoordinator  : [Consumer clientId=consumer-anonymous.a8f27670-05d5-4cea-bde4-4217e9e9694b-2, groupId=anonymous.a8f27670-05d5-4cea-bde4-4217e9e9694b] Requesting disconnect from last known coordinator localhost:9092 (id: 2147483646 rack: null)
2026-08-30T11:51:25.437+05:30  INFO 44812 --- [bmp-user-service] [pool-2-thread-1] org.apache.kafka.clients.NetworkClient   : [Consumer clientId=consumer-anonymous.a8f27670-05d5-4cea-bde4-4217e9e9694b-3, groupId=anonymous.a8f27670-05d5-4cea-bde4-4217e9e9694b] Node 1 disconnected.
2026-08-30T11:51:25.439+05:30  INFO 44812 --- [bmp-user-service] [pool-2-thread-1] org.apache.kafka.clients.NetworkClient   : [Consumer clientId=consumer-anonymous.a8f27670-05d5-4cea-bde4-4217e9e9694b-3, groupId=anonymous.a8f27670-05d5-4cea-bde4-4217e9e9694b] Cancelled in-flight METADATA request with correlation id 2324 due to node 1 being disconnected (elapsed time since creation: 27323603ms, elapsed time since send: 27323603ms, throttle time: 0ms, request timeout: 30000ms)
2026-08-30T11:51:25.450+05:30  INFO 44812 --- [bmp-user-service] [pool-2-thread-1] org.apache.kafka.clients.NetworkClient   : [Consumer clientId=consumer-anonymous.a8f27670-05d5-4cea-bde4-4217e9e9694b-3, groupId=anonymous.a8f27670-05d5-4cea-bde4-4217e9e9694b] Cancelled in-flight LIST_OFFSETS request with correlation id 2323 due to node 1 being disconnected (elapsed time since creation: 27323603ms, elapsed time since send: 27323600ms, throttle time: 0ms, request timeout: 30000ms)
2026-08-30T11:51:28.038+05:30  INFO 44812 --- [bmp-user-service] [container-0-C-1] o.a.k.c.c.internals.ConsumerCoordinator  : [Consumer clientId=consumer-anonymous.a8f27670-05d5-4cea-bde4-4217e9e9694b-2, groupId=anonymous.a8f27670-05d5-4cea-bde4-4217e9e9694b] Discovered group coordinator localhost:9092 (id: 2147483646 rack: null)
2026-08-30T11:51:30.464+05:30  WARN 44812 --- [bmp-user-service] [l-1 housekeeper] com.zaxxer.hikari.pool.HikariPool        : HikariPool-1 - Thread starvation or clock leap detected (housekeeper delta=10h35m50s300ms616µs900ns).
2026-08-30T11:56:06.593+05:30  INFO 44812 --- [bmp-user-service] [container-0-C-1] org.apache.kafka.clients.NetworkClient   : [Consumer clientId=consumer-anonymous.a8f27670-05d5-4cea-bde4-4217e9e9694b-2, groupId=anonymous.a8f27670-05d5-4cea-bde4-4217e9e9694b] Disconnecting from node 1 due to request timeout.
2026-08-30T11:56:06.593+05:30  INFO 44812 --- [bmp-user-service] [container-0-C-1] org.apache.kafka.clients.NetworkClient   : [Consumer clientId=consumer-anonymous.a8f27670-05d5-4cea-bde4-4217e9e9694b-2, groupId=anonymous.a8f27670-05d5-4cea-bde4-4217e9e9694b] Cancelled in-flight FETCH request with correlation id 93100 due to node 1 being disconnected (elapsed time since creation: 250937ms, elapsed time since send: 250937ms, throttle time: 0ms, request timeout: 30000ms)
2026-08-30T11:56:07.703+05:30  INFO 44812 --- [bmp-user-service] [container-0-C-1] o.a.kafka.clients.FetchSessionHandler    : [Consumer clientId=consumer-anonymous.a8f27670-05d5-4cea-bde4-4217e9e9694b-2, groupId=anonymous.a8f27670-05d5-4cea-bde4-4217e9e9694b] Error sending fetch request (sessionId=1657109539, epoch=53) to node 1:

org.apache.kafka.common.errors.DisconnectException: null

2026-08-30T11:56:07.735+05:30  INFO 44812 --- [bmp-user-service] [e4-4217e9e9694b] o.a.k.c.c.internals.ConsumerCoordinator  : [Consumer clientId=consumer-anonymous.a8f27670-05d5-4cea-bde4-4217e9e9694b-2, groupId=anonymous.a8f27670-05d5-4cea-bde4-4217e9e9694b] Group coordinator localhost:9092 (id: 2147483646 rack: null) is unavailable or invalid due to cause: session timed out without receiving a heartbeat response. isDisconnected: false. Rediscovery will be attempted.
2026-08-30T11:56:07.735+05:30  INFO 44812 --- [bmp-user-service] [e4-4217e9e9694b] o.a.k.c.c.internals.ConsumerCoordinator  : [Consumer clientId=consumer-anonymous.a8f27670-05d5-4cea-bde4-4217e9e9694b-2, groupId=anonymous.a8f27670-05d5-4cea-bde4-4217e9e9694b] Requesting disconnect from last known coordinator localhost:9092 (id: 2147483646 rack: null)
2026-08-30T11:56:07.736+05:30  INFO 44812 --- [bmp-user-service] [e4-4217e9e9694b] org.apache.kafka.clients.NetworkClient   : [Consumer clientId=consumer-anonymous.a8f27670-05d5-4cea-bde4-4217e9e9694b-2, groupId=anonymous.a8f27670-05d5-4cea-bde4-4217e9e9694b] Client requested disconnect from node 2147483646
2026-08-30T11:56:08.988+05:30  INFO 44812 --- [bmp-user-service] [container-0-C-1] o.a.k.c.c.internals.ConsumerCoordinator  : [Consumer clientId=consumer-anonymous.a8f27670-05d5-4cea-bde4-4217e9e9694b-2, groupId=anonymous.a8f27670-05d5-4cea-bde4-4217e9e9694b] Discovered group coordinator localhost:9092 (id: 2147483646 rack: null)
2026-08-30T11:56:09.019+05:30  WARN 44812 --- [bmp-user-service] [l-1 housekeeper] com.zaxxer.hikari.pool.HikariPool        : HikariPool-1 - Thread starvation or clock leap detected (housekeeper delta=4m41s17ms539µs100ns).
2026-08-30T11:56:36.688+05:30  INFO 44812 --- [bmp-user-service] [pool-2-thread-1] org.apache.kafka.clients.NetworkClient   : [Consumer clientId=consumer-anonymous.a8f27670-05d5-4cea-bde4-4217e9e9694b-3, groupId=anonymous.a8f27670-05d5-4cea-bde4-4217e9e9694b] Disconnecting from node 1 due to request timeout.
2026-08-30T11:56:36.688+05:30  INFO 44812 --- [bmp-user-service] [pool-2-thread-1] org.apache.kafka.clients.NetworkClient   : [Consumer clientId=consumer-anonymous.a8f27670-05d5-4cea-bde4-4217e9e9694b-3, groupId=anonymous.a8f27670-05d5-4cea-bde4-4217e9e9694b] Cancelled in-flight API_VERSIONS request with correlation id 2326 due to node 1 being disconnected (elapsed time since creation: 308626ms, elapsed time since send: 308626ms, throttle time: 0ms, request timeout: 30000ms)
2026-08-30T11:56:57.741+05:30  INFO 44812 --- [bmp-user-service] [rap-executor-%d] c.n.d.s.r.aws.ConfigClusterResolver      : Resolving eureka endpoints via configuration
2026-08-30T12:01:57.763+05:30  INFO 44812 --- [bmp-user-service] [rap-executor-%d] c.n.d.s.r.aws.ConfigClusterResolver      : Resolving eureka endpoints via configuration
2026-08-30T12:06:57.770+05:30  INFO 44812 --- [bmp-user-service] [rap-executor-%d] c.n.d.s.r.aws.ConfigClusterResolver      : Resolving eureka endpoints via configuration
2026-08-30T12:11:57.787+05:30  INFO 44812 --- [bmp-user-service] [rap-executor-%d] c.n.d.s.r.aws.ConfigClusterResolver      : Resolving eureka endpoints via configuration
2026-08-30T12:16:57.817+05:30  INFO 44812 --- [bmp-user-service] [rap-executor-%d] c.n.d.s.r.aws.ConfigClusterResolver      : Resolving eureka endpoints via configuration
2026-08-30T12:21:57.823+05:30  INFO 44812 --- [bmp-user-service] [rap-executor-%d] c.n.d.s.r.aws.ConfigClusterResolver      : Resolving eureka endpoints via configuration
2026-08-30T12:26:57.829+05:30  INFO 44812 --- [bmp-user-service] [rap-executor-%d] c.n.d.s.r.aws.ConfigClusterResolver      : Resolving eureka endpoints via configuration
2026-08-30T12:31:57.837+05:30  INFO 44812 --- [bmp-user-service] [rap-executor-%d] c.n.d.s.r.aws.ConfigClusterResolver      : Resolving eureka endpoints via configuration
2026-08-30T12:36:57.853+05:30  INFO 44812 --- [bmp-user-service] [rap-executor-%d] c.n.d.s.r.aws.ConfigClusterResolver      : Resolving eureka endpoints via configuration
2026-08-30T12:41:57.868+05:30  INFO 44812 --- [bmp-user-service] [rap-executor-%d] c.n.d.s.r.aws.ConfigClusterResolver      : Resolving eureka endpoints via configuration
2026-08-30T12:46:57.888+05:30  INFO 44812 --- [bmp-user-service] [rap-executor-%d] c.n.d.s.r.aws.ConfigClusterResolver      : Resolving eureka endpoints via configuration
2026-08-30T12:51:57.896+05:30  INFO 44812 --- [bmp-user-service] [rap-executor-%d] c.n.d.s.r.aws.ConfigClusterResolver      : Resolving eureka endpoints via configuration
2026-08-30T12:56:57.907+05:30  INFO 44812 --- [bmp-user-service] [rap-executor-%d] c.n.d.s.r.aws.ConfigClusterResolver      : Resolving eureka endpoints via configuration
2026-08-30T13:01:57.913+05:30  INFO 44812 --- [bmp-user-service] [rap-executor-%d] c.n.d.s.r.aws.ConfigClusterResolver      : Resolving eureka endpoints via configuration
2026-08-30T13:06:57.934+05:30  INFO 44812 --- [bmp-user-service] [rap-executor-%d] c.n.d.s.r.aws.ConfigClusterResolver      : Resolving eureka endpoints via configuration
2026-08-30T13:11:57.948+05:30  INFO 44812 --- [bmp-user-service] [rap-executor-%d] c.n.d.s.r.aws.ConfigClusterResolver      : Resolving eureka endpoints via configuration
2026-08-30T13:16:57.965+05:30  INFO 44812 --- [bmp-user-service] [rap-executor-%d] c.n.d.s.r.aws.ConfigClusterResolver      : Resolving eureka endpoints via configuration
2026-08-30T13:21:57.974+05:30  INFO 44812 --- [bmp-user-service] [rap-executor-%d] c.n.d.s.r.aws.ConfigClusterResolver      : Resolving eureka endpoints via configuration
2026-08-30T13:26:57.987+05:30  INFO 44812 --- [bmp-user-service] [rap-executor-%d] c.n.d.s.r.aws.ConfigClusterResolver      : Resolving eureka endpoints via configuration
2026-08-30T13:31:58.003+05:30  INFO 44812 --- [bmp-user-service] [rap-executor-%d] c.n.d.s.r.aws.ConfigClusterResolver      : Resolving eureka endpoints via configuration
2026-08-30T13:36:58.023+05:30  INFO 44812 --- [bmp-user-service] [rap-executor-%d] c.n.d.s.r.aws.ConfigClusterResolver      : Resolving eureka endpoints via configuration
2026-08-30T13:41:58.039+05:30  INFO 44812 --- [bmp-user-service] [rap-executor-%d] c.n.d.s.r.aws.ConfigClusterResolver      : Resolving eureka endpoints via configuration
2026-08-30T13:46:58.047+05:30  INFO 44812 --- [bmp-user-service] [rap-executor-%d] c.n.d.s.r.aws.ConfigClusterResolver      : Resolving eureka endpoints via configuration
2026-08-30T13:51:58.049+05:30  INFO 44812 --- [bmp-user-service] [rap-executor-%d] c.n.d.s.r.aws.ConfigClusterResolver      : Resolving eureka endpoints via configuration
2026-08-30T13:56:58.055+05:30  INFO 44812 --- [bmp-user-service] [rap-executor-%d] c.n.d.s.r.aws.ConfigClusterResolver      : Resolving eureka endpoints via configuration
2026-08-30T14:01:58.070+05:30  INFO 44812 --- [bmp-user-service] [rap-executor-%d] c.n.d.s.r.aws.ConfigClusterResolver      : Resolving eureka endpoints via configuration
2026-08-30T14:06:58.088+05:30  INFO 44812 --- [bmp-user-service] [rap-executor-%d] c.n.d.s.r.aws.ConfigClusterResolver      : Resolving eureka endpoints via configuration
2026-08-30T14:11:58.096+05:30  INFO 44812 --- [bmp-user-service] [rap-executor-%d] c.n.d.s.r.aws.ConfigClusterResolver      : Resolving eureka endpoints via configuration
2026-08-30T14:16:58.097+05:30  INFO 44812 --- [bmp-user-service] [rap-executor-%d] c.n.d.s.r.aws.ConfigClusterResolver      : Resolving eureka endpoints via configuration
2026-08-30T14:21:58.120+05:30  INFO 44812 --- [bmp-user-service] [rap-executor-%d] c.n.d.s.r.aws.ConfigClusterResolver      : Resolving eureka endpoints via configuration
2026-08-30T14:26:58.130+05:30  INFO 44812 --- [bmp-user-service] [rap-executor-%d] c.n.d.s.r.aws.ConfigClusterResolver      : Resolving eureka endpoints via configuration
2026-08-30T14:31:58.136+05:30  INFO 44812 --- [bmp-user-service] [rap-executor-%d] c.n.d.s.r.aws.ConfigClusterResolver      : Resolving eureka endpoints via configuration
2026-08-30T14:36:58.152+05:30  INFO 44812 --- [bmp-user-service] [rap-executor-%d] c.n.d.s.r.aws.ConfigClusterResolver      : Resolving eureka endpoints via configuration
2026-08-30T14:41:58.158+05:30  INFO 44812 --- [bmp-user-service] [rap-executor-%d] c.n.d.s.r.aws.ConfigClusterResolver      : Resolving eureka endpoints via configuration
2026-08-30T17:42:16.446+05:30  INFO 44812 --- [bmp-user-service] [container-0-C-1] org.apache.kafka.clients.NetworkClient   : [Consumer clientId=consumer-anonymous.a8f27670-05d5-4cea-bde4-4217e9e9694b-2, groupId=anonymous.a8f27670-05d5-4cea-bde4-4217e9e9694b] Node 1 disconnected.
2026-08-30T17:42:16.717+05:30  INFO 44812 --- [bmp-user-service] [container-0-C-1] org.apache.kafka.clients.NetworkClient   : [Consumer clientId=consumer-anonymous.a8f27670-05d5-4cea-bde4-4217e9e9694b-2, groupId=anonymous.a8f27670-05d5-4cea-bde4-4217e9e9694b] Cancelled in-flight FETCH request with correlation id 116130 due to node 1 being disconnected (elapsed time since creation: 10803894ms, elapsed time since send: 10803894ms, throttle time: 0ms, request timeout: 30000ms)
2026-08-30T17:42:16.769+05:30  INFO 44812 --- [bmp-user-service] [container-0-C-1] org.apache.kafka.clients.NetworkClient   : [Consumer clientId=consumer-anonymous.a8f27670-05d5-4cea-bde4-4217e9e9694b-2, groupId=anonymous.a8f27670-05d5-4cea-bde4-4217e9e9694b] Disconnecting from node 2147483646 due to request timeout.
2026-08-30T17:42:16.770+05:30  INFO 44812 --- [bmp-user-service] [container-0-C-1] org.apache.kafka.clients.NetworkClient   : [Consumer clientId=consumer-anonymous.a8f27670-05d5-4cea-bde4-4217e9e9694b-2, groupId=anonymous.a8f27670-05d5-4cea-bde4-4217e9e9694b] Cancelled in-flight HEARTBEAT request with correlation id 116131 due to node 2147483646 being disconnected (elapsed time since creation: 10802381ms, elapsed time since send: 10802381ms, throttle time: 0ms, request timeout: 30000ms)
2026-08-30T17:42:16.837+05:30  INFO 44812 --- [bmp-user-service] [e4-4217e9e9694b] o.a.k.c.c.internals.ConsumerCoordinator  : [Consumer clientId=consumer-anonymous.a8f27670-05d5-4cea-bde4-4217e9e9694b-2, groupId=anonymous.a8f27670-05d5-4cea-bde4-4217e9e9694b] Group coordinator localhost:9092 (id: 2147483646 rack: null) is unavailable or invalid due to cause: null. isDisconnected: true. Rediscovery will be attempted.
2026-08-30T17:42:16.828+05:30  INFO 44812 --- [bmp-user-service] [container-0-C-1] o.a.kafka.clients.FetchSessionHandler    : [Consumer clientId=consumer-anonymous.a8f27670-05d5-4cea-bde4-4217e9e9694b-2, groupId=anonymous.a8f27670-05d5-4cea-bde4-4217e9e9694b] Error sending fetch request (sessionId=2118621625, epoch=19646) to node 1:

org.apache.kafka.common.errors.DisconnectException: null

2026-08-30T17:42:18.431+05:30  INFO 44812 --- [bmp-user-service] [container-0-C-1] o.a.k.c.c.internals.ConsumerCoordinator  : [Consumer clientId=consumer-anonymous.a8f27670-05d5-4cea-bde4-4217e9e9694b-2, groupId=anonymous.a8f27670-05d5-4cea-bde4-4217e9e9694b] Discovered group coordinator localhost:9092 (id: 2147483646 rack: null)
2026-08-30T17:42:18.458+05:30  INFO 44812 --- [bmp-user-service] [container-0-C-1] o.a.k.c.c.internals.ConsumerCoordinator  : [Consumer clientId=consumer-anonymous.a8f27670-05d5-4cea-bde4-4217e9e9694b-2, groupId=anonymous.a8f27670-05d5-4cea-bde4-4217e9e9694b] Discovered group coordinator localhost:9092 (id: 2147483646 rack: null)
2026-08-30T17:42:18.459+05:30  INFO 44812 --- [bmp-user-service] [container-0-C-1] o.a.k.c.c.internals.ConsumerCoordinator  : [Consumer clientId=consumer-anonymous.a8f27670-05d5-4cea-bde4-4217e9e9694b-2, groupId=anonymous.a8f27670-05d5-4cea-bde4-4217e9e9694b] Discovered group coordinator localhost:9092 (id: 2147483646 rack: null)
2026-08-30T17:42:18.459+05:30  INFO 44812 --- [bmp-user-service] [container-0-C-1] o.a.k.c.c.internals.ConsumerCoordinator  : [Consumer clientId=consumer-anonymous.a8f27670-05d5-4cea-bde4-4217e9e9694b-2, groupId=anonymous.a8f27670-05d5-4cea-bde4-4217e9e9694b] Discovered group coordinator localhost:9092 (id: 2147483646 rack: null)
2026-08-31T00:05:56.879+05:30  INFO 44812 --- [bmp-user-service] [container-0-C-1] org.apache.kafka.clients.NetworkClient   : [Consumer clientId=consumer-anonymous.a8f27670-05d5-4cea-bde4-4217e9e9694b-2, groupId=anonymous.a8f27670-05d5-4cea-bde4-4217e9e9694b] Node 2147483646 disconnected.
2026-08-31T00:05:56.883+05:30  INFO 44812 --- [bmp-user-service] [container-0-C-1] org.apache.kafka.clients.NetworkClient   : [Consumer clientId=consumer-anonymous.a8f27670-05d5-4cea-bde4-4217e9e9694b-2, groupId=anonymous.a8f27670-05d5-4cea-bde4-4217e9e9694b] Disconnecting from node 1 due to request timeout.
2026-08-31T00:05:56.983+05:30  INFO 44812 --- [bmp-user-service] [container-0-C-1] org.apache.kafka.clients.NetworkClient   : [Consumer clientId=consumer-anonymous.a8f27670-05d5-4cea-bde4-4217e9e9694b-2, groupId=anonymous.a8f27670-05d5-4cea-bde4-4217e9e9694b] Cancelled in-flight FETCH request with correlation id 116155 due to node 1 being disconnected (elapsed time since creation: 23012007ms, elapsed time since send: 23012007ms, throttle time: 0ms, request timeout: 30000ms)
2026-08-31T00:05:56.984+05:30  INFO 44812 --- [bmp-user-service] [container-0-C-1] o.a.kafka.clients.FetchSessionHandler    : [Consumer clientId=consumer-anonymous.a8f27670-05d5-4cea-bde4-4217e9e9694b-2, groupId=anonymous.a8f27670-05d5-4cea-bde4-4217e9e9694b] Error sending fetch request (sessionId=842021032, epoch=12) to node 1:

org.apache.kafka.common.errors.DisconnectException: null

2026-08-31T00:05:56.985+05:30  INFO 44812 --- [bmp-user-service] [e4-4217e9e9694b] o.a.k.c.c.internals.ConsumerCoordinator  : [Consumer clientId=consumer-anonymous.a8f27670-05d5-4cea-bde4-4217e9e9694b-2, groupId=anonymous.a8f27670-05d5-4cea-bde4-4217e9e9694b] Group coordinator localhost:9092 (id: 2147483646 rack: null) is unavailable or invalid due to cause: session timed out without receiving a heartbeat response. isDisconnected: false. Rediscovery will be attempted.
2026-08-31T00:05:56.986+05:30  INFO 44812 --- [bmp-user-service] [e4-4217e9e9694b] o.a.k.c.c.internals.ConsumerCoordinator  : [Consumer clientId=consumer-anonymous.a8f27670-05d5-4cea-bde4-4217e9e9694b-2, groupId=anonymous.a8f27670-05d5-4cea-bde4-4217e9e9694b] Requesting disconnect from last known coordinator localhost:9092 (id: 2147483646 rack: null)
2026-08-31T00:05:58.470+05:30  INFO 44812 --- [bmp-user-service] [container-0-C-1] o.a.k.c.c.internals.ConsumerCoordinator  : [Consumer clientId=consumer-anonymous.a8f27670-05d5-4cea-bde4-4217e9e9694b-2, groupId=anonymous.a8f27670-05d5-4cea-bde4-4217e9e9694b] Discovered group coordinator localhost:9092 (id: 2147483646 rack: null)
2026-08-31T00:06:09.676+05:30  INFO 44812 --- [bmp-user-service] [pool-2-thread-1] org.apache.kafka.clients.NetworkClient   : [Consumer clientId=consumer-anonymous.a8f27670-05d5-4cea-bde4-4217e9e9694b-3, groupId=anonymous.a8f27670-05d5-4cea-bde4-4217e9e9694b] Node 2147483646 disconnected.
2026-08-31T00:06:10.734+05:30  WARN 44812 --- [bmp-user-service] [l-1 housekeeper] com.zaxxer.hikari.pool.HikariPool        : HikariPool-1 - Thread starvation or clock leap detected (housekeeper delta=9h24m1s452ms939µs900ns).
2026-08-31T00:10:26.823+05:30  INFO 44812 --- [bmp-user-service] [rap-executor-%d] c.n.d.s.r.aws.ConfigClusterResolver      : Resolving eureka endpoints via configuration
2026-08-31T00:15:26.843+05:30  INFO 44812 --- [bmp-user-service] [rap-executor-%d] c.n.d.s.r.aws.ConfigClusterResolver      : Resolving eureka endpoints via configuration
2026-08-31T00:20:26.845+05:30  INFO 44812 --- [bmp-user-service] [rap-executor-%d] c.n.d.s.r.aws.ConfigClusterResolver      : Resolving eureka endpoints via configuration
2026-08-31T00:25:26.859+05:30  INFO 44812 --- [bmp-user-service] [rap-executor-%d] c.n.d.s.r.aws.ConfigClusterResolver      : Resolving eureka endpoints via configuration
2026-08-31T00:30:26.865+05:30  INFO 44812 --- [bmp-user-service] [rap-executor-%d] c.n.d.s.r.aws.ConfigClusterResolver      : Resolving eureka endpoints via configuration
2026-08-31T00:35:26.865+05:30  INFO 44812 --- [bmp-user-service] [rap-executor-%d] c.n.d.s.r.aws.ConfigClusterResolver      : Resolving eureka endpoints via configuration
2026-08-31T00:40:26.885+05:30  INFO 44812 --- [bmp-user-service] [rap-executor-%d] c.n.d.s.r.aws.ConfigClusterResolver      : Resolving eureka endpoints via configuration
2026-08-31T00:45:26.895+05:30  INFO 44812 --- [bmp-user-service] [rap-executor-%d] c.n.d.s.r.aws.ConfigClusterResolver      : Resolving eureka endpoints via configuration
2026-08-31T00:50:26.909+05:30  INFO 44812 --- [bmp-user-service] [rap-executor-%d] c.n.d.s.r.aws.ConfigClusterResolver      : Resolving eureka endpoints via configuration
2026-08-31T03:54:51.998+05:30  INFO 44812 --- [bmp-user-service] [container-0-C-1] org.apache.kafka.clients.NetworkClient   : [Consumer clientId=consumer-anonymous.a8f27670-05d5-4cea-bde4-4217e9e9694b-2, groupId=anonymous.a8f27670-05d5-4cea-bde4-4217e9e9694b] Node 1 disconnected.
2026-08-31T03:54:52.163+05:30  INFO 44812 --- [bmp-user-service] [container-0-C-1] org.apache.kafka.clients.NetworkClient   : [Consumer clientId=consumer-anonymous.a8f27670-05d5-4cea-bde4-4217e9e9694b-2, groupId=anonymous.a8f27670-05d5-4cea-bde4-4217e9e9694b] Cancelled in-flight FETCH request with correlation id 122934 due to node 1 being disconnected (elapsed time since creation: 10803083ms, elapsed time since send: 10803083ms, throttle time: 0ms, request timeout: 30000ms)
2026-08-31T03:54:52.210+05:30  INFO 44812 --- [bmp-user-service] [e4-4217e9e9694b] org.apache.kafka.clients.NetworkClient   : [Consumer clientId=consumer-anonymous.a8f27670-05d5-4cea-bde4-4217e9e9694b-2, groupId=anonymous.a8f27670-05d5-4cea-bde4-4217e9e9694b] Node 2147483646 disconnected.
2026-08-31T03:54:52.253+05:30  INFO 44812 --- [bmp-user-service] [e4-4217e9e9694b] o.a.k.c.c.internals.ConsumerCoordinator  : [Consumer clientId=consumer-anonymous.a8f27670-05d5-4cea-bde4-4217e9e9694b-2, groupId=anonymous.a8f27670-05d5-4cea-bde4-4217e9e9694b] Group coordinator localhost:9092 (id: 2147483646 rack: null) is unavailable or invalid due to cause: coordinator unavailable. isDisconnected: true. Rediscovery will be attempted.
2026-08-31T03:54:52.246+05:30  INFO 44812 --- [bmp-user-service] [container-0-C-1] o.a.kafka.clients.FetchSessionHandler    : [Consumer clientId=consumer-anonymous.a8f27670-05d5-4cea-bde4-4217e9e9694b-2, groupId=anonymous.a8f27670-05d5-4cea-bde4-4217e9e9694b] Error sending fetch request (sessionId=634427339, epoch=5781) to node 1:

org.apache.kafka.common.errors.DisconnectException: null

2026-08-31T03:54:53.510+05:30  INFO 44812 --- [bmp-user-service] [container-0-C-1] o.a.k.c.c.internals.ConsumerCoordinator  : [Consumer clientId=consumer-anonymous.a8f27670-05d5-4cea-bde4-4217e9e9694b-2, groupId=anonymous.a8f27670-05d5-4cea-bde4-4217e9e9694b] Discovered group coordinator localhost:9092 (id: 2147483646 rack: null)
2026-08-31T03:54:53.516+05:30  INFO 44812 --- [bmp-user-service] [container-0-C-1] o.a.k.c.c.internals.ConsumerCoordinator  : [Consumer clientId=consumer-anonymous.a8f27670-05d5-4cea-bde4-4217e9e9694b-2, groupId=anonymous.a8f27670-05d5-4cea-bde4-4217e9e9694b] Discovered group coordinator localhost:9092 (id: 2147483646 rack: null)
2026-08-31T03:54:53.569+05:30  INFO 44812 --- [bmp-user-service] [container-0-C-1] o.a.k.c.c.internals.ConsumerCoordinator  : [Consumer clientId=consumer-anonymous.a8f27670-05d5-4cea-bde4-4217e9e9694b-2, groupId=anonymous.a8f27670-05d5-4cea-bde4-4217e9e9694b] Discovered group coordinator localhost:9092 (id: 2147483646 rack: null)
2026-08-31T10:17:01.890+05:30  INFO 44812 --- [bmp-user-service] [container-0-C-1] org.apache.kafka.clients.NetworkClient   : [Consumer clientId=consumer-anonymous.a8f27670-05d5-4cea-bde4-4217e9e9694b-2, groupId=anonymous.a8f27670-05d5-4cea-bde4-4217e9e9694b] Node 2147483646 disconnected.
2026-08-31T10:17:02.747+05:30  INFO 44812 --- [bmp-user-service] [container-0-C-1] org.apache.kafka.clients.NetworkClient   : [Consumer clientId=consumer-anonymous.a8f27670-05d5-4cea-bde4-4217e9e9694b-2, groupId=anonymous.a8f27670-05d5-4cea-bde4-4217e9e9694b] Disconnecting from node 1 due to request timeout.
2026-08-31T10:17:02.747+05:30  INFO 44812 --- [bmp-user-service] [container-0-C-1] org.apache.kafka.clients.NetworkClient   : [Consumer clientId=consumer-anonymous.a8f27670-05d5-4cea-bde4-4217e9e9694b-2, groupId=anonymous.a8f27670-05d5-4cea-bde4-4217e9e9694b] Cancelled in-flight FETCH request with correlation id 122953 due to node 1 being disconnected (elapsed time since creation: 22924111ms, elapsed time since send: 22924111ms, throttle time: 0ms, request timeout: 30000ms)
2026-08-31T10:17:02.757+05:30  INFO 44812 --- [bmp-user-service] [container-0-C-1] o.a.kafka.clients.FetchSessionHandler    : [Consumer clientId=consumer-anonymous.a8f27670-05d5-4cea-bde4-4217e9e9694b-2, groupId=anonymous.a8f27670-05d5-4cea-bde4-4217e9e9694b] Error sending fetch request (sessionId=1336180365, epoch=8) to node 1:

org.apache.kafka.common.errors.DisconnectException: null

2026-08-31T10:17:02.790+05:30  INFO 44812 --- [bmp-user-service] [e4-4217e9e9694b] o.a.k.c.c.internals.ConsumerCoordinator  : [Consumer clientId=consumer-anonymous.a8f27670-05d5-4cea-bde4-4217e9e9694b-2, groupId=anonymous.a8f27670-05d5-4cea-bde4-4217e9e9694b] Group coordinator localhost:9092 (id: 2147483646 rack: null) is unavailable or invalid due to cause: session timed out without receiving a heartbeat response. isDisconnected: false. Rediscovery will be attempted.
2026-08-31T10:17:02.798+05:30  INFO 44812 --- [bmp-user-service] [e4-4217e9e9694b] o.a.k.c.c.internals.ConsumerCoordinator  : [Consumer clientId=consumer-anonymous.a8f27670-05d5-4cea-bde4-4217e9e9694b-2, groupId=anonymous.a8f27670-05d5-4cea-bde4-4217e9e9694b] Requesting disconnect from last known coordinator localhost:9092 (id: 2147483646 rack: null)
2026-08-31T10:17:04.120+05:30  INFO 44812 --- [bmp-user-service] [container-0-C-1] o.a.k.c.c.internals.ConsumerCoordinator  : [Consumer clientId=consumer-anonymous.a8f27670-05d5-4cea-bde4-4217e9e9694b-2, groupId=anonymous.a8f27670-05d5-4cea-bde4-4217e9e9694b] Discovered group coordinator localhost:9092 (id: 2147483646 rack: null)
2026-08-31T10:17:12.508+05:30  INFO 44812 --- [bmp-user-service] [pool-2-thread-1] org.apache.kafka.clients.NetworkClient   : [Consumer clientId=consumer-anonymous.a8f27670-05d5-4cea-bde4-4217e9e9694b-3, groupId=anonymous.a8f27670-05d5-4cea-bde4-4217e9e9694b] Node 2147483646 disconnected.
2026-08-31T10:17:12.538+05:30  INFO 44812 --- [bmp-user-service] [pool-2-thread-1] o.a.k.c.c.internals.ConsumerCoordinator  : [Consumer clientId=consumer-anonymous.a8f27670-05d5-4cea-bde4-4217e9e9694b-3, groupId=anonymous.a8f27670-05d5-4cea-bde4-4217e9e9694b] Group coordinator localhost:9092 (id: 2147483646 rack: null) is unavailable or invalid due to cause: coordinator unavailable. isDisconnected: true. Rediscovery will be attempted.
2026-08-31T10:17:12.563+05:30  INFO 44812 --- [bmp-user-service] [pool-2-thread-1] o.a.k.c.c.internals.ConsumerCoordinator  : [Consumer clientId=consumer-anonymous.a8f27670-05d5-4cea-bde4-4217e9e9694b-3, groupId=anonymous.a8f27670-05d5-4cea-bde4-4217e9e9694b] Discovered group coordinator localhost:9092 (id: 2147483646 rack: null)
2026-08-31T10:17:12.963+05:30  WARN 44812 --- [bmp-user-service] [l-1 housekeeper] com.zaxxer.hikari.pool.HikariPool        : HikariPool-1 - Thread starvation or clock leap detected (housekeeper delta=9h22m34s156ms120µs).
2026-08-31T10:17:28.292+05:30  INFO 44812 --- [bmp-user-service] [rap-executor-%d] c.n.d.s.r.aws.ConfigClusterResolver      : Resolving eureka endpoints via configuration
2026-08-31T10:22:28.316+05:30  INFO 44812 --- [bmp-user-service] [rap-executor-%d] c.n.d.s.r.aws.ConfigClusterResolver      : Resolving eureka endpoints via configuration
2026-08-31T10:27:28.343+05:30  INFO 44812 --- [bmp-user-service] [rap-executor-%d] c.n.d.s.r.aws.ConfigClusterResolver      : Resolving eureka endpoints via configuration
2026-08-31T10:32:28.351+05:30  INFO 44812 --- [bmp-user-service] [rap-executor-%d] c.n.d.s.r.aws.ConfigClusterResolver      : Resolving eureka endpoints via configuration
2026-08-31T10:37:28.356+05:30  INFO 44812 --- [bmp-user-service] [rap-executor-%d] c.n.d.s.r.aws.ConfigClusterResolver      : Resolving eureka endpoints via configuration
2026-08-31T10:42:28.371+05:30  INFO 44812 --- [bmp-user-service] [rap-executor-%d] c.n.d.s.r.aws.ConfigClusterResolver      : Resolving eureka endpoints via configuration
2026-08-31T10:47:28.379+05:30  INFO 44812 --- [bmp-user-service] [rap-executor-%d] c.n.d.s.r.aws.ConfigClusterResolver      : Resolving eureka endpoints via configuration
2026-08-31T10:52:28.392+05:30  INFO 44812 --- [bmp-user-service] [rap-executor-%d] c.n.d.s.r.aws.ConfigClusterResolver      : Resolving eureka endpoints via configuration
2026-08-31T10:57:28.407+05:30  INFO 44812 --- [bmp-user-service] [rap-executor-%d] c.n.d.s.r.aws.ConfigClusterResolver      : Resolving eureka endpoints via configuration
2026-08-31T11:02:28.409+05:30  INFO 44812 --- [bmp-user-service] [rap-executor-%d] c.n.d.s.r.aws.ConfigClusterResolver      : Resolving eureka endpoints via configuration
2026-08-31T11:07:28.421+05:30  INFO 44812 --- [bmp-user-service] [rap-executor-%d] c.n.d.s.r.aws.ConfigClusterResolver      : Resolving eureka endpoints via configuration
2026-08-31T11:12:28.436+05:30  INFO 44812 --- [bmp-user-service] [rap-executor-%d] c.n.d.s.r.aws.ConfigClusterResolver      : Resolving eureka endpoints via configuration
2026-08-31T11:17:28.444+05:30  INFO 44812 --- [bmp-user-service] [rap-executor-%d] c.n.d.s.r.aws.ConfigClusterResolver      : Resolving eureka endpoints via configuration
2026-08-31T11:22:28.453+05:30  INFO 44812 --- [bmp-user-service] [rap-executor-%d] c.n.d.s.r.aws.ConfigClusterResolver      : Resolving eureka endpoints via configuration
2026-08-31T11:27:28.468+05:30  INFO 44812 --- [bmp-user-service] [rap-executor-%d] c.n.d.s.r.aws.ConfigClusterResolver      : Resolving eureka endpoints via configuration
2026-08-31T11:32:28.484+05:30  INFO 44812 --- [bmp-user-service] [rap-executor-%d] c.n.d.s.r.aws.ConfigClusterResolver      : Resolving eureka endpoints via configuration
2026-08-31T11:37:28.489+05:30  INFO 44812 --- [bmp-user-service] [rap-executor-%d] c.n.d.s.r.aws.ConfigClusterResolver      : Resolving eureka endpoints via configuration
2026-08-31T11:42:28.500+05:30  INFO 44812 --- [bmp-user-service] [rap-executor-%d] c.n.d.s.r.aws.ConfigClusterResolver      : Resolving eureka endpoints via configuration
2026-08-31T11:47:28.501+05:30  INFO 44812 --- [bmp-user-service] [rap-executor-%d] c.n.d.s.r.aws.ConfigClusterResolver      : Resolving eureka endpoints via configuration
2026-08-31T11:52:28.515+05:30  INFO 44812 --- [bmp-user-service] [rap-executor-%d] c.n.d.s.r.aws.ConfigClusterResolver      : Resolving eureka endpoints via configuration
2026-08-31T11:57:28.529+05:30  INFO 44812 --- [bmp-user-service] [rap-executor-%d] c.n.d.s.r.aws.ConfigClusterResolver      : Resolving eureka endpoints via configuration
2026-08-31T12:02:28.545+05:30  INFO 44812 --- [bmp-user-service] [rap-executor-%d] c.n.d.s.r.aws.ConfigClusterResolver      : Resolving eureka endpoints via configuration
2026-08-31T12:07:28.554+05:30  INFO 44812 --- [bmp-user-service] [rap-executor-%d] c.n.d.s.r.aws.ConfigClusterResolver      : Resolving eureka endpoints via configuration
2026-08-31T12:12:28.559+05:30  INFO 44812 --- [bmp-user-service] [rap-executor-%d] c.n.d.s.r.aws.ConfigClusterResolver      : Resolving eureka endpoints via configuration
2026-08-31T15:16:00.611+05:30  INFO 44812 --- [bmp-user-service] [e4-4217e9e9694b] org.apache.kafka.clients.NetworkClient   : [Consumer clientId=consumer-anonymous.a8f27670-05d5-4cea-bde4-4217e9e9694b-2, groupId=anonymous.a8f27670-05d5-4cea-bde4-4217e9e9694b] Node 1 disconnected.
2026-08-31T15:16:00.622+05:30  INFO 44812 --- [bmp-user-service] [e4-4217e9e9694b] org.apache.kafka.clients.NetworkClient   : [Consumer clientId=consumer-anonymous.a8f27670-05d5-4cea-bde4-4217e9e9694b-2, groupId=anonymous.a8f27670-05d5-4cea-bde4-4217e9e9694b] Cancelled in-flight FETCH request with correlation id 139423 due to node 1 being disconnected (elapsed time since creation: 10803474ms, elapsed time since send: 10803474ms, throttle time: 0ms, request timeout: 30000ms)
2026-08-31T15:16:00.623+05:30  INFO 44812 --- [bmp-user-service] [e4-4217e9e9694b] org.apache.kafka.clients.NetworkClient   : [Consumer clientId=consumer-anonymous.a8f27670-05d5-4cea-bde4-4217e9e9694b-2, groupId=anonymous.a8f27670-05d5-4cea-bde4-4217e9e9694b] Cancelled in-flight METADATA request with correlation id 139425 due to node 1 being disconnected (elapsed time since creation: 1066ms, elapsed time since send: 1066ms, throttle time: 0ms, request timeout: 30000ms)
2026-08-31T15:16:00.626+05:30  INFO 44812 --- [bmp-user-service] [e4-4217e9e9694b] org.apache.kafka.clients.NetworkClient   : [Consumer clientId=consumer-anonymous.a8f27670-05d5-4cea-bde4-4217e9e9694b-2, groupId=anonymous.a8f27670-05d5-4cea-bde4-4217e9e9694b] Disconnecting from node 2147483646 due to request timeout.
2026-08-31T15:16:00.626+05:30  INFO 44812 --- [bmp-user-service] [e4-4217e9e9694b] org.apache.kafka.clients.NetworkClient   : [Consumer clientId=consumer-anonymous.a8f27670-05d5-4cea-bde4-4217e9e9694b-2, groupId=anonymous.a8f27670-05d5-4cea-bde4-4217e9e9694b] Cancelled in-flight HEARTBEAT request with correlation id 139424 due to node 2147483646 being disconnected (elapsed time since creation: 10801409ms, elapsed time since send: 10801409ms, throttle time: 0ms, request timeout: 30000ms)
2026-08-31T15:16:00.631+05:30  INFO 44812 --- [bmp-user-service] [e4-4217e9e9694b] o.a.kafka.clients.FetchSessionHandler    : [Consumer clientId=consumer-anonymous.a8f27670-05d5-4cea-bde4-4217e9e9694b-2, groupId=anonymous.a8f27670-05d5-4cea-bde4-4217e9e9694b] Error sending fetch request (sessionId=569566902, epoch=14047) to node 1:

org.apache.kafka.common.errors.DisconnectException: null

2026-08-31T15:16:00.662+05:30  INFO 44812 --- [bmp-user-service] [e4-4217e9e9694b] o.a.k.c.c.internals.ConsumerCoordinator  : [Consumer clientId=consumer-anonymous.a8f27670-05d5-4cea-bde4-4217e9e9694b-2, groupId=anonymous.a8f27670-05d5-4cea-bde4-4217e9e9694b] Group coordinator localhost:9092 (id: 2147483646 rack: null) is unavailable or invalid due to cause: null. isDisconnected: true. Rediscovery will be attempted.
2026-08-31T15:16:04.237+05:30  INFO 44812 --- [bmp-user-service] [container-0-C-1] o.a.k.c.c.internals.ConsumerCoordinator  : [Consumer clientId=consumer-anonymous.a8f27670-05d5-4cea-bde4-4217e9e9694b-2, groupId=anonymous.a8f27670-05d5-4cea-bde4-4217e9e9694b] Discovered group coordinator localhost:9092 (id: 2147483646 rack: null)
2026-08-31T22:21:32.051+05:30  INFO 44812 --- [bmp-user-service] [container-0-C-1] org.apache.kafka.clients.NetworkClient   : [Consumer clientId=consumer-anonymous.a8f27670-05d5-4cea-bde4-4217e9e9694b-2, groupId=anonymous.a8f27670-05d5-4cea-bde4-4217e9e9694b] Node 1 disconnected.
2026-08-31T22:21:32.052+05:30  INFO 44812 --- [bmp-user-service] [container-0-C-1] org.apache.kafka.clients.NetworkClient   : [Consumer clientId=consumer-anonymous.a8f27670-05d5-4cea-bde4-4217e9e9694b-2, groupId=anonymous.a8f27670-05d5-4cea-bde4-4217e9e9694b] Cancelled in-flight FETCH request with correlation id 139444 due to node 1 being disconnected (elapsed time since creation: 25522236ms, elapsed time since send: 25522236ms, throttle time: 0ms, request timeout: 30000ms)
2026-08-31T22:21:32.053+05:30  INFO 44812 --- [bmp-user-service] [e4-4217e9e9694b] org.apache.kafka.clients.NetworkClient   : [Consumer clientId=consumer-anonymous.a8f27670-05d5-4cea-bde4-4217e9e9694b-2, groupId=anonymous.a8f27670-05d5-4cea-bde4-4217e9e9694b] Node 2147483646 disconnected.
2026-08-31T22:21:32.054+05:30  INFO 44812 --- [bmp-user-service] [e4-4217e9e9694b] o.a.k.c.c.internals.ConsumerCoordinator  : [Consumer clientId=consumer-anonymous.a8f27670-05d5-4cea-bde4-4217e9e9694b-2, groupId=anonymous.a8f27670-05d5-4cea-bde4-4217e9e9694b] Group coordinator localhost:9092 (id: 2147483646 rack: null) is unavailable or invalid due to cause: coordinator unavailable. isDisconnected: true. Rediscovery will be attempted.
2026-08-31T22:21:32.052+05:30  INFO 44812 --- [bmp-user-service] [container-0-C-1] o.a.kafka.clients.FetchSessionHandler    : [Consumer clientId=consumer-anonymous.a8f27670-05d5-4cea-bde4-4217e9e9694b-2, groupId=anonymous.a8f27670-05d5-4cea-bde4-4217e9e9694b] Error sending fetch request (sessionId=151440472, epoch=10) to node 1:

org.apache.kafka.common.errors.DisconnectException: null

2026-08-31T22:21:33.445+05:30  INFO 44812 --- [bmp-user-service] [container-0-C-1] o.a.k.c.c.internals.ConsumerCoordinator  : [Consumer clientId=consumer-anonymous.a8f27670-05d5-4cea-bde4-4217e9e9694b-2, groupId=anonymous.a8f27670-05d5-4cea-bde4-4217e9e9694b] Discovered group coordinator localhost:9092 (id: 2147483646 rack: null)
2026-08-31T22:21:33.454+05:30  WARN 44812 --- [bmp-user-service] [l-1 housekeeper] com.zaxxer.hikari.pool.HikariPool        : HikariPool-1 - Thread starvation or clock leap detected (housekeeper delta=10h5m50s950ms77µs301ns).
2026-08-31T22:21:34.127+05:30  INFO 44812 --- [bmp-user-service] [pool-2-thread-1] org.apache.kafka.clients.NetworkClient   : [Consumer clientId=consumer-anonymous.a8f27670-05d5-4cea-bde4-4217e9e9694b-3, groupId=anonymous.a8f27670-05d5-4cea-bde4-4217e9e9694b] Node 2147483646 disconnected.
2026-08-31T22:22:46.678+05:30  INFO 44812 --- [bmp-user-service] [rap-executor-%d] c.n.d.s.r.aws.ConfigClusterResolver      : Resolving eureka endpoints via configuration
2026-08-31T22:27:46.713+05:30  INFO 44812 --- [bmp-user-service] [rap-executor-%d] c.n.d.s.r.aws.ConfigClusterResolver      : Resolving eureka endpoints via configuration
2026-08-31T22:38:18.748+05:30  INFO 44812 --- [bmp-user-service] [container-0-C-1] org.apache.kafka.clients.NetworkClient   : [Consumer clientId=consumer-anonymous.a8f27670-05d5-4cea-bde4-4217e9e9694b-2, groupId=anonymous.a8f27670-05d5-4cea-bde4-4217e9e9694b] Disconnecting from node 1 due to request timeout.
2026-08-31T22:38:18.750+05:30  INFO 44812 --- [bmp-user-service] [container-0-C-1] org.apache.kafka.clients.NetworkClient   : [Consumer clientId=consumer-anonymous.a8f27670-05d5-4cea-bde4-4217e9e9694b-2, groupId=anonymous.a8f27670-05d5-4cea-bde4-4217e9e9694b] Cancelled in-flight FETCH request with correlation id 140858 due to node 1 being disconnected (elapsed time since creation: 392452ms, elapsed time since send: 392452ms, throttle time: 0ms, request timeout: 30000ms)
2026-08-31T22:38:18.751+05:30  INFO 44812 --- [bmp-user-service] [container-0-C-1] org.apache.kafka.clients.NetworkClient   : [Consumer clientId=consumer-anonymous.a8f27670-05d5-4cea-bde4-4217e9e9694b-2, groupId=anonymous.a8f27670-05d5-4cea-bde4-4217e9e9694b] Disconnecting from node 2147483646 due to request timeout.
2026-08-31T22:38:18.751+05:30  INFO 44812 --- [bmp-user-service] [container-0-C-1] org.apache.kafka.clients.NetworkClient   : [Consumer clientId=consumer-anonymous.a8f27670-05d5-4cea-bde4-4217e9e9694b-2, groupId=anonymous.a8f27670-05d5-4cea-bde4-4217e9e9694b] Cancelled in-flight HEARTBEAT request with correlation id 140859 due to node 2147483646 being disconnected (elapsed time since creation: 391311ms, elapsed time since send: 391311ms, throttle time: 0ms, request timeout: 30000ms)
2026-08-31T22:38:18.753+05:30  INFO 44812 --- [bmp-user-service] [e4-4217e9e9694b] o.a.k.c.c.internals.ConsumerCoordinator  : [Consumer clientId=consumer-anonymous.a8f27670-05d5-4cea-bde4-4217e9e9694b-2, groupId=anonymous.a8f27670-05d5-4cea-bde4-4217e9e9694b] Group coordinator localhost:9092 (id: 2147483646 rack: null) is unavailable or invalid due to cause: null. isDisconnected: true. Rediscovery will be attempted.
2026-08-31T22:38:18.841+05:30  INFO 44812 --- [bmp-user-service] [container-0-C-1] o.a.kafka.clients.FetchSessionHandler    : [Consumer clientId=consumer-anonymous.a8f27670-05d5-4cea-bde4-4217e9e9694b-2, groupId=anonymous.a8f27670-05d5-4cea-bde4-4217e9e9694b] Error sending fetch request (sessionId=1209575923, epoch=1199) to node 1:

org.apache.kafka.common.errors.DisconnectException: null

2026-08-31T22:38:19.716+05:30  INFO 44812 --- [bmp-user-service] [container-0-C-1] o.a.k.c.c.internals.ConsumerCoordinator  : [Consumer clientId=consumer-anonymous.a8f27670-05d5-4cea-bde4-4217e9e9694b-2, groupId=anonymous.a8f27670-05d5-4cea-bde4-4217e9e9694b] Discovered group coordinator localhost:9092 (id: 2147483646 rack: null)
2026-08-31T22:38:31.892+05:30  WARN 44812 --- [bmp-user-service] [l-1 housekeeper] com.zaxxer.hikari.pool.HikariPool        : HikariPool-1 - Thread starvation or clock leap detected (housekeeper delta=6m58s317ms659µs900ns).
2026-08-31T22:39:14.895+05:30  INFO 44812 --- [bmp-user-service] [rap-executor-%d] c.n.d.s.r.aws.ConfigClusterResolver      : Resolving eureka endpoints via configuration
2026-08-31T22:44:14.907+05:30  INFO 44812 --- [bmp-user-service] [rap-executor-%d] c.n.d.s.r.aws.ConfigClusterResolver      : Resolving eureka endpoints via configuration
2026-08-31T22:49:14.909+05:30  INFO 44812 --- [bmp-user-service] [rap-executor-%d] c.n.d.s.r.aws.ConfigClusterResolver      : Resolving eureka endpoints via configuration
2026-08-31T22:54:14.929+05:30  INFO 44812 --- [bmp-user-service] [rap-executor-%d] c.n.d.s.r.aws.ConfigClusterResolver      : Resolving eureka endpoints via configuration
2026-08-31T22:59:14.971+05:30  INFO 44812 --- [bmp-user-service] [rap-executor-%d] c.n.d.s.r.aws.ConfigClusterResolver      : Resolving eureka endpoints via configuration
2026-08-31T23:04:14.993+05:30  INFO 44812 --- [bmp-user-service] [rap-executor-%d] c.n.d.s.r.aws.ConfigClusterResolver      : Resolving eureka endpoints via configuration
2026-08-31T23:09:14.998+05:30  INFO 44812 --- [bmp-user-service] [rap-executor-%d] c.n.d.s.r.aws.ConfigClusterResolver      : Resolving eureka endpoints via configuration
2026-08-31T23:14:15.006+05:30  INFO 44812 --- [bmp-user-service] [rap-executor-%d] c.n.d.s.r.aws.ConfigClusterResolver      : Resolving eureka endpoints via configuration
2026-08-31T23:19:15.030+05:30  INFO 44812 --- [bmp-user-service] [rap-executor-%d] c.n.d.s.r.aws.ConfigClusterResolver      : Resolving eureka endpoints via configuration
2026-08-31T23:24:15.063+05:30  INFO 44812 --- [bmp-user-service] [rap-executor-%d] c.n.d.s.r.aws.ConfigClusterResolver      : Resolving eureka endpoints via configuration
2026-08-31T23:29:15.086+05:30  INFO 44812 --- [bmp-user-service] [rap-executor-%d] c.n.d.s.r.aws.ConfigClusterResolver      : Resolving eureka endpoints via configuration
2026-08-31T23:34:15.097+05:30  INFO 44812 --- [bmp-user-service] [rap-executor-%d] c.n.d.s.r.aws.ConfigClusterResolver      : Resolving eureka endpoints via configuration
2026-08-31T23:39:15.135+05:30  INFO 44812 --- [bmp-user-service] [rap-executor-%d] c.n.d.s.r.aws.ConfigClusterResolver      : Resolving eureka endpoints via configuration
2026-08-31T23:44:15.151+05:30  INFO 44812 --- [bmp-user-service] [rap-executor-%d] c.n.d.s.r.aws.ConfigClusterResolver      : Resolving eureka endpoints via configuration
2026-08-31T23:49:15.154+05:30  INFO 44812 --- [bmp-user-service] [rap-executor-%d] c.n.d.s.r.aws.ConfigClusterResolver      : Resolving eureka endpoints via configuration
2026-08-31T23:55:24.741+05:30  INFO 44812 --- [bmp-user-service] [e4-4217e9e9694b] org.apache.kafka.clients.NetworkClient   : [Consumer clientId=consumer-anonymous.a8f27670-05d5-4cea-bde4-4217e9e9694b-2, groupId=anonymous.a8f27670-05d5-4cea-bde4-4217e9e9694b] Disconnecting from node 1 due to request timeout.
2026-08-31T23:55:24.817+05:30  INFO 44812 --- [bmp-user-service] [e4-4217e9e9694b] org.apache.kafka.clients.NetworkClient   : [Consumer clientId=consumer-anonymous.a8f27670-05d5-4cea-bde4-4217e9e9694b-2, groupId=anonymous.a8f27670-05d5-4cea-bde4-4217e9e9694b] Cancelled in-flight FETCH request with correlation id 150873 due to node 1 being disconnected (elapsed time since creation: 303374ms, elapsed time since send: 303374ms, throttle time: 0ms, request timeout: 30000ms)
2026-08-31T23:55:24.878+05:30  INFO 44812 --- [bmp-user-service] [e4-4217e9e9694b] org.apache.kafka.clients.NetworkClient   : [Consumer clientId=consumer-anonymous.a8f27670-05d5-4cea-bde4-4217e9e9694b-2, groupId=anonymous.a8f27670-05d5-4cea-bde4-4217e9e9694b] Disconnecting from node 2147483646 due to request timeout.
2026-08-31T23:55:24.879+05:30  INFO 44812 --- [bmp-user-service] [e4-4217e9e9694b] org.apache.kafka.clients.NetworkClient   : [Consumer clientId=consumer-anonymous.a8f27670-05d5-4cea-bde4-4217e9e9694b-2, groupId=anonymous.a8f27670-05d5-4cea-bde4-4217e9e9694b] Cancelled in-flight HEARTBEAT request with correlation id 150874 due to node 2147483646 being disconnected (elapsed time since creation: 301171ms, elapsed time since send: 301171ms, throttle time: 0ms, request timeout: 30000ms)
2026-08-31T23:55:24.880+05:30  INFO 44812 --- [bmp-user-service] [e4-4217e9e9694b] o.a.kafka.clients.FetchSessionHandler    : [Consumer clientId=consumer-anonymous.a8f27670-05d5-4cea-bde4-4217e9e9694b-2, groupId=anonymous.a8f27670-05d5-4cea-bde4-4217e9e9694b] Error sending fetch request (sessionId=1111628879, epoch=8543) to node 1:

org.apache.kafka.common.errors.DisconnectException: null

2026-08-31T23:55:25.092+05:30  INFO 44812 --- [bmp-user-service] [e4-4217e9e9694b] o.a.k.c.c.internals.ConsumerCoordinator  : [Consumer clientId=consumer-anonymous.a8f27670-05d5-4cea-bde4-4217e9e9694b-2, groupId=anonymous.a8f27670-05d5-4cea-bde4-4217e9e9694b] Group coordinator localhost:9092 (id: 2147483646 rack: null) is unavailable or invalid due to cause: null. isDisconnected: true. Rediscovery will be attempted.
2026-08-31T23:55:27.563+05:30  INFO 44812 --- [bmp-user-service] [container-0-C-1] o.a.k.c.c.internals.ConsumerCoordinator  : [Consumer clientId=consumer-anonymous.a8f27670-05d5-4cea-bde4-4217e9e9694b-2, groupId=anonymous.a8f27670-05d5-4cea-bde4-4217e9e9694b] Discovered group coordinator localhost:9092 (id: 2147483646 rack: null)
2026-08-31T23:55:32.733+05:30  WARN 44812 --- [bmp-user-service] [l-1 housekeeper] com.zaxxer.hikari.pool.HikariPool        : HikariPool-1 - Thread starvation or clock leap detected (housekeeper delta=5m29s666ms566µs400ns).
2026-08-31T23:59:14.703+05:30  INFO 44812 --- [bmp-user-service] [rap-executor-%d] c.n.d.s.r.aws.ConfigClusterResolver      : Resolving eureka endpoints via configuration
2026-09-01T00:04:14.752+05:30  INFO 44812 --- [bmp-user-service] [rap-executor-%d] c.n.d.s.r.aws.ConfigClusterResolver      : Resolving eureka endpoints via configuration
2026-09-01T00:09:14.784+05:30  INFO 44812 --- [bmp-user-service] [rap-executor-%d] c.n.d.s.r.aws.ConfigClusterResolver      : Resolving eureka endpoints via configuration
2026-09-01T00:31:41.927+05:30  INFO 44812 --- [bmp-user-service] [container-0-C-1] org.apache.kafka.clients.NetworkClient   : [Consumer clientId=consumer-anonymous.a8f27670-05d5-4cea-bde4-4217e9e9694b-2, groupId=anonymous.a8f27670-05d5-4cea-bde4-4217e9e9694b] Node 2147483646 disconnected.
2026-09-01T00:31:42.053+05:30  INFO 44812 --- [bmp-user-service] [container-0-C-1] org.apache.kafka.clients.NetworkClient   : [Consumer clientId=consumer-anonymous.a8f27670-05d5-4cea-bde4-4217e9e9694b-2, groupId=anonymous.a8f27670-05d5-4cea-bde4-4217e9e9694b] Disconnecting from node 1 due to request timeout.
2026-09-01T00:31:42.056+05:30  INFO 44812 --- [bmp-user-service] [container-0-C-1] org.apache.kafka.clients.NetworkClient   : [Consumer clientId=consumer-anonymous.a8f27670-05d5-4cea-bde4-4217e9e9694b-2, groupId=anonymous.a8f27670-05d5-4cea-bde4-4217e9e9694b] Cancelled in-flight FETCH request with correlation id 153094 due to node 1 being disconnected (elapsed time since creation: 1219529ms, elapsed time since send: 1219529ms, throttle time: 0ms, request timeout: 30000ms)
2026-09-01T00:31:42.112+05:30  INFO 44812 --- [bmp-user-service] [e4-4217e9e9694b] o.a.k.c.c.internals.ConsumerCoordinator  : [Consumer clientId=consumer-anonymous.a8f27670-05d5-4cea-bde4-4217e9e9694b-2, groupId=anonymous.a8f27670-05d5-4cea-bde4-4217e9e9694b] Group coordinator localhost:9092 (id: 2147483646 rack: null) is unavailable or invalid due to cause: session timed out without receiving a heartbeat response. isDisconnected: false. Rediscovery will be attempted.
2026-09-01T00:31:42.113+05:30  INFO 44812 --- [bmp-user-service] [e4-4217e9e9694b] o.a.k.c.c.internals.ConsumerCoordinator  : [Consumer clientId=consumer-anonymous.a8f27670-05d5-4cea-bde4-4217e9e9694b-2, groupId=anonymous.a8f27670-05d5-4cea-bde4-4217e9e9694b] Requesting disconnect from last known coordinator localhost:9092 (id: 2147483646 rack: null)
2026-09-01T00:31:42.109+05:30  INFO 44812 --- [bmp-user-service] [container-0-C-1] o.a.kafka.clients.FetchSessionHandler    : [Consumer clientId=consumer-anonymous.a8f27670-05d5-4cea-bde4-4217e9e9694b-2, groupId=anonymous.a8f27670-05d5-4cea-bde4-4217e9e9694b] Error sending fetch request (sessionId=2144729151, epoch=1889) to node 1:

org.apache.kafka.common.errors.DisconnectException: null

2026-09-01T00:31:43.821+05:30  INFO 44812 --- [bmp-user-service] [container-0-C-1] o.a.k.c.c.internals.ConsumerCoordinator  : [Consumer clientId=consumer-anonymous.a8f27670-05d5-4cea-bde4-4217e9e9694b-2, groupId=anonymous.a8f27670-05d5-4cea-bde4-4217e9e9694b] Discovered group coordinator localhost:9092 (id: 2147483646 rack: null)
2026-09-01T00:31:43.899+05:30  INFO 44812 --- [bmp-user-service] [container-0-C-1] o.a.k.c.c.internals.ConsumerCoordinator  : [Consumer clientId=consumer-anonymous.a8f27670-05d5-4cea-bde4-4217e9e9694b-2, groupId=anonymous.a8f27670-05d5-4cea-bde4-4217e9e9694b] Discovered group coordinator localhost:9092 (id: 2147483646 rack: null)
2026-09-01T00:31:49.122+05:30  WARN 44812 --- [bmp-user-service] [l-1 housekeeper] com.zaxxer.hikari.pool.HikariPool        : HikariPool-1 - Thread starvation or clock leap detected (housekeeper delta=20m46s275ms165µs300ns).
2026-09-01T00:32:21.870+05:30  INFO 44812 --- [bmp-user-service] [pool-2-thread-1] org.apache.kafka.clients.NetworkClient   : [Consumer clientId=consumer-anonymous.a8f27670-05d5-4cea-bde4-4217e9e9694b-3, groupId=anonymous.a8f27670-05d5-4cea-bde4-4217e9e9694b] Node 2147483646 disconnected.
2026-09-01T00:32:21.889+05:30  INFO 44812 --- [bmp-user-service] [pool-2-thread-1] o.a.k.c.c.internals.ConsumerCoordinator  : [Consumer clientId=consumer-anonymous.a8f27670-05d5-4cea-bde4-4217e9e9694b-3, groupId=anonymous.a8f27670-05d5-4cea-bde4-4217e9e9694b] Group coordinator localhost:9092 (id: 2147483646 rack: null) is unavailable or invalid due to cause: coordinator unavailable. isDisconnected: true. Rediscovery will be attempted.
2026-09-01T00:32:21.896+05:30  INFO 44812 --- [bmp-user-service] [pool-2-thread-1] o.a.k.c.c.internals.ConsumerCoordinator  : [Consumer clientId=consumer-anonymous.a8f27670-05d5-4cea-bde4-4217e9e9694b-3, groupId=anonymous.a8f27670-05d5-4cea-bde4-4217e9e9694b] Discovered group coordinator localhost:9092 (id: 2147483646 rack: null)
2026-09-01T00:32:21.896+05:30  INFO 44812 --- [bmp-user-service] [pool-2-thread-1] o.a.k.c.c.internals.ConsumerCoordinator  : [Consumer clientId=consumer-anonymous.a8f27670-05d5-4cea-bde4-4217e9e9694b-3, groupId=anonymous.a8f27670-05d5-4cea-bde4-4217e9e9694b] Group coordinator localhost:9092 (id: 2147483646 rack: null) is unavailable or invalid due to cause: coordinator unavailable. isDisconnected: false. Rediscovery will be attempted.
2026-09-01T00:32:21.896+05:30  INFO 44812 --- [bmp-user-service] [pool-2-thread-1] o.a.k.c.c.internals.ConsumerCoordinator  : [Consumer clientId=consumer-anonymous.a8f27670-05d5-4cea-bde4-4217e9e9694b-3, groupId=anonymous.a8f27670-05d5-4cea-bde4-4217e9e9694b] Requesting disconnect from last known coordinator localhost:9092 (id: 2147483646 rack: null)
2026-09-01T00:32:22.028+05:30  INFO 44812 --- [bmp-user-service] [pool-2-thread-1] o.a.k.c.c.internals.ConsumerCoordinator  : [Consumer clientId=consumer-anonymous.a8f27670-05d5-4cea-bde4-4217e9e9694b-3, groupId=anonymous.a8f27670-05d5-4cea-bde4-4217e9e9694b] Discovered group coordinator localhost:9092 (id: 2147483646 rack: null)
2026-09-01T00:34:30.907+05:30  INFO 44812 --- [bmp-user-service] [rap-executor-%d] c.n.d.s.r.aws.ConfigClusterResolver      : Resolving eureka endpoints via configuration
2026-09-01T00:39:30.938+05:30  INFO 44812 --- [bmp-user-service] [rap-executor-%d] c.n.d.s.r.aws.ConfigClusterResolver      : Resolving eureka endpoints via configuration
2026-09-01T00:44:30.991+05:30  INFO 44812 --- [bmp-user-service] [rap-executor-%d] c.n.d.s.r.aws.ConfigClusterResolver      : Resolving eureka endpoints via configuration
2026-09-01T00:49:31.027+05:30  INFO 44812 --- [bmp-user-service] [rap-executor-%d] c.n.d.s.r.aws.ConfigClusterResolver      : Resolving eureka endpoints via configuration
2026-09-01T00:54:31.078+05:30  INFO 44812 --- [bmp-user-service] [rap-executor-%d] c.n.d.s.r.aws.ConfigClusterResolver      : Resolving eureka endpoints via configuration
2026-09-01T00:59:31.121+05:30  INFO 44812 --- [bmp-user-service] [rap-executor-%d] c.n.d.s.r.aws.ConfigClusterResolver      : Resolving eureka endpoints via configuration
2026-09-01T01:04:31.149+05:30  INFO 44812 --- [bmp-user-service] [rap-executor-%d] c.n.d.s.r.aws.ConfigClusterResolver      : Resolving eureka endpoints via configuration
2026-09-01T01:09:31.160+05:30  INFO 44812 --- [bmp-user-service] [rap-executor-%d] c.n.d.s.r.aws.ConfigClusterResolver      : Resolving eureka endpoints via configuration
2026-09-01T01:14:31.165+05:30  INFO 44812 --- [bmp-user-service] [rap-executor-%d] c.n.d.s.r.aws.ConfigClusterResolver      : Resolving eureka endpoints via configuration
2026-09-01T01:19:31.175+05:30  INFO 44812 --- [bmp-user-service] [rap-executor-%d] c.n.d.s.r.aws.ConfigClusterResolver      : Resolving eureka endpoints via configuration
2026-09-01T01:24:31.206+05:30  INFO 44812 --- [bmp-user-service] [rap-executor-%d] c.n.d.s.r.aws.ConfigClusterResolver      : Resolving eureka endpoints via configuration
2026-09-01T01:29:31.222+05:30  INFO 44812 --- [bmp-user-service] [rap-executor-%d] c.n.d.s.r.aws.ConfigClusterResolver      : Resolving eureka endpoints via configuration
2026-09-01T01:34:31.241+05:30  INFO 44812 --- [bmp-user-service] [rap-executor-%d] c.n.d.s.r.aws.ConfigClusterResolver      : Resolving eureka endpoints via configuration
2026-09-01T01:39:31.266+05:30  INFO 44812 --- [bmp-user-service] [rap-executor-%d] c.n.d.s.r.aws.ConfigClusterResolver      : Resolving eureka endpoints via configuration
2026-09-01T04:40:46.084+05:30  INFO 44812 --- [bmp-user-service] [container-0-C-1] org.apache.kafka.clients.NetworkClient   : [Consumer clientId=consumer-anonymous.a8f27670-05d5-4cea-bde4-4217e9e9694b-2, groupId=anonymous.a8f27670-05d5-4cea-bde4-4217e9e9694b] Node 1 disconnected.
2026-09-01T04:40:46.167+05:30  INFO 44812 --- [bmp-user-service] [container-0-C-1] org.apache.kafka.clients.NetworkClient   : [Consumer clientId=consumer-anonymous.a8f27670-05d5-4cea-bde4-4217e9e9694b-2, groupId=anonymous.a8f27670-05d5-4cea-bde4-4217e9e9694b] Cancelled in-flight FETCH request with correlation id 162681 due to node 1 being disconnected (elapsed time since creation: 10802877ms, elapsed time since send: 10802877ms, throttle time: 0ms, request timeout: 30000ms)
2026-09-01T04:40:46.235+05:30  INFO 44812 --- [bmp-user-service] [container-0-C-1] org.apache.kafka.clients.NetworkClient   : [Consumer clientId=consumer-anonymous.a8f27670-05d5-4cea-bde4-4217e9e9694b-2, groupId=anonymous.a8f27670-05d5-4cea-bde4-4217e9e9694b] Disconnecting from node 2147483646 due to request timeout.
2026-09-01T04:40:46.235+05:30  INFO 44812 --- [bmp-user-service] [container-0-C-1] org.apache.kafka.clients.NetworkClient   : [Consumer clientId=consumer-anonymous.a8f27670-05d5-4cea-bde4-4217e9e9694b-2, groupId=anonymous.a8f27670-05d5-4cea-bde4-4217e9e9694b] Cancelled in-flight HEARTBEAT request with correlation id 162682 due to node 2147483646 being disconnected (elapsed time since creation: 10802394ms, elapsed time since send: 10802394ms, throttle time: 0ms, request timeout: 30000ms)
2026-09-01T04:40:46.243+05:30  INFO 44812 --- [bmp-user-service] [e4-4217e9e9694b] o.a.k.c.c.internals.ConsumerCoordinator  : [Consumer clientId=consumer-anonymous.a8f27670-05d5-4cea-bde4-4217e9e9694b-2, groupId=anonymous.a8f27670-05d5-4cea-bde4-4217e9e9694b] Group coordinator localhost:9092 (id: 2147483646 rack: null) is unavailable or invalid due to cause: null. isDisconnected: true. Rediscovery will be attempted.
2026-09-01T04:40:46.286+05:30  INFO 44812 --- [bmp-user-service] [container-0-C-1] o.a.kafka.clients.FetchSessionHandler    : [Consumer clientId=consumer-anonymous.a8f27670-05d5-4cea-bde4-4217e9e9694b-2, groupId=anonymous.a8f27670-05d5-4cea-bde4-4217e9e9694b] Error sending fetch request (sessionId=1525546267, epoch=8178) to node 1:

org.apache.kafka.common.errors.DisconnectException: null

2026-09-01T04:40:46.972+05:30  INFO 44812 --- [bmp-user-service] [container-0-C-1] o.a.k.c.c.internals.ConsumerCoordinator  : [Consumer clientId=consumer-anonymous.a8f27670-05d5-4cea-bde4-4217e9e9694b-2, groupId=anonymous.a8f27670-05d5-4cea-bde4-4217e9e9694b] Discovered group coordinator localhost:9092 (id: 2147483646 rack: null)
2026-09-01T04:40:46.974+05:30  INFO 44812 --- [bmp-user-service] [container-0-C-1] o.a.k.c.c.internals.ConsumerCoordinator  : [Consumer clientId=consumer-anonymous.a8f27670-05d5-4cea-bde4-4217e9e9694b-2, groupId=anonymous.a8f27670-05d5-4cea-bde4-4217e9e9694b] Discovered group coordinator localhost:9092 (id: 2147483646 rack: null)
2026-09-01T04:40:48.636+05:30  WARN 44812 --- [bmp-user-service] [l-1 housekeeper] com.zaxxer.hikari.pool.HikariPool        : HikariPool-1 - Thread starvation or clock leap detected (housekeeper delta=3h28s537ms329µs).
2026-09-01T13:42:05.623+05:30  INFO 44812 --- [bmp-user-service] [container-0-C-1] org.apache.kafka.clients.NetworkClient   : [Consumer clientId=consumer-anonymous.a8f27670-05d5-4cea-bde4-4217e9e9694b-2, groupId=anonymous.a8f27670-05d5-4cea-bde4-4217e9e9694b] Node 1 disconnected.
2026-09-01T13:42:05.623+05:30  INFO 44812 --- [bmp-user-service] [container-0-C-1] org.apache.kafka.clients.NetworkClient   : [Consumer clientId=consumer-anonymous.a8f27670-05d5-4cea-bde4-4217e9e9694b-2, groupId=anonymous.a8f27670-05d5-4cea-bde4-4217e9e9694b] Cancelled in-flight FETCH request with correlation id 162706 due to node 1 being disconnected (elapsed time since creation: 32470141ms, elapsed time since send: 32470141ms, throttle time: 0ms, request timeout: 30000ms)
2026-09-01T13:42:05.624+05:30  INFO 44812 --- [bmp-user-service] [container-0-C-1] org.apache.kafka.clients.NetworkClient   : [Consumer clientId=consumer-anonymous.a8f27670-05d5-4cea-bde4-4217e9e9694b-2, groupId=anonymous.a8f27670-05d5-4cea-bde4-4217e9e9694b] Disconnecting from node 2147483646 due to request timeout.
2026-09-01T13:42:05.624+05:30  INFO 44812 --- [bmp-user-service] [container-0-C-1] org.apache.kafka.clients.NetworkClient   : [Consumer clientId=consumer-anonymous.a8f27670-05d5-4cea-bde4-4217e9e9694b-2, groupId=anonymous.a8f27670-05d5-4cea-bde4-4217e9e9694b] Cancelled in-flight HEARTBEAT request with correlation id 162707 due to node 2147483646 being disconnected (elapsed time since creation: 32469614ms, elapsed time since send: 32469614ms, throttle time: 0ms, request timeout: 30000ms)
2026-09-01T13:42:05.625+05:30  INFO 44812 --- [bmp-user-service] [e4-4217e9e9694b] o.a.k.c.c.internals.ConsumerCoordinator  : [Consumer clientId=consumer-anonymous.a8f27670-05d5-4cea-bde4-4217e9e9694b-2, groupId=anonymous.a8f27670-05d5-4cea-bde4-4217e9e9694b] Group coordinator localhost:9092 (id: 2147483646 rack: null) is unavailable or invalid due to cause: null. isDisconnected: true. Rediscovery will be attempted.
2026-09-01T13:42:05.624+05:30  INFO 44812 --- [bmp-user-service] [container-0-C-1] o.a.kafka.clients.FetchSessionHandler    : [Consumer clientId=consumer-anonymous.a8f27670-05d5-4cea-bde4-4217e9e9694b-2, groupId=anonymous.a8f27670-05d5-4cea-bde4-4217e9e9694b] Error sending fetch request (sessionId=2124934440, epoch=14) to node 1:

org.apache.kafka.common.errors.DisconnectException: null

2026-09-01T13:42:06.540+05:30  INFO 44812 --- [bmp-user-service] [container-0-C-1] o.a.k.c.c.internals.ConsumerCoordinator  : [Consumer clientId=consumer-anonymous.a8f27670-05d5-4cea-bde4-4217e9e9694b-2, groupId=anonymous.a8f27670-05d5-4cea-bde4-4217e9e9694b] Discovered group coordinator localhost:9092 (id: 2147483646 rack: null)
2026-09-01T13:42:20.579+05:30  WARN 44812 --- [bmp-user-service] [l-1 housekeeper] com.zaxxer.hikari.pool.HikariPool        : HikariPool-1 - Thread starvation or clock leap detected (housekeeper delta=9h1m39s101ms745µs200ns).
2026-09-01T13:42:24.016+05:30  INFO 44812 --- [bmp-user-service] [pool-2-thread-1] org.apache.kafka.clients.NetworkClient   : [Consumer clientId=consumer-anonymous.a8f27670-05d5-4cea-bde4-4217e9e9694b-3, groupId=anonymous.a8f27670-05d5-4cea-bde4-4217e9e9694b] Node 2147483646 disconnected.
2026-09-01T13:45:31.584+05:30  INFO 44812 --- [bmp-user-service] [rap-executor-%d] c.n.d.s.r.aws.ConfigClusterResolver      : Resolving eureka endpoints via configuration
2026-09-01T13:50:31.632+05:30  INFO 44812 --- [bmp-user-service] [rap-executor-%d] c.n.d.s.r.aws.ConfigClusterResolver      : Resolving eureka endpoints via configuration
2026-09-01T13:55:31.669+05:30  INFO 44812 --- [bmp-user-service] [rap-executor-%d] c.n.d.s.r.aws.ConfigClusterResolver      : Resolving eureka endpoints via configuration
2026-09-01T14:00:31.699+05:30  INFO 44812 --- [bmp-user-service] [rap-executor-%d] c.n.d.s.r.aws.ConfigClusterResolver      : Resolving eureka endpoints via configuration
2026-09-01T14:44:41.726+05:30  INFO 44812 --- [bmp-user-service] [e4-4217e9e9694b] org.apache.kafka.clients.NetworkClient   : [Consumer clientId=consumer-anonymous.a8f27670-05d5-4cea-bde4-4217e9e9694b-2, groupId=anonymous.a8f27670-05d5-4cea-bde4-4217e9e9694b] Node 2147483646 disconnected.
2026-09-01T14:44:41.744+05:30  INFO 44812 --- [bmp-user-service] [e4-4217e9e9694b] org.apache.kafka.clients.NetworkClient   : [Consumer clientId=consumer-anonymous.a8f27670-05d5-4cea-bde4-4217e9e9694b-2, groupId=anonymous.a8f27670-05d5-4cea-bde4-4217e9e9694b] Cancelled in-flight HEARTBEAT request with correlation id 165729 due to node 2147483646 being disconnected (elapsed time since creation: 2452671ms, elapsed time since send: 2452671ms, throttle time: 0ms, request timeout: 30000ms)
2026-09-01T14:44:41.838+05:30  INFO 44812 --- [bmp-user-service] [e4-4217e9e9694b] org.apache.kafka.clients.NetworkClient   : [Consumer clientId=consumer-anonymous.a8f27670-05d5-4cea-bde4-4217e9e9694b-2, groupId=anonymous.a8f27670-05d5-4cea-bde4-4217e9e9694b] Disconnecting from node 1 due to request timeout.
2026-09-01T14:44:41.839+05:30  INFO 44812 --- [bmp-user-service] [e4-4217e9e9694b] org.apache.kafka.clients.NetworkClient   : [Consumer clientId=consumer-anonymous.a8f27670-05d5-4cea-bde4-4217e9e9694b-2, groupId=anonymous.a8f27670-05d5-4cea-bde4-4217e9e9694b] Cancelled in-flight FETCH request with correlation id 165728 due to node 1 being disconnected (elapsed time since creation: 2454834ms, elapsed time since send: 2454834ms, throttle time: 0ms, request timeout: 30000ms)
2026-09-01T14:44:41.841+05:30  INFO 44812 --- [bmp-user-service] [e4-4217e9e9694b] o.a.k.c.c.internals.ConsumerCoordinator  : [Consumer clientId=consumer-anonymous.a8f27670-05d5-4cea-bde4-4217e9e9694b-2, groupId=anonymous.a8f27670-05d5-4cea-bde4-4217e9e9694b] Group coordinator localhost:9092 (id: 2147483646 rack: null) is unavailable or invalid due to cause: null. isDisconnected: true. Rediscovery will be attempted.
2026-09-01T14:44:41.901+05:30  INFO 44812 --- [bmp-user-service] [e4-4217e9e9694b] o.a.kafka.clients.FetchSessionHandler    : [Consumer clientId=consumer-anonymous.a8f27670-05d5-4cea-bde4-4217e9e9694b-2, groupId=anonymous.a8f27670-05d5-4cea-bde4-4217e9e9694b] Error sending fetch request (sessionId=1289745377, epoch=2574) to node 1:

org.apache.kafka.common.errors.DisconnectException: null

2026-09-01T14:44:42.301+05:30  WARN 44812 --- [bmp-user-service] [l-1 housekeeper] com.zaxxer.hikari.pool.HikariPool        : HikariPool-1 - Thread starvation or clock leap detected (housekeeper delta=41m21s526ms523µs100ns).
2026-09-01T14:44:43.395+05:30  INFO 44812 --- [bmp-user-service] [container-0-C-1] o.a.k.c.c.internals.ConsumerCoordinator  : [Consumer clientId=consumer-anonymous.a8f27670-05d5-4cea-bde4-4217e9e9694b-2, groupId=anonymous.a8f27670-05d5-4cea-bde4-4217e9e9694b] Discovered group coordinator localhost:9092 (id: 2147483646 rack: null)
2026-09-01T14:45:16.470+05:30  INFO 44812 --- [bmp-user-service] [pool-2-thread-1] org.apache.kafka.clients.NetworkClient   : [Consumer clientId=consumer-anonymous.a8f27670-05d5-4cea-bde4-4217e9e9694b-3, groupId=anonymous.a8f27670-05d5-4cea-bde4-4217e9e9694b] Node 2147483646 disconnected.
2026-09-01T14:45:16.482+05:30  INFO 44812 --- [bmp-user-service] [pool-2-thread-1] o.a.k.c.c.internals.ConsumerCoordinator  : [Consumer clientId=consumer-anonymous.a8f27670-05d5-4cea-bde4-4217e9e9694b-3, groupId=anonymous.a8f27670-05d5-4cea-bde4-4217e9e9694b] Group coordinator localhost:9092 (id: 2147483646 rack: null) is unavailable or invalid due to cause: coordinator unavailable. isDisconnected: true. Rediscovery will be attempted.
2026-09-01T14:45:16.484+05:30  INFO 44812 --- [bmp-user-service] [pool-2-thread-1] o.a.k.c.c.internals.ConsumerCoordinator  : [Consumer clientId=consumer-anonymous.a8f27670-05d5-4cea-bde4-4217e9e9694b-3, groupId=anonymous.a8f27670-05d5-4cea-bde4-4217e9e9694b] Discovered group coordinator localhost:9092 (id: 2147483646 rack: null)
2026-09-01T14:45:16.484+05:30  INFO 44812 --- [bmp-user-service] [pool-2-thread-1] o.a.k.c.c.internals.ConsumerCoordinator  : [Consumer clientId=consumer-anonymous.a8f27670-05d5-4cea-bde4-4217e9e9694b-3, groupId=anonymous.a8f27670-05d5-4cea-bde4-4217e9e9694b] Group coordinator localhost:9092 (id: 2147483646 rack: null) is unavailable or invalid due to cause: coordinator unavailable. isDisconnected: false. Rediscovery will be attempted.
2026-09-01T14:45:16.485+05:30  INFO 44812 --- [bmp-user-service] [pool-2-thread-1] o.a.k.c.c.internals.ConsumerCoordinator  : [Consumer clientId=consumer-anonymous.a8f27670-05d5-4cea-bde4-4217e9e9694b-3, groupId=anonymous.a8f27670-05d5-4cea-bde4-4217e9e9694b] Requesting disconnect from last known coordinator localhost:9092 (id: 2147483646 rack: null)
2026-09-01T14:45:16.603+05:30  INFO 44812 --- [bmp-user-service] [pool-2-thread-1] o.a.k.c.c.internals.ConsumerCoordinator  : [Consumer clientId=consumer-anonymous.a8f27670-05d5-4cea-bde4-4217e9e9694b-3, groupId=anonymous.a8f27670-05d5-4cea-bde4-4217e9e9694b] Discovered group coordinator localhost:9092 (id: 2147483646 rack: null)
2026-09-01T14:46:23.035+05:30  INFO 44812 --- [bmp-user-service] [rap-executor-%d] c.n.d.s.r.aws.ConfigClusterResolver      : Resolving eureka endpoints via configuration
2026-09-01T14:51:23.050+05:30  INFO 44812 --- [bmp-user-service] [rap-executor-%d] c.n.d.s.r.aws.ConfigClusterResolver      : Resolving eureka endpoints via configuration
2026-09-01T14:56:23.068+05:30  INFO 44812 --- [bmp-user-service] [rap-executor-%d] c.n.d.s.r.aws.ConfigClusterResolver      : Resolving eureka endpoints via configuration
2026-09-01T15:01:23.120+05:30  INFO 44812 --- [bmp-user-service] [rap-executor-%d] c.n.d.s.r.aws.ConfigClusterResolver      : Resolving eureka endpoints via configuration
2026-09-01T15:06:23.192+05:30  INFO 44812 --- [bmp-user-service] [rap-executor-%d] c.n.d.s.r.aws.ConfigClusterResolver      : Resolving eureka endpoints via configuration
2026-09-01T15:11:23.219+05:30  INFO 44812 --- [bmp-user-service] [rap-executor-%d] c.n.d.s.r.aws.ConfigClusterResolver      : Resolving eureka endpoints via configuration
2026-09-01T15:16:23.246+05:30  INFO 44812 --- [bmp-user-service] [rap-executor-%d] c.n.d.s.r.aws.ConfigClusterResolver      : Resolving eureka endpoints via configuration
2026-09-01T15:21:23.254+05:30  INFO 44812 --- [bmp-user-service] [rap-executor-%d] c.n.d.s.r.aws.ConfigClusterResolver      : Resolving eureka endpoints via configuration
2026-09-01T15:26:23.255+05:30  INFO 44812 --- [bmp-user-service] [rap-executor-%d] c.n.d.s.r.aws.ConfigClusterResolver      : Resolving eureka endpoints via configuration
2026-09-01T15:31:23.269+05:30  INFO 44812 --- [bmp-user-service] [rap-executor-%d] c.n.d.s.r.aws.ConfigClusterResolver      : Resolving eureka endpoints via configuration
2026-09-01T15:36:23.285+05:30  INFO 44812 --- [bmp-user-service] [rap-executor-%d] c.n.d.s.r.aws.ConfigClusterResolver      : Resolving eureka endpoints via configuration
2026-09-01T15:41:23.296+05:30  INFO 44812 --- [bmp-user-service] [rap-executor-%d] c.n.d.s.r.aws.ConfigClusterResolver      : Resolving eureka endpoints via configuration
2026-09-01T15:46:23.314+05:30  INFO 44812 --- [bmp-user-service] [rap-executor-%d] c.n.d.s.r.aws.ConfigClusterResolver      : Resolving eureka endpoints via configuration
2026-09-01T15:51:23.340+05:30  INFO 44812 --- [bmp-user-service] [rap-executor-%d] c.n.d.s.r.aws.ConfigClusterResolver      : Resolving eureka endpoints via configuration
2026-09-01T15:56:23.349+05:30  INFO 44812 --- [bmp-user-service] [rap-executor-%d] c.n.d.s.r.aws.ConfigClusterResolver      : Resolving eureka endpoints via configuration
2026-09-01T16:01:23.373+05:30  INFO 44812 --- [bmp-user-service] [rap-executor-%d] c.n.d.s.r.aws.ConfigClusterResolver      : Resolving eureka endpoints via configuration
2026-09-01T16:06:23.392+05:30  INFO 44812 --- [bmp-user-service] [rap-executor-%d] c.n.d.s.r.aws.ConfigClusterResolver      : Resolving eureka endpoints via configuration
2026-09-01T16:11:23.407+05:30  INFO 44812 --- [bmp-user-service] [rap-executor-%d] c.n.d.s.r.aws.ConfigClusterResolver      : Resolving eureka endpoints via configuration
2026-09-01T16:16:23.426+05:30  INFO 44812 --- [bmp-user-service] [rap-executor-%d] c.n.d.s.r.aws.ConfigClusterResolver      : Resolving eureka endpoints via configuration
2026-09-01T16:21:23.431+05:30  INFO 44812 --- [bmp-user-service] [rap-executor-%d] c.n.d.s.r.aws.ConfigClusterResolver      : Resolving eureka endpoints via configuration
2026-09-01T17:07:55.783+05:30  INFO 44812 --- [bmp-user-service] [container-0-C-1] org.apache.kafka.clients.NetworkClient   : [Consumer clientId=consumer-anonymous.a8f27670-05d5-4cea-bde4-4217e9e9694b-2, groupId=anonymous.a8f27670-05d5-4cea-bde4-4217e9e9694b] Node 2147483646 disconnected.
2026-09-01T17:07:55.871+05:30  INFO 44812 --- [bmp-user-service] [container-0-C-1] org.apache.kafka.clients.NetworkClient   : [Consumer clientId=consumer-anonymous.a8f27670-05d5-4cea-bde4-4217e9e9694b-2, groupId=anonymous.a8f27670-05d5-4cea-bde4-4217e9e9694b] Disconnecting from node 1 due to request timeout.
2026-09-01T17:07:55.943+05:30  INFO 44812 --- [bmp-user-service] [container-0-C-1] org.apache.kafka.clients.NetworkClient   : [Consumer clientId=consumer-anonymous.a8f27670-05d5-4cea-bde4-4217e9e9694b-2, groupId=anonymous.a8f27670-05d5-4cea-bde4-4217e9e9694b] Cancelled in-flight FETCH request with correlation id 179323 due to node 1 being disconnected (elapsed time since creation: 2728359ms, elapsed time since send: 2728359ms, throttle time: 0ms, request timeout: 30000ms)
2026-09-01T17:07:55.949+05:30  INFO 44812 --- [bmp-user-service] [e4-4217e9e9694b] o.a.k.c.c.internals.ConsumerCoordinator  : [Consumer clientId=consumer-anonymous.a8f27670-05d5-4cea-bde4-4217e9e9694b-2, groupId=anonymous.a8f27670-05d5-4cea-bde4-4217e9e9694b] Group coordinator localhost:9092 (id: 2147483646 rack: null) is unavailable or invalid due to cause: session timed out without receiving a heartbeat response. isDisconnected: false. Rediscovery will be attempted.
2026-09-01T17:07:55.949+05:30  INFO 44812 --- [bmp-user-service] [e4-4217e9e9694b] o.a.k.c.c.internals.ConsumerCoordinator  : [Consumer clientId=consumer-anonymous.a8f27670-05d5-4cea-bde4-4217e9e9694b-2, groupId=anonymous.a8f27670-05d5-4cea-bde4-4217e9e9694b] Requesting disconnect from last known coordinator localhost:9092 (id: 2147483646 rack: null)
2026-09-01T17:07:55.946+05:30  INFO 44812 --- [bmp-user-service] [container-0-C-1] o.a.kafka.clients.FetchSessionHandler    : [Consumer clientId=consumer-anonymous.a8f27670-05d5-4cea-bde4-4217e9e9694b-2, groupId=anonymous.a8f27670-05d5-4cea-bde4-4217e9e9694b] Error sending fetch request (sessionId=1384413751, epoch=11599) to node 1:

org.apache.kafka.common.errors.DisconnectException: null

2026-09-01T17:07:56.861+05:30  INFO 44812 --- [bmp-user-service] [container-0-C-1] o.a.k.c.c.internals.ConsumerCoordinator  : [Consumer clientId=consumer-anonymous.a8f27670-05d5-4cea-bde4-4217e9e9694b-2, groupId=anonymous.a8f27670-05d5-4cea-bde4-4217e9e9694b] Discovered group coordinator localhost:9092 (id: 2147483646 rack: null)
2026-09-01T17:08:08.929+05:30  WARN 44812 --- [bmp-user-service] [l-1 housekeeper] com.zaxxer.hikari.pool.HikariPool        : HikariPool-1 - Thread starvation or clock leap detected (housekeeper delta=45m55s54ms333µs200ns).
2026-09-01T17:08:43.389+05:30  INFO 44812 --- [bmp-user-service] [pool-2-thread-1] org.apache.kafka.clients.NetworkClient   : [Consumer clientId=consumer-anonymous.a8f27670-05d5-4cea-bde4-4217e9e9694b-3, groupId=anonymous.a8f27670-05d5-4cea-bde4-4217e9e9694b] Node 2147483646 disconnected.
2026-09-01T17:08:43.398+05:30  INFO 44812 --- [bmp-user-service] [pool-2-thread-1] o.a.k.c.c.internals.ConsumerCoordinator  : [Consumer clientId=consumer-anonymous.a8f27670-05d5-4cea-bde4-4217e9e9694b-3, groupId=anonymous.a8f27670-05d5-4cea-bde4-4217e9e9694b] Group coordinator localhost:9092 (id: 2147483646 rack: null) is unavailable or invalid due to cause: coordinator unavailable. isDisconnected: true. Rediscovery will be attempted.
2026-09-01T17:08:43.402+05:30  INFO 44812 --- [bmp-user-service] [pool-2-thread-1] o.a.k.c.c.internals.ConsumerCoordinator  : [Consumer clientId=consumer-anonymous.a8f27670-05d5-4cea-bde4-4217e9e9694b-3, groupId=anonymous.a8f27670-05d5-4cea-bde4-4217e9e9694b] Discovered group coordinator localhost:9092 (id: 2147483646 rack: null)
2026-09-01T17:08:43.403+05:30  INFO 44812 --- [bmp-user-service] [pool-2-thread-1] o.a.k.c.c.internals.ConsumerCoordinator  : [Consumer clientId=consumer-anonymous.a8f27670-05d5-4cea-bde4-4217e9e9694b-3, groupId=anonymous.a8f27670-05d5-4cea-bde4-4217e9e9694b] Group coordinator localhost:9092 (id: 2147483646 rack: null) is unavailable or invalid due to cause: coordinator unavailable. isDisconnected: false. Rediscovery will be attempted.
2026-09-01T17:08:43.403+05:30  INFO 44812 --- [bmp-user-service] [pool-2-thread-1] o.a.k.c.c.internals.ConsumerCoordinator  : [Consumer clientId=consumer-anonymous.a8f27670-05d5-4cea-bde4-4217e9e9694b-3, groupId=anonymous.a8f27670-05d5-4cea-bde4-4217e9e9694b] Requesting disconnect from last known coordinator localhost:9092 (id: 2147483646 rack: null)
2026-09-01T17:08:43.507+05:30  INFO 44812 --- [bmp-user-service] [pool-2-thread-1] o.a.k.c.c.internals.ConsumerCoordinator  : [Consumer clientId=consumer-anonymous.a8f27670-05d5-4cea-bde4-4217e9e9694b-3, groupId=anonymous.a8f27670-05d5-4cea-bde4-4217e9e9694b] Discovered group coordinator localhost:9092 (id: 2147483646 rack: null)
2026-09-01T17:11:48.360+05:30  INFO 44812 --- [bmp-user-service] [rap-executor-%d] c.n.d.s.r.aws.ConfigClusterResolver      : Resolving eureka endpoints via configuration
2026-09-01T17:16:48.367+05:30  INFO 44812 --- [bmp-user-service] [rap-executor-%d] c.n.d.s.r.aws.ConfigClusterResolver      : Resolving eureka endpoints via configuration
2026-09-01T17:21:48.383+05:30  INFO 44812 --- [bmp-user-service] [rap-executor-%d] c.n.d.s.r.aws.ConfigClusterResolver      : Resolving eureka endpoints via configuration
2026-09-01T17:26:48.403+05:30  INFO 44812 --- [bmp-user-service] [rap-executor-%d] c.n.d.s.r.aws.ConfigClusterResolver      : Resolving eureka endpoints via configuration
2026-09-01T17:31:48.432+05:30  INFO 44812 --- [bmp-user-service] [rap-executor-%d] c.n.d.s.r.aws.ConfigClusterResolver      : Resolving eureka endpoints via configuration
2026-09-01T17:36:48.448+05:30  INFO 44812 --- [bmp-user-service] [rap-executor-%d] c.n.d.s.r.aws.ConfigClusterResolver      : Resolving eureka endpoints via configuration
2026-09-01T17:41:48.462+05:30  INFO 44812 --- [bmp-user-service] [rap-executor-%d] c.n.d.s.r.aws.ConfigClusterResolver      : Resolving eureka endpoints via configuration
2026-09-01T17:46:48.478+05:30  INFO 44812 --- [bmp-user-service] [rap-executor-%d] c.n.d.s.r.aws.ConfigClusterResolver      : Resolving eureka endpoints via configuration
2026-09-01T17:51:48.485+05:30  INFO 44812 --- [bmp-user-service] [rap-executor-%d] c.n.d.s.r.aws.ConfigClusterResolver      : Resolving eureka endpoints via configuration
2026-09-01T17:56:48.491+05:30  INFO 44812 --- [bmp-user-service] [rap-executor-%d] c.n.d.s.r.aws.ConfigClusterResolver      : Resolving eureka endpoints via configuration
2026-09-01T18:01:48.505+05:30  INFO 44812 --- [bmp-user-service] [rap-executor-%d] c.n.d.s.r.aws.ConfigClusterResolver      : Resolving eureka endpoints via configuration
2026-09-01T18:15:32.074+05:30  INFO 44812 --- [bmp-user-service] [container-0-C-1] org.apache.kafka.clients.NetworkClient   : [Consumer clientId=consumer-anonymous.a8f27670-05d5-4cea-bde4-4217e9e9694b-2, groupId=anonymous.a8f27670-05d5-4cea-bde4-4217e9e9694b] Node 1 disconnected.
2026-09-01T18:15:32.189+05:30  INFO 44812 --- [bmp-user-service] [container-0-C-1] org.apache.kafka.clients.NetworkClient   : [Consumer clientId=consumer-anonymous.a8f27670-05d5-4cea-bde4-4217e9e9694b-2, groupId=anonymous.a8f27670-05d5-4cea-bde4-4217e9e9694b] Cancelled in-flight FETCH request with correlation id 187219 due to node 1 being disconnected (elapsed time since creation: 646950ms, elapsed time since send: 646950ms, throttle time: 0ms, request timeout: 30000ms)
2026-09-01T18:15:32.229+05:30  INFO 44812 --- [bmp-user-service] [container-0-C-1] org.apache.kafka.clients.NetworkClient   : [Consumer clientId=consumer-anonymous.a8f27670-05d5-4cea-bde4-4217e9e9694b-2, groupId=anonymous.a8f27670-05d5-4cea-bde4-4217e9e9694b] Disconnecting from node 2147483646 due to request timeout.
2026-09-01T18:15:32.229+05:30  INFO 44812 --- [bmp-user-service] [container-0-C-1] org.apache.kafka.clients.NetworkClient   : [Consumer clientId=consumer-anonymous.a8f27670-05d5-4cea-bde4-4217e9e9694b-2, groupId=anonymous.a8f27670-05d5-4cea-bde4-4217e9e9694b] Cancelled in-flight HEARTBEAT request with correlation id 187220 due to node 2147483646 being disconnected (elapsed time since creation: 646626ms, elapsed time since send: 646626ms, throttle time: 0ms, request timeout: 30000ms)
2026-09-01T18:15:32.291+05:30  INFO 44812 --- [bmp-user-service] [e4-4217e9e9694b] o.a.k.c.c.internals.ConsumerCoordinator  : [Consumer clientId=consumer-anonymous.a8f27670-05d5-4cea-bde4-4217e9e9694b-2, groupId=anonymous.a8f27670-05d5-4cea-bde4-4217e9e9694b] Group coordinator localhost:9092 (id: 2147483646 rack: null) is unavailable or invalid due to cause: null. isDisconnected: true. Rediscovery will be attempted.
2026-09-01T18:15:32.289+05:30  INFO 44812 --- [bmp-user-service] [container-0-C-1] o.a.kafka.clients.FetchSessionHandler    : [Consumer clientId=consumer-anonymous.a8f27670-05d5-4cea-bde4-4217e9e9694b-2, groupId=anonymous.a8f27670-05d5-4cea-bde4-4217e9e9694b] Error sending fetch request (sessionId=469534395, epoch=6735) to node 1:

org.apache.kafka.common.errors.DisconnectException: null

2026-09-01T18:15:34.334+05:30  INFO 44812 --- [bmp-user-service] [container-0-C-1] o.a.k.c.c.internals.ConsumerCoordinator  : [Consumer clientId=consumer-anonymous.a8f27670-05d5-4cea-bde4-4217e9e9694b-2, groupId=anonymous.a8f27670-05d5-4cea-bde4-4217e9e9694b] Discovered group coordinator localhost:9092 (id: 2147483646 rack: null)
2026-09-01T18:15:34.430+05:30  INFO 44812 --- [bmp-user-service] [container-0-C-1] o.a.k.c.c.internals.ConsumerCoordinator  : [Consumer clientId=consumer-anonymous.a8f27670-05d5-4cea-bde4-4217e9e9694b-2, groupId=anonymous.a8f27670-05d5-4cea-bde4-4217e9e9694b] Discovered group coordinator localhost:9092 (id: 2147483646 rack: null)
2026-09-01T18:15:34.431+05:30  INFO 44812 --- [bmp-user-service] [container-0-C-1] o.a.k.c.c.internals.ConsumerCoordinator  : [Consumer clientId=consumer-anonymous.a8f27670-05d5-4cea-bde4-4217e9e9694b-2, groupId=anonymous.a8f27670-05d5-4cea-bde4-4217e9e9694b] Discovered group coordinator localhost:9092 (id: 2147483646 rack: null)
2026-09-01T18:15:34.451+05:30  INFO 44812 --- [bmp-user-service] [container-0-C-1] o.a.k.c.c.internals.ConsumerCoordinator  : [Consumer clientId=consumer-anonymous.a8f27670-05d5-4cea-bde4-4217e9e9694b-2, groupId=anonymous.a8f27670-05d5-4cea-bde4-4217e9e9694b] Discovered group coordinator localhost:9092 (id: 2147483646 rack: null)
2026-09-01T18:15:53.070+05:30  WARN 44812 --- [bmp-user-service] [l-1 housekeeper] com.zaxxer.hikari.pool.HikariPool        : HikariPool-1 - Thread starvation or clock leap detected (housekeeper delta=11m13s286ms479µs).
2026-09-01T18:16:27.931+05:30  INFO 44812 --- [bmp-user-service] [pool-2-thread-1] org.apache.kafka.clients.NetworkClient   : [Consumer clientId=consumer-anonymous.a8f27670-05d5-4cea-bde4-4217e9e9694b-3, groupId=anonymous.a8f27670-05d5-4cea-bde4-4217e9e9694b] Node 2147483646 disconnected.
2026-09-01T18:16:27.935+05:30  INFO 44812 --- [bmp-user-service] [pool-2-thread-1] o.a.k.c.c.internals.ConsumerCoordinator  : [Consumer clientId=consumer-anonymous.a8f27670-05d5-4cea-bde4-4217e9e9694b-3, groupId=anonymous.a8f27670-05d5-4cea-bde4-4217e9e9694b] Group coordinator localhost:9092 (id: 2147483646 rack: null) is unavailable or invalid due to cause: coordinator unavailable. isDisconnected: true. Rediscovery will be attempted.
2026-09-01T18:16:27.936+05:30  INFO 44812 --- [bmp-user-service] [pool-2-thread-1] o.a.k.c.c.internals.ConsumerCoordinator  : [Consumer clientId=consumer-anonymous.a8f27670-05d5-4cea-bde4-4217e9e9694b-3, groupId=anonymous.a8f27670-05d5-4cea-bde4-4217e9e9694b] Discovered group coordinator localhost:9092 (id: 2147483646 rack: null)
2026-09-01T18:16:27.936+05:30  INFO 44812 --- [bmp-user-service] [pool-2-thread-1] o.a.k.c.c.internals.ConsumerCoordinator  : [Consumer clientId=consumer-anonymous.a8f27670-05d5-4cea-bde4-4217e9e9694b-3, groupId=anonymous.a8f27670-05d5-4cea-bde4-4217e9e9694b] Group coordinator localhost:9092 (id: 2147483646 rack: null) is unavailable or invalid due to cause: coordinator unavailable. isDisconnected: false. Rediscovery will be attempted.
2026-09-01T18:16:27.936+05:30  INFO 44812 --- [bmp-user-service] [pool-2-thread-1] o.a.k.c.c.internals.ConsumerCoordinator  : [Consumer clientId=consumer-anonymous.a8f27670-05d5-4cea-bde4-4217e9e9694b-3, groupId=anonymous.a8f27670-05d5-4cea-bde4-4217e9e9694b] Requesting disconnect from last known coordinator localhost:9092 (id: 2147483646 rack: null)
2026-09-01T18:16:28.039+05:30  INFO 44812 --- [bmp-user-service] [pool-2-thread-1] o.a.k.c.c.internals.ConsumerCoordinator  : [Consumer clientId=consumer-anonymous.a8f27670-05d5-4cea-bde4-4217e9e9694b-3, groupId=anonymous.a8f27670-05d5-4cea-bde4-4217e9e9694b] Discovered group coordinator localhost:9092 (id: 2147483646 rack: null)
2026-09-01T18:17:31.666+05:30  INFO 44812 --- [bmp-user-service] [rap-executor-%d] c.n.d.s.r.aws.ConfigClusterResolver      : Resolving eureka endpoints via configuration
2026-09-01T18:22:31.676+05:30  INFO 44812 --- [bmp-user-service] [rap-executor-%d] c.n.d.s.r.aws.ConfigClusterResolver      : Resolving eureka endpoints via configuration
2026-09-01T18:27:31.682+05:30  INFO 44812 --- [bmp-user-service] [rap-executor-%d] c.n.d.s.r.aws.ConfigClusterResolver      : Resolving eureka endpoints via configuration
2026-09-01T18:32:31.690+05:30  INFO 44812 --- [bmp-user-service] [rap-executor-%d] c.n.d.s.r.aws.ConfigClusterResolver      : Resolving eureka endpoints via configuration
2026-09-01T18:37:31.697+05:30  INFO 44812 --- [bmp-user-service] [rap-executor-%d] c.n.d.s.r.aws.ConfigClusterResolver      : Resolving eureka endpoints via configuration
2026-09-01T18:42:31.702+05:30  INFO 44812 --- [bmp-user-service] [rap-executor-%d] c.n.d.s.r.aws.ConfigClusterResolver      : Resolving eureka endpoints via configuration
2026-09-01T18:47:31.707+05:30  INFO 44812 --- [bmp-user-service] [rap-executor-%d] c.n.d.s.r.aws.ConfigClusterResolver      : Resolving eureka endpoints via configuration
2026-09-01T18:52:31.730+05:30  INFO 44812 --- [bmp-user-service] [rap-executor-%d] c.n.d.s.r.aws.ConfigClusterResolver      : Resolving eureka endpoints via configuration
2026-09-01T18:57:31.746+05:30  INFO 44812 --- [bmp-user-service] [rap-executor-%d] c.n.d.s.r.aws.ConfigClusterResolver      : Resolving eureka endpoints via configuration
2026-09-01T19:02:31.763+05:30  INFO 44812 --- [bmp-user-service] [rap-executor-%d] c.n.d.s.r.aws.ConfigClusterResolver      : Resolving eureka endpoints via configuration
2026-09-01T19:07:31.786+05:30  INFO 44812 --- [bmp-user-service] [rap-executor-%d] c.n.d.s.r.aws.ConfigClusterResolver      : Resolving eureka endpoints via configuration
2026-09-01T19:12:31.791+05:30  INFO 44812 --- [bmp-user-service] [rap-executor-%d] c.n.d.s.r.aws.ConfigClusterResolver      : Resolving eureka endpoints via configuration
2026-09-01T19:17:31.806+05:30  INFO 44812 --- [bmp-user-service] [rap-executor-%d] c.n.d.s.r.aws.ConfigClusterResolver      : Resolving eureka endpoints via configuration
2026-09-01T19:22:31.819+05:30  INFO 44812 --- [bmp-user-service] [rap-executor-%d] c.n.d.s.r.aws.ConfigClusterResolver      : Resolving eureka endpoints via configuration
2026-09-01T22:19:19.668+05:30  INFO 44812 --- [bmp-user-service] [container-0-C-1] org.apache.kafka.clients.NetworkClient   : [Consumer clientId=consumer-anonymous.a8f27670-05d5-4cea-bde4-4217e9e9694b-2, groupId=anonymous.a8f27670-05d5-4cea-bde4-4217e9e9694b] Node 1 disconnected.
2026-09-01T22:19:20.245+05:30  INFO 44812 --- [bmp-user-service] [container-0-C-1] org.apache.kafka.clients.NetworkClient   : [Consumer clientId=consumer-anonymous.a8f27670-05d5-4cea-bde4-4217e9e9694b-2, groupId=anonymous.a8f27670-05d5-4cea-bde4-4217e9e9694b] Cancelled in-flight FETCH request with correlation id 196594 due to node 1 being disconnected (elapsed time since creation: 10576880ms, elapsed time since send: 10576879ms, throttle time: 0ms, request timeout: 30000ms)
2026-09-01T22:19:20.377+05:30  INFO 44812 --- [bmp-user-service] [container-0-C-1] org.apache.kafka.clients.NetworkClient   : [Consumer clientId=consumer-anonymous.a8f27670-05d5-4cea-bde4-4217e9e9694b-2, groupId=anonymous.a8f27670-05d5-4cea-bde4-4217e9e9694b] Disconnecting from node 2147483646 due to request timeout.
2026-09-01T22:19:20.378+05:30  INFO 44812 --- [bmp-user-service] [container-0-C-1] org.apache.kafka.clients.NetworkClient   : [Consumer clientId=consumer-anonymous.a8f27670-05d5-4cea-bde4-4217e9e9694b-2, groupId=anonymous.a8f27670-05d5-4cea-bde4-4217e9e9694b] Cancelled in-flight HEARTBEAT request with correlation id 196595 due to node 2147483646 being disconnected (elapsed time since creation: 10575533ms, elapsed time since send: 10575533ms, throttle time: 0ms, request timeout: 30000ms)
2026-09-01T22:19:20.497+05:30  INFO 44812 --- [bmp-user-service] [e4-4217e9e9694b] o.a.k.c.c.internals.ConsumerCoordinator  : [Consumer clientId=consumer-anonymous.a8f27670-05d5-4cea-bde4-4217e9e9694b-2, groupId=anonymous.a8f27670-05d5-4cea-bde4-4217e9e9694b] Group coordinator localhost:9092 (id: 2147483646 rack: null) is unavailable or invalid due to cause: null. isDisconnected: true. Rediscovery will be attempted.
2026-09-01T22:19:21.423+05:30  INFO 44812 --- [bmp-user-service] [container-0-C-1] o.a.kafka.clients.FetchSessionHandler    : [Consumer clientId=consumer-anonymous.a8f27670-05d5-4cea-bde4-4217e9e9694b-2, groupId=anonymous.a8f27670-05d5-4cea-bde4-4217e9e9694b] Error sending fetch request (sessionId=1630535369, epoch=7993) to node 1:

org.apache.kafka.common.errors.DisconnectException: null

2026-09-01T22:19:23.825+05:30  INFO 44812 --- [bmp-user-service] [container-0-C-1] o.a.k.c.c.internals.ConsumerCoordinator  : [Consumer clientId=consumer-anonymous.a8f27670-05d5-4cea-bde4-4217e9e9694b-2, groupId=anonymous.a8f27670-05d5-4cea-bde4-4217e9e9694b] Discovered group coordinator localhost:9092 (id: 2147483646 rack: null)
2026-09-01T22:19:23.867+05:30  INFO 44812 --- [bmp-user-service] [container-0-C-1] o.a.k.c.c.internals.ConsumerCoordinator  : [Consumer clientId=consumer-anonymous.a8f27670-05d5-4cea-bde4-4217e9e9694b-2, groupId=anonymous.a8f27670-05d5-4cea-bde4-4217e9e9694b] Discovered group coordinator localhost:9092 (id: 2147483646 rack: null)
2026-09-01T22:19:36.383+05:30  WARN 44812 --- [bmp-user-service] [l-1 housekeeper] com.zaxxer.hikari.pool.HikariPool        : HikariPool-1 - Thread starvation or clock leap detected (housekeeper delta=2h56m41s890ms676µs).
2026-09-01T22:19:40.994+05:30  INFO 44812 --- [bmp-user-service] [pool-2-thread-1] org.apache.kafka.clients.NetworkClient   : [Consumer clientId=consumer-anonymous.a8f27670-05d5-4cea-bde4-4217e9e9694b-3, groupId=anonymous.a8f27670-05d5-4cea-bde4-4217e9e9694b] Node 2147483646 disconnected.
2026-09-01T22:23:43.580+05:30  INFO 44812 --- [bmp-user-service] [rap-executor-%d] c.n.d.s.r.aws.ConfigClusterResolver      : Resolving eureka endpoints via configuration
2026-09-01T22:28:43.607+05:30  INFO 44812 --- [bmp-user-service] [rap-executor-%d] c.n.d.s.r.aws.ConfigClusterResolver      : Resolving eureka endpoints via configuration
2026-09-01T22:33:43.630+05:30  INFO 44812 --- [bmp-user-service] [rap-executor-%d] c.n.d.s.r.aws.ConfigClusterResolver      : Resolving eureka endpoints via configuration
2026-09-01T22:38:43.647+05:30  INFO 44812 --- [bmp-user-service] [rap-executor-%d] c.n.d.s.r.aws.ConfigClusterResolver      : Resolving eureka endpoints via configuration
2026-09-01T22:43:43.652+05:30  INFO 44812 --- [bmp-user-service] [rap-executor-%d] c.n.d.s.r.aws.ConfigClusterResolver      : Resolving eureka endpoints via configuration
2026-09-01T22:48:43.656+05:30  INFO 44812 --- [bmp-user-service] [rap-executor-%d] c.n.d.s.r.aws.ConfigClusterResolver      : Resolving eureka endpoints via configuration
2026-09-01T22:53:43.668+05:30  INFO 44812 --- [bmp-user-service] [rap-executor-%d] c.n.d.s.r.aws.ConfigClusterResolver      : Resolving eureka endpoints via configuration
2026-09-01T22:58:43.671+05:30  INFO 44812 --- [bmp-user-service] [rap-executor-%d] c.n.d.s.r.aws.ConfigClusterResolver      : Resolving eureka endpoints via configuration
2026-09-01T23:03:43.688+05:30  INFO 44812 --- [bmp-user-service] [rap-executor-%d] c.n.d.s.r.aws.ConfigClusterResolver      : Resolving eureka endpoints via configuration
2026-09-01T23:08:43.708+05:30  INFO 44812 --- [bmp-user-service] [rap-executor-%d] c.n.d.s.r.aws.ConfigClusterResolver      : Resolving eureka endpoints via configuration
2026-09-01T23:13:43.719+05:30  INFO 44812 --- [bmp-user-service] [rap-executor-%d] c.n.d.s.r.aws.ConfigClusterResolver      : Resolving eureka endpoints via configuration
2026-09-01T23:18:43.731+05:30  INFO 44812 --- [bmp-user-service] [rap-executor-%d] c.n.d.s.r.aws.ConfigClusterResolver      : Resolving eureka endpoints via configuration
2026-09-01T23:23:43.761+05:30  INFO 44812 --- [bmp-user-service] [rap-executor-%d] c.n.d.s.r.aws.ConfigClusterResolver      : Resolving eureka endpoints via configuration
2026-09-01T23:28:43.788+05:30  INFO 44812 --- [bmp-user-service] [rap-executor-%d] c.n.d.s.r.aws.ConfigClusterResolver      : Resolving eureka endpoints via configuration
2026-09-01T23:33:43.796+05:30  INFO 44812 --- [bmp-user-service] [rap-executor-%d] c.n.d.s.r.aws.ConfigClusterResolver      : Resolving eureka endpoints via configuration
2026-09-01T23:38:43.808+05:30  INFO 44812 --- [bmp-user-service] [rap-executor-%d] c.n.d.s.r.aws.ConfigClusterResolver      : Resolving eureka endpoints via configuration
2026-09-01T23:43:43.810+05:30  INFO 44812 --- [bmp-user-service] [rap-executor-%d] c.n.d.s.r.aws.ConfigClusterResolver      : Resolving eureka endpoints via configuration
2026-09-01T23:48:43.817+05:30  INFO 44812 --- [bmp-user-service] [rap-executor-%d] c.n.d.s.r.aws.ConfigClusterResolver      : Resolving eureka endpoints via configuration
2026-09-01T23:53:43.832+05:30  INFO 44812 --- [bmp-user-service] [rap-executor-%d] c.n.d.s.r.aws.ConfigClusterResolver      : Resolving eureka endpoints via configuration
2026-09-01T23:58:43.836+05:30  INFO 44812 --- [bmp-user-service] [rap-executor-%d] c.n.d.s.r.aws.ConfigClusterResolver      : Resolving eureka endpoints via configuration
2026-09-02T00:03:43.853+05:30  INFO 44812 --- [bmp-user-service] [rap-executor-%d] c.n.d.s.r.aws.ConfigClusterResolver      : Resolving eureka endpoints via configuration
2026-09-02T00:08:43.859+05:30  INFO 44812 --- [bmp-user-service] [rap-executor-%d] c.n.d.s.r.aws.ConfigClusterResolver      : Resolving eureka endpoints via configuration
2026-09-02T00:13:43.878+05:30  INFO 44812 --- [bmp-user-service] [rap-executor-%d] c.n.d.s.r.aws.ConfigClusterResolver      : Resolving eureka endpoints via configuration
2026-09-02T00:18:44.118+05:30  INFO 44812 --- [bmp-user-service] [rap-executor-%d] c.n.d.s.r.aws.ConfigClusterResolver      : Resolving eureka endpoints via configuration
2026-09-02T00:23:44.242+05:30  INFO 44812 --- [bmp-user-service] [rap-executor-%d] c.n.d.s.r.aws.ConfigClusterResolver      : Resolving eureka endpoints via configuration
2026-09-02T00:28:44.244+05:30  INFO 44812 --- [bmp-user-service] [rap-executor-%d] c.n.d.s.r.aws.ConfigClusterResolver      : Resolving eureka endpoints via configuration
2026-09-02T00:33:44.253+05:30  INFO 44812 --- [bmp-user-service] [rap-executor-%d] c.n.d.s.r.aws.ConfigClusterResolver      : Resolving eureka endpoints via configuration
2026-09-02T00:38:44.268+05:30  INFO 44812 --- [bmp-user-service] [rap-executor-%d] c.n.d.s.r.aws.ConfigClusterResolver      : Resolving eureka endpoints via configuration
2026-09-02T03:40:11.010+05:30  INFO 44812 --- [bmp-user-service] [container-0-C-1] org.apache.kafka.clients.NetworkClient   : [Consumer clientId=consumer-anonymous.a8f27670-05d5-4cea-bde4-4217e9e9694b-2, groupId=anonymous.a8f27670-05d5-4cea-bde4-4217e9e9694b] Node 1 disconnected.
2026-09-02T03:40:11.533+05:30  INFO 44812 --- [bmp-user-service] [container-0-C-1] org.apache.kafka.clients.NetworkClient   : [Consumer clientId=consumer-anonymous.a8f27670-05d5-4cea-bde4-4217e9e9694b-2, groupId=anonymous.a8f27670-05d5-4cea-bde4-4217e9e9694b] Cancelled in-flight FETCH request with correlation id 216130 due to node 1 being disconnected (elapsed time since creation: 10805238ms, elapsed time since send: 10805238ms, throttle time: 0ms, request timeout: 30000ms)
2026-09-02T03:40:11.814+05:30  INFO 44812 --- [bmp-user-service] [e4-4217e9e9694b] o.a.kafka.clients.FetchSessionHandler    : [Consumer clientId=consumer-anonymous.a8f27670-05d5-4cea-bde4-4217e9e9694b-2, groupId=anonymous.a8f27670-05d5-4cea-bde4-4217e9e9694b] Error sending fetch request (sessionId=435537203, epoch=16666) to node 1:

org.apache.kafka.common.errors.DisconnectException: null

2026-09-02T03:40:13.438+05:30  INFO 44812 --- [bmp-user-service] [e4-4217e9e9694b] o.a.k.c.c.internals.ConsumerCoordinator  : [Consumer clientId=consumer-anonymous.a8f27670-05d5-4cea-bde4-4217e9e9694b-2, groupId=anonymous.a8f27670-05d5-4cea-bde4-4217e9e9694b] Group coordinator localhost:9092 (id: 2147483646 rack: null) is unavailable or invalid due to cause: session timed out without receiving a heartbeat response. isDisconnected: false. Rediscovery will be attempted.
2026-09-02T03:40:13.439+05:30  INFO 44812 --- [bmp-user-service] [e4-4217e9e9694b] o.a.k.c.c.internals.ConsumerCoordinator  : [Consumer clientId=consumer-anonymous.a8f27670-05d5-4cea-bde4-4217e9e9694b-2, groupId=anonymous.a8f27670-05d5-4cea-bde4-4217e9e9694b] Requesting disconnect from last known coordinator localhost:9092 (id: 2147483646 rack: null)
2026-09-02T03:40:13.451+05:30  INFO 44812 --- [bmp-user-service] [e4-4217e9e9694b] org.apache.kafka.clients.NetworkClient   : [Consumer clientId=consumer-anonymous.a8f27670-05d5-4cea-bde4-4217e9e9694b-2, groupId=anonymous.a8f27670-05d5-4cea-bde4-4217e9e9694b] Client requested disconnect from node 2147483646
2026-09-02T03:40:13.685+05:30  INFO 44812 --- [bmp-user-service] [container-0-C-1] o.a.k.c.c.internals.ConsumerCoordinator  : [Consumer clientId=consumer-anonymous.a8f27670-05d5-4cea-bde4-4217e9e9694b-2, groupId=anonymous.a8f27670-05d5-4cea-bde4-4217e9e9694b] Discovered group coordinator localhost:9092 (id: 2147483646 rack: null)
2026-09-02T03:40:13.690+05:30  INFO 44812 --- [bmp-user-service] [container-0-C-1] o.a.k.c.c.internals.ConsumerCoordinator  : [Consumer clientId=consumer-anonymous.a8f27670-05d5-4cea-bde4-4217e9e9694b-2, groupId=anonymous.a8f27670-05d5-4cea-bde4-4217e9e9694b] Discovered group coordinator localhost:9092 (id: 2147483646 rack: null)
2026-09-02T03:40:13.747+05:30  WARN 44812 --- [bmp-user-service] [l-1 housekeeper] com.zaxxer.hikari.pool.HikariPool        : HikariPool-1 - Thread starvation or clock leap detected (housekeeper delta=3h29s534ms725µs600ns).
2026-09-02T10:42:50.712+05:30  INFO 44812 --- [bmp-user-service] [container-0-C-1] org.apache.kafka.clients.NetworkClient   : [Consumer clientId=consumer-anonymous.a8f27670-05d5-4cea-bde4-4217e9e9694b-2, groupId=anonymous.a8f27670-05d5-4cea-bde4-4217e9e9694b] Node 1 disconnected.
2026-09-02T10:42:50.835+05:30  INFO 44812 --- [bmp-user-service] [container-0-C-1] org.apache.kafka.clients.NetworkClient   : [Consumer clientId=consumer-anonymous.a8f27670-05d5-4cea-bde4-4217e9e9694b-2, groupId=anonymous.a8f27670-05d5-4cea-bde4-4217e9e9694b] Cancelled in-flight FETCH request with correlation id 216145 due to node 1 being disconnected (elapsed time since creation: 25354347ms, elapsed time since send: 25354347ms, throttle time: 0ms, request timeout: 30000ms)
2026-09-02T10:42:50.836+05:30  INFO 44812 --- [bmp-user-service] [container-0-C-1] org.apache.kafka.clients.NetworkClient   : [Consumer clientId=consumer-anonymous.a8f27670-05d5-4cea-bde4-4217e9e9694b-2, groupId=anonymous.a8f27670-05d5-4cea-bde4-4217e9e9694b] Disconnecting from node 2147483646 due to request timeout.
2026-09-02T10:42:50.837+05:30  INFO 44812 --- [bmp-user-service] [container-0-C-1] org.apache.kafka.clients.NetworkClient   : [Consumer clientId=consumer-anonymous.a8f27670-05d5-4cea-bde4-4217e9e9694b-2, groupId=anonymous.a8f27670-05d5-4cea-bde4-4217e9e9694b] Cancelled in-flight HEARTBEAT request with correlation id 216146 due to node 2147483646 being disconnected (elapsed time since creation: 25354014ms, elapsed time since send: 25354014ms, throttle time: 0ms, request timeout: 30000ms)
2026-09-02T10:42:50.961+05:30  INFO 44812 --- [bmp-user-service] [e4-4217e9e9694b] o.a.k.c.c.internals.ConsumerCoordinator  : [Consumer clientId=consumer-anonymous.a8f27670-05d5-4cea-bde4-4217e9e9694b-2, groupId=anonymous.a8f27670-05d5-4cea-bde4-4217e9e9694b] Group coordinator localhost:9092 (id: 2147483646 rack: null) is unavailable or invalid due to cause: null. isDisconnected: true. Rediscovery will be attempted.
2026-09-02T10:42:50.837+05:30  INFO 44812 --- [bmp-user-service] [container-0-C-1] o.a.kafka.clients.FetchSessionHandler    : [Consumer clientId=consumer-anonymous.a8f27670-05d5-4cea-bde4-4217e9e9694b-2, groupId=anonymous.a8f27670-05d5-4cea-bde4-4217e9e9694b] Error sending fetch request (sessionId=2018987005, epoch=5) to node 1:

org.apache.kafka.common.errors.DisconnectException: null

2026-09-02T10:42:53.701+05:30  INFO 44812 --- [bmp-user-service] [container-0-C-1] o.a.k.c.c.internals.ConsumerCoordinator  : [Consumer clientId=consumer-anonymous.a8f27670-05d5-4cea-bde4-4217e9e9694b-2, groupId=anonymous.a8f27670-05d5-4cea-bde4-4217e9e9694b] Discovered group coordinator localhost:9092 (id: 2147483646 rack: null)
2026-09-02T10:42:53.704+05:30  INFO 44812 --- [bmp-user-service] [container-0-C-1] o.a.k.c.c.internals.ConsumerCoordinator  : [Consumer clientId=consumer-anonymous.a8f27670-05d5-4cea-bde4-4217e9e9694b-2, groupId=anonymous.a8f27670-05d5-4cea-bde4-4217e9e9694b] Discovered group coordinator localhost:9092 (id: 2147483646 rack: null)
2026-09-02T10:43:16.189+05:30  WARN 44812 --- [bmp-user-service] [l-1 housekeeper] com.zaxxer.hikari.pool.HikariPool        : HikariPool-1 - Thread starvation or clock leap detected (housekeeper delta=7h3m5s73ms688µs200ns).
2026-09-02T10:43:16.989+05:30  INFO 44812 --- [bmp-user-service] [pool-2-thread-1] org.apache.kafka.clients.NetworkClient   : [Consumer clientId=consumer-anonymous.a8f27670-05d5-4cea-bde4-4217e9e9694b-3, groupId=anonymous.a8f27670-05d5-4cea-bde4-4217e9e9694b] Node 2147483646 disconnected.
2026-09-02T10:46:15.734+05:30  INFO 44812 --- [bmp-user-service] [rap-executor-%d] c.n.d.s.r.aws.ConfigClusterResolver      : Resolving eureka endpoints via configuration
2026-09-02T10:51:15.750+05:30  INFO 44812 --- [bmp-user-service] [rap-executor-%d] c.n.d.s.r.aws.ConfigClusterResolver      : Resolving eureka endpoints via configuration
2026-09-02T10:56:15.763+05:30  INFO 44812 --- [bmp-user-service] [rap-executor-%d] c.n.d.s.r.aws.ConfigClusterResolver      : Resolving eureka endpoints via configuration
2026-09-02T11:01:15.779+05:30  INFO 44812 --- [bmp-user-service] [rap-executor-%d] c.n.d.s.r.aws.ConfigClusterResolver      : Resolving eureka endpoints via configuration
2026-09-02T11:06:15.782+05:30  INFO 44812 --- [bmp-user-service] [rap-executor-%d] c.n.d.s.r.aws.ConfigClusterResolver      : Resolving eureka endpoints via configuration
2026-09-02T11:11:15.792+05:30  INFO 44812 --- [bmp-user-service] [rap-executor-%d] c.n.d.s.r.aws.ConfigClusterResolver      : Resolving eureka endpoints via configuration
2026-09-02T11:16:15.798+05:30  INFO 44812 --- [bmp-user-service] [rap-executor-%d] c.n.d.s.r.aws.ConfigClusterResolver      : Resolving eureka endpoints via configuration
2026-09-02T11:21:15.808+05:30  INFO 44812 --- [bmp-user-service] [rap-executor-%d] c.n.d.s.r.aws.ConfigClusterResolver      : Resolving eureka endpoints via configuration
2026-09-02T12:20:59.866+05:30  INFO 44812 --- [bmp-user-service] [e4-4217e9e9694b] org.apache.kafka.clients.NetworkClient   : [Consumer clientId=consumer-anonymous.a8f27670-05d5-4cea-bde4-4217e9e9694b-2, groupId=anonymous.a8f27670-05d5-4cea-bde4-4217e9e9694b] Node 2147483646 disconnected.
2026-09-02T12:20:59.884+05:30  INFO 44812 --- [bmp-user-service] [e4-4217e9e9694b] org.apache.kafka.clients.NetworkClient   : [Consumer clientId=consumer-anonymous.a8f27670-05d5-4cea-bde4-4217e9e9694b-2, groupId=anonymous.a8f27670-05d5-4cea-bde4-4217e9e9694b] Disconnecting from node 1 due to request timeout.
2026-09-02T12:20:59.887+05:30  INFO 44812 --- [bmp-user-service] [e4-4217e9e9694b] org.apache.kafka.clients.NetworkClient   : [Consumer clientId=consumer-anonymous.a8f27670-05d5-4cea-bde4-4217e9e9694b-2, groupId=anonymous.a8f27670-05d5-4cea-bde4-4217e9e9694b] Cancelled in-flight FETCH request with correlation id 222052 due to node 1 being disconnected (elapsed time since creation: 3329889ms, elapsed time since send: 3329889ms, throttle time: 0ms, request timeout: 30000ms)
2026-09-02T12:20:59.896+05:30  INFO 44812 --- [bmp-user-service] [e4-4217e9e9694b] o.a.kafka.clients.FetchSessionHandler    : [Consumer clientId=consumer-anonymous.a8f27670-05d5-4cea-bde4-4217e9e9694b-2, groupId=anonymous.a8f27670-05d5-4cea-bde4-4217e9e9694b] Error sending fetch request (sessionId=192782953, epoch=5033) to node 1:

org.apache.kafka.common.errors.DisconnectException: null

2026-09-02T12:20:59.931+05:30  INFO 44812 --- [bmp-user-service] [e4-4217e9e9694b] o.a.k.c.c.internals.ConsumerCoordinator  : [Consumer clientId=consumer-anonymous.a8f27670-05d5-4cea-bde4-4217e9e9694b-2, groupId=anonymous.a8f27670-05d5-4cea-bde4-4217e9e9694b] Group coordinator localhost:9092 (id: 2147483646 rack: null) is unavailable or invalid due to cause: session timed out without receiving a heartbeat response. isDisconnected: false. Rediscovery will be attempted.
2026-09-02T12:20:59.932+05:30  INFO 44812 --- [bmp-user-service] [e4-4217e9e9694b] o.a.k.c.c.internals.ConsumerCoordinator  : [Consumer clientId=consumer-anonymous.a8f27670-05d5-4cea-bde4-4217e9e9694b-2, groupId=anonymous.a8f27670-05d5-4cea-bde4-4217e9e9694b] Requesting disconnect from last known coordinator localhost:9092 (id: 2147483646 rack: null)
2026-09-02T12:21:01.866+05:30  INFO 44812 --- [bmp-user-service] [container-0-C-1] o.a.k.c.c.internals.ConsumerCoordinator  : [Consumer clientId=consumer-anonymous.a8f27670-05d5-4cea-bde4-4217e9e9694b-2, groupId=anonymous.a8f27670-05d5-4cea-bde4-4217e9e9694b] Discovered group coordinator localhost:9092 (id: 2147483646 rack: null)
2026-09-02T12:21:01.908+05:30  INFO 44812 --- [bmp-user-service] [container-0-C-1] o.a.k.c.c.internals.ConsumerCoordinator  : [Consumer clientId=consumer-anonymous.a8f27670-05d5-4cea-bde4-4217e9e9694b-2, groupId=anonymous.a8f27670-05d5-4cea-bde4-4217e9e9694b] Discovered group coordinator localhost:9092 (id: 2147483646 rack: null)
2026-09-02T12:21:13.537+05:30  WARN 44812 --- [bmp-user-service] [l-1 housekeeper] com.zaxxer.hikari.pool.HikariPool        : HikariPool-1 - Thread starvation or clock leap detected (housekeeper delta=55m56s685ms316µs300ns).
2026-09-02T12:21:42.361+05:30  INFO 44812 --- [bmp-user-service] [rap-executor-%d] c.n.d.s.r.aws.ConfigClusterResolver      : Resolving eureka endpoints via configuration
2026-09-02T12:21:44.686+05:30  INFO 44812 --- [bmp-user-service] [pool-2-thread-1] org.apache.kafka.clients.NetworkClient   : [Consumer clientId=consumer-anonymous.a8f27670-05d5-4cea-bde4-4217e9e9694b-3, groupId=anonymous.a8f27670-05d5-4cea-bde4-4217e9e9694b] Node 2147483646 disconnected.
2026-09-02T12:21:44.689+05:30  INFO 44812 --- [bmp-user-service] [pool-2-thread-1] o.a.k.c.c.internals.ConsumerCoordinator  : [Consumer clientId=consumer-anonymous.a8f27670-05d5-4cea-bde4-4217e9e9694b-3, groupId=anonymous.a8f27670-05d5-4cea-bde4-4217e9e9694b] Group coordinator localhost:9092 (id: 2147483646 rack: null) is unavailable or invalid due to cause: coordinator unavailable. isDisconnected: true. Rediscovery will be attempted.
2026-09-02T12:21:44.690+05:30  INFO 44812 --- [bmp-user-service] [pool-2-thread-1] o.a.k.c.c.internals.ConsumerCoordinator  : [Consumer clientId=consumer-anonymous.a8f27670-05d5-4cea-bde4-4217e9e9694b-3, groupId=anonymous.a8f27670-05d5-4cea-bde4-4217e9e9694b] Discovered group coordinator localhost:9092 (id: 2147483646 rack: null)
2026-09-02T12:21:44.690+05:30  INFO 44812 --- [bmp-user-service] [pool-2-thread-1] o.a.k.c.c.internals.ConsumerCoordinator  : [Consumer clientId=consumer-anonymous.a8f27670-05d5-4cea-bde4-4217e9e9694b-3, groupId=anonymous.a8f27670-05d5-4cea-bde4-4217e9e9694b] Group coordinator localhost:9092 (id: 2147483646 rack: null) is unavailable or invalid due to cause: coordinator unavailable. isDisconnected: false. Rediscovery will be attempted.
2026-09-02T12:21:44.690+05:30  INFO 44812 --- [bmp-user-service] [pool-2-thread-1] o.a.k.c.c.internals.ConsumerCoordinator  : [Consumer clientId=consumer-anonymous.a8f27670-05d5-4cea-bde4-4217e9e9694b-3, groupId=anonymous.a8f27670-05d5-4cea-bde4-4217e9e9694b] Requesting disconnect from last known coordinator localhost:9092 (id: 2147483646 rack: null)
2026-09-02T12:21:44.811+05:30  INFO 44812 --- [bmp-user-service] [pool-2-thread-1] o.a.k.c.c.internals.ConsumerCoordinator  : [Consumer clientId=consumer-anonymous.a8f27670-05d5-4cea-bde4-4217e9e9694b-3, groupId=anonymous.a8f27670-05d5-4cea-bde4-4217e9e9694b] Discovered group coordinator localhost:9092 (id: 2147483646 rack: null)
2026-09-02T12:26:42.413+05:30  INFO 44812 --- [bmp-user-service] [rap-executor-%d] c.n.d.s.r.aws.ConfigClusterResolver      : Resolving eureka endpoints via configuration
2026-09-02T12:31:42.421+05:30  INFO 44812 --- [bmp-user-service] [rap-executor-%d] c.n.d.s.r.aws.ConfigClusterResolver      : Resolving eureka endpoints via configuration
2026-09-02T12:36:42.428+05:30  INFO 44812 --- [bmp-user-service] [rap-executor-%d] c.n.d.s.r.aws.ConfigClusterResolver      : Resolving eureka endpoints via configuration
2026-09-02T12:41:42.437+05:30  INFO 44812 --- [bmp-user-service] [rap-executor-%d] c.n.d.s.r.aws.ConfigClusterResolver      : Resolving eureka endpoints via configuration
2026-09-02T12:46:42.443+05:30  INFO 44812 --- [bmp-user-service] [rap-executor-%d] c.n.d.s.r.aws.ConfigClusterResolver      : Resolving eureka endpoints via configuration
2026-09-02T12:51:42.460+05:30  INFO 44812 --- [bmp-user-service] [rap-executor-%d] c.n.d.s.r.aws.ConfigClusterResolver      : Resolving eureka endpoints via configuration
2026-09-02T12:56:42.471+05:30  INFO 44812 --- [bmp-user-service] [rap-executor-%d] c.n.d.s.r.aws.ConfigClusterResolver      : Resolving eureka endpoints via configuration
2026-09-02T13:01:42.485+05:30  INFO 44812 --- [bmp-user-service] [rap-executor-%d] c.n.d.s.r.aws.ConfigClusterResolver      : Resolving eureka endpoints via configuration
2026-09-02T13:06:42.486+05:30  INFO 44812 --- [bmp-user-service] [rap-executor-%d] c.n.d.s.r.aws.ConfigClusterResolver      : Resolving eureka endpoints via configuration
2026-09-02T13:11:42.501+05:30  INFO 44812 --- [bmp-user-service] [rap-executor-%d] c.n.d.s.r.aws.ConfigClusterResolver      : Resolving eureka endpoints via configuration
2026-09-02T13:16:42.512+05:30  INFO 44812 --- [bmp-user-service] [rap-executor-%d] c.n.d.s.r.aws.ConfigClusterResolver      : Resolving eureka endpoints via configuration
2026-09-02T13:21:42.532+05:30  INFO 44812 --- [bmp-user-service] [rap-executor-%d] c.n.d.s.r.aws.ConfigClusterResolver      : Resolving eureka endpoints via configuration
2026-09-02T20:02:26.437+05:30  INFO 44812 --- [bmp-user-service] [container-0-C-1] org.apache.kafka.clients.NetworkClient   : [Consumer clientId=consumer-anonymous.a8f27670-05d5-4cea-bde4-4217e9e9694b-2, groupId=anonymous.a8f27670-05d5-4cea-bde4-4217e9e9694b] Node 2147483646 disconnected.
2026-09-02T20:02:26.618+05:30  INFO 44812 --- [bmp-user-service] [container-0-C-1] org.apache.kafka.clients.NetworkClient   : [Consumer clientId=consumer-anonymous.a8f27670-05d5-4cea-bde4-4217e9e9694b-2, groupId=anonymous.a8f27670-05d5-4cea-bde4-4217e9e9694b] Disconnecting from node 1 due to request timeout.
2026-09-02T20:02:26.618+05:30  INFO 44812 --- [bmp-user-service] [container-0-C-1] org.apache.kafka.clients.NetworkClient   : [Consumer clientId=consumer-anonymous.a8f27670-05d5-4cea-bde4-4217e9e9694b-2, groupId=anonymous.a8f27670-05d5-4cea-bde4-4217e9e9694b] Cancelled in-flight FETCH request with correlation id 230783 due to node 1 being disconnected (elapsed time since creation: 23889021ms, elapsed time since send: 23889021ms, throttle time: 0ms, request timeout: 30000ms)
2026-09-02T20:02:26.623+05:30  INFO 44812 --- [bmp-user-service] [e4-4217e9e9694b] o.a.k.c.c.internals.ConsumerCoordinator  : [Consumer clientId=consumer-anonymous.a8f27670-05d5-4cea-bde4-4217e9e9694b-2, groupId=anonymous.a8f27670-05d5-4cea-bde4-4217e9e9694b] Group coordinator localhost:9092 (id: 2147483646 rack: null) is unavailable or invalid due to cause: session timed out without receiving a heartbeat response. isDisconnected: false. Rediscovery will be attempted.
2026-09-02T20:02:26.623+05:30  INFO 44812 --- [bmp-user-service] [e4-4217e9e9694b] o.a.k.c.c.internals.ConsumerCoordinator  : [Consumer clientId=consumer-anonymous.a8f27670-05d5-4cea-bde4-4217e9e9694b-2, groupId=anonymous.a8f27670-05d5-4cea-bde4-4217e9e9694b] Requesting disconnect from last known coordinator localhost:9092 (id: 2147483646 rack: null)
2026-09-02T20:02:26.697+05:30  INFO 44812 --- [bmp-user-service] [container-0-C-1] o.a.kafka.clients.FetchSessionHandler    : [Consumer clientId=consumer-anonymous.a8f27670-05d5-4cea-bde4-4217e9e9694b-2, groupId=anonymous.a8f27670-05d5-4cea-bde4-4217e9e9694b] Error sending fetch request (sessionId=197882117, epoch=7438) to node 1:

org.apache.kafka.common.errors.DisconnectException: null

2026-09-02T20:02:27.966+05:30  INFO 44812 --- [bmp-user-service] [container-0-C-1] o.a.k.c.c.internals.ConsumerCoordinator  : [Consumer clientId=consumer-anonymous.a8f27670-05d5-4cea-bde4-4217e9e9694b-2, groupId=anonymous.a8f27670-05d5-4cea-bde4-4217e9e9694b] Discovered group coordinator localhost:9092 (id: 2147483646 rack: null)
2026-09-02T20:02:28.294+05:30  INFO 44812 --- [bmp-user-service] [container-0-C-1] o.a.k.c.c.internals.ConsumerCoordinator  : [Consumer clientId=consumer-anonymous.a8f27670-05d5-4cea-bde4-4217e9e9694b-2, groupId=anonymous.a8f27670-05d5-4cea-bde4-4217e9e9694b] Discovered group coordinator localhost:9092 (id: 2147483646 rack: null)
2026-09-02T20:02:28.338+05:30  INFO 44812 --- [bmp-user-service] [container-0-C-1] o.a.k.c.c.internals.ConsumerCoordinator  : [Consumer clientId=consumer-anonymous.a8f27670-05d5-4cea-bde4-4217e9e9694b-2, groupId=anonymous.a8f27670-05d5-4cea-bde4-4217e9e9694b] Discovered group coordinator localhost:9092 (id: 2147483646 rack: null)
2026-09-02T20:02:51.487+05:30  WARN 44812 --- [bmp-user-service] [l-1 housekeeper] com.zaxxer.hikari.pool.HikariPool        : HikariPool-1 - Thread starvation or clock leap detected (housekeeper delta=6h38m39s313ms384µs800ns).
2026-09-02T20:02:52.691+05:30  INFO 44812 --- [bmp-user-service] [pool-2-thread-1] org.apache.kafka.clients.NetworkClient   : [Consumer clientId=consumer-anonymous.a8f27670-05d5-4cea-bde4-4217e9e9694b-3, groupId=anonymous.a8f27670-05d5-4cea-bde4-4217e9e9694b] Node 2147483646 disconnected.
2026-09-02T20:04:48.657+05:30  INFO 44812 --- [bmp-user-service] [rap-executor-%d] c.n.d.s.r.aws.ConfigClusterResolver      : Resolving eureka endpoints via configuration
2026-09-02T20:09:48.709+05:30  INFO 44812 --- [bmp-user-service] [rap-executor-%d] c.n.d.s.r.aws.ConfigClusterResolver      : Resolving eureka endpoints via configuration
2026-09-02T20:14:48.718+05:30  INFO 44812 --- [bmp-user-service] [rap-executor-%d] c.n.d.s.r.aws.ConfigClusterResolver      : Resolving eureka endpoints via configuration
2026-09-02T20:19:48.724+05:30  INFO 44812 --- [bmp-user-service] [rap-executor-%d] c.n.d.s.r.aws.ConfigClusterResolver      : Resolving eureka endpoints via configuration
2026-09-02T20:24:48.737+05:30  INFO 44812 --- [bmp-user-service] [rap-executor-%d] c.n.d.s.r.aws.ConfigClusterResolver      : Resolving eureka endpoints via configuration
2026-09-02T20:29:48.751+05:30  INFO 44812 --- [bmp-user-service] [rap-executor-%d] c.n.d.s.r.aws.ConfigClusterResolver      : Resolving eureka endpoints via configuration
2026-09-02T20:34:48.759+05:30  INFO 44812 --- [bmp-user-service] [rap-executor-%d] c.n.d.s.r.aws.ConfigClusterResolver      : Resolving eureka endpoints via configuration
2026-09-02T20:39:48.766+05:30  INFO 44812 --- [bmp-user-service] [rap-executor-%d] c.n.d.s.r.aws.ConfigClusterResolver      : Resolving eureka endpoints via configuration
2026-09-02T20:44:48.781+05:30  INFO 44812 --- [bmp-user-service] [rap-executor-%d] c.n.d.s.r.aws.ConfigClusterResolver      : Resolving eureka endpoints via configuration
2026-09-02T20:49:48.799+05:30  INFO 44812 --- [bmp-user-service] [rap-executor-%d] c.n.d.s.r.aws.ConfigClusterResolver      : Resolving eureka endpoints via configuration
2026-09-02T20:54:48.812+05:30  INFO 44812 --- [bmp-user-service] [rap-executor-%d] c.n.d.s.r.aws.ConfigClusterResolver      : Resolving eureka endpoints via configuration
2026-09-02T20:59:48.820+05:30  INFO 44812 --- [bmp-user-service] [rap-executor-%d] c.n.d.s.r.aws.ConfigClusterResolver      : Resolving eureka endpoints via configuration
2026-09-02T21:04:48.834+05:30  INFO 44812 --- [bmp-user-service] [rap-executor-%d] c.n.d.s.r.aws.ConfigClusterResolver      : Resolving eureka endpoints via configuration
2026-09-02T21:09:48.837+05:30  INFO 44812 --- [bmp-user-service] [rap-executor-%d] c.n.d.s.r.aws.ConfigClusterResolver      : Resolving eureka endpoints via configuration
2026-09-02T21:14:48.851+05:30  INFO 44812 --- [bmp-user-service] [rap-executor-%d] c.n.d.s.r.aws.ConfigClusterResolver      : Resolving eureka endpoints via configuration
2026-09-02T21:19:48.853+05:30  INFO 44812 --- [bmp-user-service] [rap-executor-%d] c.n.d.s.r.aws.ConfigClusterResolver      : Resolving eureka endpoints via configuration
2026-09-02T21:24:48.860+05:30  INFO 44812 --- [bmp-user-service] [rap-executor-%d] c.n.d.s.r.aws.ConfigClusterResolver      : Resolving eureka endpoints via configuration
2026-09-02T21:29:48.873+05:30  INFO 44812 --- [bmp-user-service] [rap-executor-%d] c.n.d.s.r.aws.ConfigClusterResolver      : Resolving eureka endpoints via configuration
2026-09-02T21:34:48.879+05:30  INFO 44812 --- [bmp-user-service] [rap-executor-%d] c.n.d.s.r.aws.ConfigClusterResolver      : Resolving eureka endpoints via configuration
2026-09-02T21:39:48.902+05:30  INFO 44812 --- [bmp-user-service] [rap-executor-%d] c.n.d.s.r.aws.ConfigClusterResolver      : Resolving eureka endpoints via configuration
2026-09-02T21:44:48.906+05:30  INFO 44812 --- [bmp-user-service] [rap-executor-%d] c.n.d.s.r.aws.ConfigClusterResolver      : Resolving eureka endpoints via configuration
2026-09-02T21:49:48.910+05:30  INFO 44812 --- [bmp-user-service] [rap-executor-%d] c.n.d.s.r.aws.ConfigClusterResolver      : Resolving eureka endpoints via configuration
2026-09-02T21:54:48.920+05:30  INFO 44812 --- [bmp-user-service] [rap-executor-%d] c.n.d.s.r.aws.ConfigClusterResolver      : Resolving eureka endpoints via configuration
2026-09-02T21:59:48.928+05:30  INFO 44812 --- [bmp-user-service] [rap-executor-%d] c.n.d.s.r.aws.ConfigClusterResolver      : Resolving eureka endpoints via configuration
2026-09-02T22:04:48.950+05:30  INFO 44812 --- [bmp-user-service] [rap-executor-%d] c.n.d.s.r.aws.ConfigClusterResolver      : Resolving eureka endpoints via configuration
2026-09-02T22:09:48.968+05:30  INFO 44812 --- [bmp-user-service] [rap-executor-%d] c.n.d.s.r.aws.ConfigClusterResolver      : Resolving eureka endpoints via configuration
