
  .   ____          _            __ _ _
 /\\ / ___'_ __ _ _(_)_ __  __ _ \ \ \ \
( ( )\___ | '_ | '_| | '_ \/ _` | \ \ \ \
 \\/  ___)| |_)| | | | | || (_| |  ) ) ) )
  '  |____| .__|_| |_|_| |_\__, | / / / /
 =========|_|==============|___/=/_/_/_/

 :: Spring Boot ::                (v3.4.1)

2026-08-28T22:35:59.550+05:30  INFO 35844 --- [bmp-review-service] [           main] com.bmp.review.BmpReviewApplication      : Starting BmpReviewApplication using Java 21.0.11 with PID 35844 (C:\BMP -PRJ\BMP\bmp-review\target\classes started by Lenovo in C:\BMP -PRJ\BMP\bmp-review)
2026-08-28T22:35:59.560+05:30  INFO 35844 --- [bmp-review-service] [           main] com.bmp.review.BmpReviewApplication      : No active profile set, falling back to 1 default profile: "default"
2026-08-28T22:36:00.053+05:30  INFO 35844 --- [bmp-review-service] [           main] o.s.c.c.c.ConfigServerConfigDataLoader   : Fetching config from server at : http://localhost:8888
2026-08-28T22:36:00.066+05:30  INFO 35844 --- [bmp-review-service] [           main] o.s.c.c.c.ConfigServerConfigDataLoader   : Located environment: name=bmp-review-service, profiles=[default], label=null, version=e49a1a5dcfcb36643a08d9529e85f702a6d4d502, state=
2026-08-28T22:36:04.383+05:30  INFO 35844 --- [bmp-review-service] [           main] .s.d.r.c.RepositoryConfigurationDelegate : Bootstrapping Spring Data JPA repositories in DEFAULT mode.
2026-08-28T22:36:05.293+05:30  INFO 35844 --- [bmp-review-service] [           main] .s.d.r.c.RepositoryConfigurationDelegate : Finished Spring Data repository scanning in 886 ms. Found 6 JPA repository interfaces.
2026-08-28T22:36:08.857+05:30  INFO 35844 --- [bmp-review-service] [           main] faultConfiguringBeanFactoryPostProcessor : No bean named 'errorChannel' has been explicitly defined. Therefore, a default PublishSubscribeChannel will be created.
2026-08-28T22:36:08.881+05:30  INFO 35844 --- [bmp-review-service] [           main] faultConfiguringBeanFactoryPostProcessor : No bean named 'integrationHeaderChannelRegistry' has been explicitly defined. Therefore, a default DefaultHeaderChannelRegistry will be created.
2026-08-28T22:36:09.512+05:30  INFO 35844 --- [bmp-review-service] [           main] o.s.cloud.context.scope.GenericScope     : BeanFactory id=605e6449-d258-3783-96eb-3d9e787e843c
2026-08-28T22:36:13.487+05:30  INFO 35844 --- [bmp-review-service] [           main] o.s.b.w.embedded.tomcat.TomcatWebServer  : Tomcat initialized with port 8086 (http)
2026-08-28T22:36:13.530+05:30  INFO 35844 --- [bmp-review-service] [           main] o.apache.catalina.core.StandardService   : Starting service [Tomcat]
2026-08-28T22:36:13.531+05:30  INFO 35844 --- [bmp-review-service] [           main] o.apache.catalina.core.StandardEngine    : Starting Servlet engine: [Apache Tomcat/10.1.34]
2026-08-28T22:36:14.040+05:30  INFO 35844 --- [bmp-review-service] [           main] o.a.c.c.C.[Tomcat].[localhost].[/]       : Initializing Spring embedded WebApplicationContext
2026-08-28T22:36:14.042+05:30  INFO 35844 --- [bmp-review-service] [           main] w.s.c.ServletWebServerApplicationContext : Root WebApplicationContext: initialization completed in 13941 ms
2026-08-28T22:36:16.427+05:30  INFO 35844 --- [bmp-review-service] [           main] com.zaxxer.hikari.HikariDataSource       : HikariPool-1 - Starting...
2026-08-28T22:36:19.758+05:30  INFO 35844 --- [bmp-review-service] [           main] com.zaxxer.hikari.pool.HikariPool        : HikariPool-1 - Added connection org.postgresql.jdbc.PgConnection@6b063695
2026-08-28T22:36:19.763+05:30  INFO 35844 --- [bmp-review-service] [           main] com.zaxxer.hikari.HikariDataSource       : HikariPool-1 - Start completed.
2026-08-28T22:36:19.872+05:30  INFO 35844 --- [bmp-review-service] [           main] org.flywaydb.core.FlywayExecutor         : Database: jdbc:postgresql://localhost:5432/bmp (PostgreSQL 16.4)
2026-08-28T22:36:20.112+05:30  INFO 35844 --- [bmp-review-service] [           main] o.f.core.internal.command.DbValidate     : Successfully validated 5 migrations (execution time 00:00.126s)
2026-08-28T22:36:20.224+05:30  INFO 35844 --- [bmp-review-service] [           main] o.f.core.internal.command.DbMigrate      : Current version of schema "common_schema": 004
2026-08-28T22:36:20.240+05:30  INFO 35844 --- [bmp-review-service] [           main] o.f.core.internal.command.DbMigrate      : Schema "common_schema" is up to date. No migration necessary.
2026-08-28T22:36:20.658+05:30  INFO 35844 --- [bmp-review-service] [           main] o.hibernate.jpa.internal.util.LogHelper  : HHH000204: Processing PersistenceUnitInfo [name: default]
2026-08-28T22:36:20.865+05:30  INFO 35844 --- [bmp-review-service] [           main] org.hibernate.Version                    : HHH000412: Hibernate ORM core version 6.6.4.Final
2026-08-28T22:36:21.005+05:30  INFO 35844 --- [bmp-review-service] [           main] o.h.c.internal.RegionFactoryInitiator    : HHH000026: Second-level cache disabled
2026-08-28T22:36:22.101+05:30  INFO 35844 --- [bmp-review-service] [           main] o.s.o.j.p.SpringPersistenceUnitInfo      : No LoadTimeWeaver setup: ignoring JPA class transformer
2026-08-28T22:36:22.447+05:30  INFO 35844 --- [bmp-review-service] [           main] org.hibernate.orm.connections.pooling    : HHH10001005: Database info:
	Database JDBC URL [Connecting through datasource 'HikariDataSource (HikariPool-1)']
	Database driver: undefined/unknown
	Database version: 16.4
	Autocommit mode: undefined/unknown
	Isolation level: undefined/unknown
	Minimum pool size: undefined/unknown
	Maximum pool size: undefined/unknown
2026-08-28T22:36:26.111+05:30  INFO 35844 --- [bmp-review-service] [           main] o.h.e.t.j.p.i.JtaPlatformInitiator       : HHH000489: No JTA platform available (set 'hibernate.transaction.jta.platform' to enable JTA platform integration)
2026-08-28T22:36:26.386+05:30  INFO 35844 --- [bmp-review-service] [           main] j.LocalContainerEntityManagerFactoryBean : Initialized JPA EntityManagerFactory for persistence unit 'default'
2026-08-28T22:36:27.803+05:30  WARN 35844 --- [bmp-review-service] [           main] .s.s.UserDetailsServiceAutoConfiguration : 

Using generated security password: 1e8df51e-8c41-4cc4-85a9-c77e60d5e8d6

This generated password is for development use only. Your security configuration must be updated before running your application in production.

2026-08-28T22:36:27.827+05:30  INFO 35844 --- [bmp-review-service] [           main] r$InitializeUserDetailsManagerConfigurer : Global AuthenticationManager configured with UserDetailsService bean with name inMemoryUserDetailsManager
2026-08-28T22:36:28.649+05:30  INFO 35844 --- [bmp-review-service] [           main] o.s.b.a.e.web.EndpointLinksResolver      : Exposing 10 endpoints beneath base path '/actuator'
2026-08-28T22:36:29.821+05:30  INFO 35844 --- [bmp-review-service] [           main] o.s.c.s.m.DirectWithAttributesChannel    : Channel 'bmp-review-service.springCloudBusInput' has 1 subscriber(s).
2026-08-28T22:36:30.728+05:30  INFO 35844 --- [bmp-review-service] [           main] DiscoveryClientOptionalArgsConfiguration : Eureka HTTP Client uses RestTemplate.
2026-08-28T22:36:30.883+05:30  WARN 35844 --- [bmp-review-service] [           main] iguration$LoadBalancerCaffeineWarnLogger : Spring Cloud LoadBalancer is currently working with the default cache. While this cache implementation is useful for development and tests, it's recommended to use Caffeine cache in production.You can switch to using Caffeine cache, by adding it and org.springframework.cache.caffeine.CaffeineCacheManager to the classpath.
2026-08-28T22:36:31.148+05:30  INFO 35844 --- [bmp-review-service] [           main] o.s.i.endpoint.EventDrivenConsumer       : Adding {logging-channel-adapter:_org.springframework.integration.errorLogger} as a subscriber to the 'errorChannel' channel
2026-08-28T22:36:31.148+05:30  INFO 35844 --- [bmp-review-service] [           main] o.s.i.channel.PublishSubscribeChannel    : Channel 'bmp-review-service.errorChannel' has 1 subscriber(s).
2026-08-28T22:36:31.150+05:30  INFO 35844 --- [bmp-review-service] [           main] o.s.i.endpoint.EventDrivenConsumer       : started bean '_org.springframework.integration.errorLogger'
2026-08-28T22:36:31.170+05:30  INFO 35844 --- [bmp-review-service] [           main] o.s.c.n.eureka.InstanceInfoFactory       : Setting initial instance status as: STARTING
2026-08-28T22:36:31.204+05:30  INFO 35844 --- [bmp-review-service] [           main] com.netflix.discovery.DiscoveryClient    : Initializing Eureka in region us-east-1
2026-08-28T22:36:31.211+05:30  INFO 35844 --- [bmp-review-service] [           main] c.n.d.s.r.aws.ConfigClusterResolver      : Resolving eureka endpoints via configuration
2026-08-28T22:36:31.226+05:30  INFO 35844 --- [bmp-review-service] [           main] com.netflix.discovery.DiscoveryClient    : Disable delta property : false
2026-08-28T22:36:31.226+05:30  INFO 35844 --- [bmp-review-service] [           main] com.netflix.discovery.DiscoveryClient    : Single vip registry refresh property : null
2026-08-28T22:36:31.227+05:30  INFO 35844 --- [bmp-review-service] [           main] com.netflix.discovery.DiscoveryClient    : Force full registry fetch : false
2026-08-28T22:36:31.227+05:30  INFO 35844 --- [bmp-review-service] [           main] com.netflix.discovery.DiscoveryClient    : Application is null : false
2026-08-28T22:36:31.227+05:30  INFO 35844 --- [bmp-review-service] [           main] com.netflix.discovery.DiscoveryClient    : Registered Applications size is zero : true
2026-08-28T22:36:31.227+05:30  INFO 35844 --- [bmp-review-service] [           main] com.netflix.discovery.DiscoveryClient    : Application version is -1: true
2026-08-28T22:36:31.227+05:30  INFO 35844 --- [bmp-review-service] [           main] com.netflix.discovery.DiscoveryClient    : Getting all instance registry info from the eureka server
2026-08-28T22:36:31.601+05:30  INFO 35844 --- [bmp-review-service] [           main] com.netflix.discovery.DiscoveryClient    : The response status is 200
2026-08-28T22:36:31.603+05:30  INFO 35844 --- [bmp-review-service] [           main] com.netflix.discovery.DiscoveryClient    : Starting heartbeat executor: renew interval is: 30
2026-08-28T22:36:31.606+05:30  INFO 35844 --- [bmp-review-service] [           main] c.n.discovery.InstanceInfoReplicator     : InstanceInfoReplicator onDemand update allowed rate per min is 4
2026-08-28T22:36:31.607+05:30  INFO 35844 --- [bmp-review-service] [           main] com.netflix.discovery.DiscoveryClient    : Discovery Client initialized at timestamp 1787936791607 with initial instances count: 5
2026-08-28T22:36:31.615+05:30  INFO 35844 --- [bmp-review-service] [           main] o.s.c.n.e.s.EurekaServiceRegistry        : Registering application BMP-REVIEW-SERVICE with eureka with status UP
2026-08-28T22:36:31.616+05:30  INFO 35844 --- [bmp-review-service] [           main] com.netflix.discovery.DiscoveryClient    : Saw local status change event StatusChangeEvent [timestamp=1787936791616, current=UP, previous=STARTING]
2026-08-28T22:36:31.618+05:30  INFO 35844 --- [bmp-review-service] [foReplicator-%d] com.netflix.discovery.DiscoveryClient    : DiscoveryClient_BMP-REVIEW-SERVICE/Darshan.mshome.net:bmp-review-service:8086: registering service...
2026-08-28T22:36:31.650+05:30  INFO 35844 --- [bmp-review-service] [           main] o.s.b.w.embedded.tomcat.TomcatWebServer  : Tomcat started on port 8086 (http) with context path '/'
2026-08-28T22:36:31.651+05:30  INFO 35844 --- [bmp-review-service] [           main] .s.c.n.e.s.EurekaAutoServiceRegistration : Updating port to 8086
2026-08-28T22:36:31.656+05:30  INFO 35844 --- [bmp-review-service] [foReplicator-%d] com.netflix.discovery.DiscoveryClient    : DiscoveryClient_BMP-REVIEW-SERVICE/Darshan.mshome.net:bmp-review-service:8086 - registration status: 204
2026-08-28T22:36:31.659+05:30  INFO 35844 --- [bmp-review-service] [           main] o.s.c.s.binder.DefaultBinderFactory      : Creating binder: kafka
2026-08-28T22:36:31.660+05:30  INFO 35844 --- [bmp-review-service] [           main] o.s.c.s.binder.DefaultBinderFactory      : Constructing binder child context for kafka
2026-08-28T22:36:31.954+05:30  INFO 35844 --- [bmp-review-service] [           main] o.s.c.s.binder.DefaultBinderFactory      : Caching the binder: kafka
2026-08-28T22:36:31.996+05:30  INFO 35844 --- [bmp-review-service] [           main] o.a.k.clients.admin.AdminClientConfig    : AdminClientConfig values: 
	auto.include.jmx.reporter = true
	bootstrap.controllers = []
	bootstrap.servers = [localhost:9092]
	client.dns.lookup = use_all_dns_ips
	client.id = 
	connections.max.idle.ms = 300000
	default.api.timeout.ms = 60000
	enable.metrics.push = true
	metadata.max.age.ms = 300000
	metadata.recovery.strategy = none
	metric.reporters = []
	metrics.num.samples = 2
	metrics.recording.level = INFO
	metrics.sample.window.ms = 30000
	receive.buffer.bytes = 65536
	reconnect.backoff.max.ms = 1000
	reconnect.backoff.ms = 50
	request.timeout.ms = 30000
	retries = 2147483647
	retry.backoff.max.ms = 1000
	retry.backoff.ms = 100
	sasl.client.callback.handler.class = null
	sasl.jaas.config = null
	sasl.kerberos.kinit.cmd = /usr/bin/kinit
	sasl.kerberos.min.time.before.relogin = 60000
	sasl.kerberos.service.name = null
	sasl.kerberos.ticket.renew.jitter = 0.05
	sasl.kerberos.ticket.renew.window.factor = 0.8
	sasl.login.callback.handler.class = null
	sasl.login.class = null
	sasl.login.connect.timeout.ms = null
	sasl.login.read.timeout.ms = null
	sasl.login.refresh.buffer.seconds = 300
	sasl.login.refresh.min.period.seconds = 60
	sasl.login.refresh.window.factor = 0.8
	sasl.login.refresh.window.jitter = 0.05
	sasl.login.retry.backoff.max.ms = 10000
	sasl.login.retry.backoff.ms = 100
	sasl.mechanism = GSSAPI
	sasl.oauthbearer.clock.skew.seconds = 30
	sasl.oauthbearer.expected.audience = null
	sasl.oauthbearer.expected.issuer = null
	sasl.oauthbearer.jwks.endpoint.refresh.ms = 3600000
	sasl.oauthbearer.jwks.endpoint.retry.backoff.max.ms = 10000
	sasl.oauthbearer.jwks.endpoint.retry.backoff.ms = 100
	sasl.oauthbearer.jwks.endpoint.url = null
	sasl.oauthbearer.scope.claim.name = scope
	sasl.oauthbearer.sub.claim.name = sub
	sasl.oauthbearer.token.endpoint.url = null
	security.protocol = PLAINTEXT
	security.providers = null
	send.buffer.bytes = 131072
	socket.connection.setup.timeout.max.ms = 30000
	socket.connection.setup.timeout.ms = 10000
	ssl.cipher.suites = null
	ssl.enabled.protocols = [TLSv1.2, TLSv1.3]
	ssl.endpoint.identification.algorithm = https
	ssl.engine.factory.class = null
	ssl.key.password = null
	ssl.keymanager.algorithm = SunX509
	ssl.keystore.certificate.chain = null
	ssl.keystore.key = null
	ssl.keystore.location = null
	ssl.keystore.password = null
	ssl.keystore.type = JKS
	ssl.protocol = TLSv1.3
	ssl.provider = null
	ssl.secure.random.implementation = null
	ssl.trustmanager.algorithm = PKIX
	ssl.truststore.certificates = null
	ssl.truststore.location = null
	ssl.truststore.password = null
	ssl.truststore.type = JKS

2026-08-28T22:36:32.284+05:30  INFO 35844 --- [bmp-review-service] [           main] o.a.kafka.common.utils.AppInfoParser     : Kafka version: 3.8.1
2026-08-28T22:36:32.284+05:30  INFO 35844 --- [bmp-review-service] [           main] o.a.kafka.common.utils.AppInfoParser     : Kafka commitId: 70d6ff42debf7e17
2026-08-28T22:36:32.284+05:30  INFO 35844 --- [bmp-review-service] [           main] o.a.kafka.common.utils.AppInfoParser     : Kafka startTimeMs: 1787936792271
2026-08-28T22:36:35.937+05:30  INFO 35844 --- [bmp-review-service] [| adminclient-1] o.a.kafka.common.utils.AppInfoParser     : App info kafka.admin.client for adminclient-1 unregistered
2026-08-28T22:36:35.948+05:30  INFO 35844 --- [bmp-review-service] [| adminclient-1] o.apache.kafka.common.metrics.Metrics    : Metrics scheduler closed
2026-08-28T22:36:35.949+05:30  INFO 35844 --- [bmp-review-service] [| adminclient-1] o.apache.kafka.common.metrics.Metrics    : Closing reporter org.apache.kafka.common.metrics.JmxReporter
2026-08-28T22:36:35.950+05:30  INFO 35844 --- [bmp-review-service] [| adminclient-1] o.apache.kafka.common.metrics.Metrics    : Metrics reporters closed
2026-08-28T22:36:35.979+05:30  INFO 35844 --- [bmp-review-service] [           main] o.a.k.clients.consumer.ConsumerConfig    : ConsumerConfig values: 
	allow.auto.create.topics = true
	auto.commit.interval.ms = 100
	auto.include.jmx.reporter = true
	auto.offset.reset = latest
	bootstrap.servers = [localhost:9092]
	check.crcs = true
	client.dns.lookup = use_all_dns_ips
	client.id = consumer-anonymous.58e4742c-e9bf-47b0-b596-b36d8c3b5e79-1
	client.rack = 
	connections.max.idle.ms = 540000
	default.api.timeout.ms = 60000
	enable.auto.commit = false
	enable.metrics.push = true
	exclude.internal.topics = true
	fetch.max.bytes = 52428800
	fetch.max.wait.ms = 500
	fetch.min.bytes = 1
	group.id = anonymous.58e4742c-e9bf-47b0-b596-b36d8c3b5e79
	group.instance.id = null
	group.protocol = classic
	group.remote.assignor = null
	heartbeat.interval.ms = 3000
	interceptor.classes = []
	internal.leave.group.on.close = true
	internal.throw.on.fetch.stable.offset.unsupported = false
	isolation.level = read_uncommitted
	key.deserializer = class org.apache.kafka.common.serialization.ByteArrayDeserializer
	max.partition.fetch.bytes = 1048576
	max.poll.interval.ms = 300000
	max.poll.records = 500
	metadata.max.age.ms = 300000
	metadata.recovery.strategy = none
	metric.reporters = []
	metrics.num.samples = 2
	metrics.recording.level = INFO
	metrics.sample.window.ms = 30000
	partition.assignment.strategy = [class org.apache.kafka.clients.consumer.RangeAssignor, class org.apache.kafka.clients.consumer.CooperativeStickyAssignor]
	receive.buffer.bytes = 65536
	reconnect.backoff.max.ms = 1000
	reconnect.backoff.ms = 50
	request.timeout.ms = 30000
	retry.backoff.max.ms = 1000
	retry.backoff.ms = 100
	sasl.client.callback.handler.class = null
	sasl.jaas.config = null
	sasl.kerberos.kinit.cmd = /usr/bin/kinit
	sasl.kerberos.min.time.before.relogin = 60000
	sasl.kerberos.service.name = null
	sasl.kerberos.ticket.renew.jitter = 0.05
	sasl.kerberos.ticket.renew.window.factor = 0.8
	sasl.login.callback.handler.class = null
	sasl.login.class = null
	sasl.login.connect.timeout.ms = null
	sasl.login.read.timeout.ms = null
	sasl.login.refresh.buffer.seconds = 300
	sasl.login.refresh.min.period.seconds = 60
	sasl.login.refresh.window.factor = 0.8
	sasl.login.refresh.window.jitter = 0.05
	sasl.login.retry.backoff.max.ms = 10000
	sasl.login.retry.backoff.ms = 100
	sasl.mechanism = GSSAPI
	sasl.oauthbearer.clock.skew.seconds = 30
	sasl.oauthbearer.expected.audience = null
	sasl.oauthbearer.expected.issuer = null
	sasl.oauthbearer.jwks.endpoint.refresh.ms = 3600000
	sasl.oauthbearer.jwks.endpoint.retry.backoff.max.ms = 10000
	sasl.oauthbearer.jwks.endpoint.retry.backoff.ms = 100
	sasl.oauthbearer.jwks.endpoint.url = null
	sasl.oauthbearer.scope.claim.name = scope
	sasl.oauthbearer.sub.claim.name = sub
	sasl.oauthbearer.token.endpoint.url = null
	security.protocol = PLAINTEXT
	security.providers = null
	send.buffer.bytes = 131072
	session.timeout.ms = 45000
	socket.connection.setup.timeout.max.ms = 30000
	socket.connection.setup.timeout.ms = 10000
	ssl.cipher.suites = null
	ssl.enabled.protocols = [TLSv1.2, TLSv1.3]
	ssl.endpoint.identification.algorithm = https
	ssl.engine.factory.class = null
	ssl.key.password = null
	ssl.keymanager.algorithm = SunX509
	ssl.keystore.certificate.chain = null
	ssl.keystore.key = null
	ssl.keystore.location = null
	ssl.keystore.password = null
	ssl.keystore.type = JKS
	ssl.protocol = TLSv1.3
	ssl.provider = null
	ssl.secure.random.implementation = null
	ssl.trustmanager.algorithm = PKIX
	ssl.truststore.certificates = null
	ssl.truststore.location = null
	ssl.truststore.password = null
	ssl.truststore.type = JKS
	value.deserializer = class org.apache.kafka.common.serialization.ByteArrayDeserializer

2026-08-28T22:36:36.202+05:30  INFO 35844 --- [bmp-review-service] [           main] o.a.k.c.t.i.KafkaMetricsCollector        : initializing Kafka metrics collector
2026-08-28T22:36:36.440+05:30  INFO 35844 --- [bmp-review-service] [           main] o.a.kafka.common.utils.AppInfoParser     : Kafka version: 3.8.1
2026-08-28T22:36:36.440+05:30  INFO 35844 --- [bmp-review-service] [           main] o.a.kafka.common.utils.AppInfoParser     : Kafka commitId: 70d6ff42debf7e17
2026-08-28T22:36:36.440+05:30  INFO 35844 --- [bmp-review-service] [           main] o.a.kafka.common.utils.AppInfoParser     : Kafka startTimeMs: 1787936796440
2026-08-28T22:36:36.520+05:30  INFO 35844 --- [bmp-review-service] [           main] org.apache.kafka.clients.Metadata        : [Consumer clientId=consumer-anonymous.58e4742c-e9bf-47b0-b596-b36d8c3b5e79-1, groupId=anonymous.58e4742c-e9bf-47b0-b596-b36d8c3b5e79] Cluster ID: 5L6g3nShT-eMCtK--X86sw
2026-08-28T22:36:36.527+05:30  INFO 35844 --- [bmp-review-service] [           main] o.a.k.c.c.internals.ConsumerCoordinator  : [Consumer clientId=consumer-anonymous.58e4742c-e9bf-47b0-b596-b36d8c3b5e79-1, groupId=anonymous.58e4742c-e9bf-47b0-b596-b36d8c3b5e79] Resetting generation and member id due to: consumer pro-actively leaving the group
2026-08-28T22:36:36.527+05:30  INFO 35844 --- [bmp-review-service] [           main] o.a.k.c.c.internals.ConsumerCoordinator  : [Consumer clientId=consumer-anonymous.58e4742c-e9bf-47b0-b596-b36d8c3b5e79-1, groupId=anonymous.58e4742c-e9bf-47b0-b596-b36d8c3b5e79] Request joining group due to: consumer pro-actively leaving the group
2026-08-28T22:36:36.537+05:30  INFO 35844 --- [bmp-review-service] [           main] o.apache.kafka.common.metrics.Metrics    : Metrics scheduler closed
2026-08-28T22:36:36.537+05:30  INFO 35844 --- [bmp-review-service] [           main] o.apache.kafka.common.metrics.Metrics    : Closing reporter org.apache.kafka.common.metrics.JmxReporter
2026-08-28T22:36:36.537+05:30  INFO 35844 --- [bmp-review-service] [           main] o.apache.kafka.common.metrics.Metrics    : Closing reporter org.apache.kafka.common.telemetry.internals.ClientTelemetryReporter
2026-08-28T22:36:36.537+05:30  INFO 35844 --- [bmp-review-service] [           main] o.apache.kafka.common.metrics.Metrics    : Metrics reporters closed
2026-08-28T22:36:36.543+05:30  INFO 35844 --- [bmp-review-service] [           main] o.a.kafka.common.utils.AppInfoParser     : App info kafka.consumer for consumer-anonymous.58e4742c-e9bf-47b0-b596-b36d8c3b5e79-1 unregistered
2026-08-28T22:36:36.647+05:30  INFO 35844 --- [bmp-review-service] [           main] o.s.c.stream.binder.BinderErrorChannel   : Channel 'kafka-1447567492.springCloudBusInput.errors' has 1 subscriber(s).
2026-08-28T22:36:36.648+05:30  INFO 35844 --- [bmp-review-service] [           main] o.s.c.stream.binder.BinderErrorChannel   : Channel 'kafka-1447567492.springCloudBusInput.errors' has 0 subscriber(s).
2026-08-28T22:36:36.649+05:30  INFO 35844 --- [bmp-review-service] [           main] o.s.c.stream.binder.BinderErrorChannel   : Channel 'kafka-1447567492.springCloudBusInput.errors' has 1 subscriber(s).
2026-08-28T22:36:36.649+05:30  INFO 35844 --- [bmp-review-service] [           main] o.s.c.stream.binder.BinderErrorChannel   : Channel 'kafka-1447567492.springCloudBusInput.errors' has 2 subscriber(s).
2026-08-28T22:36:36.701+05:30  INFO 35844 --- [bmp-review-service] [           main] o.a.k.clients.consumer.ConsumerConfig    : ConsumerConfig values: 
	allow.auto.create.topics = true
	auto.commit.interval.ms = 100
	auto.include.jmx.reporter = true
	auto.offset.reset = latest
	bootstrap.servers = [localhost:9092]
	check.crcs = true
	client.dns.lookup = use_all_dns_ips
	client.id = consumer-anonymous.58e4742c-e9bf-47b0-b596-b36d8c3b5e79-2
	client.rack = 
	connections.max.idle.ms = 540000
	default.api.timeout.ms = 60000
	enable.auto.commit = false
	enable.metrics.push = true
	exclude.internal.topics = true
	fetch.max.bytes = 52428800
	fetch.max.wait.ms = 500
	fetch.min.bytes = 1
	group.id = anonymous.58e4742c-e9bf-47b0-b596-b36d8c3b5e79
	group.instance.id = null
	group.protocol = classic
	group.remote.assignor = null
	heartbeat.interval.ms = 3000
	interceptor.classes = []
	internal.leave.group.on.close = true
	internal.throw.on.fetch.stable.offset.unsupported = false
	isolation.level = read_uncommitted
	key.deserializer = class org.apache.kafka.common.serialization.ByteArrayDeserializer
	max.partition.fetch.bytes = 1048576
	max.poll.interval.ms = 300000
	max.poll.records = 500
	metadata.max.age.ms = 300000
	metadata.recovery.strategy = none
	metric.reporters = []
	metrics.num.samples = 2
	metrics.recording.level = INFO
	metrics.sample.window.ms = 30000
	partition.assignment.strategy = [class org.apache.kafka.clients.consumer.RangeAssignor, class org.apache.kafka.clients.consumer.CooperativeStickyAssignor]
	receive.buffer.bytes = 65536
	reconnect.backoff.max.ms = 1000
	reconnect.backoff.ms = 50
	request.timeout.ms = 30000
	retry.backoff.max.ms = 1000
	retry.backoff.ms = 100
	sasl.client.callback.handler.class = null
	sasl.jaas.config = null
	sasl.kerberos.kinit.cmd = /usr/bin/kinit
	sasl.kerberos.min.time.before.relogin = 60000
	sasl.kerberos.service.name = null
	sasl.kerberos.ticket.renew.jitter = 0.05
	sasl.kerberos.ticket.renew.window.factor = 0.8
	sasl.login.callback.handler.class = null
	sasl.login.class = null
	sasl.login.connect.timeout.ms = null
	sasl.login.read.timeout.ms = null
	sasl.login.refresh.buffer.seconds = 300
	sasl.login.refresh.min.period.seconds = 60
	sasl.login.refresh.window.factor = 0.8
	sasl.login.refresh.window.jitter = 0.05
	sasl.login.retry.backoff.max.ms = 10000
	sasl.login.retry.backoff.ms = 100
	sasl.mechanism = GSSAPI
	sasl.oauthbearer.clock.skew.seconds = 30
	sasl.oauthbearer.expected.audience = null
	sasl.oauthbearer.expected.issuer = null
	sasl.oauthbearer.jwks.endpoint.refresh.ms = 3600000
	sasl.oauthbearer.jwks.endpoint.retry.backoff.max.ms = 10000
	sasl.oauthbearer.jwks.endpoint.retry.backoff.ms = 100
	sasl.oauthbearer.jwks.endpoint.url = null
	sasl.oauthbearer.scope.claim.name = scope
	sasl.oauthbearer.sub.claim.name = sub
	sasl.oauthbearer.token.endpoint.url = null
	security.protocol = PLAINTEXT
	security.providers = null
	send.buffer.bytes = 131072
	session.timeout.ms = 45000
	socket.connection.setup.timeout.max.ms = 30000
	socket.connection.setup.timeout.ms = 10000
	ssl.cipher.suites = null
	ssl.enabled.protocols = [TLSv1.2, TLSv1.3]
	ssl.endpoint.identification.algorithm = https
	ssl.engine.factory.class = null
	ssl.key.password = null
	ssl.keymanager.algorithm = SunX509
	ssl.keystore.certificate.chain = null
	ssl.keystore.key = null
	ssl.keystore.location = null
	ssl.keystore.password = null
	ssl.keystore.type = JKS
	ssl.protocol = TLSv1.3
	ssl.provider = null
	ssl.secure.random.implementation = null
	ssl.trustmanager.algorithm = PKIX
	ssl.truststore.certificates = null
	ssl.truststore.location = null
	ssl.truststore.password = null
	ssl.truststore.type = JKS
	value.deserializer = class org.apache.kafka.common.serialization.ByteArrayDeserializer

2026-08-28T22:36:36.702+05:30  INFO 35844 --- [bmp-review-service] [           main] o.a.k.c.t.i.KafkaMetricsCollector        : initializing Kafka metrics collector
2026-08-28T22:36:36.712+05:30  INFO 35844 --- [bmp-review-service] [           main] o.a.kafka.common.utils.AppInfoParser     : Kafka version: 3.8.1
2026-08-28T22:36:36.712+05:30  INFO 35844 --- [bmp-review-service] [           main] o.a.kafka.common.utils.AppInfoParser     : Kafka commitId: 70d6ff42debf7e17
2026-08-28T22:36:36.712+05:30  INFO 35844 --- [bmp-review-service] [           main] o.a.kafka.common.utils.AppInfoParser     : Kafka startTimeMs: 1787936796712
2026-08-28T22:36:36.725+05:30  INFO 35844 --- [bmp-review-service] [           main] o.a.k.c.c.internals.LegacyKafkaConsumer  : [Consumer clientId=consumer-anonymous.58e4742c-e9bf-47b0-b596-b36d8c3b5e79-2, groupId=anonymous.58e4742c-e9bf-47b0-b596-b36d8c3b5e79] Subscribed to topic(s): springCloudBus
2026-08-28T22:36:36.740+05:30  INFO 35844 --- [bmp-review-service] [           main] s.i.k.i.KafkaMessageDrivenChannelAdapter : started org.springframework.integration.kafka.inbound.KafkaMessageDrivenChannelAdapter@b106842
2026-08-28T22:36:36.773+05:30  INFO 35844 --- [bmp-review-service] [container-0-C-1] org.apache.kafka.clients.Metadata        : [Consumer clientId=consumer-anonymous.58e4742c-e9bf-47b0-b596-b36d8c3b5e79-2, groupId=anonymous.58e4742c-e9bf-47b0-b596-b36d8c3b5e79] Cluster ID: 5L6g3nShT-eMCtK--X86sw
2026-08-28T22:36:36.785+05:30  INFO 35844 --- [bmp-review-service] [container-0-C-1] o.a.k.c.c.internals.ConsumerCoordinator  : [Consumer clientId=consumer-anonymous.58e4742c-e9bf-47b0-b596-b36d8c3b5e79-2, groupId=anonymous.58e4742c-e9bf-47b0-b596-b36d8c3b5e79] Discovered group coordinator localhost:9092 (id: 2147483646 rack: null)
2026-08-28T22:36:36.790+05:30  INFO 35844 --- [bmp-review-service] [container-0-C-1] o.a.k.c.c.internals.ConsumerCoordinator  : [Consumer clientId=consumer-anonymous.58e4742c-e9bf-47b0-b596-b36d8c3b5e79-2, groupId=anonymous.58e4742c-e9bf-47b0-b596-b36d8c3b5e79] (Re-)joining group
2026-08-28T22:36:36.881+05:30  INFO 35844 --- [bmp-review-service] [container-0-C-1] o.a.k.c.c.internals.ConsumerCoordinator  : [Consumer clientId=consumer-anonymous.58e4742c-e9bf-47b0-b596-b36d8c3b5e79-2, groupId=anonymous.58e4742c-e9bf-47b0-b596-b36d8c3b5e79] Request joining group due to: need to re-join with the given member-id: consumer-anonymous.58e4742c-e9bf-47b0-b596-b36d8c3b5e79-2-9cd9c72c-12b0-4815-854f-311ec28f7619
2026-08-28T22:36:36.882+05:30  INFO 35844 --- [bmp-review-service] [container-0-C-1] o.a.k.c.c.internals.ConsumerCoordinator  : [Consumer clientId=consumer-anonymous.58e4742c-e9bf-47b0-b596-b36d8c3b5e79-2, groupId=anonymous.58e4742c-e9bf-47b0-b596-b36d8c3b5e79] (Re-)joining group
2026-08-28T22:36:36.912+05:30  INFO 35844 --- [bmp-review-service] [           main] com.bmp.review.BmpReviewApplication      : Started BmpReviewApplication in 42.141 seconds (process running for 42.773)
2026-08-28T22:36:37.790+05:30  INFO 35844 --- [bmp-review-service] [pool-2-thread-1] o.a.k.clients.consumer.ConsumerConfig    : ConsumerConfig values: 
	allow.auto.create.topics = true
	auto.commit.interval.ms = 5000
	auto.include.jmx.reporter = true
	auto.offset.reset = latest
	bootstrap.servers = [localhost:9092]
	check.crcs = true
	client.dns.lookup = use_all_dns_ips
	client.id = consumer-anonymous.58e4742c-e9bf-47b0-b596-b36d8c3b5e79-3
	client.rack = 
	connections.max.idle.ms = 540000
	default.api.timeout.ms = 60000
	enable.auto.commit = true
	enable.metrics.push = true
	exclude.internal.topics = true
	fetch.max.bytes = 52428800
	fetch.max.wait.ms = 500
	fetch.min.bytes = 1
	group.id = anonymous.58e4742c-e9bf-47b0-b596-b36d8c3b5e79
	group.instance.id = null
	group.protocol = classic
	group.remote.assignor = null
	heartbeat.interval.ms = 3000
	interceptor.classes = []
	internal.leave.group.on.close = true
	internal.throw.on.fetch.stable.offset.unsupported = false
	isolation.level = read_uncommitted
	key.deserializer = class org.apache.kafka.common.serialization.ByteArrayDeserializer
	max.partition.fetch.bytes = 1048576
	max.poll.interval.ms = 300000
	max.poll.records = 500
	metadata.max.age.ms = 300000
	metadata.recovery.strategy = none
	metric.reporters = []
	metrics.num.samples = 2
	metrics.recording.level = INFO
	metrics.sample.window.ms = 30000
	partition.assignment.strategy = [class org.apache.kafka.clients.consumer.RangeAssignor, class org.apache.kafka.clients.consumer.CooperativeStickyAssignor]
	receive.buffer.bytes = 65536
	reconnect.backoff.max.ms = 1000
	reconnect.backoff.ms = 50
	request.timeout.ms = 30000
	retry.backoff.max.ms = 1000
	retry.backoff.ms = 100
	sasl.client.callback.handler.class = null
	sasl.jaas.config = null
	sasl.kerberos.kinit.cmd = /usr/bin/kinit
	sasl.kerberos.min.time.before.relogin = 60000
	sasl.kerberos.service.name = null
	sasl.kerberos.ticket.renew.jitter = 0.05
	sasl.kerberos.ticket.renew.window.factor = 0.8
	sasl.login.callback.handler.class = null
	sasl.login.class = null
	sasl.login.connect.timeout.ms = null
	sasl.login.read.timeout.ms = null
	sasl.login.refresh.buffer.seconds = 300
	sasl.login.refresh.min.period.seconds = 60
	sasl.login.refresh.window.factor = 0.8
	sasl.login.refresh.window.jitter = 0.05
	sasl.login.retry.backoff.max.ms = 10000
	sasl.login.retry.backoff.ms = 100
	sasl.mechanism = GSSAPI
	sasl.oauthbearer.clock.skew.seconds = 30
	sasl.oauthbearer.expected.audience = null
	sasl.oauthbearer.expected.issuer = null
	sasl.oauthbearer.jwks.endpoint.refresh.ms = 3600000
	sasl.oauthbearer.jwks.endpoint.retry.backoff.max.ms = 10000
	sasl.oauthbearer.jwks.endpoint.retry.backoff.ms = 100
	sasl.oauthbearer.jwks.endpoint.url = null
	sasl.oauthbearer.scope.claim.name = scope
	sasl.oauthbearer.sub.claim.name = sub
	sasl.oauthbearer.token.endpoint.url = null
	security.protocol = PLAINTEXT
	security.providers = null
	send.buffer.bytes = 131072
	session.timeout.ms = 45000
	socket.connection.setup.timeout.max.ms = 30000
	socket.connection.setup.timeout.ms = 10000
	ssl.cipher.suites = null
	ssl.enabled.protocols = [TLSv1.2, TLSv1.3]
	ssl.endpoint.identification.algorithm = https
	ssl.engine.factory.class = null
	ssl.key.password = null
	ssl.keymanager.algorithm = SunX509
	ssl.keystore.certificate.chain = null
	ssl.keystore.key = null
	ssl.keystore.location = null
	ssl.keystore.password = null
	ssl.keystore.type = JKS
	ssl.protocol = TLSv1.3
	ssl.provider = null
	ssl.secure.random.implementation = null
	ssl.trustmanager.algorithm = PKIX
	ssl.truststore.certificates = null
	ssl.truststore.location = null
	ssl.truststore.password = null
	ssl.truststore.type = JKS
	value.deserializer = class org.apache.kafka.common.serialization.ByteArrayDeserializer

2026-08-28T22:36:37.795+05:30  INFO 35844 --- [bmp-review-service] [pool-2-thread-1] o.a.k.c.t.i.KafkaMetricsCollector        : initializing Kafka metrics collector
2026-08-28T22:36:37.836+05:30  INFO 35844 --- [bmp-review-service] [pool-2-thread-1] o.a.kafka.common.utils.AppInfoParser     : Kafka version: 3.8.1
2026-08-28T22:36:37.836+05:30  INFO 35844 --- [bmp-review-service] [pool-2-thread-1] o.a.kafka.common.utils.AppInfoParser     : Kafka commitId: 70d6ff42debf7e17
2026-08-28T22:36:37.836+05:30  INFO 35844 --- [bmp-review-service] [pool-2-thread-1] o.a.kafka.common.utils.AppInfoParser     : Kafka startTimeMs: 1787936797836
2026-08-28T22:36:37.878+05:30  INFO 35844 --- [bmp-review-service] [pool-2-thread-1] org.apache.kafka.clients.Metadata        : [Consumer clientId=consumer-anonymous.58e4742c-e9bf-47b0-b596-b36d8c3b5e79-3, groupId=anonymous.58e4742c-e9bf-47b0-b596-b36d8c3b5e79] Cluster ID: 5L6g3nShT-eMCtK--X86sw
2026-08-28T22:36:38.023+05:30  INFO 35844 --- [bmp-review-service] [pool-2-thread-1] o.a.k.c.c.internals.ConsumerCoordinator  : [Consumer clientId=consumer-anonymous.58e4742c-e9bf-47b0-b596-b36d8c3b5e79-3, groupId=anonymous.58e4742c-e9bf-47b0-b596-b36d8c3b5e79] Discovered group coordinator localhost:9092 (id: 2147483646 rack: null)
2026-08-28T22:36:38.071+05:30  INFO 35844 --- [bmp-review-service] [pool-2-thread-1] o.a.k.c.c.internals.ConsumerCoordinator  : [Consumer clientId=consumer-anonymous.58e4742c-e9bf-47b0-b596-b36d8c3b5e79-3, groupId=anonymous.58e4742c-e9bf-47b0-b596-b36d8c3b5e79] Found no committed offset for partition springCloudBus-0
2026-08-28T22:36:39.910+05:30  INFO 35844 --- [bmp-review-service] [container-0-C-1] o.a.k.c.c.internals.ConsumerCoordinator  : [Consumer clientId=consumer-anonymous.58e4742c-e9bf-47b0-b596-b36d8c3b5e79-2, groupId=anonymous.58e4742c-e9bf-47b0-b596-b36d8c3b5e79] Successfully joined group with generation Generation{generationId=1, memberId='consumer-anonymous.58e4742c-e9bf-47b0-b596-b36d8c3b5e79-2-9cd9c72c-12b0-4815-854f-311ec28f7619', protocol='range'}
2026-08-28T22:36:39.923+05:30  INFO 35844 --- [bmp-review-service] [container-0-C-1] o.a.k.c.c.internals.ConsumerCoordinator  : [Consumer clientId=consumer-anonymous.58e4742c-e9bf-47b0-b596-b36d8c3b5e79-2, groupId=anonymous.58e4742c-e9bf-47b0-b596-b36d8c3b5e79] Finished assignment for group at generation 1: {consumer-anonymous.58e4742c-e9bf-47b0-b596-b36d8c3b5e79-2-9cd9c72c-12b0-4815-854f-311ec28f7619=Assignment(partitions=[springCloudBus-0])}
2026-08-28T22:36:39.965+05:30  INFO 35844 --- [bmp-review-service] [container-0-C-1] o.a.k.c.c.internals.ConsumerCoordinator  : [Consumer clientId=consumer-anonymous.58e4742c-e9bf-47b0-b596-b36d8c3b5e79-2, groupId=anonymous.58e4742c-e9bf-47b0-b596-b36d8c3b5e79] Successfully synced group in generation Generation{generationId=1, memberId='consumer-anonymous.58e4742c-e9bf-47b0-b596-b36d8c3b5e79-2-9cd9c72c-12b0-4815-854f-311ec28f7619', protocol='range'}
2026-08-28T22:36:39.966+05:30  INFO 35844 --- [bmp-review-service] [container-0-C-1] o.a.k.c.c.internals.ConsumerCoordinator  : [Consumer clientId=consumer-anonymous.58e4742c-e9bf-47b0-b596-b36d8c3b5e79-2, groupId=anonymous.58e4742c-e9bf-47b0-b596-b36d8c3b5e79] Notifying assignor about the new Assignment(partitions=[springCloudBus-0])
2026-08-28T22:36:39.970+05:30  INFO 35844 --- [bmp-review-service] [container-0-C-1] k.c.c.i.ConsumerRebalanceListenerInvoker : [Consumer clientId=consumer-anonymous.58e4742c-e9bf-47b0-b596-b36d8c3b5e79-2, groupId=anonymous.58e4742c-e9bf-47b0-b596-b36d8c3b5e79] Adding newly assigned partitions: springCloudBus-0
2026-08-28T22:36:39.973+05:30  INFO 35844 --- [bmp-review-service] [container-0-C-1] o.a.k.c.c.internals.ConsumerCoordinator  : [Consumer clientId=consumer-anonymous.58e4742c-e9bf-47b0-b596-b36d8c3b5e79-2, groupId=anonymous.58e4742c-e9bf-47b0-b596-b36d8c3b5e79] Found no committed offset for partition springCloudBus-0
2026-08-28T22:36:39.980+05:30  INFO 35844 --- [bmp-review-service] [container-0-C-1] o.a.k.c.c.internals.ConsumerCoordinator  : [Consumer clientId=consumer-anonymous.58e4742c-e9bf-47b0-b596-b36d8c3b5e79-2, groupId=anonymous.58e4742c-e9bf-47b0-b596-b36d8c3b5e79] Found no committed offset for partition springCloudBus-0
2026-08-28T22:36:39.991+05:30  INFO 35844 --- [bmp-review-service] [container-0-C-1] o.a.k.c.c.internals.SubscriptionState    : [Consumer clientId=consumer-anonymous.58e4742c-e9bf-47b0-b596-b36d8c3b5e79-2, groupId=anonymous.58e4742c-e9bf-47b0-b596-b36d8c3b5e79] Resetting offset for partition springCloudBus-0 to position FetchPosition{offset=0, offsetEpoch=Optional.empty, currentLeader=LeaderAndEpoch{leader=Optional[localhost:9092 (id: 1 rack: null)], epoch=0}}.
2026-08-28T22:36:40.009+05:30  INFO 35844 --- [bmp-review-service] [container-0-C-1] o.s.c.s.b.k.KafkaMessageChannelBinder$2  : anonymous.58e4742c-e9bf-47b0-b596-b36d8c3b5e79: partitions assigned: [springCloudBus-0]
2026-08-28T22:37:03.084+05:30  INFO 35844 --- [bmp-review-service] [nio-8086-exec-1] o.a.c.c.C.[Tomcat].[localhost].[/]       : Initializing Spring DispatcherServlet 'dispatcherServlet'
2026-08-28T22:37:03.084+05:30  INFO 35844 --- [bmp-review-service] [nio-8086-exec-1] o.s.web.servlet.DispatcherServlet        : Initializing Servlet 'dispatcherServlet'
2026-08-28T22:37:03.091+05:30  INFO 35844 --- [bmp-review-service] [nio-8086-exec-1] o.s.web.servlet.DispatcherServlet        : Completed initialization in 7 ms
2026-08-28T22:37:03.297+05:30  INFO 35844 --- [bmp-review-service] [binder-health-1] o.a.k.clients.consumer.ConsumerConfig    : ConsumerConfig values: 
	allow.auto.create.topics = true
	auto.commit.interval.ms = 5000
	auto.include.jmx.reporter = true
	auto.offset.reset = latest
	bootstrap.servers = [localhost:9092]
	check.crcs = true
	client.dns.lookup = use_all_dns_ips
	client.id = consumer-null-4
	client.rack = 
	connections.max.idle.ms = 540000
	default.api.timeout.ms = 60000
	enable.auto.commit = false
	enable.metrics.push = true
	exclude.internal.topics = true
	fetch.max.bytes = 52428800
	fetch.max.wait.ms = 500
	fetch.min.bytes = 1
	group.id = null
	group.instance.id = null
	group.protocol = classic
	group.remote.assignor = null
	heartbeat.interval.ms = 3000
	interceptor.classes = []
	internal.leave.group.on.close = true
	internal.throw.on.fetch.stable.offset.unsupported = false
	isolation.level = read_uncommitted
	key.deserializer = class org.apache.kafka.common.serialization.ByteArrayDeserializer
	max.partition.fetch.bytes = 1048576
	max.poll.interval.ms = 300000
	max.poll.records = 500
	metadata.max.age.ms = 300000
	metadata.recovery.strategy = none
	metric.reporters = []
	metrics.num.samples = 2
	metrics.recording.level = INFO
	metrics.sample.window.ms = 30000
	partition.assignment.strategy = [class org.apache.kafka.clients.consumer.RangeAssignor, class org.apache.kafka.clients.consumer.CooperativeStickyAssignor]
	receive.buffer.bytes = 65536
	reconnect.backoff.max.ms = 1000
	reconnect.backoff.ms = 50
	request.timeout.ms = 30000
	retry.backoff.max.ms = 1000
	retry.backoff.ms = 100
	sasl.client.callback.handler.class = null
	sasl.jaas.config = null
	sasl.kerberos.kinit.cmd = /usr/bin/kinit
	sasl.kerberos.min.time.before.relogin = 60000
	sasl.kerberos.service.name = null
	sasl.kerberos.ticket.renew.jitter = 0.05
	sasl.kerberos.ticket.renew.window.factor = 0.8
	sasl.login.callback.handler.class = null
	sasl.login.class = null
	sasl.login.connect.timeout.ms = null
	sasl.login.read.timeout.ms = null
	sasl.login.refresh.buffer.seconds = 300
	sasl.login.refresh.min.period.seconds = 60
	sasl.login.refresh.window.factor = 0.8
	sasl.login.refresh.window.jitter = 0.05
	sasl.login.retry.backoff.max.ms = 10000
	sasl.login.retry.backoff.ms = 100
	sasl.mechanism = GSSAPI
	sasl.oauthbearer.clock.skew.seconds = 30
	sasl.oauthbearer.expected.audience = null
	sasl.oauthbearer.expected.issuer = null
	sasl.oauthbearer.jwks.endpoint.refresh.ms = 3600000
	sasl.oauthbearer.jwks.endpoint.retry.backoff.max.ms = 10000
	sasl.oauthbearer.jwks.endpoint.retry.backoff.ms = 100
	sasl.oauthbearer.jwks.endpoint.url = null
	sasl.oauthbearer.scope.claim.name = scope
	sasl.oauthbearer.sub.claim.name = sub
	sasl.oauthbearer.token.endpoint.url = null
	security.protocol = PLAINTEXT
	security.providers = null
	send.buffer.bytes = 131072
	session.timeout.ms = 45000
	socket.connection.setup.timeout.max.ms = 30000
	socket.connection.setup.timeout.ms = 10000
	ssl.cipher.suites = null
	ssl.enabled.protocols = [TLSv1.2, TLSv1.3]
	ssl.endpoint.identification.algorithm = https
	ssl.engine.factory.class = null
	ssl.key.password = null
	ssl.keymanager.algorithm = SunX509
	ssl.keystore.certificate.chain = null
	ssl.keystore.key = null
	ssl.keystore.location = null
	ssl.keystore.password = null
	ssl.keystore.type = JKS
	ssl.protocol = TLSv1.3
	ssl.provider = null
	ssl.secure.random.implementation = null
	ssl.trustmanager.algorithm = PKIX
	ssl.truststore.certificates = null
	ssl.truststore.location = null
	ssl.truststore.password = null
	ssl.truststore.type = JKS
	value.deserializer = class org.apache.kafka.common.serialization.ByteArrayDeserializer

2026-08-28T22:37:03.298+05:30  INFO 35844 --- [bmp-review-service] [binder-health-1] o.a.k.c.t.i.KafkaMetricsCollector        : initializing Kafka metrics collector
2026-08-28T22:37:03.307+05:30  INFO 35844 --- [bmp-review-service] [binder-health-1] o.a.kafka.common.utils.AppInfoParser     : Kafka version: 3.8.1
2026-08-28T22:37:03.307+05:30  INFO 35844 --- [bmp-review-service] [binder-health-1] o.a.kafka.common.utils.AppInfoParser     : Kafka commitId: 70d6ff42debf7e17
2026-08-28T22:37:03.307+05:30  INFO 35844 --- [bmp-review-service] [binder-health-1] o.a.kafka.common.utils.AppInfoParser     : Kafka startTimeMs: 1787936823307
2026-08-28T22:37:03.318+05:30  INFO 35844 --- [bmp-review-service] [binder-health-1] org.apache.kafka.clients.Metadata        : [Consumer clientId=consumer-null-4, groupId=null] Cluster ID: 5L6g3nShT-eMCtK--X86sw
2026-08-28T22:41:31.241+05:30  INFO 35844 --- [bmp-review-service] [rap-executor-%d] c.n.d.s.r.aws.ConfigClusterResolver      : Resolving eureka endpoints via configuration
2026-08-28T22:45:36.941+05:30  INFO 35844 --- [bmp-review-service] [container-0-C-1] org.apache.kafka.clients.NetworkClient   : [Consumer clientId=consumer-anonymous.58e4742c-e9bf-47b0-b596-b36d8c3b5e79-2, groupId=anonymous.58e4742c-e9bf-47b0-b596-b36d8c3b5e79] Node -1 disconnected.
2026-08-28T22:45:38.220+05:30  INFO 35844 --- [bmp-review-service] [pool-2-thread-1] org.apache.kafka.clients.NetworkClient   : [Consumer clientId=consumer-anonymous.58e4742c-e9bf-47b0-b596-b36d8c3b5e79-3, groupId=anonymous.58e4742c-e9bf-47b0-b596-b36d8c3b5e79] Node -1 disconnected.
2026-08-28T22:46:18.763+05:30  INFO 35844 --- [bmp-review-service] [binder-health-1] org.apache.kafka.clients.NetworkClient   : [Consumer clientId=consumer-null-4, groupId=null] Node -1 disconnected.
2026-08-28T22:46:31.257+05:30  INFO 35844 --- [bmp-review-service] [rap-executor-%d] c.n.d.s.r.aws.ConfigClusterResolver      : Resolving eureka endpoints via configuration
2026-08-28T22:51:31.260+05:30  INFO 35844 --- [bmp-review-service] [rap-executor-%d] c.n.d.s.r.aws.ConfigClusterResolver      : Resolving eureka endpoints via configuration
2026-08-28T22:55:37.025+05:30  INFO 35844 --- [bmp-review-service] [container-0-C-1] org.apache.kafka.clients.NetworkClient   : [Consumer clientId=consumer-anonymous.58e4742c-e9bf-47b0-b596-b36d8c3b5e79-2, groupId=anonymous.58e4742c-e9bf-47b0-b596-b36d8c3b5e79] Node -1 disconnected.
2026-08-28T22:55:38.430+05:30  INFO 35844 --- [bmp-review-service] [pool-2-thread-1] org.apache.kafka.clients.NetworkClient   : [Consumer clientId=consumer-anonymous.58e4742c-e9bf-47b0-b596-b36d8c3b5e79-3, groupId=anonymous.58e4742c-e9bf-47b0-b596-b36d8c3b5e79] Node -1 disconnected.
2026-08-28T22:56:31.273+05:30  INFO 35844 --- [bmp-review-service] [rap-executor-%d] c.n.d.s.r.aws.ConfigClusterResolver      : Resolving eureka endpoints via configuration
2026-08-28T22:57:18.767+05:30  INFO 35844 --- [bmp-review-service] [binder-health-1] org.apache.kafka.clients.NetworkClient   : [Consumer clientId=consumer-null-4, groupId=null] Node -1 disconnected.
2026-08-28T23:01:31.302+05:30  INFO 35844 --- [bmp-review-service] [rap-executor-%d] c.n.d.s.r.aws.ConfigClusterResolver      : Resolving eureka endpoints via configuration
2026-08-28T23:06:31.359+05:30  INFO 35844 --- [bmp-review-service] [rap-executor-%d] c.n.d.s.r.aws.ConfigClusterResolver      : Resolving eureka endpoints via configuration
2026-08-28T23:11:31.400+05:30  INFO 35844 --- [bmp-review-service] [rap-executor-%d] c.n.d.s.r.aws.ConfigClusterResolver      : Resolving eureka endpoints via configuration
2026-08-28T23:16:31.442+05:30  INFO 35844 --- [bmp-review-service] [rap-executor-%d] c.n.d.s.r.aws.ConfigClusterResolver      : Resolving eureka endpoints via configuration
2026-08-28T23:21:31.487+05:30  INFO 35844 --- [bmp-review-service] [rap-executor-%d] c.n.d.s.r.aws.ConfigClusterResolver      : Resolving eureka endpoints via configuration
2026-08-28T23:26:31.534+05:30  INFO 35844 --- [bmp-review-service] [rap-executor-%d] c.n.d.s.r.aws.ConfigClusterResolver      : Resolving eureka endpoints via configuration
2026-08-28T23:31:31.576+05:30  INFO 35844 --- [bmp-review-service] [rap-executor-%d] c.n.d.s.r.aws.ConfigClusterResolver      : Resolving eureka endpoints via configuration
2026-08-28T23:36:31.607+05:30  INFO 35844 --- [bmp-review-service] [rap-executor-%d] c.n.d.s.r.aws.ConfigClusterResolver      : Resolving eureka endpoints via configuration
2026-08-28T23:41:31.623+05:30  INFO 35844 --- [bmp-review-service] [rap-executor-%d] c.n.d.s.r.aws.ConfigClusterResolver      : Resolving eureka endpoints via configuration
2026-08-28T23:46:31.648+05:30  INFO 35844 --- [bmp-review-service] [rap-executor-%d] c.n.d.s.r.aws.ConfigClusterResolver      : Resolving eureka endpoints via configuration
2026-08-28T23:51:31.672+05:30  INFO 35844 --- [bmp-review-service] [rap-executor-%d] c.n.d.s.r.aws.ConfigClusterResolver      : Resolving eureka endpoints via configuration
2026-08-28T23:56:31.682+05:30  INFO 35844 --- [bmp-review-service] [rap-executor-%d] c.n.d.s.r.aws.ConfigClusterResolver      : Resolving eureka endpoints via configuration
2026-08-29T00:01:31.690+05:30  INFO 35844 --- [bmp-review-service] [rap-executor-%d] c.n.d.s.r.aws.ConfigClusterResolver      : Resolving eureka endpoints via configuration
2026-08-29T00:06:31.699+05:30  INFO 35844 --- [bmp-review-service] [rap-executor-%d] c.n.d.s.r.aws.ConfigClusterResolver      : Resolving eureka endpoints via configuration
2026-08-29T00:11:31.711+05:30  INFO 35844 --- [bmp-review-service] [rap-executor-%d] c.n.d.s.r.aws.ConfigClusterResolver      : Resolving eureka endpoints via configuration
2026-08-29T00:16:31.725+05:30  INFO 35844 --- [bmp-review-service] [rap-executor-%d] c.n.d.s.r.aws.ConfigClusterResolver      : Resolving eureka endpoints via configuration
2026-08-29T00:21:31.737+05:30  INFO 35844 --- [bmp-review-service] [rap-executor-%d] c.n.d.s.r.aws.ConfigClusterResolver      : Resolving eureka endpoints via configuration
2026-08-29T00:26:31.746+05:30  INFO 35844 --- [bmp-review-service] [rap-executor-%d] c.n.d.s.r.aws.ConfigClusterResolver      : Resolving eureka endpoints via configuration
2026-08-29T00:31:31.748+05:30  INFO 35844 --- [bmp-review-service] [rap-executor-%d] c.n.d.s.r.aws.ConfigClusterResolver      : Resolving eureka endpoints via configuration
2026-08-29T00:36:31.755+05:30  INFO 35844 --- [bmp-review-service] [rap-executor-%d] c.n.d.s.r.aws.ConfigClusterResolver      : Resolving eureka endpoints via configuration
2026-08-29T03:40:14.890+05:30  INFO 35844 --- [bmp-review-service] [96-b36d8c3b5e79] o.a.k.c.c.internals.ConsumerCoordinator  : [Consumer clientId=consumer-anonymous.58e4742c-e9bf-47b0-b596-b36d8c3b5e79-2, groupId=anonymous.58e4742c-e9bf-47b0-b596-b36d8c3b5e79] Group coordinator localhost:9092 (id: 2147483646 rack: null) is unavailable or invalid due to cause: session timed out without receiving a heartbeat response. isDisconnected: false. Rediscovery will be attempted.
2026-08-29T03:40:15.151+05:30  INFO 35844 --- [bmp-review-service] [96-b36d8c3b5e79] o.a.k.c.c.internals.ConsumerCoordinator  : [Consumer clientId=consumer-anonymous.58e4742c-e9bf-47b0-b596-b36d8c3b5e79-2, groupId=anonymous.58e4742c-e9bf-47b0-b596-b36d8c3b5e79] Requesting disconnect from last known coordinator localhost:9092 (id: 2147483646 rack: null)
2026-08-29T03:40:15.157+05:30  INFO 35844 --- [bmp-review-service] [binder-health-1] org.apache.kafka.clients.NetworkClient   : [Consumer clientId=consumer-null-4, groupId=null] Node 1 disconnected.
2026-08-29T03:40:15.299+05:30  INFO 35844 --- [bmp-review-service] [96-b36d8c3b5e79] org.apache.kafka.clients.NetworkClient   : [Consumer clientId=consumer-anonymous.58e4742c-e9bf-47b0-b596-b36d8c3b5e79-2, groupId=anonymous.58e4742c-e9bf-47b0-b596-b36d8c3b5e79] Client requested disconnect from node 2147483646
2026-08-29T03:40:15.300+05:30  INFO 35844 --- [bmp-review-service] [binder-health-1] org.apache.kafka.clients.NetworkClient   : [Consumer clientId=consumer-null-4, groupId=null] Cancelled in-flight METADATA request with correlation id 422 due to node 1 being disconnected (elapsed time since creation: 10796396ms, elapsed time since send: 10796396ms, throttle time: 0ms, request timeout: 30000ms)
2026-08-29T03:40:15.301+05:30  INFO 35844 --- [bmp-review-service] [96-b36d8c3b5e79] org.apache.kafka.clients.NetworkClient   : [Consumer clientId=consumer-anonymous.58e4742c-e9bf-47b0-b596-b36d8c3b5e79-2, groupId=anonymous.58e4742c-e9bf-47b0-b596-b36d8c3b5e79] Cancelled in-flight HEARTBEAT request with correlation id 17183 due to node 2147483646 being disconnected (elapsed time since creation: 10802738ms, elapsed time since send: 10802738ms, throttle time: 0ms, request timeout: 30000ms)
2026-08-29T03:40:15.304+05:30  INFO 35844 --- [bmp-review-service] [96-b36d8c3b5e79] org.apache.kafka.clients.NetworkClient   : [Consumer clientId=consumer-anonymous.58e4742c-e9bf-47b0-b596-b36d8c3b5e79-2, groupId=anonymous.58e4742c-e9bf-47b0-b596-b36d8c3b5e79] Cancelled in-flight HEARTBEAT request with correlation id 17184 due to node 2147483646 being disconnected (elapsed time since creation: 10799730ms, elapsed time since send: 10799730ms, throttle time: 0ms, request timeout: 30000ms)
2026-08-29T03:40:15.304+05:30  INFO 35844 --- [bmp-review-service] [96-b36d8c3b5e79] org.apache.kafka.clients.NetworkClient   : [Consumer clientId=consumer-anonymous.58e4742c-e9bf-47b0-b596-b36d8c3b5e79-2, groupId=anonymous.58e4742c-e9bf-47b0-b596-b36d8c3b5e79] Cancelled in-flight HEARTBEAT request with correlation id 17185 due to node 2147483646 being disconnected (elapsed time since creation: 10796722ms, elapsed time since send: 10796722ms, throttle time: 0ms, request timeout: 30000ms)
2026-08-29T03:40:15.304+05:30  INFO 35844 --- [bmp-review-service] [96-b36d8c3b5e79] org.apache.kafka.clients.NetworkClient   : [Consumer clientId=consumer-anonymous.58e4742c-e9bf-47b0-b596-b36d8c3b5e79-2, groupId=anonymous.58e4742c-e9bf-47b0-b596-b36d8c3b5e79] Cancelled in-flight HEARTBEAT request with correlation id 17186 due to node 2147483646 being disconnected (elapsed time since creation: 10793708ms, elapsed time since send: 10793708ms, throttle time: 0ms, request timeout: 30000ms)
2026-08-29T03:40:15.459+05:30  INFO 35844 --- [bmp-review-service] [container-0-C-1] org.apache.kafka.clients.NetworkClient   : [Consumer clientId=consumer-anonymous.58e4742c-e9bf-47b0-b596-b36d8c3b5e79-2, groupId=anonymous.58e4742c-e9bf-47b0-b596-b36d8c3b5e79] Node 1 disconnected.
2026-08-29T03:40:15.461+05:30  INFO 35844 --- [bmp-review-service] [container-0-C-1] org.apache.kafka.clients.NetworkClient   : [Consumer clientId=consumer-anonymous.58e4742c-e9bf-47b0-b596-b36d8c3b5e79-2, groupId=anonymous.58e4742c-e9bf-47b0-b596-b36d8c3b5e79] Cancelled in-flight FETCH request with correlation id 17182 due to node 1 being disconnected (elapsed time since creation: 10803195ms, elapsed time since send: 10803195ms, throttle time: 0ms, request timeout: 30000ms)
2026-08-29T03:40:15.461+05:30  INFO 35844 --- [bmp-review-service] [container-0-C-1] org.apache.kafka.clients.NetworkClient   : [Consumer clientId=consumer-anonymous.58e4742c-e9bf-47b0-b596-b36d8c3b5e79-2, groupId=anonymous.58e4742c-e9bf-47b0-b596-b36d8c3b5e79] Cancelled in-flight FIND_COORDINATOR request with correlation id 17187 due to node 1 being disconnected (elapsed time since creation: 3ms, elapsed time since send: 10791586ms, throttle time: 0ms, request timeout: 30000ms)
2026-08-29T11:13:30.020+05:30  WARN 35844 --- [bmp-review-service] [nio-8086-exec-7] o.s.b.a.health.HealthEndpointSupport     : Health contributor org.springframework.cloud.stream.binder.kafka.KafkaBinderHealthIndicator (binders/kafka) took 37987506ms to respond
2026-08-29T11:13:33.040+05:30  INFO 35844 --- [bmp-review-service] [pool-2-thread-1] org.apache.kafka.clients.NetworkClient   : [Consumer clientId=consumer-anonymous.58e4742c-e9bf-47b0-b596-b36d8c3b5e79-3, groupId=anonymous.58e4742c-e9bf-47b0-b596-b36d8c3b5e79] Node 2147483646 disconnected.
2026-08-29T03:40:15.522+05:30  INFO 35844 --- [bmp-review-service] [container-0-C-1] o.a.kafka.clients.FetchSessionHandler    : [Consumer clientId=consumer-anonymous.58e4742c-e9bf-47b0-b596-b36d8c3b5e79-2, groupId=anonymous.58e4742c-e9bf-47b0-b596-b36d8c3b5e79] Error sending fetch request (sessionId=610323406, epoch=14657) to node 1:

org.apache.kafka.common.errors.DisconnectException: null

2026-08-29T11:13:38.288+05:30  INFO 35844 --- [bmp-review-service] [container-0-C-1] o.a.k.c.c.internals.ConsumerCoordinator  : [Consumer clientId=consumer-anonymous.58e4742c-e9bf-47b0-b596-b36d8c3b5e79-2, groupId=anonymous.58e4742c-e9bf-47b0-b596-b36d8c3b5e79] Discovered group coordinator localhost:9092 (id: 2147483646 rack: null)
2026-08-29T11:13:43.727+05:30  WARN 35844 --- [bmp-review-service] [l-1 housekeeper] com.zaxxer.hikari.pool.HikariPool        : HikariPool-1 - Thread starvation or clock leap detected (housekeeper delta=10h33m24s510ms460µs200ns).
2026-08-29T11:14:23.476+05:30  INFO 35844 --- [bmp-review-service] [rap-executor-%d] c.n.d.s.r.aws.ConfigClusterResolver      : Resolving eureka endpoints via configuration
2026-08-29T11:19:23.489+05:30  INFO 35844 --- [bmp-review-service] [rap-executor-%d] c.n.d.s.r.aws.ConfigClusterResolver      : Resolving eureka endpoints via configuration
2026-08-29T11:24:23.500+05:30  INFO 35844 --- [bmp-review-service] [rap-executor-%d] c.n.d.s.r.aws.ConfigClusterResolver      : Resolving eureka endpoints via configuration
2026-08-29T11:29:23.521+05:30  INFO 35844 --- [bmp-review-service] [rap-executor-%d] c.n.d.s.r.aws.ConfigClusterResolver      : Resolving eureka endpoints via configuration
2026-08-29T11:34:23.548+05:30  INFO 35844 --- [bmp-review-service] [rap-executor-%d] c.n.d.s.r.aws.ConfigClusterResolver      : Resolving eureka endpoints via configuration
2026-08-29T11:58:08.828+05:30  INFO 35844 --- [bmp-review-service] [96-b36d8c3b5e79] org.apache.kafka.clients.NetworkClient   : [Consumer clientId=consumer-anonymous.58e4742c-e9bf-47b0-b596-b36d8c3b5e79-2, groupId=anonymous.58e4742c-e9bf-47b0-b596-b36d8c3b5e79] Node 1 disconnected.
2026-08-29T11:58:08.949+05:30  INFO 35844 --- [bmp-review-service] [96-b36d8c3b5e79] org.apache.kafka.clients.NetworkClient   : [Consumer clientId=consumer-anonymous.58e4742c-e9bf-47b0-b596-b36d8c3b5e79-2, groupId=anonymous.58e4742c-e9bf-47b0-b596-b36d8c3b5e79] Cancelled in-flight FETCH request with correlation id 20342 due to node 1 being disconnected (elapsed time since creation: 1306996ms, elapsed time since send: 1306996ms, throttle time: 0ms, request timeout: 30000ms)
2026-08-29T11:58:08.949+05:30  INFO 35844 --- [bmp-review-service] [96-b36d8c3b5e79] org.apache.kafka.clients.NetworkClient   : [Consumer clientId=consumer-anonymous.58e4742c-e9bf-47b0-b596-b36d8c3b5e79-2, groupId=anonymous.58e4742c-e9bf-47b0-b596-b36d8c3b5e79] Cancelled in-flight METADATA request with correlation id 20347 due to node 1 being disconnected (elapsed time since creation: 1277ms, elapsed time since send: 1277ms, throttle time: 0ms, request timeout: 30000ms)
2026-08-29T11:58:09.014+05:30  INFO 35844 --- [bmp-review-service] [96-b36d8c3b5e79] org.apache.kafka.clients.NetworkClient   : [Consumer clientId=consumer-anonymous.58e4742c-e9bf-47b0-b596-b36d8c3b5e79-2, groupId=anonymous.58e4742c-e9bf-47b0-b596-b36d8c3b5e79] Disconnecting from node 2147483646 due to request timeout.
2026-08-29T11:58:09.014+05:30  INFO 35844 --- [bmp-review-service] [96-b36d8c3b5e79] org.apache.kafka.clients.NetworkClient   : [Consumer clientId=consumer-anonymous.58e4742c-e9bf-47b0-b596-b36d8c3b5e79-2, groupId=anonymous.58e4742c-e9bf-47b0-b596-b36d8c3b5e79] Cancelled in-flight HEARTBEAT request with correlation id 20343 due to node 2147483646 being disconnected (elapsed time since creation: 1304574ms, elapsed time since send: 1304573ms, throttle time: 0ms, request timeout: 30000ms)
2026-08-29T11:58:09.014+05:30  INFO 35844 --- [bmp-review-service] [96-b36d8c3b5e79] org.apache.kafka.clients.NetworkClient   : [Consumer clientId=consumer-anonymous.58e4742c-e9bf-47b0-b596-b36d8c3b5e79-2, groupId=anonymous.58e4742c-e9bf-47b0-b596-b36d8c3b5e79] Cancelled in-flight HEARTBEAT request with correlation id 20344 due to node 2147483646 being disconnected (elapsed time since creation: 1301561ms, elapsed time since send: 1301561ms, throttle time: 0ms, request timeout: 30000ms)
2026-08-29T11:58:09.014+05:30  INFO 35844 --- [bmp-review-service] [96-b36d8c3b5e79] org.apache.kafka.clients.NetworkClient   : [Consumer clientId=consumer-anonymous.58e4742c-e9bf-47b0-b596-b36d8c3b5e79-2, groupId=anonymous.58e4742c-e9bf-47b0-b596-b36d8c3b5e79] Cancelled in-flight HEARTBEAT request with correlation id 20345 due to node 2147483646 being disconnected (elapsed time since creation: 1298549ms, elapsed time since send: 1298549ms, throttle time: 0ms, request timeout: 30000ms)
2026-08-29T11:58:09.015+05:30  INFO 35844 --- [bmp-review-service] [96-b36d8c3b5e79] org.apache.kafka.clients.NetworkClient   : [Consumer clientId=consumer-anonymous.58e4742c-e9bf-47b0-b596-b36d8c3b5e79-2, groupId=anonymous.58e4742c-e9bf-47b0-b596-b36d8c3b5e79] Cancelled in-flight HEARTBEAT request with correlation id 20346 due to node 2147483646 being disconnected (elapsed time since creation: 1295540ms, elapsed time since send: 1295540ms, throttle time: 0ms, request timeout: 30000ms)
2026-08-29T11:58:11.030+05:30  INFO 35844 --- [bmp-review-service] [pool-2-thread-1] org.apache.kafka.clients.NetworkClient   : [Consumer clientId=consumer-anonymous.58e4742c-e9bf-47b0-b596-b36d8c3b5e79-3, groupId=anonymous.58e4742c-e9bf-47b0-b596-b36d8c3b5e79] Node 2147483646 disconnected.
2026-08-29T11:58:09.018+05:30  INFO 35844 --- [bmp-review-service] [96-b36d8c3b5e79] o.a.kafka.clients.FetchSessionHandler    : [Consumer clientId=consumer-anonymous.58e4742c-e9bf-47b0-b596-b36d8c3b5e79-2, groupId=anonymous.58e4742c-e9bf-47b0-b596-b36d8c3b5e79] Error sending fetch request (sessionId=469648495, epoch=2687) to node 1:

org.apache.kafka.common.errors.DisconnectException: null

2026-08-29T11:58:11.395+05:30  INFO 35844 --- [bmp-review-service] [96-b36d8c3b5e79] o.a.k.c.c.internals.ConsumerCoordinator  : [Consumer clientId=consumer-anonymous.58e4742c-e9bf-47b0-b596-b36d8c3b5e79-2, groupId=anonymous.58e4742c-e9bf-47b0-b596-b36d8c3b5e79] Group coordinator localhost:9092 (id: 2147483646 rack: null) is unavailable or invalid due to cause: null. isDisconnected: true. Rediscovery will be attempted.
2026-08-29T11:58:12.254+05:30  INFO 35844 --- [bmp-review-service] [container-0-C-1] o.a.k.c.c.internals.ConsumerCoordinator  : [Consumer clientId=consumer-anonymous.58e4742c-e9bf-47b0-b596-b36d8c3b5e79-2, groupId=anonymous.58e4742c-e9bf-47b0-b596-b36d8c3b5e79] Discovered group coordinator localhost:9092 (id: 2147483646 rack: null)
2026-08-29T11:58:17.310+05:30  WARN 35844 --- [bmp-review-service] [l-1 housekeeper] com.zaxxer.hikari.pool.HikariPool        : HikariPool-1 - Thread starvation or clock leap detected (housekeeper delta=22m3s308ms322µs300ns).
2026-08-29T12:00:56.738+05:30  INFO 35844 --- [bmp-review-service] [rap-executor-%d] c.n.d.s.r.aws.ConfigClusterResolver      : Resolving eureka endpoints via configuration
2026-08-29T12:05:56.752+05:30  INFO 35844 --- [bmp-review-service] [rap-executor-%d] c.n.d.s.r.aws.ConfigClusterResolver      : Resolving eureka endpoints via configuration
2026-08-29T12:10:56.757+05:30  INFO 35844 --- [bmp-review-service] [rap-executor-%d] c.n.d.s.r.aws.ConfigClusterResolver      : Resolving eureka endpoints via configuration
2026-08-29T12:15:56.774+05:30  INFO 35844 --- [bmp-review-service] [rap-executor-%d] c.n.d.s.r.aws.ConfigClusterResolver      : Resolving eureka endpoints via configuration
2026-08-29T12:20:56.779+05:30  INFO 35844 --- [bmp-review-service] [rap-executor-%d] c.n.d.s.r.aws.ConfigClusterResolver      : Resolving eureka endpoints via configuration
2026-08-29T12:25:56.784+05:30  INFO 35844 --- [bmp-review-service] [rap-executor-%d] c.n.d.s.r.aws.ConfigClusterResolver      : Resolving eureka endpoints via configuration
2026-08-29T12:30:56.792+05:30  INFO 35844 --- [bmp-review-service] [rap-executor-%d] c.n.d.s.r.aws.ConfigClusterResolver      : Resolving eureka endpoints via configuration
2026-08-29T12:35:56.808+05:30  INFO 35844 --- [bmp-review-service] [rap-executor-%d] c.n.d.s.r.aws.ConfigClusterResolver      : Resolving eureka endpoints via configuration
2026-08-29T12:40:56.885+05:30  INFO 35844 --- [bmp-review-service] [rap-executor-%d] c.n.d.s.r.aws.ConfigClusterResolver      : Resolving eureka endpoints via configuration
2026-08-29T12:45:56.897+05:30  INFO 35844 --- [bmp-review-service] [rap-executor-%d] c.n.d.s.r.aws.ConfigClusterResolver      : Resolving eureka endpoints via configuration
2026-08-29T12:50:56.907+05:30  INFO 35844 --- [bmp-review-service] [rap-executor-%d] c.n.d.s.r.aws.ConfigClusterResolver      : Resolving eureka endpoints via configuration
2026-08-29T12:55:56.914+05:30  INFO 35844 --- [bmp-review-service] [rap-executor-%d] c.n.d.s.r.aws.ConfigClusterResolver      : Resolving eureka endpoints via configuration
2026-08-29T13:00:56.930+05:30  INFO 35844 --- [bmp-review-service] [rap-executor-%d] c.n.d.s.r.aws.ConfigClusterResolver      : Resolving eureka endpoints via configuration
2026-08-29T14:26:53.596+05:30  INFO 35844 --- [bmp-review-service] [container-0-C-1] org.apache.kafka.clients.NetworkClient   : [Consumer clientId=consumer-anonymous.58e4742c-e9bf-47b0-b596-b36d8c3b5e79-2, groupId=anonymous.58e4742c-e9bf-47b0-b596-b36d8c3b5e79] Node 1 disconnected.
2026-08-29T14:26:53.599+05:30  INFO 35844 --- [bmp-review-service] [container-0-C-1] org.apache.kafka.clients.NetworkClient   : [Consumer clientId=consumer-anonymous.58e4742c-e9bf-47b0-b596-b36d8c3b5e79-2, groupId=anonymous.58e4742c-e9bf-47b0-b596-b36d8c3b5e79] Cancelled in-flight FETCH request with correlation id 29137 due to node 1 being disconnected (elapsed time since creation: 5101043ms, elapsed time since send: 5101043ms, throttle time: 0ms, request timeout: 30000ms)
2026-08-29T14:26:53.602+05:30  INFO 35844 --- [bmp-review-service] [container-0-C-1] org.apache.kafka.clients.NetworkClient   : [Consumer clientId=consumer-anonymous.58e4742c-e9bf-47b0-b596-b36d8c3b5e79-2, groupId=anonymous.58e4742c-e9bf-47b0-b596-b36d8c3b5e79] Disconnecting from node 2147483646 due to request timeout.
2026-08-29T14:26:53.602+05:30  INFO 35844 --- [bmp-review-service] [container-0-C-1] org.apache.kafka.clients.NetworkClient   : [Consumer clientId=consumer-anonymous.58e4742c-e9bf-47b0-b596-b36d8c3b5e79-2, groupId=anonymous.58e4742c-e9bf-47b0-b596-b36d8c3b5e79] Cancelled in-flight HEARTBEAT request with correlation id 29138 due to node 2147483646 being disconnected (elapsed time since creation: 5099399ms, elapsed time since send: 5099399ms, throttle time: 0ms, request timeout: 30000ms)
2026-08-29T14:26:53.603+05:30  INFO 35844 --- [bmp-review-service] [container-0-C-1] org.apache.kafka.clients.NetworkClient   : [Consumer clientId=consumer-anonymous.58e4742c-e9bf-47b0-b596-b36d8c3b5e79-2, groupId=anonymous.58e4742c-e9bf-47b0-b596-b36d8c3b5e79] Cancelled in-flight HEARTBEAT request with correlation id 29139 due to node 2147483646 being disconnected (elapsed time since creation: 5096393ms, elapsed time since send: 5096393ms, throttle time: 0ms, request timeout: 30000ms)
2026-08-29T14:26:53.603+05:30  INFO 35844 --- [bmp-review-service] [container-0-C-1] org.apache.kafka.clients.NetworkClient   : [Consumer clientId=consumer-anonymous.58e4742c-e9bf-47b0-b596-b36d8c3b5e79-2, groupId=anonymous.58e4742c-e9bf-47b0-b596-b36d8c3b5e79] Cancelled in-flight HEARTBEAT request with correlation id 29140 due to node 2147483646 being disconnected (elapsed time since creation: 5093392ms, elapsed time since send: 5093392ms, throttle time: 0ms, request timeout: 30000ms)
2026-08-29T14:26:53.603+05:30  INFO 35844 --- [bmp-review-service] [container-0-C-1] org.apache.kafka.clients.NetworkClient   : [Consumer clientId=consumer-anonymous.58e4742c-e9bf-47b0-b596-b36d8c3b5e79-2, groupId=anonymous.58e4742c-e9bf-47b0-b596-b36d8c3b5e79] Cancelled in-flight HEARTBEAT request with correlation id 29141 due to node 2147483646 being disconnected (elapsed time since creation: 5090383ms, elapsed time since send: 5090383ms, throttle time: 0ms, request timeout: 30000ms)
2026-08-29T14:26:53.604+05:30  INFO 35844 --- [bmp-review-service] [container-0-C-1] o.a.kafka.clients.FetchSessionHandler    : [Consumer clientId=consumer-anonymous.58e4742c-e9bf-47b0-b596-b36d8c3b5e79-2, groupId=anonymous.58e4742c-e9bf-47b0-b596-b36d8c3b5e79] Error sending fetch request (sessionId=1827248209, epoch=7489) to node 1:

org.apache.kafka.common.errors.DisconnectException: null

2026-08-29T14:26:53.781+05:30  INFO 35844 --- [bmp-review-service] [96-b36d8c3b5e79] o.a.k.c.c.internals.ConsumerCoordinator  : [Consumer clientId=consumer-anonymous.58e4742c-e9bf-47b0-b596-b36d8c3b5e79-2, groupId=anonymous.58e4742c-e9bf-47b0-b596-b36d8c3b5e79] Group coordinator localhost:9092 (id: 2147483646 rack: null) is unavailable or invalid due to cause: null. isDisconnected: true. Rediscovery will be attempted.
2026-08-29T14:26:53.879+05:30  INFO 35844 --- [bmp-review-service] [binder-health-1] org.apache.kafka.clients.NetworkClient   : [Consumer clientId=consumer-null-4, groupId=null] Node 1 disconnected.
2026-08-29T14:26:53.880+05:30  INFO 35844 --- [bmp-review-service] [binder-health-1] org.apache.kafka.clients.NetworkClient   : [Consumer clientId=consumer-null-4, groupId=null] Cancelled in-flight METADATA request with correlation id 721 due to node 1 being disconnected (elapsed time since creation: 5090375ms, elapsed time since send: 5090375ms, throttle time: 0ms, request timeout: 30000ms)
2026-08-29T14:26:54.191+05:30  WARN 35844 --- [bmp-review-service] [nio-8086-exec-6] o.s.b.a.health.HealthEndpointSupport     : Health contributor org.springframework.cloud.stream.binder.kafka.KafkaBinderHealthIndicator (binders/kafka) took 5090562ms to respond
2026-08-29T14:26:56.402+05:30  INFO 35844 --- [bmp-review-service] [container-0-C-1] o.a.k.c.c.internals.ConsumerCoordinator  : [Consumer clientId=consumer-anonymous.58e4742c-e9bf-47b0-b596-b36d8c3b5e79-2, groupId=anonymous.58e4742c-e9bf-47b0-b596-b36d8c3b5e79] Discovered group coordinator localhost:9092 (id: 2147483646 rack: null)
2026-08-29T14:27:00.154+05:30  INFO 35844 --- [bmp-review-service] [pool-2-thread-1] org.apache.kafka.clients.NetworkClient   : [Consumer clientId=consumer-anonymous.58e4742c-e9bf-47b0-b596-b36d8c3b5e79-3, groupId=anonymous.58e4742c-e9bf-47b0-b596-b36d8c3b5e79] Node 2147483646 disconnected.
2026-08-29T14:27:00.182+05:30  INFO 35844 --- [bmp-review-service] [pool-2-thread-1] o.a.k.c.c.internals.ConsumerCoordinator  : [Consumer clientId=consumer-anonymous.58e4742c-e9bf-47b0-b596-b36d8c3b5e79-3, groupId=anonymous.58e4742c-e9bf-47b0-b596-b36d8c3b5e79] Group coordinator localhost:9092 (id: 2147483646 rack: null) is unavailable or invalid due to cause: coordinator unavailable. isDisconnected: true. Rediscovery will be attempted.
2026-08-29T14:27:00.205+05:30  INFO 35844 --- [bmp-review-service] [pool-2-thread-1] o.a.k.c.c.internals.ConsumerCoordinator  : [Consumer clientId=consumer-anonymous.58e4742c-e9bf-47b0-b596-b36d8c3b5e79-3, groupId=anonymous.58e4742c-e9bf-47b0-b596-b36d8c3b5e79] Discovered group coordinator localhost:9092 (id: 2147483646 rack: null)
2026-08-29T14:27:05.356+05:30  WARN 35844 --- [bmp-review-service] [l-1 housekeeper] com.zaxxer.hikari.pool.HikariPool        : HikariPool-1 - Thread starvation or clock leap detected (housekeeper delta=1h25m17s48ms741µs900ns).
2026-08-29T14:30:43.843+05:30  INFO 35844 --- [bmp-review-service] [rap-executor-%d] c.n.d.s.r.aws.ConfigClusterResolver      : Resolving eureka endpoints via configuration
2026-08-29T14:35:43.882+05:30  INFO 35844 --- [bmp-review-service] [rap-executor-%d] c.n.d.s.r.aws.ConfigClusterResolver      : Resolving eureka endpoints via configuration
2026-08-29T14:40:43.888+05:30  INFO 35844 --- [bmp-review-service] [rap-executor-%d] c.n.d.s.r.aws.ConfigClusterResolver      : Resolving eureka endpoints via configuration
2026-08-29T14:45:43.897+05:30  INFO 35844 --- [bmp-review-service] [rap-executor-%d] c.n.d.s.r.aws.ConfigClusterResolver      : Resolving eureka endpoints via configuration
2026-08-29T14:50:43.911+05:30  INFO 35844 --- [bmp-review-service] [rap-executor-%d] c.n.d.s.r.aws.ConfigClusterResolver      : Resolving eureka endpoints via configuration
2026-08-29T14:55:43.925+05:30  INFO 35844 --- [bmp-review-service] [rap-executor-%d] c.n.d.s.r.aws.ConfigClusterResolver      : Resolving eureka endpoints via configuration
2026-08-29T15:00:43.935+05:30  INFO 35844 --- [bmp-review-service] [rap-executor-%d] c.n.d.s.r.aws.ConfigClusterResolver      : Resolving eureka endpoints via configuration
2026-08-29T15:05:43.937+05:30  INFO 35844 --- [bmp-review-service] [rap-executor-%d] c.n.d.s.r.aws.ConfigClusterResolver      : Resolving eureka endpoints via configuration
2026-08-29T15:10:43.970+05:30  INFO 35844 --- [bmp-review-service] [rap-executor-%d] c.n.d.s.r.aws.ConfigClusterResolver      : Resolving eureka endpoints via configuration
2026-08-29T15:15:44.118+05:30  INFO 35844 --- [bmp-review-service] [rap-executor-%d] c.n.d.s.r.aws.ConfigClusterResolver      : Resolving eureka endpoints via configuration
2026-08-29T15:20:44.191+05:30  INFO 35844 --- [bmp-review-service] [rap-executor-%d] c.n.d.s.r.aws.ConfigClusterResolver      : Resolving eureka endpoints via configuration
2026-08-29T15:25:44.205+05:30  INFO 35844 --- [bmp-review-service] [rap-executor-%d] c.n.d.s.r.aws.ConfigClusterResolver      : Resolving eureka endpoints via configuration
2026-08-29T15:30:44.211+05:30  INFO 35844 --- [bmp-review-service] [rap-executor-%d] c.n.d.s.r.aws.ConfigClusterResolver      : Resolving eureka endpoints via configuration
2026-08-29T15:35:44.217+05:30  INFO 35844 --- [bmp-review-service] [rap-executor-%d] c.n.d.s.r.aws.ConfigClusterResolver      : Resolving eureka endpoints via configuration
2026-08-29T15:40:44.230+05:30  INFO 35844 --- [bmp-review-service] [rap-executor-%d] c.n.d.s.r.aws.ConfigClusterResolver      : Resolving eureka endpoints via configuration
2026-08-29T16:37:26.652+05:30  INFO 35844 --- [bmp-review-service] [container-0-C-1] org.apache.kafka.clients.NetworkClient   : [Consumer clientId=consumer-anonymous.58e4742c-e9bf-47b0-b596-b36d8c3b5e79-2, groupId=anonymous.58e4742c-e9bf-47b0-b596-b36d8c3b5e79] Node 1 disconnected.
2026-08-29T16:37:26.657+05:30  INFO 35844 --- [bmp-review-service] [container-0-C-1] org.apache.kafka.clients.NetworkClient   : [Consumer clientId=consumer-anonymous.58e4742c-e9bf-47b0-b596-b36d8c3b5e79-2, groupId=anonymous.58e4742c-e9bf-47b0-b596-b36d8c3b5e79] Cancelled in-flight FETCH request with correlation id 39450 due to node 1 being disconnected (elapsed time since creation: 3363686ms, elapsed time since send: 3363686ms, throttle time: 0ms, request timeout: 30000ms)
2026-08-29T16:37:26.659+05:30  INFO 35844 --- [bmp-review-service] [container-0-C-1] org.apache.kafka.clients.NetworkClient   : [Consumer clientId=consumer-anonymous.58e4742c-e9bf-47b0-b596-b36d8c3b5e79-2, groupId=anonymous.58e4742c-e9bf-47b0-b596-b36d8c3b5e79] Disconnecting from node 2147483646 due to request timeout.
2026-08-29T16:37:26.659+05:30  INFO 35844 --- [bmp-review-service] [container-0-C-1] org.apache.kafka.clients.NetworkClient   : [Consumer clientId=consumer-anonymous.58e4742c-e9bf-47b0-b596-b36d8c3b5e79-2, groupId=anonymous.58e4742c-e9bf-47b0-b596-b36d8c3b5e79] Cancelled in-flight HEARTBEAT request with correlation id 39451 due to node 2147483646 being disconnected (elapsed time since creation: 3362072ms, elapsed time since send: 3362072ms, throttle time: 0ms, request timeout: 30000ms)
2026-08-29T16:37:26.660+05:30  INFO 35844 --- [bmp-review-service] [container-0-C-1] org.apache.kafka.clients.NetworkClient   : [Consumer clientId=consumer-anonymous.58e4742c-e9bf-47b0-b596-b36d8c3b5e79-2, groupId=anonymous.58e4742c-e9bf-47b0-b596-b36d8c3b5e79] Cancelled in-flight HEARTBEAT request with correlation id 39452 due to node 2147483646 being disconnected (elapsed time since creation: 3359064ms, elapsed time since send: 3359064ms, throttle time: 0ms, request timeout: 30000ms)
2026-08-29T16:37:26.660+05:30  INFO 35844 --- [bmp-review-service] [container-0-C-1] org.apache.kafka.clients.NetworkClient   : [Consumer clientId=consumer-anonymous.58e4742c-e9bf-47b0-b596-b36d8c3b5e79-2, groupId=anonymous.58e4742c-e9bf-47b0-b596-b36d8c3b5e79] Cancelled in-flight HEARTBEAT request with correlation id 39453 due to node 2147483646 being disconnected (elapsed time since creation: 3356062ms, elapsed time since send: 3356062ms, throttle time: 0ms, request timeout: 30000ms)
2026-08-29T16:37:26.660+05:30  INFO 35844 --- [bmp-review-service] [container-0-C-1] org.apache.kafka.clients.NetworkClient   : [Consumer clientId=consumer-anonymous.58e4742c-e9bf-47b0-b596-b36d8c3b5e79-2, groupId=anonymous.58e4742c-e9bf-47b0-b596-b36d8c3b5e79] Cancelled in-flight HEARTBEAT request with correlation id 39454 due to node 2147483646 being disconnected (elapsed time since creation: 3353057ms, elapsed time since send: 3353057ms, throttle time: 0ms, request timeout: 30000ms)
2026-08-29T16:37:26.661+05:30  INFO 35844 --- [bmp-review-service] [container-0-C-1] o.a.kafka.clients.FetchSessionHandler    : [Consumer clientId=consumer-anonymous.58e4742c-e9bf-47b0-b596-b36d8c3b5e79-2, groupId=anonymous.58e4742c-e9bf-47b0-b596-b36d8c3b5e79] Error sending fetch request (sessionId=2010215219, epoch=8790) to node 1:

org.apache.kafka.common.errors.DisconnectException: null

2026-08-29T16:37:26.843+05:30  INFO 35844 --- [bmp-review-service] [96-b36d8c3b5e79] o.a.k.c.c.internals.ConsumerCoordinator  : [Consumer clientId=consumer-anonymous.58e4742c-e9bf-47b0-b596-b36d8c3b5e79-2, groupId=anonymous.58e4742c-e9bf-47b0-b596-b36d8c3b5e79] Group coordinator localhost:9092 (id: 2147483646 rack: null) is unavailable or invalid due to cause: null. isDisconnected: true. Rediscovery will be attempted.
2026-08-29T16:37:26.878+05:30  INFO 35844 --- [bmp-review-service] [binder-health-1] org.apache.kafka.clients.NetworkClient   : [Consumer clientId=consumer-null-4, groupId=null] Node 1 disconnected.
2026-08-29T16:37:26.882+05:30  INFO 35844 --- [bmp-review-service] [binder-health-1] org.apache.kafka.clients.NetworkClient   : [Consumer clientId=consumer-null-4, groupId=null] Cancelled in-flight METADATA request with correlation id 976 due to node 1 being disconnected (elapsed time since creation: 3359377ms, elapsed time since send: 3359377ms, throttle time: 0ms, request timeout: 30000ms)
2026-08-29T16:37:27.059+05:30  WARN 35844 --- [bmp-review-service] [l-1 housekeeper] com.zaxxer.hikari.pool.HikariPool        : HikariPool-1 - Thread starvation or clock leap detected (housekeeper delta=56m20s333ms867µs700ns).
2026-08-29T16:37:27.318+05:30  WARN 35844 --- [bmp-review-service] [nio-8086-exec-5] o.s.b.a.health.HealthEndpointSupport     : Health contributor org.springframework.cloud.stream.binder.kafka.KafkaBinderHealthIndicator (binders/kafka) took 3359606ms to respond
2026-08-29T16:37:29.368+05:30  INFO 35844 --- [bmp-review-service] [container-0-C-1] o.a.k.c.c.internals.ConsumerCoordinator  : [Consumer clientId=consumer-anonymous.58e4742c-e9bf-47b0-b596-b36d8c3b5e79-2, groupId=anonymous.58e4742c-e9bf-47b0-b596-b36d8c3b5e79] Discovered group coordinator localhost:9092 (id: 2147483646 rack: null)
2026-08-29T16:37:52.099+05:30  INFO 35844 --- [bmp-review-service] [pool-2-thread-1] org.apache.kafka.clients.NetworkClient   : [Consumer clientId=consumer-anonymous.58e4742c-e9bf-47b0-b596-b36d8c3b5e79-3, groupId=anonymous.58e4742c-e9bf-47b0-b596-b36d8c3b5e79] Node 2147483646 disconnected.
2026-08-29T16:41:34.156+05:30  INFO 35844 --- [bmp-review-service] [rap-executor-%d] c.n.d.s.r.aws.ConfigClusterResolver      : Resolving eureka endpoints via configuration
2026-08-29T16:46:34.204+05:30  INFO 35844 --- [bmp-review-service] [rap-executor-%d] c.n.d.s.r.aws.ConfigClusterResolver      : Resolving eureka endpoints via configuration
2026-08-29T16:51:34.220+05:30  INFO 35844 --- [bmp-review-service] [rap-executor-%d] c.n.d.s.r.aws.ConfigClusterResolver      : Resolving eureka endpoints via configuration
2026-08-29T16:56:34.235+05:30  INFO 35844 --- [bmp-review-service] [rap-executor-%d] c.n.d.s.r.aws.ConfigClusterResolver      : Resolving eureka endpoints via configuration
2026-08-29T17:01:34.241+05:30  INFO 35844 --- [bmp-review-service] [rap-executor-%d] c.n.d.s.r.aws.ConfigClusterResolver      : Resolving eureka endpoints via configuration
2026-08-29T17:06:34.251+05:30  INFO 35844 --- [bmp-review-service] [rap-executor-%d] c.n.d.s.r.aws.ConfigClusterResolver      : Resolving eureka endpoints via configuration
2026-08-29T17:11:34.255+05:30  INFO 35844 --- [bmp-review-service] [rap-executor-%d] c.n.d.s.r.aws.ConfigClusterResolver      : Resolving eureka endpoints via configuration
2026-08-29T17:16:34.275+05:30  INFO 35844 --- [bmp-review-service] [rap-executor-%d] c.n.d.s.r.aws.ConfigClusterResolver      : Resolving eureka endpoints via configuration
2026-08-29T17:21:34.282+05:30  INFO 35844 --- [bmp-review-service] [rap-executor-%d] c.n.d.s.r.aws.ConfigClusterResolver      : Resolving eureka endpoints via configuration
2026-08-29T17:26:34.292+05:30  INFO 35844 --- [bmp-review-service] [rap-executor-%d] c.n.d.s.r.aws.ConfigClusterResolver      : Resolving eureka endpoints via configuration
2026-08-29T17:31:34.296+05:30  INFO 35844 --- [bmp-review-service] [rap-executor-%d] c.n.d.s.r.aws.ConfigClusterResolver      : Resolving eureka endpoints via configuration
2026-08-29T17:36:34.301+05:30  INFO 35844 --- [bmp-review-service] [rap-executor-%d] c.n.d.s.r.aws.ConfigClusterResolver      : Resolving eureka endpoints via configuration
2026-08-29T17:41:34.312+05:30  INFO 35844 --- [bmp-review-service] [rap-executor-%d] c.n.d.s.r.aws.ConfigClusterResolver      : Resolving eureka endpoints via configuration
2026-08-29T17:56:52.608+05:30  INFO 35844 --- [bmp-review-service] [container-0-C-1] org.apache.kafka.clients.NetworkClient   : [Consumer clientId=consumer-anonymous.58e4742c-e9bf-47b0-b596-b36d8c3b5e79-2, groupId=anonymous.58e4742c-e9bf-47b0-b596-b36d8c3b5e79] Node 1 disconnected.
2026-08-29T17:56:52.618+05:30  INFO 35844 --- [bmp-review-service] [container-0-C-1] org.apache.kafka.clients.NetworkClient   : [Consumer clientId=consumer-anonymous.58e4742c-e9bf-47b0-b596-b36d8c3b5e79-2, groupId=anonymous.58e4742c-e9bf-47b0-b596-b36d8c3b5e79] Cancelled in-flight FETCH request with correlation id 48492 due to node 1 being disconnected (elapsed time since creation: 827957ms, elapsed time since send: 827957ms, throttle time: 0ms, request timeout: 30000ms)
2026-08-29T17:56:52.620+05:30  INFO 35844 --- [bmp-review-service] [container-0-C-1] org.apache.kafka.clients.NetworkClient   : [Consumer clientId=consumer-anonymous.58e4742c-e9bf-47b0-b596-b36d8c3b5e79-2, groupId=anonymous.58e4742c-e9bf-47b0-b596-b36d8c3b5e79] Disconnecting from node 2147483646 due to request timeout.
2026-08-29T17:56:52.620+05:30  INFO 35844 --- [bmp-review-service] [container-0-C-1] org.apache.kafka.clients.NetworkClient   : [Consumer clientId=consumer-anonymous.58e4742c-e9bf-47b0-b596-b36d8c3b5e79-2, groupId=anonymous.58e4742c-e9bf-47b0-b596-b36d8c3b5e79] Cancelled in-flight HEARTBEAT request with correlation id 48493 due to node 2147483646 being disconnected (elapsed time since creation: 827071ms, elapsed time since send: 827071ms, throttle time: 0ms, request timeout: 30000ms)
2026-08-29T17:56:52.620+05:30  INFO 35844 --- [bmp-review-service] [container-0-C-1] org.apache.kafka.clients.NetworkClient   : [Consumer clientId=consumer-anonymous.58e4742c-e9bf-47b0-b596-b36d8c3b5e79-2, groupId=anonymous.58e4742c-e9bf-47b0-b596-b36d8c3b5e79] Cancelled in-flight HEARTBEAT request with correlation id 48494 due to node 2147483646 being disconnected (elapsed time since creation: 824062ms, elapsed time since send: 824062ms, throttle time: 0ms, request timeout: 30000ms)
2026-08-29T17:56:52.620+05:30  INFO 35844 --- [bmp-review-service] [container-0-C-1] org.apache.kafka.clients.NetworkClient   : [Consumer clientId=consumer-anonymous.58e4742c-e9bf-47b0-b596-b36d8c3b5e79-2, groupId=anonymous.58e4742c-e9bf-47b0-b596-b36d8c3b5e79] Cancelled in-flight HEARTBEAT request with correlation id 48495 due to node 2147483646 being disconnected (elapsed time since creation: 821053ms, elapsed time since send: 821053ms, throttle time: 0ms, request timeout: 30000ms)
2026-08-29T17:56:52.620+05:30  INFO 35844 --- [bmp-review-service] [container-0-C-1] org.apache.kafka.clients.NetworkClient   : [Consumer clientId=consumer-anonymous.58e4742c-e9bf-47b0-b596-b36d8c3b5e79-2, groupId=anonymous.58e4742c-e9bf-47b0-b596-b36d8c3b5e79] Cancelled in-flight HEARTBEAT request with correlation id 48496 due to node 2147483646 being disconnected (elapsed time since creation: 818039ms, elapsed time since send: 818039ms, throttle time: 0ms, request timeout: 30000ms)
2026-08-29T17:56:52.621+05:30  INFO 35844 --- [bmp-review-service] [container-0-C-1] o.a.kafka.clients.FetchSessionHandler    : [Consumer clientId=consumer-anonymous.58e4742c-e9bf-47b0-b596-b36d8c3b5e79-2, groupId=anonymous.58e4742c-e9bf-47b0-b596-b36d8c3b5e79] Error sending fetch request (sessionId=22574183, epoch=7698) to node 1:

org.apache.kafka.common.errors.DisconnectException: null

2026-08-29T17:56:52.781+05:30  INFO 35844 --- [bmp-review-service] [96-b36d8c3b5e79] o.a.k.c.c.internals.ConsumerCoordinator  : [Consumer clientId=consumer-anonymous.58e4742c-e9bf-47b0-b596-b36d8c3b5e79-2, groupId=anonymous.58e4742c-e9bf-47b0-b596-b36d8c3b5e79] Group coordinator localhost:9092 (id: 2147483646 rack: null) is unavailable or invalid due to cause: null. isDisconnected: true. Rediscovery will be attempted.
2026-08-29T17:56:52.822+05:30  INFO 35844 --- [bmp-review-service] [binder-health-1] org.apache.kafka.clients.NetworkClient   : [Consumer clientId=consumer-null-4, groupId=null] Node 1 disconnected.
2026-08-29T17:56:52.823+05:30  INFO 35844 --- [bmp-review-service] [binder-health-1] org.apache.kafka.clients.NetworkClient   : [Consumer clientId=consumer-null-4, groupId=null] Cancelled in-flight METADATA request with correlation id 1200 due to node 1 being disconnected (elapsed time since creation: 823767ms, elapsed time since send: 823767ms, throttle time: 0ms, request timeout: 30000ms)
2026-08-29T17:56:53.087+05:30  WARN 35844 --- [bmp-review-service] [nio-8086-exec-4] o.s.b.a.health.HealthEndpointSupport     : Health contributor org.springframework.cloud.stream.binder.kafka.KafkaBinderHealthIndicator (binders/kafka) took 823916ms to respond
2026-08-29T17:56:54.473+05:30  INFO 35844 --- [bmp-review-service] [container-0-C-1] o.a.k.c.c.internals.ConsumerCoordinator  : [Consumer clientId=consumer-anonymous.58e4742c-e9bf-47b0-b596-b36d8c3b5e79-2, groupId=anonymous.58e4742c-e9bf-47b0-b596-b36d8c3b5e79] Discovered group coordinator localhost:9092 (id: 2147483646 rack: null)
2026-08-29T17:56:54.476+05:30  INFO 35844 --- [bmp-review-service] [container-0-C-1] o.a.k.c.c.internals.ConsumerCoordinator  : [Consumer clientId=consumer-anonymous.58e4742c-e9bf-47b0-b596-b36d8c3b5e79-2, groupId=anonymous.58e4742c-e9bf-47b0-b596-b36d8c3b5e79] Discovered group coordinator localhost:9092 (id: 2147483646 rack: null)
2026-08-29T17:57:02.660+05:30  WARN 35844 --- [bmp-review-service] [l-1 housekeeper] com.zaxxer.hikari.pool.HikariPool        : HikariPool-1 - Thread starvation or clock leap detected (housekeeper delta=14m4s387ms693µs900ns).
2026-08-29T17:57:28.366+05:30  INFO 35844 --- [bmp-review-service] [pool-2-thread-1] org.apache.kafka.clients.NetworkClient   : [Consumer clientId=consumer-anonymous.58e4742c-e9bf-47b0-b596-b36d8c3b5e79-3, groupId=anonymous.58e4742c-e9bf-47b0-b596-b36d8c3b5e79] Node 2147483646 disconnected.
2026-08-29T17:57:28.369+05:30  INFO 35844 --- [bmp-review-service] [pool-2-thread-1] o.a.k.c.c.internals.ConsumerCoordinator  : [Consumer clientId=consumer-anonymous.58e4742c-e9bf-47b0-b596-b36d8c3b5e79-3, groupId=anonymous.58e4742c-e9bf-47b0-b596-b36d8c3b5e79] Group coordinator localhost:9092 (id: 2147483646 rack: null) is unavailable or invalid due to cause: coordinator unavailable. isDisconnected: true. Rediscovery will be attempted.
2026-08-29T17:57:28.370+05:30  INFO 35844 --- [bmp-review-service] [pool-2-thread-1] o.a.k.c.c.internals.ConsumerCoordinator  : [Consumer clientId=consumer-anonymous.58e4742c-e9bf-47b0-b596-b36d8c3b5e79-3, groupId=anonymous.58e4742c-e9bf-47b0-b596-b36d8c3b5e79] Discovered group coordinator localhost:9092 (id: 2147483646 rack: null)
2026-08-29T17:57:28.371+05:30  INFO 35844 --- [bmp-review-service] [pool-2-thread-1] o.a.k.c.c.internals.ConsumerCoordinator  : [Consumer clientId=consumer-anonymous.58e4742c-e9bf-47b0-b596-b36d8c3b5e79-3, groupId=anonymous.58e4742c-e9bf-47b0-b596-b36d8c3b5e79] Group coordinator localhost:9092 (id: 2147483646 rack: null) is unavailable or invalid due to cause: coordinator unavailable. isDisconnected: false. Rediscovery will be attempted.
2026-08-29T17:57:28.371+05:30  INFO 35844 --- [bmp-review-service] [pool-2-thread-1] o.a.k.c.c.internals.ConsumerCoordinator  : [Consumer clientId=consumer-anonymous.58e4742c-e9bf-47b0-b596-b36d8c3b5e79-3, groupId=anonymous.58e4742c-e9bf-47b0-b596-b36d8c3b5e79] Requesting disconnect from last known coordinator localhost:9092 (id: 2147483646 rack: null)
2026-08-29T17:57:28.478+05:30  INFO 35844 --- [bmp-review-service] [pool-2-thread-1] o.a.k.c.c.internals.ConsumerCoordinator  : [Consumer clientId=consumer-anonymous.58e4742c-e9bf-47b0-b596-b36d8c3b5e79-3, groupId=anonymous.58e4742c-e9bf-47b0-b596-b36d8c3b5e79] Discovered group coordinator localhost:9092 (id: 2147483646 rack: null)
2026-08-29T18:00:06.782+05:30  INFO 35844 --- [bmp-review-service] [container-0-C-1] org.apache.kafka.clients.NetworkClient   : [Consumer clientId=consumer-anonymous.58e4742c-e9bf-47b0-b596-b36d8c3b5e79-2, groupId=anonymous.58e4742c-e9bf-47b0-b596-b36d8c3b5e79] Disconnecting from node 1 due to request timeout.
2026-08-29T18:00:06.782+05:30  INFO 35844 --- [bmp-review-service] [container-0-C-1] org.apache.kafka.clients.NetworkClient   : [Consumer clientId=consumer-anonymous.58e4742c-e9bf-47b0-b596-b36d8c3b5e79-2, groupId=anonymous.58e4742c-e9bf-47b0-b596-b36d8c3b5e79] Cancelled in-flight FETCH request with correlation id 48853 due to node 1 being disconnected (elapsed time since creation: 39550ms, elapsed time since send: 39550ms, throttle time: 0ms, request timeout: 30000ms)
2026-08-29T18:00:06.783+05:30  INFO 35844 --- [bmp-review-service] [container-0-C-1] org.apache.kafka.clients.NetworkClient   : [Consumer clientId=consumer-anonymous.58e4742c-e9bf-47b0-b596-b36d8c3b5e79-2, groupId=anonymous.58e4742c-e9bf-47b0-b596-b36d8c3b5e79] Disconnecting from node 2147483646 due to request timeout.
2026-08-29T18:00:06.783+05:30  INFO 35844 --- [bmp-review-service] [container-0-C-1] org.apache.kafka.clients.NetworkClient   : [Consumer clientId=consumer-anonymous.58e4742c-e9bf-47b0-b596-b36d8c3b5e79-2, groupId=anonymous.58e4742c-e9bf-47b0-b596-b36d8c3b5e79] Cancelled in-flight HEARTBEAT request with correlation id 48854 due to node 2147483646 being disconnected (elapsed time since creation: 38855ms, elapsed time since send: 38855ms, throttle time: 0ms, request timeout: 30000ms)
2026-08-29T18:00:06.783+05:30  INFO 35844 --- [bmp-review-service] [container-0-C-1] org.apache.kafka.clients.NetworkClient   : [Consumer clientId=consumer-anonymous.58e4742c-e9bf-47b0-b596-b36d8c3b5e79-2, groupId=anonymous.58e4742c-e9bf-47b0-b596-b36d8c3b5e79] Cancelled in-flight HEARTBEAT request with correlation id 48855 due to node 2147483646 being disconnected (elapsed time since creation: 35853ms, elapsed time since send: 35853ms, throttle time: 0ms, request timeout: 30000ms)
2026-08-29T18:00:06.783+05:30  INFO 35844 --- [bmp-review-service] [container-0-C-1] org.apache.kafka.clients.NetworkClient   : [Consumer clientId=consumer-anonymous.58e4742c-e9bf-47b0-b596-b36d8c3b5e79-2, groupId=anonymous.58e4742c-e9bf-47b0-b596-b36d8c3b5e79] Cancelled in-flight HEARTBEAT request with correlation id 48856 due to node 2147483646 being disconnected (elapsed time since creation: 32838ms, elapsed time since send: 32838ms, throttle time: 0ms, request timeout: 30000ms)
2026-08-29T18:00:06.783+05:30  INFO 35844 --- [bmp-review-service] [container-0-C-1] org.apache.kafka.clients.NetworkClient   : [Consumer clientId=consumer-anonymous.58e4742c-e9bf-47b0-b596-b36d8c3b5e79-2, groupId=anonymous.58e4742c-e9bf-47b0-b596-b36d8c3b5e79] Cancelled in-flight HEARTBEAT request with correlation id 48857 due to node 2147483646 being disconnected (elapsed time since creation: 29830ms, elapsed time since send: 29830ms, throttle time: 0ms, request timeout: 30000ms)
2026-08-29T18:00:06.783+05:30  INFO 35844 --- [bmp-review-service] [container-0-C-1] o.a.kafka.clients.FetchSessionHandler    : [Consumer clientId=consumer-anonymous.58e4742c-e9bf-47b0-b596-b36d8c3b5e79-2, groupId=anonymous.58e4742c-e9bf-47b0-b596-b36d8c3b5e79] Error sending fetch request (sessionId=1698469469, epoch=299) to node 1:

org.apache.kafka.common.errors.DisconnectException: null

2026-08-29T18:00:06.800+05:30  INFO 35844 --- [bmp-review-service] [96-b36d8c3b5e79] o.a.k.c.c.internals.ConsumerCoordinator  : [Consumer clientId=consumer-anonymous.58e4742c-e9bf-47b0-b596-b36d8c3b5e79-2, groupId=anonymous.58e4742c-e9bf-47b0-b596-b36d8c3b5e79] Group coordinator localhost:9092 (id: 2147483646 rack: null) is unavailable or invalid due to cause: null. isDisconnected: true. Rediscovery will be attempted.
2026-08-29T18:00:07.388+05:30  INFO 35844 --- [bmp-review-service] [pool-2-thread-1] org.apache.kafka.clients.NetworkClient   : [Consumer clientId=consumer-anonymous.58e4742c-e9bf-47b0-b596-b36d8c3b5e79-3, groupId=anonymous.58e4742c-e9bf-47b0-b596-b36d8c3b5e79] Disconnecting from node 1 due to request timeout.
2026-08-29T18:00:07.388+05:30  INFO 35844 --- [bmp-review-service] [pool-2-thread-1] org.apache.kafka.clients.NetworkClient   : [Consumer clientId=consumer-anonymous.58e4742c-e9bf-47b0-b596-b36d8c3b5e79-3, groupId=anonymous.58e4742c-e9bf-47b0-b596-b36d8c3b5e79] Cancelled in-flight LIST_OFFSETS request with correlation id 1224 due to node 1 being disconnected (elapsed time since creation: 38859ms, elapsed time since send: 38859ms, throttle time: 0ms, request timeout: 30000ms)
2026-08-29T18:00:08.653+05:30  WARN 35844 --- [bmp-review-service] [nio-8086-exec-4] o.s.b.a.health.HealthEndpointSupport     : Health contributor org.springframework.cloud.stream.binder.kafka.KafkaBinderHealthIndicator (binders/kafka) took 31098ms to respond
2026-08-29T18:00:08.776+05:30  INFO 35844 --- [bmp-review-service] [container-0-C-1] o.a.k.c.c.internals.ConsumerCoordinator  : [Consumer clientId=consumer-anonymous.58e4742c-e9bf-47b0-b596-b36d8c3b5e79-2, groupId=anonymous.58e4742c-e9bf-47b0-b596-b36d8c3b5e79] Discovered group coordinator localhost:9092 (id: 2147483646 rack: null)
2026-08-29T18:00:29.544+05:30  WARN 35844 --- [bmp-review-service] [l-1 housekeeper] com.zaxxer.hikari.pool.HikariPool        : HikariPool-1 - Thread starvation or clock leap detected (housekeeper delta=59s314ms599µs700ns).
2026-08-29T18:00:35.389+05:30  INFO 35844 --- [bmp-review-service] [rap-executor-%d] c.n.d.s.r.aws.ConfigClusterResolver      : Resolving eureka endpoints via configuration
2026-08-29T18:05:35.392+05:30  INFO 35844 --- [bmp-review-service] [rap-executor-%d] c.n.d.s.r.aws.ConfigClusterResolver      : Resolving eureka endpoints via configuration
2026-08-29T18:10:35.395+05:30  INFO 35844 --- [bmp-review-service] [rap-executor-%d] c.n.d.s.r.aws.ConfigClusterResolver      : Resolving eureka endpoints via configuration
2026-08-29T18:15:35.414+05:30  INFO 35844 --- [bmp-review-service] [rap-executor-%d] c.n.d.s.r.aws.ConfigClusterResolver      : Resolving eureka endpoints via configuration
2026-08-29T19:23:52.774+05:30  INFO 35844 --- [bmp-review-service] [96-b36d8c3b5e79] org.apache.kafka.clients.NetworkClient   : [Consumer clientId=consumer-anonymous.58e4742c-e9bf-47b0-b596-b36d8c3b5e79-2, groupId=anonymous.58e4742c-e9bf-47b0-b596-b36d8c3b5e79] Node 1 disconnected.
2026-08-29T19:23:52.846+05:30  INFO 35844 --- [bmp-review-service] [96-b36d8c3b5e79] org.apache.kafka.clients.NetworkClient   : [Consumer clientId=consumer-anonymous.58e4742c-e9bf-47b0-b596-b36d8c3b5e79-2, groupId=anonymous.58e4742c-e9bf-47b0-b596-b36d8c3b5e79] Cancelled in-flight FETCH request with correlation id 51179 due to node 1 being disconnected (elapsed time since creation: 4023859ms, elapsed time since send: 4023859ms, throttle time: 0ms, request timeout: 30000ms)
2026-08-29T19:23:52.846+05:30  INFO 35844 --- [bmp-review-service] [96-b36d8c3b5e79] org.apache.kafka.clients.NetworkClient   : [Consumer clientId=consumer-anonymous.58e4742c-e9bf-47b0-b596-b36d8c3b5e79-2, groupId=anonymous.58e4742c-e9bf-47b0-b596-b36d8c3b5e79] Cancelled in-flight METADATA request with correlation id 51181 due to node 1 being disconnected (elapsed time since creation: 1193ms, elapsed time since send: 1193ms, throttle time: 0ms, request timeout: 30000ms)
2026-08-29T19:23:52.872+05:30  INFO 35844 --- [bmp-review-service] [96-b36d8c3b5e79] org.apache.kafka.clients.NetworkClient   : [Consumer clientId=consumer-anonymous.58e4742c-e9bf-47b0-b596-b36d8c3b5e79-2, groupId=anonymous.58e4742c-e9bf-47b0-b596-b36d8c3b5e79] Disconnecting from node 2147483646 due to request timeout.
2026-08-29T19:23:52.874+05:30  INFO 35844 --- [bmp-review-service] [96-b36d8c3b5e79] org.apache.kafka.clients.NetworkClient   : [Consumer clientId=consumer-anonymous.58e4742c-e9bf-47b0-b596-b36d8c3b5e79-2, groupId=anonymous.58e4742c-e9bf-47b0-b596-b36d8c3b5e79] Cancelled in-flight HEARTBEAT request with correlation id 51180 due to node 2147483646 being disconnected (elapsed time since creation: 4022093ms, elapsed time since send: 4022093ms, throttle time: 0ms, request timeout: 30000ms)
2026-08-29T19:23:52.907+05:30  INFO 35844 --- [bmp-review-service] [96-b36d8c3b5e79] o.a.kafka.clients.FetchSessionHandler    : [Consumer clientId=consumer-anonymous.58e4742c-e9bf-47b0-b596-b36d8c3b5e79-2, groupId=anonymous.58e4742c-e9bf-47b0-b596-b36d8c3b5e79] Error sending fetch request (sessionId=1193912512, epoch=1978) to node 1:

org.apache.kafka.common.errors.DisconnectException: null

2026-08-29T19:23:53.057+05:30  INFO 35844 --- [bmp-review-service] [96-b36d8c3b5e79] o.a.k.c.c.internals.ConsumerCoordinator  : [Consumer clientId=consumer-anonymous.58e4742c-e9bf-47b0-b596-b36d8c3b5e79-2, groupId=anonymous.58e4742c-e9bf-47b0-b596-b36d8c3b5e79] Group coordinator localhost:9092 (id: 2147483646 rack: null) is unavailable or invalid due to cause: null. isDisconnected: true. Rediscovery will be attempted.
2026-08-29T19:23:56.460+05:30  INFO 35844 --- [bmp-review-service] [container-0-C-1] o.a.k.c.c.internals.ConsumerCoordinator  : [Consumer clientId=consumer-anonymous.58e4742c-e9bf-47b0-b596-b36d8c3b5e79-2, groupId=anonymous.58e4742c-e9bf-47b0-b596-b36d8c3b5e79] Discovered group coordinator localhost:9092 (id: 2147483646 rack: null)
2026-08-29T19:24:00.237+05:30  WARN 35844 --- [bmp-review-service] [l-1 housekeeper] com.zaxxer.hikari.pool.HikariPool        : HikariPool-1 - Thread starvation or clock leap detected (housekeeper delta=1h7m30s605ms300ns).
2026-08-29T19:24:09.587+05:30  INFO 35844 --- [bmp-review-service] [pool-2-thread-1] org.apache.kafka.clients.NetworkClient   : [Consumer clientId=consumer-anonymous.58e4742c-e9bf-47b0-b596-b36d8c3b5e79-3, groupId=anonymous.58e4742c-e9bf-47b0-b596-b36d8c3b5e79] Node 2147483646 disconnected.
2026-08-29T19:24:09.589+05:30  INFO 35844 --- [bmp-review-service] [pool-2-thread-1] o.a.k.c.c.internals.ConsumerCoordinator  : [Consumer clientId=consumer-anonymous.58e4742c-e9bf-47b0-b596-b36d8c3b5e79-3, groupId=anonymous.58e4742c-e9bf-47b0-b596-b36d8c3b5e79] Group coordinator localhost:9092 (id: 2147483646 rack: null) is unavailable or invalid due to cause: coordinator unavailable. isDisconnected: true. Rediscovery will be attempted.
2026-08-29T19:24:09.591+05:30  INFO 35844 --- [bmp-review-service] [pool-2-thread-1] o.a.k.c.c.internals.ConsumerCoordinator  : [Consumer clientId=consumer-anonymous.58e4742c-e9bf-47b0-b596-b36d8c3b5e79-3, groupId=anonymous.58e4742c-e9bf-47b0-b596-b36d8c3b5e79] Discovered group coordinator localhost:9092 (id: 2147483646 rack: null)
2026-08-29T19:24:09.591+05:30  INFO 35844 --- [bmp-review-service] [pool-2-thread-1] o.a.k.c.c.internals.ConsumerCoordinator  : [Consumer clientId=consumer-anonymous.58e4742c-e9bf-47b0-b596-b36d8c3b5e79-3, groupId=anonymous.58e4742c-e9bf-47b0-b596-b36d8c3b5e79] Group coordinator localhost:9092 (id: 2147483646 rack: null) is unavailable or invalid due to cause: coordinator unavailable. isDisconnected: false. Rediscovery will be attempted.
2026-08-29T19:24:09.591+05:30  INFO 35844 --- [bmp-review-service] [pool-2-thread-1] o.a.k.c.c.internals.ConsumerCoordinator  : [Consumer clientId=consumer-anonymous.58e4742c-e9bf-47b0-b596-b36d8c3b5e79-3, groupId=anonymous.58e4742c-e9bf-47b0-b596-b36d8c3b5e79] Requesting disconnect from last known coordinator localhost:9092 (id: 2147483646 rack: null)
2026-08-29T19:24:09.696+05:30  INFO 35844 --- [bmp-review-service] [pool-2-thread-1] o.a.k.c.c.internals.ConsumerCoordinator  : [Consumer clientId=consumer-anonymous.58e4742c-e9bf-47b0-b596-b36d8c3b5e79-3, groupId=anonymous.58e4742c-e9bf-47b0-b596-b36d8c3b5e79] Discovered group coordinator localhost:9092 (id: 2147483646 rack: null)
2026-08-29T19:27:35.887+05:30  INFO 35844 --- [bmp-review-service] [rap-executor-%d] c.n.d.s.r.aws.ConfigClusterResolver      : Resolving eureka endpoints via configuration
2026-08-29T19:32:35.891+05:30  INFO 35844 --- [bmp-review-service] [rap-executor-%d] c.n.d.s.r.aws.ConfigClusterResolver      : Resolving eureka endpoints via configuration
2026-08-29T19:37:35.902+05:30  INFO 35844 --- [bmp-review-service] [rap-executor-%d] c.n.d.s.r.aws.ConfigClusterResolver      : Resolving eureka endpoints via configuration
2026-08-29T19:42:35.911+05:30  INFO 35844 --- [bmp-review-service] [rap-executor-%d] c.n.d.s.r.aws.ConfigClusterResolver      : Resolving eureka endpoints via configuration
2026-08-29T19:47:35.918+05:30  INFO 35844 --- [bmp-review-service] [rap-executor-%d] c.n.d.s.r.aws.ConfigClusterResolver      : Resolving eureka endpoints via configuration
2026-08-29T19:52:35.927+05:30  INFO 35844 --- [bmp-review-service] [rap-executor-%d] c.n.d.s.r.aws.ConfigClusterResolver      : Resolving eureka endpoints via configuration
2026-08-29T19:57:35.936+05:30  INFO 35844 --- [bmp-review-service] [rap-executor-%d] c.n.d.s.r.aws.ConfigClusterResolver      : Resolving eureka endpoints via configuration
2026-08-29T20:03:00.700+05:30  INFO 35844 --- [bmp-review-service] [container-0-C-1] org.apache.kafka.clients.NetworkClient   : [Consumer clientId=consumer-anonymous.58e4742c-e9bf-47b0-b596-b36d8c3b5e79-2, groupId=anonymous.58e4742c-e9bf-47b0-b596-b36d8c3b5e79] Disconnecting from node 1 due to request timeout.
2026-08-29T20:03:00.743+05:30  INFO 35844 --- [bmp-review-service] [container-0-C-1] org.apache.kafka.clients.NetworkClient   : [Consumer clientId=consumer-anonymous.58e4742c-e9bf-47b0-b596-b36d8c3b5e79-2, groupId=anonymous.58e4742c-e9bf-47b0-b596-b36d8c3b5e79] Cancelled in-flight FETCH request with correlation id 55974 due to node 1 being disconnected (elapsed time since creation: 277336ms, elapsed time since send: 277336ms, throttle time: 0ms, request timeout: 30000ms)
2026-08-29T20:03:00.771+05:30  INFO 35844 --- [bmp-review-service] [container-0-C-1] org.apache.kafka.clients.NetworkClient   : [Consumer clientId=consumer-anonymous.58e4742c-e9bf-47b0-b596-b36d8c3b5e79-2, groupId=anonymous.58e4742c-e9bf-47b0-b596-b36d8c3b5e79] Disconnecting from node 2147483646 due to request timeout.
2026-08-29T20:03:00.771+05:30  INFO 35844 --- [bmp-review-service] [container-0-C-1] org.apache.kafka.clients.NetworkClient   : [Consumer clientId=consumer-anonymous.58e4742c-e9bf-47b0-b596-b36d8c3b5e79-2, groupId=anonymous.58e4742c-e9bf-47b0-b596-b36d8c3b5e79] Cancelled in-flight HEARTBEAT request with correlation id 55975 due to node 2147483646 being disconnected (elapsed time since creation: 276474ms, elapsed time since send: 276474ms, throttle time: 0ms, request timeout: 30000ms)
2026-08-29T20:03:00.771+05:30  INFO 35844 --- [bmp-review-service] [container-0-C-1] org.apache.kafka.clients.NetworkClient   : [Consumer clientId=consumer-anonymous.58e4742c-e9bf-47b0-b596-b36d8c3b5e79-2, groupId=anonymous.58e4742c-e9bf-47b0-b596-b36d8c3b5e79] Cancelled in-flight HEARTBEAT request with correlation id 55976 due to node 2147483646 being disconnected (elapsed time since creation: 273463ms, elapsed time since send: 273463ms, throttle time: 0ms, request timeout: 30000ms)
2026-08-29T20:03:00.771+05:30  INFO 35844 --- [bmp-review-service] [container-0-C-1] org.apache.kafka.clients.NetworkClient   : [Consumer clientId=consumer-anonymous.58e4742c-e9bf-47b0-b596-b36d8c3b5e79-2, groupId=anonymous.58e4742c-e9bf-47b0-b596-b36d8c3b5e79] Cancelled in-flight HEARTBEAT request with correlation id 55977 due to node 2147483646 being disconnected (elapsed time since creation: 270463ms, elapsed time since send: 270463ms, throttle time: 0ms, request timeout: 30000ms)
2026-08-29T20:03:00.771+05:30  INFO 35844 --- [bmp-review-service] [container-0-C-1] org.apache.kafka.clients.NetworkClient   : [Consumer clientId=consumer-anonymous.58e4742c-e9bf-47b0-b596-b36d8c3b5e79-2, groupId=anonymous.58e4742c-e9bf-47b0-b596-b36d8c3b5e79] Cancelled in-flight HEARTBEAT request with correlation id 55978 due to node 2147483646 being disconnected (elapsed time since creation: 267451ms, elapsed time since send: 267451ms, throttle time: 0ms, request timeout: 30000ms)
2026-08-29T20:03:00.776+05:30  INFO 35844 --- [bmp-review-service] [96-b36d8c3b5e79] o.a.k.c.c.internals.ConsumerCoordinator  : [Consumer clientId=consumer-anonymous.58e4742c-e9bf-47b0-b596-b36d8c3b5e79-2, groupId=anonymous.58e4742c-e9bf-47b0-b596-b36d8c3b5e79] Group coordinator localhost:9092 (id: 2147483646 rack: null) is unavailable or invalid due to cause: null. isDisconnected: true. Rediscovery will be attempted.
2026-08-29T20:03:00.794+05:30  INFO 35844 --- [bmp-review-service] [container-0-C-1] o.a.kafka.clients.FetchSessionHandler    : [Consumer clientId=consumer-anonymous.58e4742c-e9bf-47b0-b596-b36d8c3b5e79-2, groupId=anonymous.58e4742c-e9bf-47b0-b596-b36d8c3b5e79] Error sending fetch request (sessionId=426271940, epoch=4087) to node 1:

org.apache.kafka.common.errors.DisconnectException: null

2026-08-29T20:03:01.642+05:30  WARN 35844 --- [bmp-review-service] [nio-8086-exec-7] o.s.b.a.health.HealthEndpointSupport     : Health contributor org.springframework.cloud.stream.binder.kafka.KafkaBinderHealthIndicator (binders/kafka) took 273327ms to respond
2026-08-29T20:03:01.706+05:30  INFO 35844 --- [bmp-review-service] [container-0-C-1] o.a.k.c.c.internals.ConsumerCoordinator  : [Consumer clientId=consumer-anonymous.58e4742c-e9bf-47b0-b596-b36d8c3b5e79-2, groupId=anonymous.58e4742c-e9bf-47b0-b596-b36d8c3b5e79] Discovered group coordinator localhost:9092 (id: 2147483646 rack: null)
2026-08-29T20:03:25.211+05:30  WARN 35844 --- [bmp-review-service] [l-1 housekeeper] com.zaxxer.hikari.pool.HikariPool        : HikariPool-1 - Thread starvation or clock leap detected (housekeeper delta=4m54s579ms614µs200ns).
2026-08-29T20:07:00.398+05:30  INFO 35844 --- [bmp-review-service] [rap-executor-%d] c.n.d.s.r.aws.ConfigClusterResolver      : Resolving eureka endpoints via configuration
2026-08-29T20:12:00.419+05:30  INFO 35844 --- [bmp-review-service] [rap-executor-%d] c.n.d.s.r.aws.ConfigClusterResolver      : Resolving eureka endpoints via configuration
2026-08-29T20:17:00.424+05:30  INFO 35844 --- [bmp-review-service] [rap-executor-%d] c.n.d.s.r.aws.ConfigClusterResolver      : Resolving eureka endpoints via configuration
2026-08-29T20:22:00.431+05:30  INFO 35844 --- [bmp-review-service] [rap-executor-%d] c.n.d.s.r.aws.ConfigClusterResolver      : Resolving eureka endpoints via configuration
2026-08-29T20:27:00.452+05:30  INFO 35844 --- [bmp-review-service] [rap-executor-%d] c.n.d.s.r.aws.ConfigClusterResolver      : Resolving eureka endpoints via configuration
2026-08-29T20:32:00.455+05:30  INFO 35844 --- [bmp-review-service] [rap-executor-%d] c.n.d.s.r.aws.ConfigClusterResolver      : Resolving eureka endpoints via configuration
2026-08-29T20:37:00.470+05:30  INFO 35844 --- [bmp-review-service] [rap-executor-%d] c.n.d.s.r.aws.ConfigClusterResolver      : Resolving eureka endpoints via configuration
2026-08-29T20:49:18.850+05:30  INFO 35844 --- [bmp-review-service] [96-b36d8c3b5e79] org.apache.kafka.clients.NetworkClient   : [Consumer clientId=consumer-anonymous.58e4742c-e9bf-47b0-b596-b36d8c3b5e79-2, groupId=anonymous.58e4742c-e9bf-47b0-b596-b36d8c3b5e79] Node 1 disconnected.
2026-08-29T20:49:18.916+05:30  INFO 35844 --- [bmp-review-service] [96-b36d8c3b5e79] org.apache.kafka.clients.NetworkClient   : [Consumer clientId=consumer-anonymous.58e4742c-e9bf-47b0-b596-b36d8c3b5e79-2, groupId=anonymous.58e4742c-e9bf-47b0-b596-b36d8c3b5e79] Cancelled in-flight FETCH request with correlation id 61138 due to node 1 being disconnected (elapsed time since creation: 551353ms, elapsed time since send: 551353ms, throttle time: 0ms, request timeout: 30000ms)
2026-08-29T20:49:18.917+05:30  INFO 35844 --- [bmp-review-service] [96-b36d8c3b5e79] org.apache.kafka.clients.NetworkClient   : [Consumer clientId=consumer-anonymous.58e4742c-e9bf-47b0-b596-b36d8c3b5e79-2, groupId=anonymous.58e4742c-e9bf-47b0-b596-b36d8c3b5e79] Cancelled in-flight METADATA request with correlation id 61144 due to node 1 being disconnected (elapsed time since creation: 1270ms, elapsed time since send: 1270ms, throttle time: 0ms, request timeout: 30000ms)
2026-08-29T20:49:18.958+05:30  INFO 35844 --- [bmp-review-service] [96-b36d8c3b5e79] org.apache.kafka.clients.NetworkClient   : [Consumer clientId=consumer-anonymous.58e4742c-e9bf-47b0-b596-b36d8c3b5e79-2, groupId=anonymous.58e4742c-e9bf-47b0-b596-b36d8c3b5e79] Disconnecting from node 2147483646 due to request timeout.
2026-08-29T20:49:18.958+05:30  INFO 35844 --- [bmp-review-service] [96-b36d8c3b5e79] org.apache.kafka.clients.NetworkClient   : [Consumer clientId=consumer-anonymous.58e4742c-e9bf-47b0-b596-b36d8c3b5e79-2, groupId=anonymous.58e4742c-e9bf-47b0-b596-b36d8c3b5e79] Cancelled in-flight HEARTBEAT request with correlation id 61140 due to node 2147483646 being disconnected (elapsed time since creation: 548036ms, elapsed time since send: 548036ms, throttle time: 0ms, request timeout: 30000ms)
2026-08-29T20:49:18.960+05:30  INFO 35844 --- [bmp-review-service] [96-b36d8c3b5e79] org.apache.kafka.clients.NetworkClient   : [Consumer clientId=consumer-anonymous.58e4742c-e9bf-47b0-b596-b36d8c3b5e79-2, groupId=anonymous.58e4742c-e9bf-47b0-b596-b36d8c3b5e79] Cancelled in-flight HEARTBEAT request with correlation id 61141 due to node 2147483646 being disconnected (elapsed time since creation: 545034ms, elapsed time since send: 545034ms, throttle time: 0ms, request timeout: 30000ms)
2026-08-29T20:49:18.960+05:30  INFO 35844 --- [bmp-review-service] [96-b36d8c3b5e79] org.apache.kafka.clients.NetworkClient   : [Consumer clientId=consumer-anonymous.58e4742c-e9bf-47b0-b596-b36d8c3b5e79-2, groupId=anonymous.58e4742c-e9bf-47b0-b596-b36d8c3b5e79] Cancelled in-flight HEARTBEAT request with correlation id 61142 due to node 2147483646 being disconnected (elapsed time since creation: 542020ms, elapsed time since send: 542020ms, throttle time: 0ms, request timeout: 30000ms)
2026-08-29T20:49:18.960+05:30  INFO 35844 --- [bmp-review-service] [96-b36d8c3b5e79] org.apache.kafka.clients.NetworkClient   : [Consumer clientId=consumer-anonymous.58e4742c-e9bf-47b0-b596-b36d8c3b5e79-2, groupId=anonymous.58e4742c-e9bf-47b0-b596-b36d8c3b5e79] Cancelled in-flight HEARTBEAT request with correlation id 61143 due to node 2147483646 being disconnected (elapsed time since creation: 539018ms, elapsed time since send: 539018ms, throttle time: 0ms, request timeout: 30000ms)
2026-08-29T20:49:18.961+05:30  INFO 35844 --- [bmp-review-service] [96-b36d8c3b5e79] o.a.kafka.clients.FetchSessionHandler    : [Consumer clientId=consumer-anonymous.58e4742c-e9bf-47b0-b596-b36d8c3b5e79-2, groupId=anonymous.58e4742c-e9bf-47b0-b596-b36d8c3b5e79] Error sending fetch request (sessionId=1877542951, epoch=4400) to node 1:

org.apache.kafka.common.errors.DisconnectException: null

2026-08-29T20:49:19.183+05:30  INFO 35844 --- [bmp-review-service] [96-b36d8c3b5e79] o.a.k.c.c.internals.ConsumerCoordinator  : [Consumer clientId=consumer-anonymous.58e4742c-e9bf-47b0-b596-b36d8c3b5e79-2, groupId=anonymous.58e4742c-e9bf-47b0-b596-b36d8c3b5e79] Group coordinator localhost:9092 (id: 2147483646 rack: null) is unavailable or invalid due to cause: null. isDisconnected: true. Rediscovery will be attempted.
2026-08-29T20:49:20.545+05:30  INFO 35844 --- [bmp-review-service] [container-0-C-1] o.a.k.c.c.internals.ConsumerCoordinator  : [Consumer clientId=consumer-anonymous.58e4742c-e9bf-47b0-b596-b36d8c3b5e79-2, groupId=anonymous.58e4742c-e9bf-47b0-b596-b36d8c3b5e79] Discovered group coordinator localhost:9092 (id: 2147483646 rack: null)
2026-08-29T20:49:23.356+05:30  WARN 35844 --- [bmp-review-service] [l-1 housekeeper] com.zaxxer.hikari.pool.HikariPool        : HikariPool-1 - Thread starvation or clock leap detected (housekeeper delta=9m27s576ms817µs500ns).
2026-08-29T20:49:32.987+05:30  INFO 35844 --- [bmp-review-service] [pool-2-thread-1] org.apache.kafka.clients.NetworkClient   : [Consumer clientId=consumer-anonymous.58e4742c-e9bf-47b0-b596-b36d8c3b5e79-3, groupId=anonymous.58e4742c-e9bf-47b0-b596-b36d8c3b5e79] Node 2147483646 disconnected.
2026-08-29T20:49:32.992+05:30  INFO 35844 --- [bmp-review-service] [pool-2-thread-1] o.a.k.c.c.internals.ConsumerCoordinator  : [Consumer clientId=consumer-anonymous.58e4742c-e9bf-47b0-b596-b36d8c3b5e79-3, groupId=anonymous.58e4742c-e9bf-47b0-b596-b36d8c3b5e79] Group coordinator localhost:9092 (id: 2147483646 rack: null) is unavailable or invalid due to cause: coordinator unavailable. isDisconnected: true. Rediscovery will be attempted.
2026-08-29T20:49:32.996+05:30  INFO 35844 --- [bmp-review-service] [pool-2-thread-1] o.a.k.c.c.internals.ConsumerCoordinator  : [Consumer clientId=consumer-anonymous.58e4742c-e9bf-47b0-b596-b36d8c3b5e79-3, groupId=anonymous.58e4742c-e9bf-47b0-b596-b36d8c3b5e79] Discovered group coordinator localhost:9092 (id: 2147483646 rack: null)
2026-08-29T20:49:32.996+05:30  INFO 35844 --- [bmp-review-service] [pool-2-thread-1] o.a.k.c.c.internals.ConsumerCoordinator  : [Consumer clientId=consumer-anonymous.58e4742c-e9bf-47b0-b596-b36d8c3b5e79-3, groupId=anonymous.58e4742c-e9bf-47b0-b596-b36d8c3b5e79] Group coordinator localhost:9092 (id: 2147483646 rack: null) is unavailable or invalid due to cause: coordinator unavailable. isDisconnected: false. Rediscovery will be attempted.
2026-08-29T20:49:32.996+05:30  INFO 35844 --- [bmp-review-service] [pool-2-thread-1] o.a.k.c.c.internals.ConsumerCoordinator  : [Consumer clientId=consumer-anonymous.58e4742c-e9bf-47b0-b596-b36d8c3b5e79-3, groupId=anonymous.58e4742c-e9bf-47b0-b596-b36d8c3b5e79] Requesting disconnect from last known coordinator localhost:9092 (id: 2147483646 rack: null)
2026-08-29T20:49:33.100+05:30  INFO 35844 --- [bmp-review-service] [pool-2-thread-1] o.a.k.c.c.internals.ConsumerCoordinator  : [Consumer clientId=consumer-anonymous.58e4742c-e9bf-47b0-b596-b36d8c3b5e79-3, groupId=anonymous.58e4742c-e9bf-47b0-b596-b36d8c3b5e79] Discovered group coordinator localhost:9092 (id: 2147483646 rack: null)
2026-08-29T20:50:57.902+05:30  INFO 35844 --- [bmp-review-service] [rap-executor-%d] c.n.d.s.r.aws.ConfigClusterResolver      : Resolving eureka endpoints via configuration
2026-08-29T20:55:57.910+05:30  INFO 35844 --- [bmp-review-service] [rap-executor-%d] c.n.d.s.r.aws.ConfigClusterResolver      : Resolving eureka endpoints via configuration
2026-08-29T21:00:57.915+05:30  INFO 35844 --- [bmp-review-service] [rap-executor-%d] c.n.d.s.r.aws.ConfigClusterResolver      : Resolving eureka endpoints via configuration
2026-08-29T21:23:25.547+05:30  INFO 35844 --- [bmp-review-service] [96-b36d8c3b5e79] org.apache.kafka.clients.NetworkClient   : [Consumer clientId=consumer-anonymous.58e4742c-e9bf-47b0-b596-b36d8c3b5e79-2, groupId=anonymous.58e4742c-e9bf-47b0-b596-b36d8c3b5e79] Node 1 disconnected.
2026-08-29T21:23:26.655+05:30  INFO 35844 --- [bmp-review-service] [96-b36d8c3b5e79] org.apache.kafka.clients.NetworkClient   : [Consumer clientId=consumer-anonymous.58e4742c-e9bf-47b0-b596-b36d8c3b5e79-2, groupId=anonymous.58e4742c-e9bf-47b0-b596-b36d8c3b5e79] Cancelled in-flight FETCH request with correlation id 62742 due to node 1 being disconnected (elapsed time since creation: 1358772ms, elapsed time since send: 1358772ms, throttle time: 0ms, request timeout: 30000ms)
2026-08-29T21:23:26.669+05:30  INFO 35844 --- [bmp-review-service] [96-b36d8c3b5e79] org.apache.kafka.clients.NetworkClient   : [Consumer clientId=consumer-anonymous.58e4742c-e9bf-47b0-b596-b36d8c3b5e79-2, groupId=anonymous.58e4742c-e9bf-47b0-b596-b36d8c3b5e79] Cancelled in-flight METADATA request with correlation id 62747 due to node 1 being disconnected (elapsed time since creation: 0ms, elapsed time since send: 0ms, throttle time: 0ms, request timeout: 30000ms)
2026-08-29T21:23:26.669+05:30  INFO 35844 --- [bmp-review-service] [96-b36d8c3b5e79] org.apache.kafka.clients.NetworkClient   : [Consumer clientId=consumer-anonymous.58e4742c-e9bf-47b0-b596-b36d8c3b5e79-2, groupId=anonymous.58e4742c-e9bf-47b0-b596-b36d8c3b5e79] Disconnecting from node 2147483646 due to request timeout.
2026-08-29T21:23:26.669+05:30  INFO 35844 --- [bmp-review-service] [96-b36d8c3b5e79] org.apache.kafka.clients.NetworkClient   : [Consumer clientId=consumer-anonymous.58e4742c-e9bf-47b0-b596-b36d8c3b5e79-2, groupId=anonymous.58e4742c-e9bf-47b0-b596-b36d8c3b5e79] Cancelled in-flight HEARTBEAT request with correlation id 62743 due to node 2147483646 being disconnected (elapsed time since creation: 1356104ms, elapsed time since send: 1356104ms, throttle time: 0ms, request timeout: 30000ms)
2026-08-29T21:23:26.669+05:30  INFO 35844 --- [bmp-review-service] [96-b36d8c3b5e79] org.apache.kafka.clients.NetworkClient   : [Consumer clientId=consumer-anonymous.58e4742c-e9bf-47b0-b596-b36d8c3b5e79-2, groupId=anonymous.58e4742c-e9bf-47b0-b596-b36d8c3b5e79] Cancelled in-flight HEARTBEAT request with correlation id 62744 due to node 2147483646 being disconnected (elapsed time since creation: 1353089ms, elapsed time since send: 1353089ms, throttle time: 0ms, request timeout: 30000ms)
2026-08-29T21:23:26.669+05:30  INFO 35844 --- [bmp-review-service] [96-b36d8c3b5e79] org.apache.kafka.clients.NetworkClient   : [Consumer clientId=consumer-anonymous.58e4742c-e9bf-47b0-b596-b36d8c3b5e79-2, groupId=anonymous.58e4742c-e9bf-47b0-b596-b36d8c3b5e79] Cancelled in-flight HEARTBEAT request with correlation id 62745 due to node 2147483646 being disconnected (elapsed time since creation: 1350088ms, elapsed time since send: 1350088ms, throttle time: 0ms, request timeout: 30000ms)
2026-08-29T21:23:26.669+05:30  INFO 35844 --- [bmp-review-service] [96-b36d8c3b5e79] org.apache.kafka.clients.NetworkClient   : [Consumer clientId=consumer-anonymous.58e4742c-e9bf-47b0-b596-b36d8c3b5e79-2, groupId=anonymous.58e4742c-e9bf-47b0-b596-b36d8c3b5e79] Cancelled in-flight HEARTBEAT request with correlation id 62746 due to node 2147483646 being disconnected (elapsed time since creation: 1347082ms, elapsed time since send: 1347082ms, throttle time: 0ms, request timeout: 30000ms)
2026-08-29T21:23:26.684+05:30  INFO 35844 --- [bmp-review-service] [96-b36d8c3b5e79] o.a.kafka.clients.FetchSessionHandler    : [Consumer clientId=consumer-anonymous.58e4742c-e9bf-47b0-b596-b36d8c3b5e79-2, groupId=anonymous.58e4742c-e9bf-47b0-b596-b36d8c3b5e79] Error sending fetch request (sessionId=1393549254, epoch=1358) to node 1:

org.apache.kafka.common.errors.DisconnectException: null

2026-08-29T21:23:26.981+05:30  INFO 35844 --- [bmp-review-service] [96-b36d8c3b5e79] o.a.k.c.c.internals.ConsumerCoordinator  : [Consumer clientId=consumer-anonymous.58e4742c-e9bf-47b0-b596-b36d8c3b5e79-2, groupId=anonymous.58e4742c-e9bf-47b0-b596-b36d8c3b5e79] Group coordinator localhost:9092 (id: 2147483646 rack: null) is unavailable or invalid due to cause: null. isDisconnected: true. Rediscovery will be attempted.
2026-08-29T21:23:28.140+05:30  INFO 35844 --- [bmp-review-service] [container-0-C-1] o.a.k.c.c.internals.ConsumerCoordinator  : [Consumer clientId=consumer-anonymous.58e4742c-e9bf-47b0-b596-b36d8c3b5e79-2, groupId=anonymous.58e4742c-e9bf-47b0-b596-b36d8c3b5e79] Discovered group coordinator localhost:9092 (id: 2147483646 rack: null)
2026-08-29T21:23:50.580+05:30  WARN 35844 --- [bmp-review-service] [l-1 housekeeper] com.zaxxer.hikari.pool.HikariPool        : HikariPool-1 - Thread starvation or clock leap detected (housekeeper delta=22m57s114ms750µs100ns).
2026-08-29T21:24:00.378+05:30  INFO 35844 --- [bmp-review-service] [pool-2-thread-1] org.apache.kafka.clients.NetworkClient   : [Consumer clientId=consumer-anonymous.58e4742c-e9bf-47b0-b596-b36d8c3b5e79-3, groupId=anonymous.58e4742c-e9bf-47b0-b596-b36d8c3b5e79] Node 2147483646 disconnected.
2026-08-29T21:24:00.379+05:30  INFO 35844 --- [bmp-review-service] [pool-2-thread-1] o.a.k.c.c.internals.ConsumerCoordinator  : [Consumer clientId=consumer-anonymous.58e4742c-e9bf-47b0-b596-b36d8c3b5e79-3, groupId=anonymous.58e4742c-e9bf-47b0-b596-b36d8c3b5e79] Group coordinator localhost:9092 (id: 2147483646 rack: null) is unavailable or invalid due to cause: coordinator unavailable. isDisconnected: true. Rediscovery will be attempted.
2026-08-29T21:24:00.381+05:30  INFO 35844 --- [bmp-review-service] [pool-2-thread-1] o.a.k.c.c.internals.ConsumerCoordinator  : [Consumer clientId=consumer-anonymous.58e4742c-e9bf-47b0-b596-b36d8c3b5e79-3, groupId=anonymous.58e4742c-e9bf-47b0-b596-b36d8c3b5e79] Discovered group coordinator localhost:9092 (id: 2147483646 rack: null)
2026-08-29T21:24:00.381+05:30  INFO 35844 --- [bmp-review-service] [pool-2-thread-1] o.a.k.c.c.internals.ConsumerCoordinator  : [Consumer clientId=consumer-anonymous.58e4742c-e9bf-47b0-b596-b36d8c3b5e79-3, groupId=anonymous.58e4742c-e9bf-47b0-b596-b36d8c3b5e79] Group coordinator localhost:9092 (id: 2147483646 rack: null) is unavailable or invalid due to cause: coordinator unavailable. isDisconnected: false. Rediscovery will be attempted.
2026-08-29T21:24:00.381+05:30  INFO 35844 --- [bmp-review-service] [pool-2-thread-1] o.a.k.c.c.internals.ConsumerCoordinator  : [Consumer clientId=consumer-anonymous.58e4742c-e9bf-47b0-b596-b36d8c3b5e79-3, groupId=anonymous.58e4742c-e9bf-47b0-b596-b36d8c3b5e79] Requesting disconnect from last known coordinator localhost:9092 (id: 2147483646 rack: null)
2026-08-29T21:24:00.503+05:30  INFO 35844 --- [bmp-review-service] [pool-2-thread-1] o.a.k.c.c.internals.ConsumerCoordinator  : [Consumer clientId=consumer-anonymous.58e4742c-e9bf-47b0-b596-b36d8c3b5e79-3, groupId=anonymous.58e4742c-e9bf-47b0-b596-b36d8c3b5e79] Discovered group coordinator localhost:9092 (id: 2147483646 rack: null)
2026-08-29T21:28:24.898+05:30  INFO 35844 --- [bmp-review-service] [rap-executor-%d] c.n.d.s.r.aws.ConfigClusterResolver      : Resolving eureka endpoints via configuration
2026-08-29T21:33:24.929+05:30  INFO 35844 --- [bmp-review-service] [rap-executor-%d] c.n.d.s.r.aws.ConfigClusterResolver      : Resolving eureka endpoints via configuration
2026-08-29T21:38:24.938+05:30  INFO 35844 --- [bmp-review-service] [rap-executor-%d] c.n.d.s.r.aws.ConfigClusterResolver      : Resolving eureka endpoints via configuration
2026-08-29T21:43:24.955+05:30  INFO 35844 --- [bmp-review-service] [rap-executor-%d] c.n.d.s.r.aws.ConfigClusterResolver      : Resolving eureka endpoints via configuration
2026-08-29T21:48:24.967+05:30  INFO 35844 --- [bmp-review-service] [rap-executor-%d] c.n.d.s.r.aws.ConfigClusterResolver      : Resolving eureka endpoints via configuration
2026-08-29T21:53:24.980+05:30  INFO 35844 --- [bmp-review-service] [rap-executor-%d] c.n.d.s.r.aws.ConfigClusterResolver      : Resolving eureka endpoints via configuration
2026-08-29T21:58:24.984+05:30  INFO 35844 --- [bmp-review-service] [rap-executor-%d] c.n.d.s.r.aws.ConfigClusterResolver      : Resolving eureka endpoints via configuration
2026-08-29T22:03:25.008+05:30  INFO 35844 --- [bmp-review-service] [rap-executor-%d] c.n.d.s.r.aws.ConfigClusterResolver      : Resolving eureka endpoints via configuration
2026-08-29T22:08:25.032+05:30  INFO 35844 --- [bmp-review-service] [rap-executor-%d] c.n.d.s.r.aws.ConfigClusterResolver      : Resolving eureka endpoints via configuration
2026-08-29T22:13:25.041+05:30  INFO 35844 --- [bmp-review-service] [rap-executor-%d] c.n.d.s.r.aws.ConfigClusterResolver      : Resolving eureka endpoints via configuration
2026-08-29T22:18:25.052+05:30  INFO 35844 --- [bmp-review-service] [rap-executor-%d] c.n.d.s.r.aws.ConfigClusterResolver      : Resolving eureka endpoints via configuration
2026-08-29T22:23:25.073+05:30  INFO 35844 --- [bmp-review-service] [rap-executor-%d] c.n.d.s.r.aws.ConfigClusterResolver      : Resolving eureka endpoints via configuration
2026-08-29T22:28:25.084+05:30  INFO 35844 --- [bmp-review-service] [rap-executor-%d] c.n.d.s.r.aws.ConfigClusterResolver      : Resolving eureka endpoints via configuration
2026-08-29T22:33:25.095+05:30  INFO 35844 --- [bmp-review-service] [rap-executor-%d] c.n.d.s.r.aws.ConfigClusterResolver      : Resolving eureka endpoints via configuration
2026-08-29T22:38:25.108+05:30  INFO 35844 --- [bmp-review-service] [rap-executor-%d] c.n.d.s.r.aws.ConfigClusterResolver      : Resolving eureka endpoints via configuration
2026-08-29T22:43:25.120+05:30  INFO 35844 --- [bmp-review-service] [rap-executor-%d] c.n.d.s.r.aws.ConfigClusterResolver      : Resolving eureka endpoints via configuration
2026-08-29T22:48:25.127+05:30  INFO 35844 --- [bmp-review-service] [rap-executor-%d] c.n.d.s.r.aws.ConfigClusterResolver      : Resolving eureka endpoints via configuration
2026-08-29T22:53:25.139+05:30  INFO 35844 --- [bmp-review-service] [rap-executor-%d] c.n.d.s.r.aws.ConfigClusterResolver      : Resolving eureka endpoints via configuration
2026-08-29T22:58:25.147+05:30  INFO 35844 --- [bmp-review-service] [rap-executor-%d] c.n.d.s.r.aws.ConfigClusterResolver      : Resolving eureka endpoints via configuration
2026-08-29T23:03:25.163+05:30  INFO 35844 --- [bmp-review-service] [rap-executor-%d] c.n.d.s.r.aws.ConfigClusterResolver      : Resolving eureka endpoints via configuration
2026-08-29T23:08:25.175+05:30  INFO 35844 --- [bmp-review-service] [rap-executor-%d] c.n.d.s.r.aws.ConfigClusterResolver      : Resolving eureka endpoints via configuration
2026-08-29T23:13:25.191+05:30  INFO 35844 --- [bmp-review-service] [rap-executor-%d] c.n.d.s.r.aws.ConfigClusterResolver      : Resolving eureka endpoints via configuration
2026-08-29T23:18:25.209+05:30  INFO 35844 --- [bmp-review-service] [rap-executor-%d] c.n.d.s.r.aws.ConfigClusterResolver      : Resolving eureka endpoints via configuration
2026-08-29T23:23:25.221+05:30  INFO 35844 --- [bmp-review-service] [rap-executor-%d] c.n.d.s.r.aws.ConfigClusterResolver      : Resolving eureka endpoints via configuration
2026-08-29T23:28:25.230+05:30  INFO 35844 --- [bmp-review-service] [rap-executor-%d] c.n.d.s.r.aws.ConfigClusterResolver      : Resolving eureka endpoints via configuration
2026-08-29T23:33:25.242+05:30  INFO 35844 --- [bmp-review-service] [rap-executor-%d] c.n.d.s.r.aws.ConfigClusterResolver      : Resolving eureka endpoints via configuration
2026-08-29T23:38:25.258+05:30  INFO 35844 --- [bmp-review-service] [rap-executor-%d] c.n.d.s.r.aws.ConfigClusterResolver      : Resolving eureka endpoints via configuration
2026-08-29T23:43:25.264+05:30  INFO 35844 --- [bmp-review-service] [rap-executor-%d] c.n.d.s.r.aws.ConfigClusterResolver      : Resolving eureka endpoints via configuration
2026-08-29T23:48:25.314+05:30  INFO 35844 --- [bmp-review-service] [rap-executor-%d] c.n.d.s.r.aws.ConfigClusterResolver      : Resolving eureka endpoints via configuration
2026-08-30T00:04:37.664+05:30  INFO 35844 --- [bmp-review-service] [container-0-C-1] org.apache.kafka.clients.NetworkClient   : [Consumer clientId=consumer-anonymous.58e4742c-e9bf-47b0-b596-b36d8c3b5e79-2, groupId=anonymous.58e4742c-e9bf-47b0-b596-b36d8c3b5e79] Node 2147483646 disconnected.
2026-08-30T00:04:37.677+05:30  INFO 35844 --- [bmp-review-service] [container-0-C-1] org.apache.kafka.clients.NetworkClient   : [Consumer clientId=consumer-anonymous.58e4742c-e9bf-47b0-b596-b36d8c3b5e79-2, groupId=anonymous.58e4742c-e9bf-47b0-b596-b36d8c3b5e79] Disconnecting from node 1 due to request timeout.
2026-08-30T00:04:37.677+05:30  INFO 35844 --- [bmp-review-service] [container-0-C-1] org.apache.kafka.clients.NetworkClient   : [Consumer clientId=consumer-anonymous.58e4742c-e9bf-47b0-b596-b36d8c3b5e79-2, groupId=anonymous.58e4742c-e9bf-47b0-b596-b36d8c3b5e79] Cancelled in-flight FETCH request with correlation id 83220 due to node 1 being disconnected (elapsed time since creation: 826651ms, elapsed time since send: 826651ms, throttle time: 0ms, request timeout: 30000ms)
2026-08-30T00:04:37.680+05:30  INFO 35844 --- [bmp-review-service] [container-0-C-1] o.a.kafka.clients.FetchSessionHandler    : [Consumer clientId=consumer-anonymous.58e4742c-e9bf-47b0-b596-b36d8c3b5e79-2, groupId=anonymous.58e4742c-e9bf-47b0-b596-b36d8c3b5e79] Error sending fetch request (sessionId=993645994, epoch=17468) to node 1:

org.apache.kafka.common.errors.DisconnectException: null

2026-08-30T00:04:37.845+05:30  INFO 35844 --- [bmp-review-service] [96-b36d8c3b5e79] o.a.k.c.c.internals.ConsumerCoordinator  : [Consumer clientId=consumer-anonymous.58e4742c-e9bf-47b0-b596-b36d8c3b5e79-2, groupId=anonymous.58e4742c-e9bf-47b0-b596-b36d8c3b5e79] Group coordinator localhost:9092 (id: 2147483646 rack: null) is unavailable or invalid due to cause: session timed out without receiving a heartbeat response. isDisconnected: false. Rediscovery will be attempted.
2026-08-30T00:04:37.852+05:30  INFO 35844 --- [bmp-review-service] [96-b36d8c3b5e79] o.a.k.c.c.internals.ConsumerCoordinator  : [Consumer clientId=consumer-anonymous.58e4742c-e9bf-47b0-b596-b36d8c3b5e79-2, groupId=anonymous.58e4742c-e9bf-47b0-b596-b36d8c3b5e79] Requesting disconnect from last known coordinator localhost:9092 (id: 2147483646 rack: null)
2026-08-30T00:04:40.363+05:30  INFO 35844 --- [bmp-review-service] [container-0-C-1] o.a.k.c.c.internals.ConsumerCoordinator  : [Consumer clientId=consumer-anonymous.58e4742c-e9bf-47b0-b596-b36d8c3b5e79-2, groupId=anonymous.58e4742c-e9bf-47b0-b596-b36d8c3b5e79] Discovered group coordinator localhost:9092 (id: 2147483646 rack: null)
2026-08-30T00:04:46.077+05:30  INFO 35844 --- [bmp-review-service] [pool-2-thread-1] org.apache.kafka.clients.NetworkClient   : [Consumer clientId=consumer-anonymous.58e4742c-e9bf-47b0-b596-b36d8c3b5e79-3, groupId=anonymous.58e4742c-e9bf-47b0-b596-b36d8c3b5e79] Node 2147483646 disconnected.
2026-08-30T00:04:46.111+05:30  INFO 35844 --- [bmp-review-service] [pool-2-thread-1] o.a.k.c.c.internals.ConsumerCoordinator  : [Consumer clientId=consumer-anonymous.58e4742c-e9bf-47b0-b596-b36d8c3b5e79-3, groupId=anonymous.58e4742c-e9bf-47b0-b596-b36d8c3b5e79] Group coordinator localhost:9092 (id: 2147483646 rack: null) is unavailable or invalid due to cause: coordinator unavailable. isDisconnected: true. Rediscovery will be attempted.
2026-08-30T00:04:46.152+05:30  INFO 35844 --- [bmp-review-service] [pool-2-thread-1] o.a.k.c.c.internals.ConsumerCoordinator  : [Consumer clientId=consumer-anonymous.58e4742c-e9bf-47b0-b596-b36d8c3b5e79-3, groupId=anonymous.58e4742c-e9bf-47b0-b596-b36d8c3b5e79] Discovered group coordinator localhost:9092 (id: 2147483646 rack: null)
2026-08-30T00:05:05.547+05:30  WARN 35844 --- [bmp-review-service] [l-1 housekeeper] com.zaxxer.hikari.pool.HikariPool        : HikariPool-1 - Thread starvation or clock leap detected (housekeeper delta=14m13s685ms1µs901ns).
2026-08-30T00:07:07.820+05:30  INFO 35844 --- [bmp-review-service] [rap-executor-%d] c.n.d.s.r.aws.ConfigClusterResolver      : Resolving eureka endpoints via configuration
2026-08-30T00:12:07.829+05:30  INFO 35844 --- [bmp-review-service] [rap-executor-%d] c.n.d.s.r.aws.ConfigClusterResolver      : Resolving eureka endpoints via configuration
2026-08-30T00:17:07.842+05:30  INFO 35844 --- [bmp-review-service] [rap-executor-%d] c.n.d.s.r.aws.ConfigClusterResolver      : Resolving eureka endpoints via configuration
2026-08-30T00:22:31.629+05:30  WARN 35844 --- [bmp-review-service] [l-1 housekeeper] com.zaxxer.hikari.pool.HikariPool        : HikariPool-1 - Thread starvation or clock leap detected (housekeeper delta=55s1ms303µs300ns).
2026-08-30T00:22:32.706+05:30  INFO 35844 --- [bmp-review-service] [rap-executor-%d] c.n.d.s.r.aws.ConfigClusterResolver      : Resolving eureka endpoints via configuration
2026-08-30T00:27:32.725+05:30  INFO 35844 --- [bmp-review-service] [rap-executor-%d] c.n.d.s.r.aws.ConfigClusterResolver      : Resolving eureka endpoints via configuration
2026-08-30T00:32:32.735+05:30  INFO 35844 --- [bmp-review-service] [rap-executor-%d] c.n.d.s.r.aws.ConfigClusterResolver      : Resolving eureka endpoints via configuration
2026-08-30T00:37:32.748+05:30  INFO 35844 --- [bmp-review-service] [rap-executor-%d] c.n.d.s.r.aws.ConfigClusterResolver      : Resolving eureka endpoints via configuration
2026-08-30T00:40:35.797+05:30  WARN 35844 --- [bmp-review-service] [l-1 housekeeper] com.zaxxer.hikari.pool.HikariPool        : HikariPool-1 - Thread starvation or clock leap detected (housekeeper delta=2m34s32ms803µs800ns).
2026-08-30T00:40:35.837+05:30  INFO 35844 --- [bmp-review-service] [96-b36d8c3b5e79] org.apache.kafka.clients.NetworkClient   : [Consumer clientId=consumer-anonymous.58e4742c-e9bf-47b0-b596-b36d8c3b5e79-2, groupId=anonymous.58e4742c-e9bf-47b0-b596-b36d8c3b5e79] Disconnecting from node 1 due to request timeout.
2026-08-30T00:40:35.920+05:30  INFO 35844 --- [bmp-review-service] [96-b36d8c3b5e79] org.apache.kafka.clients.NetworkClient   : [Consumer clientId=consumer-anonymous.58e4742c-e9bf-47b0-b596-b36d8c3b5e79-2, groupId=anonymous.58e4742c-e9bf-47b0-b596-b36d8c3b5e79] Cancelled in-flight FETCH request with correlation id 87855 due to node 1 being disconnected (elapsed time since creation: 126010ms, elapsed time since send: 126010ms, throttle time: 0ms, request timeout: 30000ms)
2026-08-30T00:40:35.920+05:30  INFO 35844 --- [bmp-review-service] [96-b36d8c3b5e79] org.apache.kafka.clients.NetworkClient   : [Consumer clientId=consumer-anonymous.58e4742c-e9bf-47b0-b596-b36d8c3b5e79-2, groupId=anonymous.58e4742c-e9bf-47b0-b596-b36d8c3b5e79] Cancelled in-flight METADATA request with correlation id 87857 due to node 1 being disconnected (elapsed time since creation: 0ms, elapsed time since send: 0ms, throttle time: 0ms, request timeout: 30000ms)
2026-08-30T00:40:35.922+05:30  INFO 35844 --- [bmp-review-service] [96-b36d8c3b5e79] org.apache.kafka.clients.NetworkClient   : [Consumer clientId=consumer-anonymous.58e4742c-e9bf-47b0-b596-b36d8c3b5e79-2, groupId=anonymous.58e4742c-e9bf-47b0-b596-b36d8c3b5e79] Disconnecting from node 2147483646 due to request timeout.
2026-08-30T00:40:35.971+05:30  INFO 35844 --- [bmp-review-service] [96-b36d8c3b5e79] org.apache.kafka.clients.NetworkClient   : [Consumer clientId=consumer-anonymous.58e4742c-e9bf-47b0-b596-b36d8c3b5e79-2, groupId=anonymous.58e4742c-e9bf-47b0-b596-b36d8c3b5e79] Cancelled in-flight HEARTBEAT request with correlation id 87856 due to node 2147483646 being disconnected (elapsed time since creation: 124418ms, elapsed time since send: 124418ms, throttle time: 0ms, request timeout: 30000ms)
2026-08-30T00:40:35.974+05:30  INFO 35844 --- [bmp-review-service] [96-b36d8c3b5e79] o.a.kafka.clients.FetchSessionHandler    : [Consumer clientId=consumer-anonymous.58e4742c-e9bf-47b0-b596-b36d8c3b5e79-2, groupId=anonymous.58e4742c-e9bf-47b0-b596-b36d8c3b5e79] Error sending fetch request (sessionId=514246033, epoch=3949) to node 1:

org.apache.kafka.common.errors.DisconnectException: null

2026-08-30T00:40:36.056+05:30  INFO 35844 --- [bmp-review-service] [96-b36d8c3b5e79] o.a.k.c.c.internals.ConsumerCoordinator  : [Consumer clientId=consumer-anonymous.58e4742c-e9bf-47b0-b596-b36d8c3b5e79-2, groupId=anonymous.58e4742c-e9bf-47b0-b596-b36d8c3b5e79] Group coordinator localhost:9092 (id: 2147483646 rack: null) is unavailable or invalid due to cause: null. isDisconnected: true. Rediscovery will be attempted.
2026-08-30T00:40:37.371+05:30  INFO 35844 --- [bmp-review-service] [container-0-C-1] o.a.k.c.c.internals.ConsumerCoordinator  : [Consumer clientId=consumer-anonymous.58e4742c-e9bf-47b0-b596-b36d8c3b5e79-2, groupId=anonymous.58e4742c-e9bf-47b0-b596-b36d8c3b5e79] Discovered group coordinator localhost:9092 (id: 2147483646 rack: null)
2026-08-30T00:44:36.511+05:30  INFO 35844 --- [bmp-review-service] [rap-executor-%d] c.n.d.s.r.aws.ConfigClusterResolver      : Resolving eureka endpoints via configuration
2026-08-30T00:49:36.603+05:30  INFO 35844 --- [bmp-review-service] [rap-executor-%d] c.n.d.s.r.aws.ConfigClusterResolver      : Resolving eureka endpoints via configuration
2026-08-30T00:54:36.629+05:30  INFO 35844 --- [bmp-review-service] [rap-executor-%d] c.n.d.s.r.aws.ConfigClusterResolver      : Resolving eureka endpoints via configuration
2026-08-30T00:59:36.653+05:30  INFO 35844 --- [bmp-review-service] [rap-executor-%d] c.n.d.s.r.aws.ConfigClusterResolver      : Resolving eureka endpoints via configuration
2026-08-30T01:04:36.688+05:30  INFO 35844 --- [bmp-review-service] [rap-executor-%d] c.n.d.s.r.aws.ConfigClusterResolver      : Resolving eureka endpoints via configuration
2026-08-30T01:09:36.703+05:30  INFO 35844 --- [bmp-review-service] [rap-executor-%d] c.n.d.s.r.aws.ConfigClusterResolver      : Resolving eureka endpoints via configuration
2026-08-30T01:14:36.867+05:30  INFO 35844 --- [bmp-review-service] [rap-executor-%d] c.n.d.s.r.aws.ConfigClusterResolver      : Resolving eureka endpoints via configuration
2026-08-30T04:15:48.856+05:30  INFO 35844 --- [bmp-review-service] [container-0-C-1] org.apache.kafka.clients.NetworkClient   : [Consumer clientId=consumer-anonymous.58e4742c-e9bf-47b0-b596-b36d8c3b5e79-2, groupId=anonymous.58e4742c-e9bf-47b0-b596-b36d8c3b5e79] Node 1 disconnected.
2026-08-30T04:15:48.861+05:30  INFO 35844 --- [bmp-review-service] [container-0-C-1] org.apache.kafka.clients.NetworkClient   : [Consumer clientId=consumer-anonymous.58e4742c-e9bf-47b0-b596-b36d8c3b5e79-2, groupId=anonymous.58e4742c-e9bf-47b0-b596-b36d8c3b5e79] Cancelled in-flight FETCH request with correlation id 92710 due to node 1 being disconnected (elapsed time since creation: 10802687ms, elapsed time since send: 10802687ms, throttle time: 0ms, request timeout: 30000ms)
2026-08-30T04:15:48.865+05:30  INFO 35844 --- [bmp-review-service] [container-0-C-1] org.apache.kafka.clients.NetworkClient   : [Consumer clientId=consumer-anonymous.58e4742c-e9bf-47b0-b596-b36d8c3b5e79-2, groupId=anonymous.58e4742c-e9bf-47b0-b596-b36d8c3b5e79] Disconnecting from node 2147483646 due to request timeout.
2026-08-30T04:15:48.865+05:30  INFO 35844 --- [bmp-review-service] [container-0-C-1] org.apache.kafka.clients.NetworkClient   : [Consumer clientId=consumer-anonymous.58e4742c-e9bf-47b0-b596-b36d8c3b5e79-2, groupId=anonymous.58e4742c-e9bf-47b0-b596-b36d8c3b5e79] Cancelled in-flight HEARTBEAT request with correlation id 92711 due to node 2147483646 being disconnected (elapsed time since creation: 10801965ms, elapsed time since send: 10801965ms, throttle time: 0ms, request timeout: 30000ms)
2026-08-30T04:15:48.866+05:30  INFO 35844 --- [bmp-review-service] [container-0-C-1] o.a.kafka.clients.FetchSessionHandler    : [Consumer clientId=consumer-anonymous.58e4742c-e9bf-47b0-b596-b36d8c3b5e79-2, groupId=anonymous.58e4742c-e9bf-47b0-b596-b36d8c3b5e79] Error sending fetch request (sessionId=897019555, epoch=4131) to node 1:

org.apache.kafka.common.errors.DisconnectException: null

2026-08-30T04:15:48.909+05:30  INFO 35844 --- [bmp-review-service] [96-b36d8c3b5e79] o.a.k.c.c.internals.ConsumerCoordinator  : [Consumer clientId=consumer-anonymous.58e4742c-e9bf-47b0-b596-b36d8c3b5e79-2, groupId=anonymous.58e4742c-e9bf-47b0-b596-b36d8c3b5e79] Group coordinator localhost:9092 (id: 2147483646 rack: null) is unavailable or invalid due to cause: coordinator unavailable. isDisconnected: true. Rediscovery will be attempted.
2026-08-30T04:15:51.644+05:30  INFO 35844 --- [bmp-review-service] [container-0-C-1] o.a.k.c.c.internals.ConsumerCoordinator  : [Consumer clientId=consumer-anonymous.58e4742c-e9bf-47b0-b596-b36d8c3b5e79-2, groupId=anonymous.58e4742c-e9bf-47b0-b596-b36d8c3b5e79] Discovered group coordinator localhost:9092 (id: 2147483646 rack: null)
2026-08-30T11:51:22.295+05:30  INFO 35844 --- [bmp-review-service] [container-0-C-1] org.apache.kafka.clients.NetworkClient   : [Consumer clientId=consumer-anonymous.58e4742c-e9bf-47b0-b596-b36d8c3b5e79-2, groupId=anonymous.58e4742c-e9bf-47b0-b596-b36d8c3b5e79] Node 1 disconnected.
2026-08-30T11:51:22.804+05:30  INFO 35844 --- [bmp-review-service] [container-0-C-1] org.apache.kafka.clients.NetworkClient   : [Consumer clientId=consumer-anonymous.58e4742c-e9bf-47b0-b596-b36d8c3b5e79-2, groupId=anonymous.58e4742c-e9bf-47b0-b596-b36d8c3b5e79] Cancelled in-flight FETCH request with correlation id 92733 due to node 1 being disconnected (elapsed time since creation: 27321626ms, elapsed time since send: 27321626ms, throttle time: 0ms, request timeout: 30000ms)
2026-08-30T11:51:22.828+05:30  INFO 35844 --- [bmp-review-service] [96-b36d8c3b5e79] org.apache.kafka.clients.NetworkClient   : [Consumer clientId=consumer-anonymous.58e4742c-e9bf-47b0-b596-b36d8c3b5e79-2, groupId=anonymous.58e4742c-e9bf-47b0-b596-b36d8c3b5e79] Node 2147483646 disconnected.
2026-08-30T11:51:22.828+05:30  INFO 35844 --- [bmp-review-service] [96-b36d8c3b5e79] o.a.k.c.c.internals.ConsumerCoordinator  : [Consumer clientId=consumer-anonymous.58e4742c-e9bf-47b0-b596-b36d8c3b5e79-2, groupId=anonymous.58e4742c-e9bf-47b0-b596-b36d8c3b5e79] Group coordinator localhost:9092 (id: 2147483646 rack: null) is unavailable or invalid due to cause: coordinator unavailable. isDisconnected: true. Rediscovery will be attempted.
2026-08-30T11:51:22.805+05:30  INFO 35844 --- [bmp-review-service] [container-0-C-1] o.a.kafka.clients.FetchSessionHandler    : [Consumer clientId=consumer-anonymous.58e4742c-e9bf-47b0-b596-b36d8c3b5e79-2, groupId=anonymous.58e4742c-e9bf-47b0-b596-b36d8c3b5e79] Error sending fetch request (sessionId=338775243, epoch=13) to node 1:

org.apache.kafka.common.errors.DisconnectException: null

2026-08-30T11:51:24.227+05:30  WARN 35844 --- [bmp-review-service] [l-1 housekeeper] com.zaxxer.hikari.pool.HikariPool        : HikariPool-1 - Thread starvation or clock leap detected (housekeeper delta=10h35m50s324ms541µs500ns).
2026-08-30T11:51:26.908+05:30  INFO 35844 --- [bmp-review-service] [container-0-C-1] o.a.k.c.c.internals.ConsumerCoordinator  : [Consumer clientId=consumer-anonymous.58e4742c-e9bf-47b0-b596-b36d8c3b5e79-2, groupId=anonymous.58e4742c-e9bf-47b0-b596-b36d8c3b5e79] Discovered group coordinator localhost:9092 (id: 2147483646 rack: null)
2026-08-30T11:51:33.914+05:30  INFO 35844 --- [bmp-review-service] [pool-2-thread-1] org.apache.kafka.clients.NetworkClient   : [Consumer clientId=consumer-anonymous.58e4742c-e9bf-47b0-b596-b36d8c3b5e79-3, groupId=anonymous.58e4742c-e9bf-47b0-b596-b36d8c3b5e79] Node 2147483646 disconnected.
2026-08-30T11:51:33.949+05:30  INFO 35844 --- [bmp-review-service] [pool-2-thread-1] o.a.k.c.c.internals.ConsumerCoordinator  : [Consumer clientId=consumer-anonymous.58e4742c-e9bf-47b0-b596-b36d8c3b5e79-3, groupId=anonymous.58e4742c-e9bf-47b0-b596-b36d8c3b5e79] Group coordinator localhost:9092 (id: 2147483646 rack: null) is unavailable or invalid due to cause: coordinator unavailable. isDisconnected: true. Rediscovery will be attempted.
2026-08-30T11:51:33.984+05:30  INFO 35844 --- [bmp-review-service] [pool-2-thread-1] o.a.k.c.c.internals.ConsumerCoordinator  : [Consumer clientId=consumer-anonymous.58e4742c-e9bf-47b0-b596-b36d8c3b5e79-3, groupId=anonymous.58e4742c-e9bf-47b0-b596-b36d8c3b5e79] Discovered group coordinator localhost:9092 (id: 2147483646 rack: null)
2026-08-30T11:56:06.518+05:30  INFO 35844 --- [bmp-review-service] [96-b36d8c3b5e79] org.apache.kafka.clients.NetworkClient   : [Consumer clientId=consumer-anonymous.58e4742c-e9bf-47b0-b596-b36d8c3b5e79-2, groupId=anonymous.58e4742c-e9bf-47b0-b596-b36d8c3b5e79] Disconnecting from node 1 due to request timeout.
2026-08-30T11:56:07.710+05:30  INFO 35844 --- [bmp-review-service] [96-b36d8c3b5e79] org.apache.kafka.clients.NetworkClient   : [Consumer clientId=consumer-anonymous.58e4742c-e9bf-47b0-b596-b36d8c3b5e79-2, groupId=anonymous.58e4742c-e9bf-47b0-b596-b36d8c3b5e79] Cancelled in-flight FETCH request with correlation id 92805 due to node 1 being disconnected (elapsed time since creation: 250718ms, elapsed time since send: 250718ms, throttle time: 0ms, request timeout: 30000ms)
2026-08-30T11:56:07.710+05:30  INFO 35844 --- [bmp-review-service] [96-b36d8c3b5e79] org.apache.kafka.clients.NetworkClient   : [Consumer clientId=consumer-anonymous.58e4742c-e9bf-47b0-b596-b36d8c3b5e79-2, groupId=anonymous.58e4742c-e9bf-47b0-b596-b36d8c3b5e79] Disconnecting from node 2147483646 due to request timeout.
2026-08-30T11:56:07.712+05:30  INFO 35844 --- [bmp-review-service] [96-b36d8c3b5e79] org.apache.kafka.clients.NetworkClient   : [Consumer clientId=consumer-anonymous.58e4742c-e9bf-47b0-b596-b36d8c3b5e79-2, groupId=anonymous.58e4742c-e9bf-47b0-b596-b36d8c3b5e79] Cancelled in-flight HEARTBEAT request with correlation id 92806 due to node 2147483646 being disconnected (elapsed time since creation: 249484ms, elapsed time since send: 249484ms, throttle time: 0ms, request timeout: 30000ms)
2026-08-30T11:56:07.712+05:30  INFO 35844 --- [bmp-review-service] [96-b36d8c3b5e79] o.a.kafka.clients.FetchSessionHandler    : [Consumer clientId=consumer-anonymous.58e4742c-e9bf-47b0-b596-b36d8c3b5e79-2, groupId=anonymous.58e4742c-e9bf-47b0-b596-b36d8c3b5e79] Error sending fetch request (sessionId=1703030392, epoch=55) to node 1:

org.apache.kafka.common.errors.DisconnectException: null

2026-08-30T11:56:07.803+05:30  INFO 35844 --- [bmp-review-service] [96-b36d8c3b5e79] o.a.k.c.c.internals.ConsumerCoordinator  : [Consumer clientId=consumer-anonymous.58e4742c-e9bf-47b0-b596-b36d8c3b5e79-2, groupId=anonymous.58e4742c-e9bf-47b0-b596-b36d8c3b5e79] Group coordinator localhost:9092 (id: 2147483646 rack: null) is unavailable or invalid due to cause: null. isDisconnected: true. Rediscovery will be attempted.
2026-08-30T11:56:09.484+05:30  INFO 35844 --- [bmp-review-service] [container-0-C-1] o.a.k.c.c.internals.ConsumerCoordinator  : [Consumer clientId=consumer-anonymous.58e4742c-e9bf-47b0-b596-b36d8c3b5e79-2, groupId=anonymous.58e4742c-e9bf-47b0-b596-b36d8c3b5e79] Discovered group coordinator localhost:9092 (id: 2147483646 rack: null)
2026-08-30T11:56:32.875+05:30  WARN 35844 --- [bmp-review-service] [l-1 housekeeper] com.zaxxer.hikari.pool.HikariPool        : HikariPool-1 - Thread starvation or clock leap detected (housekeeper delta=4m40s988ms244µs400ns).
2026-08-30T11:59:02.915+05:30  INFO 35844 --- [bmp-review-service] [rap-executor-%d] c.n.d.s.r.aws.ConfigClusterResolver      : Resolving eureka endpoints via configuration
2026-08-30T12:04:02.930+05:30  INFO 35844 --- [bmp-review-service] [rap-executor-%d] c.n.d.s.r.aws.ConfigClusterResolver      : Resolving eureka endpoints via configuration
2026-08-30T12:09:02.947+05:30  INFO 35844 --- [bmp-review-service] [rap-executor-%d] c.n.d.s.r.aws.ConfigClusterResolver      : Resolving eureka endpoints via configuration
2026-08-30T12:14:02.988+05:30  INFO 35844 --- [bmp-review-service] [rap-executor-%d] c.n.d.s.r.aws.ConfigClusterResolver      : Resolving eureka endpoints via configuration
2026-08-30T12:19:03.007+05:30  INFO 35844 --- [bmp-review-service] [rap-executor-%d] c.n.d.s.r.aws.ConfigClusterResolver      : Resolving eureka endpoints via configuration
2026-08-30T12:24:03.018+05:30  INFO 35844 --- [bmp-review-service] [rap-executor-%d] c.n.d.s.r.aws.ConfigClusterResolver      : Resolving eureka endpoints via configuration
2026-08-30T12:29:03.025+05:30  INFO 35844 --- [bmp-review-service] [rap-executor-%d] c.n.d.s.r.aws.ConfigClusterResolver      : Resolving eureka endpoints via configuration
2026-08-30T12:34:03.032+05:30  INFO 35844 --- [bmp-review-service] [rap-executor-%d] c.n.d.s.r.aws.ConfigClusterResolver      : Resolving eureka endpoints via configuration
2026-08-30T12:39:03.048+05:30  INFO 35844 --- [bmp-review-service] [rap-executor-%d] c.n.d.s.r.aws.ConfigClusterResolver      : Resolving eureka endpoints via configuration
2026-08-30T12:44:03.055+05:30  INFO 35844 --- [bmp-review-service] [rap-executor-%d] c.n.d.s.r.aws.ConfigClusterResolver      : Resolving eureka endpoints via configuration
2026-08-30T12:49:03.068+05:30  INFO 35844 --- [bmp-review-service] [rap-executor-%d] c.n.d.s.r.aws.ConfigClusterResolver      : Resolving eureka endpoints via configuration
2026-08-30T12:54:03.071+05:30  INFO 35844 --- [bmp-review-service] [rap-executor-%d] c.n.d.s.r.aws.ConfigClusterResolver      : Resolving eureka endpoints via configuration
2026-08-30T12:59:03.083+05:30  INFO 35844 --- [bmp-review-service] [rap-executor-%d] c.n.d.s.r.aws.ConfigClusterResolver      : Resolving eureka endpoints via configuration
2026-08-30T13:04:03.108+05:30  INFO 35844 --- [bmp-review-service] [rap-executor-%d] c.n.d.s.r.aws.ConfigClusterResolver      : Resolving eureka endpoints via configuration
2026-08-30T13:09:03.130+05:30  INFO 35844 --- [bmp-review-service] [rap-executor-%d] c.n.d.s.r.aws.ConfigClusterResolver      : Resolving eureka endpoints via configuration
2026-08-30T13:14:03.151+05:30  INFO 35844 --- [bmp-review-service] [rap-executor-%d] c.n.d.s.r.aws.ConfigClusterResolver      : Resolving eureka endpoints via configuration
2026-08-30T13:19:03.172+05:30  INFO 35844 --- [bmp-review-service] [rap-executor-%d] c.n.d.s.r.aws.ConfigClusterResolver      : Resolving eureka endpoints via configuration
2026-08-30T13:24:03.174+05:30  INFO 35844 --- [bmp-review-service] [rap-executor-%d] c.n.d.s.r.aws.ConfigClusterResolver      : Resolving eureka endpoints via configuration
2026-08-30T13:29:03.180+05:30  INFO 35844 --- [bmp-review-service] [rap-executor-%d] c.n.d.s.r.aws.ConfigClusterResolver      : Resolving eureka endpoints via configuration
2026-08-30T13:34:03.193+05:30  INFO 35844 --- [bmp-review-service] [rap-executor-%d] c.n.d.s.r.aws.ConfigClusterResolver      : Resolving eureka endpoints via configuration
2026-08-30T13:39:03.209+05:30  INFO 35844 --- [bmp-review-service] [rap-executor-%d] c.n.d.s.r.aws.ConfigClusterResolver      : Resolving eureka endpoints via configuration
2026-08-30T13:44:03.216+05:30  INFO 35844 --- [bmp-review-service] [rap-executor-%d] c.n.d.s.r.aws.ConfigClusterResolver      : Resolving eureka endpoints via configuration
2026-08-30T13:49:03.222+05:30  INFO 35844 --- [bmp-review-service] [rap-executor-%d] c.n.d.s.r.aws.ConfigClusterResolver      : Resolving eureka endpoints via configuration
2026-08-30T13:54:03.228+05:30  INFO 35844 --- [bmp-review-service] [rap-executor-%d] c.n.d.s.r.aws.ConfigClusterResolver      : Resolving eureka endpoints via configuration
2026-08-30T13:59:03.230+05:30  INFO 35844 --- [bmp-review-service] [rap-executor-%d] c.n.d.s.r.aws.ConfigClusterResolver      : Resolving eureka endpoints via configuration
2026-08-30T14:04:03.245+05:30  INFO 35844 --- [bmp-review-service] [rap-executor-%d] c.n.d.s.r.aws.ConfigClusterResolver      : Resolving eureka endpoints via configuration
2026-08-30T14:09:03.250+05:30  INFO 35844 --- [bmp-review-service] [rap-executor-%d] c.n.d.s.r.aws.ConfigClusterResolver      : Resolving eureka endpoints via configuration
2026-08-30T14:14:03.280+05:30  INFO 35844 --- [bmp-review-service] [rap-executor-%d] c.n.d.s.r.aws.ConfigClusterResolver      : Resolving eureka endpoints via configuration
2026-08-30T14:19:03.286+05:30  INFO 35844 --- [bmp-review-service] [rap-executor-%d] c.n.d.s.r.aws.ConfigClusterResolver      : Resolving eureka endpoints via configuration
2026-08-30T14:24:03.301+05:30  INFO 35844 --- [bmp-review-service] [rap-executor-%d] c.n.d.s.r.aws.ConfigClusterResolver      : Resolving eureka endpoints via configuration
2026-08-30T14:29:03.302+05:30  INFO 35844 --- [bmp-review-service] [rap-executor-%d] c.n.d.s.r.aws.ConfigClusterResolver      : Resolving eureka endpoints via configuration
2026-08-30T14:34:03.305+05:30  INFO 35844 --- [bmp-review-service] [rap-executor-%d] c.n.d.s.r.aws.ConfigClusterResolver      : Resolving eureka endpoints via configuration
2026-08-30T14:39:03.314+05:30  INFO 35844 --- [bmp-review-service] [rap-executor-%d] c.n.d.s.r.aws.ConfigClusterResolver      : Resolving eureka endpoints via configuration
2026-08-30T17:42:16.300+05:30  INFO 35844 --- [bmp-review-service] [container-0-C-1] org.apache.kafka.clients.NetworkClient   : [Consumer clientId=consumer-anonymous.58e4742c-e9bf-47b0-b596-b36d8c3b5e79-2, groupId=anonymous.58e4742c-e9bf-47b0-b596-b36d8c3b5e79] Node 1 disconnected.
2026-08-30T17:42:16.302+05:30  INFO 35844 --- [bmp-review-service] [container-0-C-1] org.apache.kafka.clients.NetworkClient   : [Consumer clientId=consumer-anonymous.58e4742c-e9bf-47b0-b596-b36d8c3b5e79-2, groupId=anonymous.58e4742c-e9bf-47b0-b596-b36d8c3b5e79] Cancelled in-flight FETCH request with correlation id 115838 due to node 1 being disconnected (elapsed time since creation: 10803602ms, elapsed time since send: 10803602ms, throttle time: 0ms, request timeout: 30000ms)
2026-08-30T17:42:16.303+05:30  INFO 35844 --- [bmp-review-service] [container-0-C-1] org.apache.kafka.clients.NetworkClient   : [Consumer clientId=consumer-anonymous.58e4742c-e9bf-47b0-b596-b36d8c3b5e79-2, groupId=anonymous.58e4742c-e9bf-47b0-b596-b36d8c3b5e79] Disconnecting from node 2147483646 due to request timeout.
2026-08-30T17:42:16.304+05:30  INFO 35844 --- [bmp-review-service] [container-0-C-1] org.apache.kafka.clients.NetworkClient   : [Consumer clientId=consumer-anonymous.58e4742c-e9bf-47b0-b596-b36d8c3b5e79-2, groupId=anonymous.58e4742c-e9bf-47b0-b596-b36d8c3b5e79] Cancelled in-flight HEARTBEAT request with correlation id 115839 due to node 2147483646 being disconnected (elapsed time since creation: 10802348ms, elapsed time since send: 10802348ms, throttle time: 0ms, request timeout: 30000ms)
2026-08-30T17:42:16.304+05:30  INFO 35844 --- [bmp-review-service] [container-0-C-1] o.a.kafka.clients.FetchSessionHandler    : [Consumer clientId=consumer-anonymous.58e4742c-e9bf-47b0-b596-b36d8c3b5e79-2, groupId=anonymous.58e4742c-e9bf-47b0-b596-b36d8c3b5e79] Error sending fetch request (sessionId=2120373013, epoch=19647) to node 1:

org.apache.kafka.common.errors.DisconnectException: null

2026-08-30T17:42:16.311+05:30  INFO 35844 --- [bmp-review-service] [96-b36d8c3b5e79] o.a.k.c.c.internals.ConsumerCoordinator  : [Consumer clientId=consumer-anonymous.58e4742c-e9bf-47b0-b596-b36d8c3b5e79-2, groupId=anonymous.58e4742c-e9bf-47b0-b596-b36d8c3b5e79] Group coordinator localhost:9092 (id: 2147483646 rack: null) is unavailable or invalid due to cause: null. isDisconnected: true. Rediscovery will be attempted.
2026-08-30T17:42:17.707+05:30  INFO 35844 --- [bmp-review-service] [container-0-C-1] o.a.k.c.c.internals.ConsumerCoordinator  : [Consumer clientId=consumer-anonymous.58e4742c-e9bf-47b0-b596-b36d8c3b5e79-2, groupId=anonymous.58e4742c-e9bf-47b0-b596-b36d8c3b5e79] Discovered group coordinator localhost:9092 (id: 2147483646 rack: null)
2026-08-31T00:05:55.657+05:30  INFO 35844 --- [bmp-review-service] [container-0-C-1] org.apache.kafka.clients.NetworkClient   : [Consumer clientId=consumer-anonymous.58e4742c-e9bf-47b0-b596-b36d8c3b5e79-2, groupId=anonymous.58e4742c-e9bf-47b0-b596-b36d8c3b5e79] Node 2147483646 disconnected.
2026-08-31T00:05:56.964+05:30  INFO 35844 --- [bmp-review-service] [container-0-C-1] org.apache.kafka.clients.NetworkClient   : [Consumer clientId=consumer-anonymous.58e4742c-e9bf-47b0-b596-b36d8c3b5e79-2, groupId=anonymous.58e4742c-e9bf-47b0-b596-b36d8c3b5e79] Disconnecting from node 1 due to request timeout.
2026-08-31T00:05:56.964+05:30  INFO 35844 --- [bmp-review-service] [container-0-C-1] org.apache.kafka.clients.NetworkClient   : [Consumer clientId=consumer-anonymous.58e4742c-e9bf-47b0-b596-b36d8c3b5e79-2, groupId=anonymous.58e4742c-e9bf-47b0-b596-b36d8c3b5e79] Cancelled in-flight FETCH request with correlation id 115862 due to node 1 being disconnected (elapsed time since creation: 23010613ms, elapsed time since send: 23010613ms, throttle time: 0ms, request timeout: 30000ms)
2026-08-31T00:05:56.964+05:30  INFO 35844 --- [bmp-review-service] [container-0-C-1] o.a.kafka.clients.FetchSessionHandler    : [Consumer clientId=consumer-anonymous.58e4742c-e9bf-47b0-b596-b36d8c3b5e79-2, groupId=anonymous.58e4742c-e9bf-47b0-b596-b36d8c3b5e79] Error sending fetch request (sessionId=1194464470, epoch=14) to node 1:

org.apache.kafka.common.errors.DisconnectException: null

2026-08-31T00:05:56.965+05:30  INFO 35844 --- [bmp-review-service] [96-b36d8c3b5e79] o.a.k.c.c.internals.ConsumerCoordinator  : [Consumer clientId=consumer-anonymous.58e4742c-e9bf-47b0-b596-b36d8c3b5e79-2, groupId=anonymous.58e4742c-e9bf-47b0-b596-b36d8c3b5e79] Group coordinator localhost:9092 (id: 2147483646 rack: null) is unavailable or invalid due to cause: session timed out without receiving a heartbeat response. isDisconnected: false. Rediscovery will be attempted.
2026-08-31T00:05:56.969+05:30  INFO 35844 --- [bmp-review-service] [96-b36d8c3b5e79] o.a.k.c.c.internals.ConsumerCoordinator  : [Consumer clientId=consumer-anonymous.58e4742c-e9bf-47b0-b596-b36d8c3b5e79-2, groupId=anonymous.58e4742c-e9bf-47b0-b596-b36d8c3b5e79] Requesting disconnect from last known coordinator localhost:9092 (id: 2147483646 rack: null)
2026-08-31T00:05:58.486+05:30  INFO 35844 --- [bmp-review-service] [container-0-C-1] o.a.k.c.c.internals.ConsumerCoordinator  : [Consumer clientId=consumer-anonymous.58e4742c-e9bf-47b0-b596-b36d8c3b5e79-2, groupId=anonymous.58e4742c-e9bf-47b0-b596-b36d8c3b5e79] Discovered group coordinator localhost:9092 (id: 2147483646 rack: null)
2026-08-31T00:06:04.272+05:30  WARN 35844 --- [bmp-review-service] [l-1 housekeeper] com.zaxxer.hikari.pool.HikariPool        : HikariPool-1 - Thread starvation or clock leap detected (housekeeper delta=9h24m1s471ms953µs700ns).
2026-08-31T00:06:15.213+05:30  INFO 35844 --- [bmp-review-service] [pool-2-thread-1] org.apache.kafka.clients.NetworkClient   : [Consumer clientId=consumer-anonymous.58e4742c-e9bf-47b0-b596-b36d8c3b5e79-3, groupId=anonymous.58e4742c-e9bf-47b0-b596-b36d8c3b5e79] Node 2147483646 disconnected.
2026-08-31T00:06:15.249+05:30  INFO 35844 --- [bmp-review-service] [pool-2-thread-1] o.a.k.c.c.internals.ConsumerCoordinator  : [Consumer clientId=consumer-anonymous.58e4742c-e9bf-47b0-b596-b36d8c3b5e79-3, groupId=anonymous.58e4742c-e9bf-47b0-b596-b36d8c3b5e79] Group coordinator localhost:9092 (id: 2147483646 rack: null) is unavailable or invalid due to cause: coordinator unavailable. isDisconnected: true. Rediscovery will be attempted.
2026-08-31T00:06:15.259+05:30  INFO 35844 --- [bmp-review-service] [pool-2-thread-1] o.a.k.c.c.internals.ConsumerCoordinator  : [Consumer clientId=consumer-anonymous.58e4742c-e9bf-47b0-b596-b36d8c3b5e79-3, groupId=anonymous.58e4742c-e9bf-47b0-b596-b36d8c3b5e79] Discovered group coordinator localhost:9092 (id: 2147483646 rack: null)
2026-08-31T00:06:15.259+05:30  INFO 35844 --- [bmp-review-service] [pool-2-thread-1] o.a.k.c.c.internals.ConsumerCoordinator  : [Consumer clientId=consumer-anonymous.58e4742c-e9bf-47b0-b596-b36d8c3b5e79-3, groupId=anonymous.58e4742c-e9bf-47b0-b596-b36d8c3b5e79] Group coordinator localhost:9092 (id: 2147483646 rack: null) is unavailable or invalid due to cause: coordinator unavailable. isDisconnected: false. Rediscovery will be attempted.
2026-08-31T00:06:15.260+05:30  INFO 35844 --- [bmp-review-service] [pool-2-thread-1] o.a.k.c.c.internals.ConsumerCoordinator  : [Consumer clientId=consumer-anonymous.58e4742c-e9bf-47b0-b596-b36d8c3b5e79-3, groupId=anonymous.58e4742c-e9bf-47b0-b596-b36d8c3b5e79] Requesting disconnect from last known coordinator localhost:9092 (id: 2147483646 rack: null)
2026-08-31T00:06:15.412+05:30  INFO 35844 --- [bmp-review-service] [pool-2-thread-1] o.a.k.c.c.internals.ConsumerCoordinator  : [Consumer clientId=consumer-anonymous.58e4742c-e9bf-47b0-b596-b36d8c3b5e79-3, groupId=anonymous.58e4742c-e9bf-47b0-b596-b36d8c3b5e79] Discovered group coordinator localhost:9092 (id: 2147483646 rack: null)
2026-08-31T00:07:31.981+05:30  INFO 35844 --- [bmp-review-service] [rap-executor-%d] c.n.d.s.r.aws.ConfigClusterResolver      : Resolving eureka endpoints via configuration
2026-08-31T00:12:32.013+05:30  INFO 35844 --- [bmp-review-service] [rap-executor-%d] c.n.d.s.r.aws.ConfigClusterResolver      : Resolving eureka endpoints via configuration
2026-08-31T00:17:32.027+05:30  INFO 35844 --- [bmp-review-service] [rap-executor-%d] c.n.d.s.r.aws.ConfigClusterResolver      : Resolving eureka endpoints via configuration
2026-08-31T00:22:32.119+05:30  INFO 35844 --- [bmp-review-service] [rap-executor-%d] c.n.d.s.r.aws.ConfigClusterResolver      : Resolving eureka endpoints via configuration
2026-08-31T00:27:32.133+05:30  INFO 35844 --- [bmp-review-service] [rap-executor-%d] c.n.d.s.r.aws.ConfigClusterResolver      : Resolving eureka endpoints via configuration
2026-08-31T00:32:32.134+05:30  INFO 35844 --- [bmp-review-service] [rap-executor-%d] c.n.d.s.r.aws.ConfigClusterResolver      : Resolving eureka endpoints via configuration
2026-08-31T00:37:32.136+05:30  INFO 35844 --- [bmp-review-service] [rap-executor-%d] c.n.d.s.r.aws.ConfigClusterResolver      : Resolving eureka endpoints via configuration
2026-08-31T00:42:32.149+05:30  INFO 35844 --- [bmp-review-service] [rap-executor-%d] c.n.d.s.r.aws.ConfigClusterResolver      : Resolving eureka endpoints via configuration
2026-08-31T00:47:32.149+05:30  INFO 35844 --- [bmp-review-service] [rap-executor-%d] c.n.d.s.r.aws.ConfigClusterResolver      : Resolving eureka endpoints via configuration
2026-08-31T00:52:32.165+05:30  INFO 35844 --- [bmp-review-service] [rap-executor-%d] c.n.d.s.r.aws.ConfigClusterResolver      : Resolving eureka endpoints via configuration
2026-08-31T03:54:51.954+05:30  INFO 35844 --- [bmp-review-service] [container-0-C-1] org.apache.kafka.clients.NetworkClient   : [Consumer clientId=consumer-anonymous.58e4742c-e9bf-47b0-b596-b36d8c3b5e79-2, groupId=anonymous.58e4742c-e9bf-47b0-b596-b36d8c3b5e79] Node 2147483646 disconnected.
2026-08-31T03:54:52.108+05:30  INFO 35844 --- [bmp-review-service] [container-0-C-1] org.apache.kafka.clients.NetworkClient   : [Consumer clientId=consumer-anonymous.58e4742c-e9bf-47b0-b596-b36d8c3b5e79-2, groupId=anonymous.58e4742c-e9bf-47b0-b596-b36d8c3b5e79] Disconnecting from node 1 due to request timeout.
2026-08-31T03:54:52.162+05:30  INFO 35844 --- [bmp-review-service] [container-0-C-1] org.apache.kafka.clients.NetworkClient   : [Consumer clientId=consumer-anonymous.58e4742c-e9bf-47b0-b596-b36d8c3b5e79-2, groupId=anonymous.58e4742c-e9bf-47b0-b596-b36d8c3b5e79] Cancelled in-flight FETCH request with correlation id 122642 due to node 1 being disconnected (elapsed time since creation: 10803128ms, elapsed time since send: 10803128ms, throttle time: 0ms, request timeout: 30000ms)
2026-08-31T03:54:52.206+05:30  INFO 35844 --- [bmp-review-service] [96-b36d8c3b5e79] o.a.k.c.c.internals.ConsumerCoordinator  : [Consumer clientId=consumer-anonymous.58e4742c-e9bf-47b0-b596-b36d8c3b5e79-2, groupId=anonymous.58e4742c-e9bf-47b0-b596-b36d8c3b5e79] Group coordinator localhost:9092 (id: 2147483646 rack: null) is unavailable or invalid due to cause: session timed out without receiving a heartbeat response. isDisconnected: false. Rediscovery will be attempted.
2026-08-31T03:54:52.207+05:30  INFO 35844 --- [bmp-review-service] [96-b36d8c3b5e79] o.a.k.c.c.internals.ConsumerCoordinator  : [Consumer clientId=consumer-anonymous.58e4742c-e9bf-47b0-b596-b36d8c3b5e79-2, groupId=anonymous.58e4742c-e9bf-47b0-b596-b36d8c3b5e79] Requesting disconnect from last known coordinator localhost:9092 (id: 2147483646 rack: null)
2026-08-31T03:54:52.165+05:30  INFO 35844 --- [bmp-review-service] [container-0-C-1] o.a.kafka.clients.FetchSessionHandler    : [Consumer clientId=consumer-anonymous.58e4742c-e9bf-47b0-b596-b36d8c3b5e79-2, groupId=anonymous.58e4742c-e9bf-47b0-b596-b36d8c3b5e79] Error sending fetch request (sessionId=1094930436, epoch=5781) to node 1:

org.apache.kafka.common.errors.DisconnectException: null

2026-08-31T03:54:56.538+05:30  INFO 35844 --- [bmp-review-service] [container-0-C-1] o.a.k.c.c.internals.ConsumerCoordinator  : [Consumer clientId=consumer-anonymous.58e4742c-e9bf-47b0-b596-b36d8c3b5e79-2, groupId=anonymous.58e4742c-e9bf-47b0-b596-b36d8c3b5e79] Discovered group coordinator localhost:9092 (id: 2147483646 rack: null)
2026-08-31T03:54:56.540+05:30  INFO 35844 --- [bmp-review-service] [container-0-C-1] o.a.k.c.c.internals.ConsumerCoordinator  : [Consumer clientId=consumer-anonymous.58e4742c-e9bf-47b0-b596-b36d8c3b5e79-2, groupId=anonymous.58e4742c-e9bf-47b0-b596-b36d8c3b5e79] Discovered group coordinator localhost:9092 (id: 2147483646 rack: null)
2026-08-31T10:17:02.746+05:30  INFO 35844 --- [bmp-review-service] [container-0-C-1] org.apache.kafka.clients.NetworkClient   : [Consumer clientId=consumer-anonymous.58e4742c-e9bf-47b0-b596-b36d8c3b5e79-2, groupId=anonymous.58e4742c-e9bf-47b0-b596-b36d8c3b5e79] Node 2147483646 disconnected.
2026-08-31T10:17:02.746+05:30  INFO 35844 --- [bmp-review-service] [container-0-C-1] org.apache.kafka.clients.NetworkClient   : [Consumer clientId=consumer-anonymous.58e4742c-e9bf-47b0-b596-b36d8c3b5e79-2, groupId=anonymous.58e4742c-e9bf-47b0-b596-b36d8c3b5e79] Disconnecting from node 1 due to request timeout.
2026-08-31T10:17:02.747+05:30  INFO 35844 --- [bmp-review-service] [container-0-C-1] org.apache.kafka.clients.NetworkClient   : [Consumer clientId=consumer-anonymous.58e4742c-e9bf-47b0-b596-b36d8c3b5e79-2, groupId=anonymous.58e4742c-e9bf-47b0-b596-b36d8c3b5e79] Cancelled in-flight FETCH request with correlation id 122653 due to node 1 being disconnected (elapsed time since creation: 22924641ms, elapsed time since send: 22924641ms, throttle time: 0ms, request timeout: 30000ms)
2026-08-31T10:17:02.747+05:30  INFO 35844 --- [bmp-review-service] [container-0-C-1] o.a.kafka.clients.FetchSessionHandler    : [Consumer clientId=consumer-anonymous.58e4742c-e9bf-47b0-b596-b36d8c3b5e79-2, groupId=anonymous.58e4742c-e9bf-47b0-b596-b36d8c3b5e79] Error sending fetch request (sessionId=1869115322, epoch=3) to node 1:

org.apache.kafka.common.errors.DisconnectException: null

2026-08-31T10:17:02.793+05:30  INFO 35844 --- [bmp-review-service] [96-b36d8c3b5e79] o.a.k.c.c.internals.ConsumerCoordinator  : [Consumer clientId=consumer-anonymous.58e4742c-e9bf-47b0-b596-b36d8c3b5e79-2, groupId=anonymous.58e4742c-e9bf-47b0-b596-b36d8c3b5e79] Group coordinator localhost:9092 (id: 2147483646 rack: null) is unavailable or invalid due to cause: coordinator unavailable. isDisconnected: true. Rediscovery will be attempted.
2026-08-31T10:17:04.284+05:30  INFO 35844 --- [bmp-review-service] [container-0-C-1] o.a.k.c.c.internals.ConsumerCoordinator  : [Consumer clientId=consumer-anonymous.58e4742c-e9bf-47b0-b596-b36d8c3b5e79-2, groupId=anonymous.58e4742c-e9bf-47b0-b596-b36d8c3b5e79] Discovered group coordinator localhost:9092 (id: 2147483646 rack: null)
2026-08-31T10:17:06.628+05:30  WARN 35844 --- [bmp-review-service] [l-1 housekeeper] com.zaxxer.hikari.pool.HikariPool        : HikariPool-1 - Thread starvation or clock leap detected (housekeeper delta=9h22m34s152ms274µs700ns).
2026-08-31T10:17:17.839+05:30  INFO 35844 --- [bmp-review-service] [pool-2-thread-1] org.apache.kafka.clients.NetworkClient   : [Consumer clientId=consumer-anonymous.58e4742c-e9bf-47b0-b596-b36d8c3b5e79-3, groupId=anonymous.58e4742c-e9bf-47b0-b596-b36d8c3b5e79] Node 2147483646 disconnected.
2026-08-31T10:17:17.847+05:30  INFO 35844 --- [bmp-review-service] [pool-2-thread-1] o.a.k.c.c.internals.ConsumerCoordinator  : [Consumer clientId=consumer-anonymous.58e4742c-e9bf-47b0-b596-b36d8c3b5e79-3, groupId=anonymous.58e4742c-e9bf-47b0-b596-b36d8c3b5e79] Group coordinator localhost:9092 (id: 2147483646 rack: null) is unavailable or invalid due to cause: coordinator unavailable. isDisconnected: true. Rediscovery will be attempted.
2026-08-31T10:17:17.855+05:30  INFO 35844 --- [bmp-review-service] [pool-2-thread-1] o.a.k.c.c.internals.ConsumerCoordinator  : [Consumer clientId=consumer-anonymous.58e4742c-e9bf-47b0-b596-b36d8c3b5e79-3, groupId=anonymous.58e4742c-e9bf-47b0-b596-b36d8c3b5e79] Discovered group coordinator localhost:9092 (id: 2147483646 rack: null)
2026-08-31T10:17:17.855+05:30  INFO 35844 --- [bmp-review-service] [pool-2-thread-1] o.a.k.c.c.internals.ConsumerCoordinator  : [Consumer clientId=consumer-anonymous.58e4742c-e9bf-47b0-b596-b36d8c3b5e79-3, groupId=anonymous.58e4742c-e9bf-47b0-b596-b36d8c3b5e79] Group coordinator localhost:9092 (id: 2147483646 rack: null) is unavailable or invalid due to cause: coordinator unavailable. isDisconnected: false. Rediscovery will be attempted.
2026-08-31T10:17:17.856+05:30  INFO 35844 --- [bmp-review-service] [pool-2-thread-1] o.a.k.c.c.internals.ConsumerCoordinator  : [Consumer clientId=consumer-anonymous.58e4742c-e9bf-47b0-b596-b36d8c3b5e79-3, groupId=anonymous.58e4742c-e9bf-47b0-b596-b36d8c3b5e79] Requesting disconnect from last known coordinator localhost:9092 (id: 2147483646 rack: null)
2026-08-31T10:17:17.993+05:30  INFO 35844 --- [bmp-review-service] [pool-2-thread-1] o.a.k.c.c.internals.ConsumerCoordinator  : [Consumer clientId=consumer-anonymous.58e4742c-e9bf-47b0-b596-b36d8c3b5e79-3, groupId=anonymous.58e4742c-e9bf-47b0-b596-b36d8c3b5e79] Discovered group coordinator localhost:9092 (id: 2147483646 rack: null)
2026-08-31T10:19:33.550+05:30  INFO 35844 --- [bmp-review-service] [rap-executor-%d] c.n.d.s.r.aws.ConfigClusterResolver      : Resolving eureka endpoints via configuration
2026-08-31T10:24:33.586+05:30  INFO 35844 --- [bmp-review-service] [rap-executor-%d] c.n.d.s.r.aws.ConfigClusterResolver      : Resolving eureka endpoints via configuration
2026-08-31T10:29:33.594+05:30  INFO 35844 --- [bmp-review-service] [rap-executor-%d] c.n.d.s.r.aws.ConfigClusterResolver      : Resolving eureka endpoints via configuration
2026-08-31T10:34:33.605+05:30  INFO 35844 --- [bmp-review-service] [rap-executor-%d] c.n.d.s.r.aws.ConfigClusterResolver      : Resolving eureka endpoints via configuration
2026-08-31T10:39:33.614+05:30  INFO 35844 --- [bmp-review-service] [rap-executor-%d] c.n.d.s.r.aws.ConfigClusterResolver      : Resolving eureka endpoints via configuration
2026-08-31T10:44:33.630+05:30  INFO 35844 --- [bmp-review-service] [rap-executor-%d] c.n.d.s.r.aws.ConfigClusterResolver      : Resolving eureka endpoints via configuration
2026-08-31T10:49:33.636+05:30  INFO 35844 --- [bmp-review-service] [rap-executor-%d] c.n.d.s.r.aws.ConfigClusterResolver      : Resolving eureka endpoints via configuration
2026-08-31T10:54:33.639+05:30  INFO 35844 --- [bmp-review-service] [rap-executor-%d] c.n.d.s.r.aws.ConfigClusterResolver      : Resolving eureka endpoints via configuration
2026-08-31T10:59:33.651+05:30  INFO 35844 --- [bmp-review-service] [rap-executor-%d] c.n.d.s.r.aws.ConfigClusterResolver      : Resolving eureka endpoints via configuration
2026-08-31T11:04:33.656+05:30  INFO 35844 --- [bmp-review-service] [rap-executor-%d] c.n.d.s.r.aws.ConfigClusterResolver      : Resolving eureka endpoints via configuration
2026-08-31T11:09:33.672+05:30  INFO 35844 --- [bmp-review-service] [rap-executor-%d] c.n.d.s.r.aws.ConfigClusterResolver      : Resolving eureka endpoints via configuration
2026-08-31T11:14:33.680+05:30  INFO 35844 --- [bmp-review-service] [rap-executor-%d] c.n.d.s.r.aws.ConfigClusterResolver      : Resolving eureka endpoints via configuration
2026-08-31T11:19:33.692+05:30  INFO 35844 --- [bmp-review-service] [rap-executor-%d] c.n.d.s.r.aws.ConfigClusterResolver      : Resolving eureka endpoints via configuration
2026-08-31T11:24:33.696+05:30  INFO 35844 --- [bmp-review-service] [rap-executor-%d] c.n.d.s.r.aws.ConfigClusterResolver      : Resolving eureka endpoints via configuration
2026-08-31T11:29:33.716+05:30  INFO 35844 --- [bmp-review-service] [rap-executor-%d] c.n.d.s.r.aws.ConfigClusterResolver      : Resolving eureka endpoints via configuration
2026-08-31T11:34:33.734+05:30  INFO 35844 --- [bmp-review-service] [rap-executor-%d] c.n.d.s.r.aws.ConfigClusterResolver      : Resolving eureka endpoints via configuration
2026-08-31T11:39:33.745+05:30  INFO 35844 --- [bmp-review-service] [rap-executor-%d] c.n.d.s.r.aws.ConfigClusterResolver      : Resolving eureka endpoints via configuration
2026-08-31T11:44:33.763+05:30  INFO 35844 --- [bmp-review-service] [rap-executor-%d] c.n.d.s.r.aws.ConfigClusterResolver      : Resolving eureka endpoints via configuration
2026-08-31T11:49:33.778+05:30  INFO 35844 --- [bmp-review-service] [rap-executor-%d] c.n.d.s.r.aws.ConfigClusterResolver      : Resolving eureka endpoints via configuration
2026-08-31T11:54:33.794+05:30  INFO 35844 --- [bmp-review-service] [rap-executor-%d] c.n.d.s.r.aws.ConfigClusterResolver      : Resolving eureka endpoints via configuration
2026-08-31T11:59:33.810+05:30  INFO 35844 --- [bmp-review-service] [rap-executor-%d] c.n.d.s.r.aws.ConfigClusterResolver      : Resolving eureka endpoints via configuration
2026-08-31T12:04:33.820+05:30  INFO 35844 --- [bmp-review-service] [rap-executor-%d] c.n.d.s.r.aws.ConfigClusterResolver      : Resolving eureka endpoints via configuration
2026-08-31T12:09:33.821+05:30  INFO 35844 --- [bmp-review-service] [rap-executor-%d] c.n.d.s.r.aws.ConfigClusterResolver      : Resolving eureka endpoints via configuration
2026-08-31T12:14:33.824+05:30  INFO 35844 --- [bmp-review-service] [rap-executor-%d] c.n.d.s.r.aws.ConfigClusterResolver      : Resolving eureka endpoints via configuration
2026-08-31T15:16:01.013+05:30  INFO 35844 --- [bmp-review-service] [96-b36d8c3b5e79] org.apache.kafka.clients.NetworkClient   : [Consumer clientId=consumer-anonymous.58e4742c-e9bf-47b0-b596-b36d8c3b5e79-2, groupId=anonymous.58e4742c-e9bf-47b0-b596-b36d8c3b5e79] Node 1 disconnected.
2026-08-31T15:16:01.025+05:30  INFO 35844 --- [bmp-review-service] [96-b36d8c3b5e79] org.apache.kafka.clients.NetworkClient   : [Consumer clientId=consumer-anonymous.58e4742c-e9bf-47b0-b596-b36d8c3b5e79-2, groupId=anonymous.58e4742c-e9bf-47b0-b596-b36d8c3b5e79] Cancelled in-flight FETCH request with correlation id 139126 due to node 1 being disconnected (elapsed time since creation: 10803752ms, elapsed time since send: 10803752ms, throttle time: 0ms, request timeout: 30000ms)
2026-08-31T15:16:01.026+05:30  INFO 35844 --- [bmp-review-service] [96-b36d8c3b5e79] org.apache.kafka.clients.NetworkClient   : [Consumer clientId=consumer-anonymous.58e4742c-e9bf-47b0-b596-b36d8c3b5e79-2, groupId=anonymous.58e4742c-e9bf-47b0-b596-b36d8c3b5e79] Cancelled in-flight METADATA request with correlation id 139128 due to node 1 being disconnected (elapsed time since creation: 1279ms, elapsed time since send: 1279ms, throttle time: 0ms, request timeout: 30000ms)
2026-08-31T15:16:01.098+05:30  INFO 35844 --- [bmp-review-service] [96-b36d8c3b5e79] org.apache.kafka.clients.NetworkClient   : [Consumer clientId=consumer-anonymous.58e4742c-e9bf-47b0-b596-b36d8c3b5e79-2, groupId=anonymous.58e4742c-e9bf-47b0-b596-b36d8c3b5e79] Disconnecting from node 2147483646 due to request timeout.
2026-08-31T15:16:01.098+05:30  INFO 35844 --- [bmp-review-service] [96-b36d8c3b5e79] org.apache.kafka.clients.NetworkClient   : [Consumer clientId=consumer-anonymous.58e4742c-e9bf-47b0-b596-b36d8c3b5e79-2, groupId=anonymous.58e4742c-e9bf-47b0-b596-b36d8c3b5e79] Cancelled in-flight HEARTBEAT request with correlation id 139127 due to node 2147483646 being disconnected (elapsed time since creation: 10801513ms, elapsed time since send: 10801513ms, throttle time: 0ms, request timeout: 30000ms)
2026-08-31T15:16:01.175+05:30  INFO 35844 --- [bmp-review-service] [96-b36d8c3b5e79] o.a.kafka.clients.FetchSessionHandler    : [Consumer clientId=consumer-anonymous.58e4742c-e9bf-47b0-b596-b36d8c3b5e79-2, groupId=anonymous.58e4742c-e9bf-47b0-b596-b36d8c3b5e79] Error sending fetch request (sessionId=1006213823, epoch=14049) to node 1:

org.apache.kafka.common.errors.DisconnectException: null

2026-08-31T15:16:01.527+05:30  INFO 35844 --- [bmp-review-service] [96-b36d8c3b5e79] o.a.k.c.c.internals.ConsumerCoordinator  : [Consumer clientId=consumer-anonymous.58e4742c-e9bf-47b0-b596-b36d8c3b5e79-2, groupId=anonymous.58e4742c-e9bf-47b0-b596-b36d8c3b5e79] Group coordinator localhost:9092 (id: 2147483646 rack: null) is unavailable or invalid due to cause: null. isDisconnected: true. Rediscovery will be attempted.
2026-08-31T15:16:03.884+05:30  INFO 35844 --- [bmp-review-service] [container-0-C-1] o.a.k.c.c.internals.ConsumerCoordinator  : [Consumer clientId=consumer-anonymous.58e4742c-e9bf-47b0-b596-b36d8c3b5e79-2, groupId=anonymous.58e4742c-e9bf-47b0-b596-b36d8c3b5e79] Discovered group coordinator localhost:9092 (id: 2147483646 rack: null)
2026-08-31T15:16:08.295+05:30  WARN 35844 --- [bmp-review-service] [l-1 housekeeper] com.zaxxer.hikari.pool.HikariPool        : HikariPool-1 - Thread starvation or clock leap detected (housekeeper delta=3h29s502ms947µs601ns).
2026-08-31T22:21:31.724+05:30  INFO 35844 --- [bmp-review-service] [96-b36d8c3b5e79] org.apache.kafka.clients.NetworkClient   : [Consumer clientId=consumer-anonymous.58e4742c-e9bf-47b0-b596-b36d8c3b5e79-2, groupId=anonymous.58e4742c-e9bf-47b0-b596-b36d8c3b5e79] Node 1 disconnected.
2026-08-31T22:21:31.868+05:30  INFO 35844 --- [bmp-review-service] [96-b36d8c3b5e79] org.apache.kafka.clients.NetworkClient   : [Consumer clientId=consumer-anonymous.58e4742c-e9bf-47b0-b596-b36d8c3b5e79-2, groupId=anonymous.58e4742c-e9bf-47b0-b596-b36d8c3b5e79] Cancelled in-flight FETCH request with correlation id 139148 due to node 1 being disconnected (elapsed time since creation: 25521957ms, elapsed time since send: 25521957ms, throttle time: 0ms, request timeout: 30000ms)
2026-08-31T22:21:31.934+05:30  INFO 35844 --- [bmp-review-service] [96-b36d8c3b5e79] o.a.kafka.clients.FetchSessionHandler    : [Consumer clientId=consumer-anonymous.58e4742c-e9bf-47b0-b596-b36d8c3b5e79-2, groupId=anonymous.58e4742c-e9bf-47b0-b596-b36d8c3b5e79] Error sending fetch request (sessionId=1289006441, epoch=11) to node 1:

org.apache.kafka.common.errors.DisconnectException: null

2026-08-31T22:21:31.935+05:30  INFO 35844 --- [bmp-review-service] [96-b36d8c3b5e79] o.a.k.c.c.internals.ConsumerCoordinator  : [Consumer clientId=consumer-anonymous.58e4742c-e9bf-47b0-b596-b36d8c3b5e79-2, groupId=anonymous.58e4742c-e9bf-47b0-b596-b36d8c3b5e79] Group coordinator localhost:9092 (id: 2147483646 rack: null) is unavailable or invalid due to cause: session timed out without receiving a heartbeat response. isDisconnected: false. Rediscovery will be attempted.
2026-08-31T22:21:31.936+05:30  INFO 35844 --- [bmp-review-service] [96-b36d8c3b5e79] o.a.k.c.c.internals.ConsumerCoordinator  : [Consumer clientId=consumer-anonymous.58e4742c-e9bf-47b0-b596-b36d8c3b5e79-2, groupId=anonymous.58e4742c-e9bf-47b0-b596-b36d8c3b5e79] Requesting disconnect from last known coordinator localhost:9092 (id: 2147483646 rack: null)
2026-08-31T22:21:31.994+05:30  INFO 35844 --- [bmp-review-service] [96-b36d8c3b5e79] org.apache.kafka.clients.NetworkClient   : [Consumer clientId=consumer-anonymous.58e4742c-e9bf-47b0-b596-b36d8c3b5e79-2, groupId=anonymous.58e4742c-e9bf-47b0-b596-b36d8c3b5e79] Client requested disconnect from node 2147483646
2026-08-31T22:21:33.590+05:30  INFO 35844 --- [bmp-review-service] [container-0-C-1] o.a.k.c.c.internals.ConsumerCoordinator  : [Consumer clientId=consumer-anonymous.58e4742c-e9bf-47b0-b596-b36d8c3b5e79-2, groupId=anonymous.58e4742c-e9bf-47b0-b596-b36d8c3b5e79] Discovered group coordinator localhost:9092 (id: 2147483646 rack: null)
2026-08-31T22:21:38.779+05:30  INFO 35844 --- [bmp-review-service] [pool-2-thread-1] org.apache.kafka.clients.NetworkClient   : [Consumer clientId=consumer-anonymous.58e4742c-e9bf-47b0-b596-b36d8c3b5e79-3, groupId=anonymous.58e4742c-e9bf-47b0-b596-b36d8c3b5e79] Node 2147483646 disconnected.
2026-08-31T22:21:38.788+05:30  INFO 35844 --- [bmp-review-service] [pool-2-thread-1] o.a.k.c.c.internals.ConsumerCoordinator  : [Consumer clientId=consumer-anonymous.58e4742c-e9bf-47b0-b596-b36d8c3b5e79-3, groupId=anonymous.58e4742c-e9bf-47b0-b596-b36d8c3b5e79] Group coordinator localhost:9092 (id: 2147483646 rack: null) is unavailable or invalid due to cause: coordinator unavailable. isDisconnected: true. Rediscovery will be attempted.
2026-08-31T22:21:38.802+05:30  INFO 35844 --- [bmp-review-service] [pool-2-thread-1] o.a.k.c.c.internals.ConsumerCoordinator  : [Consumer clientId=consumer-anonymous.58e4742c-e9bf-47b0-b596-b36d8c3b5e79-3, groupId=anonymous.58e4742c-e9bf-47b0-b596-b36d8c3b5e79] Discovered group coordinator localhost:9092 (id: 2147483646 rack: null)
2026-08-31T22:21:38.802+05:30  INFO 35844 --- [bmp-review-service] [pool-2-thread-1] o.a.k.c.c.internals.ConsumerCoordinator  : [Consumer clientId=consumer-anonymous.58e4742c-e9bf-47b0-b596-b36d8c3b5e79-3, groupId=anonymous.58e4742c-e9bf-47b0-b596-b36d8c3b5e79] Group coordinator localhost:9092 (id: 2147483646 rack: null) is unavailable or invalid due to cause: coordinator unavailable. isDisconnected: false. Rediscovery will be attempted.
2026-08-31T22:21:38.802+05:30  INFO 35844 --- [bmp-review-service] [pool-2-thread-1] o.a.k.c.c.internals.ConsumerCoordinator  : [Consumer clientId=consumer-anonymous.58e4742c-e9bf-47b0-b596-b36d8c3b5e79-3, groupId=anonymous.58e4742c-e9bf-47b0-b596-b36d8c3b5e79] Requesting disconnect from last known coordinator localhost:9092 (id: 2147483646 rack: null)
2026-08-31T22:21:38.931+05:30  INFO 35844 --- [bmp-review-service] [pool-2-thread-1] o.a.k.c.c.internals.ConsumerCoordinator  : [Consumer clientId=consumer-anonymous.58e4742c-e9bf-47b0-b596-b36d8c3b5e79-3, groupId=anonymous.58e4742c-e9bf-47b0-b596-b36d8c3b5e79] Discovered group coordinator localhost:9092 (id: 2147483646 rack: null)
2026-08-31T22:21:57.069+05:30  WARN 35844 --- [bmp-review-service] [l-1 housekeeper] com.zaxxer.hikari.pool.HikariPool        : HikariPool-1 - Thread starvation or clock leap detected (housekeeper delta=7h5m51s430ms827µs800ns).
2026-08-31T22:24:51.950+05:30  INFO 35844 --- [bmp-review-service] [rap-executor-%d] c.n.d.s.r.aws.ConfigClusterResolver      : Resolving eureka endpoints via configuration
2026-08-31T22:29:51.998+05:30  INFO 35844 --- [bmp-review-service] [rap-executor-%d] c.n.d.s.r.aws.ConfigClusterResolver      : Resolving eureka endpoints via configuration
2026-08-31T22:38:18.729+05:30  INFO 35844 --- [bmp-review-service] [96-b36d8c3b5e79] org.apache.kafka.clients.NetworkClient   : [Consumer clientId=consumer-anonymous.58e4742c-e9bf-47b0-b596-b36d8c3b5e79-2, groupId=anonymous.58e4742c-e9bf-47b0-b596-b36d8c3b5e79] Disconnecting from node 1 due to request timeout.
2026-08-31T22:38:18.836+05:30  INFO 35844 --- [bmp-review-service] [96-b36d8c3b5e79] org.apache.kafka.clients.NetworkClient   : [Consumer clientId=consumer-anonymous.58e4742c-e9bf-47b0-b596-b36d8c3b5e79-2, groupId=anonymous.58e4742c-e9bf-47b0-b596-b36d8c3b5e79] Cancelled in-flight FETCH request with correlation id 140561 due to node 1 being disconnected (elapsed time since creation: 391237ms, elapsed time since send: 391237ms, throttle time: 0ms, request timeout: 30000ms)
2026-08-31T22:38:18.837+05:30  INFO 35844 --- [bmp-review-service] [96-b36d8c3b5e79] org.apache.kafka.clients.NetworkClient   : [Consumer clientId=consumer-anonymous.58e4742c-e9bf-47b0-b596-b36d8c3b5e79-2, groupId=anonymous.58e4742c-e9bf-47b0-b596-b36d8c3b5e79] Cancelled in-flight METADATA request with correlation id 140563 due to node 1 being disconnected (elapsed time since creation: 0ms, elapsed time since send: 0ms, throttle time: 0ms, request timeout: 30000ms)
2026-08-31T22:38:18.872+05:30  INFO 35844 --- [bmp-review-service] [96-b36d8c3b5e79] org.apache.kafka.clients.NetworkClient   : [Consumer clientId=consumer-anonymous.58e4742c-e9bf-47b0-b596-b36d8c3b5e79-2, groupId=anonymous.58e4742c-e9bf-47b0-b596-b36d8c3b5e79] Disconnecting from node 2147483646 due to request timeout.
2026-08-31T22:38:18.873+05:30  INFO 35844 --- [bmp-review-service] [96-b36d8c3b5e79] org.apache.kafka.clients.NetworkClient   : [Consumer clientId=consumer-anonymous.58e4742c-e9bf-47b0-b596-b36d8c3b5e79-2, groupId=anonymous.58e4742c-e9bf-47b0-b596-b36d8c3b5e79] Cancelled in-flight HEARTBEAT request with correlation id 140562 due to node 2147483646 being disconnected (elapsed time since creation: 389055ms, elapsed time since send: 389055ms, throttle time: 0ms, request timeout: 30000ms)
2026-08-31T22:38:18.874+05:30  INFO 35844 --- [bmp-review-service] [96-b36d8c3b5e79] o.a.kafka.clients.FetchSessionHandler    : [Consumer clientId=consumer-anonymous.58e4742c-e9bf-47b0-b596-b36d8c3b5e79-2, groupId=anonymous.58e4742c-e9bf-47b0-b596-b36d8c3b5e79] Error sending fetch request (sessionId=1834680623, epoch=1198) to node 1:

org.apache.kafka.common.errors.DisconnectException: null

2026-08-31T22:38:18.974+05:30  INFO 35844 --- [bmp-review-service] [96-b36d8c3b5e79] o.a.k.c.c.internals.ConsumerCoordinator  : [Consumer clientId=consumer-anonymous.58e4742c-e9bf-47b0-b596-b36d8c3b5e79-2, groupId=anonymous.58e4742c-e9bf-47b0-b596-b36d8c3b5e79] Group coordinator localhost:9092 (id: 2147483646 rack: null) is unavailable or invalid due to cause: null. isDisconnected: true. Rediscovery will be attempted.
2026-08-31T22:38:20.422+05:30  INFO 35844 --- [bmp-review-service] [container-0-C-1] o.a.k.c.c.internals.ConsumerCoordinator  : [Consumer clientId=consumer-anonymous.58e4742c-e9bf-47b0-b596-b36d8c3b5e79-2, groupId=anonymous.58e4742c-e9bf-47b0-b596-b36d8c3b5e79] Discovered group coordinator localhost:9092 (id: 2147483646 rack: null)
2026-08-31T22:38:25.468+05:30  WARN 35844 --- [bmp-review-service] [l-1 housekeeper] com.zaxxer.hikari.pool.HikariPool        : HikariPool-1 - Thread starvation or clock leap detected (housekeeper delta=6m58s328ms309µs400ns).
2026-08-31T22:41:20.194+05:30  INFO 35844 --- [bmp-review-service] [rap-executor-%d] c.n.d.s.r.aws.ConfigClusterResolver      : Resolving eureka endpoints via configuration
2026-08-31T22:46:20.207+05:30  INFO 35844 --- [bmp-review-service] [rap-executor-%d] c.n.d.s.r.aws.ConfigClusterResolver      : Resolving eureka endpoints via configuration
2026-08-31T22:51:20.221+05:30  INFO 35844 --- [bmp-review-service] [rap-executor-%d] c.n.d.s.r.aws.ConfigClusterResolver      : Resolving eureka endpoints via configuration
2026-08-31T22:56:20.251+05:30  INFO 35844 --- [bmp-review-service] [rap-executor-%d] c.n.d.s.r.aws.ConfigClusterResolver      : Resolving eureka endpoints via configuration
2026-08-31T23:01:20.275+05:30  INFO 35844 --- [bmp-review-service] [rap-executor-%d] c.n.d.s.r.aws.ConfigClusterResolver      : Resolving eureka endpoints via configuration
2026-08-31T23:06:20.283+05:30  INFO 35844 --- [bmp-review-service] [rap-executor-%d] c.n.d.s.r.aws.ConfigClusterResolver      : Resolving eureka endpoints via configuration
2026-08-31T23:11:20.302+05:30  INFO 35844 --- [bmp-review-service] [rap-executor-%d] c.n.d.s.r.aws.ConfigClusterResolver      : Resolving eureka endpoints via configuration
2026-08-31T23:16:20.339+05:30  INFO 35844 --- [bmp-review-service] [rap-executor-%d] c.n.d.s.r.aws.ConfigClusterResolver      : Resolving eureka endpoints via configuration
2026-08-31T23:21:20.364+05:30  INFO 35844 --- [bmp-review-service] [rap-executor-%d] c.n.d.s.r.aws.ConfigClusterResolver      : Resolving eureka endpoints via configuration
2026-08-31T23:26:20.421+05:30  INFO 35844 --- [bmp-review-service] [rap-executor-%d] c.n.d.s.r.aws.ConfigClusterResolver      : Resolving eureka endpoints via configuration
2026-08-31T23:31:20.453+05:30  INFO 35844 --- [bmp-review-service] [rap-executor-%d] c.n.d.s.r.aws.ConfigClusterResolver      : Resolving eureka endpoints via configuration
2026-08-31T23:36:20.465+05:30  INFO 35844 --- [bmp-review-service] [rap-executor-%d] c.n.d.s.r.aws.ConfigClusterResolver      : Resolving eureka endpoints via configuration
2026-08-31T23:41:20.480+05:30  INFO 35844 --- [bmp-review-service] [rap-executor-%d] c.n.d.s.r.aws.ConfigClusterResolver      : Resolving eureka endpoints via configuration
2026-08-31T23:46:20.490+05:30  INFO 35844 --- [bmp-review-service] [rap-executor-%d] c.n.d.s.r.aws.ConfigClusterResolver      : Resolving eureka endpoints via configuration
2026-08-31T23:55:24.648+05:30  INFO 35844 --- [bmp-review-service] [96-b36d8c3b5e79] org.apache.kafka.clients.NetworkClient   : [Consumer clientId=consumer-anonymous.58e4742c-e9bf-47b0-b596-b36d8c3b5e79-2, groupId=anonymous.58e4742c-e9bf-47b0-b596-b36d8c3b5e79] Disconnecting from node 1 due to request timeout.
2026-08-31T23:55:24.739+05:30  INFO 35844 --- [bmp-review-service] [96-b36d8c3b5e79] org.apache.kafka.clients.NetworkClient   : [Consumer clientId=consumer-anonymous.58e4742c-e9bf-47b0-b596-b36d8c3b5e79-2, groupId=anonymous.58e4742c-e9bf-47b0-b596-b36d8c3b5e79] Cancelled in-flight FETCH request with correlation id 150578 due to node 1 being disconnected (elapsed time since creation: 303428ms, elapsed time since send: 303428ms, throttle time: 0ms, request timeout: 30000ms)
2026-08-31T23:55:24.871+05:30  INFO 35844 --- [bmp-review-service] [96-b36d8c3b5e79] org.apache.kafka.clients.NetworkClient   : [Consumer clientId=consumer-anonymous.58e4742c-e9bf-47b0-b596-b36d8c3b5e79-2, groupId=anonymous.58e4742c-e9bf-47b0-b596-b36d8c3b5e79] Disconnecting from node 2147483646 due to request timeout.
2026-08-31T23:55:24.871+05:30  INFO 35844 --- [bmp-review-service] [96-b36d8c3b5e79] org.apache.kafka.clients.NetworkClient   : [Consumer clientId=consumer-anonymous.58e4742c-e9bf-47b0-b596-b36d8c3b5e79-2, groupId=anonymous.58e4742c-e9bf-47b0-b596-b36d8c3b5e79] Cancelled in-flight HEARTBEAT request with correlation id 150579 due to node 2147483646 being disconnected (elapsed time since creation: 300911ms, elapsed time since send: 300911ms, throttle time: 0ms, request timeout: 30000ms)
2026-08-31T23:55:24.873+05:30  INFO 35844 --- [bmp-review-service] [96-b36d8c3b5e79] o.a.kafka.clients.FetchSessionHandler    : [Consumer clientId=consumer-anonymous.58e4742c-e9bf-47b0-b596-b36d8c3b5e79-2, groupId=anonymous.58e4742c-e9bf-47b0-b596-b36d8c3b5e79] Error sending fetch request (sessionId=853176933, epoch=8543) to node 1:

org.apache.kafka.common.errors.DisconnectException: null

2026-08-31T23:55:25.088+05:30  INFO 35844 --- [bmp-review-service] [96-b36d8c3b5e79] o.a.k.c.c.internals.ConsumerCoordinator  : [Consumer clientId=consumer-anonymous.58e4742c-e9bf-47b0-b596-b36d8c3b5e79-2, groupId=anonymous.58e4742c-e9bf-47b0-b596-b36d8c3b5e79] Group coordinator localhost:9092 (id: 2147483646 rack: null) is unavailable or invalid due to cause: null. isDisconnected: true. Rediscovery will be attempted.
2026-08-31T23:55:26.919+05:30  WARN 35844 --- [bmp-review-service] [l-1 housekeeper] com.zaxxer.hikari.pool.HikariPool        : HikariPool-1 - Thread starvation or clock leap detected (housekeeper delta=5m30s149ms340µs300ns).
2026-08-31T23:55:27.571+05:30  INFO 35844 --- [bmp-review-service] [container-0-C-1] o.a.k.c.c.internals.ConsumerCoordinator  : [Consumer clientId=consumer-anonymous.58e4742c-e9bf-47b0-b596-b36d8c3b5e79-2, groupId=anonymous.58e4742c-e9bf-47b0-b596-b36d8c3b5e79] Discovered group coordinator localhost:9092 (id: 2147483646 rack: null)
2026-08-31T23:56:20.196+05:30  INFO 35844 --- [bmp-review-service] [rap-executor-%d] c.n.d.s.r.aws.ConfigClusterResolver      : Resolving eureka endpoints via configuration
2026-09-01T00:01:20.215+05:30  INFO 35844 --- [bmp-review-service] [rap-executor-%d] c.n.d.s.r.aws.ConfigClusterResolver      : Resolving eureka endpoints via configuration
2026-09-01T00:06:20.259+05:30  INFO 35844 --- [bmp-review-service] [rap-executor-%d] c.n.d.s.r.aws.ConfigClusterResolver      : Resolving eureka endpoints via configuration
2026-09-01T00:11:20.270+05:30  INFO 35844 --- [bmp-review-service] [rap-executor-%d] c.n.d.s.r.aws.ConfigClusterResolver      : Resolving eureka endpoints via configuration
2026-09-01T00:31:41.930+05:30  INFO 35844 --- [bmp-review-service] [container-0-C-1] org.apache.kafka.clients.NetworkClient   : [Consumer clientId=consumer-anonymous.58e4742c-e9bf-47b0-b596-b36d8c3b5e79-2, groupId=anonymous.58e4742c-e9bf-47b0-b596-b36d8c3b5e79] Node 2147483646 disconnected.
2026-09-01T00:31:42.056+05:30  INFO 35844 --- [bmp-review-service] [container-0-C-1] org.apache.kafka.clients.NetworkClient   : [Consumer clientId=consumer-anonymous.58e4742c-e9bf-47b0-b596-b36d8c3b5e79-2, groupId=anonymous.58e4742c-e9bf-47b0-b596-b36d8c3b5e79] Disconnecting from node 1 due to request timeout.
2026-09-01T00:31:42.108+05:30  INFO 35844 --- [bmp-review-service] [container-0-C-1] org.apache.kafka.clients.NetworkClient   : [Consumer clientId=consumer-anonymous.58e4742c-e9bf-47b0-b596-b36d8c3b5e79-2, groupId=anonymous.58e4742c-e9bf-47b0-b596-b36d8c3b5e79] Cancelled in-flight FETCH request with correlation id 152800 due to node 1 being disconnected (elapsed time since creation: 1219806ms, elapsed time since send: 1219806ms, throttle time: 0ms, request timeout: 30000ms)
2026-09-01T00:31:42.162+05:30  INFO 35844 --- [bmp-review-service] [96-b36d8c3b5e79] o.a.k.c.c.internals.ConsumerCoordinator  : [Consumer clientId=consumer-anonymous.58e4742c-e9bf-47b0-b596-b36d8c3b5e79-2, groupId=anonymous.58e4742c-e9bf-47b0-b596-b36d8c3b5e79] Group coordinator localhost:9092 (id: 2147483646 rack: null) is unavailable or invalid due to cause: session timed out without receiving a heartbeat response. isDisconnected: false. Rediscovery will be attempted.
2026-09-01T00:31:42.163+05:30  INFO 35844 --- [bmp-review-service] [96-b36d8c3b5e79] o.a.k.c.c.internals.ConsumerCoordinator  : [Consumer clientId=consumer-anonymous.58e4742c-e9bf-47b0-b596-b36d8c3b5e79-2, groupId=anonymous.58e4742c-e9bf-47b0-b596-b36d8c3b5e79] Requesting disconnect from last known coordinator localhost:9092 (id: 2147483646 rack: null)
2026-09-01T00:31:42.154+05:30  INFO 35844 --- [bmp-review-service] [container-0-C-1] o.a.kafka.clients.FetchSessionHandler    : [Consumer clientId=consumer-anonymous.58e4742c-e9bf-47b0-b596-b36d8c3b5e79-2, groupId=anonymous.58e4742c-e9bf-47b0-b596-b36d8c3b5e79] Error sending fetch request (sessionId=535280336, epoch=1890) to node 1:

org.apache.kafka.common.errors.DisconnectException: null

2026-09-01T00:31:43.319+05:30  WARN 35844 --- [bmp-review-service] [l-1 housekeeper] com.zaxxer.hikari.pool.HikariPool        : HikariPool-1 - Thread starvation or clock leap detected (housekeeper delta=20m46s272ms157µs).
2026-09-01T00:31:44.021+05:30  INFO 35844 --- [bmp-review-service] [container-0-C-1] o.a.k.c.c.internals.ConsumerCoordinator  : [Consumer clientId=consumer-anonymous.58e4742c-e9bf-47b0-b596-b36d8c3b5e79-2, groupId=anonymous.58e4742c-e9bf-47b0-b596-b36d8c3b5e79] Discovered group coordinator localhost:9092 (id: 2147483646 rack: null)
2026-09-01T00:32:25.783+05:30  INFO 35844 --- [bmp-review-service] [pool-2-thread-1] org.apache.kafka.clients.NetworkClient   : [Consumer clientId=consumer-anonymous.58e4742c-e9bf-47b0-b596-b36d8c3b5e79-3, groupId=anonymous.58e4742c-e9bf-47b0-b596-b36d8c3b5e79] Node 2147483646 disconnected.
2026-09-01T00:32:25.798+05:30  INFO 35844 --- [bmp-review-service] [pool-2-thread-1] o.a.k.c.c.internals.ConsumerCoordinator  : [Consumer clientId=consumer-anonymous.58e4742c-e9bf-47b0-b596-b36d8c3b5e79-3, groupId=anonymous.58e4742c-e9bf-47b0-b596-b36d8c3b5e79] Group coordinator localhost:9092 (id: 2147483646 rack: null) is unavailable or invalid due to cause: coordinator unavailable. isDisconnected: true. Rediscovery will be attempted.
2026-09-01T00:32:25.806+05:30  INFO 35844 --- [bmp-review-service] [pool-2-thread-1] o.a.k.c.c.internals.ConsumerCoordinator  : [Consumer clientId=consumer-anonymous.58e4742c-e9bf-47b0-b596-b36d8c3b5e79-3, groupId=anonymous.58e4742c-e9bf-47b0-b596-b36d8c3b5e79] Discovered group coordinator localhost:9092 (id: 2147483646 rack: null)
2026-09-01T00:32:25.807+05:30  INFO 35844 --- [bmp-review-service] [pool-2-thread-1] o.a.k.c.c.internals.ConsumerCoordinator  : [Consumer clientId=consumer-anonymous.58e4742c-e9bf-47b0-b596-b36d8c3b5e79-3, groupId=anonymous.58e4742c-e9bf-47b0-b596-b36d8c3b5e79] Group coordinator localhost:9092 (id: 2147483646 rack: null) is unavailable or invalid due to cause: coordinator unavailable. isDisconnected: false. Rediscovery will be attempted.
2026-09-01T00:32:25.807+05:30  INFO 35844 --- [bmp-review-service] [pool-2-thread-1] o.a.k.c.c.internals.ConsumerCoordinator  : [Consumer clientId=consumer-anonymous.58e4742c-e9bf-47b0-b596-b36d8c3b5e79-3, groupId=anonymous.58e4742c-e9bf-47b0-b596-b36d8c3b5e79] Requesting disconnect from last known coordinator localhost:9092 (id: 2147483646 rack: null)
2026-09-01T00:32:25.895+05:30  INFO 35844 --- [bmp-review-service] [pool-2-thread-1] o.a.k.c.c.internals.ConsumerCoordinator  : [Consumer clientId=consumer-anonymous.58e4742c-e9bf-47b0-b596-b36d8c3b5e79-3, groupId=anonymous.58e4742c-e9bf-47b0-b596-b36d8c3b5e79] Discovered group coordinator localhost:9092 (id: 2147483646 rack: null)
2026-09-01T00:36:36.402+05:30  INFO 35844 --- [bmp-review-service] [rap-executor-%d] c.n.d.s.r.aws.ConfigClusterResolver      : Resolving eureka endpoints via configuration
2026-09-01T00:41:36.446+05:30  INFO 35844 --- [bmp-review-service] [rap-executor-%d] c.n.d.s.r.aws.ConfigClusterResolver      : Resolving eureka endpoints via configuration
2026-09-01T00:46:36.464+05:30  INFO 35844 --- [bmp-review-service] [rap-executor-%d] c.n.d.s.r.aws.ConfigClusterResolver      : Resolving eureka endpoints via configuration
2026-09-01T00:51:36.505+05:30  INFO 35844 --- [bmp-review-service] [rap-executor-%d] c.n.d.s.r.aws.ConfigClusterResolver      : Resolving eureka endpoints via configuration
2026-09-01T00:56:36.535+05:30  INFO 35844 --- [bmp-review-service] [rap-executor-%d] c.n.d.s.r.aws.ConfigClusterResolver      : Resolving eureka endpoints via configuration
2026-09-01T01:01:36.537+05:30  INFO 35844 --- [bmp-review-service] [rap-executor-%d] c.n.d.s.r.aws.ConfigClusterResolver      : Resolving eureka endpoints via configuration
2026-09-01T01:06:36.550+05:30  INFO 35844 --- [bmp-review-service] [rap-executor-%d] c.n.d.s.r.aws.ConfigClusterResolver      : Resolving eureka endpoints via configuration
2026-09-01T01:11:36.562+05:30  INFO 35844 --- [bmp-review-service] [rap-executor-%d] c.n.d.s.r.aws.ConfigClusterResolver      : Resolving eureka endpoints via configuration
2026-09-01T01:16:36.576+05:30  INFO 35844 --- [bmp-review-service] [rap-executor-%d] c.n.d.s.r.aws.ConfigClusterResolver      : Resolving eureka endpoints via configuration
2026-09-01T01:21:36.592+05:30  INFO 35844 --- [bmp-review-service] [rap-executor-%d] c.n.d.s.r.aws.ConfigClusterResolver      : Resolving eureka endpoints via configuration
2026-09-01T01:26:36.607+05:30  INFO 35844 --- [bmp-review-service] [rap-executor-%d] c.n.d.s.r.aws.ConfigClusterResolver      : Resolving eureka endpoints via configuration
2026-09-01T01:31:36.618+05:30  INFO 35844 --- [bmp-review-service] [rap-executor-%d] c.n.d.s.r.aws.ConfigClusterResolver      : Resolving eureka endpoints via configuration
2026-09-01T01:36:36.631+05:30  INFO 35844 --- [bmp-review-service] [rap-executor-%d] c.n.d.s.r.aws.ConfigClusterResolver      : Resolving eureka endpoints via configuration
2026-09-01T04:40:45.997+05:30  INFO 35844 --- [bmp-review-service] [96-b36d8c3b5e79] org.apache.kafka.clients.NetworkClient   : [Consumer clientId=consumer-anonymous.58e4742c-e9bf-47b0-b596-b36d8c3b5e79-2, groupId=anonymous.58e4742c-e9bf-47b0-b596-b36d8c3b5e79] Node 1 disconnected.
2026-09-01T04:40:46.180+05:30  INFO 35844 --- [bmp-review-service] [96-b36d8c3b5e79] org.apache.kafka.clients.NetworkClient   : [Consumer clientId=consumer-anonymous.58e4742c-e9bf-47b0-b596-b36d8c3b5e79-2, groupId=anonymous.58e4742c-e9bf-47b0-b596-b36d8c3b5e79] Cancelled in-flight FETCH request with correlation id 162387 due to node 1 being disconnected (elapsed time since creation: 10802898ms, elapsed time since send: 10802898ms, throttle time: 0ms, request timeout: 30000ms)
2026-09-01T04:40:46.180+05:30  INFO 35844 --- [bmp-review-service] [96-b36d8c3b5e79] org.apache.kafka.clients.NetworkClient   : [Consumer clientId=consumer-anonymous.58e4742c-e9bf-47b0-b596-b36d8c3b5e79-2, groupId=anonymous.58e4742c-e9bf-47b0-b596-b36d8c3b5e79] Cancelled in-flight METADATA request with correlation id 162389 due to node 1 being disconnected (elapsed time since creation: 1478ms, elapsed time since send: 1478ms, throttle time: 0ms, request timeout: 30000ms)
2026-09-01T04:40:46.241+05:30  INFO 35844 --- [bmp-review-service] [96-b36d8c3b5e79] org.apache.kafka.clients.NetworkClient   : [Consumer clientId=consumer-anonymous.58e4742c-e9bf-47b0-b596-b36d8c3b5e79-2, groupId=anonymous.58e4742c-e9bf-47b0-b596-b36d8c3b5e79] Disconnecting from node 2147483646 due to request timeout.
2026-09-01T04:40:46.241+05:30  INFO 35844 --- [bmp-review-service] [96-b36d8c3b5e79] org.apache.kafka.clients.NetworkClient   : [Consumer clientId=consumer-anonymous.58e4742c-e9bf-47b0-b596-b36d8c3b5e79-2, groupId=anonymous.58e4742c-e9bf-47b0-b596-b36d8c3b5e79] Cancelled in-flight HEARTBEAT request with correlation id 162388 due to node 2147483646 being disconnected (elapsed time since creation: 10802450ms, elapsed time since send: 10802450ms, throttle time: 0ms, request timeout: 30000ms)
2026-09-01T04:40:46.291+05:30  INFO 35844 --- [bmp-review-service] [96-b36d8c3b5e79] o.a.kafka.clients.FetchSessionHandler    : [Consumer clientId=consumer-anonymous.58e4742c-e9bf-47b0-b596-b36d8c3b5e79-2, groupId=anonymous.58e4742c-e9bf-47b0-b596-b36d8c3b5e79] Error sending fetch request (sessionId=210781100, epoch=8179) to node 1:

org.apache.kafka.common.errors.DisconnectException: null

2026-09-01T04:40:46.619+05:30  INFO 35844 --- [bmp-review-service] [96-b36d8c3b5e79] o.a.k.c.c.internals.ConsumerCoordinator  : [Consumer clientId=consumer-anonymous.58e4742c-e9bf-47b0-b596-b36d8c3b5e79-2, groupId=anonymous.58e4742c-e9bf-47b0-b596-b36d8c3b5e79] Group coordinator localhost:9092 (id: 2147483646 rack: null) is unavailable or invalid due to cause: null. isDisconnected: true. Rediscovery will be attempted.
2026-09-01T04:40:47.286+05:30  INFO 35844 --- [bmp-review-service] [container-0-C-1] o.a.k.c.c.internals.ConsumerCoordinator  : [Consumer clientId=consumer-anonymous.58e4742c-e9bf-47b0-b596-b36d8c3b5e79-2, groupId=anonymous.58e4742c-e9bf-47b0-b596-b36d8c3b5e79] Discovered group coordinator localhost:9092 (id: 2147483646 rack: null)
2026-09-01T13:42:05.926+05:30  INFO 35844 --- [bmp-review-service] [container-0-C-1] org.apache.kafka.clients.NetworkClient   : [Consumer clientId=consumer-anonymous.58e4742c-e9bf-47b0-b596-b36d8c3b5e79-2, groupId=anonymous.58e4742c-e9bf-47b0-b596-b36d8c3b5e79] Node 1 disconnected.
2026-09-01T13:42:05.927+05:30  INFO 35844 --- [bmp-review-service] [container-0-C-1] org.apache.kafka.clients.NetworkClient   : [Consumer clientId=consumer-anonymous.58e4742c-e9bf-47b0-b596-b36d8c3b5e79-2, groupId=anonymous.58e4742c-e9bf-47b0-b596-b36d8c3b5e79] Cancelled in-flight FETCH request with correlation id 162413 due to node 1 being disconnected (elapsed time since creation: 32470476ms, elapsed time since send: 32470476ms, throttle time: 0ms, request timeout: 30000ms)
2026-09-01T13:42:05.927+05:30  INFO 35844 --- [bmp-review-service] [container-0-C-1] org.apache.kafka.clients.NetworkClient   : [Consumer clientId=consumer-anonymous.58e4742c-e9bf-47b0-b596-b36d8c3b5e79-2, groupId=anonymous.58e4742c-e9bf-47b0-b596-b36d8c3b5e79] Disconnecting from node 2147483646 due to request timeout.
2026-09-01T13:42:05.928+05:30  INFO 35844 --- [bmp-review-service] [container-0-C-1] org.apache.kafka.clients.NetworkClient   : [Consumer clientId=consumer-anonymous.58e4742c-e9bf-47b0-b596-b36d8c3b5e79-2, groupId=anonymous.58e4742c-e9bf-47b0-b596-b36d8c3b5e79] Cancelled in-flight HEARTBEAT request with correlation id 162414 due to node 2147483646 being disconnected (elapsed time since creation: 32469625ms, elapsed time since send: 32469625ms, throttle time: 0ms, request timeout: 30000ms)
2026-09-01T13:42:05.928+05:30  INFO 35844 --- [bmp-review-service] [96-b36d8c3b5e79] o.a.k.c.c.internals.ConsumerCoordinator  : [Consumer clientId=consumer-anonymous.58e4742c-e9bf-47b0-b596-b36d8c3b5e79-2, groupId=anonymous.58e4742c-e9bf-47b0-b596-b36d8c3b5e79] Group coordinator localhost:9092 (id: 2147483646 rack: null) is unavailable or invalid due to cause: null. isDisconnected: true. Rediscovery will be attempted.
2026-09-01T13:42:05.928+05:30  INFO 35844 --- [bmp-review-service] [container-0-C-1] o.a.kafka.clients.FetchSessionHandler    : [Consumer clientId=consumer-anonymous.58e4742c-e9bf-47b0-b596-b36d8c3b5e79-2, groupId=anonymous.58e4742c-e9bf-47b0-b596-b36d8c3b5e79] Error sending fetch request (sessionId=1325157222, epoch=14) to node 1:

org.apache.kafka.common.errors.DisconnectException: null

2026-09-01T13:42:06.916+05:30  INFO 35844 --- [bmp-review-service] [container-0-C-1] o.a.k.c.c.internals.ConsumerCoordinator  : [Consumer clientId=consumer-anonymous.58e4742c-e9bf-47b0-b596-b36d8c3b5e79-2, groupId=anonymous.58e4742c-e9bf-47b0-b596-b36d8c3b5e79] Discovered group coordinator localhost:9092 (id: 2147483646 rack: null)
2026-09-01T13:42:19.529+05:30  WARN 35844 --- [bmp-review-service] [l-1 housekeeper] com.zaxxer.hikari.pool.HikariPool        : HikariPool-1 - Thread starvation or clock leap detected (housekeeper delta=12h1m37s618ms643µs800ns).
2026-09-01T13:42:28.138+05:30  INFO 35844 --- [bmp-review-service] [pool-2-thread-1] org.apache.kafka.clients.NetworkClient   : [Consumer clientId=consumer-anonymous.58e4742c-e9bf-47b0-b596-b36d8c3b5e79-3, groupId=anonymous.58e4742c-e9bf-47b0-b596-b36d8c3b5e79] Node 2147483646 disconnected.
2026-09-01T13:42:36.955+05:30  INFO 35844 --- [bmp-review-service] [rap-executor-%d] c.n.d.s.r.aws.ConfigClusterResolver      : Resolving eureka endpoints via configuration
2026-09-01T13:47:36.996+05:30  INFO 35844 --- [bmp-review-service] [rap-executor-%d] c.n.d.s.r.aws.ConfigClusterResolver      : Resolving eureka endpoints via configuration
2026-09-01T13:52:37.043+05:30  INFO 35844 --- [bmp-review-service] [rap-executor-%d] c.n.d.s.r.aws.ConfigClusterResolver      : Resolving eureka endpoints via configuration
2026-09-01T13:57:37.101+05:30  INFO 35844 --- [bmp-review-service] [rap-executor-%d] c.n.d.s.r.aws.ConfigClusterResolver      : Resolving eureka endpoints via configuration
2026-09-01T14:02:37.127+05:30  INFO 35844 --- [bmp-review-service] [rap-executor-%d] c.n.d.s.r.aws.ConfigClusterResolver      : Resolving eureka endpoints via configuration
2026-09-01T14:44:41.783+05:30  INFO 35844 --- [bmp-review-service] [container-0-C-1] org.apache.kafka.clients.NetworkClient   : [Consumer clientId=consumer-anonymous.58e4742c-e9bf-47b0-b596-b36d8c3b5e79-2, groupId=anonymous.58e4742c-e9bf-47b0-b596-b36d8c3b5e79] Node 2147483646 disconnected.
2026-09-01T14:44:41.928+05:30  INFO 35844 --- [bmp-review-service] [container-0-C-1] org.apache.kafka.clients.NetworkClient   : [Consumer clientId=consumer-anonymous.58e4742c-e9bf-47b0-b596-b36d8c3b5e79-2, groupId=anonymous.58e4742c-e9bf-47b0-b596-b36d8c3b5e79] Disconnecting from node 1 due to request timeout.
2026-09-01T14:44:41.929+05:30  INFO 35844 --- [bmp-review-service] [container-0-C-1] org.apache.kafka.clients.NetworkClient   : [Consumer clientId=consumer-anonymous.58e4742c-e9bf-47b0-b596-b36d8c3b5e79-2, groupId=anonymous.58e4742c-e9bf-47b0-b596-b36d8c3b5e79] Cancelled in-flight FETCH request with correlation id 165436 due to node 1 being disconnected (elapsed time since creation: 2454897ms, elapsed time since send: 2454897ms, throttle time: 0ms, request timeout: 30000ms)
2026-09-01T14:44:41.938+05:30  INFO 35844 --- [bmp-review-service] [96-b36d8c3b5e79] o.a.k.c.c.internals.ConsumerCoordinator  : [Consumer clientId=consumer-anonymous.58e4742c-e9bf-47b0-b596-b36d8c3b5e79-2, groupId=anonymous.58e4742c-e9bf-47b0-b596-b36d8c3b5e79] Group coordinator localhost:9092 (id: 2147483646 rack: null) is unavailable or invalid due to cause: session timed out without receiving a heartbeat response. isDisconnected: false. Rediscovery will be attempted.
2026-09-01T14:44:42.017+05:30  INFO 35844 --- [bmp-review-service] [96-b36d8c3b5e79] o.a.k.c.c.internals.ConsumerCoordinator  : [Consumer clientId=consumer-anonymous.58e4742c-e9bf-47b0-b596-b36d8c3b5e79-2, groupId=anonymous.58e4742c-e9bf-47b0-b596-b36d8c3b5e79] Requesting disconnect from last known coordinator localhost:9092 (id: 2147483646 rack: null)
2026-09-01T14:44:42.013+05:30  INFO 35844 --- [bmp-review-service] [container-0-C-1] o.a.kafka.clients.FetchSessionHandler    : [Consumer clientId=consumer-anonymous.58e4742c-e9bf-47b0-b596-b36d8c3b5e79-2, groupId=anonymous.58e4742c-e9bf-47b0-b596-b36d8c3b5e79] Error sending fetch request (sessionId=553216168, epoch=2575) to node 1:

org.apache.kafka.common.errors.DisconnectException: null

2026-09-01T14:44:42.664+05:30  INFO 35844 --- [bmp-review-service] [container-0-C-1] o.a.k.c.c.internals.ConsumerCoordinator  : [Consumer clientId=consumer-anonymous.58e4742c-e9bf-47b0-b596-b36d8c3b5e79-2, groupId=anonymous.58e4742c-e9bf-47b0-b596-b36d8c3b5e79] Discovered group coordinator localhost:9092 (id: 2147483646 rack: null)
2026-09-01T14:45:06.632+05:30  WARN 35844 --- [bmp-review-service] [l-1 housekeeper] com.zaxxer.hikari.pool.HikariPool        : HikariPool-1 - Thread starvation or clock leap detected (housekeeper delta=41m21s460ms221µs500ns).
2026-09-01T14:45:20.415+05:30  INFO 35844 --- [bmp-review-service] [pool-2-thread-1] org.apache.kafka.clients.NetworkClient   : [Consumer clientId=consumer-anonymous.58e4742c-e9bf-47b0-b596-b36d8c3b5e79-3, groupId=anonymous.58e4742c-e9bf-47b0-b596-b36d8c3b5e79] Node 2147483646 disconnected.
2026-09-01T14:45:20.439+05:30  INFO 35844 --- [bmp-review-service] [pool-2-thread-1] o.a.k.c.c.internals.ConsumerCoordinator  : [Consumer clientId=consumer-anonymous.58e4742c-e9bf-47b0-b596-b36d8c3b5e79-3, groupId=anonymous.58e4742c-e9bf-47b0-b596-b36d8c3b5e79] Group coordinator localhost:9092 (id: 2147483646 rack: null) is unavailable or invalid due to cause: coordinator unavailable. isDisconnected: true. Rediscovery will be attempted.
2026-09-01T14:45:20.442+05:30  INFO 35844 --- [bmp-review-service] [pool-2-thread-1] o.a.k.c.c.internals.ConsumerCoordinator  : [Consumer clientId=consumer-anonymous.58e4742c-e9bf-47b0-b596-b36d8c3b5e79-3, groupId=anonymous.58e4742c-e9bf-47b0-b596-b36d8c3b5e79] Discovered group coordinator localhost:9092 (id: 2147483646 rack: null)
2026-09-01T14:45:20.442+05:30  INFO 35844 --- [bmp-review-service] [pool-2-thread-1] o.a.k.c.c.internals.ConsumerCoordinator  : [Consumer clientId=consumer-anonymous.58e4742c-e9bf-47b0-b596-b36d8c3b5e79-3, groupId=anonymous.58e4742c-e9bf-47b0-b596-b36d8c3b5e79] Group coordinator localhost:9092 (id: 2147483646 rack: null) is unavailable or invalid due to cause: coordinator unavailable. isDisconnected: false. Rediscovery will be attempted.
2026-09-01T14:45:20.442+05:30  INFO 35844 --- [bmp-review-service] [pool-2-thread-1] o.a.k.c.c.internals.ConsumerCoordinator  : [Consumer clientId=consumer-anonymous.58e4742c-e9bf-47b0-b596-b36d8c3b5e79-3, groupId=anonymous.58e4742c-e9bf-47b0-b596-b36d8c3b5e79] Requesting disconnect from last known coordinator localhost:9092 (id: 2147483646 rack: null)
2026-09-01T14:45:20.554+05:30  INFO 35844 --- [bmp-review-service] [pool-2-thread-1] o.a.k.c.c.internals.ConsumerCoordinator  : [Consumer clientId=consumer-anonymous.58e4742c-e9bf-47b0-b596-b36d8c3b5e79-3, groupId=anonymous.58e4742c-e9bf-47b0-b596-b36d8c3b5e79] Discovered group coordinator localhost:9092 (id: 2147483646 rack: null)
2026-09-01T14:48:28.461+05:30  INFO 35844 --- [bmp-review-service] [rap-executor-%d] c.n.d.s.r.aws.ConfigClusterResolver      : Resolving eureka endpoints via configuration
2026-09-01T14:53:28.474+05:30  INFO 35844 --- [bmp-review-service] [rap-executor-%d] c.n.d.s.r.aws.ConfigClusterResolver      : Resolving eureka endpoints via configuration
2026-09-01T14:58:28.484+05:30  INFO 35844 --- [bmp-review-service] [rap-executor-%d] c.n.d.s.r.aws.ConfigClusterResolver      : Resolving eureka endpoints via configuration
2026-09-01T15:03:28.525+05:30  INFO 35844 --- [bmp-review-service] [rap-executor-%d] c.n.d.s.r.aws.ConfigClusterResolver      : Resolving eureka endpoints via configuration
2026-09-01T15:08:28.537+05:30  INFO 35844 --- [bmp-review-service] [rap-executor-%d] c.n.d.s.r.aws.ConfigClusterResolver      : Resolving eureka endpoints via configuration
2026-09-01T15:13:28.573+05:30  INFO 35844 --- [bmp-review-service] [rap-executor-%d] c.n.d.s.r.aws.ConfigClusterResolver      : Resolving eureka endpoints via configuration
2026-09-01T15:18:28.578+05:30  INFO 35844 --- [bmp-review-service] [rap-executor-%d] c.n.d.s.r.aws.ConfigClusterResolver      : Resolving eureka endpoints via configuration
2026-09-01T15:23:28.593+05:30  INFO 35844 --- [bmp-review-service] [rap-executor-%d] c.n.d.s.r.aws.ConfigClusterResolver      : Resolving eureka endpoints via configuration
2026-09-01T15:28:28.609+05:30  INFO 35844 --- [bmp-review-service] [rap-executor-%d] c.n.d.s.r.aws.ConfigClusterResolver      : Resolving eureka endpoints via configuration
2026-09-01T15:33:28.624+05:30  INFO 35844 --- [bmp-review-service] [rap-executor-%d] c.n.d.s.r.aws.ConfigClusterResolver      : Resolving eureka endpoints via configuration
2026-09-01T15:38:28.636+05:30  INFO 35844 --- [bmp-review-service] [rap-executor-%d] c.n.d.s.r.aws.ConfigClusterResolver      : Resolving eureka endpoints via configuration
2026-09-01T15:43:28.641+05:30  INFO 35844 --- [bmp-review-service] [rap-executor-%d] c.n.d.s.r.aws.ConfigClusterResolver      : Resolving eureka endpoints via configuration
2026-09-01T15:48:28.653+05:30  INFO 35844 --- [bmp-review-service] [rap-executor-%d] c.n.d.s.r.aws.ConfigClusterResolver      : Resolving eureka endpoints via configuration
2026-09-01T15:53:28.669+05:30  INFO 35844 --- [bmp-review-service] [rap-executor-%d] c.n.d.s.r.aws.ConfigClusterResolver      : Resolving eureka endpoints via configuration
2026-09-01T15:58:28.675+05:30  INFO 35844 --- [bmp-review-service] [rap-executor-%d] c.n.d.s.r.aws.ConfigClusterResolver      : Resolving eureka endpoints via configuration
2026-09-01T16:03:28.691+05:30  INFO 35844 --- [bmp-review-service] [rap-executor-%d] c.n.d.s.r.aws.ConfigClusterResolver      : Resolving eureka endpoints via configuration
2026-09-01T16:08:28.707+05:30  INFO 35844 --- [bmp-review-service] [rap-executor-%d] c.n.d.s.r.aws.ConfigClusterResolver      : Resolving eureka endpoints via configuration
2026-09-01T16:13:28.717+05:30  INFO 35844 --- [bmp-review-service] [rap-executor-%d] c.n.d.s.r.aws.ConfigClusterResolver      : Resolving eureka endpoints via configuration
2026-09-01T16:18:28.726+05:30  INFO 35844 --- [bmp-review-service] [rap-executor-%d] c.n.d.s.r.aws.ConfigClusterResolver      : Resolving eureka endpoints via configuration
2026-09-01T17:07:55.959+05:30  INFO 35844 --- [bmp-review-service] [container-0-C-1] org.apache.kafka.clients.NetworkClient   : [Consumer clientId=consumer-anonymous.58e4742c-e9bf-47b0-b596-b36d8c3b5e79-2, groupId=anonymous.58e4742c-e9bf-47b0-b596-b36d8c3b5e79] Node 2147483646 disconnected.
2026-09-01T17:07:56.179+05:30  INFO 35844 --- [bmp-review-service] [container-0-C-1] org.apache.kafka.clients.NetworkClient   : [Consumer clientId=consumer-anonymous.58e4742c-e9bf-47b0-b596-b36d8c3b5e79-2, groupId=anonymous.58e4742c-e9bf-47b0-b596-b36d8c3b5e79] Disconnecting from node 1 due to request timeout.
2026-09-01T17:07:56.183+05:30  INFO 35844 --- [bmp-review-service] [container-0-C-1] org.apache.kafka.clients.NetworkClient   : [Consumer clientId=consumer-anonymous.58e4742c-e9bf-47b0-b596-b36d8c3b5e79-2, groupId=anonymous.58e4742c-e9bf-47b0-b596-b36d8c3b5e79] Cancelled in-flight FETCH request with correlation id 179029 due to node 1 being disconnected (elapsed time since creation: 2728531ms, elapsed time since send: 2728531ms, throttle time: 0ms, request timeout: 30000ms)
2026-09-01T17:07:56.240+05:30  INFO 35844 --- [bmp-review-service] [96-b36d8c3b5e79] o.a.k.c.c.internals.ConsumerCoordinator  : [Consumer clientId=consumer-anonymous.58e4742c-e9bf-47b0-b596-b36d8c3b5e79-2, groupId=anonymous.58e4742c-e9bf-47b0-b596-b36d8c3b5e79] Group coordinator localhost:9092 (id: 2147483646 rack: null) is unavailable or invalid due to cause: session timed out without receiving a heartbeat response. isDisconnected: false. Rediscovery will be attempted.
2026-09-01T17:07:56.269+05:30  INFO 35844 --- [bmp-review-service] [96-b36d8c3b5e79] o.a.k.c.c.internals.ConsumerCoordinator  : [Consumer clientId=consumer-anonymous.58e4742c-e9bf-47b0-b596-b36d8c3b5e79-2, groupId=anonymous.58e4742c-e9bf-47b0-b596-b36d8c3b5e79] Requesting disconnect from last known coordinator localhost:9092 (id: 2147483646 rack: null)
2026-09-01T17:07:56.283+05:30  INFO 35844 --- [bmp-review-service] [container-0-C-1] o.a.kafka.clients.FetchSessionHandler    : [Consumer clientId=consumer-anonymous.58e4742c-e9bf-47b0-b596-b36d8c3b5e79-2, groupId=anonymous.58e4742c-e9bf-47b0-b596-b36d8c3b5e79] Error sending fetch request (sessionId=1986863113, epoch=11599) to node 1:

org.apache.kafka.common.errors.DisconnectException: null

2026-09-01T17:07:57.457+05:30  INFO 35844 --- [bmp-review-service] [container-0-C-1] o.a.k.c.c.internals.ConsumerCoordinator  : [Consumer clientId=consumer-anonymous.58e4742c-e9bf-47b0-b596-b36d8c3b5e79-2, groupId=anonymous.58e4742c-e9bf-47b0-b596-b36d8c3b5e79] Discovered group coordinator localhost:9092 (id: 2147483646 rack: null)
2026-09-01T17:07:57.492+05:30  INFO 35844 --- [bmp-review-service] [container-0-C-1] o.a.k.c.c.internals.ConsumerCoordinator  : [Consumer clientId=consumer-anonymous.58e4742c-e9bf-47b0-b596-b36d8c3b5e79-2, groupId=anonymous.58e4742c-e9bf-47b0-b596-b36d8c3b5e79] Discovered group coordinator localhost:9092 (id: 2147483646 rack: null)
2026-09-01T17:08:03.322+05:30  WARN 35844 --- [bmp-review-service] [l-1 housekeeper] com.zaxxer.hikari.pool.HikariPool        : HikariPool-1 - Thread starvation or clock leap detected (housekeeper delta=45m55s57ms689µs700ns).
2026-09-01T17:08:47.259+05:30  INFO 35844 --- [bmp-review-service] [pool-2-thread-1] org.apache.kafka.clients.NetworkClient   : [Consumer clientId=consumer-anonymous.58e4742c-e9bf-47b0-b596-b36d8c3b5e79-3, groupId=anonymous.58e4742c-e9bf-47b0-b596-b36d8c3b5e79] Node 2147483646 disconnected.
2026-09-01T17:08:47.271+05:30  INFO 35844 --- [bmp-review-service] [pool-2-thread-1] o.a.k.c.c.internals.ConsumerCoordinator  : [Consumer clientId=consumer-anonymous.58e4742c-e9bf-47b0-b596-b36d8c3b5e79-3, groupId=anonymous.58e4742c-e9bf-47b0-b596-b36d8c3b5e79] Group coordinator localhost:9092 (id: 2147483646 rack: null) is unavailable or invalid due to cause: coordinator unavailable. isDisconnected: true. Rediscovery will be attempted.
2026-09-01T17:08:47.276+05:30  INFO 35844 --- [bmp-review-service] [pool-2-thread-1] o.a.k.c.c.internals.ConsumerCoordinator  : [Consumer clientId=consumer-anonymous.58e4742c-e9bf-47b0-b596-b36d8c3b5e79-3, groupId=anonymous.58e4742c-e9bf-47b0-b596-b36d8c3b5e79] Discovered group coordinator localhost:9092 (id: 2147483646 rack: null)
2026-09-01T17:08:47.276+05:30  INFO 35844 --- [bmp-review-service] [pool-2-thread-1] o.a.k.c.c.internals.ConsumerCoordinator  : [Consumer clientId=consumer-anonymous.58e4742c-e9bf-47b0-b596-b36d8c3b5e79-3, groupId=anonymous.58e4742c-e9bf-47b0-b596-b36d8c3b5e79] Group coordinator localhost:9092 (id: 2147483646 rack: null) is unavailable or invalid due to cause: coordinator unavailable. isDisconnected: false. Rediscovery will be attempted.
2026-09-01T17:08:47.276+05:30  INFO 35844 --- [bmp-review-service] [pool-2-thread-1] o.a.k.c.c.internals.ConsumerCoordinator  : [Consumer clientId=consumer-anonymous.58e4742c-e9bf-47b0-b596-b36d8c3b5e79-3, groupId=anonymous.58e4742c-e9bf-47b0-b596-b36d8c3b5e79] Requesting disconnect from last known coordinator localhost:9092 (id: 2147483646 rack: null)
2026-09-01T17:08:47.390+05:30  INFO 35844 --- [bmp-review-service] [pool-2-thread-1] o.a.k.c.c.internals.ConsumerCoordinator  : [Consumer clientId=consumer-anonymous.58e4742c-e9bf-47b0-b596-b36d8c3b5e79-3, groupId=anonymous.58e4742c-e9bf-47b0-b596-b36d8c3b5e79] Discovered group coordinator localhost:9092 (id: 2147483646 rack: null)
2026-09-01T17:08:53.645+05:30  INFO 35844 --- [bmp-review-service] [rap-executor-%d] c.n.d.s.r.aws.ConfigClusterResolver      : Resolving eureka endpoints via configuration
2026-09-01T17:13:53.661+05:30  INFO 35844 --- [bmp-review-service] [rap-executor-%d] c.n.d.s.r.aws.ConfigClusterResolver      : Resolving eureka endpoints via configuration
2026-09-01T17:18:53.669+05:30  INFO 35844 --- [bmp-review-service] [rap-executor-%d] c.n.d.s.r.aws.ConfigClusterResolver      : Resolving eureka endpoints via configuration
2026-09-01T17:23:53.687+05:30  INFO 35844 --- [bmp-review-service] [rap-executor-%d] c.n.d.s.r.aws.ConfigClusterResolver      : Resolving eureka endpoints via configuration
2026-09-01T17:28:53.719+05:30  INFO 35844 --- [bmp-review-service] [rap-executor-%d] c.n.d.s.r.aws.ConfigClusterResolver      : Resolving eureka endpoints via configuration
2026-09-01T17:33:53.732+05:30  INFO 35844 --- [bmp-review-service] [rap-executor-%d] c.n.d.s.r.aws.ConfigClusterResolver      : Resolving eureka endpoints via configuration
2026-09-01T17:38:53.734+05:30  INFO 35844 --- [bmp-review-service] [rap-executor-%d] c.n.d.s.r.aws.ConfigClusterResolver      : Resolving eureka endpoints via configuration
2026-09-01T17:43:53.737+05:30  INFO 35844 --- [bmp-review-service] [rap-executor-%d] c.n.d.s.r.aws.ConfigClusterResolver      : Resolving eureka endpoints via configuration
2026-09-01T17:48:53.754+05:30  INFO 35844 --- [bmp-review-service] [rap-executor-%d] c.n.d.s.r.aws.ConfigClusterResolver      : Resolving eureka endpoints via configuration
2026-09-01T17:53:53.769+05:30  INFO 35844 --- [bmp-review-service] [rap-executor-%d] c.n.d.s.r.aws.ConfigClusterResolver      : Resolving eureka endpoints via configuration
2026-09-01T17:58:53.790+05:30  INFO 35844 --- [bmp-review-service] [rap-executor-%d] c.n.d.s.r.aws.ConfigClusterResolver      : Resolving eureka endpoints via configuration
2026-09-01T18:03:53.793+05:30  INFO 35844 --- [bmp-review-service] [rap-executor-%d] c.n.d.s.r.aws.ConfigClusterResolver      : Resolving eureka endpoints via configuration
2026-09-01T18:15:31.723+05:30  INFO 35844 --- [bmp-review-service] [96-b36d8c3b5e79] org.apache.kafka.clients.NetworkClient   : [Consumer clientId=consumer-anonymous.58e4742c-e9bf-47b0-b596-b36d8c3b5e79-2, groupId=anonymous.58e4742c-e9bf-47b0-b596-b36d8c3b5e79] Node 2147483646 disconnected.
2026-09-01T18:15:31.746+05:30  INFO 35844 --- [bmp-review-service] [pool-2-thread-1] org.apache.kafka.clients.NetworkClient   : [Consumer clientId=consumer-anonymous.58e4742c-e9bf-47b0-b596-b36d8c3b5e79-3, groupId=anonymous.58e4742c-e9bf-47b0-b596-b36d8c3b5e79] Node 2147483646 disconnected.
2026-09-01T18:15:31.749+05:30  INFO 35844 --- [bmp-review-service] [96-b36d8c3b5e79] org.apache.kafka.clients.NetworkClient   : [Consumer clientId=consumer-anonymous.58e4742c-e9bf-47b0-b596-b36d8c3b5e79-2, groupId=anonymous.58e4742c-e9bf-47b0-b596-b36d8c3b5e79] Disconnecting from node 1 due to request timeout.
2026-09-01T18:15:31.750+05:30  INFO 35844 --- [bmp-review-service] [96-b36d8c3b5e79] org.apache.kafka.clients.NetworkClient   : [Consumer clientId=consumer-anonymous.58e4742c-e9bf-47b0-b596-b36d8c3b5e79-2, groupId=anonymous.58e4742c-e9bf-47b0-b596-b36d8c3b5e79] Cancelled in-flight FETCH request with correlation id 186924 due to node 1 being disconnected (elapsed time since creation: 646491ms, elapsed time since send: 646491ms, throttle time: 0ms, request timeout: 30000ms)
2026-09-01T18:15:31.750+05:30  INFO 35844 --- [bmp-review-service] [96-b36d8c3b5e79] org.apache.kafka.clients.NetworkClient   : [Consumer clientId=consumer-anonymous.58e4742c-e9bf-47b0-b596-b36d8c3b5e79-2, groupId=anonymous.58e4742c-e9bf-47b0-b596-b36d8c3b5e79] Cancelled in-flight METADATA request with correlation id 186926 due to node 1 being disconnected (elapsed time since creation: 102ms, elapsed time since send: 102ms, throttle time: 0ms, request timeout: 30000ms)
2026-09-01T18:15:31.752+05:30  INFO 35844 --- [bmp-review-service] [96-b36d8c3b5e79] o.a.kafka.clients.FetchSessionHandler    : [Consumer clientId=consumer-anonymous.58e4742c-e9bf-47b0-b596-b36d8c3b5e79-2, groupId=anonymous.58e4742c-e9bf-47b0-b596-b36d8c3b5e79] Error sending fetch request (sessionId=1634474581, epoch=6733) to node 1:

org.apache.kafka.common.errors.DisconnectException: null

2026-09-01T18:15:32.068+05:30  INFO 35844 --- [bmp-review-service] [96-b36d8c3b5e79] o.a.k.c.c.internals.ConsumerCoordinator  : [Consumer clientId=consumer-anonymous.58e4742c-e9bf-47b0-b596-b36d8c3b5e79-2, groupId=anonymous.58e4742c-e9bf-47b0-b596-b36d8c3b5e79] Group coordinator localhost:9092 (id: 2147483646 rack: null) is unavailable or invalid due to cause: null. isDisconnected: true. Rediscovery will be attempted.
2026-09-01T18:15:34.147+05:30  INFO 35844 --- [bmp-review-service] [container-0-C-1] o.a.k.c.c.internals.ConsumerCoordinator  : [Consumer clientId=consumer-anonymous.58e4742c-e9bf-47b0-b596-b36d8c3b5e79-2, groupId=anonymous.58e4742c-e9bf-47b0-b596-b36d8c3b5e79] Discovered group coordinator localhost:9092 (id: 2147483646 rack: null)
2026-09-01T18:15:47.393+05:30  WARN 35844 --- [bmp-review-service] [l-1 housekeeper] com.zaxxer.hikari.pool.HikariPool        : HikariPool-1 - Thread starvation or clock leap detected (housekeeper delta=11m13s293ms519µs900ns).
2026-09-01T18:19:36.950+05:30  INFO 35844 --- [bmp-review-service] [rap-executor-%d] c.n.d.s.r.aws.ConfigClusterResolver      : Resolving eureka endpoints via configuration
2026-09-01T18:24:36.957+05:30  INFO 35844 --- [bmp-review-service] [rap-executor-%d] c.n.d.s.r.aws.ConfigClusterResolver      : Resolving eureka endpoints via configuration
2026-09-01T18:29:36.971+05:30  INFO 35844 --- [bmp-review-service] [rap-executor-%d] c.n.d.s.r.aws.ConfigClusterResolver      : Resolving eureka endpoints via configuration
2026-09-01T18:34:36.982+05:30  INFO 35844 --- [bmp-review-service] [rap-executor-%d] c.n.d.s.r.aws.ConfigClusterResolver      : Resolving eureka endpoints via configuration
2026-09-01T18:39:36.999+05:30  INFO 35844 --- [bmp-review-service] [rap-executor-%d] c.n.d.s.r.aws.ConfigClusterResolver      : Resolving eureka endpoints via configuration
2026-09-01T18:44:37.007+05:30  INFO 35844 --- [bmp-review-service] [rap-executor-%d] c.n.d.s.r.aws.ConfigClusterResolver      : Resolving eureka endpoints via configuration
2026-09-01T18:49:37.026+05:30  INFO 35844 --- [bmp-review-service] [rap-executor-%d] c.n.d.s.r.aws.ConfigClusterResolver      : Resolving eureka endpoints via configuration
2026-09-01T18:54:37.058+05:30  INFO 35844 --- [bmp-review-service] [rap-executor-%d] c.n.d.s.r.aws.ConfigClusterResolver      : Resolving eureka endpoints via configuration
2026-09-01T18:59:37.063+05:30  INFO 35844 --- [bmp-review-service] [rap-executor-%d] c.n.d.s.r.aws.ConfigClusterResolver      : Resolving eureka endpoints via configuration
2026-09-01T19:04:37.070+05:30  INFO 35844 --- [bmp-review-service] [rap-executor-%d] c.n.d.s.r.aws.ConfigClusterResolver      : Resolving eureka endpoints via configuration
2026-09-01T19:09:37.077+05:30  INFO 35844 --- [bmp-review-service] [rap-executor-%d] c.n.d.s.r.aws.ConfigClusterResolver      : Resolving eureka endpoints via configuration
2026-09-01T19:14:37.099+05:30  INFO 35844 --- [bmp-review-service] [rap-executor-%d] c.n.d.s.r.aws.ConfigClusterResolver      : Resolving eureka endpoints via configuration
2026-09-01T19:19:37.125+05:30  INFO 35844 --- [bmp-review-service] [rap-executor-%d] c.n.d.s.r.aws.ConfigClusterResolver      : Resolving eureka endpoints via configuration
2026-09-01T22:19:18.686+05:30  INFO 35844 --- [bmp-review-service] [container-0-C-1] org.apache.kafka.clients.NetworkClient   : [Consumer clientId=consumer-anonymous.58e4742c-e9bf-47b0-b596-b36d8c3b5e79-2, groupId=anonymous.58e4742c-e9bf-47b0-b596-b36d8c3b5e79] Node 1 disconnected.
2026-09-01T22:19:18.703+05:30  INFO 35844 --- [bmp-review-service] [container-0-C-1] org.apache.kafka.clients.NetworkClient   : [Consumer clientId=consumer-anonymous.58e4742c-e9bf-47b0-b596-b36d8c3b5e79-2, groupId=anonymous.58e4742c-e9bf-47b0-b596-b36d8c3b5e79] Cancelled in-flight FETCH request with correlation id 196299 due to node 1 being disconnected (elapsed time since creation: 10575527ms, elapsed time since send: 10575527ms, throttle time: 0ms, request timeout: 30000ms)
2026-09-01T22:19:18.712+05:30  INFO 35844 --- [bmp-review-service] [container-0-C-1] org.apache.kafka.clients.NetworkClient   : [Consumer clientId=consumer-anonymous.58e4742c-e9bf-47b0-b596-b36d8c3b5e79-2, groupId=anonymous.58e4742c-e9bf-47b0-b596-b36d8c3b5e79] Disconnecting from node 2147483646 due to request timeout.
2026-09-01T22:19:18.712+05:30  INFO 35844 --- [bmp-review-service] [container-0-C-1] org.apache.kafka.clients.NetworkClient   : [Consumer clientId=consumer-anonymous.58e4742c-e9bf-47b0-b596-b36d8c3b5e79-2, groupId=anonymous.58e4742c-e9bf-47b0-b596-b36d8c3b5e79] Cancelled in-flight HEARTBEAT request with correlation id 196300 due to node 2147483646 being disconnected (elapsed time since creation: 10575096ms, elapsed time since send: 10575096ms, throttle time: 0ms, request timeout: 30000ms)
2026-09-01T22:19:18.717+05:30  INFO 35844 --- [bmp-review-service] [container-0-C-1] o.a.kafka.clients.FetchSessionHandler    : [Consumer clientId=consumer-anonymous.58e4742c-e9bf-47b0-b596-b36d8c3b5e79-2, groupId=anonymous.58e4742c-e9bf-47b0-b596-b36d8c3b5e79] Error sending fetch request (sessionId=204954090, epoch=7994) to node 1:

org.apache.kafka.common.errors.DisconnectException: null

2026-09-01T22:19:19.458+05:30  INFO 35844 --- [bmp-review-service] [96-b36d8c3b5e79] o.a.k.c.c.internals.ConsumerCoordinator  : [Consumer clientId=consumer-anonymous.58e4742c-e9bf-47b0-b596-b36d8c3b5e79-2, groupId=anonymous.58e4742c-e9bf-47b0-b596-b36d8c3b5e79] Group coordinator localhost:9092 (id: 2147483646 rack: null) is unavailable or invalid due to cause: session timed out without receiving a heartbeat response. isDisconnected: false. Rediscovery will be attempted.
2026-09-01T22:19:19.460+05:30  INFO 35844 --- [bmp-review-service] [96-b36d8c3b5e79] o.a.k.c.c.internals.ConsumerCoordinator  : [Consumer clientId=consumer-anonymous.58e4742c-e9bf-47b0-b596-b36d8c3b5e79-2, groupId=anonymous.58e4742c-e9bf-47b0-b596-b36d8c3b5e79] Requesting disconnect from last known coordinator localhost:9092 (id: 2147483646 rack: null)
2026-09-01T22:19:23.391+05:30  INFO 35844 --- [bmp-review-service] [container-0-C-1] o.a.k.c.c.internals.ConsumerCoordinator  : [Consumer clientId=consumer-anonymous.58e4742c-e9bf-47b0-b596-b36d8c3b5e79-2, groupId=anonymous.58e4742c-e9bf-47b0-b596-b36d8c3b5e79] Discovered group coordinator localhost:9092 (id: 2147483646 rack: null)
2026-09-01T22:19:23.453+05:30  INFO 35844 --- [bmp-review-service] [container-0-C-1] o.a.k.c.c.internals.ConsumerCoordinator  : [Consumer clientId=consumer-anonymous.58e4742c-e9bf-47b0-b596-b36d8c3b5e79-2, groupId=anonymous.58e4742c-e9bf-47b0-b596-b36d8c3b5e79] Discovered group coordinator localhost:9092 (id: 2147483646 rack: null)
2026-09-01T22:19:30.473+05:30  WARN 35844 --- [bmp-review-service] [l-1 housekeeper] com.zaxxer.hikari.pool.HikariPool        : HikariPool-1 - Thread starvation or clock leap detected (housekeeper delta=2h56m41s908ms176µs600ns).
2026-09-01T22:19:47.944+05:30  INFO 35844 --- [bmp-review-service] [pool-2-thread-1] org.apache.kafka.clients.NetworkClient   : [Consumer clientId=consumer-anonymous.58e4742c-e9bf-47b0-b596-b36d8c3b5e79-3, groupId=anonymous.58e4742c-e9bf-47b0-b596-b36d8c3b5e79] Node 2147483646 disconnected.
2026-09-01T22:20:48.886+05:30  INFO 35844 --- [bmp-review-service] [rap-executor-%d] c.n.d.s.r.aws.ConfigClusterResolver      : Resolving eureka endpoints via configuration
2026-09-01T22:25:48.949+05:30  INFO 35844 --- [bmp-review-service] [rap-executor-%d] c.n.d.s.r.aws.ConfigClusterResolver      : Resolving eureka endpoints via configuration
2026-09-01T22:30:49.007+05:30  INFO 35844 --- [bmp-review-service] [rap-executor-%d] c.n.d.s.r.aws.ConfigClusterResolver      : Resolving eureka endpoints via configuration
2026-09-01T22:35:49.021+05:30  INFO 35844 --- [bmp-review-service] [rap-executor-%d] c.n.d.s.r.aws.ConfigClusterResolver      : Resolving eureka endpoints via configuration
2026-09-01T22:40:49.030+05:30  INFO 35844 --- [bmp-review-service] [rap-executor-%d] c.n.d.s.r.aws.ConfigClusterResolver      : Resolving eureka endpoints via configuration
2026-09-01T22:45:49.047+05:30  INFO 35844 --- [bmp-review-service] [rap-executor-%d] c.n.d.s.r.aws.ConfigClusterResolver      : Resolving eureka endpoints via configuration
2026-09-01T22:50:49.064+05:30  INFO 35844 --- [bmp-review-service] [rap-executor-%d] c.n.d.s.r.aws.ConfigClusterResolver      : Resolving eureka endpoints via configuration
2026-09-01T22:55:49.079+05:30  INFO 35844 --- [bmp-review-service] [rap-executor-%d] c.n.d.s.r.aws.ConfigClusterResolver      : Resolving eureka endpoints via configuration
2026-09-01T23:00:49.103+05:30  INFO 35844 --- [bmp-review-service] [rap-executor-%d] c.n.d.s.r.aws.ConfigClusterResolver      : Resolving eureka endpoints via configuration
2026-09-01T23:05:49.134+05:30  INFO 35844 --- [bmp-review-service] [rap-executor-%d] c.n.d.s.r.aws.ConfigClusterResolver      : Resolving eureka endpoints via configuration
2026-09-01T23:10:49.141+05:30  INFO 35844 --- [bmp-review-service] [rap-executor-%d] c.n.d.s.r.aws.ConfigClusterResolver      : Resolving eureka endpoints via configuration
2026-09-01T23:15:49.151+05:30  INFO 35844 --- [bmp-review-service] [rap-executor-%d] c.n.d.s.r.aws.ConfigClusterResolver      : Resolving eureka endpoints via configuration
2026-09-01T23:20:49.159+05:30  INFO 35844 --- [bmp-review-service] [rap-executor-%d] c.n.d.s.r.aws.ConfigClusterResolver      : Resolving eureka endpoints via configuration
2026-09-01T23:25:49.183+05:30  INFO 35844 --- [bmp-review-service] [rap-executor-%d] c.n.d.s.r.aws.ConfigClusterResolver      : Resolving eureka endpoints via configuration
2026-09-01T23:30:49.187+05:30  INFO 35844 --- [bmp-review-service] [rap-executor-%d] c.n.d.s.r.aws.ConfigClusterResolver      : Resolving eureka endpoints via configuration
2026-09-01T23:35:49.195+05:30  INFO 35844 --- [bmp-review-service] [rap-executor-%d] c.n.d.s.r.aws.ConfigClusterResolver      : Resolving eureka endpoints via configuration
2026-09-01T23:40:49.209+05:30  INFO 35844 --- [bmp-review-service] [rap-executor-%d] c.n.d.s.r.aws.ConfigClusterResolver      : Resolving eureka endpoints via configuration
2026-09-01T23:45:49.216+05:30  INFO 35844 --- [bmp-review-service] [rap-executor-%d] c.n.d.s.r.aws.ConfigClusterResolver      : Resolving eureka endpoints via configuration
2026-09-01T23:50:49.229+05:30  INFO 35844 --- [bmp-review-service] [rap-executor-%d] c.n.d.s.r.aws.ConfigClusterResolver      : Resolving eureka endpoints via configuration
2026-09-01T23:55:49.234+05:30  INFO 35844 --- [bmp-review-service] [rap-executor-%d] c.n.d.s.r.aws.ConfigClusterResolver      : Resolving eureka endpoints via configuration
2026-09-02T00:00:49.251+05:30  INFO 35844 --- [bmp-review-service] [rap-executor-%d] c.n.d.s.r.aws.ConfigClusterResolver      : Resolving eureka endpoints via configuration
2026-09-02T00:05:49.264+05:30  INFO 35844 --- [bmp-review-service] [rap-executor-%d] c.n.d.s.r.aws.ConfigClusterResolver      : Resolving eureka endpoints via configuration
2026-09-02T00:10:49.289+05:30  INFO 35844 --- [bmp-review-service] [rap-executor-%d] c.n.d.s.r.aws.ConfigClusterResolver      : Resolving eureka endpoints via configuration
2026-09-02T00:15:49.329+05:30  INFO 35844 --- [bmp-review-service] [rap-executor-%d] c.n.d.s.r.aws.ConfigClusterResolver      : Resolving eureka endpoints via configuration
2026-09-02T00:20:49.335+05:30  INFO 35844 --- [bmp-review-service] [rap-executor-%d] c.n.d.s.r.aws.ConfigClusterResolver      : Resolving eureka endpoints via configuration
2026-09-02T00:25:49.361+05:30  INFO 35844 --- [bmp-review-service] [rap-executor-%d] c.n.d.s.r.aws.ConfigClusterResolver      : Resolving eureka endpoints via configuration
2026-09-02T00:30:49.370+05:30  INFO 35844 --- [bmp-review-service] [rap-executor-%d] c.n.d.s.r.aws.ConfigClusterResolver      : Resolving eureka endpoints via configuration
2026-09-02T00:35:49.384+05:30  INFO 35844 --- [bmp-review-service] [rap-executor-%d] c.n.d.s.r.aws.ConfigClusterResolver      : Resolving eureka endpoints via configuration
2026-09-02T03:40:09.697+05:30  INFO 35844 --- [bmp-review-service] [container-0-C-1] org.apache.kafka.clients.NetworkClient   : [Consumer clientId=consumer-anonymous.58e4742c-e9bf-47b0-b596-b36d8c3b5e79-2, groupId=anonymous.58e4742c-e9bf-47b0-b596-b36d8c3b5e79] Node 1 disconnected.
2026-09-02T03:40:09.698+05:30  INFO 35844 --- [bmp-review-service] [container-0-C-1] org.apache.kafka.clients.NetworkClient   : [Consumer clientId=consumer-anonymous.58e4742c-e9bf-47b0-b596-b36d8c3b5e79-2, groupId=anonymous.58e4742c-e9bf-47b0-b596-b36d8c3b5e79] Cancelled in-flight FETCH request with correlation id 215841 due to node 1 being disconnected (elapsed time since creation: 10804018ms, elapsed time since send: 10804018ms, throttle time: 0ms, request timeout: 30000ms)
2026-09-02T03:40:09.699+05:30  INFO 35844 --- [bmp-review-service] [container-0-C-1] o.a.kafka.clients.FetchSessionHandler    : [Consumer clientId=consumer-anonymous.58e4742c-e9bf-47b0-b596-b36d8c3b5e79-2, groupId=anonymous.58e4742c-e9bf-47b0-b596-b36d8c3b5e79] Error sending fetch request (sessionId=2039513997, epoch=16672) to node 1:

org.apache.kafka.common.errors.DisconnectException: null

2026-09-02T03:40:09.893+05:30  INFO 35844 --- [bmp-review-service] [96-b36d8c3b5e79] org.apache.kafka.clients.NetworkClient   : [Consumer clientId=consumer-anonymous.58e4742c-e9bf-47b0-b596-b36d8c3b5e79-2, groupId=anonymous.58e4742c-e9bf-47b0-b596-b36d8c3b5e79] Node 2147483646 disconnected.
2026-09-02T03:40:09.941+05:30  INFO 35844 --- [bmp-review-service] [96-b36d8c3b5e79] o.a.k.c.c.internals.ConsumerCoordinator  : [Consumer clientId=consumer-anonymous.58e4742c-e9bf-47b0-b596-b36d8c3b5e79-2, groupId=anonymous.58e4742c-e9bf-47b0-b596-b36d8c3b5e79] Group coordinator localhost:9092 (id: 2147483646 rack: null) is unavailable or invalid due to cause: coordinator unavailable. isDisconnected: true. Rediscovery will be attempted.
2026-09-02T03:40:11.530+05:30  INFO 35844 --- [bmp-review-service] [container-0-C-1] o.a.k.c.c.internals.ConsumerCoordinator  : [Consumer clientId=consumer-anonymous.58e4742c-e9bf-47b0-b596-b36d8c3b5e79-2, groupId=anonymous.58e4742c-e9bf-47b0-b596-b36d8c3b5e79] Discovered group coordinator localhost:9092 (id: 2147483646 rack: null)
2026-09-02T03:40:13.556+05:30  WARN 35844 --- [bmp-review-service] [l-1 housekeeper] com.zaxxer.hikari.pool.HikariPool        : HikariPool-1 - Thread starvation or clock leap detected (housekeeper delta=3h29s536ms914µs700ns).
2026-09-02T10:42:49.612+05:30  INFO 35844 --- [bmp-review-service] [container-0-C-1] org.apache.kafka.clients.NetworkClient   : [Consumer clientId=consumer-anonymous.58e4742c-e9bf-47b0-b596-b36d8c3b5e79-2, groupId=anonymous.58e4742c-e9bf-47b0-b596-b36d8c3b5e79] Node 2147483646 disconnected.
2026-09-02T10:42:49.613+05:30  INFO 35844 --- [bmp-review-service] [container-0-C-1] org.apache.kafka.clients.NetworkClient   : [Consumer clientId=consumer-anonymous.58e4742c-e9bf-47b0-b596-b36d8c3b5e79-2, groupId=anonymous.58e4742c-e9bf-47b0-b596-b36d8c3b5e79] Disconnecting from node 1 due to request timeout.
2026-09-02T10:42:50.834+05:30  INFO 35844 --- [bmp-review-service] [container-0-C-1] org.apache.kafka.clients.NetworkClient   : [Consumer clientId=consumer-anonymous.58e4742c-e9bf-47b0-b596-b36d8c3b5e79-2, groupId=anonymous.58e4742c-e9bf-47b0-b596-b36d8c3b5e79] Cancelled in-flight FETCH request with correlation id 215859 due to node 1 being disconnected (elapsed time since creation: 25353560ms, elapsed time since send: 25353560ms, throttle time: 0ms, request timeout: 30000ms)
2026-09-02T10:42:50.834+05:30  INFO 35844 --- [bmp-review-service] [container-0-C-1] o.a.kafka.clients.FetchSessionHandler    : [Consumer clientId=consumer-anonymous.58e4742c-e9bf-47b0-b596-b36d8c3b5e79-2, groupId=anonymous.58e4742c-e9bf-47b0-b596-b36d8c3b5e79] Error sending fetch request (sessionId=1358903902, epoch=8) to node 1:

org.apache.kafka.common.errors.DisconnectException: null

2026-09-02T10:42:50.919+05:30  INFO 35844 --- [bmp-review-service] [96-b36d8c3b5e79] o.a.k.c.c.internals.ConsumerCoordinator  : [Consumer clientId=consumer-anonymous.58e4742c-e9bf-47b0-b596-b36d8c3b5e79-2, groupId=anonymous.58e4742c-e9bf-47b0-b596-b36d8c3b5e79] Group coordinator localhost:9092 (id: 2147483646 rack: null) is unavailable or invalid due to cause: session timed out without receiving a heartbeat response. isDisconnected: false. Rediscovery will be attempted.
2026-09-02T10:42:50.919+05:30  INFO 35844 --- [bmp-review-service] [96-b36d8c3b5e79] o.a.k.c.c.internals.ConsumerCoordinator  : [Consumer clientId=consumer-anonymous.58e4742c-e9bf-47b0-b596-b36d8c3b5e79-2, groupId=anonymous.58e4742c-e9bf-47b0-b596-b36d8c3b5e79] Requesting disconnect from last known coordinator localhost:9092 (id: 2147483646 rack: null)
2026-09-02T10:42:53.916+05:30  INFO 35844 --- [bmp-review-service] [container-0-C-1] o.a.k.c.c.internals.ConsumerCoordinator  : [Consumer clientId=consumer-anonymous.58e4742c-e9bf-47b0-b596-b36d8c3b5e79-2, groupId=anonymous.58e4742c-e9bf-47b0-b596-b36d8c3b5e79] Discovered group coordinator localhost:9092 (id: 2147483646 rack: null)
2026-09-02T10:43:15.879+05:30  WARN 35844 --- [bmp-review-service] [l-1 housekeeper] com.zaxxer.hikari.pool.HikariPool        : HikariPool-1 - Thread starvation or clock leap detected (housekeeper delta=7h3m4s809ms443µs800ns).
2026-09-02T10:43:20.849+05:30  INFO 35844 --- [bmp-review-service] [rap-executor-%d] c.n.d.s.r.aws.ConfigClusterResolver      : Resolving eureka endpoints via configuration
2026-09-02T10:43:22.477+05:30  INFO 35844 --- [bmp-review-service] [pool-2-thread-1] org.apache.kafka.clients.NetworkClient   : [Consumer clientId=consumer-anonymous.58e4742c-e9bf-47b0-b596-b36d8c3b5e79-3, groupId=anonymous.58e4742c-e9bf-47b0-b596-b36d8c3b5e79] Node 2147483646 disconnected.
2026-09-02T10:43:22.519+05:30  INFO 35844 --- [bmp-review-service] [pool-2-thread-1] o.a.k.c.c.internals.ConsumerCoordinator  : [Consumer clientId=consumer-anonymous.58e4742c-e9bf-47b0-b596-b36d8c3b5e79-3, groupId=anonymous.58e4742c-e9bf-47b0-b596-b36d8c3b5e79] Group coordinator localhost:9092 (id: 2147483646 rack: null) is unavailable or invalid due to cause: coordinator unavailable. isDisconnected: true. Rediscovery will be attempted.
2026-09-02T10:43:22.529+05:30  INFO 35844 --- [bmp-review-service] [pool-2-thread-1] o.a.k.c.c.internals.ConsumerCoordinator  : [Consumer clientId=consumer-anonymous.58e4742c-e9bf-47b0-b596-b36d8c3b5e79-3, groupId=anonymous.58e4742c-e9bf-47b0-b596-b36d8c3b5e79] Discovered group coordinator localhost:9092 (id: 2147483646 rack: null)
2026-09-02T10:43:22.530+05:30  INFO 35844 --- [bmp-review-service] [pool-2-thread-1] o.a.k.c.c.internals.ConsumerCoordinator  : [Consumer clientId=consumer-anonymous.58e4742c-e9bf-47b0-b596-b36d8c3b5e79-3, groupId=anonymous.58e4742c-e9bf-47b0-b596-b36d8c3b5e79] Group coordinator localhost:9092 (id: 2147483646 rack: null) is unavailable or invalid due to cause: coordinator unavailable. isDisconnected: false. Rediscovery will be attempted.
2026-09-02T10:43:22.530+05:30  INFO 35844 --- [bmp-review-service] [pool-2-thread-1] o.a.k.c.c.internals.ConsumerCoordinator  : [Consumer clientId=consumer-anonymous.58e4742c-e9bf-47b0-b596-b36d8c3b5e79-3, groupId=anonymous.58e4742c-e9bf-47b0-b596-b36d8c3b5e79] Requesting disconnect from last known coordinator localhost:9092 (id: 2147483646 rack: null)
2026-09-02T10:43:22.637+05:30  INFO 35844 --- [bmp-review-service] [pool-2-thread-1] o.a.k.c.c.internals.ConsumerCoordinator  : [Consumer clientId=consumer-anonymous.58e4742c-e9bf-47b0-b596-b36d8c3b5e79-3, groupId=anonymous.58e4742c-e9bf-47b0-b596-b36d8c3b5e79] Discovered group coordinator localhost:9092 (id: 2147483646 rack: null)
2026-09-02T10:48:20.868+05:30  INFO 35844 --- [bmp-review-service] [rap-executor-%d] c.n.d.s.r.aws.ConfigClusterResolver      : Resolving eureka endpoints via configuration
2026-09-02T10:53:20.871+05:30  INFO 35844 --- [bmp-review-service] [rap-executor-%d] c.n.d.s.r.aws.ConfigClusterResolver      : Resolving eureka endpoints via configuration
2026-09-02T10:58:20.875+05:30  INFO 35844 --- [bmp-review-service] [rap-executor-%d] c.n.d.s.r.aws.ConfigClusterResolver      : Resolving eureka endpoints via configuration
2026-09-02T11:03:20.889+05:30  INFO 35844 --- [bmp-review-service] [rap-executor-%d] c.n.d.s.r.aws.ConfigClusterResolver      : Resolving eureka endpoints via configuration
2026-09-02T11:08:20.899+05:30  INFO 35844 --- [bmp-review-service] [rap-executor-%d] c.n.d.s.r.aws.ConfigClusterResolver      : Resolving eureka endpoints via configuration
2026-09-02T11:13:20.906+05:30  INFO 35844 --- [bmp-review-service] [rap-executor-%d] c.n.d.s.r.aws.ConfigClusterResolver      : Resolving eureka endpoints via configuration
2026-09-02T11:18:20.912+05:30  INFO 35844 --- [bmp-review-service] [rap-executor-%d] c.n.d.s.r.aws.ConfigClusterResolver      : Resolving eureka endpoints via configuration
2026-09-02T11:23:20.925+05:30  INFO 35844 --- [bmp-review-service] [rap-executor-%d] c.n.d.s.r.aws.ConfigClusterResolver      : Resolving eureka endpoints via configuration
2026-09-02T12:20:59.843+05:30  INFO 35844 --- [bmp-review-service] [96-b36d8c3b5e79] org.apache.kafka.clients.NetworkClient   : [Consumer clientId=consumer-anonymous.58e4742c-e9bf-47b0-b596-b36d8c3b5e79-2, groupId=anonymous.58e4742c-e9bf-47b0-b596-b36d8c3b5e79] Disconnecting from node 1 due to request timeout.
2026-09-02T12:20:59.857+05:30  INFO 35844 --- [bmp-review-service] [96-b36d8c3b5e79] org.apache.kafka.clients.NetworkClient   : [Consumer clientId=consumer-anonymous.58e4742c-e9bf-47b0-b596-b36d8c3b5e79-2, groupId=anonymous.58e4742c-e9bf-47b0-b596-b36d8c3b5e79] Cancelled in-flight FETCH request with correlation id 221763 due to node 1 being disconnected (elapsed time since creation: 3329805ms, elapsed time since send: 3329805ms, throttle time: 0ms, request timeout: 30000ms)
2026-09-02T12:21:00.159+05:30  INFO 35844 --- [bmp-review-service] [96-b36d8c3b5e79] org.apache.kafka.clients.NetworkClient   : [Consumer clientId=consumer-anonymous.58e4742c-e9bf-47b0-b596-b36d8c3b5e79-2, groupId=anonymous.58e4742c-e9bf-47b0-b596-b36d8c3b5e79] Disconnecting from node 2147483646 due to request timeout.
2026-09-02T12:21:00.160+05:30  INFO 35844 --- [bmp-review-service] [96-b36d8c3b5e79] org.apache.kafka.clients.NetworkClient   : [Consumer clientId=consumer-anonymous.58e4742c-e9bf-47b0-b596-b36d8c3b5e79-2, groupId=anonymous.58e4742c-e9bf-47b0-b596-b36d8c3b5e79] Cancelled in-flight HEARTBEAT request with correlation id 221764 due to node 2147483646 being disconnected (elapsed time since creation: 3328705ms, elapsed time since send: 3328705ms, throttle time: 0ms, request timeout: 30000ms)
2026-09-02T12:21:00.160+05:30  INFO 35844 --- [bmp-review-service] [96-b36d8c3b5e79] o.a.kafka.clients.FetchSessionHandler    : [Consumer clientId=consumer-anonymous.58e4742c-e9bf-47b0-b596-b36d8c3b5e79-2, groupId=anonymous.58e4742c-e9bf-47b0-b596-b36d8c3b5e79] Error sending fetch request (sessionId=304040824, epoch=5032) to node 1:

org.apache.kafka.common.errors.DisconnectException: null

2026-09-02T12:21:00.362+05:30  INFO 35844 --- [bmp-review-service] [96-b36d8c3b5e79] o.a.k.c.c.internals.ConsumerCoordinator  : [Consumer clientId=consumer-anonymous.58e4742c-e9bf-47b0-b596-b36d8c3b5e79-2, groupId=anonymous.58e4742c-e9bf-47b0-b596-b36d8c3b5e79] Group coordinator localhost:9092 (id: 2147483646 rack: null) is unavailable or invalid due to cause: null. isDisconnected: true. Rediscovery will be attempted.
2026-09-02T12:21:02.575+05:30  INFO 35844 --- [bmp-review-service] [container-0-C-1] o.a.k.c.c.internals.ConsumerCoordinator  : [Consumer clientId=consumer-anonymous.58e4742c-e9bf-47b0-b596-b36d8c3b5e79-2, groupId=anonymous.58e4742c-e9bf-47b0-b596-b36d8c3b5e79] Discovered group coordinator localhost:9092 (id: 2147483646 rack: null)
2026-09-02T12:21:13.677+05:30  WARN 35844 --- [bmp-review-service] [l-1 housekeeper] com.zaxxer.hikari.pool.HikariPool        : HikariPool-1 - Thread starvation or clock leap detected (housekeeper delta=55m56s688ms652µs800ns).
2026-09-02T12:21:50.436+05:30  INFO 35844 --- [bmp-review-service] [pool-2-thread-1] org.apache.kafka.clients.NetworkClient   : [Consumer clientId=consumer-anonymous.58e4742c-e9bf-47b0-b596-b36d8c3b5e79-3, groupId=anonymous.58e4742c-e9bf-47b0-b596-b36d8c3b5e79] Node 2147483646 disconnected.
2026-09-02T12:21:50.446+05:30  INFO 35844 --- [bmp-review-service] [pool-2-thread-1] o.a.k.c.c.internals.ConsumerCoordinator  : [Consumer clientId=consumer-anonymous.58e4742c-e9bf-47b0-b596-b36d8c3b5e79-3, groupId=anonymous.58e4742c-e9bf-47b0-b596-b36d8c3b5e79] Group coordinator localhost:9092 (id: 2147483646 rack: null) is unavailable or invalid due to cause: coordinator unavailable. isDisconnected: true. Rediscovery will be attempted.
2026-09-02T12:21:50.451+05:30  INFO 35844 --- [bmp-review-service] [pool-2-thread-1] o.a.k.c.c.internals.ConsumerCoordinator  : [Consumer clientId=consumer-anonymous.58e4742c-e9bf-47b0-b596-b36d8c3b5e79-3, groupId=anonymous.58e4742c-e9bf-47b0-b596-b36d8c3b5e79] Discovered group coordinator localhost:9092 (id: 2147483646 rack: null)
2026-09-02T12:21:50.452+05:30  INFO 35844 --- [bmp-review-service] [pool-2-thread-1] o.a.k.c.c.internals.ConsumerCoordinator  : [Consumer clientId=consumer-anonymous.58e4742c-e9bf-47b0-b596-b36d8c3b5e79-3, groupId=anonymous.58e4742c-e9bf-47b0-b596-b36d8c3b5e79] Group coordinator localhost:9092 (id: 2147483646 rack: null) is unavailable or invalid due to cause: coordinator unavailable. isDisconnected: false. Rediscovery will be attempted.
2026-09-02T12:21:50.452+05:30  INFO 35844 --- [bmp-review-service] [pool-2-thread-1] o.a.k.c.c.internals.ConsumerCoordinator  : [Consumer clientId=consumer-anonymous.58e4742c-e9bf-47b0-b596-b36d8c3b5e79-3, groupId=anonymous.58e4742c-e9bf-47b0-b596-b36d8c3b5e79] Requesting disconnect from last known coordinator localhost:9092 (id: 2147483646 rack: null)
2026-09-02T12:21:50.568+05:30  INFO 35844 --- [bmp-review-service] [pool-2-thread-1] o.a.k.c.c.internals.ConsumerCoordinator  : [Consumer clientId=consumer-anonymous.58e4742c-e9bf-47b0-b596-b36d8c3b5e79-3, groupId=anonymous.58e4742c-e9bf-47b0-b596-b36d8c3b5e79] Discovered group coordinator localhost:9092 (id: 2147483646 rack: null)
2026-09-02T12:23:47.477+05:30  INFO 35844 --- [bmp-review-service] [rap-executor-%d] c.n.d.s.r.aws.ConfigClusterResolver      : Resolving eureka endpoints via configuration
2026-09-02T12:28:47.500+05:30  INFO 35844 --- [bmp-review-service] [rap-executor-%d] c.n.d.s.r.aws.ConfigClusterResolver      : Resolving eureka endpoints via configuration
2026-09-02T12:33:47.530+05:30  INFO 35844 --- [bmp-review-service] [rap-executor-%d] c.n.d.s.r.aws.ConfigClusterResolver      : Resolving eureka endpoints via configuration
2026-09-02T12:38:47.546+05:30  INFO 35844 --- [bmp-review-service] [rap-executor-%d] c.n.d.s.r.aws.ConfigClusterResolver      : Resolving eureka endpoints via configuration
2026-09-02T12:43:47.557+05:30  INFO 35844 --- [bmp-review-service] [rap-executor-%d] c.n.d.s.r.aws.ConfigClusterResolver      : Resolving eureka endpoints via configuration
2026-09-02T12:48:47.573+05:30  INFO 35844 --- [bmp-review-service] [rap-executor-%d] c.n.d.s.r.aws.ConfigClusterResolver      : Resolving eureka endpoints via configuration
2026-09-02T12:53:47.578+05:30  INFO 35844 --- [bmp-review-service] [rap-executor-%d] c.n.d.s.r.aws.ConfigClusterResolver      : Resolving eureka endpoints via configuration
2026-09-02T12:58:47.662+05:30  INFO 35844 --- [bmp-review-service] [rap-executor-%d] c.n.d.s.r.aws.ConfigClusterResolver      : Resolving eureka endpoints via configuration
2026-09-02T13:03:47.690+05:30  INFO 35844 --- [bmp-review-service] [rap-executor-%d] c.n.d.s.r.aws.ConfigClusterResolver      : Resolving eureka endpoints via configuration
2026-09-02T13:08:47.698+05:30  INFO 35844 --- [bmp-review-service] [rap-executor-%d] c.n.d.s.r.aws.ConfigClusterResolver      : Resolving eureka endpoints via configuration
2026-09-02T13:13:47.715+05:30  INFO 35844 --- [bmp-review-service] [rap-executor-%d] c.n.d.s.r.aws.ConfigClusterResolver      : Resolving eureka endpoints via configuration
2026-09-02T13:18:47.727+05:30  INFO 35844 --- [bmp-review-service] [rap-executor-%d] c.n.d.s.r.aws.ConfigClusterResolver      : Resolving eureka endpoints via configuration
2026-09-02T13:23:47.732+05:30  INFO 35844 --- [bmp-review-service] [rap-executor-%d] c.n.d.s.r.aws.ConfigClusterResolver      : Resolving eureka endpoints via configuration
2026-09-02T20:02:26.515+05:30  INFO 35844 --- [bmp-review-service] [container-0-C-1] org.apache.kafka.clients.NetworkClient   : [Consumer clientId=consumer-anonymous.58e4742c-e9bf-47b0-b596-b36d8c3b5e79-2, groupId=anonymous.58e4742c-e9bf-47b0-b596-b36d8c3b5e79] Node 1 disconnected.
2026-09-02T20:02:26.523+05:30  INFO 35844 --- [bmp-review-service] [container-0-C-1] org.apache.kafka.clients.NetworkClient   : [Consumer clientId=consumer-anonymous.58e4742c-e9bf-47b0-b596-b36d8c3b5e79-2, groupId=anonymous.58e4742c-e9bf-47b0-b596-b36d8c3b5e79] Cancelled in-flight FETCH request with correlation id 230496 due to node 1 being disconnected (elapsed time since creation: 23889582ms, elapsed time since send: 23889582ms, throttle time: 0ms, request timeout: 30000ms)
2026-09-02T20:02:26.527+05:30  INFO 35844 --- [bmp-review-service] [container-0-C-1] org.apache.kafka.clients.NetworkClient   : [Consumer clientId=consumer-anonymous.58e4742c-e9bf-47b0-b596-b36d8c3b5e79-2, groupId=anonymous.58e4742c-e9bf-47b0-b596-b36d8c3b5e79] Disconnecting from node 2147483646 due to request timeout.
2026-09-02T20:02:26.527+05:30  INFO 35844 --- [bmp-review-service] [container-0-C-1] org.apache.kafka.clients.NetworkClient   : [Consumer clientId=consumer-anonymous.58e4742c-e9bf-47b0-b596-b36d8c3b5e79-2, groupId=anonymous.58e4742c-e9bf-47b0-b596-b36d8c3b5e79] Cancelled in-flight HEARTBEAT request with correlation id 230497 due to node 2147483646 being disconnected (elapsed time since creation: 23889126ms, elapsed time since send: 23889126ms, throttle time: 0ms, request timeout: 30000ms)
2026-09-02T20:02:26.541+05:30  INFO 35844 --- [bmp-review-service] [96-b36d8c3b5e79] o.a.k.c.c.internals.ConsumerCoordinator  : [Consumer clientId=consumer-anonymous.58e4742c-e9bf-47b0-b596-b36d8c3b5e79-2, groupId=anonymous.58e4742c-e9bf-47b0-b596-b36d8c3b5e79] Group coordinator localhost:9092 (id: 2147483646 rack: null) is unavailable or invalid due to cause: null. isDisconnected: true. Rediscovery will be attempted.
2026-09-02T20:02:26.531+05:30  INFO 35844 --- [bmp-review-service] [container-0-C-1] o.a.kafka.clients.FetchSessionHandler    : [Consumer clientId=consumer-anonymous.58e4742c-e9bf-47b0-b596-b36d8c3b5e79-2, groupId=anonymous.58e4742c-e9bf-47b0-b596-b36d8c3b5e79] Error sending fetch request (sessionId=1758734022, epoch=7440) to node 1:

org.apache.kafka.common.errors.DisconnectException: null

2026-09-02T20:02:27.980+05:30  INFO 35844 --- [bmp-review-service] [container-0-C-1] o.a.k.c.c.internals.ConsumerCoordinator  : [Consumer clientId=consumer-anonymous.58e4742c-e9bf-47b0-b596-b36d8c3b5e79-2, groupId=anonymous.58e4742c-e9bf-47b0-b596-b36d8c3b5e79] Discovered group coordinator localhost:9092 (id: 2147483646 rack: null)
2026-09-02T20:02:51.370+05:30  WARN 35844 --- [bmp-review-service] [l-1 housekeeper] com.zaxxer.hikari.pool.HikariPool        : HikariPool-1 - Thread starvation or clock leap detected (housekeeper delta=6h38m38s812ms377µs100ns).
2026-09-02T20:02:58.518+05:30  INFO 35844 --- [bmp-review-service] [pool-2-thread-1] org.apache.kafka.clients.NetworkClient   : [Consumer clientId=consumer-anonymous.58e4742c-e9bf-47b0-b596-b36d8c3b5e79-3, groupId=anonymous.58e4742c-e9bf-47b0-b596-b36d8c3b5e79] Node 2147483646 disconnected.
2026-09-02T20:06:53.864+05:30  INFO 35844 --- [bmp-review-service] [rap-executor-%d] c.n.d.s.r.aws.ConfigClusterResolver      : Resolving eureka endpoints via configuration
2026-09-02T20:11:53.901+05:30  INFO 35844 --- [bmp-review-service] [rap-executor-%d] c.n.d.s.r.aws.ConfigClusterResolver      : Resolving eureka endpoints via configuration
2026-09-02T20:16:53.905+05:30  INFO 35844 --- [bmp-review-service] [rap-executor-%d] c.n.d.s.r.aws.ConfigClusterResolver      : Resolving eureka endpoints via configuration
2026-09-02T20:21:53.916+05:30  INFO 35844 --- [bmp-review-service] [rap-executor-%d] c.n.d.s.r.aws.ConfigClusterResolver      : Resolving eureka endpoints via configuration
2026-09-02T20:26:53.923+05:30  INFO 35844 --- [bmp-review-service] [rap-executor-%d] c.n.d.s.r.aws.ConfigClusterResolver      : Resolving eureka endpoints via configuration
2026-09-02T20:31:53.934+05:30  INFO 35844 --- [bmp-review-service] [rap-executor-%d] c.n.d.s.r.aws.ConfigClusterResolver      : Resolving eureka endpoints via configuration
2026-09-02T20:36:53.952+05:30  INFO 35844 --- [bmp-review-service] [rap-executor-%d] c.n.d.s.r.aws.ConfigClusterResolver      : Resolving eureka endpoints via configuration
2026-09-02T20:41:53.954+05:30  INFO 35844 --- [bmp-review-service] [rap-executor-%d] c.n.d.s.r.aws.ConfigClusterResolver      : Resolving eureka endpoints via configuration
2026-09-02T20:46:53.967+05:30  INFO 35844 --- [bmp-review-service] [rap-executor-%d] c.n.d.s.r.aws.ConfigClusterResolver      : Resolving eureka endpoints via configuration
2026-09-02T20:51:53.977+05:30  INFO 35844 --- [bmp-review-service] [rap-executor-%d] c.n.d.s.r.aws.ConfigClusterResolver      : Resolving eureka endpoints via configuration
2026-09-02T20:56:53.991+05:30  INFO 35844 --- [bmp-review-service] [rap-executor-%d] c.n.d.s.r.aws.ConfigClusterResolver      : Resolving eureka endpoints via configuration
2026-09-02T21:01:53.998+05:30  INFO 35844 --- [bmp-review-service] [rap-executor-%d] c.n.d.s.r.aws.ConfigClusterResolver      : Resolving eureka endpoints via configuration
2026-09-02T21:06:54.002+05:30  INFO 35844 --- [bmp-review-service] [rap-executor-%d] c.n.d.s.r.aws.ConfigClusterResolver      : Resolving eureka endpoints via configuration
2026-09-02T21:11:54.006+05:30  INFO 35844 --- [bmp-review-service] [rap-executor-%d] c.n.d.s.r.aws.ConfigClusterResolver      : Resolving eureka endpoints via configuration
2026-09-02T21:16:54.017+05:30  INFO 35844 --- [bmp-review-service] [rap-executor-%d] c.n.d.s.r.aws.ConfigClusterResolver      : Resolving eureka endpoints via configuration
2026-09-02T21:21:54.033+05:30  INFO 35844 --- [bmp-review-service] [rap-executor-%d] c.n.d.s.r.aws.ConfigClusterResolver      : Resolving eureka endpoints via configuration
2026-09-02T21:26:54.039+05:30  INFO 35844 --- [bmp-review-service] [rap-executor-%d] c.n.d.s.r.aws.ConfigClusterResolver      : Resolving eureka endpoints via configuration
2026-09-02T21:31:54.054+05:30  INFO 35844 --- [bmp-review-service] [rap-executor-%d] c.n.d.s.r.aws.ConfigClusterResolver      : Resolving eureka endpoints via configuration
2026-09-02T21:36:54.065+05:30  INFO 35844 --- [bmp-review-service] [rap-executor-%d] c.n.d.s.r.aws.ConfigClusterResolver      : Resolving eureka endpoints via configuration
2026-09-02T21:41:54.071+05:30  INFO 35844 --- [bmp-review-service] [rap-executor-%d] c.n.d.s.r.aws.ConfigClusterResolver      : Resolving eureka endpoints via configuration
2026-09-02T21:46:54.087+05:30  INFO 35844 --- [bmp-review-service] [rap-executor-%d] c.n.d.s.r.aws.ConfigClusterResolver      : Resolving eureka endpoints via configuration
2026-09-02T21:51:54.102+05:30  INFO 35844 --- [bmp-review-service] [rap-executor-%d] c.n.d.s.r.aws.ConfigClusterResolver      : Resolving eureka endpoints via configuration
2026-09-02T21:56:54.104+05:30  INFO 35844 --- [bmp-review-service] [rap-executor-%d] c.n.d.s.r.aws.ConfigClusterResolver      : Resolving eureka endpoints via configuration
2026-09-02T22:01:54.108+05:30  INFO 35844 --- [bmp-review-service] [rap-executor-%d] c.n.d.s.r.aws.ConfigClusterResolver      : Resolving eureka endpoints via configuration
2026-09-02T22:06:54.120+05:30  INFO 35844 --- [bmp-review-service] [rap-executor-%d] c.n.d.s.r.aws.ConfigClusterResolver      : Resolving eureka endpoints via configuration
2026-09-02T22:10:42.706+05:30  INFO 35844 --- [bmp-review-service] [beatExecutor-%d] c.n.d.s.t.d.RedirectingEurekaHttpClient  : Request execution error. endpoint=DefaultEndpoint{ serviceUrl='http://localhost:8761/eureka/} exception=I/O error on PUT request for "http://localhost:8761/eureka/apps/BMP-REVIEW-SERVICE/Darshan.mshome.net:bmp-review-service:8086": Connect to http://localhost:8761 [localhost/127.0.0.1, localhost/0:0:0:0:0:0:0:1] failed: Connection refused: getsockopt stacktrace=org.springframework.web.client.ResourceAccessException: I/O error on PUT request for "http://localhost:8761/eureka/apps/BMP-REVIEW-SERVICE/Darshan.mshome.net:bmp-review-service:8086": Connect to http://localhost:8761 [localhost/127.0.0.1, localhost/0:0:0:0:0:0:0:1] failed: Connection refused: getsockopt
	at org.springframework.web.client.RestTemplate.createResourceAccessException(RestTemplate.java:926)
	at org.springframework.web.client.RestTemplate.doExecute(RestTemplate.java:906)
	at org.springframework.web.client.RestTemplate.execute(RestTemplate.java:841)
	at org.springframework.web.client.RestTemplate.exchange(RestTemplate.java:702)
	at org.springframework.cloud.netflix.eureka.http.RestTemplateEurekaHttpClient.sendHeartBeat(RestTemplateEurekaHttpClient.java:119)
	at com.netflix.discovery.shared.transport.decorator.EurekaHttpClientDecorator$3.execute(EurekaHttpClientDecorator.java:92)
	at com.netflix.discovery.shared.transport.decorator.RedirectingEurekaHttpClient.execute(RedirectingEurekaHttpClient.java:91)
	at com.netflix.discovery.shared.transport.decorator.EurekaHttpClientDecorator.sendHeartBeat(EurekaHttpClientDecorator.java:89)
	at com.netflix.discovery.shared.transport.decorator.EurekaHttpClientDecorator$3.execute(EurekaHttpClientDecorator.java:92)
	at com.netflix.discovery.shared.transport.decorator.RetryableEurekaHttpClient.execute(RetryableEurekaHttpClient.java:120)
	at com.netflix.discovery.shared.transport.decorator.EurekaHttpClientDecorator.sendHeartBeat(EurekaHttpClientDecorator.java:89)
	at com.netflix.discovery.shared.transport.decorator.EurekaHttpClientDecorator$3.execute(EurekaHttpClientDecorator.java:92)
	at com.netflix.discovery.shared.transport.decorator.SessionedEurekaHttpClient.execute(SessionedEurekaHttpClient.java:76)
	at com.netflix.discovery.shared.transport.decorator.EurekaHttpClientDecorator.sendHeartBeat(EurekaHttpClientDecorator.java:89)
	at com.netflix.discovery.DiscoveryClient.renew(DiscoveryClient.java:845)
	at com.netflix.discovery.DiscoveryClient$HeartbeatThread.run(DiscoveryClient.java:1402)
	at java.base/java.util.concurrent.Executors$RunnableAdapter.call(Executors.java:572)
	at java.base/java.util.concurrent.FutureTask.run(FutureTask.java:317)
	at java.base/java.util.concurrent.ThreadPoolExecutor.runWorker(ThreadPoolExecutor.java:1144)
	at java.base/java.util.concurrent.ThreadPoolExecutor$Worker.run(ThreadPoolExecutor.java:642)
	at java.base/java.lang.Thread.run(Thread.java:1583)
Caused by: org.apache.hc.client5.http.HttpHostConnectException: Connect to http://localhost:8761 [localhost/127.0.0.1, localhost/0:0:0:0:0:0:0:1] failed: Connection refused: getsockopt
	at java.base/sun.nio.ch.Net.pollConnect(Native Method)
	at java.base/sun.nio.ch.Net.pollConnectNow(Net.java:694)
	at java.base/sun.nio.ch.NioSocketImpl.timedFinishConnect(NioSocketImpl.java:542)
	at java.base/sun.nio.ch.NioSocketImpl.connect(NioSocketImpl.java:592)
	at java.base/java.net.SocksSocketImpl.connect(SocksSocketImpl.java:327)
	at java.base/java.net.Socket.connect(Socket.java:751)
	at org.apache.hc.client5.http.impl.io.DefaultHttpClientConnectionOperator.connect(DefaultHttpClientConnectionOperator.java:216)
	at org.apache.hc.client5.http.impl.io.PoolingHttpClientConnectionManager.connect(PoolingHttpClientConnectionManager.java:490)
	at org.apache.hc.client5.http.impl.classic.InternalExecRuntime.connectEndpoint(InternalExecRuntime.java:164)
	at org.apache.hc.client5.http.impl.classic.InternalExecRuntime.connectEndpoint(InternalExecRuntime.java:174)
	at org.apache.hc.client5.http.impl.classic.ConnectExec.execute(ConnectExec.java:144)
	at org.apache.hc.client5.http.impl.classic.ExecChainElement.execute(ExecChainElement.java:51)
	at org.apache.hc.client5.http.impl.classic.ProtocolExec.execute(ProtocolExec.java:192)
	at org.apache.hc.client5.http.impl.classic.ExecChainElement.execute(ExecChainElement.java:51)
	at org.apache.hc.client5.http.impl.classic.ContentCompressionExec.execute(ContentCompressionExec.java:150)
	at org.apache.hc.client5.http.impl.classic.ExecChainElement.execute(ExecChainElement.java:51)
	at org.apache.hc.client5.http.impl.classic.HttpRequestRetryExec.execute(HttpRequestRetryExec.java:113)
	at org.apache.hc.client5.http.impl.classic.ExecChainElement.execute(ExecChainElement.java:51)
	at org.apache.hc.client5.http.impl.classic.RedirectExec.execute(RedirectExec.java:110)
	at org.apache.hc.client5.http.impl.classic.ExecChainElement.execute(ExecChainElement.java:51)
	at org.apache.hc.client5.http.impl.classic.InternalHttpClient.doExecute(InternalHttpClient.java:174)
	at org.apache.hc.client5.http.impl.classic.CloseableHttpClient.execute(CloseableHttpClient.java:87)
	at org.apache.hc.client5.http.impl.classic.CloseableHttpClient.execute(CloseableHttpClient.java:55)
	at org.apache.hc.client5.http.classic.HttpClient.executeOpen(HttpClient.java:183)
	at org.springframework.http.client.HttpComponentsClientHttpRequest.executeInternal(HttpComponentsClientHttpRequest.java:99)
	at org.springframework.http.client.AbstractStreamingClientHttpRequest.executeInternal(AbstractStreamingClientHttpRequest.java:71)
	at org.springframework.http.client.AbstractClientHttpRequest.execute(AbstractClientHttpRequest.java:81)
	at org.springframework.http.client.InterceptingClientHttpRequest$InterceptingRequestExecution.execute(InterceptingClientHttpRequest.java:117)
	at org.springframework.cloud.netflix.eureka.http.RestTemplateTransportClientFactory.lambda$restTemplate$3(RestTemplateTransportClientFactory.java:141)
	at org.springframework.http.client.InterceptingClientHttpRequest$InterceptingRequestExecution.execute(InterceptingClientHttpRequest.java:88)
	at org.springframework.http.client.InterceptingClientHttpRequest.executeInternal(InterceptingClientHttpRequest.java:72)
	at org.springframework.http.client.AbstractBufferingClientHttpRequest.executeInternal(AbstractBufferingClientHttpRequest.java:48)
	at org.springframework.http.client.AbstractClientHttpRequest.execute(AbstractClientHttpRequest.java:81)
	at org.springframework.web.client.RestTemplate.doExecute(RestTemplate.java:900)
	... 19 more

2026-09-02T22:10:42.713+05:30  WARN 35844 --- [bmp-review-service] [beatExecutor-%d] c.n.d.s.t.d.RetryableEurekaHttpClient    : Request execution failed with message: I/O error on PUT request for "http://localhost:8761/eureka/apps/BMP-REVIEW-SERVICE/Darshan.mshome.net:bmp-review-service:8086": Connect to http://localhost:8761 [localhost/127.0.0.1, localhost/0:0:0:0:0:0:0:1] failed: Connection refused: getsockopt
2026-09-02T22:10:42.792+05:30  INFO 35844 --- [bmp-review-service] [beatExecutor-%d] c.n.d.s.t.d.RedirectingEurekaHttpClient  : Request execution error. endpoint=DefaultEndpoint{ serviceUrl='http://localhost:8761/eureka/}, exception=I/O error on PUT request for "http://localhost:8761/eureka/apps/BMP-REVIEW-SERVICE/Darshan.mshome.net:bmp-review-service:8086": Connect to http://localhost:8761 [localhost/127.0.0.1, localhost/0:0:0:0:0:0:0:1] failed: Connection refused: getsockopt stacktrace=org.springframework.web.client.ResourceAccessException: I/O error on PUT request for "http://localhost:8761/eureka/apps/BMP-REVIEW-SERVICE/Darshan.mshome.net:bmp-review-service:8086": Connect to http://localhost:8761 [localhost/127.0.0.1, localhost/0:0:0:0:0:0:0:1] failed: Connection refused: getsockopt
	at org.springframework.web.client.RestTemplate.createResourceAccessException(RestTemplate.java:926)
	at org.springframework.web.client.RestTemplate.doExecute(RestTemplate.java:906)
	at org.springframework.web.client.RestTemplate.execute(RestTemplate.java:841)
	at org.springframework.web.client.RestTemplate.exchange(RestTemplate.java:702)
	at org.springframework.cloud.netflix.eureka.http.RestTemplateEurekaHttpClient.sendHeartBeat(RestTemplateEurekaHttpClient.java:119)
	at com.netflix.discovery.shared.transport.decorator.EurekaHttpClientDecorator$3.execute(EurekaHttpClientDecorator.java:92)
	at com.netflix.discovery.shared.transport.decorator.RedirectingEurekaHttpClient.executeOnNewServer(RedirectingEurekaHttpClient.java:121)
	at com.netflix.discovery.shared.transport.decorator.RedirectingEurekaHttpClient.execute(RedirectingEurekaHttpClient.java:80)
	at com.netflix.discovery.shared.transport.decorator.EurekaHttpClientDecorator.sendHeartBeat(EurekaHttpClientDecorator.java:89)
	at com.netflix.discovery.shared.transport.decorator.EurekaHttpClientDecorator$3.execute(EurekaHttpClientDecorator.java:92)
	at com.netflix.discovery.shared.transport.decorator.RetryableEurekaHttpClient.execute(RetryableEurekaHttpClient.java:120)
	at com.netflix.discovery.shared.transport.decorator.EurekaHttpClientDecorator.sendHeartBeat(EurekaHttpClientDecorator.java:89)
	at com.netflix.discovery.shared.transport.decorator.EurekaHttpClientDecorator$3.execute(EurekaHttpClientDecorator.java:92)
	at com.netflix.discovery.shared.transport.decorator.SessionedEurekaHttpClient.execute(SessionedEurekaHttpClient.java:76)
	at com.netflix.discovery.shared.transport.decorator.EurekaHttpClientDecorator.sendHeartBeat(EurekaHttpClientDecorator.java:89)
	at com.netflix.discovery.DiscoveryClient.renew(DiscoveryClient.java:845)
	at com.netflix.discovery.DiscoveryClient$HeartbeatThread.run(DiscoveryClient.java:1402)
	at java.base/java.util.concurrent.Executors$RunnableAdapter.call(Executors.java:572)
	at java.base/java.util.concurrent.FutureTask.run(FutureTask.java:317)
	at java.base/java.util.concurrent.ThreadPoolExecutor.runWorker(ThreadPoolExecutor.java:1144)
	at java.base/java.util.concurrent.ThreadPoolExecutor$Worker.run(ThreadPoolExecutor.java:642)
	at java.base/java.lang.Thread.run(Thread.java:1583)
Caused by: org.apache.hc.client5.http.HttpHostConnectException: Connect to http://localhost:8761 [localhost/127.0.0.1, localhost/0:0:0:0:0:0:0:1] failed: Connection refused: getsockopt
	at java.base/sun.nio.ch.Net.pollConnect(Native Method)
	at java.base/sun.nio.ch.Net.pollConnectNow(Net.java:694)
	at java.base/sun.nio.ch.NioSocketImpl.timedFinishConnect(NioSocketImpl.java:542)
	at java.base/sun.nio.ch.NioSocketImpl.connect(NioSocketImpl.java:592)
	at java.base/java.net.SocksSocketImpl.connect(SocksSocketImpl.java:327)
	at java.base/java.net.Socket.connect(Socket.java:751)
	at org.apache.hc.client5.http.impl.io.DefaultHttpClientConnectionOperator.connect(DefaultHttpClientConnectionOperator.java:216)
	at org.apache.hc.client5.http.impl.io.PoolingHttpClientConnectionManager.connect(PoolingHttpClientConnectionManager.java:490)
	at org.apache.hc.client5.http.impl.classic.InternalExecRuntime.connectEndpoint(InternalExecRuntime.java:164)
	at org.apache.hc.client5.http.impl.classic.InternalExecRuntime.connectEndpoint(InternalExecRuntime.java:174)
	at org.apache.hc.client5.http.impl.classic.ConnectExec.execute(ConnectExec.java:144)
	at org.apache.hc.client5.http.impl.classic.ExecChainElement.execute(ExecChainElement.java:51)
	at org.apache.hc.client5.http.impl.classic.ProtocolExec.execute(ProtocolExec.java:192)
	at org.apache.hc.client5.http.impl.classic.ExecChainElement.execute(ExecChainElement.java:51)
	at org.apache.hc.client5.http.impl.classic.ContentCompressionExec.execute(ContentCompressionExec.java:150)
	at org.apache.hc.client5.http.impl.classic.ExecChainElement.execute(ExecChainElement.java:51)
	at org.apache.hc.client5.http.impl.classic.HttpRequestRetryExec.execute(HttpRequestRetryExec.java:113)
	at org.apache.hc.client5.http.impl.classic.ExecChainElement.execute(ExecChainElement.java:51)
	at org.apache.hc.client5.http.impl.classic.RedirectExec.execute(RedirectExec.java:110)
	at org.apache.hc.client5.http.impl.classic.ExecChainElement.execute(ExecChainElement.java:51)
	at org.apache.hc.client5.http.impl.classic.InternalHttpClient.doExecute(InternalHttpClient.java:174)
	at org.apache.hc.client5.http.impl.classic.CloseableHttpClient.execute(CloseableHttpClient.java:87)
	at org.apache.hc.client5.http.impl.classic.CloseableHttpClient.execute(CloseableHttpClient.java:55)
	at org.apache.hc.client5.http.classic.HttpClient.executeOpen(HttpClient.java:183)
	at org.springframework.http.client.HttpComponentsClientHttpRequest.executeInternal(HttpComponentsClientHttpRequest.java:99)
	at org.springframework.http.client.AbstractStreamingClientHttpRequest.executeInternal(AbstractStreamingClientHttpRequest.java:71)
	at org.springframework.http.client.AbstractClientHttpRequest.execute(AbstractClientHttpRequest.java:81)
	at org.springframework.http.client.InterceptingClientHttpRequest$InterceptingRequestExecution.execute(InterceptingClientHttpRequest.java:117)
	at org.springframework.cloud.netflix.eureka.http.RestTemplateTransportClientFactory.lambda$restTemplate$3(RestTemplateTransportClientFactory.java:141)
	at org.springframework.http.client.InterceptingClientHttpRequest$InterceptingRequestExecution.execute(InterceptingClientHttpRequest.java:88)
	at org.springframework.http.client.InterceptingClientHttpRequest.executeInternal(InterceptingClientHttpRequest.java:72)
	at org.springframework.http.client.AbstractBufferingClientHttpRequest.executeInternal(AbstractBufferingClientHttpRequest.java:48)
	at org.springframework.http.client.AbstractClientHttpRequest.execute(AbstractClientHttpRequest.java:81)
	at org.springframework.web.client.RestTemplate.doExecute(RestTemplate.java:900)
	... 20 more

2026-09-02T22:10:42.792+05:30  WARN 35844 --- [bmp-review-service] [beatExecutor-%d] c.n.d.s.t.d.RetryableEurekaHttpClient    : Request execution failed with message: I/O error on PUT request for "http://localhost:8761/eureka/apps/BMP-REVIEW-SERVICE/Darshan.mshome.net:bmp-review-service:8086": Connect to http://localhost:8761 [localhost/127.0.0.1, localhost/0:0:0:0:0:0:0:1] failed: Connection refused: getsockopt
2026-09-02T22:10:42.794+05:30 ERROR 35844 --- [bmp-review-service] [beatExecutor-%d] com.netflix.discovery.DiscoveryClient    : DiscoveryClient_BMP-REVIEW-SERVICE/Darshan.mshome.net:bmp-review-service:8086 - was unable to send heartbeat!

com.netflix.discovery.shared.transport.TransportException: Cannot execute request on any known server
	at com.netflix.discovery.shared.transport.decorator.RetryableEurekaHttpClient.execute(RetryableEurekaHttpClient.java:112) ~[eureka-client-2.0.4.jar:2.0.4]
	at com.netflix.discovery.shared.transport.decorator.EurekaHttpClientDecorator.sendHeartBeat(EurekaHttpClientDecorator.java:89) ~[eureka-client-2.0.4.jar:2.0.4]
	at com.netflix.discovery.shared.transport.decorator.EurekaHttpClientDecorator$3.execute(EurekaHttpClientDecorator.java:92) ~[eureka-client-2.0.4.jar:2.0.4]
	at com.netflix.discovery.shared.transport.decorator.SessionedEurekaHttpClient.execute(SessionedEurekaHttpClient.java:76) ~[eureka-client-2.0.4.jar:2.0.4]
	at com.netflix.discovery.shared.transport.decorator.EurekaHttpClientDecorator.sendHeartBeat(EurekaHttpClientDecorator.java:89) ~[eureka-client-2.0.4.jar:2.0.4]
	at com.netflix.discovery.DiscoveryClient.renew(DiscoveryClient.java:845) ~[eureka-client-2.0.4.jar:2.0.4]
	at com.netflix.discovery.DiscoveryClient$HeartbeatThread.run(DiscoveryClient.java:1402) ~[eureka-client-2.0.4.jar:2.0.4]
	at java.base/java.util.concurrent.Executors$RunnableAdapter.call(Executors.java:572) ~[na:na]
	at java.base/java.util.concurrent.FutureTask.run(FutureTask.java:317) ~[na:na]
	at java.base/java.util.concurrent.ThreadPoolExecutor.runWorker(ThreadPoolExecutor.java:1144) ~[na:na]
	at java.base/java.util.concurrent.ThreadPoolExecutor$Worker.run(ThreadPoolExecutor.java:642) ~[na:na]
	at java.base/java.lang.Thread.run(Thread.java:1583) ~[na:na]

2026-09-02T22:10:43.412+05:30  INFO 35844 --- [bmp-review-service] [reshExecutor-%d] c.n.d.s.t.d.RedirectingEurekaHttpClient  : Request execution error. endpoint=DefaultEndpoint{ serviceUrl='http://localhost:8761/eureka/} exception=I/O error on GET request for "http://localhost:8761/eureka/apps/delta": Connect to http://localhost:8761 [localhost/127.0.0.1, localhost/0:0:0:0:0:0:0:1] failed: Connection refused: getsockopt stacktrace=org.springframework.web.client.ResourceAccessException: I/O error on GET request for "http://localhost:8761/eureka/apps/delta": Connect to http://localhost:8761 [localhost/127.0.0.1, localhost/0:0:0:0:0:0:0:1] failed: Connection refused: getsockopt
	at org.springframework.web.client.RestTemplate.createResourceAccessException(RestTemplate.java:926)
	at org.springframework.web.client.RestTemplate.doExecute(RestTemplate.java:906)
	at org.springframework.web.client.RestTemplate.execute(RestTemplate.java:841)
	at org.springframework.web.client.RestTemplate.exchange(RestTemplate.java:702)
	at org.springframework.cloud.netflix.eureka.http.RestTemplateEurekaHttpClient.getApplicationsInternal(RestTemplateEurekaHttpClient.java:174)
	at org.springframework.cloud.netflix.eureka.http.RestTemplateEurekaHttpClient.getDelta(RestTemplateEurekaHttpClient.java:186)
	at com.netflix.discovery.shared.transport.decorator.EurekaHttpClientDecorator$7.execute(EurekaHttpClientDecorator.java:152)
	at com.netflix.discovery.shared.transport.decorator.RedirectingEurekaHttpClient.execute(RedirectingEurekaHttpClient.java:91)
	at com.netflix.discovery.shared.transport.decorator.EurekaHttpClientDecorator.getDelta(EurekaHttpClientDecorator.java:149)
	at com.netflix.discovery.shared.transport.decorator.EurekaHttpClientDecorator$7.execute(EurekaHttpClientDecorator.java:152)
	at com.netflix.discovery.shared.transport.decorator.RetryableEurekaHttpClient.execute(RetryableEurekaHttpClient.java:120)
	at com.netflix.discovery.shared.transport.decorator.EurekaHttpClientDecorator.getDelta(EurekaHttpClientDecorator.java:149)
	at com.netflix.discovery.shared.transport.decorator.EurekaHttpClientDecorator$7.execute(EurekaHttpClientDecorator.java:152)
	at com.netflix.discovery.shared.transport.decorator.SessionedEurekaHttpClient.execute(SessionedEurekaHttpClient.java:76)
	at com.netflix.discovery.shared.transport.decorator.EurekaHttpClientDecorator.getDelta(EurekaHttpClientDecorator.java:149)
	at com.netflix.discovery.DiscoveryClient.getAndUpdateDelta(DiscoveryClient.java:1080)
	at com.netflix.discovery.DiscoveryClient.fetchRegistry(DiscoveryClient.java:963)
	at com.netflix.discovery.DiscoveryClient.refreshRegistry(DiscoveryClient.java:1473)
	at com.netflix.discovery.DiscoveryClient$CacheRefreshThread.run(DiscoveryClient.java:1441)
	at java.base/java.util.concurrent.Executors$RunnableAdapter.call(Executors.java:572)
	at java.base/java.util.concurrent.FutureTask.run(FutureTask.java:317)
	at java.base/java.util.concurrent.ThreadPoolExecutor.runWorker(ThreadPoolExecutor.java:1144)
	at java.base/java.util.concurrent.ThreadPoolExecutor$Worker.run(ThreadPoolExecutor.java:642)
	at java.base/java.lang.Thread.run(Thread.java:1583)
Caused by: org.apache.hc.client5.http.HttpHostConnectException: Connect to http://localhost:8761 [localhost/127.0.0.1, localhost/0:0:0:0:0:0:0:1] failed: Connection refused: getsockopt
	at java.base/sun.nio.ch.Net.pollConnect(Native Method)
	at java.base/sun.nio.ch.Net.pollConnectNow(Net.java:694)
	at java.base/sun.nio.ch.NioSocketImpl.timedFinishConnect(NioSocketImpl.java:542)
	at java.base/sun.nio.ch.NioSocketImpl.connect(NioSocketImpl.java:592)
	at java.base/java.net.SocksSocketImpl.connect(SocksSocketImpl.java:327)
	at java.base/java.net.Socket.connect(Socket.java:751)
	at org.apache.hc.client5.http.impl.io.DefaultHttpClientConnectionOperator.connect(DefaultHttpClientConnectionOperator.java:216)
	at org.apache.hc.client5.http.impl.io.PoolingHttpClientConnectionManager.connect(PoolingHttpClientConnectionManager.java:490)
	at org.apache.hc.client5.http.impl.classic.InternalExecRuntime.connectEndpoint(InternalExecRuntime.java:164)
	at org.apache.hc.client5.http.impl.classic.InternalExecRuntime.connectEndpoint(InternalExecRuntime.java:174)
	at org.apache.hc.client5.http.impl.classic.ConnectExec.execute(ConnectExec.java:144)
	at org.apache.hc.client5.http.impl.classic.ExecChainElement.execute(ExecChainElement.java:51)
	at org.apache.hc.client5.http.impl.classic.ProtocolExec.execute(ProtocolExec.java:192)
	at org.apache.hc.client5.http.impl.classic.ExecChainElement.execute(ExecChainElement.java:51)
	at org.apache.hc.client5.http.impl.classic.ContentCompressionExec.execute(ContentCompressionExec.java:150)
	at org.apache.hc.client5.http.impl.classic.ExecChainElement.execute(ExecChainElement.java:51)
	at org.apache.hc.client5.http.impl.classic.HttpRequestRetryExec.execute(HttpRequestRetryExec.java:113)
	at org.apache.hc.client5.http.impl.classic.ExecChainElement.execute(ExecChainElement.java:51)
	at org.apache.hc.client5.http.impl.classic.RedirectExec.execute(RedirectExec.java:110)
	at org.apache.hc.client5.http.impl.classic.ExecChainElement.execute(ExecChainElement.java:51)
	at org.apache.hc.client5.http.impl.classic.InternalHttpClient.doExecute(InternalHttpClient.java:174)
	at org.apache.hc.client5.http.impl.classic.CloseableHttpClient.execute(CloseableHttpClient.java:87)
	at org.apache.hc.client5.http.impl.classic.CloseableHttpClient.execute(CloseableHttpClient.java:55)
	at org.apache.hc.client5.http.classic.HttpClient.executeOpen(HttpClient.java:183)
	at org.springframework.http.client.HttpComponentsClientHttpRequest.executeInternal(HttpComponentsClientHttpRequest.java:99)
	at org.springframework.http.client.AbstractStreamingClientHttpRequest.executeInternal(AbstractStreamingClientHttpRequest.java:71)
	at org.springframework.http.client.AbstractClientHttpRequest.execute(AbstractClientHttpRequest.java:81)
	at org.springframework.http.client.InterceptingClientHttpRequest$InterceptingRequestExecution.execute(InterceptingClientHttpRequest.java:117)
	at org.springframework.cloud.netflix.eureka.http.RestTemplateTransportClientFactory.lambda$restTemplate$3(RestTemplateTransportClientFactory.java:141)
	at org.springframework.http.client.InterceptingClientHttpRequest$InterceptingRequestExecution.execute(InterceptingClientHttpRequest.java:88)
	at org.springframework.http.client.InterceptingClientHttpRequest.executeInternal(InterceptingClientHttpRequest.java:72)
	at org.springframework.http.client.AbstractBufferingClientHttpRequest.executeInternal(AbstractBufferingClientHttpRequest.java:48)
	at org.springframework.http.client.AbstractClientHttpRequest.execute(AbstractClientHttpRequest.java:81)
	at org.springframework.web.client.RestTemplate.doExecute(RestTemplate.java:900)
	... 22 more

2026-09-02T22:10:43.412+05:30  WARN 35844 --- [bmp-review-service] [reshExecutor-%d] c.n.d.s.t.d.RetryableEurekaHttpClient    : Request execution failed with message: I/O error on GET request for "http://localhost:8761/eureka/apps/delta": Connect to http://localhost:8761 [localhost/127.0.0.1, localhost/0:0:0:0:0:0:0:1] failed: Connection refused: getsockopt
2026-09-02T22:10:43.457+05:30  INFO 35844 --- [bmp-review-service] [reshExecutor-%d] c.n.d.s.t.d.RedirectingEurekaHttpClient  : Request execution error. endpoint=DefaultEndpoint{ serviceUrl='http://localhost:8761/eureka/}, exception=I/O error on GET request for "http://localhost:8761/eureka/apps/delta": Connect to http://localhost:8761 [localhost/127.0.0.1, localhost/0:0:0:0:0:0:0:1] failed: Connection refused: getsockopt stacktrace=org.springframework.web.client.ResourceAccessException: I/O error on GET request for "http://localhost:8761/eureka/apps/delta": Connect to http://localhost:8761 [localhost/127.0.0.1, localhost/0:0:0:0:0:0:0:1] failed: Connection refused: getsockopt
	at org.springframework.web.client.RestTemplate.createResourceAccessException(RestTemplate.java:926)
	at org.springframework.web.client.RestTemplate.doExecute(RestTemplate.java:906)
	at org.springframework.web.client.RestTemplate.execute(RestTemplate.java:841)
	at org.springframework.web.client.RestTemplate.exchange(RestTemplate.java:702)
	at org.springframework.cloud.netflix.eureka.http.RestTemplateEurekaHttpClient.getApplicationsInternal(RestTemplateEurekaHttpClient.java:174)
	at org.springframework.cloud.netflix.eureka.http.RestTemplateEurekaHttpClient.getDelta(RestTemplateEurekaHttpClient.java:186)
	at com.netflix.discovery.shared.transport.decorator.EurekaHttpClientDecorator$7.execute(EurekaHttpClientDecorator.java:152)
	at com.netflix.discovery.shared.transport.decorator.RedirectingEurekaHttpClient.executeOnNewServer(RedirectingEurekaHttpClient.java:121)
	at com.netflix.discovery.shared.transport.decorator.RedirectingEurekaHttpClient.execute(RedirectingEurekaHttpClient.java:80)
	at com.netflix.discovery.shared.transport.decorator.EurekaHttpClientDecorator.getDelta(EurekaHttpClientDecorator.java:149)
	at com.netflix.discovery.shared.transport.decorator.EurekaHttpClientDecorator$7.execute(EurekaHttpClientDecorator.java:152)
	at com.netflix.discovery.shared.transport.decorator.RetryableEurekaHttpClient.execute(RetryableEurekaHttpClient.java:120)
	at com.netflix.discovery.shared.transport.decorator.EurekaHttpClientDecorator.getDelta(EurekaHttpClientDecorator.java:149)
	at com.netflix.discovery.shared.transport.decorator.EurekaHttpClientDecorator$7.execute(EurekaHttpClientDecorator.java:152)
	at com.netflix.discovery.shared.transport.decorator.SessionedEurekaHttpClient.execute(SessionedEurekaHttpClient.java:76)
	at com.netflix.discovery.shared.transport.decorator.EurekaHttpClientDecorator.getDelta(EurekaHttpClientDecorator.java:149)
	at com.netflix.discovery.DiscoveryClient.getAndUpdateDelta(DiscoveryClient.java:1080)
	at com.netflix.discovery.DiscoveryClient.fetchRegistry(DiscoveryClient.java:963)
	at com.netflix.discovery.DiscoveryClient.refreshRegistry(DiscoveryClient.java:1473)
	at com.netflix.discovery.DiscoveryClient$CacheRefreshThread.run(DiscoveryClient.java:1441)
	at java.base/java.util.concurrent.Executors$RunnableAdapter.call(Executors.java:572)
	at java.base/java.util.concurrent.FutureTask.run(FutureTask.java:317)
	at java.base/java.util.concurrent.ThreadPoolExecutor.runWorker(ThreadPoolExecutor.java:1144)
	at java.base/java.util.concurrent.ThreadPoolExecutor$Worker.run(ThreadPoolExecutor.java:642)
	at java.base/java.lang.Thread.run(Thread.java:1583)
Caused by: org.apache.hc.client5.http.HttpHostConnectException: Connect to http://localhost:8761 [localhost/127.0.0.1, localhost/0:0:0:0:0:0:0:1] failed: Connection refused: getsockopt
	at java.base/sun.nio.ch.Net.pollConnect(Native Method)
	at java.base/sun.nio.ch.Net.pollConnectNow(Net.java:694)
	at java.base/sun.nio.ch.NioSocketImpl.timedFinishConnect(NioSocketImpl.java:542)
	at java.base/sun.nio.ch.NioSocketImpl.connect(NioSocketImpl.java:592)
	at java.base/java.net.SocksSocketImpl.connect(SocksSocketImpl.java:327)
	at java.base/java.net.Socket.connect(Socket.java:751)
	at org.apache.hc.client5.http.impl.io.DefaultHttpClientConnectionOperator.connect(DefaultHttpClientConnectionOperator.java:216)
	at org.apache.hc.client5.http.impl.io.PoolingHttpClientConnectionManager.connect(PoolingHttpClientConnectionManager.java:490)
	at org.apache.hc.client5.http.impl.classic.InternalExecRuntime.connectEndpoint(InternalExecRuntime.java:164)
	at org.apache.hc.client5.http.impl.classic.InternalExecRuntime.connectEndpoint(InternalExecRuntime.java:174)
	at org.apache.hc.client5.http.impl.classic.ConnectExec.execute(ConnectExec.java:144)
	at org.apache.hc.client5.http.impl.classic.ExecChainElement.execute(ExecChainElement.java:51)
	at org.apache.hc.client5.http.impl.classic.ProtocolExec.execute(ProtocolExec.java:192)
	at org.apache.hc.client5.http.impl.classic.ExecChainElement.execute(ExecChainElement.java:51)
	at org.apache.hc.client5.http.impl.classic.ContentCompressionExec.execute(ContentCompressionExec.java:150)
	at org.apache.hc.client5.http.impl.classic.ExecChainElement.execute(ExecChainElement.java:51)
	at org.apache.hc.client5.http.impl.classic.HttpRequestRetryExec.execute(HttpRequestRetryExec.java:113)
	at org.apache.hc.client5.http.impl.classic.ExecChainElement.execute(ExecChainElement.java:51)
	at org.apache.hc.client5.http.impl.classic.RedirectExec.execute(RedirectExec.java:110)
	at org.apache.hc.client5.http.impl.classic.ExecChainElement.execute(ExecChainElement.java:51)
	at org.apache.hc.client5.http.impl.classic.InternalHttpClient.doExecute(InternalHttpClient.java:174)
	at org.apache.hc.client5.http.impl.classic.CloseableHttpClient.execute(CloseableHttpClient.java:87)
	at org.apache.hc.client5.http.impl.classic.CloseableHttpClient.execute(CloseableHttpClient.java:55)
	at org.apache.hc.client5.http.classic.HttpClient.executeOpen(HttpClient.java:183)
	at org.springframework.http.client.HttpComponentsClientHttpRequest.executeInternal(HttpComponentsClientHttpRequest.java:99)
	at org.springframework.http.client.AbstractStreamingClientHttpRequest.executeInternal(AbstractStreamingClientHttpRequest.java:71)
	at org.springframework.http.client.AbstractClientHttpRequest.execute(AbstractClientHttpRequest.java:81)
	at org.springframework.http.client.InterceptingClientHttpRequest$InterceptingRequestExecution.execute(InterceptingClientHttpRequest.java:117)
	at org.springframework.cloud.netflix.eureka.http.RestTemplateTransportClientFactory.lambda$restTemplate$3(RestTemplateTransportClientFactory.java:141)
	at org.springframework.http.client.InterceptingClientHttpRequest$InterceptingRequestExecution.execute(InterceptingClientHttpRequest.java:88)
	at org.springframework.http.client.InterceptingClientHttpRequest.executeInternal(InterceptingClientHttpRequest.java:72)
	at org.springframework.http.client.AbstractBufferingClientHttpRequest.executeInternal(AbstractBufferingClientHttpRequest.java:48)
	at org.springframework.http.client.AbstractClientHttpRequest.execute(AbstractClientHttpRequest.java:81)
	at org.springframework.web.client.RestTemplate.doExecute(RestTemplate.java:900)
	... 23 more

2026-09-02T22:10:43.457+05:30  WARN 35844 --- [bmp-review-service] [reshExecutor-%d] c.n.d.s.t.d.RetryableEurekaHttpClient    : Request execution failed with message: I/O error on GET request for "http://localhost:8761/eureka/apps/delta": Connect to http://localhost:8761 [localhost/127.0.0.1, localhost/0:0:0:0:0:0:0:1] failed: Connection refused: getsockopt
2026-09-02T22:10:43.457+05:30  INFO 35844 --- [bmp-review-service] [reshExecutor-%d] com.netflix.discovery.DiscoveryClient    : DiscoveryClient_BMP-REVIEW-SERVICE/Darshan.mshome.net:bmp-review-service:8086 - was unable to refresh its cache! This periodic background refresh will be retried in 30 seconds. status = Cannot execute request on any known server stacktrace = com.netflix.discovery.shared.transport.TransportException: Cannot execute request on any known server
	at com.netflix.discovery.shared.transport.decorator.RetryableEurekaHttpClient.execute(RetryableEurekaHttpClient.java:112)
	at com.netflix.discovery.shared.transport.decorator.EurekaHttpClientDecorator.getDelta(EurekaHttpClientDecorator.java:149)
	at com.netflix.discovery.shared.transport.decorator.EurekaHttpClientDecorator$7.execute(EurekaHttpClientDecorator.java:152)
	at com.netflix.discovery.shared.transport.decorator.SessionedEurekaHttpClient.execute(SessionedEurekaHttpClient.java:76)
	at com.netflix.discovery.shared.transport.decorator.EurekaHttpClientDecorator.getDelta(EurekaHttpClientDecorator.java:149)
	at com.netflix.discovery.DiscoveryClient.getAndUpdateDelta(DiscoveryClient.java:1080)
	at com.netflix.discovery.DiscoveryClient.fetchRegistry(DiscoveryClient.java:963)
	at com.netflix.discovery.DiscoveryClient.refreshRegistry(DiscoveryClient.java:1473)
	at com.netflix.discovery.DiscoveryClient$CacheRefreshThread.run(DiscoveryClient.java:1441)
	at java.base/java.util.concurrent.Executors$RunnableAdapter.call(Executors.java:572)
	at java.base/java.util.concurrent.FutureTask.run(FutureTask.java:317)
	at java.base/java.util.concurrent.ThreadPoolExecutor.runWorker(ThreadPoolExecutor.java:1144)
	at java.base/java.util.concurrent.ThreadPoolExecutor$Worker.run(ThreadPoolExecutor.java:642)
	at java.base/java.lang.Thread.run(Thread.java:1583)

