
  .   ____          _            __ _ _
 /\\ / ___'_ __ _ _(_)_ __  __ _ \ \ \ \
( ( )\___ | '_ | '_| | '_ \/ _` | \ \ \ \
 \\/  ___)| |_)| | | | | || (_| |  ) ) ) )
  '  |____| .__|_| |_|_| |_\__, | / / / /
 =========|_|==============|___/=/_/_/_/

 :: Spring Boot ::                (v3.4.1)

2026-08-28T22:33:40.822+05:30  INFO 35712 --- [bmp-auth-service] [           main] com.bmp.auth.BmpAuthApplication          : Starting BmpAuthApplication using Java 21.0.11 with PID 35712 (C:\BMP -PRJ\BMP\bmp-auth\target\classes started by Lenovo in C:\BMP -PRJ\BMP\bmp-auth)
2026-08-28T22:33:40.823+05:30  INFO 35712 --- [bmp-auth-service] [           main] com.bmp.auth.BmpAuthApplication          : No active profile set, falling back to 1 default profile: "default"
2026-08-28T22:33:40.866+05:30  INFO 35712 --- [bmp-auth-service] [           main] o.s.c.c.c.ConfigServerConfigDataLoader   : Fetching config from server at : http://localhost:8888
2026-08-28T22:33:40.867+05:30  INFO 35712 --- [bmp-auth-service] [           main] o.s.c.c.c.ConfigServerConfigDataLoader   : Exception on Url - http://localhost:8888:org.springframework.web.client.ResourceAccessException: I/O error on GET request for "http://localhost:8888/bmp-auth-service/default": Connection refused: getsockopt. Will be trying the next url if available
2026-08-28T22:33:40.867+05:30  WARN 35712 --- [bmp-auth-service] [           main] o.s.c.c.c.ConfigServerConfigDataLoader   : Could not locate PropertySource ([ConfigServerConfigDataResource@367795c7 uris = array<String>['http://localhost:8888'], optional = true, profiles = 'default']): I/O error on GET request for "http://localhost:8888/bmp-auth-service/default": Connection refused: getsockopt
2026-08-28T22:33:40.867+05:30  INFO 35712 --- [bmp-auth-service] [           main] o.s.c.c.c.ConfigServerConfigDataLoader   : Fetching config from server at : http://localhost:8888
2026-08-28T22:33:40.867+05:30  INFO 35712 --- [bmp-auth-service] [           main] o.s.c.c.c.ConfigServerConfigDataLoader   : Exception on Url - http://localhost:8888:org.springframework.web.client.ResourceAccessException: I/O error on GET request for "http://localhost:8888/bmp-auth-service/default": Connection refused: getsockopt. Will be trying the next url if available
2026-08-28T22:33:40.867+05:30  WARN 35712 --- [bmp-auth-service] [           main] o.s.c.c.c.ConfigServerConfigDataLoader   : Could not locate PropertySource ([ConfigServerConfigDataResource@538cd0f2 uris = array<String>['http://localhost:8888'], optional = true, profiles = 'default']): I/O error on GET request for "http://localhost:8888/bmp-auth-service/default": Connection refused: getsockopt
2026-08-28T22:33:40.867+05:30  INFO 35712 --- [bmp-auth-service] [           main] o.s.c.c.c.ConfigServerConfigDataLoader   : Fetching config from server at : http://localhost:8888
2026-08-28T22:33:40.867+05:30  INFO 35712 --- [bmp-auth-service] [           main] o.s.c.c.c.ConfigServerConfigDataLoader   : Exception on Url - http://localhost:8888:org.springframework.web.client.ResourceAccessException: I/O error on GET request for "http://localhost:8888/bmp-auth-service/default": Connection refused: getsockopt. Will be trying the next url if available
2026-08-28T22:33:40.867+05:30  WARN 35712 --- [bmp-auth-service] [           main] o.s.c.c.c.ConfigServerConfigDataLoader   : Could not locate PropertySource ([ConfigServerConfigDataResource@238ad8c uris = array<String>['http://localhost:8888'], optional = true, profiles = 'default']): I/O error on GET request for "http://localhost:8888/bmp-auth-service/default": Connection refused: getsockopt
2026-08-28T22:33:41.981+05:30  INFO 35712 --- [bmp-auth-service] [           main] .s.d.r.c.RepositoryConfigurationDelegate : Bootstrapping Spring Data JPA repositories in DEFAULT mode.
2026-08-28T22:33:42.133+05:30  INFO 35712 --- [bmp-auth-service] [           main] .s.d.r.c.RepositoryConfigurationDelegate : Finished Spring Data repository scanning in 144 ms. Found 3 JPA repository interfaces.
2026-08-28T22:33:42.373+05:30  INFO 35712 --- [bmp-auth-service] [           main] faultConfiguringBeanFactoryPostProcessor : No bean named 'errorChannel' has been explicitly defined. Therefore, a default PublishSubscribeChannel will be created.
2026-08-28T22:33:42.387+05:30  INFO 35712 --- [bmp-auth-service] [           main] faultConfiguringBeanFactoryPostProcessor : No bean named 'integrationHeaderChannelRegistry' has been explicitly defined. Therefore, a default DefaultHeaderChannelRegistry will be created.
2026-08-28T22:33:42.481+05:30  INFO 35712 --- [bmp-auth-service] [           main] o.s.cloud.context.scope.GenericScope     : BeanFactory id=b23b346e-db13-30be-81e4-49577f8e8b92
2026-08-28T22:33:44.787+05:30  INFO 35712 --- [bmp-auth-service] [           main] o.s.b.w.embedded.tomcat.TomcatWebServer  : Tomcat initialized with port 8081 (http)
2026-08-28T22:33:44.838+05:30  INFO 35712 --- [bmp-auth-service] [           main] o.apache.catalina.core.StandardService   : Starting service [Tomcat]
2026-08-28T22:33:44.838+05:30  INFO 35712 --- [bmp-auth-service] [           main] o.apache.catalina.core.StandardEngine    : Starting Servlet engine: [Apache Tomcat/10.1.34]
2026-08-28T22:33:45.176+05:30  INFO 35712 --- [bmp-auth-service] [           main] o.a.c.c.C.[Tomcat].[localhost].[/]       : Initializing Spring embedded WebApplicationContext
2026-08-28T22:33:45.181+05:30  INFO 35712 --- [bmp-auth-service] [           main] w.s.c.ServletWebServerApplicationContext : Root WebApplicationContext: initialization completed in 4310 ms
2026-08-28T22:33:46.720+05:30  INFO 35712 --- [bmp-auth-service] [           main] com.zaxxer.hikari.HikariDataSource       : HikariPool-1 - Starting...
2026-08-28T22:33:47.243+05:30  INFO 35712 --- [bmp-auth-service] [           main] com.zaxxer.hikari.pool.HikariPool        : HikariPool-1 - Added connection org.postgresql.jdbc.PgConnection@2dbf8cfc
2026-08-28T22:33:47.246+05:30  INFO 35712 --- [bmp-auth-service] [           main] com.zaxxer.hikari.HikariDataSource       : HikariPool-1 - Start completed.
2026-08-28T22:33:47.318+05:30  INFO 35712 --- [bmp-auth-service] [           main] org.flywaydb.core.FlywayExecutor         : Database: jdbc:postgresql://localhost:5432/bmp (PostgreSQL 16.4)
2026-08-28T22:33:47.515+05:30  INFO 35712 --- [bmp-auth-service] [           main] o.f.core.internal.command.DbValidate     : Successfully validated 6 migrations (execution time 00:00.102s)
2026-08-28T22:33:47.551+05:30  INFO 35712 --- [bmp-auth-service] [           main] o.f.core.internal.command.DbMigrate      : Current version of schema "user_schema": 005
2026-08-28T22:33:47.558+05:30  INFO 35712 --- [bmp-auth-service] [           main] o.f.core.internal.command.DbMigrate      : Schema "user_schema" is up to date. No migration necessary.
2026-08-28T22:33:47.870+05:30  INFO 35712 --- [bmp-auth-service] [           main] o.hibernate.jpa.internal.util.LogHelper  : HHH000204: Processing PersistenceUnitInfo [name: default]
2026-08-28T22:33:48.092+05:30  INFO 35712 --- [bmp-auth-service] [           main] org.hibernate.Version                    : HHH000412: Hibernate ORM core version 6.6.4.Final
2026-08-28T22:33:48.216+05:30  INFO 35712 --- [bmp-auth-service] [           main] o.h.c.internal.RegionFactoryInitiator    : HHH000026: Second-level cache disabled
2026-08-28T22:33:49.247+05:30  INFO 35712 --- [bmp-auth-service] [           main] o.s.o.j.p.SpringPersistenceUnitInfo      : No LoadTimeWeaver setup: ignoring JPA class transformer
2026-08-28T22:33:49.549+05:30  INFO 35712 --- [bmp-auth-service] [           main] org.hibernate.orm.connections.pooling    : HHH10001005: Database info:
	Database JDBC URL [Connecting through datasource 'HikariDataSource (HikariPool-1)']
	Database driver: undefined/unknown
	Database version: 16.4
	Autocommit mode: undefined/unknown
	Isolation level: undefined/unknown
	Minimum pool size: undefined/unknown
	Maximum pool size: undefined/unknown
2026-08-28T22:33:52.303+05:30  INFO 35712 --- [bmp-auth-service] [           main] o.h.e.t.j.p.i.JtaPlatformInitiator       : HHH000489: No JTA platform available (set 'hibernate.transaction.jta.platform' to enable JTA platform integration)
2026-08-28T22:33:52.510+05:30  INFO 35712 --- [bmp-auth-service] [           main] j.LocalContainerEntityManagerFactoryBean : Initialized JPA EntityManagerFactory for persistence unit 'default'
2026-08-28T22:33:55.510+05:30  INFO 35712 --- [bmp-auth-service] [           main] o.s.c.openfeign.FeignClientFactoryBean   : For 'bmp-user-service' URL not provided. Will try picking an instance via load-balancing.
2026-08-28T22:33:56.396+05:30  WARN 35712 --- [bmp-auth-service] [           main] .s.s.UserDetailsServiceAutoConfiguration : 

Using generated security password: 8662373e-1fae-49dc-b430-6992a8625dd3

This generated password is for development use only. Your security configuration must be updated before running your application in production.

2026-08-28T22:33:56.450+05:30  INFO 35712 --- [bmp-auth-service] [           main] r$InitializeUserDetailsManagerConfigurer : Global AuthenticationManager configured with UserDetailsService bean with name inMemoryUserDetailsManager
2026-08-28T22:33:57.940+05:30  INFO 35712 --- [bmp-auth-service] [           main] o.s.b.a.e.web.EndpointLinksResolver      : Exposing 10 endpoints beneath base path '/actuator'
2026-08-28T22:33:59.868+05:30  INFO 35712 --- [bmp-auth-service] [           main] o.s.c.s.m.DirectWithAttributesChannel    : Channel 'bmp-auth-service.springCloudBusInput' has 1 subscriber(s).
2026-08-28T22:34:01.163+05:30  INFO 35712 --- [bmp-auth-service] [           main] DiscoveryClientOptionalArgsConfiguration : Eureka HTTP Client uses RestTemplate.
2026-08-28T22:34:01.304+05:30  WARN 35712 --- [bmp-auth-service] [           main] iguration$LoadBalancerCaffeineWarnLogger : Spring Cloud LoadBalancer is currently working with the default cache. While this cache implementation is useful for development and tests, it's recommended to use Caffeine cache in production.You can switch to using Caffeine cache, by adding it and org.springframework.cache.caffeine.CaffeineCacheManager to the classpath.
2026-08-28T22:34:01.862+05:30  INFO 35712 --- [bmp-auth-service] [           main] o.s.i.endpoint.EventDrivenConsumer       : Adding {logging-channel-adapter:_org.springframework.integration.errorLogger} as a subscriber to the 'errorChannel' channel
2026-08-28T22:34:01.865+05:30  INFO 35712 --- [bmp-auth-service] [           main] o.s.i.channel.PublishSubscribeChannel    : Channel 'bmp-auth-service.errorChannel' has 1 subscriber(s).
2026-08-28T22:34:01.866+05:30  INFO 35712 --- [bmp-auth-service] [           main] o.s.i.endpoint.EventDrivenConsumer       : started bean '_org.springframework.integration.errorLogger'
2026-08-28T22:34:01.916+05:30  INFO 35712 --- [bmp-auth-service] [           main] o.s.c.n.eureka.InstanceInfoFactory       : Setting initial instance status as: STARTING
2026-08-28T22:34:02.036+05:30  INFO 35712 --- [bmp-auth-service] [           main] com.netflix.discovery.DiscoveryClient    : Initializing Eureka in region us-east-1
2026-08-28T22:34:02.045+05:30  INFO 35712 --- [bmp-auth-service] [           main] c.n.d.s.r.aws.ConfigClusterResolver      : Resolving eureka endpoints via configuration
2026-08-28T22:34:02.066+05:30  INFO 35712 --- [bmp-auth-service] [           main] com.netflix.discovery.DiscoveryClient    : Disable delta property : false
2026-08-28T22:34:02.066+05:30  INFO 35712 --- [bmp-auth-service] [           main] com.netflix.discovery.DiscoveryClient    : Single vip registry refresh property : null
2026-08-28T22:34:02.066+05:30  INFO 35712 --- [bmp-auth-service] [           main] com.netflix.discovery.DiscoveryClient    : Force full registry fetch : false
2026-08-28T22:34:02.066+05:30  INFO 35712 --- [bmp-auth-service] [           main] com.netflix.discovery.DiscoveryClient    : Application is null : false
2026-08-28T22:34:02.066+05:30  INFO 35712 --- [bmp-auth-service] [           main] com.netflix.discovery.DiscoveryClient    : Registered Applications size is zero : true
2026-08-28T22:34:02.066+05:30  INFO 35712 --- [bmp-auth-service] [           main] com.netflix.discovery.DiscoveryClient    : Application version is -1: true
2026-08-28T22:34:02.067+05:30  INFO 35712 --- [bmp-auth-service] [           main] com.netflix.discovery.DiscoveryClient    : Getting all instance registry info from the eureka server
2026-08-28T22:34:02.510+05:30  INFO 35712 --- [bmp-auth-service] [           main] com.netflix.discovery.DiscoveryClient    : The response status is 200
2026-08-28T22:34:02.516+05:30  INFO 35712 --- [bmp-auth-service] [           main] com.netflix.discovery.DiscoveryClient    : Starting heartbeat executor: renew interval is: 30
2026-08-28T22:34:02.522+05:30  INFO 35712 --- [bmp-auth-service] [           main] c.n.discovery.InstanceInfoReplicator     : InstanceInfoReplicator onDemand update allowed rate per min is 4
2026-08-28T22:34:02.524+05:30  INFO 35712 --- [bmp-auth-service] [           main] com.netflix.discovery.DiscoveryClient    : Discovery Client initialized at timestamp 1787936642524 with initial instances count: 1
2026-08-28T22:34:02.545+05:30  INFO 35712 --- [bmp-auth-service] [           main] o.s.c.n.e.s.EurekaServiceRegistry        : Registering application BMP-AUTH-SERVICE with eureka with status UP
2026-08-28T22:34:02.547+05:30  INFO 35712 --- [bmp-auth-service] [           main] com.netflix.discovery.DiscoveryClient    : Saw local status change event StatusChangeEvent [timestamp=1787936642547, current=UP, previous=STARTING]
2026-08-28T22:34:02.551+05:30  INFO 35712 --- [bmp-auth-service] [foReplicator-%d] com.netflix.discovery.DiscoveryClient    : DiscoveryClient_BMP-AUTH-SERVICE/Darshan.mshome.net:bmp-auth-service:8081: registering service...
2026-08-28T22:34:02.615+05:30  INFO 35712 --- [bmp-auth-service] [           main] o.s.b.w.embedded.tomcat.TomcatWebServer  : Tomcat started on port 8081 (http) with context path '/'
2026-08-28T22:34:02.616+05:30  INFO 35712 --- [bmp-auth-service] [           main] .s.c.n.e.s.EurekaAutoServiceRegistration : Updating port to 8081
2026-08-28T22:34:02.628+05:30  INFO 35712 --- [bmp-auth-service] [foReplicator-%d] com.netflix.discovery.DiscoveryClient    : DiscoveryClient_BMP-AUTH-SERVICE/Darshan.mshome.net:bmp-auth-service:8081 - registration status: 204
2026-08-28T22:34:02.630+05:30  INFO 35712 --- [bmp-auth-service] [           main] o.s.c.s.binder.DefaultBinderFactory      : Creating binder: kafka
2026-08-28T22:34:02.630+05:30  INFO 35712 --- [bmp-auth-service] [           main] o.s.c.s.binder.DefaultBinderFactory      : Constructing binder child context for kafka
2026-08-28T22:34:03.345+05:30  INFO 35712 --- [bmp-auth-service] [           main] o.s.c.s.binder.DefaultBinderFactory      : Caching the binder: kafka
2026-08-28T22:34:03.479+05:30  INFO 35712 --- [bmp-auth-service] [           main] o.a.k.clients.admin.AdminClientConfig    : AdminClientConfig values: 
	auto.include.jmx.reporter = true
	bootstrap.controllers = []
	bootstrap.servers = [localhost:9092]
	client.dns.lookup = use_all_dns_ips
	client.id = 
	connections.max.idle.ms = 300000
	default.api.timeout.ms = 60000
	enable.metrics.push = true
	metadata.max.age.ms = 300000
	metadata.recovery.strategy = none
	metric.reporters = []
	metrics.num.samples = 2
	metrics.recording.level = INFO
	metrics.sample.window.ms = 30000
	receive.buffer.bytes = 65536
	reconnect.backoff.max.ms = 1000
	reconnect.backoff.ms = 50
	request.timeout.ms = 30000
	retries = 2147483647
	retry.backoff.max.ms = 1000
	retry.backoff.ms = 100
	sasl.client.callback.handler.class = null
	sasl.jaas.config = null
	sasl.kerberos.kinit.cmd = /usr/bin/kinit
	sasl.kerberos.min.time.before.relogin = 60000
	sasl.kerberos.service.name = null
	sasl.kerberos.ticket.renew.jitter = 0.05
	sasl.kerberos.ticket.renew.window.factor = 0.8
	sasl.login.callback.handler.class = null
	sasl.login.class = null
	sasl.login.connect.timeout.ms = null
	sasl.login.read.timeout.ms = null
	sasl.login.refresh.buffer.seconds = 300
	sasl.login.refresh.min.period.seconds = 60
	sasl.login.refresh.window.factor = 0.8
	sasl.login.refresh.window.jitter = 0.05
	sasl.login.retry.backoff.max.ms = 10000
	sasl.login.retry.backoff.ms = 100
	sasl.mechanism = GSSAPI
	sasl.oauthbearer.clock.skew.seconds = 30
	sasl.oauthbearer.expected.audience = null
	sasl.oauthbearer.expected.issuer = null
	sasl.oauthbearer.jwks.endpoint.refresh.ms = 3600000
	sasl.oauthbearer.jwks.endpoint.retry.backoff.max.ms = 10000
	sasl.oauthbearer.jwks.endpoint.retry.backoff.ms = 100
	sasl.oauthbearer.jwks.endpoint.url = null
	sasl.oauthbearer.scope.claim.name = scope
	sasl.oauthbearer.sub.claim.name = sub
	sasl.oauthbearer.token.endpoint.url = null
	security.protocol = PLAINTEXT
	security.providers = null
	send.buffer.bytes = 131072
	socket.connection.setup.timeout.max.ms = 30000
	socket.connection.setup.timeout.ms = 10000
	ssl.cipher.suites = null
	ssl.enabled.protocols = [TLSv1.2, TLSv1.3]
	ssl.endpoint.identification.algorithm = https
	ssl.engine.factory.class = null
	ssl.key.password = null
	ssl.keymanager.algorithm = SunX509
	ssl.keystore.certificate.chain = null
	ssl.keystore.key = null
	ssl.keystore.location = null
	ssl.keystore.password = null
	ssl.keystore.type = JKS
	ssl.protocol = TLSv1.3
	ssl.provider = null
	ssl.secure.random.implementation = null
	ssl.trustmanager.algorithm = PKIX
	ssl.truststore.certificates = null
	ssl.truststore.location = null
	ssl.truststore.password = null
	ssl.truststore.type = JKS

2026-08-28T22:34:03.772+05:30  INFO 35712 --- [bmp-auth-service] [           main] o.a.kafka.common.utils.AppInfoParser     : Kafka version: 3.8.1
2026-08-28T22:34:03.772+05:30  INFO 35712 --- [bmp-auth-service] [           main] o.a.kafka.common.utils.AppInfoParser     : Kafka commitId: 70d6ff42debf7e17
2026-08-28T22:34:03.772+05:30  INFO 35712 --- [bmp-auth-service] [           main] o.a.kafka.common.utils.AppInfoParser     : Kafka startTimeMs: 1787936643764
2026-08-28T22:34:04.660+05:30  INFO 35712 --- [bmp-auth-service] [| adminclient-1] o.a.kafka.common.utils.AppInfoParser     : App info kafka.admin.client for adminclient-1 unregistered
2026-08-28T22:34:04.666+05:30  INFO 35712 --- [bmp-auth-service] [| adminclient-1] o.apache.kafka.common.metrics.Metrics    : Metrics scheduler closed
2026-08-28T22:34:04.666+05:30  INFO 35712 --- [bmp-auth-service] [| adminclient-1] o.apache.kafka.common.metrics.Metrics    : Closing reporter org.apache.kafka.common.metrics.JmxReporter
2026-08-28T22:34:04.666+05:30  INFO 35712 --- [bmp-auth-service] [| adminclient-1] o.apache.kafka.common.metrics.Metrics    : Metrics reporters closed
2026-08-28T22:34:04.688+05:30  INFO 35712 --- [bmp-auth-service] [           main] o.a.k.clients.consumer.ConsumerConfig    : ConsumerConfig values: 
	allow.auto.create.topics = true
	auto.commit.interval.ms = 100
	auto.include.jmx.reporter = true
	auto.offset.reset = latest
	bootstrap.servers = [localhost:9092]
	check.crcs = true
	client.dns.lookup = use_all_dns_ips
	client.id = consumer-anonymous.b4c32535-8def-4801-8a15-3295244fe1f6-1
	client.rack = 
	connections.max.idle.ms = 540000
	default.api.timeout.ms = 60000
	enable.auto.commit = false
	enable.metrics.push = true
	exclude.internal.topics = true
	fetch.max.bytes = 52428800
	fetch.max.wait.ms = 500
	fetch.min.bytes = 1
	group.id = anonymous.b4c32535-8def-4801-8a15-3295244fe1f6
	group.instance.id = null
	group.protocol = classic
	group.remote.assignor = null
	heartbeat.interval.ms = 3000
	interceptor.classes = []
	internal.leave.group.on.close = true
	internal.throw.on.fetch.stable.offset.unsupported = false
	isolation.level = read_uncommitted
	key.deserializer = class org.apache.kafka.common.serialization.ByteArrayDeserializer
	max.partition.fetch.bytes = 1048576
	max.poll.interval.ms = 300000
	max.poll.records = 500
	metadata.max.age.ms = 300000
	metadata.recovery.strategy = none
	metric.reporters = []
	metrics.num.samples = 2
	metrics.recording.level = INFO
	metrics.sample.window.ms = 30000
	partition.assignment.strategy = [class org.apache.kafka.clients.consumer.RangeAssignor, class org.apache.kafka.clients.consumer.CooperativeStickyAssignor]
	receive.buffer.bytes = 65536
	reconnect.backoff.max.ms = 1000
	reconnect.backoff.ms = 50
	request.timeout.ms = 30000
	retry.backoff.max.ms = 1000
	retry.backoff.ms = 100
	sasl.client.callback.handler.class = null
	sasl.jaas.config = null
	sasl.kerberos.kinit.cmd = /usr/bin/kinit
	sasl.kerberos.min.time.before.relogin = 60000
	sasl.kerberos.service.name = null
	sasl.kerberos.ticket.renew.jitter = 0.05
	sasl.kerberos.ticket.renew.window.factor = 0.8
	sasl.login.callback.handler.class = null
	sasl.login.class = null
	sasl.login.connect.timeout.ms = null
	sasl.login.read.timeout.ms = null
	sasl.login.refresh.buffer.seconds = 300
	sasl.login.refresh.min.period.seconds = 60
	sasl.login.refresh.window.factor = 0.8
	sasl.login.refresh.window.jitter = 0.05
	sasl.login.retry.backoff.max.ms = 10000
	sasl.login.retry.backoff.ms = 100
	sasl.mechanism = GSSAPI
	sasl.oauthbearer.clock.skew.seconds = 30
	sasl.oauthbearer.expected.audience = null
	sasl.oauthbearer.expected.issuer = null
	sasl.oauthbearer.jwks.endpoint.refresh.ms = 3600000
	sasl.oauthbearer.jwks.endpoint.retry.backoff.max.ms = 10000
	sasl.oauthbearer.jwks.endpoint.retry.backoff.ms = 100
	sasl.oauthbearer.jwks.endpoint.url = null
	sasl.oauthbearer.scope.claim.name = scope
	sasl.oauthbearer.sub.claim.name = sub
	sasl.oauthbearer.token.endpoint.url = null
	security.protocol = PLAINTEXT
	security.providers = null
	send.buffer.bytes = 131072
	session.timeout.ms = 45000
	socket.connection.setup.timeout.max.ms = 30000
	socket.connection.setup.timeout.ms = 10000
	ssl.cipher.suites = null
	ssl.enabled.protocols = [TLSv1.2, TLSv1.3]
	ssl.endpoint.identification.algorithm = https
	ssl.engine.factory.class = null
	ssl.key.password = null
	ssl.keymanager.algorithm = SunX509
	ssl.keystore.certificate.chain = null
	ssl.keystore.key = null
	ssl.keystore.location = null
	ssl.keystore.password = null
	ssl.keystore.type = JKS
	ssl.protocol = TLSv1.3
	ssl.provider = null
	ssl.secure.random.implementation = null
	ssl.trustmanager.algorithm = PKIX
	ssl.truststore.certificates = null
	ssl.truststore.location = null
	ssl.truststore.password = null
	ssl.truststore.type = JKS
	value.deserializer = class org.apache.kafka.common.serialization.ByteArrayDeserializer

2026-08-28T22:34:04.830+05:30  INFO 35712 --- [bmp-auth-service] [           main] o.a.k.c.t.i.KafkaMetricsCollector        : initializing Kafka metrics collector
2026-08-28T22:34:05.018+05:30  INFO 35712 --- [bmp-auth-service] [           main] o.a.kafka.common.utils.AppInfoParser     : Kafka version: 3.8.1
2026-08-28T22:34:05.019+05:30  INFO 35712 --- [bmp-auth-service] [           main] o.a.kafka.common.utils.AppInfoParser     : Kafka commitId: 70d6ff42debf7e17
2026-08-28T22:34:05.020+05:30  INFO 35712 --- [bmp-auth-service] [           main] o.a.kafka.common.utils.AppInfoParser     : Kafka startTimeMs: 1787936645018
2026-08-28T22:34:05.083+05:30  INFO 35712 --- [bmp-auth-service] [           main] org.apache.kafka.clients.Metadata        : [Consumer clientId=consumer-anonymous.b4c32535-8def-4801-8a15-3295244fe1f6-1, groupId=anonymous.b4c32535-8def-4801-8a15-3295244fe1f6] Cluster ID: 5L6g3nShT-eMCtK--X86sw
2026-08-28T22:34:05.093+05:30  INFO 35712 --- [bmp-auth-service] [           main] o.a.k.c.c.internals.ConsumerCoordinator  : [Consumer clientId=consumer-anonymous.b4c32535-8def-4801-8a15-3295244fe1f6-1, groupId=anonymous.b4c32535-8def-4801-8a15-3295244fe1f6] Resetting generation and member id due to: consumer pro-actively leaving the group
2026-08-28T22:34:05.095+05:30  INFO 35712 --- [bmp-auth-service] [           main] o.a.k.c.c.internals.ConsumerCoordinator  : [Consumer clientId=consumer-anonymous.b4c32535-8def-4801-8a15-3295244fe1f6-1, groupId=anonymous.b4c32535-8def-4801-8a15-3295244fe1f6] Request joining group due to: consumer pro-actively leaving the group
2026-08-28T22:34:05.108+05:30  INFO 35712 --- [bmp-auth-service] [           main] o.apache.kafka.common.metrics.Metrics    : Metrics scheduler closed
2026-08-28T22:34:05.108+05:30  INFO 35712 --- [bmp-auth-service] [           main] o.apache.kafka.common.metrics.Metrics    : Closing reporter org.apache.kafka.common.metrics.JmxReporter
2026-08-28T22:34:05.108+05:30  INFO 35712 --- [bmp-auth-service] [           main] o.apache.kafka.common.metrics.Metrics    : Closing reporter org.apache.kafka.common.telemetry.internals.ClientTelemetryReporter
2026-08-28T22:34:05.108+05:30  INFO 35712 --- [bmp-auth-service] [           main] o.apache.kafka.common.metrics.Metrics    : Metrics reporters closed
2026-08-28T22:34:05.118+05:30  INFO 35712 --- [bmp-auth-service] [           main] o.a.kafka.common.utils.AppInfoParser     : App info kafka.consumer for consumer-anonymous.b4c32535-8def-4801-8a15-3295244fe1f6-1 unregistered
2026-08-28T22:34:05.218+05:30  INFO 35712 --- [bmp-auth-service] [           main] o.s.c.stream.binder.BinderErrorChannel   : Channel 'kafka-1113644557.springCloudBusInput.errors' has 1 subscriber(s).
2026-08-28T22:34:05.219+05:30  INFO 35712 --- [bmp-auth-service] [           main] o.s.c.stream.binder.BinderErrorChannel   : Channel 'kafka-1113644557.springCloudBusInput.errors' has 0 subscriber(s).
2026-08-28T22:34:05.219+05:30  INFO 35712 --- [bmp-auth-service] [           main] o.s.c.stream.binder.BinderErrorChannel   : Channel 'kafka-1113644557.springCloudBusInput.errors' has 1 subscriber(s).
2026-08-28T22:34:05.219+05:30  INFO 35712 --- [bmp-auth-service] [           main] o.s.c.stream.binder.BinderErrorChannel   : Channel 'kafka-1113644557.springCloudBusInput.errors' has 2 subscriber(s).
2026-08-28T22:34:05.260+05:30  INFO 35712 --- [bmp-auth-service] [           main] o.a.k.clients.consumer.ConsumerConfig    : ConsumerConfig values: 
	allow.auto.create.topics = true
	auto.commit.interval.ms = 100
	auto.include.jmx.reporter = true
	auto.offset.reset = latest
	bootstrap.servers = [localhost:9092]
	check.crcs = true
	client.dns.lookup = use_all_dns_ips
	client.id = consumer-anonymous.b4c32535-8def-4801-8a15-3295244fe1f6-2
	client.rack = 
	connections.max.idle.ms = 540000
	default.api.timeout.ms = 60000
	enable.auto.commit = false
	enable.metrics.push = true
	exclude.internal.topics = true
	fetch.max.bytes = 52428800
	fetch.max.wait.ms = 500
	fetch.min.bytes = 1
	group.id = anonymous.b4c32535-8def-4801-8a15-3295244fe1f6
	group.instance.id = null
	group.protocol = classic
	group.remote.assignor = null
	heartbeat.interval.ms = 3000
	interceptor.classes = []
	internal.leave.group.on.close = true
	internal.throw.on.fetch.stable.offset.unsupported = false
	isolation.level = read_uncommitted
	key.deserializer = class org.apache.kafka.common.serialization.ByteArrayDeserializer
	max.partition.fetch.bytes = 1048576
	max.poll.interval.ms = 300000
	max.poll.records = 500
	metadata.max.age.ms = 300000
	metadata.recovery.strategy = none
	metric.reporters = []
	metrics.num.samples = 2
	metrics.recording.level = INFO
	metrics.sample.window.ms = 30000
	partition.assignment.strategy = [class org.apache.kafka.clients.consumer.RangeAssignor, class org.apache.kafka.clients.consumer.CooperativeStickyAssignor]
	receive.buffer.bytes = 65536
	reconnect.backoff.max.ms = 1000
	reconnect.backoff.ms = 50
	request.timeout.ms = 30000
	retry.backoff.max.ms = 1000
	retry.backoff.ms = 100
	sasl.client.callback.handler.class = null
	sasl.jaas.config = null
	sasl.kerberos.kinit.cmd = /usr/bin/kinit
	sasl.kerberos.min.time.before.relogin = 60000
	sasl.kerberos.service.name = null
	sasl.kerberos.ticket.renew.jitter = 0.05
	sasl.kerberos.ticket.renew.window.factor = 0.8
	sasl.login.callback.handler.class = null
	sasl.login.class = null
	sasl.login.connect.timeout.ms = null
	sasl.login.read.timeout.ms = null
	sasl.login.refresh.buffer.seconds = 300
	sasl.login.refresh.min.period.seconds = 60
	sasl.login.refresh.window.factor = 0.8
	sasl.login.refresh.window.jitter = 0.05
	sasl.login.retry.backoff.max.ms = 10000
	sasl.login.retry.backoff.ms = 100
	sasl.mechanism = GSSAPI
	sasl.oauthbearer.clock.skew.seconds = 30
	sasl.oauthbearer.expected.audience = null
	sasl.oauthbearer.expected.issuer = null
	sasl.oauthbearer.jwks.endpoint.refresh.ms = 3600000
	sasl.oauthbearer.jwks.endpoint.retry.backoff.max.ms = 10000
	sasl.oauthbearer.jwks.endpoint.retry.backoff.ms = 100
	sasl.oauthbearer.jwks.endpoint.url = null
	sasl.oauthbearer.scope.claim.name = scope
	sasl.oauthbearer.sub.claim.name = sub
	sasl.oauthbearer.token.endpoint.url = null
	security.protocol = PLAINTEXT
	security.providers = null
	send.buffer.bytes = 131072
	session.timeout.ms = 45000
	socket.connection.setup.timeout.max.ms = 30000
	socket.connection.setup.timeout.ms = 10000
	ssl.cipher.suites = null
	ssl.enabled.protocols = [TLSv1.2, TLSv1.3]
	ssl.endpoint.identification.algorithm = https
	ssl.engine.factory.class = null
	ssl.key.password = null
	ssl.keymanager.algorithm = SunX509
	ssl.keystore.certificate.chain = null
	ssl.keystore.key = null
	ssl.keystore.location = null
	ssl.keystore.password = null
	ssl.keystore.type = JKS
	ssl.protocol = TLSv1.3
	ssl.provider = null
	ssl.secure.random.implementation = null
	ssl.trustmanager.algorithm = PKIX
	ssl.truststore.certificates = null
	ssl.truststore.location = null
	ssl.truststore.password = null
	ssl.truststore.type = JKS
	value.deserializer = class org.apache.kafka.common.serialization.ByteArrayDeserializer

2026-08-28T22:34:05.260+05:30  INFO 35712 --- [bmp-auth-service] [           main] o.a.k.c.t.i.KafkaMetricsCollector        : initializing Kafka metrics collector
2026-08-28T22:34:05.272+05:30  INFO 35712 --- [bmp-auth-service] [           main] o.a.kafka.common.utils.AppInfoParser     : Kafka version: 3.8.1
2026-08-28T22:34:05.272+05:30  INFO 35712 --- [bmp-auth-service] [           main] o.a.kafka.common.utils.AppInfoParser     : Kafka commitId: 70d6ff42debf7e17
2026-08-28T22:34:05.272+05:30  INFO 35712 --- [bmp-auth-service] [           main] o.a.kafka.common.utils.AppInfoParser     : Kafka startTimeMs: 1787936645272
2026-08-28T22:34:05.287+05:30  INFO 35712 --- [bmp-auth-service] [           main] o.a.k.c.c.internals.LegacyKafkaConsumer  : [Consumer clientId=consumer-anonymous.b4c32535-8def-4801-8a15-3295244fe1f6-2, groupId=anonymous.b4c32535-8def-4801-8a15-3295244fe1f6] Subscribed to topic(s): springCloudBus
2026-08-28T22:34:05.300+05:30  INFO 35712 --- [bmp-auth-service] [           main] s.i.k.i.KafkaMessageDrivenChannelAdapter : started org.springframework.integration.kafka.inbound.KafkaMessageDrivenChannelAdapter@5c98b98
2026-08-28T22:34:05.322+05:30  INFO 35712 --- [bmp-auth-service] [container-0-C-1] org.apache.kafka.clients.Metadata        : [Consumer clientId=consumer-anonymous.b4c32535-8def-4801-8a15-3295244fe1f6-2, groupId=anonymous.b4c32535-8def-4801-8a15-3295244fe1f6] Cluster ID: 5L6g3nShT-eMCtK--X86sw
2026-08-28T22:34:05.328+05:30  INFO 35712 --- [bmp-auth-service] [container-0-C-1] o.a.k.c.c.internals.ConsumerCoordinator  : [Consumer clientId=consumer-anonymous.b4c32535-8def-4801-8a15-3295244fe1f6-2, groupId=anonymous.b4c32535-8def-4801-8a15-3295244fe1f6] Discovered group coordinator localhost:9092 (id: 2147483646 rack: null)
2026-08-28T22:34:05.332+05:30  INFO 35712 --- [bmp-auth-service] [container-0-C-1] o.a.k.c.c.internals.ConsumerCoordinator  : [Consumer clientId=consumer-anonymous.b4c32535-8def-4801-8a15-3295244fe1f6-2, groupId=anonymous.b4c32535-8def-4801-8a15-3295244fe1f6] (Re-)joining group
2026-08-28T22:34:05.369+05:30  INFO 35712 --- [bmp-auth-service] [container-0-C-1] o.a.k.c.c.internals.ConsumerCoordinator  : [Consumer clientId=consumer-anonymous.b4c32535-8def-4801-8a15-3295244fe1f6-2, groupId=anonymous.b4c32535-8def-4801-8a15-3295244fe1f6] Request joining group due to: need to re-join with the given member-id: consumer-anonymous.b4c32535-8def-4801-8a15-3295244fe1f6-2-2f250d77-bdc0-4807-9b0c-5237d5102333
2026-08-28T22:34:05.370+05:30  INFO 35712 --- [bmp-auth-service] [container-0-C-1] o.a.k.c.c.internals.ConsumerCoordinator  : [Consumer clientId=consumer-anonymous.b4c32535-8def-4801-8a15-3295244fe1f6-2, groupId=anonymous.b4c32535-8def-4801-8a15-3295244fe1f6] (Re-)joining group
2026-08-28T22:34:05.400+05:30  INFO 35712 --- [bmp-auth-service] [           main] o.s.c.openfeign.FeignClientFactoryBean   : For 'bmp-salon-service' URL not provided. Will try picking an instance via load-balancing.
2026-08-28T22:34:05.422+05:30  WARN 35712 --- [bmp-auth-service] [           main] com.bmp.auth.services.AuthService        : DEV MASTER OTP is ENABLED for 6 seeded test number(s). This must never be set outside local development.
2026-08-28T22:34:05.574+05:30  INFO 35712 --- [bmp-auth-service] [           main] com.bmp.auth.BmpAuthApplication          : Started BmpAuthApplication in 25.462 seconds (process running for 25.931)
2026-08-28T22:34:06.316+05:30  INFO 35712 --- [bmp-auth-service] [pool-2-thread-1] o.a.k.clients.consumer.ConsumerConfig    : ConsumerConfig values: 
	allow.auto.create.topics = true
	auto.commit.interval.ms = 5000
	auto.include.jmx.reporter = true
	auto.offset.reset = latest
	bootstrap.servers = [localhost:9092]
	check.crcs = true
	client.dns.lookup = use_all_dns_ips
	client.id = consumer-anonymous.b4c32535-8def-4801-8a15-3295244fe1f6-3
	client.rack = 
	connections.max.idle.ms = 540000
	default.api.timeout.ms = 60000
	enable.auto.commit = true
	enable.metrics.push = true
	exclude.internal.topics = true
	fetch.max.bytes = 52428800
	fetch.max.wait.ms = 500
	fetch.min.bytes = 1
	group.id = anonymous.b4c32535-8def-4801-8a15-3295244fe1f6
	group.instance.id = null
	group.protocol = classic
	group.remote.assignor = null
	heartbeat.interval.ms = 3000
	interceptor.classes = []
	internal.leave.group.on.close = true
	internal.throw.on.fetch.stable.offset.unsupported = false
	isolation.level = read_uncommitted
	key.deserializer = class org.apache.kafka.common.serialization.ByteArrayDeserializer
	max.partition.fetch.bytes = 1048576
	max.poll.interval.ms = 300000
	max.poll.records = 500
	metadata.max.age.ms = 300000
	metadata.recovery.strategy = none
	metric.reporters = []
	metrics.num.samples = 2
	metrics.recording.level = INFO
	metrics.sample.window.ms = 30000
	partition.assignment.strategy = [class org.apache.kafka.clients.consumer.RangeAssignor, class org.apache.kafka.clients.consumer.CooperativeStickyAssignor]
	receive.buffer.bytes = 65536
	reconnect.backoff.max.ms = 1000
	reconnect.backoff.ms = 50
	request.timeout.ms = 30000
	retry.backoff.max.ms = 1000
	retry.backoff.ms = 100
	sasl.client.callback.handler.class = null
	sasl.jaas.config = null
	sasl.kerberos.kinit.cmd = /usr/bin/kinit
	sasl.kerberos.min.time.before.relogin = 60000
	sasl.kerberos.service.name = null
	sasl.kerberos.ticket.renew.jitter = 0.05
	sasl.kerberos.ticket.renew.window.factor = 0.8
	sasl.login.callback.handler.class = null
	sasl.login.class = null
	sasl.login.connect.timeout.ms = null
	sasl.login.read.timeout.ms = null
	sasl.login.refresh.buffer.seconds = 300
	sasl.login.refresh.min.period.seconds = 60
	sasl.login.refresh.window.factor = 0.8
	sasl.login.refresh.window.jitter = 0.05
	sasl.login.retry.backoff.max.ms = 10000
	sasl.login.retry.backoff.ms = 100
	sasl.mechanism = GSSAPI
	sasl.oauthbearer.clock.skew.seconds = 30
	sasl.oauthbearer.expected.audience = null
	sasl.oauthbearer.expected.issuer = null
	sasl.oauthbearer.jwks.endpoint.refresh.ms = 3600000
	sasl.oauthbearer.jwks.endpoint.retry.backoff.max.ms = 10000
	sasl.oauthbearer.jwks.endpoint.retry.backoff.ms = 100
	sasl.oauthbearer.jwks.endpoint.url = null
	sasl.oauthbearer.scope.claim.name = scope
	sasl.oauthbearer.sub.claim.name = sub
	sasl.oauthbearer.token.endpoint.url = null
	security.protocol = PLAINTEXT
	security.providers = null
	send.buffer.bytes = 131072
	session.timeout.ms = 45000
	socket.connection.setup.timeout.max.ms = 30000
	socket.connection.setup.timeout.ms = 10000
	ssl.cipher.suites = null
	ssl.enabled.protocols = [TLSv1.2, TLSv1.3]
	ssl.endpoint.identification.algorithm = https
	ssl.engine.factory.class = null
	ssl.key.password = null
	ssl.keymanager.algorithm = SunX509
	ssl.keystore.certificate.chain = null
	ssl.keystore.key = null
	ssl.keystore.location = null
	ssl.keystore.password = null
	ssl.keystore.type = JKS
	ssl.protocol = TLSv1.3
	ssl.provider = null
	ssl.secure.random.implementation = null
	ssl.trustmanager.algorithm = PKIX
	ssl.truststore.certificates = null
	ssl.truststore.location = null
	ssl.truststore.password = null
	ssl.truststore.type = JKS
	value.deserializer = class org.apache.kafka.common.serialization.ByteArrayDeserializer

2026-08-28T22:34:06.321+05:30  INFO 35712 --- [bmp-auth-service] [pool-2-thread-1] o.a.k.c.t.i.KafkaMetricsCollector        : initializing Kafka metrics collector
2026-08-28T22:34:06.373+05:30  INFO 35712 --- [bmp-auth-service] [pool-2-thread-1] o.a.kafka.common.utils.AppInfoParser     : Kafka version: 3.8.1
2026-08-28T22:34:06.374+05:30  INFO 35712 --- [bmp-auth-service] [pool-2-thread-1] o.a.kafka.common.utils.AppInfoParser     : Kafka commitId: 70d6ff42debf7e17
2026-08-28T22:34:06.374+05:30  INFO 35712 --- [bmp-auth-service] [pool-2-thread-1] o.a.kafka.common.utils.AppInfoParser     : Kafka startTimeMs: 1787936646373
2026-08-28T22:34:06.398+05:30  INFO 35712 --- [bmp-auth-service] [pool-2-thread-1] org.apache.kafka.clients.Metadata        : [Consumer clientId=consumer-anonymous.b4c32535-8def-4801-8a15-3295244fe1f6-3, groupId=anonymous.b4c32535-8def-4801-8a15-3295244fe1f6] Cluster ID: 5L6g3nShT-eMCtK--X86sw
2026-08-28T22:34:06.457+05:30  INFO 35712 --- [bmp-auth-service] [pool-2-thread-1] o.a.k.c.c.internals.ConsumerCoordinator  : [Consumer clientId=consumer-anonymous.b4c32535-8def-4801-8a15-3295244fe1f6-3, groupId=anonymous.b4c32535-8def-4801-8a15-3295244fe1f6] Discovered group coordinator localhost:9092 (id: 2147483646 rack: null)
2026-08-28T22:34:06.495+05:30  INFO 35712 --- [bmp-auth-service] [pool-2-thread-1] o.a.k.c.c.internals.ConsumerCoordinator  : [Consumer clientId=consumer-anonymous.b4c32535-8def-4801-8a15-3295244fe1f6-3, groupId=anonymous.b4c32535-8def-4801-8a15-3295244fe1f6] Found no committed offset for partition springCloudBus-0
2026-08-28T22:34:08.377+05:30  INFO 35712 --- [bmp-auth-service] [container-0-C-1] o.a.k.c.c.internals.ConsumerCoordinator  : [Consumer clientId=consumer-anonymous.b4c32535-8def-4801-8a15-3295244fe1f6-2, groupId=anonymous.b4c32535-8def-4801-8a15-3295244fe1f6] Successfully joined group with generation Generation{generationId=1, memberId='consumer-anonymous.b4c32535-8def-4801-8a15-3295244fe1f6-2-2f250d77-bdc0-4807-9b0c-5237d5102333', protocol='range'}
2026-08-28T22:34:08.394+05:30  INFO 35712 --- [bmp-auth-service] [container-0-C-1] o.a.k.c.c.internals.ConsumerCoordinator  : [Consumer clientId=consumer-anonymous.b4c32535-8def-4801-8a15-3295244fe1f6-2, groupId=anonymous.b4c32535-8def-4801-8a15-3295244fe1f6] Finished assignment for group at generation 1: {consumer-anonymous.b4c32535-8def-4801-8a15-3295244fe1f6-2-2f250d77-bdc0-4807-9b0c-5237d5102333=Assignment(partitions=[springCloudBus-0])}
2026-08-28T22:34:08.412+05:30  INFO 35712 --- [bmp-auth-service] [container-0-C-1] o.a.k.c.c.internals.ConsumerCoordinator  : [Consumer clientId=consumer-anonymous.b4c32535-8def-4801-8a15-3295244fe1f6-2, groupId=anonymous.b4c32535-8def-4801-8a15-3295244fe1f6] Successfully synced group in generation Generation{generationId=1, memberId='consumer-anonymous.b4c32535-8def-4801-8a15-3295244fe1f6-2-2f250d77-bdc0-4807-9b0c-5237d5102333', protocol='range'}
2026-08-28T22:34:08.413+05:30  INFO 35712 --- [bmp-auth-service] [container-0-C-1] o.a.k.c.c.internals.ConsumerCoordinator  : [Consumer clientId=consumer-anonymous.b4c32535-8def-4801-8a15-3295244fe1f6-2, groupId=anonymous.b4c32535-8def-4801-8a15-3295244fe1f6] Notifying assignor about the new Assignment(partitions=[springCloudBus-0])
2026-08-28T22:34:08.422+05:30  INFO 35712 --- [bmp-auth-service] [container-0-C-1] k.c.c.i.ConsumerRebalanceListenerInvoker : [Consumer clientId=consumer-anonymous.b4c32535-8def-4801-8a15-3295244fe1f6-2, groupId=anonymous.b4c32535-8def-4801-8a15-3295244fe1f6] Adding newly assigned partitions: springCloudBus-0
2026-08-28T22:34:08.427+05:30  INFO 35712 --- [bmp-auth-service] [container-0-C-1] o.a.k.c.c.internals.ConsumerCoordinator  : [Consumer clientId=consumer-anonymous.b4c32535-8def-4801-8a15-3295244fe1f6-2, groupId=anonymous.b4c32535-8def-4801-8a15-3295244fe1f6] Found no committed offset for partition springCloudBus-0
2026-08-28T22:34:08.440+05:30  INFO 35712 --- [bmp-auth-service] [container-0-C-1] o.a.k.c.c.internals.ConsumerCoordinator  : [Consumer clientId=consumer-anonymous.b4c32535-8def-4801-8a15-3295244fe1f6-2, groupId=anonymous.b4c32535-8def-4801-8a15-3295244fe1f6] Found no committed offset for partition springCloudBus-0
2026-08-28T22:34:08.458+05:30  INFO 35712 --- [bmp-auth-service] [container-0-C-1] o.a.k.c.c.internals.SubscriptionState    : [Consumer clientId=consumer-anonymous.b4c32535-8def-4801-8a15-3295244fe1f6-2, groupId=anonymous.b4c32535-8def-4801-8a15-3295244fe1f6] Resetting offset for partition springCloudBus-0 to position FetchPosition{offset=0, offsetEpoch=Optional.empty, currentLeader=LeaderAndEpoch{leader=Optional[localhost:9092 (id: 1 rack: null)], epoch=0}}.
2026-08-28T22:34:08.478+05:30  INFO 35712 --- [bmp-auth-service] [container-0-C-1] o.s.c.s.b.k.KafkaMessageChannelBinder$2  : anonymous.b4c32535-8def-4801-8a15-3295244fe1f6: partitions assigned: [springCloudBus-0]
2026-08-28T22:36:08.519+05:30  INFO 35712 --- [bmp-auth-service] [nio-8081-exec-1] o.a.c.c.C.[Tomcat].[localhost].[/]       : Initializing Spring DispatcherServlet 'dispatcherServlet'
2026-08-28T22:36:08.552+05:30  INFO 35712 --- [bmp-auth-service] [nio-8081-exec-1] o.s.web.servlet.DispatcherServlet        : Initializing Servlet 'dispatcherServlet'
2026-08-28T22:36:08.927+05:30  INFO 35712 --- [bmp-auth-service] [nio-8081-exec-1] o.s.web.servlet.DispatcherServlet        : Completed initialization in 374 ms
2026-08-28T22:36:10.580+05:30  INFO 35712 --- [bmp-auth-service] [binder-health-1] o.a.k.clients.consumer.ConsumerConfig    : ConsumerConfig values: 
	allow.auto.create.topics = true
	auto.commit.interval.ms = 5000
	auto.include.jmx.reporter = true
	auto.offset.reset = latest
	bootstrap.servers = [localhost:9092]
	check.crcs = true
	client.dns.lookup = use_all_dns_ips
	client.id = consumer-null-4
	client.rack = 
	connections.max.idle.ms = 540000
	default.api.timeout.ms = 60000
	enable.auto.commit = false
	enable.metrics.push = true
	exclude.internal.topics = true
	fetch.max.bytes = 52428800
	fetch.max.wait.ms = 500
	fetch.min.bytes = 1
	group.id = null
	group.instance.id = null
	group.protocol = classic
	group.remote.assignor = null
	heartbeat.interval.ms = 3000
	interceptor.classes = []
	internal.leave.group.on.close = true
	internal.throw.on.fetch.stable.offset.unsupported = false
	isolation.level = read_uncommitted
	key.deserializer = class org.apache.kafka.common.serialization.ByteArrayDeserializer
	max.partition.fetch.bytes = 1048576
	max.poll.interval.ms = 300000
	max.poll.records = 500
	metadata.max.age.ms = 300000
	metadata.recovery.strategy = none
	metric.reporters = []
	metrics.num.samples = 2
	metrics.recording.level = INFO
	metrics.sample.window.ms = 30000
	partition.assignment.strategy = [class org.apache.kafka.clients.consumer.RangeAssignor, class org.apache.kafka.clients.consumer.CooperativeStickyAssignor]
	receive.buffer.bytes = 65536
	reconnect.backoff.max.ms = 1000
	reconnect.backoff.ms = 50
	request.timeout.ms = 30000
	retry.backoff.max.ms = 1000
	retry.backoff.ms = 100
	sasl.client.callback.handler.class = null
	sasl.jaas.config = null
	sasl.kerberos.kinit.cmd = /usr/bin/kinit
	sasl.kerberos.min.time.before.relogin = 60000
	sasl.kerberos.service.name = null
	sasl.kerberos.ticket.renew.jitter = 0.05
	sasl.kerberos.ticket.renew.window.factor = 0.8
	sasl.login.callback.handler.class = null
	sasl.login.class = null
	sasl.login.connect.timeout.ms = null
	sasl.login.read.timeout.ms = null
	sasl.login.refresh.buffer.seconds = 300
	sasl.login.refresh.min.period.seconds = 60
	sasl.login.refresh.window.factor = 0.8
	sasl.login.refresh.window.jitter = 0.05
	sasl.login.retry.backoff.max.ms = 10000
	sasl.login.retry.backoff.ms = 100
	sasl.mechanism = GSSAPI
	sasl.oauthbearer.clock.skew.seconds = 30
	sasl.oauthbearer.expected.audience = null
	sasl.oauthbearer.expected.issuer = null
	sasl.oauthbearer.jwks.endpoint.refresh.ms = 3600000
	sasl.oauthbearer.jwks.endpoint.retry.backoff.max.ms = 10000
	sasl.oauthbearer.jwks.endpoint.retry.backoff.ms = 100
	sasl.oauthbearer.jwks.endpoint.url = null
	sasl.oauthbearer.scope.claim.name = scope
	sasl.oauthbearer.sub.claim.name = sub
	sasl.oauthbearer.token.endpoint.url = null
	security.protocol = PLAINTEXT
	security.providers = null
	send.buffer.bytes = 131072
	session.timeout.ms = 45000
	socket.connection.setup.timeout.max.ms = 30000
	socket.connection.setup.timeout.ms = 10000
	ssl.cipher.suites = null
	ssl.enabled.protocols = [TLSv1.2, TLSv1.3]
	ssl.endpoint.identification.algorithm = https
	ssl.engine.factory.class = null
	ssl.key.password = null
	ssl.keymanager.algorithm = SunX509
	ssl.keystore.certificate.chain = null
	ssl.keystore.key = null
	ssl.keystore.location = null
	ssl.keystore.password = null
	ssl.keystore.type = JKS
	ssl.protocol = TLSv1.3
	ssl.provider = null
	ssl.secure.random.implementation = null
	ssl.trustmanager.algorithm = PKIX
	ssl.truststore.certificates = null
	ssl.truststore.location = null
	ssl.truststore.password = null
	ssl.truststore.type = JKS
	value.deserializer = class org.apache.kafka.common.serialization.ByteArrayDeserializer

2026-08-28T22:36:10.613+05:30  INFO 35712 --- [bmp-auth-service] [binder-health-1] o.a.k.c.t.i.KafkaMetricsCollector        : initializing Kafka metrics collector
2026-08-28T22:36:10.726+05:30  INFO 35712 --- [bmp-auth-service] [binder-health-1] o.a.kafka.common.utils.AppInfoParser     : Kafka version: 3.8.1
2026-08-28T22:36:10.726+05:30  INFO 35712 --- [bmp-auth-service] [binder-health-1] o.a.kafka.common.utils.AppInfoParser     : Kafka commitId: 70d6ff42debf7e17
2026-08-28T22:36:10.728+05:30  INFO 35712 --- [bmp-auth-service] [binder-health-1] o.a.kafka.common.utils.AppInfoParser     : Kafka startTimeMs: 1787936770723
2026-08-28T22:36:10.811+05:30  INFO 35712 --- [bmp-auth-service] [binder-health-1] org.apache.kafka.clients.Metadata        : [Consumer clientId=consumer-null-4, groupId=null] Cluster ID: 5L6g3nShT-eMCtK--X86sw
2026-08-28T22:39:02.098+05:30  INFO 35712 --- [bmp-auth-service] [rap-executor-%d] c.n.d.s.r.aws.ConfigClusterResolver      : Resolving eureka endpoints via configuration
2026-08-28T22:43:05.466+05:30  INFO 35712 --- [bmp-auth-service] [container-0-C-1] org.apache.kafka.clients.NetworkClient   : [Consumer clientId=consumer-anonymous.b4c32535-8def-4801-8a15-3295244fe1f6-2, groupId=anonymous.b4c32535-8def-4801-8a15-3295244fe1f6] Node -1 disconnected.
2026-08-28T22:43:06.717+05:30  INFO 35712 --- [bmp-auth-service] [pool-2-thread-1] org.apache.kafka.clients.NetworkClient   : [Consumer clientId=consumer-anonymous.b4c32535-8def-4801-8a15-3295244fe1f6-3, groupId=anonymous.b4c32535-8def-4801-8a15-3295244fe1f6] Node -1 disconnected.
2026-08-28T22:44:02.123+05:30  INFO 35712 --- [bmp-auth-service] [rap-executor-%d] c.n.d.s.r.aws.ConfigClusterResolver      : Resolving eureka endpoints via configuration
2026-08-28T22:45:28.769+05:30  INFO 35712 --- [bmp-auth-service] [binder-health-1] org.apache.kafka.clients.NetworkClient   : [Consumer clientId=consumer-null-4, groupId=null] Node -1 disconnected.
2026-08-28T22:47:05.163+05:30  INFO 35712 --- [bmp-auth-service] [nio-8081-exec-3] com.bmp.auth.services.AuthService        : Logout: refresh token revoked for user=01a0445c-8567-7936-a643-feea66814c53
2026-08-28T22:49:02.133+05:30  INFO 35712 --- [bmp-auth-service] [rap-executor-%d] c.n.d.s.r.aws.ConfigClusterResolver      : Resolving eureka endpoints via configuration
2026-08-28T22:51:27.368+05:30  INFO 35712 --- [bmp-auth-service] [io-8081-exec-10] com.bmp.auth.services.AuthService        : OTP issued for phone=+91********55 (existingUser=false) otpRowId=01a04964-06ec-7e72-8dd6-afded3c0fb8f expiresIn=5m
2026-08-28T22:51:35.223+05:30  INFO 35712 --- [bmp-auth-service] [   scheduling-1] o.a.k.clients.producer.ProducerConfig    : ProducerConfig values: 
	acks = -1
	auto.include.jmx.reporter = true
	batch.size = 16384
	bootstrap.servers = [localhost:9092]
	buffer.memory = 33554432
	client.dns.lookup = use_all_dns_ips
	client.id = bmp-auth-service-producer-1
	compression.gzip.level = -1
	compression.lz4.level = 9
	compression.type = none
	compression.zstd.level = 3
	connections.max.idle.ms = 540000
	delivery.timeout.ms = 120000
	enable.idempotence = true
	enable.metrics.push = true
	interceptor.classes = []
	key.serializer = class org.apache.kafka.common.serialization.StringSerializer
	linger.ms = 0
	max.block.ms = 60000
	max.in.flight.requests.per.connection = 5
	max.request.size = 1048576
	metadata.max.age.ms = 300000
	metadata.max.idle.ms = 300000
	metadata.recovery.strategy = none
	metric.reporters = []
	metrics.num.samples = 2
	metrics.recording.level = INFO
	metrics.sample.window.ms = 30000
	partitioner.adaptive.partitioning.enable = true
	partitioner.availability.timeout.ms = 0
	partitioner.class = null
	partitioner.ignore.keys = false
	receive.buffer.bytes = 32768
	reconnect.backoff.max.ms = 1000
	reconnect.backoff.ms = 50
	request.timeout.ms = 30000
	retries = 2147483647
	retry.backoff.max.ms = 1000
	retry.backoff.ms = 100
	sasl.client.callback.handler.class = null
	sasl.jaas.config = null
	sasl.kerberos.kinit.cmd = /usr/bin/kinit
	sasl.kerberos.min.time.before.relogin = 60000
	sasl.kerberos.service.name = null
	sasl.kerberos.ticket.renew.jitter = 0.05
	sasl.kerberos.ticket.renew.window.factor = 0.8
	sasl.login.callback.handler.class = null
	sasl.login.class = null
	sasl.login.connect.timeout.ms = null
	sasl.login.read.timeout.ms = null
	sasl.login.refresh.buffer.seconds = 300
	sasl.login.refresh.min.period.seconds = 60
	sasl.login.refresh.window.factor = 0.8
	sasl.login.refresh.window.jitter = 0.05
	sasl.login.retry.backoff.max.ms = 10000
	sasl.login.retry.backoff.ms = 100
	sasl.mechanism = GSSAPI
	sasl.oauthbearer.clock.skew.seconds = 30
	sasl.oauthbearer.expected.audience = null
	sasl.oauthbearer.expected.issuer = null
	sasl.oauthbearer.jwks.endpoint.refresh.ms = 3600000
	sasl.oauthbearer.jwks.endpoint.retry.backoff.max.ms = 10000
	sasl.oauthbearer.jwks.endpoint.retry.backoff.ms = 100
	sasl.oauthbearer.jwks.endpoint.url = null
	sasl.oauthbearer.scope.claim.name = scope
	sasl.oauthbearer.sub.claim.name = sub
	sasl.oauthbearer.token.endpoint.url = null
	security.protocol = PLAINTEXT
	security.providers = null
	send.buffer.bytes = 131072
	socket.connection.setup.timeout.max.ms = 30000
	socket.connection.setup.timeout.ms = 10000
	ssl.cipher.suites = null
	ssl.enabled.protocols = [TLSv1.2, TLSv1.3]
	ssl.endpoint.identification.algorithm = https
	ssl.engine.factory.class = null
	ssl.key.password = null
	ssl.keymanager.algorithm = SunX509
	ssl.keystore.certificate.chain = null
	ssl.keystore.key = null
	ssl.keystore.location = null
	ssl.keystore.password = null
	ssl.keystore.type = JKS
	ssl.protocol = TLSv1.3
	ssl.provider = null
	ssl.secure.random.implementation = null
	ssl.trustmanager.algorithm = PKIX
	ssl.truststore.certificates = null
	ssl.truststore.location = null
	ssl.truststore.password = null
	ssl.truststore.type = JKS
	transaction.timeout.ms = 60000
	transactional.id = null
	value.serializer = class org.apache.kafka.common.serialization.StringSerializer

2026-08-28T22:51:35.229+05:30  INFO 35712 --- [bmp-auth-service] [   scheduling-1] o.a.k.c.t.i.KafkaMetricsCollector        : initializing Kafka metrics collector
2026-08-28T22:51:35.276+05:30  INFO 35712 --- [bmp-auth-service] [   scheduling-1] o.a.k.clients.producer.KafkaProducer     : [Producer clientId=bmp-auth-service-producer-1] Instantiated an idempotent producer.
2026-08-28T22:51:35.341+05:30  INFO 35712 --- [bmp-auth-service] [   scheduling-1] o.a.kafka.common.utils.AppInfoParser     : Kafka version: 3.8.1
2026-08-28T22:51:35.342+05:30  INFO 35712 --- [bmp-auth-service] [   scheduling-1] o.a.kafka.common.utils.AppInfoParser     : Kafka commitId: 70d6ff42debf7e17
2026-08-28T22:51:35.342+05:30  INFO 35712 --- [bmp-auth-service] [   scheduling-1] o.a.kafka.common.utils.AppInfoParser     : Kafka startTimeMs: 1787937695341
2026-08-28T22:51:35.358+05:30  INFO 35712 --- [bmp-auth-service] [vice-producer-1] org.apache.kafka.clients.Metadata        : [Producer clientId=bmp-auth-service-producer-1] Cluster ID: 5L6g3nShT-eMCtK--X86sw
2026-08-28T22:51:35.359+05:30  INFO 35712 --- [bmp-auth-service] [vice-producer-1] o.a.k.c.p.internals.TransactionManager   : [Producer clientId=bmp-auth-service-producer-1] ProducerId set to 4007 with epoch 0
2026-08-28T22:52:25.298+05:30  INFO 35712 --- [bmp-auth-service] [nio-8081-exec-5] com.bmp.auth.services.AuthService        : SALON_OWNER signup: user=01a04964-e846-726c-809d-3246323a820b (salon created separately, post-signup)
2026-08-28T22:53:05.574+05:30  INFO 35712 --- [bmp-auth-service] [container-0-C-1] org.apache.kafka.clients.NetworkClient   : [Consumer clientId=consumer-anonymous.b4c32535-8def-4801-8a15-3295244fe1f6-2, groupId=anonymous.b4c32535-8def-4801-8a15-3295244fe1f6] Node -1 disconnected.
2026-08-28T22:53:06.944+05:30  INFO 35712 --- [bmp-auth-service] [pool-2-thread-1] org.apache.kafka.clients.NetworkClient   : [Consumer clientId=consumer-anonymous.b4c32535-8def-4801-8a15-3295244fe1f6-3, groupId=anonymous.b4c32535-8def-4801-8a15-3295244fe1f6] Node -1 disconnected.
2026-08-28T22:54:02.143+05:30  INFO 35712 --- [bmp-auth-service] [rap-executor-%d] c.n.d.s.r.aws.ConfigClusterResolver      : Resolving eureka endpoints via configuration
2026-08-28T22:56:08.779+05:30  INFO 35712 --- [bmp-auth-service] [binder-health-1] org.apache.kafka.clients.NetworkClient   : [Consumer clientId=consumer-null-4, groupId=null] Node -1 disconnected.
2026-08-28T22:59:02.160+05:30  INFO 35712 --- [bmp-auth-service] [rap-executor-%d] c.n.d.s.r.aws.ConfigClusterResolver      : Resolving eureka endpoints via configuration
2026-08-28T23:00:35.491+05:30  INFO 35712 --- [bmp-auth-service] [vice-producer-1] org.apache.kafka.clients.NetworkClient   : [Producer clientId=bmp-auth-service-producer-1] Node -1 disconnected.
2026-08-28T23:04:02.201+05:30  INFO 35712 --- [bmp-auth-service] [rap-executor-%d] c.n.d.s.r.aws.ConfigClusterResolver      : Resolving eureka endpoints via configuration
2026-08-28T23:09:02.213+05:30  INFO 35712 --- [bmp-auth-service] [rap-executor-%d] c.n.d.s.r.aws.ConfigClusterResolver      : Resolving eureka endpoints via configuration
2026-08-28T23:10:35.484+05:30  INFO 35712 --- [bmp-auth-service] [vice-producer-1] org.apache.kafka.clients.NetworkClient   : [Producer clientId=bmp-auth-service-producer-1] Node -1 disconnected.
2026-08-28T23:14:02.249+05:30  INFO 35712 --- [bmp-auth-service] [rap-executor-%d] c.n.d.s.r.aws.ConfigClusterResolver      : Resolving eureka endpoints via configuration
2026-08-28T23:19:02.308+05:30  INFO 35712 --- [bmp-auth-service] [rap-executor-%d] c.n.d.s.r.aws.ConfigClusterResolver      : Resolving eureka endpoints via configuration
2026-08-28T23:24:02.324+05:30  INFO 35712 --- [bmp-auth-service] [rap-executor-%d] c.n.d.s.r.aws.ConfigClusterResolver      : Resolving eureka endpoints via configuration
2026-08-28T23:25:11.581+05:30  INFO 35712 --- [bmp-auth-service] [nio-8081-exec-6] com.bmp.auth.services.AuthService        : OTP issued for phone=+91********55 (existingUser=true) otpRowId=01a04982-ea42-7f83-bab2-ae699bcec56f expiresIn=5m
2026-08-28T23:27:26.539+05:30  INFO 35712 --- [bmp-auth-service] [nio-8081-exec-5] com.bmp.auth.services.AuthService        : Login OK: user=01a04964-e846-726c-809d-3246323a820b role=salon_owner salonId=01a04967-38e1-7757-8658-95c06c60bc48
2026-08-28T23:29:02.347+05:30  INFO 35712 --- [bmp-auth-service] [rap-executor-%d] c.n.d.s.r.aws.ConfigClusterResolver      : Resolving eureka endpoints via configuration
2026-08-28T23:34:02.362+05:30  INFO 35712 --- [bmp-auth-service] [rap-executor-%d] c.n.d.s.r.aws.ConfigClusterResolver      : Resolving eureka endpoints via configuration
2026-08-28T23:39:02.373+05:30  INFO 35712 --- [bmp-auth-service] [rap-executor-%d] c.n.d.s.r.aws.ConfigClusterResolver      : Resolving eureka endpoints via configuration
2026-08-28T23:44:02.386+05:30  INFO 35712 --- [bmp-auth-service] [rap-executor-%d] c.n.d.s.r.aws.ConfigClusterResolver      : Resolving eureka endpoints via configuration
2026-08-28T23:49:02.395+05:30  INFO 35712 --- [bmp-auth-service] [rap-executor-%d] c.n.d.s.r.aws.ConfigClusterResolver      : Resolving eureka endpoints via configuration
2026-08-28T23:54:02.425+05:30  INFO 35712 --- [bmp-auth-service] [rap-executor-%d] c.n.d.s.r.aws.ConfigClusterResolver      : Resolving eureka endpoints via configuration
2026-08-28T23:59:02.433+05:30  INFO 35712 --- [bmp-auth-service] [rap-executor-%d] c.n.d.s.r.aws.ConfigClusterResolver      : Resolving eureka endpoints via configuration
2026-08-29T00:04:02.446+05:30  INFO 35712 --- [bmp-auth-service] [rap-executor-%d] c.n.d.s.r.aws.ConfigClusterResolver      : Resolving eureka endpoints via configuration
2026-08-29T00:09:02.462+05:30  INFO 35712 --- [bmp-auth-service] [rap-executor-%d] c.n.d.s.r.aws.ConfigClusterResolver      : Resolving eureka endpoints via configuration
2026-08-29T00:14:02.476+05:30  INFO 35712 --- [bmp-auth-service] [rap-executor-%d] c.n.d.s.r.aws.ConfigClusterResolver      : Resolving eureka endpoints via configuration
2026-08-29T00:19:02.492+05:30  INFO 35712 --- [bmp-auth-service] [rap-executor-%d] c.n.d.s.r.aws.ConfigClusterResolver      : Resolving eureka endpoints via configuration
2026-08-29T00:24:02.509+05:30  INFO 35712 --- [bmp-auth-service] [rap-executor-%d] c.n.d.s.r.aws.ConfigClusterResolver      : Resolving eureka endpoints via configuration
2026-08-29T00:29:02.520+05:30  INFO 35712 --- [bmp-auth-service] [rap-executor-%d] c.n.d.s.r.aws.ConfigClusterResolver      : Resolving eureka endpoints via configuration
2026-08-29T00:34:02.528+05:30  INFO 35712 --- [bmp-auth-service] [rap-executor-%d] c.n.d.s.r.aws.ConfigClusterResolver      : Resolving eureka endpoints via configuration
2026-08-29T00:39:02.540+05:30  INFO 35712 --- [bmp-auth-service] [rap-executor-%d] c.n.d.s.r.aws.ConfigClusterResolver      : Resolving eureka endpoints via configuration
2026-08-29T00:40:19.680+05:30  WARN 35712 --- [bmp-auth-service] [   scheduling-1] com.zaxxer.hikari.pool.PoolBase          : HikariPool-1 - Failed to validate connection org.postgresql.jdbc.PgConnection@27c9d50a (This connection has been closed.). Possibly consider using a shorter maxLifetime value.
2026-08-29T03:40:14.657+05:30  INFO 35712 --- [bmp-auth-service] [15-3295244fe1f6] org.apache.kafka.clients.NetworkClient   : [Consumer clientId=consumer-anonymous.b4c32535-8def-4801-8a15-3295244fe1f6-2, groupId=anonymous.b4c32535-8def-4801-8a15-3295244fe1f6] Node 1 disconnected.
2026-08-29T03:40:14.667+05:30  INFO 35712 --- [bmp-auth-service] [15-3295244fe1f6] org.apache.kafka.clients.NetworkClient   : [Consumer clientId=consumer-anonymous.b4c32535-8def-4801-8a15-3295244fe1f6-2, groupId=anonymous.b4c32535-8def-4801-8a15-3295244fe1f6] Cancelled in-flight FETCH request with correlation id 17532 due to node 1 being disconnected (elapsed time since creation: 10802408ms, elapsed time since send: 10802408ms, throttle time: 0ms, request timeout: 30000ms)
2026-08-29T03:40:14.668+05:30  INFO 35712 --- [bmp-auth-service] [15-3295244fe1f6] org.apache.kafka.clients.NetworkClient   : [Consumer clientId=consumer-anonymous.b4c32535-8def-4801-8a15-3295244fe1f6-2, groupId=anonymous.b4c32535-8def-4801-8a15-3295244fe1f6] Cancelled in-flight METADATA request with correlation id 17537 due to node 1 being disconnected (elapsed time since creation: 1124ms, elapsed time since send: 1124ms, throttle time: 0ms, request timeout: 30000ms)
2026-08-29T03:40:14.699+05:30  INFO 35712 --- [bmp-auth-service] [15-3295244fe1f6] org.apache.kafka.clients.NetworkClient   : [Consumer clientId=consumer-anonymous.b4c32535-8def-4801-8a15-3295244fe1f6-2, groupId=anonymous.b4c32535-8def-4801-8a15-3295244fe1f6] Disconnecting from node 2147483646 due to request timeout.
2026-08-29T03:40:14.702+05:30  INFO 35712 --- [bmp-auth-service] [15-3295244fe1f6] org.apache.kafka.clients.NetworkClient   : [Consumer clientId=consumer-anonymous.b4c32535-8def-4801-8a15-3295244fe1f6-2, groupId=anonymous.b4c32535-8def-4801-8a15-3295244fe1f6] Cancelled in-flight HEARTBEAT request with correlation id 17533 due to node 2147483646 being disconnected (elapsed time since creation: 10799969ms, elapsed time since send: 10799969ms, throttle time: 0ms, request timeout: 30000ms)
2026-08-29T03:40:14.703+05:30  INFO 35712 --- [bmp-auth-service] [15-3295244fe1f6] org.apache.kafka.clients.NetworkClient   : [Consumer clientId=consumer-anonymous.b4c32535-8def-4801-8a15-3295244fe1f6-2, groupId=anonymous.b4c32535-8def-4801-8a15-3295244fe1f6] Cancelled in-flight HEARTBEAT request with correlation id 17534 due to node 2147483646 being disconnected (elapsed time since creation: 10796964ms, elapsed time since send: 10796964ms, throttle time: 0ms, request timeout: 30000ms)
2026-08-29T03:40:14.703+05:30  INFO 35712 --- [bmp-auth-service] [15-3295244fe1f6] org.apache.kafka.clients.NetworkClient   : [Consumer clientId=consumer-anonymous.b4c32535-8def-4801-8a15-3295244fe1f6-2, groupId=anonymous.b4c32535-8def-4801-8a15-3295244fe1f6] Cancelled in-flight HEARTBEAT request with correlation id 17535 due to node 2147483646 being disconnected (elapsed time since creation: 10793955ms, elapsed time since send: 10793955ms, throttle time: 0ms, request timeout: 30000ms)
2026-08-29T03:40:14.703+05:30  INFO 35712 --- [bmp-auth-service] [15-3295244fe1f6] org.apache.kafka.clients.NetworkClient   : [Consumer clientId=consumer-anonymous.b4c32535-8def-4801-8a15-3295244fe1f6-2, groupId=anonymous.b4c32535-8def-4801-8a15-3295244fe1f6] Cancelled in-flight HEARTBEAT request with correlation id 17536 due to node 2147483646 being disconnected (elapsed time since creation: 10790892ms, elapsed time since send: 10790892ms, throttle time: 0ms, request timeout: 30000ms)
2026-08-29T03:40:14.712+05:30  INFO 35712 --- [bmp-auth-service] [15-3295244fe1f6] o.a.kafka.clients.FetchSessionHandler    : [Consumer clientId=consumer-anonymous.b4c32535-8def-4801-8a15-3295244fe1f6-2, groupId=anonymous.b4c32535-8def-4801-8a15-3295244fe1f6] Error sending fetch request (sessionId=1882384961, epoch=14954) to node 1:

org.apache.kafka.common.errors.DisconnectException: null

2026-08-29T03:40:15.019+05:30  INFO 35712 --- [bmp-auth-service] [15-3295244fe1f6] o.a.k.c.c.internals.ConsumerCoordinator  : [Consumer clientId=consumer-anonymous.b4c32535-8def-4801-8a15-3295244fe1f6-2, groupId=anonymous.b4c32535-8def-4801-8a15-3295244fe1f6] Group coordinator localhost:9092 (id: 2147483646 rack: null) is unavailable or invalid due to cause: null. isDisconnected: true. Rediscovery will be attempted.
2026-08-29T03:40:17.343+05:30  INFO 35712 --- [bmp-auth-service] [container-0-C-1] o.a.k.c.c.internals.ConsumerCoordinator  : [Consumer clientId=consumer-anonymous.b4c32535-8def-4801-8a15-3295244fe1f6-2, groupId=anonymous.b4c32535-8def-4801-8a15-3295244fe1f6] Discovered group coordinator localhost:9092 (id: 2147483646 rack: null)
2026-08-29T11:13:23.277+05:30  INFO 35712 --- [bmp-auth-service] [container-0-C-1] org.apache.kafka.clients.NetworkClient   : [Consumer clientId=consumer-anonymous.b4c32535-8def-4801-8a15-3295244fe1f6-2, groupId=anonymous.b4c32535-8def-4801-8a15-3295244fe1f6] Node 1 disconnected.
2026-08-29T11:13:23.278+05:30  INFO 35712 --- [bmp-auth-service] [container-0-C-1] org.apache.kafka.clients.NetworkClient   : [Consumer clientId=consumer-anonymous.b4c32535-8def-4801-8a15-3295244fe1f6-2, groupId=anonymous.b4c32535-8def-4801-8a15-3295244fe1f6] Cancelled in-flight FETCH request with correlation id 17541 due to node 1 being disconnected (elapsed time since creation: 27187946ms, elapsed time since send: 27186081ms, throttle time: 0ms, request timeout: 30000ms)
2026-08-29T11:13:23.279+05:30  INFO 35712 --- [bmp-auth-service] [15-3295244fe1f6] org.apache.kafka.clients.NetworkClient   : [Consumer clientId=consumer-anonymous.b4c32535-8def-4801-8a15-3295244fe1f6-2, groupId=anonymous.b4c32535-8def-4801-8a15-3295244fe1f6] Node 2147483646 disconnected.
2026-08-29T11:13:23.279+05:30  INFO 35712 --- [bmp-auth-service] [15-3295244fe1f6] o.a.k.c.c.internals.ConsumerCoordinator  : [Consumer clientId=consumer-anonymous.b4c32535-8def-4801-8a15-3295244fe1f6-2, groupId=anonymous.b4c32535-8def-4801-8a15-3295244fe1f6] Group coordinator localhost:9092 (id: 2147483646 rack: null) is unavailable or invalid due to cause: coordinator unavailable. isDisconnected: true. Rediscovery will be attempted.
2026-08-29T11:13:23.278+05:30  INFO 35712 --- [bmp-auth-service] [container-0-C-1] o.a.kafka.clients.FetchSessionHandler    : [Consumer clientId=consumer-anonymous.b4c32535-8def-4801-8a15-3295244fe1f6-2, groupId=anonymous.b4c32535-8def-4801-8a15-3295244fe1f6] Error sending fetch request (sessionId=1882384961, epoch=INITIAL) to node 1:

org.apache.kafka.common.errors.DisconnectException: null

2026-08-29T11:13:28.097+05:30  INFO 35712 --- [bmp-auth-service] [vice-producer-1] org.apache.kafka.clients.NetworkClient   : [Producer clientId=bmp-auth-service-producer-1] Node 1 disconnected.
2026-08-29T11:13:28.103+05:30  INFO 35712 --- [bmp-auth-service] [container-0-C-1] o.a.k.c.c.internals.ConsumerCoordinator  : [Consumer clientId=consumer-anonymous.b4c32535-8def-4801-8a15-3295244fe1f6-2, groupId=anonymous.b4c32535-8def-4801-8a15-3295244fe1f6] Discovered group coordinator localhost:9092 (id: 2147483646 rack: null)
2026-08-29T11:13:41.195+05:30  WARN 35712 --- [bmp-auth-service] [l-1 housekeeper] com.zaxxer.hikari.pool.HikariPool        : HikariPool-1 - Thread starvation or clock leap detected (housekeeper delta=10h33m24s522ms77µs200ns).
2026-08-29T11:14:01.035+05:30  INFO 35712 --- [bmp-auth-service] [pool-2-thread-1] org.apache.kafka.clients.NetworkClient   : [Consumer clientId=consumer-anonymous.b4c32535-8def-4801-8a15-3295244fe1f6-3, groupId=anonymous.b4c32535-8def-4801-8a15-3295244fe1f6] Node 2147483646 disconnected.
2026-08-29T11:14:01.065+05:30  INFO 35712 --- [bmp-auth-service] [pool-2-thread-1] o.a.k.c.c.internals.ConsumerCoordinator  : [Consumer clientId=consumer-anonymous.b4c32535-8def-4801-8a15-3295244fe1f6-3, groupId=anonymous.b4c32535-8def-4801-8a15-3295244fe1f6] Group coordinator localhost:9092 (id: 2147483646 rack: null) is unavailable or invalid due to cause: coordinator unavailable. isDisconnected: true. Rediscovery will be attempted.
2026-08-29T11:14:01.074+05:30  INFO 35712 --- [bmp-auth-service] [pool-2-thread-1] o.a.k.c.c.internals.ConsumerCoordinator  : [Consumer clientId=consumer-anonymous.b4c32535-8def-4801-8a15-3295244fe1f6-3, groupId=anonymous.b4c32535-8def-4801-8a15-3295244fe1f6] Discovered group coordinator localhost:9092 (id: 2147483646 rack: null)
2026-08-29T11:14:01.074+05:30  INFO 35712 --- [bmp-auth-service] [pool-2-thread-1] o.a.k.c.c.internals.ConsumerCoordinator  : [Consumer clientId=consumer-anonymous.b4c32535-8def-4801-8a15-3295244fe1f6-3, groupId=anonymous.b4c32535-8def-4801-8a15-3295244fe1f6] Group coordinator localhost:9092 (id: 2147483646 rack: null) is unavailable or invalid due to cause: coordinator unavailable. isDisconnected: false. Rediscovery will be attempted.
2026-08-29T11:14:01.075+05:30  INFO 35712 --- [bmp-auth-service] [pool-2-thread-1] o.a.k.c.c.internals.ConsumerCoordinator  : [Consumer clientId=consumer-anonymous.b4c32535-8def-4801-8a15-3295244fe1f6-3, groupId=anonymous.b4c32535-8def-4801-8a15-3295244fe1f6] Requesting disconnect from last known coordinator localhost:9092 (id: 2147483646 rack: null)
2026-08-29T11:14:01.189+05:30  INFO 35712 --- [bmp-auth-service] [pool-2-thread-1] o.a.k.c.c.internals.ConsumerCoordinator  : [Consumer clientId=consumer-anonymous.b4c32535-8def-4801-8a15-3295244fe1f6-3, groupId=anonymous.b4c32535-8def-4801-8a15-3295244fe1f6] Discovered group coordinator localhost:9092 (id: 2147483646 rack: null)
2026-08-29T11:16:54.273+05:30  INFO 35712 --- [bmp-auth-service] [rap-executor-%d] c.n.d.s.r.aws.ConfigClusterResolver      : Resolving eureka endpoints via configuration
2026-08-29T11:21:54.297+05:30  INFO 35712 --- [bmp-auth-service] [rap-executor-%d] c.n.d.s.r.aws.ConfigClusterResolver      : Resolving eureka endpoints via configuration
2026-08-29T11:26:54.311+05:30  INFO 35712 --- [bmp-auth-service] [rap-executor-%d] c.n.d.s.r.aws.ConfigClusterResolver      : Resolving eureka endpoints via configuration
2026-08-29T11:31:54.322+05:30  INFO 35712 --- [bmp-auth-service] [rap-executor-%d] c.n.d.s.r.aws.ConfigClusterResolver      : Resolving eureka endpoints via configuration
2026-08-29T11:36:27.321+05:30  WARN 35712 --- [bmp-auth-service] [   scheduling-1] com.zaxxer.hikari.pool.PoolBase          : HikariPool-1 - Failed to validate connection org.postgresql.jdbc.PgConnection@4a36aaf2 (This connection has been closed.). Possibly consider using a shorter maxLifetime value.
2026-08-29T11:58:08.666+05:30  INFO 35712 --- [bmp-auth-service] [15-3295244fe1f6] org.apache.kafka.clients.NetworkClient   : [Consumer clientId=consumer-anonymous.b4c32535-8def-4801-8a15-3295244fe1f6-2, groupId=anonymous.b4c32535-8def-4801-8a15-3295244fe1f6] Node 1 disconnected.
2026-08-29T11:58:08.669+05:30  INFO 35712 --- [bmp-auth-service] [15-3295244fe1f6] org.apache.kafka.clients.NetworkClient   : [Consumer clientId=consumer-anonymous.b4c32535-8def-4801-8a15-3295244fe1f6-2, groupId=anonymous.b4c32535-8def-4801-8a15-3295244fe1f6] Cancelled in-flight FETCH request with correlation id 20714 due to node 1 being disconnected (elapsed time since creation: 1306816ms, elapsed time since send: 1306816ms, throttle time: 0ms, request timeout: 30000ms)
2026-08-29T11:58:08.670+05:30  INFO 35712 --- [bmp-auth-service] [15-3295244fe1f6] org.apache.kafka.clients.NetworkClient   : [Consumer clientId=consumer-anonymous.b4c32535-8def-4801-8a15-3295244fe1f6-2, groupId=anonymous.b4c32535-8def-4801-8a15-3295244fe1f6] Cancelled in-flight METADATA request with correlation id 20719 due to node 1 being disconnected (elapsed time since creation: 1136ms, elapsed time since send: 1136ms, throttle time: 0ms, request timeout: 30000ms)
2026-08-29T11:58:08.671+05:30  INFO 35712 --- [bmp-auth-service] [15-3295244fe1f6] org.apache.kafka.clients.NetworkClient   : [Consumer clientId=consumer-anonymous.b4c32535-8def-4801-8a15-3295244fe1f6-2, groupId=anonymous.b4c32535-8def-4801-8a15-3295244fe1f6] Disconnecting from node 2147483646 due to request timeout.
2026-08-29T11:58:08.671+05:30  INFO 35712 --- [bmp-auth-service] [15-3295244fe1f6] org.apache.kafka.clients.NetworkClient   : [Consumer clientId=consumer-anonymous.b4c32535-8def-4801-8a15-3295244fe1f6-2, groupId=anonymous.b4c32535-8def-4801-8a15-3295244fe1f6] Cancelled in-flight HEARTBEAT request with correlation id 20715 due to node 2147483646 being disconnected (elapsed time since creation: 1304433ms, elapsed time since send: 1304433ms, throttle time: 0ms, request timeout: 30000ms)
2026-08-29T11:58:08.671+05:30  INFO 35712 --- [bmp-auth-service] [15-3295244fe1f6] org.apache.kafka.clients.NetworkClient   : [Consumer clientId=consumer-anonymous.b4c32535-8def-4801-8a15-3295244fe1f6-2, groupId=anonymous.b4c32535-8def-4801-8a15-3295244fe1f6] Cancelled in-flight HEARTBEAT request with correlation id 20716 due to node 2147483646 being disconnected (elapsed time since creation: 1301421ms, elapsed time since send: 1301421ms, throttle time: 0ms, request timeout: 30000ms)
2026-08-29T11:58:08.671+05:30  INFO 35712 --- [bmp-auth-service] [15-3295244fe1f6] org.apache.kafka.clients.NetworkClient   : [Consumer clientId=consumer-anonymous.b4c32535-8def-4801-8a15-3295244fe1f6-2, groupId=anonymous.b4c32535-8def-4801-8a15-3295244fe1f6] Cancelled in-flight HEARTBEAT request with correlation id 20717 due to node 2147483646 being disconnected (elapsed time since creation: 1298409ms, elapsed time since send: 1298409ms, throttle time: 0ms, request timeout: 30000ms)
2026-08-29T11:58:08.671+05:30  INFO 35712 --- [bmp-auth-service] [15-3295244fe1f6] org.apache.kafka.clients.NetworkClient   : [Consumer clientId=consumer-anonymous.b4c32535-8def-4801-8a15-3295244fe1f6-2, groupId=anonymous.b4c32535-8def-4801-8a15-3295244fe1f6] Cancelled in-flight HEARTBEAT request with correlation id 20718 due to node 2147483646 being disconnected (elapsed time since creation: 1295399ms, elapsed time since send: 1295399ms, throttle time: 0ms, request timeout: 30000ms)
2026-08-29T11:58:08.672+05:30  INFO 35712 --- [bmp-auth-service] [15-3295244fe1f6] o.a.kafka.clients.FetchSessionHandler    : [Consumer clientId=consumer-anonymous.b4c32535-8def-4801-8a15-3295244fe1f6-2, groupId=anonymous.b4c32535-8def-4801-8a15-3295244fe1f6] Error sending fetch request (sessionId=1114148509, epoch=2698) to node 1:

org.apache.kafka.common.errors.DisconnectException: null

2026-08-29T11:58:08.682+05:30  INFO 35712 --- [bmp-auth-service] [15-3295244fe1f6] o.a.k.c.c.internals.ConsumerCoordinator  : [Consumer clientId=consumer-anonymous.b4c32535-8def-4801-8a15-3295244fe1f6-2, groupId=anonymous.b4c32535-8def-4801-8a15-3295244fe1f6] Group coordinator localhost:9092 (id: 2147483646 rack: null) is unavailable or invalid due to cause: null. isDisconnected: true. Rediscovery will be attempted.
2026-08-29T11:58:10.264+05:30  INFO 35712 --- [bmp-auth-service] [container-0-C-1] o.a.k.c.c.internals.ConsumerCoordinator  : [Consumer clientId=consumer-anonymous.b4c32535-8def-4801-8a15-3295244fe1f6-2, groupId=anonymous.b4c32535-8def-4801-8a15-3295244fe1f6] Discovered group coordinator localhost:9092 (id: 2147483646 rack: null)
2026-08-29T11:58:14.804+05:30  WARN 35712 --- [bmp-auth-service] [l-1 housekeeper] com.zaxxer.hikari.pool.HikariPool        : HikariPool-1 - Thread starvation or clock leap detected (housekeeper delta=22m3s317ms280µs600ns).
2026-08-29T11:58:27.490+05:30  INFO 35712 --- [bmp-auth-service] [rap-executor-%d] c.n.d.s.r.aws.ConfigClusterResolver      : Resolving eureka endpoints via configuration
2026-08-29T11:58:31.625+05:30  INFO 35712 --- [bmp-auth-service] [vice-producer-1] org.apache.kafka.clients.NetworkClient   : [Producer clientId=bmp-auth-service-producer-1] Node 1 disconnected.
2026-08-29T11:58:34.907+05:30  INFO 35712 --- [bmp-auth-service] [pool-2-thread-1] org.apache.kafka.clients.NetworkClient   : [Consumer clientId=consumer-anonymous.b4c32535-8def-4801-8a15-3295244fe1f6-3, groupId=anonymous.b4c32535-8def-4801-8a15-3295244fe1f6] Node 2147483646 disconnected.
2026-08-29T11:58:34.913+05:30  INFO 35712 --- [bmp-auth-service] [pool-2-thread-1] o.a.k.c.c.internals.ConsumerCoordinator  : [Consumer clientId=consumer-anonymous.b4c32535-8def-4801-8a15-3295244fe1f6-3, groupId=anonymous.b4c32535-8def-4801-8a15-3295244fe1f6] Group coordinator localhost:9092 (id: 2147483646 rack: null) is unavailable or invalid due to cause: coordinator unavailable. isDisconnected: true. Rediscovery will be attempted.
2026-08-29T11:58:34.923+05:30  INFO 35712 --- [bmp-auth-service] [pool-2-thread-1] o.a.k.c.c.internals.ConsumerCoordinator  : [Consumer clientId=consumer-anonymous.b4c32535-8def-4801-8a15-3295244fe1f6-3, groupId=anonymous.b4c32535-8def-4801-8a15-3295244fe1f6] Discovered group coordinator localhost:9092 (id: 2147483646 rack: null)
2026-08-29T11:58:34.924+05:30  INFO 35712 --- [bmp-auth-service] [pool-2-thread-1] o.a.k.c.c.internals.ConsumerCoordinator  : [Consumer clientId=consumer-anonymous.b4c32535-8def-4801-8a15-3295244fe1f6-3, groupId=anonymous.b4c32535-8def-4801-8a15-3295244fe1f6] Group coordinator localhost:9092 (id: 2147483646 rack: null) is unavailable or invalid due to cause: coordinator unavailable. isDisconnected: false. Rediscovery will be attempted.
2026-08-29T11:58:34.924+05:30  INFO 35712 --- [bmp-auth-service] [pool-2-thread-1] o.a.k.c.c.internals.ConsumerCoordinator  : [Consumer clientId=consumer-anonymous.b4c32535-8def-4801-8a15-3295244fe1f6-3, groupId=anonymous.b4c32535-8def-4801-8a15-3295244fe1f6] Requesting disconnect from last known coordinator localhost:9092 (id: 2147483646 rack: null)
2026-08-29T11:58:35.023+05:30  INFO 35712 --- [bmp-auth-service] [pool-2-thread-1] o.a.k.c.c.internals.ConsumerCoordinator  : [Consumer clientId=consumer-anonymous.b4c32535-8def-4801-8a15-3295244fe1f6-3, groupId=anonymous.b4c32535-8def-4801-8a15-3295244fe1f6] Discovered group coordinator localhost:9092 (id: 2147483646 rack: null)
2026-08-29T12:03:27.509+05:30  INFO 35712 --- [bmp-auth-service] [rap-executor-%d] c.n.d.s.r.aws.ConfigClusterResolver      : Resolving eureka endpoints via configuration
2026-08-29T12:08:27.518+05:30  INFO 35712 --- [bmp-auth-service] [rap-executor-%d] c.n.d.s.r.aws.ConfigClusterResolver      : Resolving eureka endpoints via configuration
2026-08-29T12:13:27.526+05:30  INFO 35712 --- [bmp-auth-service] [rap-executor-%d] c.n.d.s.r.aws.ConfigClusterResolver      : Resolving eureka endpoints via configuration
2026-08-29T12:18:27.529+05:30  INFO 35712 --- [bmp-auth-service] [rap-executor-%d] c.n.d.s.r.aws.ConfigClusterResolver      : Resolving eureka endpoints via configuration
2026-08-29T12:23:27.546+05:30  INFO 35712 --- [bmp-auth-service] [rap-executor-%d] c.n.d.s.r.aws.ConfigClusterResolver      : Resolving eureka endpoints via configuration
2026-08-29T12:28:27.549+05:30  INFO 35712 --- [bmp-auth-service] [rap-executor-%d] c.n.d.s.r.aws.ConfigClusterResolver      : Resolving eureka endpoints via configuration
2026-08-29T12:33:27.551+05:30  INFO 35712 --- [bmp-auth-service] [rap-executor-%d] c.n.d.s.r.aws.ConfigClusterResolver      : Resolving eureka endpoints via configuration
2026-08-29T12:38:27.564+05:30  INFO 35712 --- [bmp-auth-service] [rap-executor-%d] c.n.d.s.r.aws.ConfigClusterResolver      : Resolving eureka endpoints via configuration
2026-08-29T12:43:27.567+05:30  INFO 35712 --- [bmp-auth-service] [rap-executor-%d] c.n.d.s.r.aws.ConfigClusterResolver      : Resolving eureka endpoints via configuration
2026-08-29T12:48:27.570+05:30  INFO 35712 --- [bmp-auth-service] [rap-executor-%d] c.n.d.s.r.aws.ConfigClusterResolver      : Resolving eureka endpoints via configuration
2026-08-29T12:53:27.583+05:30  INFO 35712 --- [bmp-auth-service] [rap-executor-%d] c.n.d.s.r.aws.ConfigClusterResolver      : Resolving eureka endpoints via configuration
2026-08-29T12:58:27.595+05:30  INFO 35712 --- [bmp-auth-service] [rap-executor-%d] c.n.d.s.r.aws.ConfigClusterResolver      : Resolving eureka endpoints via configuration
2026-08-29T13:01:58.596+05:30  WARN 35712 --- [bmp-auth-service] [   scheduling-1] com.zaxxer.hikari.pool.PoolBase          : HikariPool-1 - Failed to validate connection org.postgresql.jdbc.PgConnection@29630a89 (This connection has been closed.). Possibly consider using a shorter maxLifetime value.
2026-08-29T13:02:03.617+05:30  WARN 35712 --- [bmp-auth-service] [   scheduling-1] com.zaxxer.hikari.pool.PoolBase          : HikariPool-1 - Failed to validate connection org.postgresql.jdbc.PgConnection@60d6c4cc (This connection has been closed.). Possibly consider using a shorter maxLifetime value.
2026-08-29T14:26:53.593+05:30  INFO 35712 --- [bmp-auth-service] [15-3295244fe1f6] org.apache.kafka.clients.NetworkClient   : [Consumer clientId=consumer-anonymous.b4c32535-8def-4801-8a15-3295244fe1f6-2, groupId=anonymous.b4c32535-8def-4801-8a15-3295244fe1f6] Node 1 disconnected.
2026-08-29T14:26:53.599+05:30  INFO 35712 --- [bmp-auth-service] [15-3295244fe1f6] org.apache.kafka.clients.NetworkClient   : [Consumer clientId=consumer-anonymous.b4c32535-8def-4801-8a15-3295244fe1f6-2, groupId=anonymous.b4c32535-8def-4801-8a15-3295244fe1f6] Cancelled in-flight FETCH request with correlation id 29509 due to node 1 being disconnected (elapsed time since creation: 5101050ms, elapsed time since send: 5101050ms, throttle time: 0ms, request timeout: 30000ms)
2026-08-29T14:26:53.599+05:30  INFO 35712 --- [bmp-auth-service] [15-3295244fe1f6] org.apache.kafka.clients.NetworkClient   : [Consumer clientId=consumer-anonymous.b4c32535-8def-4801-8a15-3295244fe1f6-2, groupId=anonymous.b4c32535-8def-4801-8a15-3295244fe1f6] Cancelled in-flight METADATA request with correlation id 29514 due to node 1 being disconnected (elapsed time since creation: 1077ms, elapsed time since send: 1077ms, throttle time: 0ms, request timeout: 30000ms)
2026-08-29T14:26:53.600+05:30  INFO 35712 --- [bmp-auth-service] [15-3295244fe1f6] org.apache.kafka.clients.NetworkClient   : [Consumer clientId=consumer-anonymous.b4c32535-8def-4801-8a15-3295244fe1f6-2, groupId=anonymous.b4c32535-8def-4801-8a15-3295244fe1f6] Disconnecting from node 2147483646 due to request timeout.
2026-08-29T14:26:53.600+05:30  INFO 35712 --- [bmp-auth-service] [15-3295244fe1f6] org.apache.kafka.clients.NetworkClient   : [Consumer clientId=consumer-anonymous.b4c32535-8def-4801-8a15-3295244fe1f6-2, groupId=anonymous.b4c32535-8def-4801-8a15-3295244fe1f6] Cancelled in-flight HEARTBEAT request with correlation id 29510 due to node 2147483646 being disconnected (elapsed time since creation: 5099751ms, elapsed time since send: 5099751ms, throttle time: 0ms, request timeout: 30000ms)
2026-08-29T14:26:53.600+05:30  INFO 35712 --- [bmp-auth-service] [15-3295244fe1f6] org.apache.kafka.clients.NetworkClient   : [Consumer clientId=consumer-anonymous.b4c32535-8def-4801-8a15-3295244fe1f6-2, groupId=anonymous.b4c32535-8def-4801-8a15-3295244fe1f6] Cancelled in-flight HEARTBEAT request with correlation id 29511 due to node 2147483646 being disconnected (elapsed time since creation: 5096746ms, elapsed time since send: 5096746ms, throttle time: 0ms, request timeout: 30000ms)
2026-08-29T14:26:53.600+05:30  INFO 35712 --- [bmp-auth-service] [15-3295244fe1f6] org.apache.kafka.clients.NetworkClient   : [Consumer clientId=consumer-anonymous.b4c32535-8def-4801-8a15-3295244fe1f6-2, groupId=anonymous.b4c32535-8def-4801-8a15-3295244fe1f6] Cancelled in-flight HEARTBEAT request with correlation id 29512 due to node 2147483646 being disconnected (elapsed time since creation: 5093732ms, elapsed time since send: 5093732ms, throttle time: 0ms, request timeout: 30000ms)
2026-08-29T14:26:53.600+05:30  INFO 35712 --- [bmp-auth-service] [15-3295244fe1f6] org.apache.kafka.clients.NetworkClient   : [Consumer clientId=consumer-anonymous.b4c32535-8def-4801-8a15-3295244fe1f6-2, groupId=anonymous.b4c32535-8def-4801-8a15-3295244fe1f6] Cancelled in-flight HEARTBEAT request with correlation id 29513 due to node 2147483646 being disconnected (elapsed time since creation: 5090723ms, elapsed time since send: 5090723ms, throttle time: 0ms, request timeout: 30000ms)
2026-08-29T14:26:53.599+05:30  INFO 35712 --- [bmp-auth-service] [binder-health-1] org.apache.kafka.clients.NetworkClient   : [Consumer clientId=consumer-null-4, groupId=null] Node 1 disconnected.
2026-08-29T14:26:53.603+05:30  INFO 35712 --- [bmp-auth-service] [15-3295244fe1f6] o.a.kafka.clients.FetchSessionHandler    : [Consumer clientId=consumer-anonymous.b4c32535-8def-4801-8a15-3295244fe1f6-2, groupId=anonymous.b4c32535-8def-4801-8a15-3295244fe1f6] Error sending fetch request (sessionId=1810592139, epoch=7489) to node 1:

org.apache.kafka.common.errors.DisconnectException: null

2026-08-29T14:26:53.688+05:30  INFO 35712 --- [bmp-auth-service] [binder-health-1] org.apache.kafka.clients.NetworkClient   : [Consumer clientId=consumer-null-4, groupId=null] Cancelled in-flight METADATA request with correlation id 725 due to node 1 being disconnected (elapsed time since creation: 5090098ms, elapsed time since send: 5090098ms, throttle time: 0ms, request timeout: 30000ms)
2026-08-29T14:26:53.689+05:30  INFO 35712 --- [bmp-auth-service] [15-3295244fe1f6] o.a.k.c.c.internals.ConsumerCoordinator  : [Consumer clientId=consumer-anonymous.b4c32535-8def-4801-8a15-3295244fe1f6-2, groupId=anonymous.b4c32535-8def-4801-8a15-3295244fe1f6] Group coordinator localhost:9092 (id: 2147483646 rack: null) is unavailable or invalid due to cause: null. isDisconnected: true. Rediscovery will be attempted.
2026-08-29T14:26:53.826+05:30  WARN 35712 --- [bmp-auth-service] [nio-8081-exec-4] o.s.b.a.health.HealthEndpointSupport     : Health contributor org.springframework.cloud.stream.binder.kafka.KafkaBinderHealthIndicator (binders/kafka) took 5090245ms to respond
2026-08-29T14:26:56.947+05:30  INFO 35712 --- [bmp-auth-service] [container-0-C-1] o.a.k.c.c.internals.ConsumerCoordinator  : [Consumer clientId=consumer-anonymous.b4c32535-8def-4801-8a15-3295244fe1f6-2, groupId=anonymous.b4c32535-8def-4801-8a15-3295244fe1f6] Discovered group coordinator localhost:9092 (id: 2147483646 rack: null)
2026-08-29T14:27:02.890+05:30  WARN 35712 --- [bmp-auth-service] [l-1 housekeeper] com.zaxxer.hikari.pool.HikariPool        : HikariPool-1 - Thread starvation or clock leap detected (housekeeper delta=1h25m17s38ms12µs100ns).
2026-08-29T14:27:18.947+05:30  INFO 35712 --- [bmp-auth-service] [vice-producer-1] org.apache.kafka.clients.NetworkClient   : [Producer clientId=bmp-auth-service-producer-1] Node 1 disconnected.
2026-08-29T14:27:23.500+05:30  INFO 35712 --- [bmp-auth-service] [pool-2-thread-1] org.apache.kafka.clients.NetworkClient   : [Consumer clientId=consumer-anonymous.b4c32535-8def-4801-8a15-3295244fe1f6-3, groupId=anonymous.b4c32535-8def-4801-8a15-3295244fe1f6] Node 2147483646 disconnected.
2026-08-29T14:27:23.514+05:30  INFO 35712 --- [bmp-auth-service] [pool-2-thread-1] o.a.k.c.c.internals.ConsumerCoordinator  : [Consumer clientId=consumer-anonymous.b4c32535-8def-4801-8a15-3295244fe1f6-3, groupId=anonymous.b4c32535-8def-4801-8a15-3295244fe1f6] Group coordinator localhost:9092 (id: 2147483646 rack: null) is unavailable or invalid due to cause: coordinator unavailable. isDisconnected: true. Rediscovery will be attempted.
2026-08-29T14:27:23.528+05:30  INFO 35712 --- [bmp-auth-service] [pool-2-thread-1] o.a.k.c.c.internals.ConsumerCoordinator  : [Consumer clientId=consumer-anonymous.b4c32535-8def-4801-8a15-3295244fe1f6-3, groupId=anonymous.b4c32535-8def-4801-8a15-3295244fe1f6] Discovered group coordinator localhost:9092 (id: 2147483646 rack: null)
2026-08-29T14:27:23.530+05:30  INFO 35712 --- [bmp-auth-service] [pool-2-thread-1] o.a.k.c.c.internals.ConsumerCoordinator  : [Consumer clientId=consumer-anonymous.b4c32535-8def-4801-8a15-3295244fe1f6-3, groupId=anonymous.b4c32535-8def-4801-8a15-3295244fe1f6] Group coordinator localhost:9092 (id: 2147483646 rack: null) is unavailable or invalid due to cause: coordinator unavailable. isDisconnected: false. Rediscovery will be attempted.
2026-08-29T14:27:23.531+05:30  INFO 35712 --- [bmp-auth-service] [pool-2-thread-1] o.a.k.c.c.internals.ConsumerCoordinator  : [Consumer clientId=consumer-anonymous.b4c32535-8def-4801-8a15-3295244fe1f6-3, groupId=anonymous.b4c32535-8def-4801-8a15-3295244fe1f6] Requesting disconnect from last known coordinator localhost:9092 (id: 2147483646 rack: null)
2026-08-29T14:27:23.661+05:30  INFO 35712 --- [bmp-auth-service] [pool-2-thread-1] o.a.k.c.c.internals.ConsumerCoordinator  : [Consumer clientId=consumer-anonymous.b4c32535-8def-4801-8a15-3295244fe1f6-3, groupId=anonymous.b4c32535-8def-4801-8a15-3295244fe1f6] Discovered group coordinator localhost:9092 (id: 2147483646 rack: null)
2026-08-29T14:28:14.504+05:30  INFO 35712 --- [bmp-auth-service] [rap-executor-%d] c.n.d.s.r.aws.ConfigClusterResolver      : Resolving eureka endpoints via configuration
2026-08-29T14:33:14.525+05:30  INFO 35712 --- [bmp-auth-service] [rap-executor-%d] c.n.d.s.r.aws.ConfigClusterResolver      : Resolving eureka endpoints via configuration
2026-08-29T14:38:14.573+05:30  INFO 35712 --- [bmp-auth-service] [rap-executor-%d] c.n.d.s.r.aws.ConfigClusterResolver      : Resolving eureka endpoints via configuration
2026-08-29T14:43:14.588+05:30  INFO 35712 --- [bmp-auth-service] [rap-executor-%d] c.n.d.s.r.aws.ConfigClusterResolver      : Resolving eureka endpoints via configuration
2026-08-29T14:48:14.598+05:30  INFO 35712 --- [bmp-auth-service] [rap-executor-%d] c.n.d.s.r.aws.ConfigClusterResolver      : Resolving eureka endpoints via configuration
2026-08-29T14:53:14.615+05:30  INFO 35712 --- [bmp-auth-service] [rap-executor-%d] c.n.d.s.r.aws.ConfigClusterResolver      : Resolving eureka endpoints via configuration
2026-08-29T14:58:14.629+05:30  INFO 35712 --- [bmp-auth-service] [rap-executor-%d] c.n.d.s.r.aws.ConfigClusterResolver      : Resolving eureka endpoints via configuration
2026-08-29T15:03:14.689+05:30  INFO 35712 --- [bmp-auth-service] [rap-executor-%d] c.n.d.s.r.aws.ConfigClusterResolver      : Resolving eureka endpoints via configuration
2026-08-29T15:08:14.704+05:30  INFO 35712 --- [bmp-auth-service] [rap-executor-%d] c.n.d.s.r.aws.ConfigClusterResolver      : Resolving eureka endpoints via configuration
2026-08-29T15:13:14.709+05:30  INFO 35712 --- [bmp-auth-service] [rap-executor-%d] c.n.d.s.r.aws.ConfigClusterResolver      : Resolving eureka endpoints via configuration
2026-08-29T15:18:14.725+05:30  INFO 35712 --- [bmp-auth-service] [rap-executor-%d] c.n.d.s.r.aws.ConfigClusterResolver      : Resolving eureka endpoints via configuration
2026-08-29T15:23:14.727+05:30  INFO 35712 --- [bmp-auth-service] [rap-executor-%d] c.n.d.s.r.aws.ConfigClusterResolver      : Resolving eureka endpoints via configuration
2026-08-29T15:28:14.743+05:30  INFO 35712 --- [bmp-auth-service] [rap-executor-%d] c.n.d.s.r.aws.ConfigClusterResolver      : Resolving eureka endpoints via configuration
2026-08-29T15:33:14.751+05:30  INFO 35712 --- [bmp-auth-service] [rap-executor-%d] c.n.d.s.r.aws.ConfigClusterResolver      : Resolving eureka endpoints via configuration
2026-08-29T15:38:14.757+05:30  INFO 35712 --- [bmp-auth-service] [rap-executor-%d] c.n.d.s.r.aws.ConfigClusterResolver      : Resolving eureka endpoints via configuration
2026-08-29T15:41:29.035+05:30  WARN 35712 --- [bmp-auth-service] [   scheduling-1] com.zaxxer.hikari.pool.PoolBase          : HikariPool-1 - Failed to validate connection org.postgresql.jdbc.PgConnection@77c23beb (This connection has been closed.). Possibly consider using a shorter maxLifetime value.
2026-08-29T15:41:34.048+05:30  WARN 35712 --- [bmp-auth-service] [   scheduling-1] com.zaxxer.hikari.pool.PoolBase          : HikariPool-1 - Failed to validate connection org.postgresql.jdbc.PgConnection@446bcd5 (This connection has been closed.). Possibly consider using a shorter maxLifetime value.
2026-08-29T16:37:26.576+05:30  INFO 35712 --- [bmp-auth-service] [binder-health-1] org.apache.kafka.clients.NetworkClient   : [Consumer clientId=consumer-null-4, groupId=null] Node 1 disconnected.
2026-08-29T16:37:26.578+05:30  INFO 35712 --- [bmp-auth-service] [binder-health-1] org.apache.kafka.clients.NetworkClient   : [Consumer clientId=consumer-null-4, groupId=null] Cancelled in-flight METADATA request with correlation id 980 due to node 1 being disconnected (elapsed time since creation: 3359079ms, elapsed time since send: 3359079ms, throttle time: 0ms, request timeout: 30000ms)
2026-08-29T16:37:26.742+05:30  WARN 35712 --- [bmp-auth-service] [nio-8081-exec-8] o.s.b.a.health.HealthEndpointSupport     : Health contributor org.springframework.cloud.stream.binder.kafka.KafkaBinderHealthIndicator (binders/kafka) took 3359245ms to respond
2026-08-29T16:37:27.055+05:30  INFO 35712 --- [bmp-auth-service] [container-0-C-1] org.apache.kafka.clients.NetworkClient   : [Consumer clientId=consumer-anonymous.b4c32535-8def-4801-8a15-3295244fe1f6-2, groupId=anonymous.b4c32535-8def-4801-8a15-3295244fe1f6] Node 1 disconnected.
2026-08-29T16:37:27.056+05:30  INFO 35712 --- [bmp-auth-service] [container-0-C-1] org.apache.kafka.clients.NetworkClient   : [Consumer clientId=consumer-anonymous.b4c32535-8def-4801-8a15-3295244fe1f6-2, groupId=anonymous.b4c32535-8def-4801-8a15-3295244fe1f6] Cancelled in-flight FETCH request with correlation id 39823 due to node 1 being disconnected (elapsed time since creation: 3364093ms, elapsed time since send: 3364093ms, throttle time: 0ms, request timeout: 30000ms)
2026-08-29T16:37:27.057+05:30  INFO 35712 --- [bmp-auth-service] [container-0-C-1] org.apache.kafka.clients.NetworkClient   : [Consumer clientId=consumer-anonymous.b4c32535-8def-4801-8a15-3295244fe1f6-2, groupId=anonymous.b4c32535-8def-4801-8a15-3295244fe1f6] Disconnecting from node 2147483646 due to request timeout.
2026-08-29T16:37:27.057+05:30  INFO 35712 --- [bmp-auth-service] [container-0-C-1] org.apache.kafka.clients.NetworkClient   : [Consumer clientId=consumer-anonymous.b4c32535-8def-4801-8a15-3295244fe1f6-2, groupId=anonymous.b4c32535-8def-4801-8a15-3295244fe1f6] Cancelled in-flight HEARTBEAT request with correlation id 39824 due to node 2147483646 being disconnected (elapsed time since creation: 3361850ms, elapsed time since send: 3361850ms, throttle time: 0ms, request timeout: 30000ms)
2026-08-29T16:37:27.058+05:30  INFO 35712 --- [bmp-auth-service] [container-0-C-1] org.apache.kafka.clients.NetworkClient   : [Consumer clientId=consumer-anonymous.b4c32535-8def-4801-8a15-3295244fe1f6-2, groupId=anonymous.b4c32535-8def-4801-8a15-3295244fe1f6] Cancelled in-flight HEARTBEAT request with correlation id 39825 due to node 2147483646 being disconnected (elapsed time since creation: 3358840ms, elapsed time since send: 3358840ms, throttle time: 0ms, request timeout: 30000ms)
2026-08-29T16:37:27.058+05:30  INFO 35712 --- [bmp-auth-service] [container-0-C-1] org.apache.kafka.clients.NetworkClient   : [Consumer clientId=consumer-anonymous.b4c32535-8def-4801-8a15-3295244fe1f6-2, groupId=anonymous.b4c32535-8def-4801-8a15-3295244fe1f6] Cancelled in-flight HEARTBEAT request with correlation id 39826 due to node 2147483646 being disconnected (elapsed time since creation: 3355840ms, elapsed time since send: 3355840ms, throttle time: 0ms, request timeout: 30000ms)
2026-08-29T16:37:27.059+05:30  INFO 35712 --- [bmp-auth-service] [container-0-C-1] org.apache.kafka.clients.NetworkClient   : [Consumer clientId=consumer-anonymous.b4c32535-8def-4801-8a15-3295244fe1f6-2, groupId=anonymous.b4c32535-8def-4801-8a15-3295244fe1f6] Cancelled in-flight HEARTBEAT request with correlation id 39827 due to node 2147483646 being disconnected (elapsed time since creation: 3352832ms, elapsed time since send: 3352832ms, throttle time: 0ms, request timeout: 30000ms)
2026-08-29T16:37:27.059+05:30  INFO 35712 --- [bmp-auth-service] [15-3295244fe1f6] o.a.k.c.c.internals.ConsumerCoordinator  : [Consumer clientId=consumer-anonymous.b4c32535-8def-4801-8a15-3295244fe1f6-2, groupId=anonymous.b4c32535-8def-4801-8a15-3295244fe1f6] Group coordinator localhost:9092 (id: 2147483646 rack: null) is unavailable or invalid due to cause: null. isDisconnected: true. Rediscovery will be attempted.
2026-08-29T16:37:27.226+05:30  INFO 35712 --- [bmp-auth-service] [container-0-C-1] o.a.kafka.clients.FetchSessionHandler    : [Consumer clientId=consumer-anonymous.b4c32535-8def-4801-8a15-3295244fe1f6-2, groupId=anonymous.b4c32535-8def-4801-8a15-3295244fe1f6] Error sending fetch request (sessionId=957796568, epoch=8789) to node 1:

org.apache.kafka.common.errors.DisconnectException: null

2026-08-29T16:37:27.395+05:30  INFO 35712 --- [bmp-auth-service] [pool-2-thread-1] org.apache.kafka.clients.NetworkClient   : [Consumer clientId=consumer-anonymous.b4c32535-8def-4801-8a15-3295244fe1f6-3, groupId=anonymous.b4c32535-8def-4801-8a15-3295244fe1f6] Node 2147483646 disconnected.
2026-08-29T16:37:27.396+05:30  INFO 35712 --- [bmp-auth-service] [pool-2-thread-1] org.apache.kafka.clients.NetworkClient   : [Consumer clientId=consumer-anonymous.b4c32535-8def-4801-8a15-3295244fe1f6-3, groupId=anonymous.b4c32535-8def-4801-8a15-3295244fe1f6] Disconnecting from node 1 due to request timeout.
2026-08-29T16:37:27.396+05:30  INFO 35712 --- [bmp-auth-service] [pool-2-thread-1] org.apache.kafka.clients.NetworkClient   : [Consumer clientId=consumer-anonymous.b4c32535-8def-4801-8a15-3295244fe1f6-3, groupId=anonymous.b4c32535-8def-4801-8a15-3295244fe1f6] Cancelled in-flight LIST_OFFSETS request with correlation id 999 due to node 1 being disconnected (elapsed time since creation: 3361956ms, elapsed time since send: 3361956ms, throttle time: 0ms, request timeout: 30000ms)
2026-08-29T16:37:29.187+05:30  INFO 35712 --- [bmp-auth-service] [container-0-C-1] o.a.k.c.c.internals.ConsumerCoordinator  : [Consumer clientId=consumer-anonymous.b4c32535-8def-4801-8a15-3295244fe1f6-2, groupId=anonymous.b4c32535-8def-4801-8a15-3295244fe1f6] Discovered group coordinator localhost:9092 (id: 2147483646 rack: null)
2026-08-29T16:37:29.222+05:30  INFO 35712 --- [bmp-auth-service] [container-0-C-1] o.a.k.c.c.internals.ConsumerCoordinator  : [Consumer clientId=consumer-anonymous.b4c32535-8def-4801-8a15-3295244fe1f6-2, groupId=anonymous.b4c32535-8def-4801-8a15-3295244fe1f6] Discovered group coordinator localhost:9092 (id: 2147483646 rack: null)
2026-08-29T16:37:39.272+05:30  INFO 35712 --- [bmp-auth-service] [vice-producer-1] org.apache.kafka.clients.NetworkClient   : [Producer clientId=bmp-auth-service-producer-1] Node 1 disconnected.
2026-08-29T16:37:54.259+05:30  WARN 35712 --- [bmp-auth-service] [l-1 housekeeper] com.zaxxer.hikari.pool.HikariPool        : HikariPool-1 - Thread starvation or clock leap detected (housekeeper delta=56m20s62ms883µs).
2026-08-29T16:39:04.692+05:30  INFO 35712 --- [bmp-auth-service] [rap-executor-%d] c.n.d.s.r.aws.ConfigClusterResolver      : Resolving eureka endpoints via configuration
2026-08-29T16:44:04.766+05:30  INFO 35712 --- [bmp-auth-service] [rap-executor-%d] c.n.d.s.r.aws.ConfigClusterResolver      : Resolving eureka endpoints via configuration
2026-08-29T16:49:04.779+05:30  INFO 35712 --- [bmp-auth-service] [rap-executor-%d] c.n.d.s.r.aws.ConfigClusterResolver      : Resolving eureka endpoints via configuration
2026-08-29T16:54:04.781+05:30  INFO 35712 --- [bmp-auth-service] [rap-executor-%d] c.n.d.s.r.aws.ConfigClusterResolver      : Resolving eureka endpoints via configuration
2026-08-29T16:59:04.798+05:30  INFO 35712 --- [bmp-auth-service] [rap-executor-%d] c.n.d.s.r.aws.ConfigClusterResolver      : Resolving eureka endpoints via configuration
2026-08-29T17:04:04.809+05:30  INFO 35712 --- [bmp-auth-service] [rap-executor-%d] c.n.d.s.r.aws.ConfigClusterResolver      : Resolving eureka endpoints via configuration
2026-08-29T17:09:04.842+05:30  INFO 35712 --- [bmp-auth-service] [rap-executor-%d] c.n.d.s.r.aws.ConfigClusterResolver      : Resolving eureka endpoints via configuration
2026-08-29T17:14:04.925+05:30  INFO 35712 --- [bmp-auth-service] [rap-executor-%d] c.n.d.s.r.aws.ConfigClusterResolver      : Resolving eureka endpoints via configuration
2026-08-29T17:19:04.932+05:30  INFO 35712 --- [bmp-auth-service] [rap-executor-%d] c.n.d.s.r.aws.ConfigClusterResolver      : Resolving eureka endpoints via configuration
2026-08-29T17:24:04.936+05:30  INFO 35712 --- [bmp-auth-service] [rap-executor-%d] c.n.d.s.r.aws.ConfigClusterResolver      : Resolving eureka endpoints via configuration
2026-08-29T17:29:04.958+05:30  INFO 35712 --- [bmp-auth-service] [rap-executor-%d] c.n.d.s.r.aws.ConfigClusterResolver      : Resolving eureka endpoints via configuration
2026-08-29T17:34:04.973+05:30  INFO 35712 --- [bmp-auth-service] [rap-executor-%d] c.n.d.s.r.aws.ConfigClusterResolver      : Resolving eureka endpoints via configuration
2026-08-29T17:39:04.986+05:30  INFO 35712 --- [bmp-auth-service] [rap-executor-%d] c.n.d.s.r.aws.ConfigClusterResolver      : Resolving eureka endpoints via configuration
2026-08-29T17:43:11.403+05:30  WARN 35712 --- [bmp-auth-service] [   scheduling-1] com.zaxxer.hikari.pool.PoolBase          : HikariPool-1 - Failed to validate connection org.postgresql.jdbc.PgConnection@26936884 (This connection has been closed.). Possibly consider using a shorter maxLifetime value.
2026-08-29T17:56:52.695+05:30  INFO 35712 --- [bmp-auth-service] [binder-health-1] org.apache.kafka.clients.NetworkClient   : [Consumer clientId=consumer-null-4, groupId=null] Node 1 disconnected.
2026-08-29T17:56:52.696+05:30  INFO 35712 --- [bmp-auth-service] [binder-health-1] org.apache.kafka.clients.NetworkClient   : [Consumer clientId=consumer-null-4, groupId=null] Cancelled in-flight METADATA request with correlation id 1204 due to node 1 being disconnected (elapsed time since creation: 823644ms, elapsed time since send: 823644ms, throttle time: 0ms, request timeout: 30000ms)
2026-08-29T17:56:52.697+05:30  WARN 35712 --- [bmp-auth-service] [nio-8081-exec-5] o.s.b.a.health.HealthEndpointSupport     : Health contributor org.springframework.cloud.stream.binder.kafka.KafkaBinderHealthIndicator (binders/kafka) took 823645ms to respond
2026-08-29T17:56:52.720+05:30  INFO 35712 --- [bmp-auth-service] [container-0-C-1] org.apache.kafka.clients.NetworkClient   : [Consumer clientId=consumer-anonymous.b4c32535-8def-4801-8a15-3295244fe1f6-2, groupId=anonymous.b4c32535-8def-4801-8a15-3295244fe1f6] Node 1 disconnected.
2026-08-29T17:56:52.732+05:30  INFO 35712 --- [bmp-auth-service] [container-0-C-1] org.apache.kafka.clients.NetworkClient   : [Consumer clientId=consumer-anonymous.b4c32535-8def-4801-8a15-3295244fe1f6-2, groupId=anonymous.b4c32535-8def-4801-8a15-3295244fe1f6] Cancelled in-flight FETCH request with correlation id 48865 due to node 1 being disconnected (elapsed time since creation: 827975ms, elapsed time since send: 827975ms, throttle time: 0ms, request timeout: 30000ms)
2026-08-29T17:56:52.736+05:30  INFO 35712 --- [bmp-auth-service] [container-0-C-1] org.apache.kafka.clients.NetworkClient   : [Consumer clientId=consumer-anonymous.b4c32535-8def-4801-8a15-3295244fe1f6-2, groupId=anonymous.b4c32535-8def-4801-8a15-3295244fe1f6] Disconnecting from node 2147483646 due to request timeout.
2026-08-29T17:56:52.736+05:30  INFO 35712 --- [bmp-auth-service] [container-0-C-1] org.apache.kafka.clients.NetworkClient   : [Consumer clientId=consumer-anonymous.b4c32535-8def-4801-8a15-3295244fe1f6-2, groupId=anonymous.b4c32535-8def-4801-8a15-3295244fe1f6] Cancelled in-flight HEARTBEAT request with correlation id 48866 due to node 2147483646 being disconnected (elapsed time since creation: 827303ms, elapsed time since send: 827302ms, throttle time: 0ms, request timeout: 30000ms)
2026-08-29T17:56:52.736+05:30  INFO 35712 --- [bmp-auth-service] [container-0-C-1] org.apache.kafka.clients.NetworkClient   : [Consumer clientId=consumer-anonymous.b4c32535-8def-4801-8a15-3295244fe1f6-2, groupId=anonymous.b4c32535-8def-4801-8a15-3295244fe1f6] Cancelled in-flight HEARTBEAT request with correlation id 48867 due to node 2147483646 being disconnected (elapsed time since creation: 824294ms, elapsed time since send: 824294ms, throttle time: 0ms, request timeout: 30000ms)
2026-08-29T17:56:52.736+05:30  INFO 35712 --- [bmp-auth-service] [container-0-C-1] org.apache.kafka.clients.NetworkClient   : [Consumer clientId=consumer-anonymous.b4c32535-8def-4801-8a15-3295244fe1f6-2, groupId=anonymous.b4c32535-8def-4801-8a15-3295244fe1f6] Cancelled in-flight HEARTBEAT request with correlation id 48868 due to node 2147483646 being disconnected (elapsed time since creation: 821284ms, elapsed time since send: 821284ms, throttle time: 0ms, request timeout: 30000ms)
2026-08-29T17:56:52.736+05:30  INFO 35712 --- [bmp-auth-service] [container-0-C-1] org.apache.kafka.clients.NetworkClient   : [Consumer clientId=consumer-anonymous.b4c32535-8def-4801-8a15-3295244fe1f6-2, groupId=anonymous.b4c32535-8def-4801-8a15-3295244fe1f6] Cancelled in-flight HEARTBEAT request with correlation id 48869 due to node 2147483646 being disconnected (elapsed time since creation: 818270ms, elapsed time since send: 818270ms, throttle time: 0ms, request timeout: 30000ms)
2026-08-29T17:56:52.737+05:30  INFO 35712 --- [bmp-auth-service] [15-3295244fe1f6] o.a.k.c.c.internals.ConsumerCoordinator  : [Consumer clientId=consumer-anonymous.b4c32535-8def-4801-8a15-3295244fe1f6-2, groupId=anonymous.b4c32535-8def-4801-8a15-3295244fe1f6] Group coordinator localhost:9092 (id: 2147483646 rack: null) is unavailable or invalid due to cause: null. isDisconnected: true. Rediscovery will be attempted.
2026-08-29T17:56:52.737+05:30  INFO 35712 --- [bmp-auth-service] [container-0-C-1] o.a.kafka.clients.FetchSessionHandler    : [Consumer clientId=consumer-anonymous.b4c32535-8def-4801-8a15-3295244fe1f6-2, groupId=anonymous.b4c32535-8def-4801-8a15-3295244fe1f6] Error sending fetch request (sessionId=716583484, epoch=7697) to node 1:

org.apache.kafka.common.errors.DisconnectException: null

2026-08-29T17:56:54.464+05:30  INFO 35712 --- [bmp-auth-service] [container-0-C-1] o.a.k.c.c.internals.ConsumerCoordinator  : [Consumer clientId=consumer-anonymous.b4c32535-8def-4801-8a15-3295244fe1f6-2, groupId=anonymous.b4c32535-8def-4801-8a15-3295244fe1f6] Discovered group coordinator localhost:9092 (id: 2147483646 rack: null)
2026-08-29T17:56:59.817+05:30  WARN 35712 --- [bmp-auth-service] [l-1 housekeeper] com.zaxxer.hikari.pool.HikariPool        : HikariPool-1 - Thread starvation or clock leap detected (housekeeper delta=14m4s393ms571µs500ns).
2026-08-29T17:57:04.634+05:30  INFO 35712 --- [bmp-auth-service] [pool-2-thread-1] org.apache.kafka.clients.NetworkClient   : [Consumer clientId=consumer-anonymous.b4c32535-8def-4801-8a15-3295244fe1f6-3, groupId=anonymous.b4c32535-8def-4801-8a15-3295244fe1f6] Node 2147483646 disconnected.
2026-08-29T17:57:04.639+05:30  INFO 35712 --- [bmp-auth-service] [pool-2-thread-1] o.a.k.c.c.internals.ConsumerCoordinator  : [Consumer clientId=consumer-anonymous.b4c32535-8def-4801-8a15-3295244fe1f6-3, groupId=anonymous.b4c32535-8def-4801-8a15-3295244fe1f6] Group coordinator localhost:9092 (id: 2147483646 rack: null) is unavailable or invalid due to cause: coordinator unavailable. isDisconnected: true. Rediscovery will be attempted.
2026-08-29T17:57:04.644+05:30  INFO 35712 --- [bmp-auth-service] [pool-2-thread-1] o.a.k.c.c.internals.ConsumerCoordinator  : [Consumer clientId=consumer-anonymous.b4c32535-8def-4801-8a15-3295244fe1f6-3, groupId=anonymous.b4c32535-8def-4801-8a15-3295244fe1f6] Discovered group coordinator localhost:9092 (id: 2147483646 rack: null)
2026-08-29T17:57:04.644+05:30  INFO 35712 --- [bmp-auth-service] [pool-2-thread-1] o.a.k.c.c.internals.ConsumerCoordinator  : [Consumer clientId=consumer-anonymous.b4c32535-8def-4801-8a15-3295244fe1f6-3, groupId=anonymous.b4c32535-8def-4801-8a15-3295244fe1f6] Group coordinator localhost:9092 (id: 2147483646 rack: null) is unavailable or invalid due to cause: coordinator unavailable. isDisconnected: false. Rediscovery will be attempted.
2026-08-29T17:57:04.644+05:30  INFO 35712 --- [bmp-auth-service] [pool-2-thread-1] o.a.k.c.c.internals.ConsumerCoordinator  : [Consumer clientId=consumer-anonymous.b4c32535-8def-4801-8a15-3295244fe1f6-3, groupId=anonymous.b4c32535-8def-4801-8a15-3295244fe1f6] Requesting disconnect from last known coordinator localhost:9092 (id: 2147483646 rack: null)
2026-08-29T17:57:04.778+05:30  INFO 35712 --- [bmp-auth-service] [pool-2-thread-1] o.a.k.c.c.internals.ConsumerCoordinator  : [Consumer clientId=consumer-anonymous.b4c32535-8def-4801-8a15-3295244fe1f6-3, groupId=anonymous.b4c32535-8def-4801-8a15-3295244fe1f6] Discovered group coordinator localhost:9092 (id: 2147483646 rack: null)
2026-08-29T17:57:13.923+05:30  INFO 35712 --- [bmp-auth-service] [vice-producer-1] org.apache.kafka.clients.NetworkClient   : [Producer clientId=bmp-auth-service-producer-1] Node 1 disconnected.
2026-08-29T17:57:39.237+05:30  INFO 35712 --- [bmp-auth-service] [rap-executor-%d] c.n.d.s.r.aws.ConfigClusterResolver      : Resolving eureka endpoints via configuration
2026-08-29T17:59:33.429+05:30  WARN 35712 --- [bmp-auth-service] [   scheduling-1] com.zaxxer.hikari.pool.PoolBase          : HikariPool-1 - Failed to validate connection org.postgresql.jdbc.PgConnection@4251873a (This connection has been closed.). Possibly consider using a shorter maxLifetime value.
2026-08-29T17:59:38.445+05:30  WARN 35712 --- [bmp-auth-service] [   scheduling-1] com.zaxxer.hikari.pool.PoolBase          : HikariPool-1 - Failed to validate connection org.postgresql.jdbc.PgConnection@8b2bff3 (This connection has been closed.). Possibly consider using a shorter maxLifetime value.
2026-08-29T18:00:07.063+05:30  INFO 35712 --- [bmp-auth-service] [container-0-C-1] org.apache.kafka.clients.NetworkClient   : [Consumer clientId=consumer-anonymous.b4c32535-8def-4801-8a15-3295244fe1f6-2, groupId=anonymous.b4c32535-8def-4801-8a15-3295244fe1f6] Disconnecting from node 1 due to request timeout.
2026-08-29T18:00:07.064+05:30  INFO 35712 --- [bmp-auth-service] [container-0-C-1] org.apache.kafka.clients.NetworkClient   : [Consumer clientId=consumer-anonymous.b4c32535-8def-4801-8a15-3295244fe1f6-2, groupId=anonymous.b4c32535-8def-4801-8a15-3295244fe1f6] Cancelled in-flight FETCH request with correlation id 49226 due to node 1 being disconnected (elapsed time since creation: 39832ms, elapsed time since send: 39832ms, throttle time: 0ms, request timeout: 30000ms)
2026-08-29T18:00:07.064+05:30  INFO 35712 --- [bmp-auth-service] [container-0-C-1] org.apache.kafka.clients.NetworkClient   : [Consumer clientId=consumer-anonymous.b4c32535-8def-4801-8a15-3295244fe1f6-2, groupId=anonymous.b4c32535-8def-4801-8a15-3295244fe1f6] Disconnecting from node 2147483646 due to request timeout.
2026-08-29T18:00:07.064+05:30  INFO 35712 --- [bmp-auth-service] [container-0-C-1] org.apache.kafka.clients.NetworkClient   : [Consumer clientId=consumer-anonymous.b4c32535-8def-4801-8a15-3295244fe1f6-2, groupId=anonymous.b4c32535-8def-4801-8a15-3295244fe1f6] Cancelled in-flight HEARTBEAT request with correlation id 49227 due to node 2147483646 being disconnected (elapsed time since creation: 39105ms, elapsed time since send: 39105ms, throttle time: 0ms, request timeout: 30000ms)
2026-08-29T18:00:07.064+05:30  INFO 35712 --- [bmp-auth-service] [container-0-C-1] org.apache.kafka.clients.NetworkClient   : [Consumer clientId=consumer-anonymous.b4c32535-8def-4801-8a15-3295244fe1f6-2, groupId=anonymous.b4c32535-8def-4801-8a15-3295244fe1f6] Cancelled in-flight HEARTBEAT request with correlation id 49228 due to node 2147483646 being disconnected (elapsed time since creation: 36103ms, elapsed time since send: 36102ms, throttle time: 0ms, request timeout: 30000ms)
2026-08-29T18:00:07.064+05:30  INFO 35712 --- [bmp-auth-service] [container-0-C-1] org.apache.kafka.clients.NetworkClient   : [Consumer clientId=consumer-anonymous.b4c32535-8def-4801-8a15-3295244fe1f6-2, groupId=anonymous.b4c32535-8def-4801-8a15-3295244fe1f6] Cancelled in-flight HEARTBEAT request with correlation id 49229 due to node 2147483646 being disconnected (elapsed time since creation: 33088ms, elapsed time since send: 33088ms, throttle time: 0ms, request timeout: 30000ms)
2026-08-29T18:00:07.064+05:30  INFO 35712 --- [bmp-auth-service] [container-0-C-1] org.apache.kafka.clients.NetworkClient   : [Consumer clientId=consumer-anonymous.b4c32535-8def-4801-8a15-3295244fe1f6-2, groupId=anonymous.b4c32535-8def-4801-8a15-3295244fe1f6] Cancelled in-flight HEARTBEAT request with correlation id 49230 due to node 2147483646 being disconnected (elapsed time since creation: 30081ms, elapsed time since send: 30081ms, throttle time: 0ms, request timeout: 30000ms)
2026-08-29T18:00:07.064+05:30  INFO 35712 --- [bmp-auth-service] [15-3295244fe1f6] o.a.k.c.c.internals.ConsumerCoordinator  : [Consumer clientId=consumer-anonymous.b4c32535-8def-4801-8a15-3295244fe1f6-2, groupId=anonymous.b4c32535-8def-4801-8a15-3295244fe1f6] Group coordinator localhost:9092 (id: 2147483646 rack: null) is unavailable or invalid due to cause: null. isDisconnected: true. Rediscovery will be attempted.
2026-08-29T18:00:07.064+05:30  INFO 35712 --- [bmp-auth-service] [container-0-C-1] o.a.kafka.clients.FetchSessionHandler    : [Consumer clientId=consumer-anonymous.b4c32535-8def-4801-8a15-3295244fe1f6-2, groupId=anonymous.b4c32535-8def-4801-8a15-3295244fe1f6] Error sending fetch request (sessionId=1580893849, epoch=300) to node 1:

org.apache.kafka.common.errors.DisconnectException: null

2026-08-29T18:00:11.110+05:30  WARN 35712 --- [bmp-auth-service] [nio-8081-exec-5] o.s.b.a.health.HealthEndpointSupport     : Health contributor org.springframework.cloud.stream.binder.kafka.KafkaBinderHealthIndicator (binders/kafka) took 33562ms to respond
2026-08-29T18:00:11.146+05:30  INFO 35712 --- [bmp-auth-service] [container-0-C-1] o.a.k.c.c.internals.ConsumerCoordinator  : [Consumer clientId=consumer-anonymous.b4c32535-8def-4801-8a15-3295244fe1f6-2, groupId=anonymous.b4c32535-8def-4801-8a15-3295244fe1f6] Discovered group coordinator localhost:9092 (id: 2147483646 rack: null)
2026-08-29T18:00:26.682+05:30  WARN 35712 --- [bmp-auth-service] [l-1 housekeeper] com.zaxxer.hikari.pool.HikariPool        : HikariPool-1 - Thread starvation or clock leap detected (housekeeper delta=59s307ms141µs200ns).
2026-08-29T18:03:06.069+05:30  INFO 35712 --- [bmp-auth-service] [rap-executor-%d] c.n.d.s.r.aws.ConfigClusterResolver      : Resolving eureka endpoints via configuration
2026-08-29T18:08:06.090+05:30  INFO 35712 --- [bmp-auth-service] [rap-executor-%d] c.n.d.s.r.aws.ConfigClusterResolver      : Resolving eureka endpoints via configuration
2026-08-29T18:13:06.097+05:30  INFO 35712 --- [bmp-auth-service] [rap-executor-%d] c.n.d.s.r.aws.ConfigClusterResolver      : Resolving eureka endpoints via configuration
2026-08-29T19:23:53.491+05:30  INFO 35712 --- [bmp-auth-service] [container-0-C-1] org.apache.kafka.clients.NetworkClient   : [Consumer clientId=consumer-anonymous.b4c32535-8def-4801-8a15-3295244fe1f6-2, groupId=anonymous.b4c32535-8def-4801-8a15-3295244fe1f6] Node 1 disconnected.
2026-08-29T19:23:53.513+05:30  INFO 35712 --- [bmp-auth-service] [container-0-C-1] org.apache.kafka.clients.NetworkClient   : [Consumer clientId=consumer-anonymous.b4c32535-8def-4801-8a15-3295244fe1f6-2, groupId=anonymous.b4c32535-8def-4801-8a15-3295244fe1f6] Cancelled in-flight FETCH request with correlation id 51547 due to node 1 being disconnected (elapsed time since creation: 4024580ms, elapsed time since send: 4024580ms, throttle time: 0ms, request timeout: 30000ms)
2026-08-29T19:23:53.536+05:30  INFO 35712 --- [bmp-auth-service] [container-0-C-1] org.apache.kafka.clients.NetworkClient   : [Consumer clientId=consumer-anonymous.b4c32535-8def-4801-8a15-3295244fe1f6-2, groupId=anonymous.b4c32535-8def-4801-8a15-3295244fe1f6] Disconnecting from node 2147483646 due to request timeout.
2026-08-29T19:23:53.537+05:30  INFO 35712 --- [bmp-auth-service] [container-0-C-1] org.apache.kafka.clients.NetworkClient   : [Consumer clientId=consumer-anonymous.b4c32535-8def-4801-8a15-3295244fe1f6-2, groupId=anonymous.b4c32535-8def-4801-8a15-3295244fe1f6] Cancelled in-flight HEARTBEAT request with correlation id 51548 due to node 2147483646 being disconnected (elapsed time since creation: 4023536ms, elapsed time since send: 4023536ms, throttle time: 0ms, request timeout: 30000ms)
2026-08-29T19:23:53.540+05:30  INFO 35712 --- [bmp-auth-service] [15-3295244fe1f6] o.a.k.c.c.internals.ConsumerCoordinator  : [Consumer clientId=consumer-anonymous.b4c32535-8def-4801-8a15-3295244fe1f6-2, groupId=anonymous.b4c32535-8def-4801-8a15-3295244fe1f6] Group coordinator localhost:9092 (id: 2147483646 rack: null) is unavailable or invalid due to cause: null. isDisconnected: true. Rediscovery will be attempted.
2026-08-29T19:23:53.547+05:30  INFO 35712 --- [bmp-auth-service] [container-0-C-1] o.a.kafka.clients.FetchSessionHandler    : [Consumer clientId=consumer-anonymous.b4c32535-8def-4801-8a15-3295244fe1f6-2, groupId=anonymous.b4c32535-8def-4801-8a15-3295244fe1f6] Error sending fetch request (sessionId=1630535578, epoch=1974) to node 1:

org.apache.kafka.common.errors.DisconnectException: null

2026-08-29T19:23:55.392+05:30  INFO 35712 --- [bmp-auth-service] [container-0-C-1] o.a.k.c.c.internals.ConsumerCoordinator  : [Consumer clientId=consumer-anonymous.b4c32535-8def-4801-8a15-3295244fe1f6-2, groupId=anonymous.b4c32535-8def-4801-8a15-3295244fe1f6] Discovered group coordinator localhost:9092 (id: 2147483646 rack: null)
2026-08-29T19:23:57.630+05:30  WARN 35712 --- [bmp-auth-service] [l-1 housekeeper] com.zaxxer.hikari.pool.HikariPool        : HikariPool-1 - Thread starvation or clock leap detected (housekeeper delta=1h7m30s644ms898µs100ns).
2026-08-29T19:24:14.539+05:30  INFO 35712 --- [bmp-auth-service] [vice-producer-1] org.apache.kafka.clients.NetworkClient   : [Producer clientId=bmp-auth-service-producer-1] Node 1 disconnected.
2026-08-29T19:24:32.446+05:30  INFO 35712 --- [bmp-auth-service] [pool-2-thread-1] org.apache.kafka.clients.NetworkClient   : [Consumer clientId=consumer-anonymous.b4c32535-8def-4801-8a15-3295244fe1f6-3, groupId=anonymous.b4c32535-8def-4801-8a15-3295244fe1f6] Node 2147483646 disconnected.
2026-08-29T19:24:32.448+05:30  INFO 35712 --- [bmp-auth-service] [pool-2-thread-1] o.a.k.c.c.internals.ConsumerCoordinator  : [Consumer clientId=consumer-anonymous.b4c32535-8def-4801-8a15-3295244fe1f6-3, groupId=anonymous.b4c32535-8def-4801-8a15-3295244fe1f6] Group coordinator localhost:9092 (id: 2147483646 rack: null) is unavailable or invalid due to cause: coordinator unavailable. isDisconnected: true. Rediscovery will be attempted.
2026-08-29T19:24:32.450+05:30  INFO 35712 --- [bmp-auth-service] [pool-2-thread-1] o.a.k.c.c.internals.ConsumerCoordinator  : [Consumer clientId=consumer-anonymous.b4c32535-8def-4801-8a15-3295244fe1f6-3, groupId=anonymous.b4c32535-8def-4801-8a15-3295244fe1f6] Discovered group coordinator localhost:9092 (id: 2147483646 rack: null)
2026-08-29T19:24:32.450+05:30  INFO 35712 --- [bmp-auth-service] [pool-2-thread-1] o.a.k.c.c.internals.ConsumerCoordinator  : [Consumer clientId=consumer-anonymous.b4c32535-8def-4801-8a15-3295244fe1f6-3, groupId=anonymous.b4c32535-8def-4801-8a15-3295244fe1f6] Group coordinator localhost:9092 (id: 2147483646 rack: null) is unavailable or invalid due to cause: coordinator unavailable. isDisconnected: false. Rediscovery will be attempted.
2026-08-29T19:24:32.450+05:30  INFO 35712 --- [bmp-auth-service] [pool-2-thread-1] o.a.k.c.c.internals.ConsumerCoordinator  : [Consumer clientId=consumer-anonymous.b4c32535-8def-4801-8a15-3295244fe1f6-3, groupId=anonymous.b4c32535-8def-4801-8a15-3295244fe1f6] Requesting disconnect from last known coordinator localhost:9092 (id: 2147483646 rack: null)
2026-08-29T19:24:32.576+05:30  INFO 35712 --- [bmp-auth-service] [pool-2-thread-1] o.a.k.c.c.internals.ConsumerCoordinator  : [Consumer clientId=consumer-anonymous.b4c32535-8def-4801-8a15-3295244fe1f6-3, groupId=anonymous.b4c32535-8def-4801-8a15-3295244fe1f6] Discovered group coordinator localhost:9092 (id: 2147483646 rack: null)
2026-08-29T19:25:06.565+05:30  INFO 35712 --- [bmp-auth-service] [rap-executor-%d] c.n.d.s.r.aws.ConfigClusterResolver      : Resolving eureka endpoints via configuration
2026-08-29T19:30:06.574+05:30  INFO 35712 --- [bmp-auth-service] [rap-executor-%d] c.n.d.s.r.aws.ConfigClusterResolver      : Resolving eureka endpoints via configuration
2026-08-29T19:35:06.591+05:30  INFO 35712 --- [bmp-auth-service] [rap-executor-%d] c.n.d.s.r.aws.ConfigClusterResolver      : Resolving eureka endpoints via configuration
2026-08-29T19:40:06.602+05:30  INFO 35712 --- [bmp-auth-service] [rap-executor-%d] c.n.d.s.r.aws.ConfigClusterResolver      : Resolving eureka endpoints via configuration
2026-08-29T19:45:06.618+05:30  INFO 35712 --- [bmp-auth-service] [rap-executor-%d] c.n.d.s.r.aws.ConfigClusterResolver      : Resolving eureka endpoints via configuration
2026-08-29T19:50:06.635+05:30  INFO 35712 --- [bmp-auth-service] [rap-executor-%d] c.n.d.s.r.aws.ConfigClusterResolver      : Resolving eureka endpoints via configuration
2026-08-29T19:55:06.647+05:30  INFO 35712 --- [bmp-auth-service] [rap-executor-%d] c.n.d.s.r.aws.ConfigClusterResolver      : Resolving eureka endpoints via configuration
2026-08-29T19:58:29.914+05:30  WARN 35712 --- [bmp-auth-service] [   scheduling-1] com.zaxxer.hikari.pool.PoolBase          : HikariPool-1 - Failed to validate connection org.postgresql.jdbc.PgConnection@32513a9d (This connection has been closed.). Possibly consider using a shorter maxLifetime value.
2026-08-29T19:58:34.917+05:30  WARN 35712 --- [bmp-auth-service] [   scheduling-1] com.zaxxer.hikari.pool.PoolBase          : HikariPool-1 - Failed to validate connection org.postgresql.jdbc.PgConnection@52b34190 (This connection has been closed.). Possibly consider using a shorter maxLifetime value.
2026-08-29T20:03:00.639+05:30  INFO 35712 --- [bmp-auth-service] [15-3295244fe1f6] org.apache.kafka.clients.NetworkClient   : [Consumer clientId=consumer-anonymous.b4c32535-8def-4801-8a15-3295244fe1f6-2, groupId=anonymous.b4c32535-8def-4801-8a15-3295244fe1f6] Disconnecting from node 1 due to request timeout.
2026-08-29T20:03:00.701+05:30  INFO 35712 --- [bmp-auth-service] [15-3295244fe1f6] org.apache.kafka.clients.NetworkClient   : [Consumer clientId=consumer-anonymous.b4c32535-8def-4801-8a15-3295244fe1f6-2, groupId=anonymous.b4c32535-8def-4801-8a15-3295244fe1f6] Cancelled in-flight FETCH request with correlation id 56342 due to node 1 being disconnected (elapsed time since creation: 277087ms, elapsed time since send: 277087ms, throttle time: 0ms, request timeout: 30000ms)
2026-08-29T20:03:00.702+05:30  INFO 35712 --- [bmp-auth-service] [15-3295244fe1f6] org.apache.kafka.clients.NetworkClient   : [Consumer clientId=consumer-anonymous.b4c32535-8def-4801-8a15-3295244fe1f6-2, groupId=anonymous.b4c32535-8def-4801-8a15-3295244fe1f6] Cancelled in-flight METADATA request with correlation id 56347 due to node 1 being disconnected (elapsed time since creation: 0ms, elapsed time since send: 0ms, throttle time: 0ms, request timeout: 30000ms)
2026-08-29T20:03:00.739+05:30  INFO 35712 --- [bmp-auth-service] [15-3295244fe1f6] org.apache.kafka.clients.NetworkClient   : [Consumer clientId=consumer-anonymous.b4c32535-8def-4801-8a15-3295244fe1f6-2, groupId=anonymous.b4c32535-8def-4801-8a15-3295244fe1f6] Disconnecting from node 2147483646 due to request timeout.
2026-08-29T20:03:00.741+05:30  INFO 35712 --- [bmp-auth-service] [15-3295244fe1f6] org.apache.kafka.clients.NetworkClient   : [Consumer clientId=consumer-anonymous.b4c32535-8def-4801-8a15-3295244fe1f6-2, groupId=anonymous.b4c32535-8def-4801-8a15-3295244fe1f6] Cancelled in-flight HEARTBEAT request with correlation id 56343 due to node 2147483646 being disconnected (elapsed time since creation: 274558ms, elapsed time since send: 274558ms, throttle time: 0ms, request timeout: 30000ms)
2026-08-29T20:03:00.741+05:30  INFO 35712 --- [bmp-auth-service] [15-3295244fe1f6] org.apache.kafka.clients.NetworkClient   : [Consumer clientId=consumer-anonymous.b4c32535-8def-4801-8a15-3295244fe1f6-2, groupId=anonymous.b4c32535-8def-4801-8a15-3295244fe1f6] Cancelled in-flight HEARTBEAT request with correlation id 56344 due to node 2147483646 being disconnected (elapsed time since creation: 271555ms, elapsed time since send: 271555ms, throttle time: 0ms, request timeout: 30000ms)
2026-08-29T20:03:00.741+05:30  INFO 35712 --- [bmp-auth-service] [15-3295244fe1f6] org.apache.kafka.clients.NetworkClient   : [Consumer clientId=consumer-anonymous.b4c32535-8def-4801-8a15-3295244fe1f6-2, groupId=anonymous.b4c32535-8def-4801-8a15-3295244fe1f6] Cancelled in-flight HEARTBEAT request with correlation id 56345 due to node 2147483646 being disconnected (elapsed time since creation: 268544ms, elapsed time since send: 268544ms, throttle time: 0ms, request timeout: 30000ms)
2026-08-29T20:03:00.741+05:30  INFO 35712 --- [bmp-auth-service] [15-3295244fe1f6] org.apache.kafka.clients.NetworkClient   : [Consumer clientId=consumer-anonymous.b4c32535-8def-4801-8a15-3295244fe1f6-2, groupId=anonymous.b4c32535-8def-4801-8a15-3295244fe1f6] Cancelled in-flight HEARTBEAT request with correlation id 56346 due to node 2147483646 being disconnected (elapsed time since creation: 265532ms, elapsed time since send: 265532ms, throttle time: 0ms, request timeout: 30000ms)
2026-08-29T20:03:00.767+05:30  INFO 35712 --- [bmp-auth-service] [15-3295244fe1f6] o.a.kafka.clients.FetchSessionHandler    : [Consumer clientId=consumer-anonymous.b4c32535-8def-4801-8a15-3295244fe1f6-2, groupId=anonymous.b4c32535-8def-4801-8a15-3295244fe1f6] Error sending fetch request (sessionId=56381343, epoch=4088) to node 1:

org.apache.kafka.common.errors.DisconnectException: null

2026-08-29T20:03:00.834+05:30  INFO 35712 --- [bmp-auth-service] [15-3295244fe1f6] o.a.k.c.c.internals.ConsumerCoordinator  : [Consumer clientId=consumer-anonymous.b4c32535-8def-4801-8a15-3295244fe1f6-2, groupId=anonymous.b4c32535-8def-4801-8a15-3295244fe1f6] Group coordinator localhost:9092 (id: 2147483646 rack: null) is unavailable or invalid due to cause: null. isDisconnected: true. Rediscovery will be attempted.
2026-08-29T20:03:00.887+05:30  INFO 35712 --- [bmp-auth-service] [pool-2-thread-1] org.apache.kafka.clients.NetworkClient   : [Consumer clientId=consumer-anonymous.b4c32535-8def-4801-8a15-3295244fe1f6-3, groupId=anonymous.b4c32535-8def-4801-8a15-3295244fe1f6] Disconnecting from node 1 due to request timeout.
2026-08-29T20:03:00.887+05:30  INFO 35712 --- [bmp-auth-service] [pool-2-thread-1] org.apache.kafka.clients.NetworkClient   : [Consumer clientId=consumer-anonymous.b4c32535-8def-4801-8a15-3295244fe1f6-3, groupId=anonymous.b4c32535-8def-4801-8a15-3295244fe1f6] Cancelled in-flight LIST_OFFSETS request with correlation id 1413 due to node 1 being disconnected (elapsed time since creation: 267469ms, elapsed time since send: 267469ms, throttle time: 0ms, request timeout: 30000ms)
2026-08-29T20:03:01.628+05:30  WARN 35712 --- [bmp-auth-service] [nio-8081-exec-6] o.s.b.a.health.HealthEndpointSupport     : Health contributor org.springframework.cloud.stream.binder.kafka.KafkaBinderHealthIndicator (binders/kafka) took 273330ms to respond
2026-08-29T20:03:04.909+05:30  INFO 35712 --- [bmp-auth-service] [container-0-C-1] o.a.k.c.c.internals.ConsumerCoordinator  : [Consumer clientId=consumer-anonymous.b4c32535-8def-4801-8a15-3295244fe1f6-2, groupId=anonymous.b4c32535-8def-4801-8a15-3295244fe1f6] Discovered group coordinator localhost:9092 (id: 2147483646 rack: null)
2026-08-29T20:03:22.912+05:30  WARN 35712 --- [bmp-auth-service] [l-1 housekeeper] com.zaxxer.hikari.pool.HikariPool        : HikariPool-1 - Thread starvation or clock leap detected (housekeeper delta=4m54s586ms274µs700ns).
2026-08-29T20:04:31.106+05:30  INFO 35712 --- [bmp-auth-service] [rap-executor-%d] c.n.d.s.r.aws.ConfigClusterResolver      : Resolving eureka endpoints via configuration
2026-08-29T20:09:31.135+05:30  INFO 35712 --- [bmp-auth-service] [rap-executor-%d] c.n.d.s.r.aws.ConfigClusterResolver      : Resolving eureka endpoints via configuration
2026-08-29T20:14:31.174+05:30  INFO 35712 --- [bmp-auth-service] [rap-executor-%d] c.n.d.s.r.aws.ConfigClusterResolver      : Resolving eureka endpoints via configuration
2026-08-29T20:19:31.180+05:30  INFO 35712 --- [bmp-auth-service] [rap-executor-%d] c.n.d.s.r.aws.ConfigClusterResolver      : Resolving eureka endpoints via configuration
2026-08-29T20:24:31.191+05:30  INFO 35712 --- [bmp-auth-service] [rap-executor-%d] c.n.d.s.r.aws.ConfigClusterResolver      : Resolving eureka endpoints via configuration
2026-08-29T20:29:31.203+05:30  INFO 35712 --- [bmp-auth-service] [rap-executor-%d] c.n.d.s.r.aws.ConfigClusterResolver      : Resolving eureka endpoints via configuration
2026-08-29T20:34:31.205+05:30  INFO 35712 --- [bmp-auth-service] [rap-executor-%d] c.n.d.s.r.aws.ConfigClusterResolver      : Resolving eureka endpoints via configuration
2026-08-29T20:39:31.212+05:30  INFO 35712 --- [bmp-auth-service] [rap-executor-%d] c.n.d.s.r.aws.ConfigClusterResolver      : Resolving eureka endpoints via configuration
2026-08-29T20:40:13.408+05:30  WARN 35712 --- [bmp-auth-service] [   scheduling-1] com.zaxxer.hikari.pool.PoolBase          : HikariPool-1 - Failed to validate connection org.postgresql.jdbc.PgConnection@5893f165 (This connection has been closed.). Possibly consider using a shorter maxLifetime value.
2026-08-29T20:49:18.643+05:30  INFO 35712 --- [bmp-auth-service] [15-3295244fe1f6] org.apache.kafka.clients.NetworkClient   : [Consumer clientId=consumer-anonymous.b4c32535-8def-4801-8a15-3295244fe1f6-2, groupId=anonymous.b4c32535-8def-4801-8a15-3295244fe1f6] Node 1 disconnected.
2026-08-29T20:49:18.650+05:30  INFO 35712 --- [bmp-auth-service] [15-3295244fe1f6] org.apache.kafka.clients.NetworkClient   : [Consumer clientId=consumer-anonymous.b4c32535-8def-4801-8a15-3295244fe1f6-2, groupId=anonymous.b4c32535-8def-4801-8a15-3295244fe1f6] Cancelled in-flight FETCH request with correlation id 61502 due to node 1 being disconnected (elapsed time since creation: 551117ms, elapsed time since send: 551117ms, throttle time: 0ms, request timeout: 30000ms)
2026-08-29T20:49:18.651+05:30  INFO 35712 --- [bmp-auth-service] [15-3295244fe1f6] org.apache.kafka.clients.NetworkClient   : [Consumer clientId=consumer-anonymous.b4c32535-8def-4801-8a15-3295244fe1f6-2, groupId=anonymous.b4c32535-8def-4801-8a15-3295244fe1f6] Cancelled in-flight METADATA request with correlation id 61507 due to node 1 being disconnected (elapsed time since creation: 1063ms, elapsed time since send: 1063ms, throttle time: 0ms, request timeout: 30000ms)
2026-08-29T20:49:18.654+05:30  INFO 35712 --- [bmp-auth-service] [15-3295244fe1f6] org.apache.kafka.clients.NetworkClient   : [Consumer clientId=consumer-anonymous.b4c32535-8def-4801-8a15-3295244fe1f6-2, groupId=anonymous.b4c32535-8def-4801-8a15-3295244fe1f6] Disconnecting from node 2147483646 due to request timeout.
2026-08-29T20:49:18.660+05:30  INFO 35712 --- [bmp-auth-service] [15-3295244fe1f6] org.apache.kafka.clients.NetworkClient   : [Consumer clientId=consumer-anonymous.b4c32535-8def-4801-8a15-3295244fe1f6-2, groupId=anonymous.b4c32535-8def-4801-8a15-3295244fe1f6] Cancelled in-flight HEARTBEAT request with correlation id 61503 due to node 2147483646 being disconnected (elapsed time since creation: 550125ms, elapsed time since send: 550125ms, throttle time: 0ms, request timeout: 30000ms)
2026-08-29T20:49:18.660+05:30  INFO 35712 --- [bmp-auth-service] [15-3295244fe1f6] org.apache.kafka.clients.NetworkClient   : [Consumer clientId=consumer-anonymous.b4c32535-8def-4801-8a15-3295244fe1f6-2, groupId=anonymous.b4c32535-8def-4801-8a15-3295244fe1f6] Cancelled in-flight HEARTBEAT request with correlation id 61504 due to node 2147483646 being disconnected (elapsed time since creation: 547110ms, elapsed time since send: 547110ms, throttle time: 0ms, request timeout: 30000ms)
2026-08-29T20:49:18.660+05:30  INFO 35712 --- [bmp-auth-service] [15-3295244fe1f6] org.apache.kafka.clients.NetworkClient   : [Consumer clientId=consumer-anonymous.b4c32535-8def-4801-8a15-3295244fe1f6-2, groupId=anonymous.b4c32535-8def-4801-8a15-3295244fe1f6] Cancelled in-flight HEARTBEAT request with correlation id 61505 due to node 2147483646 being disconnected (elapsed time since creation: 544108ms, elapsed time since send: 544108ms, throttle time: 0ms, request timeout: 30000ms)
2026-08-29T20:49:18.661+05:30  INFO 35712 --- [bmp-auth-service] [15-3295244fe1f6] org.apache.kafka.clients.NetworkClient   : [Consumer clientId=consumer-anonymous.b4c32535-8def-4801-8a15-3295244fe1f6-2, groupId=anonymous.b4c32535-8def-4801-8a15-3295244fe1f6] Cancelled in-flight HEARTBEAT request with correlation id 61506 due to node 2147483646 being disconnected (elapsed time since creation: 541107ms, elapsed time since send: 541107ms, throttle time: 0ms, request timeout: 30000ms)
2026-08-29T20:49:18.663+05:30  INFO 35712 --- [bmp-auth-service] [15-3295244fe1f6] o.a.kafka.clients.FetchSessionHandler    : [Consumer clientId=consumer-anonymous.b4c32535-8def-4801-8a15-3295244fe1f6-2, groupId=anonymous.b4c32535-8def-4801-8a15-3295244fe1f6] Error sending fetch request (sessionId=1733946372, epoch=4395) to node 1:

org.apache.kafka.common.errors.DisconnectException: null

2026-08-29T20:49:18.691+05:30  INFO 35712 --- [bmp-auth-service] [15-3295244fe1f6] o.a.k.c.c.internals.ConsumerCoordinator  : [Consumer clientId=consumer-anonymous.b4c32535-8def-4801-8a15-3295244fe1f6-2, groupId=anonymous.b4c32535-8def-4801-8a15-3295244fe1f6] Group coordinator localhost:9092 (id: 2147483646 rack: null) is unavailable or invalid due to cause: null. isDisconnected: true. Rediscovery will be attempted.
2026-08-29T20:49:19.905+05:30  INFO 35712 --- [bmp-auth-service] [container-0-C-1] o.a.k.c.c.internals.ConsumerCoordinator  : [Consumer clientId=consumer-anonymous.b4c32535-8def-4801-8a15-3295244fe1f6-2, groupId=anonymous.b4c32535-8def-4801-8a15-3295244fe1f6] Discovered group coordinator localhost:9092 (id: 2147483646 rack: null)
2026-08-29T20:49:20.992+05:30  WARN 35712 --- [bmp-auth-service] [l-1 housekeeper] com.zaxxer.hikari.pool.HikariPool        : HikariPool-1 - Thread starvation or clock leap detected (housekeeper delta=9m27s575ms428µs900ns).
2026-08-29T20:49:36.817+05:30  INFO 35712 --- [bmp-auth-service] [vice-producer-1] org.apache.kafka.clients.NetworkClient   : [Producer clientId=bmp-auth-service-producer-1] Node 1 disconnected.
2026-08-29T20:49:59.043+05:30  INFO 35712 --- [bmp-auth-service] [pool-2-thread-1] org.apache.kafka.clients.NetworkClient   : [Consumer clientId=consumer-anonymous.b4c32535-8def-4801-8a15-3295244fe1f6-3, groupId=anonymous.b4c32535-8def-4801-8a15-3295244fe1f6] Node 2147483646 disconnected.
2026-08-29T20:49:59.045+05:30  INFO 35712 --- [bmp-auth-service] [pool-2-thread-1] o.a.k.c.c.internals.ConsumerCoordinator  : [Consumer clientId=consumer-anonymous.b4c32535-8def-4801-8a15-3295244fe1f6-3, groupId=anonymous.b4c32535-8def-4801-8a15-3295244fe1f6] Group coordinator localhost:9092 (id: 2147483646 rack: null) is unavailable or invalid due to cause: coordinator unavailable. isDisconnected: true. Rediscovery will be attempted.
2026-08-29T20:49:59.047+05:30  INFO 35712 --- [bmp-auth-service] [pool-2-thread-1] o.a.k.c.c.internals.ConsumerCoordinator  : [Consumer clientId=consumer-anonymous.b4c32535-8def-4801-8a15-3295244fe1f6-3, groupId=anonymous.b4c32535-8def-4801-8a15-3295244fe1f6] Discovered group coordinator localhost:9092 (id: 2147483646 rack: null)
2026-08-29T20:49:59.047+05:30  INFO 35712 --- [bmp-auth-service] [pool-2-thread-1] o.a.k.c.c.internals.ConsumerCoordinator  : [Consumer clientId=consumer-anonymous.b4c32535-8def-4801-8a15-3295244fe1f6-3, groupId=anonymous.b4c32535-8def-4801-8a15-3295244fe1f6] Group coordinator localhost:9092 (id: 2147483646 rack: null) is unavailable or invalid due to cause: coordinator unavailable. isDisconnected: false. Rediscovery will be attempted.
2026-08-29T20:49:59.047+05:30  INFO 35712 --- [bmp-auth-service] [pool-2-thread-1] o.a.k.c.c.internals.ConsumerCoordinator  : [Consumer clientId=consumer-anonymous.b4c32535-8def-4801-8a15-3295244fe1f6-3, groupId=anonymous.b4c32535-8def-4801-8a15-3295244fe1f6] Requesting disconnect from last known coordinator localhost:9092 (id: 2147483646 rack: null)
2026-08-29T20:49:59.137+05:30  INFO 35712 --- [bmp-auth-service] [pool-2-thread-1] o.a.k.c.c.internals.ConsumerCoordinator  : [Consumer clientId=consumer-anonymous.b4c32535-8def-4801-8a15-3295244fe1f6-3, groupId=anonymous.b4c32535-8def-4801-8a15-3295244fe1f6] Discovered group coordinator localhost:9092 (id: 2147483646 rack: null)
2026-08-29T20:53:28.638+05:30  INFO 35712 --- [bmp-auth-service] [rap-executor-%d] c.n.d.s.r.aws.ConfigClusterResolver      : Resolving eureka endpoints via configuration
2026-08-29T20:58:28.647+05:30  INFO 35712 --- [bmp-auth-service] [rap-executor-%d] c.n.d.s.r.aws.ConfigClusterResolver      : Resolving eureka endpoints via configuration
2026-08-29T21:00:53.773+05:30  WARN 35712 --- [bmp-auth-service] [   scheduling-1] com.zaxxer.hikari.pool.PoolBase          : HikariPool-1 - Failed to validate connection org.postgresql.jdbc.PgConnection@30feedfb (This connection has been closed.). Possibly consider using a shorter maxLifetime value.
2026-08-29T21:23:25.763+05:30  WARN 35712 --- [bmp-auth-service] [   scheduling-1] com.zaxxer.hikari.pool.PoolBase          : HikariPool-1 - Failed to validate connection org.postgresql.jdbc.PgConnection@331e1e24 (This connection has been closed.). Possibly consider using a shorter maxLifetime value.
2026-08-29T21:23:26.573+05:30  INFO 35712 --- [bmp-auth-service] [15-3295244fe1f6] org.apache.kafka.clients.NetworkClient   : [Consumer clientId=consumer-anonymous.b4c32535-8def-4801-8a15-3295244fe1f6-2, groupId=anonymous.b4c32535-8def-4801-8a15-3295244fe1f6] Node 1 disconnected.
2026-08-29T21:23:26.575+05:30  INFO 35712 --- [bmp-auth-service] [15-3295244fe1f6] org.apache.kafka.clients.NetworkClient   : [Consumer clientId=consumer-anonymous.b4c32535-8def-4801-8a15-3295244fe1f6-2, groupId=anonymous.b4c32535-8def-4801-8a15-3295244fe1f6] Cancelled in-flight FETCH request with correlation id 63104 due to node 1 being disconnected (elapsed time since creation: 1359762ms, elapsed time since send: 1359762ms, throttle time: 0ms, request timeout: 30000ms)
2026-08-29T21:23:26.575+05:30  INFO 35712 --- [bmp-auth-service] [15-3295244fe1f6] org.apache.kafka.clients.NetworkClient   : [Consumer clientId=consumer-anonymous.b4c32535-8def-4801-8a15-3295244fe1f6-2, groupId=anonymous.b4c32535-8def-4801-8a15-3295244fe1f6] Cancelled in-flight METADATA request with correlation id 63109 due to node 1 being disconnected (elapsed time since creation: 1042ms, elapsed time since send: 1042ms, throttle time: 0ms, request timeout: 30000ms)
2026-08-29T21:23:26.576+05:30  INFO 35712 --- [bmp-auth-service] [15-3295244fe1f6] org.apache.kafka.clients.NetworkClient   : [Consumer clientId=consumer-anonymous.b4c32535-8def-4801-8a15-3295244fe1f6-2, groupId=anonymous.b4c32535-8def-4801-8a15-3295244fe1f6] Disconnecting from node 2147483646 due to request timeout.
2026-08-29T21:23:26.578+05:30  INFO 35712 --- [bmp-auth-service] [pool-2-thread-1] org.apache.kafka.clients.NetworkClient   : [Consumer clientId=consumer-anonymous.b4c32535-8def-4801-8a15-3295244fe1f6-3, groupId=anonymous.b4c32535-8def-4801-8a15-3295244fe1f6] Node 2147483646 disconnected.
2026-08-29T21:23:28.083+05:30  INFO 35712 --- [bmp-auth-service] [15-3295244fe1f6] org.apache.kafka.clients.NetworkClient   : [Consumer clientId=consumer-anonymous.b4c32535-8def-4801-8a15-3295244fe1f6-2, groupId=anonymous.b4c32535-8def-4801-8a15-3295244fe1f6] Cancelled in-flight HEARTBEAT request with correlation id 63105 due to node 2147483646 being disconnected (elapsed time since creation: 1357797ms, elapsed time since send: 1357797ms, throttle time: 0ms, request timeout: 30000ms)
2026-08-29T21:23:28.083+05:30  INFO 35712 --- [bmp-auth-service] [15-3295244fe1f6] org.apache.kafka.clients.NetworkClient   : [Consumer clientId=consumer-anonymous.b4c32535-8def-4801-8a15-3295244fe1f6-2, groupId=anonymous.b4c32535-8def-4801-8a15-3295244fe1f6] Cancelled in-flight HEARTBEAT request with correlation id 63106 due to node 2147483646 being disconnected (elapsed time since creation: 1354784ms, elapsed time since send: 1354784ms, throttle time: 0ms, request timeout: 30000ms)
2026-08-29T21:23:28.084+05:30  INFO 35712 --- [bmp-auth-service] [15-3295244fe1f6] org.apache.kafka.clients.NetworkClient   : [Consumer clientId=consumer-anonymous.b4c32535-8def-4801-8a15-3295244fe1f6-2, groupId=anonymous.b4c32535-8def-4801-8a15-3295244fe1f6] Cancelled in-flight HEARTBEAT request with correlation id 63107 due to node 2147483646 being disconnected (elapsed time since creation: 1351784ms, elapsed time since send: 1351784ms, throttle time: 0ms, request timeout: 30000ms)
2026-08-29T21:23:28.085+05:30  INFO 35712 --- [bmp-auth-service] [15-3295244fe1f6] org.apache.kafka.clients.NetworkClient   : [Consumer clientId=consumer-anonymous.b4c32535-8def-4801-8a15-3295244fe1f6-2, groupId=anonymous.b4c32535-8def-4801-8a15-3295244fe1f6] Cancelled in-flight HEARTBEAT request with correlation id 63108 due to node 2147483646 being disconnected (elapsed time since creation: 1348782ms, elapsed time since send: 1348782ms, throttle time: 0ms, request timeout: 30000ms)
2026-08-29T21:23:28.166+05:30  INFO 35712 --- [bmp-auth-service] [15-3295244fe1f6] o.a.kafka.clients.FetchSessionHandler    : [Consumer clientId=consumer-anonymous.b4c32535-8def-4801-8a15-3295244fe1f6-2, groupId=anonymous.b4c32535-8def-4801-8a15-3295244fe1f6] Error sending fetch request (sessionId=1261508292, epoch=1357) to node 1:

org.apache.kafka.common.errors.DisconnectException: null

2026-08-29T21:23:28.692+05:30  INFO 35712 --- [bmp-auth-service] [15-3295244fe1f6] o.a.k.c.c.internals.ConsumerCoordinator  : [Consumer clientId=consumer-anonymous.b4c32535-8def-4801-8a15-3295244fe1f6-2, groupId=anonymous.b4c32535-8def-4801-8a15-3295244fe1f6] Group coordinator localhost:9092 (id: 2147483646 rack: null) is unavailable or invalid due to cause: null. isDisconnected: true. Rediscovery will be attempted.
2026-08-29T21:23:30.822+05:30  INFO 35712 --- [bmp-auth-service] [container-0-C-1] o.a.k.c.c.internals.ConsumerCoordinator  : [Consumer clientId=consumer-anonymous.b4c32535-8def-4801-8a15-3295244fe1f6-2, groupId=anonymous.b4c32535-8def-4801-8a15-3295244fe1f6] Discovered group coordinator localhost:9092 (id: 2147483646 rack: null)
2026-08-29T21:23:31.651+05:30  WARN 35712 --- [bmp-auth-service] [   scheduling-1] o.h.engine.jdbc.spi.SqlExceptionHelper   : SQL Error: 0, SQLState: 08001
2026-08-29T21:23:31.657+05:30 ERROR 35712 --- [bmp-auth-service] [   scheduling-1] o.h.engine.jdbc.spi.SqlExceptionHelper   : HikariPool-1 - Connection is not available, request timed out after 1359519ms (total=0, active=0, idle=0, waiting=0)
2026-08-29T21:23:31.657+05:30 ERROR 35712 --- [bmp-auth-service] [   scheduling-1] o.h.engine.jdbc.spi.SqlExceptionHelper   : The connection attempt failed.
2026-08-29T21:23:32.006+05:30 ERROR 35712 --- [bmp-auth-service] [   scheduling-1] o.s.s.s.TaskUtils$LoggingErrorHandler    : Unexpected error occurred in scheduled task

org.springframework.transaction.CannotCreateTransactionException: Could not open JPA EntityManager for transaction
	at org.springframework.orm.jpa.JpaTransactionManager.doBegin(JpaTransactionManager.java:466) ~[spring-orm-6.2.1.jar:6.2.1]
	at org.springframework.transaction.support.AbstractPlatformTransactionManager.startTransaction(AbstractPlatformTransactionManager.java:532) ~[spring-tx-6.2.1.jar:6.2.1]
	at org.springframework.transaction.support.AbstractPlatformTransactionManager.getTransaction(AbstractPlatformTransactionManager.java:405) ~[spring-tx-6.2.1.jar:6.2.1]
	at org.springframework.transaction.interceptor.TransactionAspectSupport.createTransactionIfNecessary(TransactionAspectSupport.java:639) ~[spring-tx-6.2.1.jar:6.2.1]
	at org.springframework.transaction.interceptor.TransactionAspectSupport.invokeWithinTransaction(TransactionAspectSupport.java:374) ~[spring-tx-6.2.1.jar:6.2.1]
	at org.springframework.transaction.interceptor.TransactionInterceptor.invoke(TransactionInterceptor.java:119) ~[spring-tx-6.2.1.jar:6.2.1]
	at org.springframework.aop.framework.ReflectiveMethodInvocation.proceed(ReflectiveMethodInvocation.java:184) ~[spring-aop-6.2.1.jar:6.2.1]
	at org.springframework.aop.framework.CglibAopProxy$DynamicAdvisedInterceptor.intercept(CglibAopProxy.java:727) ~[spring-aop-6.2.1.jar:6.2.1]
	at com.bmp.common.kafka.OutboxKafkaRelay$$SpringCGLIB$$0.relay(<generated>) ~[bmp-common-0.1.0-SNAPSHOT.jar:0.1.0-SNAPSHOT]
	at java.base/jdk.internal.reflect.DirectMethodHandleAccessor.invoke(DirectMethodHandleAccessor.java:103) ~[na:na]
	at java.base/java.lang.reflect.Method.invoke(Method.java:580) ~[na:na]
	at org.springframework.scheduling.support.ScheduledMethodRunnable.runInternal(ScheduledMethodRunnable.java:130) ~[spring-context-6.2.1.jar:6.2.1]
	at org.springframework.scheduling.support.ScheduledMethodRunnable.lambda$run$2(ScheduledMethodRunnable.java:124) ~[spring-context-6.2.1.jar:6.2.1]
	at io.micrometer.observation.Observation.observe(Observation.java:498) ~[micrometer-observation-1.14.2.jar:1.14.2]
	at org.springframework.scheduling.support.ScheduledMethodRunnable.run(ScheduledMethodRunnable.java:124) ~[spring-context-6.2.1.jar:6.2.1]
	at org.springframework.scheduling.config.Task$OutcomeTrackingRunnable.run(Task.java:85) ~[spring-context-6.2.1.jar:6.2.1]
	at org.springframework.scheduling.support.DelegatingErrorHandlingRunnable.run(DelegatingErrorHandlingRunnable.java:54) ~[spring-context-6.2.1.jar:6.2.1]
	at java.base/java.util.concurrent.Executors$RunnableAdapter.call(Executors.java:572) ~[na:na]
	at java.base/java.util.concurrent.FutureTask.runAndReset(FutureTask.java:358) ~[na:na]
	at java.base/java.util.concurrent.ScheduledThreadPoolExecutor$ScheduledFutureTask.run(ScheduledThreadPoolExecutor.java:305) ~[na:na]
	at java.base/java.util.concurrent.ThreadPoolExecutor.runWorker(ThreadPoolExecutor.java:1144) ~[na:na]
	at java.base/java.util.concurrent.ThreadPoolExecutor$Worker.run(ThreadPoolExecutor.java:642) ~[na:na]
	at java.base/java.lang.Thread.run(Thread.java:1583) ~[na:na]
Caused by: org.hibernate.exception.JDBCConnectionException: Unable to acquire JDBC Connection [HikariPool-1 - Connection is not available, request timed out after 1359519ms (total=0, active=0, idle=0, waiting=0)] [n/a]
	at org.hibernate.exception.internal.SQLExceptionTypeDelegate.convert(SQLExceptionTypeDelegate.java:51) ~[hibernate-core-6.6.4.Final.jar:6.6.4.Final]
	at org.hibernate.exception.internal.StandardSQLExceptionConverter.convert(StandardSQLExceptionConverter.java:58) ~[hibernate-core-6.6.4.Final.jar:6.6.4.Final]
	at org.hibernate.engine.jdbc.spi.SqlExceptionHelper.convert(SqlExceptionHelper.java:108) ~[hibernate-core-6.6.4.Final.jar:6.6.4.Final]
	at org.hibernate.engine.jdbc.spi.SqlExceptionHelper.convert(SqlExceptionHelper.java:94) ~[hibernate-core-6.6.4.Final.jar:6.6.4.Final]
	at org.hibernate.resource.jdbc.internal.LogicalConnectionManagedImpl.acquireConnectionIfNeeded(LogicalConnectionManagedImpl.java:129) ~[hibernate-core-6.6.4.Final.jar:6.6.4.Final]
	at org.hibernate.resource.jdbc.internal.LogicalConnectionManagedImpl.getPhysicalConnection(LogicalConnectionManagedImpl.java:156) ~[hibernate-core-6.6.4.Final.jar:6.6.4.Final]
	at org.hibernate.resource.jdbc.internal.LogicalConnectionManagedImpl.getConnectionForTransactionManagement(LogicalConnectionManagedImpl.java:286) ~[hibernate-core-6.6.4.Final.jar:6.6.4.Final]
	at org.hibernate.resource.jdbc.internal.LogicalConnectionManagedImpl.begin(LogicalConnectionManagedImpl.java:294) ~[hibernate-core-6.6.4.Final.jar:6.6.4.Final]
	at org.hibernate.resource.transaction.backend.jdbc.internal.JdbcResourceLocalTransactionCoordinatorImpl$TransactionDriverControlImpl.begin(JdbcResourceLocalTransactionCoordinatorImpl.java:232) ~[hibernate-core-6.6.4.Final.jar:6.6.4.Final]
	at org.hibernate.engine.transaction.internal.TransactionImpl.begin(TransactionImpl.java:83) ~[hibernate-core-6.6.4.Final.jar:6.6.4.Final]
	at org.springframework.orm.jpa.vendor.HibernateJpaDialect.beginTransaction(HibernateJpaDialect.java:176) ~[spring-orm-6.2.1.jar:6.2.1]
	at org.springframework.orm.jpa.JpaTransactionManager.doBegin(JpaTransactionManager.java:420) ~[spring-orm-6.2.1.jar:6.2.1]
	... 22 common frames omitted
Caused by: java.sql.SQLTransientConnectionException: HikariPool-1 - Connection is not available, request timed out after 1359519ms (total=0, active=0, idle=0, waiting=0)
	at com.zaxxer.hikari.pool.HikariPool.createTimeoutException(HikariPool.java:686) ~[HikariCP-5.1.0.jar:na]
	at com.zaxxer.hikari.pool.HikariPool.getConnection(HikariPool.java:179) ~[HikariCP-5.1.0.jar:na]
	at com.zaxxer.hikari.pool.HikariPool.getConnection(HikariPool.java:144) ~[HikariCP-5.1.0.jar:na]
	at com.zaxxer.hikari.HikariDataSource.getConnection(HikariDataSource.java:127) ~[HikariCP-5.1.0.jar:na]
	at org.hibernate.engine.jdbc.connections.internal.DatasourceConnectionProviderImpl.getConnection(DatasourceConnectionProviderImpl.java:126) ~[hibernate-core-6.6.4.Final.jar:6.6.4.Final]
	at org.hibernate.internal.NonContextualJdbcConnectionAccess.obtainConnection(NonContextualJdbcConnectionAccess.java:46) ~[hibernate-core-6.6.4.Final.jar:6.6.4.Final]
	at org.hibernate.resource.jdbc.internal.LogicalConnectionManagedImpl.acquireConnectionIfNeeded(LogicalConnectionManagedImpl.java:126) ~[hibernate-core-6.6.4.Final.jar:6.6.4.Final]
	... 29 common frames omitted
Caused by: org.postgresql.util.PSQLException: The connection attempt failed.
	at org.postgresql.core.v3.ConnectionFactoryImpl.openConnectionImpl(ConnectionFactoryImpl.java:364) ~[postgresql-42.7.4.jar:42.7.4]
	at org.postgresql.core.ConnectionFactory.openConnection(ConnectionFactory.java:54) ~[postgresql-42.7.4.jar:42.7.4]
	at org.postgresql.jdbc.PgConnection.<init>(PgConnection.java:273) ~[postgresql-42.7.4.jar:42.7.4]
	at org.postgresql.Driver.makeConnection(Driver.java:446) ~[postgresql-42.7.4.jar:42.7.4]
	at org.postgresql.Driver.connect(Driver.java:298) ~[postgresql-42.7.4.jar:42.7.4]
	at com.zaxxer.hikari.util.DriverDataSource.getConnection(DriverDataSource.java:137) ~[HikariCP-5.1.0.jar:na]
	at com.zaxxer.hikari.pool.PoolBase.newConnection(PoolBase.java:360) ~[HikariCP-5.1.0.jar:na]
	at com.zaxxer.hikari.pool.PoolBase.newPoolEntry(PoolBase.java:202) ~[HikariCP-5.1.0.jar:na]
	at com.zaxxer.hikari.pool.HikariPool.createPoolEntry(HikariPool.java:461) ~[HikariCP-5.1.0.jar:na]
	at com.zaxxer.hikari.pool.HikariPool$PoolEntryCreator.call(HikariPool.java:724) ~[HikariCP-5.1.0.jar:na]
	at com.zaxxer.hikari.pool.HikariPool$PoolEntryCreator.call(HikariPool.java:703) ~[HikariCP-5.1.0.jar:na]
	at java.base/java.util.concurrent.FutureTask.run(FutureTask.java:317) ~[na:na]
	... 3 common frames omitted
Caused by: java.net.SocketTimeoutException: Read timed out
	at java.base/sun.nio.ch.NioSocketImpl.timedRead(NioSocketImpl.java:278) ~[na:na]
	at java.base/sun.nio.ch.NioSocketImpl.implRead(NioSocketImpl.java:304) ~[na:na]
	at java.base/sun.nio.ch.NioSocketImpl.read(NioSocketImpl.java:346) ~[na:na]
	at java.base/sun.nio.ch.NioSocketImpl$1.read(NioSocketImpl.java:796) ~[na:na]
	at java.base/java.net.Socket$SocketInputStream.read(Socket.java:1099) ~[na:na]
	at org.postgresql.core.VisibleBufferedInputStream.readMore(VisibleBufferedInputStream.java:192) ~[postgresql-42.7.4.jar:42.7.4]
	at org.postgresql.core.VisibleBufferedInputStream.ensureBytes(VisibleBufferedInputStream.java:159) ~[postgresql-42.7.4.jar:42.7.4]
	at org.postgresql.core.VisibleBufferedInputStream.ensureBytes(VisibleBufferedInputStream.java:144) ~[postgresql-42.7.4.jar:42.7.4]
	at org.postgresql.core.VisibleBufferedInputStream.read(VisibleBufferedInputStream.java:76) ~[postgresql-42.7.4.jar:42.7.4]
	at org.postgresql.core.PGStream.receiveChar(PGStream.java:476) ~[postgresql-42.7.4.jar:42.7.4]
	at org.postgresql.core.v3.ConnectionFactoryImpl.enableSSL(ConnectionFactoryImpl.java:607) ~[postgresql-42.7.4.jar:42.7.4]
	at org.postgresql.core.v3.ConnectionFactoryImpl.tryConnect(ConnectionFactoryImpl.java:201) ~[postgresql-42.7.4.jar:42.7.4]
	at org.postgresql.core.v3.ConnectionFactoryImpl.openConnectionImpl(ConnectionFactoryImpl.java:268) ~[postgresql-42.7.4.jar:42.7.4]
	... 14 common frames omitted

2026-08-29T21:23:33.956+05:30  INFO 35712 --- [bmp-auth-service] [vice-producer-1] org.apache.kafka.clients.NetworkClient   : [Producer clientId=bmp-auth-service-producer-1] Node 1 disconnected.
2026-08-29T21:23:48.189+05:30  WARN 35712 --- [bmp-auth-service] [l-1 housekeeper] com.zaxxer.hikari.pool.HikariPool        : HikariPool-1 - Thread starvation or clock leap detected (housekeeper delta=22m57s113ms779µs).
2026-08-29T21:25:55.618+05:30  INFO 35712 --- [bmp-auth-service] [rap-executor-%d] c.n.d.s.r.aws.ConfigClusterResolver      : Resolving eureka endpoints via configuration
2026-08-29T21:30:55.625+05:30  INFO 35712 --- [bmp-auth-service] [rap-executor-%d] c.n.d.s.r.aws.ConfigClusterResolver      : Resolving eureka endpoints via configuration
2026-08-29T21:35:55.635+05:30  INFO 35712 --- [bmp-auth-service] [rap-executor-%d] c.n.d.s.r.aws.ConfigClusterResolver      : Resolving eureka endpoints via configuration
2026-08-29T21:40:55.644+05:30  INFO 35712 --- [bmp-auth-service] [rap-executor-%d] c.n.d.s.r.aws.ConfigClusterResolver      : Resolving eureka endpoints via configuration
2026-08-29T21:45:55.658+05:30  INFO 35712 --- [bmp-auth-service] [rap-executor-%d] c.n.d.s.r.aws.ConfigClusterResolver      : Resolving eureka endpoints via configuration
2026-08-29T21:50:55.658+05:30  INFO 35712 --- [bmp-auth-service] [rap-executor-%d] c.n.d.s.r.aws.ConfigClusterResolver      : Resolving eureka endpoints via configuration
2026-08-29T21:55:55.663+05:30  INFO 35712 --- [bmp-auth-service] [rap-executor-%d] c.n.d.s.r.aws.ConfigClusterResolver      : Resolving eureka endpoints via configuration
2026-08-29T22:00:55.672+05:30  INFO 35712 --- [bmp-auth-service] [rap-executor-%d] c.n.d.s.r.aws.ConfigClusterResolver      : Resolving eureka endpoints via configuration
2026-08-29T22:05:55.678+05:30  INFO 35712 --- [bmp-auth-service] [rap-executor-%d] c.n.d.s.r.aws.ConfigClusterResolver      : Resolving eureka endpoints via configuration
2026-08-29T22:10:55.700+05:30  INFO 35712 --- [bmp-auth-service] [rap-executor-%d] c.n.d.s.r.aws.ConfigClusterResolver      : Resolving eureka endpoints via configuration
2026-08-29T22:15:55.709+05:30  INFO 35712 --- [bmp-auth-service] [rap-executor-%d] c.n.d.s.r.aws.ConfigClusterResolver      : Resolving eureka endpoints via configuration
2026-08-29T22:20:55.722+05:30  INFO 35712 --- [bmp-auth-service] [rap-executor-%d] c.n.d.s.r.aws.ConfigClusterResolver      : Resolving eureka endpoints via configuration
2026-08-29T22:25:55.732+05:30  INFO 35712 --- [bmp-auth-service] [rap-executor-%d] c.n.d.s.r.aws.ConfigClusterResolver      : Resolving eureka endpoints via configuration
2026-08-29T22:30:55.735+05:30  INFO 35712 --- [bmp-auth-service] [rap-executor-%d] c.n.d.s.r.aws.ConfigClusterResolver      : Resolving eureka endpoints via configuration
2026-08-29T22:35:55.746+05:30  INFO 35712 --- [bmp-auth-service] [rap-executor-%d] c.n.d.s.r.aws.ConfigClusterResolver      : Resolving eureka endpoints via configuration
2026-08-29T22:40:55.760+05:30  INFO 35712 --- [bmp-auth-service] [rap-executor-%d] c.n.d.s.r.aws.ConfigClusterResolver      : Resolving eureka endpoints via configuration
2026-08-29T22:45:55.767+05:30  INFO 35712 --- [bmp-auth-service] [rap-executor-%d] c.n.d.s.r.aws.ConfigClusterResolver      : Resolving eureka endpoints via configuration
2026-08-29T22:50:55.780+05:30  INFO 35712 --- [bmp-auth-service] [rap-executor-%d] c.n.d.s.r.aws.ConfigClusterResolver      : Resolving eureka endpoints via configuration
2026-08-29T22:55:55.794+05:30  INFO 35712 --- [bmp-auth-service] [rap-executor-%d] c.n.d.s.r.aws.ConfigClusterResolver      : Resolving eureka endpoints via configuration
2026-08-29T23:00:55.802+05:30  INFO 35712 --- [bmp-auth-service] [rap-executor-%d] c.n.d.s.r.aws.ConfigClusterResolver      : Resolving eureka endpoints via configuration
2026-08-29T23:05:55.811+05:30  INFO 35712 --- [bmp-auth-service] [rap-executor-%d] c.n.d.s.r.aws.ConfigClusterResolver      : Resolving eureka endpoints via configuration
2026-08-29T23:10:55.817+05:30  INFO 35712 --- [bmp-auth-service] [rap-executor-%d] c.n.d.s.r.aws.ConfigClusterResolver      : Resolving eureka endpoints via configuration
2026-08-29T23:15:55.830+05:30  INFO 35712 --- [bmp-auth-service] [rap-executor-%d] c.n.d.s.r.aws.ConfigClusterResolver      : Resolving eureka endpoints via configuration
2026-08-29T23:20:55.846+05:30  INFO 35712 --- [bmp-auth-service] [rap-executor-%d] c.n.d.s.r.aws.ConfigClusterResolver      : Resolving eureka endpoints via configuration
2026-08-29T23:25:55.861+05:30  INFO 35712 --- [bmp-auth-service] [rap-executor-%d] c.n.d.s.r.aws.ConfigClusterResolver      : Resolving eureka endpoints via configuration
2026-08-29T23:30:55.869+05:30  INFO 35712 --- [bmp-auth-service] [rap-executor-%d] c.n.d.s.r.aws.ConfigClusterResolver      : Resolving eureka endpoints via configuration
2026-08-29T23:35:55.875+05:30  INFO 35712 --- [bmp-auth-service] [rap-executor-%d] c.n.d.s.r.aws.ConfigClusterResolver      : Resolving eureka endpoints via configuration
2026-08-29T23:40:55.888+05:30  INFO 35712 --- [bmp-auth-service] [rap-executor-%d] c.n.d.s.r.aws.ConfigClusterResolver      : Resolving eureka endpoints via configuration
2026-08-29T23:45:55.890+05:30  INFO 35712 --- [bmp-auth-service] [rap-executor-%d] c.n.d.s.r.aws.ConfigClusterResolver      : Resolving eureka endpoints via configuration
2026-08-30T00:04:37.661+05:30  INFO 35712 --- [bmp-auth-service] [15-3295244fe1f6] o.a.k.c.c.internals.ConsumerCoordinator  : [Consumer clientId=consumer-anonymous.b4c32535-8def-4801-8a15-3295244fe1f6-2, groupId=anonymous.b4c32535-8def-4801-8a15-3295244fe1f6] Group coordinator localhost:9092 (id: 2147483646 rack: null) is unavailable or invalid due to cause: session timed out without receiving a heartbeat response. isDisconnected: false. Rediscovery will be attempted.
2026-08-30T00:04:37.662+05:30  INFO 35712 --- [bmp-auth-service] [15-3295244fe1f6] o.a.k.c.c.internals.ConsumerCoordinator  : [Consumer clientId=consumer-anonymous.b4c32535-8def-4801-8a15-3295244fe1f6-2, groupId=anonymous.b4c32535-8def-4801-8a15-3295244fe1f6] Requesting disconnect from last known coordinator localhost:9092 (id: 2147483646 rack: null)
2026-08-30T00:04:37.666+05:30  INFO 35712 --- [bmp-auth-service] [15-3295244fe1f6] org.apache.kafka.clients.NetworkClient   : [Consumer clientId=consumer-anonymous.b4c32535-8def-4801-8a15-3295244fe1f6-2, groupId=anonymous.b4c32535-8def-4801-8a15-3295244fe1f6] Client requested disconnect from node 2147483646
2026-08-30T00:04:37.675+05:30  INFO 35712 --- [bmp-auth-service] [15-3295244fe1f6] org.apache.kafka.clients.NetworkClient   : [Consumer clientId=consumer-anonymous.b4c32535-8def-4801-8a15-3295244fe1f6-2, groupId=anonymous.b4c32535-8def-4801-8a15-3295244fe1f6] Cancelled in-flight HEARTBEAT request with correlation id 83578 due to node 2147483646 being disconnected (elapsed time since creation: 824798ms, elapsed time since send: 824798ms, throttle time: 0ms, request timeout: 30000ms)
2026-08-30T00:04:37.843+05:30  INFO 35712 --- [bmp-auth-service] [container-0-C-1] org.apache.kafka.clients.NetworkClient   : [Consumer clientId=consumer-anonymous.b4c32535-8def-4801-8a15-3295244fe1f6-2, groupId=anonymous.b4c32535-8def-4801-8a15-3295244fe1f6] Node 1 disconnected.
2026-08-30T00:04:38.066+05:30  INFO 35712 --- [bmp-auth-service] [container-0-C-1] org.apache.kafka.clients.NetworkClient   : [Consumer clientId=consumer-anonymous.b4c32535-8def-4801-8a15-3295244fe1f6-2, groupId=anonymous.b4c32535-8def-4801-8a15-3295244fe1f6] Cancelled in-flight FETCH request with correlation id 83577 due to node 1 being disconnected (elapsed time since creation: 826832ms, elapsed time since send: 826832ms, throttle time: 0ms, request timeout: 30000ms)
2026-08-30T00:04:38.067+05:30  INFO 35712 --- [bmp-auth-service] [container-0-C-1] org.apache.kafka.clients.NetworkClient   : [Consumer clientId=consumer-anonymous.b4c32535-8def-4801-8a15-3295244fe1f6-2, groupId=anonymous.b4c32535-8def-4801-8a15-3295244fe1f6] Cancelled in-flight FIND_COORDINATOR request with correlation id 83579 due to node 1 being disconnected (elapsed time since creation: 159ms, elapsed time since send: 824968ms, throttle time: 0ms, request timeout: 30000ms)
2026-08-30T00:04:38.071+05:30  INFO 35712 --- [bmp-auth-service] [container-0-C-1] o.a.kafka.clients.FetchSessionHandler    : [Consumer clientId=consumer-anonymous.b4c32535-8def-4801-8a15-3295244fe1f6-2, groupId=anonymous.b4c32535-8def-4801-8a15-3295244fe1f6] Error sending fetch request (sessionId=1436987831, epoch=17464) to node 1:

org.apache.kafka.common.errors.DisconnectException: null

2026-08-30T00:04:38.420+05:30  INFO 35712 --- [bmp-auth-service] [rap-executor-%d] c.n.d.s.r.aws.ConfigClusterResolver      : Resolving eureka endpoints via configuration
2026-08-30T00:04:40.660+05:30  INFO 35712 --- [bmp-auth-service] [container-0-C-1] o.a.k.c.c.internals.ConsumerCoordinator  : [Consumer clientId=consumer-anonymous.b4c32535-8def-4801-8a15-3295244fe1f6-2, groupId=anonymous.b4c32535-8def-4801-8a15-3295244fe1f6] Discovered group coordinator localhost:9092 (id: 2147483646 rack: null)
2026-08-30T00:04:47.151+05:30  INFO 35712 --- [bmp-auth-service] [vice-producer-1] org.apache.kafka.clients.NetworkClient   : [Producer clientId=bmp-auth-service-producer-1] Node 1 disconnected.
2026-08-30T00:05:03.180+05:30  WARN 35712 --- [bmp-auth-service] [l-1 housekeeper] com.zaxxer.hikari.pool.HikariPool        : HikariPool-1 - Thread starvation or clock leap detected (housekeeper delta=14m13s694ms722µs800ns).
2026-08-30T00:05:13.499+05:30  INFO 35712 --- [bmp-auth-service] [pool-2-thread-1] org.apache.kafka.clients.NetworkClient   : [Consumer clientId=consumer-anonymous.b4c32535-8def-4801-8a15-3295244fe1f6-3, groupId=anonymous.b4c32535-8def-4801-8a15-3295244fe1f6] Node 2147483646 disconnected.
2026-08-30T00:05:13.523+05:30  INFO 35712 --- [bmp-auth-service] [pool-2-thread-1] o.a.k.c.c.internals.ConsumerCoordinator  : [Consumer clientId=consumer-anonymous.b4c32535-8def-4801-8a15-3295244fe1f6-3, groupId=anonymous.b4c32535-8def-4801-8a15-3295244fe1f6] Group coordinator localhost:9092 (id: 2147483646 rack: null) is unavailable or invalid due to cause: coordinator unavailable. isDisconnected: true. Rediscovery will be attempted.
2026-08-30T00:05:13.546+05:30  INFO 35712 --- [bmp-auth-service] [pool-2-thread-1] o.a.k.c.c.internals.ConsumerCoordinator  : [Consumer clientId=consumer-anonymous.b4c32535-8def-4801-8a15-3295244fe1f6-3, groupId=anonymous.b4c32535-8def-4801-8a15-3295244fe1f6] Discovered group coordinator localhost:9092 (id: 2147483646 rack: null)
2026-08-30T00:05:13.546+05:30  INFO 35712 --- [bmp-auth-service] [pool-2-thread-1] o.a.k.c.c.internals.ConsumerCoordinator  : [Consumer clientId=consumer-anonymous.b4c32535-8def-4801-8a15-3295244fe1f6-3, groupId=anonymous.b4c32535-8def-4801-8a15-3295244fe1f6] Group coordinator localhost:9092 (id: 2147483646 rack: null) is unavailable or invalid due to cause: coordinator unavailable. isDisconnected: false. Rediscovery will be attempted.
2026-08-30T00:05:13.546+05:30  INFO 35712 --- [bmp-auth-service] [pool-2-thread-1] o.a.k.c.c.internals.ConsumerCoordinator  : [Consumer clientId=consumer-anonymous.b4c32535-8def-4801-8a15-3295244fe1f6-3, groupId=anonymous.b4c32535-8def-4801-8a15-3295244fe1f6] Requesting disconnect from last known coordinator localhost:9092 (id: 2147483646 rack: null)
2026-08-30T00:05:13.675+05:30  INFO 35712 --- [bmp-auth-service] [pool-2-thread-1] o.a.k.c.c.internals.ConsumerCoordinator  : [Consumer clientId=consumer-anonymous.b4c32535-8def-4801-8a15-3295244fe1f6-3, groupId=anonymous.b4c32535-8def-4801-8a15-3295244fe1f6] Discovered group coordinator localhost:9092 (id: 2147483646 rack: null)
2026-08-30T00:09:38.437+05:30  INFO 35712 --- [bmp-auth-service] [rap-executor-%d] c.n.d.s.r.aws.ConfigClusterResolver      : Resolving eureka endpoints via configuration
2026-08-30T00:14:38.446+05:30  INFO 35712 --- [bmp-auth-service] [rap-executor-%d] c.n.d.s.r.aws.ConfigClusterResolver      : Resolving eureka endpoints via configuration
2026-08-30T00:19:38.450+05:30  INFO 35712 --- [bmp-auth-service] [rap-executor-%d] c.n.d.s.r.aws.ConfigClusterResolver      : Resolving eureka endpoints via configuration
2026-08-30T00:22:58.404+05:30  WARN 35712 --- [bmp-auth-service] [l-1 housekeeper] com.zaxxer.hikari.pool.HikariPool        : HikariPool-1 - Thread starvation or clock leap detected (housekeeper delta=54s995ms173µs400ns).
2026-08-30T00:25:03.313+05:30  INFO 35712 --- [bmp-auth-service] [rap-executor-%d] c.n.d.s.r.aws.ConfigClusterResolver      : Resolving eureka endpoints via configuration
2026-08-30T00:30:03.321+05:30  INFO 35712 --- [bmp-auth-service] [rap-executor-%d] c.n.d.s.r.aws.ConfigClusterResolver      : Resolving eureka endpoints via configuration
2026-08-30T00:35:03.335+05:30  INFO 35712 --- [bmp-auth-service] [rap-executor-%d] c.n.d.s.r.aws.ConfigClusterResolver      : Resolving eureka endpoints via configuration
2026-08-30T00:40:35.633+05:30  INFO 35712 --- [bmp-auth-service] [15-3295244fe1f6] org.apache.kafka.clients.NetworkClient   : [Consumer clientId=consumer-anonymous.b4c32535-8def-4801-8a15-3295244fe1f6-2, groupId=anonymous.b4c32535-8def-4801-8a15-3295244fe1f6] Disconnecting from node 1 due to request timeout.
2026-08-30T00:40:35.635+05:30  INFO 35712 --- [bmp-auth-service] [15-3295244fe1f6] org.apache.kafka.clients.NetworkClient   : [Consumer clientId=consumer-anonymous.b4c32535-8def-4801-8a15-3295244fe1f6-2, groupId=anonymous.b4c32535-8def-4801-8a15-3295244fe1f6] Cancelled in-flight FETCH request with correlation id 88216 due to node 1 being disconnected (elapsed time since creation: 127107ms, elapsed time since send: 127107ms, throttle time: 0ms, request timeout: 30000ms)
2026-08-30T00:40:35.636+05:30  INFO 35712 --- [bmp-auth-service] [15-3295244fe1f6] org.apache.kafka.clients.NetworkClient   : [Consumer clientId=consumer-anonymous.b4c32535-8def-4801-8a15-3295244fe1f6-2, groupId=anonymous.b4c32535-8def-4801-8a15-3295244fe1f6] Cancelled in-flight METADATA request with correlation id 88218 due to node 1 being disconnected (elapsed time since creation: 1084ms, elapsed time since send: 1084ms, throttle time: 0ms, request timeout: 30000ms)
2026-08-30T00:40:35.637+05:30  INFO 35712 --- [bmp-auth-service] [15-3295244fe1f6] org.apache.kafka.clients.NetworkClient   : [Consumer clientId=consumer-anonymous.b4c32535-8def-4801-8a15-3295244fe1f6-2, groupId=anonymous.b4c32535-8def-4801-8a15-3295244fe1f6] Disconnecting from node 2147483646 due to request timeout.
2026-08-30T00:40:35.655+05:30  INFO 35712 --- [bmp-auth-service] [15-3295244fe1f6] org.apache.kafka.clients.NetworkClient   : [Consumer clientId=consumer-anonymous.b4c32535-8def-4801-8a15-3295244fe1f6-2, groupId=anonymous.b4c32535-8def-4801-8a15-3295244fe1f6] Cancelled in-flight HEARTBEAT request with correlation id 88217 due to node 2147483646 being disconnected (elapsed time since creation: 125502ms, elapsed time since send: 125502ms, throttle time: 0ms, request timeout: 30000ms)
2026-08-30T00:40:35.655+05:30  INFO 35712 --- [bmp-auth-service] [15-3295244fe1f6] o.a.kafka.clients.FetchSessionHandler    : [Consumer clientId=consumer-anonymous.b4c32535-8def-4801-8a15-3295244fe1f6-2, groupId=anonymous.b4c32535-8def-4801-8a15-3295244fe1f6] Error sending fetch request (sessionId=547259612, epoch=3952) to node 1:

org.apache.kafka.common.errors.DisconnectException: null

2026-08-30T00:40:35.671+05:30  INFO 35712 --- [bmp-auth-service] [15-3295244fe1f6] o.a.k.c.c.internals.ConsumerCoordinator  : [Consumer clientId=consumer-anonymous.b4c32535-8def-4801-8a15-3295244fe1f6-2, groupId=anonymous.b4c32535-8def-4801-8a15-3295244fe1f6] Group coordinator localhost:9092 (id: 2147483646 rack: null) is unavailable or invalid due to cause: null. isDisconnected: true. Rediscovery will be attempted.
2026-08-30T00:40:37.309+05:30  INFO 35712 --- [bmp-auth-service] [container-0-C-1] o.a.k.c.c.internals.ConsumerCoordinator  : [Consumer clientId=consumer-anonymous.b4c32535-8def-4801-8a15-3295244fe1f6-2, groupId=anonymous.b4c32535-8def-4801-8a15-3295244fe1f6] Discovered group coordinator localhost:9092 (id: 2147483646 rack: null)
2026-08-30T00:41:02.428+05:30  WARN 35712 --- [bmp-auth-service] [l-1 housekeeper] com.zaxxer.hikari.pool.HikariPool        : HikariPool-1 - Thread starvation or clock leap detected (housekeeper delta=2m33s892ms705µs201ns).
2026-08-30T00:42:07.106+05:30  INFO 35712 --- [bmp-auth-service] [rap-executor-%d] c.n.d.s.r.aws.ConfigClusterResolver      : Resolving eureka endpoints via configuration
2026-08-30T00:47:07.113+05:30  INFO 35712 --- [bmp-auth-service] [rap-executor-%d] c.n.d.s.r.aws.ConfigClusterResolver      : Resolving eureka endpoints via configuration
2026-08-30T00:52:07.130+05:30  INFO 35712 --- [bmp-auth-service] [rap-executor-%d] c.n.d.s.r.aws.ConfigClusterResolver      : Resolving eureka endpoints via configuration
2026-08-30T00:57:07.143+05:30  INFO 35712 --- [bmp-auth-service] [rap-executor-%d] c.n.d.s.r.aws.ConfigClusterResolver      : Resolving eureka endpoints via configuration
2026-08-30T01:02:07.156+05:30  INFO 35712 --- [bmp-auth-service] [rap-executor-%d] c.n.d.s.r.aws.ConfigClusterResolver      : Resolving eureka endpoints via configuration
2026-08-30T01:07:07.162+05:30  INFO 35712 --- [bmp-auth-service] [rap-executor-%d] c.n.d.s.r.aws.ConfigClusterResolver      : Resolving eureka endpoints via configuration
2026-08-30T01:12:07.167+05:30  INFO 35712 --- [bmp-auth-service] [rap-executor-%d] c.n.d.s.r.aws.ConfigClusterResolver      : Resolving eureka endpoints via configuration
2026-08-30T04:15:49.200+05:30  INFO 35712 --- [bmp-auth-service] [container-0-C-1] org.apache.kafka.clients.NetworkClient   : [Consumer clientId=consumer-anonymous.b4c32535-8def-4801-8a15-3295244fe1f6-2, groupId=anonymous.b4c32535-8def-4801-8a15-3295244fe1f6] Node 1 disconnected.
2026-08-30T04:15:49.287+05:30  INFO 35712 --- [bmp-auth-service] [container-0-C-1] org.apache.kafka.clients.NetworkClient   : [Consumer clientId=consumer-anonymous.b4c32535-8def-4801-8a15-3295244fe1f6-2, groupId=anonymous.b4c32535-8def-4801-8a15-3295244fe1f6] Cancelled in-flight FETCH request with correlation id 93071 due to node 1 being disconnected (elapsed time since creation: 10802828ms, elapsed time since send: 10802828ms, throttle time: 0ms, request timeout: 30000ms)
2026-08-30T04:15:49.391+05:30  INFO 35712 --- [bmp-auth-service] [container-0-C-1] org.apache.kafka.clients.NetworkClient   : [Consumer clientId=consumer-anonymous.b4c32535-8def-4801-8a15-3295244fe1f6-2, groupId=anonymous.b4c32535-8def-4801-8a15-3295244fe1f6] Disconnecting from node 2147483646 due to request timeout.
2026-08-30T04:15:49.392+05:30  INFO 35712 --- [bmp-auth-service] [container-0-C-1] org.apache.kafka.clients.NetworkClient   : [Consumer clientId=consumer-anonymous.b4c32535-8def-4801-8a15-3295244fe1f6-2, groupId=anonymous.b4c32535-8def-4801-8a15-3295244fe1f6] Cancelled in-flight HEARTBEAT request with correlation id 93072 due to node 2147483646 being disconnected (elapsed time since creation: 10802183ms, elapsed time since send: 10802183ms, throttle time: 0ms, request timeout: 30000ms)
2026-08-30T04:15:49.396+05:30  INFO 35712 --- [bmp-auth-service] [15-3295244fe1f6] o.a.k.c.c.internals.ConsumerCoordinator  : [Consumer clientId=consumer-anonymous.b4c32535-8def-4801-8a15-3295244fe1f6-2, groupId=anonymous.b4c32535-8def-4801-8a15-3295244fe1f6] Group coordinator localhost:9092 (id: 2147483646 rack: null) is unavailable or invalid due to cause: null. isDisconnected: true. Rediscovery will be attempted.
2026-08-30T04:15:49.474+05:30  INFO 35712 --- [bmp-auth-service] [container-0-C-1] o.a.kafka.clients.FetchSessionHandler    : [Consumer clientId=consumer-anonymous.b4c32535-8def-4801-8a15-3295244fe1f6-2, groupId=anonymous.b4c32535-8def-4801-8a15-3295244fe1f6] Error sending fetch request (sessionId=273717824, epoch=4131) to node 1:

org.apache.kafka.common.errors.DisconnectException: null

2026-08-30T04:15:50.357+05:30  INFO 35712 --- [bmp-auth-service] [vice-producer-1] org.apache.kafka.clients.NetworkClient   : [Producer clientId=bmp-auth-service-producer-1] Node 1 disconnected.
2026-08-30T04:15:51.452+05:30  INFO 35712 --- [bmp-auth-service] [container-0-C-1] o.a.k.c.c.internals.ConsumerCoordinator  : [Consumer clientId=consumer-anonymous.b4c32535-8def-4801-8a15-3295244fe1f6-2, groupId=anonymous.b4c32535-8def-4801-8a15-3295244fe1f6] Discovered group coordinator localhost:9092 (id: 2147483646 rack: null)
2026-08-30T04:15:51.659+05:30  INFO 35712 --- [bmp-auth-service] [container-0-C-1] o.a.k.c.c.internals.ConsumerCoordinator  : [Consumer clientId=consumer-anonymous.b4c32535-8def-4801-8a15-3295244fe1f6-2, groupId=anonymous.b4c32535-8def-4801-8a15-3295244fe1f6] Discovered group coordinator localhost:9092 (id: 2147483646 rack: null)
2026-08-30T04:16:01.947+05:30  WARN 35712 --- [bmp-auth-service] [l-1 housekeeper] com.zaxxer.hikari.pool.HikariPool        : HikariPool-1 - Thread starvation or clock leap detected (housekeeper delta=3h29s91ms620µs900ns).
2026-08-30T11:51:22.263+05:30  INFO 35712 --- [bmp-auth-service] [container-0-C-1] org.apache.kafka.clients.NetworkClient   : [Consumer clientId=consumer-anonymous.b4c32535-8def-4801-8a15-3295244fe1f6-2, groupId=anonymous.b4c32535-8def-4801-8a15-3295244fe1f6] Node 2147483646 disconnected.
2026-08-30T11:51:22.799+05:30  INFO 35712 --- [bmp-auth-service] [container-0-C-1] org.apache.kafka.clients.NetworkClient   : [Consumer clientId=consumer-anonymous.b4c32535-8def-4801-8a15-3295244fe1f6-2, groupId=anonymous.b4c32535-8def-4801-8a15-3295244fe1f6] Disconnecting from node 1 due to request timeout.
2026-08-30T11:51:22.805+05:30  INFO 35712 --- [bmp-auth-service] [container-0-C-1] org.apache.kafka.clients.NetworkClient   : [Consumer clientId=consumer-anonymous.b4c32535-8def-4801-8a15-3295244fe1f6-2, groupId=anonymous.b4c32535-8def-4801-8a15-3295244fe1f6] Cancelled in-flight FETCH request with correlation id 93098 due to node 1 being disconnected (elapsed time since creation: 27321286ms, elapsed time since send: 27321286ms, throttle time: 0ms, request timeout: 30000ms)
2026-08-30T11:51:22.805+05:30  INFO 35712 --- [bmp-auth-service] [container-0-C-1] o.a.kafka.clients.FetchSessionHandler    : [Consumer clientId=consumer-anonymous.b4c32535-8def-4801-8a15-3295244fe1f6-2, groupId=anonymous.b4c32535-8def-4801-8a15-3295244fe1f6] Error sending fetch request (sessionId=2010823634, epoch=15) to node 1:

org.apache.kafka.common.errors.DisconnectException: null

2026-08-30T11:51:22.847+05:30  INFO 35712 --- [bmp-auth-service] [15-3295244fe1f6] o.a.k.c.c.internals.ConsumerCoordinator  : [Consumer clientId=consumer-anonymous.b4c32535-8def-4801-8a15-3295244fe1f6-2, groupId=anonymous.b4c32535-8def-4801-8a15-3295244fe1f6] Group coordinator localhost:9092 (id: 2147483646 rack: null) is unavailable or invalid due to cause: session timed out without receiving a heartbeat response. isDisconnected: false. Rediscovery will be attempted.
2026-08-30T11:51:22.847+05:30  INFO 35712 --- [bmp-auth-service] [15-3295244fe1f6] o.a.k.c.c.internals.ConsumerCoordinator  : [Consumer clientId=consumer-anonymous.b4c32535-8def-4801-8a15-3295244fe1f6-2, groupId=anonymous.b4c32535-8def-4801-8a15-3295244fe1f6] Requesting disconnect from last known coordinator localhost:9092 (id: 2147483646 rack: null)
2026-08-30T11:51:26.909+05:30  INFO 35712 --- [bmp-auth-service] [container-0-C-1] o.a.k.c.c.internals.ConsumerCoordinator  : [Consumer clientId=consumer-anonymous.b4c32535-8def-4801-8a15-3295244fe1f6-2, groupId=anonymous.b4c32535-8def-4801-8a15-3295244fe1f6] Discovered group coordinator localhost:9092 (id: 2147483646 rack: null)
2026-08-30T11:51:40.014+05:30  INFO 35712 --- [bmp-auth-service] [vice-producer-1] org.apache.kafka.clients.NetworkClient   : [Producer clientId=bmp-auth-service-producer-1] Node 1 disconnected.
2026-08-30T11:51:50.524+05:30  WARN 35712 --- [bmp-auth-service] [l-1 housekeeper] com.zaxxer.hikari.pool.HikariPool        : HikariPool-1 - Thread starvation or clock leap detected (housekeeper delta=7h35m51s209ms353µs400ns).
2026-08-30T11:56:08.724+05:30  INFO 35712 --- [bmp-auth-service] [container-0-C-1] org.apache.kafka.clients.NetworkClient   : [Consumer clientId=consumer-anonymous.b4c32535-8def-4801-8a15-3295244fe1f6-2, groupId=anonymous.b4c32535-8def-4801-8a15-3295244fe1f6] Disconnecting from node 1 due to request timeout.
2026-08-30T11:56:08.724+05:30  INFO 35712 --- [bmp-auth-service] [container-0-C-1] org.apache.kafka.clients.NetworkClient   : [Consumer clientId=consumer-anonymous.b4c32535-8def-4801-8a15-3295244fe1f6-2, groupId=anonymous.b4c32535-8def-4801-8a15-3295244fe1f6] Cancelled in-flight FETCH request with correlation id 93169 due to node 1 being disconnected (elapsed time since creation: 253046ms, elapsed time since send: 253046ms, throttle time: 0ms, request timeout: 30000ms)
2026-08-30T11:56:08.726+05:30  INFO 35712 --- [bmp-auth-service] [15-3295244fe1f6] o.a.kafka.clients.FetchSessionHandler    : [Consumer clientId=consumer-anonymous.b4c32535-8def-4801-8a15-3295244fe1f6-2, groupId=anonymous.b4c32535-8def-4801-8a15-3295244fe1f6] Error sending fetch request (sessionId=474345749, epoch=55) to node 1:

org.apache.kafka.common.errors.DisconnectException: null

2026-08-30T11:56:08.801+05:30  INFO 35712 --- [bmp-auth-service] [15-3295244fe1f6] o.a.k.c.c.internals.ConsumerCoordinator  : [Consumer clientId=consumer-anonymous.b4c32535-8def-4801-8a15-3295244fe1f6-2, groupId=anonymous.b4c32535-8def-4801-8a15-3295244fe1f6] Group coordinator localhost:9092 (id: 2147483646 rack: null) is unavailable or invalid due to cause: session timed out without receiving a heartbeat response. isDisconnected: false. Rediscovery will be attempted.
2026-08-30T11:56:08.827+05:30  INFO 35712 --- [bmp-auth-service] [15-3295244fe1f6] o.a.k.c.c.internals.ConsumerCoordinator  : [Consumer clientId=consumer-anonymous.b4c32535-8def-4801-8a15-3295244fe1f6-2, groupId=anonymous.b4c32535-8def-4801-8a15-3295244fe1f6] Requesting disconnect from last known coordinator localhost:9092 (id: 2147483646 rack: null)
2026-08-30T11:56:08.827+05:30  INFO 35712 --- [bmp-auth-service] [15-3295244fe1f6] org.apache.kafka.clients.NetworkClient   : [Consumer clientId=consumer-anonymous.b4c32535-8def-4801-8a15-3295244fe1f6-2, groupId=anonymous.b4c32535-8def-4801-8a15-3295244fe1f6] Client requested disconnect from node 2147483646
2026-08-30T11:56:09.071+05:30  INFO 35712 --- [bmp-auth-service] [container-0-C-1] o.a.k.c.c.internals.ConsumerCoordinator  : [Consumer clientId=consumer-anonymous.b4c32535-8def-4801-8a15-3295244fe1f6-2, groupId=anonymous.b4c32535-8def-4801-8a15-3295244fe1f6] Discovered group coordinator localhost:9092 (id: 2147483646 rack: null)
2026-08-30T11:56:10.625+05:30  INFO 35712 --- [bmp-auth-service] [pool-2-thread-1] org.apache.kafka.clients.NetworkClient   : [Consumer clientId=consumer-anonymous.b4c32535-8def-4801-8a15-3295244fe1f6-3, groupId=anonymous.b4c32535-8def-4801-8a15-3295244fe1f6] Node 2147483646 disconnected.
2026-08-30T11:56:29.047+05:30  WARN 35712 --- [bmp-auth-service] [l-1 housekeeper] com.zaxxer.hikari.pool.HikariPool        : HikariPool-1 - Thread starvation or clock leap detected (housekeeper delta=4m40s983ms757µs500ns).
2026-08-30T11:56:33.199+05:30  INFO 35712 --- [bmp-auth-service] [rap-executor-%d] c.n.d.s.r.aws.ConfigClusterResolver      : Resolving eureka endpoints via configuration
2026-08-30T12:01:33.213+05:30  INFO 35712 --- [bmp-auth-service] [rap-executor-%d] c.n.d.s.r.aws.ConfigClusterResolver      : Resolving eureka endpoints via configuration
2026-08-30T12:06:33.227+05:30  INFO 35712 --- [bmp-auth-service] [rap-executor-%d] c.n.d.s.r.aws.ConfigClusterResolver      : Resolving eureka endpoints via configuration
2026-08-30T12:11:33.247+05:30  INFO 35712 --- [bmp-auth-service] [rap-executor-%d] c.n.d.s.r.aws.ConfigClusterResolver      : Resolving eureka endpoints via configuration
2026-08-30T12:16:33.275+05:30  INFO 35712 --- [bmp-auth-service] [rap-executor-%d] c.n.d.s.r.aws.ConfigClusterResolver      : Resolving eureka endpoints via configuration
2026-08-30T12:21:33.280+05:30  INFO 35712 --- [bmp-auth-service] [rap-executor-%d] c.n.d.s.r.aws.ConfigClusterResolver      : Resolving eureka endpoints via configuration
2026-08-30T12:26:33.282+05:30  INFO 35712 --- [bmp-auth-service] [rap-executor-%d] c.n.d.s.r.aws.ConfigClusterResolver      : Resolving eureka endpoints via configuration
2026-08-30T12:31:33.283+05:30  INFO 35712 --- [bmp-auth-service] [rap-executor-%d] c.n.d.s.r.aws.ConfigClusterResolver      : Resolving eureka endpoints via configuration
2026-08-30T12:36:33.287+05:30  INFO 35712 --- [bmp-auth-service] [rap-executor-%d] c.n.d.s.r.aws.ConfigClusterResolver      : Resolving eureka endpoints via configuration
2026-08-30T12:41:33.299+05:30  INFO 35712 --- [bmp-auth-service] [rap-executor-%d] c.n.d.s.r.aws.ConfigClusterResolver      : Resolving eureka endpoints via configuration
2026-08-30T12:46:33.303+05:30  INFO 35712 --- [bmp-auth-service] [rap-executor-%d] c.n.d.s.r.aws.ConfigClusterResolver      : Resolving eureka endpoints via configuration
2026-08-30T12:51:33.319+05:30  INFO 35712 --- [bmp-auth-service] [rap-executor-%d] c.n.d.s.r.aws.ConfigClusterResolver      : Resolving eureka endpoints via configuration
2026-08-30T12:56:33.327+05:30  INFO 35712 --- [bmp-auth-service] [rap-executor-%d] c.n.d.s.r.aws.ConfigClusterResolver      : Resolving eureka endpoints via configuration
2026-08-30T13:01:33.337+05:30  INFO 35712 --- [bmp-auth-service] [rap-executor-%d] c.n.d.s.r.aws.ConfigClusterResolver      : Resolving eureka endpoints via configuration
2026-08-30T13:06:33.347+05:30  INFO 35712 --- [bmp-auth-service] [rap-executor-%d] c.n.d.s.r.aws.ConfigClusterResolver      : Resolving eureka endpoints via configuration
2026-08-30T13:11:33.363+05:30  INFO 35712 --- [bmp-auth-service] [rap-executor-%d] c.n.d.s.r.aws.ConfigClusterResolver      : Resolving eureka endpoints via configuration
2026-08-30T13:16:33.381+05:30  INFO 35712 --- [bmp-auth-service] [rap-executor-%d] c.n.d.s.r.aws.ConfigClusterResolver      : Resolving eureka endpoints via configuration
2026-08-30T13:21:33.389+05:30  INFO 35712 --- [bmp-auth-service] [rap-executor-%d] c.n.d.s.r.aws.ConfigClusterResolver      : Resolving eureka endpoints via configuration
2026-08-30T13:26:33.400+05:30  INFO 35712 --- [bmp-auth-service] [rap-executor-%d] c.n.d.s.r.aws.ConfigClusterResolver      : Resolving eureka endpoints via configuration
2026-08-30T13:31:33.411+05:30  INFO 35712 --- [bmp-auth-service] [rap-executor-%d] c.n.d.s.r.aws.ConfigClusterResolver      : Resolving eureka endpoints via configuration
2026-08-30T13:36:33.413+05:30  INFO 35712 --- [bmp-auth-service] [rap-executor-%d] c.n.d.s.r.aws.ConfigClusterResolver      : Resolving eureka endpoints via configuration
2026-08-30T13:41:33.416+05:30  INFO 35712 --- [bmp-auth-service] [rap-executor-%d] c.n.d.s.r.aws.ConfigClusterResolver      : Resolving eureka endpoints via configuration
2026-08-30T13:46:33.424+05:30  INFO 35712 --- [bmp-auth-service] [rap-executor-%d] c.n.d.s.r.aws.ConfigClusterResolver      : Resolving eureka endpoints via configuration
2026-08-30T13:51:33.432+05:30  INFO 35712 --- [bmp-auth-service] [rap-executor-%d] c.n.d.s.r.aws.ConfigClusterResolver      : Resolving eureka endpoints via configuration
2026-08-30T13:56:33.442+05:30  INFO 35712 --- [bmp-auth-service] [rap-executor-%d] c.n.d.s.r.aws.ConfigClusterResolver      : Resolving eureka endpoints via configuration
2026-08-30T14:01:33.449+05:30  INFO 35712 --- [bmp-auth-service] [rap-executor-%d] c.n.d.s.r.aws.ConfigClusterResolver      : Resolving eureka endpoints via configuration
2026-08-30T14:06:33.464+05:30  INFO 35712 --- [bmp-auth-service] [rap-executor-%d] c.n.d.s.r.aws.ConfigClusterResolver      : Resolving eureka endpoints via configuration
2026-08-30T14:11:33.473+05:30  INFO 35712 --- [bmp-auth-service] [rap-executor-%d] c.n.d.s.r.aws.ConfigClusterResolver      : Resolving eureka endpoints via configuration
2026-08-30T14:16:33.484+05:30  INFO 35712 --- [bmp-auth-service] [rap-executor-%d] c.n.d.s.r.aws.ConfigClusterResolver      : Resolving eureka endpoints via configuration
2026-08-30T14:21:33.492+05:30  INFO 35712 --- [bmp-auth-service] [rap-executor-%d] c.n.d.s.r.aws.ConfigClusterResolver      : Resolving eureka endpoints via configuration
2026-08-30T14:26:33.500+05:30  INFO 35712 --- [bmp-auth-service] [rap-executor-%d] c.n.d.s.r.aws.ConfigClusterResolver      : Resolving eureka endpoints via configuration
2026-08-30T14:31:33.515+05:30  INFO 35712 --- [bmp-auth-service] [rap-executor-%d] c.n.d.s.r.aws.ConfigClusterResolver      : Resolving eureka endpoints via configuration
2026-08-30T14:36:33.530+05:30  INFO 35712 --- [bmp-auth-service] [rap-executor-%d] c.n.d.s.r.aws.ConfigClusterResolver      : Resolving eureka endpoints via configuration
2026-08-30T14:41:33.538+05:30  INFO 35712 --- [bmp-auth-service] [rap-executor-%d] c.n.d.s.r.aws.ConfigClusterResolver      : Resolving eureka endpoints via configuration
2026-08-30T17:42:15.888+05:30  INFO 35712 --- [bmp-auth-service] [container-0-C-1] org.apache.kafka.clients.NetworkClient   : [Consumer clientId=consumer-anonymous.b4c32535-8def-4801-8a15-3295244fe1f6-2, groupId=anonymous.b4c32535-8def-4801-8a15-3295244fe1f6] Node 1 disconnected.
2026-08-30T17:42:15.903+05:30  INFO 35712 --- [bmp-auth-service] [container-0-C-1] org.apache.kafka.clients.NetworkClient   : [Consumer clientId=consumer-anonymous.b4c32535-8def-4801-8a15-3295244fe1f6-2, groupId=anonymous.b4c32535-8def-4801-8a15-3295244fe1f6] Cancelled in-flight FETCH request with correlation id 116194 due to node 1 being disconnected (elapsed time since creation: 10803473ms, elapsed time since send: 10803473ms, throttle time: 0ms, request timeout: 30000ms)
2026-08-30T17:42:16.334+05:30  INFO 35712 --- [bmp-auth-service] [container-0-C-1] org.apache.kafka.clients.NetworkClient   : [Consumer clientId=consumer-anonymous.b4c32535-8def-4801-8a15-3295244fe1f6-2, groupId=anonymous.b4c32535-8def-4801-8a15-3295244fe1f6] Disconnecting from node 2147483646 due to request timeout.
2026-08-30T17:42:16.335+05:30  INFO 35712 --- [bmp-auth-service] [container-0-C-1] org.apache.kafka.clients.NetworkClient   : [Consumer clientId=consumer-anonymous.b4c32535-8def-4801-8a15-3295244fe1f6-2, groupId=anonymous.b4c32535-8def-4801-8a15-3295244fe1f6] Cancelled in-flight HEARTBEAT request with correlation id 116195 due to node 2147483646 being disconnected (elapsed time since creation: 10801906ms, elapsed time since send: 10801906ms, throttle time: 0ms, request timeout: 30000ms)
2026-08-30T17:42:16.337+05:30  INFO 35712 --- [bmp-auth-service] [15-3295244fe1f6] o.a.k.c.c.internals.ConsumerCoordinator  : [Consumer clientId=consumer-anonymous.b4c32535-8def-4801-8a15-3295244fe1f6-2, groupId=anonymous.b4c32535-8def-4801-8a15-3295244fe1f6] Group coordinator localhost:9092 (id: 2147483646 rack: null) is unavailable or invalid due to cause: null. isDisconnected: true. Rediscovery will be attempted.
2026-08-30T17:42:16.335+05:30  INFO 35712 --- [bmp-auth-service] [container-0-C-1] o.a.kafka.clients.FetchSessionHandler    : [Consumer clientId=consumer-anonymous.b4c32535-8def-4801-8a15-3295244fe1f6-2, groupId=anonymous.b4c32535-8def-4801-8a15-3295244fe1f6] Error sending fetch request (sessionId=298961596, epoch=19640) to node 1:

org.apache.kafka.common.errors.DisconnectException: null

2026-08-30T17:42:20.302+05:30  INFO 35712 --- [bmp-auth-service] [pool-2-thread-1] org.apache.kafka.clients.NetworkClient   : [Consumer clientId=consumer-anonymous.b4c32535-8def-4801-8a15-3295244fe1f6-3, groupId=anonymous.b4c32535-8def-4801-8a15-3295244fe1f6] Node 2147483646 disconnected.
2026-08-30T17:42:20.302+05:30  INFO 35712 --- [bmp-auth-service] [pool-2-thread-1] org.apache.kafka.clients.NetworkClient   : [Consumer clientId=consumer-anonymous.b4c32535-8def-4801-8a15-3295244fe1f6-3, groupId=anonymous.b4c32535-8def-4801-8a15-3295244fe1f6] Disconnecting from node 1 due to request timeout.
2026-08-30T17:42:20.302+05:30  INFO 35712 --- [bmp-auth-service] [pool-2-thread-1] org.apache.kafka.clients.NetworkClient   : [Consumer clientId=consumer-anonymous.b4c32535-8def-4801-8a15-3295244fe1f6-3, groupId=anonymous.b4c32535-8def-4801-8a15-3295244fe1f6] Cancelled in-flight LIST_OFFSETS request with correlation id 2896 due to node 1 being disconnected (elapsed time since creation: 10805760ms, elapsed time since send: 10805760ms, throttle time: 0ms, request timeout: 30000ms)
2026-08-30T17:42:20.486+05:30  INFO 35712 --- [bmp-auth-service] [container-0-C-1] o.a.k.c.c.internals.ConsumerCoordinator  : [Consumer clientId=consumer-anonymous.b4c32535-8def-4801-8a15-3295244fe1f6-2, groupId=anonymous.b4c32535-8def-4801-8a15-3295244fe1f6] Discovered group coordinator localhost:9092 (id: 2147483646 rack: null)
2026-08-31T00:05:55.830+05:30  INFO 35712 --- [bmp-auth-service] [container-0-C-1] org.apache.kafka.clients.NetworkClient   : [Consumer clientId=consumer-anonymous.b4c32535-8def-4801-8a15-3295244fe1f6-2, groupId=anonymous.b4c32535-8def-4801-8a15-3295244fe1f6] Node 2147483646 disconnected.
2026-08-31T00:05:55.830+05:30  INFO 35712 --- [bmp-auth-service] [container-0-C-1] org.apache.kafka.clients.NetworkClient   : [Consumer clientId=consumer-anonymous.b4c32535-8def-4801-8a15-3295244fe1f6-2, groupId=anonymous.b4c32535-8def-4801-8a15-3295244fe1f6] Disconnecting from node 1 due to request timeout.
2026-08-31T00:05:55.831+05:30  INFO 35712 --- [bmp-auth-service] [container-0-C-1] org.apache.kafka.clients.NetworkClient   : [Consumer clientId=consumer-anonymous.b4c32535-8def-4801-8a15-3295244fe1f6-2, groupId=anonymous.b4c32535-8def-4801-8a15-3295244fe1f6] Cancelled in-flight FETCH request with correlation id 116212 due to node 1 being disconnected (elapsed time since creation: 23010757ms, elapsed time since send: 23010757ms, throttle time: 0ms, request timeout: 30000ms)
2026-08-31T00:05:55.831+05:30  INFO 35712 --- [bmp-auth-service] [container-0-C-1] o.a.kafka.clients.FetchSessionHandler    : [Consumer clientId=consumer-anonymous.b4c32535-8def-4801-8a15-3295244fe1f6-2, groupId=anonymous.b4c32535-8def-4801-8a15-3295244fe1f6] Error sending fetch request (sessionId=1369630221, epoch=9) to node 1:

org.apache.kafka.common.errors.DisconnectException: null

2026-08-31T00:05:56.873+05:30  INFO 35712 --- [bmp-auth-service] [15-3295244fe1f6] o.a.k.c.c.internals.ConsumerCoordinator  : [Consumer clientId=consumer-anonymous.b4c32535-8def-4801-8a15-3295244fe1f6-2, groupId=anonymous.b4c32535-8def-4801-8a15-3295244fe1f6] Group coordinator localhost:9092 (id: 2147483646 rack: null) is unavailable or invalid due to cause: coordinator unavailable. isDisconnected: true. Rediscovery will be attempted.
2026-08-31T00:05:58.678+05:30  INFO 35712 --- [bmp-auth-service] [container-0-C-1] o.a.k.c.c.internals.ConsumerCoordinator  : [Consumer clientId=consumer-anonymous.b4c32535-8def-4801-8a15-3295244fe1f6-2, groupId=anonymous.b4c32535-8def-4801-8a15-3295244fe1f6] Discovered group coordinator localhost:9092 (id: 2147483646 rack: null)
2026-08-31T00:06:01.472+05:30  WARN 35712 --- [bmp-auth-service] [l-1 housekeeper] com.zaxxer.hikari.pool.HikariPool        : HikariPool-1 - Thread starvation or clock leap detected (housekeeper delta=9h24m1s481ms324µs700ns).
2026-08-31T00:06:09.553+05:30  INFO 35712 --- [bmp-auth-service] [vice-producer-1] org.apache.kafka.clients.NetworkClient   : [Producer clientId=bmp-auth-service-producer-1] Node 1 disconnected.
2026-08-31T00:10:02.207+05:30  INFO 35712 --- [bmp-auth-service] [rap-executor-%d] c.n.d.s.r.aws.ConfigClusterResolver      : Resolving eureka endpoints via configuration
2026-08-31T00:15:02.252+05:30  INFO 35712 --- [bmp-auth-service] [rap-executor-%d] c.n.d.s.r.aws.ConfigClusterResolver      : Resolving eureka endpoints via configuration
2026-08-31T00:20:02.260+05:30  INFO 35712 --- [bmp-auth-service] [rap-executor-%d] c.n.d.s.r.aws.ConfigClusterResolver      : Resolving eureka endpoints via configuration
2026-08-31T00:25:02.271+05:30  INFO 35712 --- [bmp-auth-service] [rap-executor-%d] c.n.d.s.r.aws.ConfigClusterResolver      : Resolving eureka endpoints via configuration
2026-08-31T00:30:02.274+05:30  INFO 35712 --- [bmp-auth-service] [rap-executor-%d] c.n.d.s.r.aws.ConfigClusterResolver      : Resolving eureka endpoints via configuration
2026-08-31T00:35:02.282+05:30  INFO 35712 --- [bmp-auth-service] [rap-executor-%d] c.n.d.s.r.aws.ConfigClusterResolver      : Resolving eureka endpoints via configuration
2026-08-31T00:40:02.287+05:30  INFO 35712 --- [bmp-auth-service] [rap-executor-%d] c.n.d.s.r.aws.ConfigClusterResolver      : Resolving eureka endpoints via configuration
2026-08-31T00:45:02.302+05:30  INFO 35712 --- [bmp-auth-service] [rap-executor-%d] c.n.d.s.r.aws.ConfigClusterResolver      : Resolving eureka endpoints via configuration
2026-08-31T00:50:02.321+05:30  INFO 35712 --- [bmp-auth-service] [rap-executor-%d] c.n.d.s.r.aws.ConfigClusterResolver      : Resolving eureka endpoints via configuration
2026-08-31T03:54:51.892+05:30  INFO 35712 --- [bmp-auth-service] [15-3295244fe1f6] org.apache.kafka.clients.NetworkClient   : [Consumer clientId=consumer-anonymous.b4c32535-8def-4801-8a15-3295244fe1f6-2, groupId=anonymous.b4c32535-8def-4801-8a15-3295244fe1f6] Node 2147483646 disconnected.
2026-08-31T03:54:51.997+05:30  INFO 35712 --- [bmp-auth-service] [15-3295244fe1f6] org.apache.kafka.clients.NetworkClient   : [Consumer clientId=consumer-anonymous.b4c32535-8def-4801-8a15-3295244fe1f6-2, groupId=anonymous.b4c32535-8def-4801-8a15-3295244fe1f6] Disconnecting from node 1 due to request timeout.
2026-08-31T03:54:51.998+05:30  INFO 35712 --- [bmp-auth-service] [15-3295244fe1f6] org.apache.kafka.clients.NetworkClient   : [Consumer clientId=consumer-anonymous.b4c32535-8def-4801-8a15-3295244fe1f6-2, groupId=anonymous.b4c32535-8def-4801-8a15-3295244fe1f6] Cancelled in-flight FETCH request with correlation id 122996 due to node 1 being disconnected (elapsed time since creation: 10803079ms, elapsed time since send: 10803079ms, throttle time: 0ms, request timeout: 30000ms)
2026-08-31T03:54:51.999+05:30  INFO 35712 --- [bmp-auth-service] [15-3295244fe1f6] org.apache.kafka.clients.NetworkClient   : [Consumer clientId=consumer-anonymous.b4c32535-8def-4801-8a15-3295244fe1f6-2, groupId=anonymous.b4c32535-8def-4801-8a15-3295244fe1f6] Cancelled in-flight METADATA request with correlation id 122997 due to node 1 being disconnected (elapsed time since creation: 1357ms, elapsed time since send: 1357ms, throttle time: 0ms, request timeout: 30000ms)
2026-08-31T03:54:52.041+05:30  INFO 35712 --- [bmp-auth-service] [15-3295244fe1f6] o.a.kafka.clients.FetchSessionHandler    : [Consumer clientId=consumer-anonymous.b4c32535-8def-4801-8a15-3295244fe1f6-2, groupId=anonymous.b4c32535-8def-4801-8a15-3295244fe1f6] Error sending fetch request (sessionId=1962862096, epoch=5784) to node 1:

org.apache.kafka.common.errors.DisconnectException: null

2026-08-31T03:54:52.294+05:30  INFO 35712 --- [bmp-auth-service] [15-3295244fe1f6] o.a.k.c.c.internals.ConsumerCoordinator  : [Consumer clientId=consumer-anonymous.b4c32535-8def-4801-8a15-3295244fe1f6-2, groupId=anonymous.b4c32535-8def-4801-8a15-3295244fe1f6] Group coordinator localhost:9092 (id: 2147483646 rack: null) is unavailable or invalid due to cause: session timed out without receiving a heartbeat response. isDisconnected: false. Rediscovery will be attempted.
2026-08-31T03:54:52.294+05:30  INFO 35712 --- [bmp-auth-service] [15-3295244fe1f6] o.a.k.c.c.internals.ConsumerCoordinator  : [Consumer clientId=consumer-anonymous.b4c32535-8def-4801-8a15-3295244fe1f6-2, groupId=anonymous.b4c32535-8def-4801-8a15-3295244fe1f6] Requesting disconnect from last known coordinator localhost:9092 (id: 2147483646 rack: null)
2026-08-31T03:54:52.923+05:30  INFO 35712 --- [bmp-auth-service] [pool-2-thread-1] org.apache.kafka.clients.NetworkClient   : [Consumer clientId=consumer-anonymous.b4c32535-8def-4801-8a15-3295244fe1f6-3, groupId=anonymous.b4c32535-8def-4801-8a15-3295244fe1f6] Node 2147483646 disconnected.
2026-08-31T03:54:52.923+05:30  INFO 35712 --- [bmp-auth-service] [pool-2-thread-1] o.a.k.c.c.internals.ConsumerCoordinator  : [Consumer clientId=consumer-anonymous.b4c32535-8def-4801-8a15-3295244fe1f6-3, groupId=anonymous.b4c32535-8def-4801-8a15-3295244fe1f6] Group coordinator localhost:9092 (id: 2147483646 rack: null) is unavailable or invalid due to cause: coordinator unavailable. isDisconnected: true. Rediscovery will be attempted.
2026-08-31T03:54:53.020+05:30  INFO 35712 --- [bmp-auth-service] [container-0-C-1] o.a.k.c.c.internals.ConsumerCoordinator  : [Consumer clientId=consumer-anonymous.b4c32535-8def-4801-8a15-3295244fe1f6-2, groupId=anonymous.b4c32535-8def-4801-8a15-3295244fe1f6] Discovered group coordinator localhost:9092 (id: 2147483646 rack: null)
2026-08-31T03:54:53.067+05:30  INFO 35712 --- [bmp-auth-service] [pool-2-thread-1] o.a.k.c.c.internals.ConsumerCoordinator  : [Consumer clientId=consumer-anonymous.b4c32535-8def-4801-8a15-3295244fe1f6-3, groupId=anonymous.b4c32535-8def-4801-8a15-3295244fe1f6] Discovered group coordinator localhost:9092 (id: 2147483646 rack: null)
2026-08-31T03:54:53.520+05:30  INFO 35712 --- [bmp-auth-service] [container-0-C-1] o.a.k.c.c.internals.ConsumerCoordinator  : [Consumer clientId=consumer-anonymous.b4c32535-8def-4801-8a15-3295244fe1f6-2, groupId=anonymous.b4c32535-8def-4801-8a15-3295244fe1f6] Discovered group coordinator localhost:9092 (id: 2147483646 rack: null)
2026-08-31T10:17:01.843+05:30  INFO 35712 --- [bmp-auth-service] [container-0-C-1] org.apache.kafka.clients.NetworkClient   : [Consumer clientId=consumer-anonymous.b4c32535-8def-4801-8a15-3295244fe1f6-2, groupId=anonymous.b4c32535-8def-4801-8a15-3295244fe1f6] Node 2147483646 disconnected.
2026-08-31T10:17:01.843+05:30  INFO 35712 --- [bmp-auth-service] [container-0-C-1] org.apache.kafka.clients.NetworkClient   : [Consumer clientId=consumer-anonymous.b4c32535-8def-4801-8a15-3295244fe1f6-2, groupId=anonymous.b4c32535-8def-4801-8a15-3295244fe1f6] Disconnecting from node 1 due to request timeout.
2026-08-31T10:17:02.747+05:30  INFO 35712 --- [bmp-auth-service] [container-0-C-1] org.apache.kafka.clients.NetworkClient   : [Consumer clientId=consumer-anonymous.b4c32535-8def-4801-8a15-3295244fe1f6-2, groupId=anonymous.b4c32535-8def-4801-8a15-3295244fe1f6] Cancelled in-flight FETCH request with correlation id 123013 due to node 1 being disconnected (elapsed time since creation: 22924013ms, elapsed time since send: 22924013ms, throttle time: 0ms, request timeout: 30000ms)
2026-08-31T10:17:02.788+05:30  INFO 35712 --- [bmp-auth-service] [15-3295244fe1f6] o.a.k.c.c.internals.ConsumerCoordinator  : [Consumer clientId=consumer-anonymous.b4c32535-8def-4801-8a15-3295244fe1f6-2, groupId=anonymous.b4c32535-8def-4801-8a15-3295244fe1f6] Group coordinator localhost:9092 (id: 2147483646 rack: null) is unavailable or invalid due to cause: session timed out without receiving a heartbeat response. isDisconnected: false. Rediscovery will be attempted.
2026-08-31T10:17:02.788+05:30  INFO 35712 --- [bmp-auth-service] [15-3295244fe1f6] o.a.k.c.c.internals.ConsumerCoordinator  : [Consumer clientId=consumer-anonymous.b4c32535-8def-4801-8a15-3295244fe1f6-2, groupId=anonymous.b4c32535-8def-4801-8a15-3295244fe1f6] Requesting disconnect from last known coordinator localhost:9092 (id: 2147483646 rack: null)
2026-08-31T10:17:02.747+05:30  INFO 35712 --- [bmp-auth-service] [container-0-C-1] o.a.kafka.clients.FetchSessionHandler    : [Consumer clientId=consumer-anonymous.b4c32535-8def-4801-8a15-3295244fe1f6-2, groupId=anonymous.b4c32535-8def-4801-8a15-3295244fe1f6] Error sending fetch request (sessionId=1089067981, epoch=7) to node 1:

org.apache.kafka.common.errors.DisconnectException: null

2026-08-31T10:17:03.776+05:30  INFO 35712 --- [bmp-auth-service] [rap-executor-%d] c.n.d.s.r.aws.ConfigClusterResolver      : Resolving eureka endpoints via configuration
2026-08-31T10:17:04.123+05:30  INFO 35712 --- [bmp-auth-service] [container-0-C-1] o.a.k.c.c.internals.ConsumerCoordinator  : [Consumer clientId=consumer-anonymous.b4c32535-8def-4801-8a15-3295244fe1f6-2, groupId=anonymous.b4c32535-8def-4801-8a15-3295244fe1f6] Discovered group coordinator localhost:9092 (id: 2147483646 rack: null)
2026-08-31T10:17:04.581+05:30  WARN 35712 --- [bmp-auth-service] [l-1 housekeeper] com.zaxxer.hikari.pool.HikariPool        : HikariPool-1 - Thread starvation or clock leap detected (housekeeper delta=9h22m34s302ms571µs200ns).
2026-08-31T10:17:11.433+05:30  INFO 35712 --- [bmp-auth-service] [vice-producer-1] org.apache.kafka.clients.NetworkClient   : [Producer clientId=bmp-auth-service-producer-1] Node 1 disconnected.
2026-08-31T10:17:55.870+05:30  INFO 35712 --- [bmp-auth-service] [pool-2-thread-1] org.apache.kafka.clients.NetworkClient   : [Consumer clientId=consumer-anonymous.b4c32535-8def-4801-8a15-3295244fe1f6-3, groupId=anonymous.b4c32535-8def-4801-8a15-3295244fe1f6] Node 2147483646 disconnected.
2026-08-31T10:22:03.798+05:30  INFO 35712 --- [bmp-auth-service] [rap-executor-%d] c.n.d.s.r.aws.ConfigClusterResolver      : Resolving eureka endpoints via configuration
2026-08-31T10:27:03.864+05:30  INFO 35712 --- [bmp-auth-service] [rap-executor-%d] c.n.d.s.r.aws.ConfigClusterResolver      : Resolving eureka endpoints via configuration
2026-08-31T10:32:03.874+05:30  INFO 35712 --- [bmp-auth-service] [rap-executor-%d] c.n.d.s.r.aws.ConfigClusterResolver      : Resolving eureka endpoints via configuration
2026-08-31T10:37:03.887+05:30  INFO 35712 --- [bmp-auth-service] [rap-executor-%d] c.n.d.s.r.aws.ConfigClusterResolver      : Resolving eureka endpoints via configuration
2026-08-31T10:42:03.902+05:30  INFO 35712 --- [bmp-auth-service] [rap-executor-%d] c.n.d.s.r.aws.ConfigClusterResolver      : Resolving eureka endpoints via configuration
2026-08-31T10:47:03.918+05:30  INFO 35712 --- [bmp-auth-service] [rap-executor-%d] c.n.d.s.r.aws.ConfigClusterResolver      : Resolving eureka endpoints via configuration
2026-08-31T10:52:03.929+05:30  INFO 35712 --- [bmp-auth-service] [rap-executor-%d] c.n.d.s.r.aws.ConfigClusterResolver      : Resolving eureka endpoints via configuration
2026-08-31T10:57:03.935+05:30  INFO 35712 --- [bmp-auth-service] [rap-executor-%d] c.n.d.s.r.aws.ConfigClusterResolver      : Resolving eureka endpoints via configuration
2026-08-31T11:02:03.936+05:30  INFO 35712 --- [bmp-auth-service] [rap-executor-%d] c.n.d.s.r.aws.ConfigClusterResolver      : Resolving eureka endpoints via configuration
2026-08-31T11:07:03.938+05:30  INFO 35712 --- [bmp-auth-service] [rap-executor-%d] c.n.d.s.r.aws.ConfigClusterResolver      : Resolving eureka endpoints via configuration
2026-08-31T11:12:03.943+05:30  INFO 35712 --- [bmp-auth-service] [rap-executor-%d] c.n.d.s.r.aws.ConfigClusterResolver      : Resolving eureka endpoints via configuration
2026-08-31T11:17:04.005+05:30  INFO 35712 --- [bmp-auth-service] [rap-executor-%d] c.n.d.s.r.aws.ConfigClusterResolver      : Resolving eureka endpoints via configuration
2026-08-31T11:22:04.008+05:30  INFO 35712 --- [bmp-auth-service] [rap-executor-%d] c.n.d.s.r.aws.ConfigClusterResolver      : Resolving eureka endpoints via configuration
2026-08-31T11:27:04.012+05:30  INFO 35712 --- [bmp-auth-service] [rap-executor-%d] c.n.d.s.r.aws.ConfigClusterResolver      : Resolving eureka endpoints via configuration
2026-08-31T11:32:04.018+05:30  INFO 35712 --- [bmp-auth-service] [rap-executor-%d] c.n.d.s.r.aws.ConfigClusterResolver      : Resolving eureka endpoints via configuration
2026-08-31T11:37:04.033+05:30  INFO 35712 --- [bmp-auth-service] [rap-executor-%d] c.n.d.s.r.aws.ConfigClusterResolver      : Resolving eureka endpoints via configuration
2026-08-31T11:42:04.055+05:30  INFO 35712 --- [bmp-auth-service] [rap-executor-%d] c.n.d.s.r.aws.ConfigClusterResolver      : Resolving eureka endpoints via configuration
2026-08-31T11:47:04.075+05:30  INFO 35712 --- [bmp-auth-service] [rap-executor-%d] c.n.d.s.r.aws.ConfigClusterResolver      : Resolving eureka endpoints via configuration
2026-08-31T11:52:04.087+05:30  INFO 35712 --- [bmp-auth-service] [rap-executor-%d] c.n.d.s.r.aws.ConfigClusterResolver      : Resolving eureka endpoints via configuration
2026-08-31T11:57:04.113+05:30  INFO 35712 --- [bmp-auth-service] [rap-executor-%d] c.n.d.s.r.aws.ConfigClusterResolver      : Resolving eureka endpoints via configuration
2026-08-31T12:02:04.139+05:30  INFO 35712 --- [bmp-auth-service] [rap-executor-%d] c.n.d.s.r.aws.ConfigClusterResolver      : Resolving eureka endpoints via configuration
2026-08-31T12:07:04.335+05:30  INFO 35712 --- [bmp-auth-service] [rap-executor-%d] c.n.d.s.r.aws.ConfigClusterResolver      : Resolving eureka endpoints via configuration
2026-08-31T12:12:04.364+05:30  INFO 35712 --- [bmp-auth-service] [rap-executor-%d] c.n.d.s.r.aws.ConfigClusterResolver      : Resolving eureka endpoints via configuration
2026-08-31T15:16:01.014+05:30  INFO 35712 --- [bmp-auth-service] [container-0-C-1] org.apache.kafka.clients.NetworkClient   : [Consumer clientId=consumer-anonymous.b4c32535-8def-4801-8a15-3295244fe1f6-2, groupId=anonymous.b4c32535-8def-4801-8a15-3295244fe1f6] Node 1 disconnected.
2026-08-31T15:16:01.094+05:30  INFO 35712 --- [bmp-auth-service] [container-0-C-1] org.apache.kafka.clients.NetworkClient   : [Consumer clientId=consumer-anonymous.b4c32535-8def-4801-8a15-3295244fe1f6-2, groupId=anonymous.b4c32535-8def-4801-8a15-3295244fe1f6] Cancelled in-flight FETCH request with correlation id 139485 due to node 1 being disconnected (elapsed time since creation: 10803720ms, elapsed time since send: 10803720ms, throttle time: 0ms, request timeout: 30000ms)
2026-08-31T15:16:01.175+05:30  INFO 35712 --- [bmp-auth-service] [container-0-C-1] org.apache.kafka.clients.NetworkClient   : [Consumer clientId=consumer-anonymous.b4c32535-8def-4801-8a15-3295244fe1f6-2, groupId=anonymous.b4c32535-8def-4801-8a15-3295244fe1f6] Disconnecting from node 2147483646 due to request timeout.
2026-08-31T15:16:01.175+05:30  INFO 35712 --- [bmp-auth-service] [container-0-C-1] org.apache.kafka.clients.NetworkClient   : [Consumer clientId=consumer-anonymous.b4c32535-8def-4801-8a15-3295244fe1f6-2, groupId=anonymous.b4c32535-8def-4801-8a15-3295244fe1f6] Cancelled in-flight HEARTBEAT request with correlation id 139486 due to node 2147483646 being disconnected (elapsed time since creation: 10803303ms, elapsed time since send: 10803303ms, throttle time: 0ms, request timeout: 30000ms)
2026-08-31T15:16:01.189+05:30  INFO 35712 --- [bmp-auth-service] [15-3295244fe1f6] o.a.k.c.c.internals.ConsumerCoordinator  : [Consumer clientId=consumer-anonymous.b4c32535-8def-4801-8a15-3295244fe1f6-2, groupId=anonymous.b4c32535-8def-4801-8a15-3295244fe1f6] Group coordinator localhost:9092 (id: 2147483646 rack: null) is unavailable or invalid due to cause: null. isDisconnected: true. Rediscovery will be attempted.
2026-08-31T15:16:01.255+05:30  INFO 35712 --- [bmp-auth-service] [pool-2-thread-1] org.apache.kafka.clients.NetworkClient   : [Consumer clientId=consumer-anonymous.b4c32535-8def-4801-8a15-3295244fe1f6-3, groupId=anonymous.b4c32535-8def-4801-8a15-3295244fe1f6] Node 2147483646 disconnected.
2026-08-31T15:16:01.255+05:30  INFO 35712 --- [bmp-auth-service] [pool-2-thread-1] org.apache.kafka.clients.NetworkClient   : [Consumer clientId=consumer-anonymous.b4c32535-8def-4801-8a15-3295244fe1f6-3, groupId=anonymous.b4c32535-8def-4801-8a15-3295244fe1f6] Disconnecting from node 1 due to request timeout.
2026-08-31T15:16:01.255+05:30  INFO 35712 --- [bmp-auth-service] [pool-2-thread-1] org.apache.kafka.clients.NetworkClient   : [Consumer clientId=consumer-anonymous.b4c32535-8def-4801-8a15-3295244fe1f6-3, groupId=anonymous.b4c32535-8def-4801-8a15-3295244fe1f6] Cancelled in-flight LIST_OFFSETS request with correlation id 3474 due to node 1 being disconnected (elapsed time since creation: 10802363ms, elapsed time since send: 10802363ms, throttle time: 0ms, request timeout: 30000ms)
2026-08-31T15:16:01.190+05:30  INFO 35712 --- [bmp-auth-service] [container-0-C-1] o.a.kafka.clients.FetchSessionHandler    : [Consumer clientId=consumer-anonymous.b4c32535-8def-4801-8a15-3295244fe1f6-2, groupId=anonymous.b4c32535-8def-4801-8a15-3295244fe1f6] Error sending fetch request (sessionId=1308330257, epoch=14049) to node 1:

org.apache.kafka.common.errors.DisconnectException: null

2026-08-31T15:16:03.636+05:30  INFO 35712 --- [bmp-auth-service] [container-0-C-1] o.a.k.c.c.internals.ConsumerCoordinator  : [Consumer clientId=consumer-anonymous.b4c32535-8def-4801-8a15-3295244fe1f6-2, groupId=anonymous.b4c32535-8def-4801-8a15-3295244fe1f6] Discovered group coordinator localhost:9092 (id: 2147483646 rack: null)
2026-08-31T15:16:03.683+05:30  INFO 35712 --- [bmp-auth-service] [container-0-C-1] o.a.k.c.c.internals.ConsumerCoordinator  : [Consumer clientId=consumer-anonymous.b4c32535-8def-4801-8a15-3295244fe1f6-2, groupId=anonymous.b4c32535-8def-4801-8a15-3295244fe1f6] Discovered group coordinator localhost:9092 (id: 2147483646 rack: null)
2026-08-31T15:16:03.684+05:30  INFO 35712 --- [bmp-auth-service] [container-0-C-1] o.a.k.c.c.internals.ConsumerCoordinator  : [Consumer clientId=consumer-anonymous.b4c32535-8def-4801-8a15-3295244fe1f6-2, groupId=anonymous.b4c32535-8def-4801-8a15-3295244fe1f6] Discovered group coordinator localhost:9092 (id: 2147483646 rack: null)
2026-08-31T15:16:06.250+05:30  WARN 35712 --- [bmp-auth-service] [l-1 housekeeper] com.zaxxer.hikari.pool.HikariPool        : HikariPool-1 - Thread starvation or clock leap detected (housekeeper delta=3h29s512ms838µs900ns).
2026-08-31T15:16:11.390+05:30  INFO 35712 --- [bmp-auth-service] [vice-producer-1] org.apache.kafka.clients.NetworkClient   : [Producer clientId=bmp-auth-service-producer-1] Node 1 disconnected.
2026-08-31T22:21:31.709+05:30  INFO 35712 --- [bmp-auth-service] [15-3295244fe1f6] org.apache.kafka.clients.NetworkClient   : [Consumer clientId=consumer-anonymous.b4c32535-8def-4801-8a15-3295244fe1f6-2, groupId=anonymous.b4c32535-8def-4801-8a15-3295244fe1f6] Node 1 disconnected.
2026-08-31T22:21:31.710+05:30  INFO 35712 --- [bmp-auth-service] [15-3295244fe1f6] org.apache.kafka.clients.NetworkClient   : [Consumer clientId=consumer-anonymous.b4c32535-8def-4801-8a15-3295244fe1f6-2, groupId=anonymous.b4c32535-8def-4801-8a15-3295244fe1f6] Cancelled in-flight FETCH request with correlation id 139504 due to node 1 being disconnected (elapsed time since creation: 25520498ms, elapsed time since send: 25520498ms, throttle time: 0ms, request timeout: 30000ms)
2026-08-31T22:21:31.710+05:30  INFO 35712 --- [bmp-auth-service] [15-3295244fe1f6] org.apache.kafka.clients.NetworkClient   : [Consumer clientId=consumer-anonymous.b4c32535-8def-4801-8a15-3295244fe1f6-2, groupId=anonymous.b4c32535-8def-4801-8a15-3295244fe1f6] Cancelled in-flight METADATA request with correlation id 139505 due to node 1 being disconnected (elapsed time since creation: 0ms, elapsed time since send: 0ms, throttle time: 0ms, request timeout: 30000ms)
2026-08-31T22:21:31.710+05:30  INFO 35712 --- [bmp-auth-service] [15-3295244fe1f6] o.a.kafka.clients.FetchSessionHandler    : [Consumer clientId=consumer-anonymous.b4c32535-8def-4801-8a15-3295244fe1f6-2, groupId=anonymous.b4c32535-8def-4801-8a15-3295244fe1f6] Error sending fetch request (sessionId=787415741, epoch=7) to node 1:

org.apache.kafka.common.errors.DisconnectException: null

2026-08-31T22:21:31.880+05:30  INFO 35712 --- [bmp-auth-service] [15-3295244fe1f6] o.a.k.c.c.internals.ConsumerCoordinator  : [Consumer clientId=consumer-anonymous.b4c32535-8def-4801-8a15-3295244fe1f6-2, groupId=anonymous.b4c32535-8def-4801-8a15-3295244fe1f6] Group coordinator localhost:9092 (id: 2147483646 rack: null) is unavailable or invalid due to cause: session timed out without receiving a heartbeat response. isDisconnected: false. Rediscovery will be attempted.
2026-08-31T22:21:31.880+05:30  INFO 35712 --- [bmp-auth-service] [15-3295244fe1f6] o.a.k.c.c.internals.ConsumerCoordinator  : [Consumer clientId=consumer-anonymous.b4c32535-8def-4801-8a15-3295244fe1f6-2, groupId=anonymous.b4c32535-8def-4801-8a15-3295244fe1f6] Requesting disconnect from last known coordinator localhost:9092 (id: 2147483646 rack: null)
2026-08-31T22:21:31.882+05:30  INFO 35712 --- [bmp-auth-service] [15-3295244fe1f6] org.apache.kafka.clients.NetworkClient   : [Consumer clientId=consumer-anonymous.b4c32535-8def-4801-8a15-3295244fe1f6-2, groupId=anonymous.b4c32535-8def-4801-8a15-3295244fe1f6] Client requested disconnect from node 2147483646
2026-08-31T22:21:33.667+05:30  INFO 35712 --- [bmp-auth-service] [container-0-C-1] o.a.k.c.c.internals.ConsumerCoordinator  : [Consumer clientId=consumer-anonymous.b4c32535-8def-4801-8a15-3295244fe1f6-2, groupId=anonymous.b4c32535-8def-4801-8a15-3295244fe1f6] Discovered group coordinator localhost:9092 (id: 2147483646 rack: null)
2026-08-31T22:21:55.508+05:30  WARN 35712 --- [bmp-auth-service] [l-1 housekeeper] com.zaxxer.hikari.pool.HikariPool        : HikariPool-1 - Thread starvation or clock leap detected (housekeeper delta=7h5m51s921ms184µs100ns).
2026-08-31T22:22:22.487+05:30  INFO 35712 --- [bmp-auth-service] [rap-executor-%d] c.n.d.s.r.aws.ConfigClusterResolver      : Resolving eureka endpoints via configuration
2026-08-31T22:27:22.499+05:30  INFO 35712 --- [bmp-auth-service] [rap-executor-%d] c.n.d.s.r.aws.ConfigClusterResolver      : Resolving eureka endpoints via configuration
2026-08-31T22:38:18.772+05:30  INFO 35712 --- [bmp-auth-service] [container-0-C-1] org.apache.kafka.clients.NetworkClient   : [Consumer clientId=consumer-anonymous.b4c32535-8def-4801-8a15-3295244fe1f6-2, groupId=anonymous.b4c32535-8def-4801-8a15-3295244fe1f6] Disconnecting from node 1 due to request timeout.
2026-08-31T22:38:18.849+05:30  INFO 35712 --- [bmp-auth-service] [container-0-C-1] org.apache.kafka.clients.NetworkClient   : [Consumer clientId=consumer-anonymous.b4c32535-8def-4801-8a15-3295244fe1f6-2, groupId=anonymous.b4c32535-8def-4801-8a15-3295244fe1f6] Cancelled in-flight FETCH request with correlation id 140917 due to node 1 being disconnected (elapsed time since creation: 392479ms, elapsed time since send: 392479ms, throttle time: 0ms, request timeout: 30000ms)
2026-08-31T22:38:18.853+05:30  INFO 35712 --- [bmp-auth-service] [container-0-C-1] org.apache.kafka.clients.NetworkClient   : [Consumer clientId=consumer-anonymous.b4c32535-8def-4801-8a15-3295244fe1f6-2, groupId=anonymous.b4c32535-8def-4801-8a15-3295244fe1f6] Disconnecting from node 2147483646 due to request timeout.
2026-08-31T22:38:18.853+05:30  INFO 35712 --- [bmp-auth-service] [container-0-C-1] org.apache.kafka.clients.NetworkClient   : [Consumer clientId=consumer-anonymous.b4c32535-8def-4801-8a15-3295244fe1f6-2, groupId=anonymous.b4c32535-8def-4801-8a15-3295244fe1f6] Cancelled in-flight HEARTBEAT request with correlation id 140918 due to node 2147483646 being disconnected (elapsed time since creation: 391285ms, elapsed time since send: 391285ms, throttle time: 0ms, request timeout: 30000ms)
2026-08-31T22:38:18.857+05:30  INFO 35712 --- [bmp-auth-service] [15-3295244fe1f6] o.a.k.c.c.internals.ConsumerCoordinator  : [Consumer clientId=consumer-anonymous.b4c32535-8def-4801-8a15-3295244fe1f6-2, groupId=anonymous.b4c32535-8def-4801-8a15-3295244fe1f6] Group coordinator localhost:9092 (id: 2147483646 rack: null) is unavailable or invalid due to cause: null. isDisconnected: true. Rediscovery will be attempted.
2026-08-31T22:38:18.886+05:30  INFO 35712 --- [bmp-auth-service] [container-0-C-1] o.a.kafka.clients.FetchSessionHandler    : [Consumer clientId=consumer-anonymous.b4c32535-8def-4801-8a15-3295244fe1f6-2, groupId=anonymous.b4c32535-8def-4801-8a15-3295244fe1f6] Error sending fetch request (sessionId=376085909, epoch=1198) to node 1:

org.apache.kafka.common.errors.DisconnectException: null

2026-08-31T22:38:19.717+05:30  INFO 35712 --- [bmp-auth-service] [container-0-C-1] o.a.k.c.c.internals.ConsumerCoordinator  : [Consumer clientId=consumer-anonymous.b4c32535-8def-4801-8a15-3295244fe1f6-2, groupId=anonymous.b4c32535-8def-4801-8a15-3295244fe1f6] Discovered group coordinator localhost:9092 (id: 2147483646 rack: null)
2026-08-31T22:38:19.719+05:30  INFO 35712 --- [bmp-auth-service] [container-0-C-1] o.a.k.c.c.internals.ConsumerCoordinator  : [Consumer clientId=consumer-anonymous.b4c32535-8def-4801-8a15-3295244fe1f6-2, groupId=anonymous.b4c32535-8def-4801-8a15-3295244fe1f6] Discovered group coordinator localhost:9092 (id: 2147483646 rack: null)
2026-08-31T22:38:23.865+05:30  WARN 35712 --- [bmp-auth-service] [l-1 housekeeper] com.zaxxer.hikari.pool.HikariPool        : HikariPool-1 - Thread starvation or clock leap detected (housekeeper delta=6m58s318ms764µs100ns).
2026-08-31T22:38:50.713+05:30  INFO 35712 --- [bmp-auth-service] [rap-executor-%d] c.n.d.s.r.aws.ConfigClusterResolver      : Resolving eureka endpoints via configuration
2026-08-31T22:43:50.723+05:30  INFO 35712 --- [bmp-auth-service] [rap-executor-%d] c.n.d.s.r.aws.ConfigClusterResolver      : Resolving eureka endpoints via configuration
2026-08-31T22:48:50.726+05:30  INFO 35712 --- [bmp-auth-service] [rap-executor-%d] c.n.d.s.r.aws.ConfigClusterResolver      : Resolving eureka endpoints via configuration
2026-08-31T22:53:50.747+05:30  INFO 35712 --- [bmp-auth-service] [rap-executor-%d] c.n.d.s.r.aws.ConfigClusterResolver      : Resolving eureka endpoints via configuration
2026-08-31T22:58:50.785+05:30  INFO 35712 --- [bmp-auth-service] [rap-executor-%d] c.n.d.s.r.aws.ConfigClusterResolver      : Resolving eureka endpoints via configuration
2026-08-31T23:03:50.805+05:30  INFO 35712 --- [bmp-auth-service] [rap-executor-%d] c.n.d.s.r.aws.ConfigClusterResolver      : Resolving eureka endpoints via configuration
2026-08-31T23:08:50.809+05:30  INFO 35712 --- [bmp-auth-service] [rap-executor-%d] c.n.d.s.r.aws.ConfigClusterResolver      : Resolving eureka endpoints via configuration
2026-08-31T23:13:50.820+05:30  INFO 35712 --- [bmp-auth-service] [rap-executor-%d] c.n.d.s.r.aws.ConfigClusterResolver      : Resolving eureka endpoints via configuration
2026-08-31T23:18:50.855+05:30  INFO 35712 --- [bmp-auth-service] [rap-executor-%d] c.n.d.s.r.aws.ConfigClusterResolver      : Resolving eureka endpoints via configuration
2026-08-31T23:23:50.892+05:30  INFO 35712 --- [bmp-auth-service] [rap-executor-%d] c.n.d.s.r.aws.ConfigClusterResolver      : Resolving eureka endpoints via configuration
2026-08-31T23:28:50.897+05:30  INFO 35712 --- [bmp-auth-service] [rap-executor-%d] c.n.d.s.r.aws.ConfigClusterResolver      : Resolving eureka endpoints via configuration
2026-08-31T23:33:50.918+05:30  INFO 35712 --- [bmp-auth-service] [rap-executor-%d] c.n.d.s.r.aws.ConfigClusterResolver      : Resolving eureka endpoints via configuration
2026-08-31T23:38:50.954+05:30  INFO 35712 --- [bmp-auth-service] [rap-executor-%d] c.n.d.s.r.aws.ConfigClusterResolver      : Resolving eureka endpoints via configuration
2026-08-31T23:43:50.955+05:30  INFO 35712 --- [bmp-auth-service] [rap-executor-%d] c.n.d.s.r.aws.ConfigClusterResolver      : Resolving eureka endpoints via configuration
2026-08-31T23:48:50.960+05:30  INFO 35712 --- [bmp-auth-service] [rap-executor-%d] c.n.d.s.r.aws.ConfigClusterResolver      : Resolving eureka endpoints via configuration
2026-08-31T23:55:24.739+05:30  INFO 35712 --- [bmp-auth-service] [15-3295244fe1f6] org.apache.kafka.clients.NetworkClient   : [Consumer clientId=consumer-anonymous.b4c32535-8def-4801-8a15-3295244fe1f6-2, groupId=anonymous.b4c32535-8def-4801-8a15-3295244fe1f6] Disconnecting from node 1 due to request timeout.
2026-08-31T23:55:24.784+05:30  WARN 35712 --- [bmp-auth-service] [l-1 housekeeper] com.zaxxer.hikari.pool.HikariPool        : HikariPool-1 - Thread starvation or clock leap detected (housekeeper delta=5m29s756ms362µs600ns).
2026-08-31T23:55:24.876+05:30  INFO 35712 --- [bmp-auth-service] [15-3295244fe1f6] org.apache.kafka.clients.NetworkClient   : [Consumer clientId=consumer-anonymous.b4c32535-8def-4801-8a15-3295244fe1f6-2, groupId=anonymous.b4c32535-8def-4801-8a15-3295244fe1f6] Cancelled in-flight FETCH request with correlation id 150933 due to node 1 being disconnected (elapsed time since creation: 303413ms, elapsed time since send: 303413ms, throttle time: 0ms, request timeout: 30000ms)
2026-08-31T23:55:24.880+05:30  INFO 35712 --- [bmp-auth-service] [15-3295244fe1f6] org.apache.kafka.clients.NetworkClient   : [Consumer clientId=consumer-anonymous.b4c32535-8def-4801-8a15-3295244fe1f6-2, groupId=anonymous.b4c32535-8def-4801-8a15-3295244fe1f6] Disconnecting from node 2147483646 due to request timeout.
2026-08-31T23:55:24.937+05:30  INFO 35712 --- [bmp-auth-service] [15-3295244fe1f6] org.apache.kafka.clients.NetworkClient   : [Consumer clientId=consumer-anonymous.b4c32535-8def-4801-8a15-3295244fe1f6-2, groupId=anonymous.b4c32535-8def-4801-8a15-3295244fe1f6] Cancelled in-flight HEARTBEAT request with correlation id 150934 due to node 2147483646 being disconnected (elapsed time since creation: 300786ms, elapsed time since send: 300786ms, throttle time: 0ms, request timeout: 30000ms)
2026-08-31T23:55:24.990+05:30  INFO 35712 --- [bmp-auth-service] [15-3295244fe1f6] o.a.kafka.clients.FetchSessionHandler    : [Consumer clientId=consumer-anonymous.b4c32535-8def-4801-8a15-3295244fe1f6-2, groupId=anonymous.b4c32535-8def-4801-8a15-3295244fe1f6] Error sending fetch request (sessionId=2042354380, epoch=8543) to node 1:

org.apache.kafka.common.errors.DisconnectException: null

2026-08-31T23:55:25.308+05:30  INFO 35712 --- [bmp-auth-service] [15-3295244fe1f6] o.a.k.c.c.internals.ConsumerCoordinator  : [Consumer clientId=consumer-anonymous.b4c32535-8def-4801-8a15-3295244fe1f6-2, groupId=anonymous.b4c32535-8def-4801-8a15-3295244fe1f6] Group coordinator localhost:9092 (id: 2147483646 rack: null) is unavailable or invalid due to cause: null. isDisconnected: true. Rediscovery will be attempted.
2026-08-31T23:55:27.563+05:30  INFO 35712 --- [bmp-auth-service] [container-0-C-1] o.a.k.c.c.internals.ConsumerCoordinator  : [Consumer clientId=consumer-anonymous.b4c32535-8def-4801-8a15-3295244fe1f6-2, groupId=anonymous.b4c32535-8def-4801-8a15-3295244fe1f6] Discovered group coordinator localhost:9092 (id: 2147483646 rack: null)
2026-08-31T23:58:50.505+05:30  INFO 35712 --- [bmp-auth-service] [rap-executor-%d] c.n.d.s.r.aws.ConfigClusterResolver      : Resolving eureka endpoints via configuration
2026-09-01T00:03:50.537+05:30  INFO 35712 --- [bmp-auth-service] [rap-executor-%d] c.n.d.s.r.aws.ConfigClusterResolver      : Resolving eureka endpoints via configuration
2026-09-01T00:08:50.578+05:30  INFO 35712 --- [bmp-auth-service] [rap-executor-%d] c.n.d.s.r.aws.ConfigClusterResolver      : Resolving eureka endpoints via configuration
2026-09-01T00:31:41.829+05:30  INFO 35712 --- [bmp-auth-service] [container-0-C-1] org.apache.kafka.clients.NetworkClient   : [Consumer clientId=consumer-anonymous.b4c32535-8def-4801-8a15-3295244fe1f6-2, groupId=anonymous.b4c32535-8def-4801-8a15-3295244fe1f6] Node 2147483646 disconnected.
2026-09-01T00:31:41.726+05:30  WARN 35712 --- [bmp-auth-service] [l-1 housekeeper] com.zaxxer.hikari.pool.HikariPool        : HikariPool-1 - Thread starvation or clock leap detected (housekeeper delta=20m46s267ms182µs).
2026-09-01T00:31:41.990+05:30  INFO 35712 --- [bmp-auth-service] [container-0-C-1] org.apache.kafka.clients.NetworkClient   : [Consumer clientId=consumer-anonymous.b4c32535-8def-4801-8a15-3295244fe1f6-2, groupId=anonymous.b4c32535-8def-4801-8a15-3295244fe1f6] Disconnecting from node 1 due to request timeout.
2026-09-01T00:31:41.993+05:30  INFO 35712 --- [bmp-auth-service] [container-0-C-1] org.apache.kafka.clients.NetworkClient   : [Consumer clientId=consumer-anonymous.b4c32535-8def-4801-8a15-3295244fe1f6-2, groupId=anonymous.b4c32535-8def-4801-8a15-3295244fe1f6] Cancelled in-flight FETCH request with correlation id 153154 due to node 1 being disconnected (elapsed time since creation: 1219396ms, elapsed time since send: 1219396ms, throttle time: 0ms, request timeout: 30000ms)
2026-09-01T00:31:42.059+05:30  INFO 35712 --- [bmp-auth-service] [15-3295244fe1f6] o.a.k.c.c.internals.ConsumerCoordinator  : [Consumer clientId=consumer-anonymous.b4c32535-8def-4801-8a15-3295244fe1f6-2, groupId=anonymous.b4c32535-8def-4801-8a15-3295244fe1f6] Group coordinator localhost:9092 (id: 2147483646 rack: null) is unavailable or invalid due to cause: session timed out without receiving a heartbeat response. isDisconnected: false. Rediscovery will be attempted.
2026-09-01T00:31:42.059+05:30  INFO 35712 --- [bmp-auth-service] [15-3295244fe1f6] o.a.k.c.c.internals.ConsumerCoordinator  : [Consumer clientId=consumer-anonymous.b4c32535-8def-4801-8a15-3295244fe1f6-2, groupId=anonymous.b4c32535-8def-4801-8a15-3295244fe1f6] Requesting disconnect from last known coordinator localhost:9092 (id: 2147483646 rack: null)
2026-09-01T00:31:42.103+05:30  INFO 35712 --- [bmp-auth-service] [container-0-C-1] o.a.kafka.clients.FetchSessionHandler    : [Consumer clientId=consumer-anonymous.b4c32535-8def-4801-8a15-3295244fe1f6-2, groupId=anonymous.b4c32535-8def-4801-8a15-3295244fe1f6] Error sending fetch request (sessionId=215775106, epoch=1889) to node 1:

org.apache.kafka.common.errors.DisconnectException: null

2026-09-01T00:31:43.845+05:30  INFO 35712 --- [bmp-auth-service] [container-0-C-1] o.a.k.c.c.internals.ConsumerCoordinator  : [Consumer clientId=consumer-anonymous.b4c32535-8def-4801-8a15-3295244fe1f6-2, groupId=anonymous.b4c32535-8def-4801-8a15-3295244fe1f6] Discovered group coordinator localhost:9092 (id: 2147483646 rack: null)
2026-09-01T00:31:43.898+05:30  INFO 35712 --- [bmp-auth-service] [container-0-C-1] o.a.k.c.c.internals.ConsumerCoordinator  : [Consumer clientId=consumer-anonymous.b4c32535-8def-4801-8a15-3295244fe1f6-2, groupId=anonymous.b4c32535-8def-4801-8a15-3295244fe1f6] Discovered group coordinator localhost:9092 (id: 2147483646 rack: null)
2026-09-01T00:31:47.974+05:30  INFO 35712 --- [bmp-auth-service] [vice-producer-1] org.apache.kafka.clients.NetworkClient   : [Producer clientId=bmp-auth-service-producer-1] Node 1 disconnected.
2026-09-01T00:32:05.987+05:30  INFO 35712 --- [bmp-auth-service] [pool-2-thread-1] org.apache.kafka.clients.NetworkClient   : [Consumer clientId=consumer-anonymous.b4c32535-8def-4801-8a15-3295244fe1f6-3, groupId=anonymous.b4c32535-8def-4801-8a15-3295244fe1f6] Node 2147483646 disconnected.
2026-09-01T00:32:06.015+05:30  INFO 35712 --- [bmp-auth-service] [pool-2-thread-1] o.a.k.c.c.internals.ConsumerCoordinator  : [Consumer clientId=consumer-anonymous.b4c32535-8def-4801-8a15-3295244fe1f6-3, groupId=anonymous.b4c32535-8def-4801-8a15-3295244fe1f6] Group coordinator localhost:9092 (id: 2147483646 rack: null) is unavailable or invalid due to cause: coordinator unavailable. isDisconnected: true. Rediscovery will be attempted.
2026-09-01T00:32:06.032+05:30  INFO 35712 --- [bmp-auth-service] [pool-2-thread-1] o.a.k.c.c.internals.ConsumerCoordinator  : [Consumer clientId=consumer-anonymous.b4c32535-8def-4801-8a15-3295244fe1f6-3, groupId=anonymous.b4c32535-8def-4801-8a15-3295244fe1f6] Discovered group coordinator localhost:9092 (id: 2147483646 rack: null)
2026-09-01T00:34:06.709+05:30  INFO 35712 --- [bmp-auth-service] [rap-executor-%d] c.n.d.s.r.aws.ConfigClusterResolver      : Resolving eureka endpoints via configuration
2026-09-01T00:39:06.722+05:30  INFO 35712 --- [bmp-auth-service] [rap-executor-%d] c.n.d.s.r.aws.ConfigClusterResolver      : Resolving eureka endpoints via configuration
2026-09-01T00:44:06.752+05:30  INFO 35712 --- [bmp-auth-service] [rap-executor-%d] c.n.d.s.r.aws.ConfigClusterResolver      : Resolving eureka endpoints via configuration
2026-09-01T00:49:06.777+05:30  INFO 35712 --- [bmp-auth-service] [rap-executor-%d] c.n.d.s.r.aws.ConfigClusterResolver      : Resolving eureka endpoints via configuration
2026-09-01T00:54:06.835+05:30  INFO 35712 --- [bmp-auth-service] [rap-executor-%d] c.n.d.s.r.aws.ConfigClusterResolver      : Resolving eureka endpoints via configuration
2026-09-01T00:59:06.893+05:30  INFO 35712 --- [bmp-auth-service] [rap-executor-%d] c.n.d.s.r.aws.ConfigClusterResolver      : Resolving eureka endpoints via configuration
2026-09-01T01:04:06.929+05:30  INFO 35712 --- [bmp-auth-service] [rap-executor-%d] c.n.d.s.r.aws.ConfigClusterResolver      : Resolving eureka endpoints via configuration
2026-09-01T01:09:06.946+05:30  INFO 35712 --- [bmp-auth-service] [rap-executor-%d] c.n.d.s.r.aws.ConfigClusterResolver      : Resolving eureka endpoints via configuration
2026-09-01T01:14:06.962+05:30  INFO 35712 --- [bmp-auth-service] [rap-executor-%d] c.n.d.s.r.aws.ConfigClusterResolver      : Resolving eureka endpoints via configuration
2026-09-01T01:19:06.971+05:30  INFO 35712 --- [bmp-auth-service] [rap-executor-%d] c.n.d.s.r.aws.ConfigClusterResolver      : Resolving eureka endpoints via configuration
2026-09-01T01:24:06.999+05:30  INFO 35712 --- [bmp-auth-service] [rap-executor-%d] c.n.d.s.r.aws.ConfigClusterResolver      : Resolving eureka endpoints via configuration
2026-09-01T01:29:07.013+05:30  INFO 35712 --- [bmp-auth-service] [rap-executor-%d] c.n.d.s.r.aws.ConfigClusterResolver      : Resolving eureka endpoints via configuration
2026-09-01T01:34:07.037+05:30  INFO 35712 --- [bmp-auth-service] [rap-executor-%d] c.n.d.s.r.aws.ConfigClusterResolver      : Resolving eureka endpoints via configuration
2026-09-01T01:39:07.116+05:30  INFO 35712 --- [bmp-auth-service] [rap-executor-%d] c.n.d.s.r.aws.ConfigClusterResolver      : Resolving eureka endpoints via configuration
2026-09-01T04:40:45.972+05:30  INFO 35712 --- [bmp-auth-service] [container-0-C-1] org.apache.kafka.clients.NetworkClient   : [Consumer clientId=consumer-anonymous.b4c32535-8def-4801-8a15-3295244fe1f6-2, groupId=anonymous.b4c32535-8def-4801-8a15-3295244fe1f6] Node 1 disconnected.
2026-09-01T04:40:46.162+05:30  INFO 35712 --- [bmp-auth-service] [container-0-C-1] org.apache.kafka.clients.NetworkClient   : [Consumer clientId=consumer-anonymous.b4c32535-8def-4801-8a15-3295244fe1f6-2, groupId=anonymous.b4c32535-8def-4801-8a15-3295244fe1f6] Cancelled in-flight FETCH request with correlation id 162740 due to node 1 being disconnected (elapsed time since creation: 10802870ms, elapsed time since send: 10802870ms, throttle time: 0ms, request timeout: 30000ms)
2026-09-01T04:40:46.233+05:30  INFO 35712 --- [bmp-auth-service] [container-0-C-1] org.apache.kafka.clients.NetworkClient   : [Consumer clientId=consumer-anonymous.b4c32535-8def-4801-8a15-3295244fe1f6-2, groupId=anonymous.b4c32535-8def-4801-8a15-3295244fe1f6] Disconnecting from node 2147483646 due to request timeout.
2026-09-01T04:40:46.283+05:30  INFO 35712 --- [bmp-auth-service] [container-0-C-1] org.apache.kafka.clients.NetworkClient   : [Consumer clientId=consumer-anonymous.b4c32535-8def-4801-8a15-3295244fe1f6-2, groupId=anonymous.b4c32535-8def-4801-8a15-3295244fe1f6] Cancelled in-flight HEARTBEAT request with correlation id 162741 due to node 2147483646 being disconnected (elapsed time since creation: 10802251ms, elapsed time since send: 10802251ms, throttle time: 0ms, request timeout: 30000ms)
2026-09-01T04:40:46.349+05:30  INFO 35712 --- [bmp-auth-service] [15-3295244fe1f6] o.a.k.c.c.internals.ConsumerCoordinator  : [Consumer clientId=consumer-anonymous.b4c32535-8def-4801-8a15-3295244fe1f6-2, groupId=anonymous.b4c32535-8def-4801-8a15-3295244fe1f6] Group coordinator localhost:9092 (id: 2147483646 rack: null) is unavailable or invalid due to cause: null. isDisconnected: true. Rediscovery will be attempted.
2026-09-01T04:40:46.345+05:30  INFO 35712 --- [bmp-auth-service] [container-0-C-1] o.a.kafka.clients.FetchSessionHandler    : [Consumer clientId=consumer-anonymous.b4c32535-8def-4801-8a15-3295244fe1f6-2, groupId=anonymous.b4c32535-8def-4801-8a15-3295244fe1f6] Error sending fetch request (sessionId=1263349855, epoch=8177) to node 1:

org.apache.kafka.common.errors.DisconnectException: null

2026-09-01T04:40:46.972+05:30  INFO 35712 --- [bmp-auth-service] [container-0-C-1] o.a.k.c.c.internals.ConsumerCoordinator  : [Consumer clientId=consumer-anonymous.b4c32535-8def-4801-8a15-3295244fe1f6-2, groupId=anonymous.b4c32535-8def-4801-8a15-3295244fe1f6] Discovered group coordinator localhost:9092 (id: 2147483646 rack: null)
2026-09-01T04:40:46.976+05:30  INFO 35712 --- [bmp-auth-service] [vice-producer-1] org.apache.kafka.clients.NetworkClient   : [Producer clientId=bmp-auth-service-producer-1] Node 1 disconnected.
2026-09-01T04:40:47.021+05:30  INFO 35712 --- [bmp-auth-service] [container-0-C-1] o.a.k.c.c.internals.ConsumerCoordinator  : [Consumer clientId=consumer-anonymous.b4c32535-8def-4801-8a15-3295244fe1f6-2, groupId=anonymous.b4c32535-8def-4801-8a15-3295244fe1f6] Discovered group coordinator localhost:9092 (id: 2147483646 rack: null)
2026-09-01T13:42:05.678+05:30  INFO 35712 --- [bmp-auth-service] [container-0-C-1] org.apache.kafka.clients.NetworkClient   : [Consumer clientId=consumer-anonymous.b4c32535-8def-4801-8a15-3295244fe1f6-2, groupId=anonymous.b4c32535-8def-4801-8a15-3295244fe1f6] Node 1 disconnected.
2026-09-01T13:42:05.678+05:30  INFO 35712 --- [bmp-auth-service] [container-0-C-1] org.apache.kafka.clients.NetworkClient   : [Consumer clientId=consumer-anonymous.b4c32535-8def-4801-8a15-3295244fe1f6-2, groupId=anonymous.b4c32535-8def-4801-8a15-3295244fe1f6] Cancelled in-flight FETCH request with correlation id 162766 due to node 1 being disconnected (elapsed time since creation: 32470229ms, elapsed time since send: 32470229ms, throttle time: 0ms, request timeout: 30000ms)
2026-09-01T13:42:05.679+05:30  INFO 35712 --- [bmp-auth-service] [container-0-C-1] org.apache.kafka.clients.NetworkClient   : [Consumer clientId=consumer-anonymous.b4c32535-8def-4801-8a15-3295244fe1f6-2, groupId=anonymous.b4c32535-8def-4801-8a15-3295244fe1f6] Disconnecting from node 2147483646 due to request timeout.
2026-09-01T13:42:05.679+05:30  INFO 35712 --- [bmp-auth-service] [container-0-C-1] org.apache.kafka.clients.NetworkClient   : [Consumer clientId=consumer-anonymous.b4c32535-8def-4801-8a15-3295244fe1f6-2, groupId=anonymous.b4c32535-8def-4801-8a15-3295244fe1f6] Cancelled in-flight HEARTBEAT request with correlation id 162767 due to node 2147483646 being disconnected (elapsed time since creation: 32469640ms, elapsed time since send: 32469640ms, throttle time: 0ms, request timeout: 30000ms)
2026-09-01T13:42:05.679+05:30  INFO 35712 --- [bmp-auth-service] [container-0-C-1] o.a.kafka.clients.FetchSessionHandler    : [Consumer clientId=consumer-anonymous.b4c32535-8def-4801-8a15-3295244fe1f6-2, groupId=anonymous.b4c32535-8def-4801-8a15-3295244fe1f6] Error sending fetch request (sessionId=493163910, epoch=15) to node 1:

org.apache.kafka.common.errors.DisconnectException: null

2026-09-01T13:42:05.679+05:30  INFO 35712 --- [bmp-auth-service] [15-3295244fe1f6] o.a.k.c.c.internals.ConsumerCoordinator  : [Consumer clientId=consumer-anonymous.b4c32535-8def-4801-8a15-3295244fe1f6-2, groupId=anonymous.b4c32535-8def-4801-8a15-3295244fe1f6] Group coordinator localhost:9092 (id: 2147483646 rack: null) is unavailable or invalid due to cause: coordinator unavailable. isDisconnected: true. Rediscovery will be attempted.
2026-09-01T13:42:06.276+05:30  INFO 35712 --- [bmp-auth-service] [container-0-C-1] o.a.k.c.c.internals.ConsumerCoordinator  : [Consumer clientId=consumer-anonymous.b4c32535-8def-4801-8a15-3295244fe1f6-2, groupId=anonymous.b4c32535-8def-4801-8a15-3295244fe1f6] Discovered group coordinator localhost:9092 (id: 2147483646 rack: null)
2026-09-01T13:42:12.737+05:30  INFO 35712 --- [bmp-auth-service] [pool-2-thread-1] org.apache.kafka.clients.NetworkClient   : [Consumer clientId=consumer-anonymous.b4c32535-8def-4801-8a15-3295244fe1f6-3, groupId=anonymous.b4c32535-8def-4801-8a15-3295244fe1f6] Node 2147483646 disconnected.
2026-09-01T13:42:18.247+05:30  WARN 35712 --- [bmp-auth-service] [l-1 housekeeper] com.zaxxer.hikari.pool.HikariPool        : HikariPool-1 - Thread starvation or clock leap detected (housekeeper delta=12h1m37s668ms394µs500ns).
2026-09-01T13:42:19.760+05:30  INFO 35712 --- [bmp-auth-service] [vice-producer-1] org.apache.kafka.clients.NetworkClient   : [Producer clientId=bmp-auth-service-producer-1] Node 1 disconnected.
2026-09-01T13:45:07.441+05:30  INFO 35712 --- [bmp-auth-service] [rap-executor-%d] c.n.d.s.r.aws.ConfigClusterResolver      : Resolving eureka endpoints via configuration
2026-09-01T13:50:07.505+05:30  INFO 35712 --- [bmp-auth-service] [rap-executor-%d] c.n.d.s.r.aws.ConfigClusterResolver      : Resolving eureka endpoints via configuration
2026-09-01T13:55:07.542+05:30  INFO 35712 --- [bmp-auth-service] [rap-executor-%d] c.n.d.s.r.aws.ConfigClusterResolver      : Resolving eureka endpoints via configuration
2026-09-01T14:00:07.577+05:30  INFO 35712 --- [bmp-auth-service] [rap-executor-%d] c.n.d.s.r.aws.ConfigClusterResolver      : Resolving eureka endpoints via configuration
2026-09-01T14:44:41.859+05:30  INFO 35712 --- [bmp-auth-service] [vice-producer-1] org.apache.kafka.clients.NetworkClient   : [Producer clientId=bmp-auth-service-producer-1] Node 1 disconnected.
2026-09-01T14:44:41.906+05:30  INFO 35712 --- [bmp-auth-service] [15-3295244fe1f6] org.apache.kafka.clients.NetworkClient   : [Consumer clientId=consumer-anonymous.b4c32535-8def-4801-8a15-3295244fe1f6-2, groupId=anonymous.b4c32535-8def-4801-8a15-3295244fe1f6] Disconnecting from node 1 due to request timeout.
2026-09-01T14:44:41.917+05:30  INFO 35712 --- [bmp-auth-service] [15-3295244fe1f6] org.apache.kafka.clients.NetworkClient   : [Consumer clientId=consumer-anonymous.b4c32535-8def-4801-8a15-3295244fe1f6-2, groupId=anonymous.b4c32535-8def-4801-8a15-3295244fe1f6] Cancelled in-flight FETCH request with correlation id 165788 due to node 1 being disconnected (elapsed time since creation: 2454957ms, elapsed time since send: 2454957ms, throttle time: 0ms, request timeout: 30000ms)
2026-09-01T14:44:41.996+05:30  INFO 35712 --- [bmp-auth-service] [15-3295244fe1f6] org.apache.kafka.clients.NetworkClient   : [Consumer clientId=consumer-anonymous.b4c32535-8def-4801-8a15-3295244fe1f6-2, groupId=anonymous.b4c32535-8def-4801-8a15-3295244fe1f6] Disconnecting from node 2147483646 due to request timeout.
2026-09-01T14:44:41.996+05:30  INFO 35712 --- [bmp-auth-service] [15-3295244fe1f6] org.apache.kafka.clients.NetworkClient   : [Consumer clientId=consumer-anonymous.b4c32535-8def-4801-8a15-3295244fe1f6-2, groupId=anonymous.b4c32535-8def-4801-8a15-3295244fe1f6] Cancelled in-flight HEARTBEAT request with correlation id 165789 due to node 2147483646 being disconnected (elapsed time since creation: 2452700ms, elapsed time since send: 2452700ms, throttle time: 0ms, request timeout: 30000ms)
2026-09-01T14:44:42.001+05:30  INFO 35712 --- [bmp-auth-service] [15-3295244fe1f6] o.a.kafka.clients.FetchSessionHandler    : [Consumer clientId=consumer-anonymous.b4c32535-8def-4801-8a15-3295244fe1f6-2, groupId=anonymous.b4c32535-8def-4801-8a15-3295244fe1f6] Error sending fetch request (sessionId=481651188, epoch=2574) to node 1:

org.apache.kafka.common.errors.DisconnectException: null

2026-09-01T14:44:42.347+05:30  INFO 35712 --- [bmp-auth-service] [15-3295244fe1f6] o.a.k.c.c.internals.ConsumerCoordinator  : [Consumer clientId=consumer-anonymous.b4c32535-8def-4801-8a15-3295244fe1f6-2, groupId=anonymous.b4c32535-8def-4801-8a15-3295244fe1f6] Group coordinator localhost:9092 (id: 2147483646 rack: null) is unavailable or invalid due to cause: null. isDisconnected: true. Rediscovery will be attempted.
2026-09-01T14:44:43.410+05:30  INFO 35712 --- [bmp-auth-service] [container-0-C-1] o.a.k.c.c.internals.ConsumerCoordinator  : [Consumer clientId=consumer-anonymous.b4c32535-8def-4801-8a15-3295244fe1f6-2, groupId=anonymous.b4c32535-8def-4801-8a15-3295244fe1f6] Discovered group coordinator localhost:9092 (id: 2147483646 rack: null)
2026-09-01T14:45:00.952+05:30  INFO 35712 --- [bmp-auth-service] [pool-2-thread-1] org.apache.kafka.clients.NetworkClient   : [Consumer clientId=consumer-anonymous.b4c32535-8def-4801-8a15-3295244fe1f6-3, groupId=anonymous.b4c32535-8def-4801-8a15-3295244fe1f6] Node 2147483646 disconnected.
2026-09-01T14:45:00.971+05:30  INFO 35712 --- [bmp-auth-service] [pool-2-thread-1] o.a.k.c.c.internals.ConsumerCoordinator  : [Consumer clientId=consumer-anonymous.b4c32535-8def-4801-8a15-3295244fe1f6-3, groupId=anonymous.b4c32535-8def-4801-8a15-3295244fe1f6] Group coordinator localhost:9092 (id: 2147483646 rack: null) is unavailable or invalid due to cause: coordinator unavailable. isDisconnected: true. Rediscovery will be attempted.
2026-09-01T14:45:00.985+05:30  INFO 35712 --- [bmp-auth-service] [pool-2-thread-1] o.a.k.c.c.internals.ConsumerCoordinator  : [Consumer clientId=consumer-anonymous.b4c32535-8def-4801-8a15-3295244fe1f6-3, groupId=anonymous.b4c32535-8def-4801-8a15-3295244fe1f6] Discovered group coordinator localhost:9092 (id: 2147483646 rack: null)
2026-09-01T14:45:00.986+05:30  INFO 35712 --- [bmp-auth-service] [pool-2-thread-1] o.a.k.c.c.internals.ConsumerCoordinator  : [Consumer clientId=consumer-anonymous.b4c32535-8def-4801-8a15-3295244fe1f6-3, groupId=anonymous.b4c32535-8def-4801-8a15-3295244fe1f6] Group coordinator localhost:9092 (id: 2147483646 rack: null) is unavailable or invalid due to cause: coordinator unavailable. isDisconnected: false. Rediscovery will be attempted.
2026-09-01T14:45:00.986+05:30  INFO 35712 --- [bmp-auth-service] [pool-2-thread-1] o.a.k.c.c.internals.ConsumerCoordinator  : [Consumer clientId=consumer-anonymous.b4c32535-8def-4801-8a15-3295244fe1f6-3, groupId=anonymous.b4c32535-8def-4801-8a15-3295244fe1f6] Requesting disconnect from last known coordinator localhost:9092 (id: 2147483646 rack: null)
2026-09-01T14:45:01.115+05:30  INFO 35712 --- [bmp-auth-service] [pool-2-thread-1] o.a.k.c.c.internals.ConsumerCoordinator  : [Consumer clientId=consumer-anonymous.b4c32535-8def-4801-8a15-3295244fe1f6-3, groupId=anonymous.b4c32535-8def-4801-8a15-3295244fe1f6] Discovered group coordinator localhost:9092 (id: 2147483646 rack: null)
2026-09-01T14:45:05.359+05:30  WARN 35712 --- [bmp-auth-service] [l-1 housekeeper] com.zaxxer.hikari.pool.HikariPool        : HikariPool-1 - Thread starvation or clock leap detected (housekeeper delta=41m21s469ms318µs400ns).
2026-09-01T14:45:58.910+05:30  INFO 35712 --- [bmp-auth-service] [rap-executor-%d] c.n.d.s.r.aws.ConfigClusterResolver      : Resolving eureka endpoints via configuration
2026-09-01T14:50:58.917+05:30  INFO 35712 --- [bmp-auth-service] [rap-executor-%d] c.n.d.s.r.aws.ConfigClusterResolver      : Resolving eureka endpoints via configuration
2026-09-01T14:55:58.937+05:30  INFO 35712 --- [bmp-auth-service] [rap-executor-%d] c.n.d.s.r.aws.ConfigClusterResolver      : Resolving eureka endpoints via configuration
2026-09-01T15:00:58.984+05:30  INFO 35712 --- [bmp-auth-service] [rap-executor-%d] c.n.d.s.r.aws.ConfigClusterResolver      : Resolving eureka endpoints via configuration
2026-09-01T15:05:59.015+05:30  INFO 35712 --- [bmp-auth-service] [rap-executor-%d] c.n.d.s.r.aws.ConfigClusterResolver      : Resolving eureka endpoints via configuration
2026-09-01T15:10:59.059+05:30  INFO 35712 --- [bmp-auth-service] [rap-executor-%d] c.n.d.s.r.aws.ConfigClusterResolver      : Resolving eureka endpoints via configuration
2026-09-01T15:15:59.090+05:30  INFO 35712 --- [bmp-auth-service] [rap-executor-%d] c.n.d.s.r.aws.ConfigClusterResolver      : Resolving eureka endpoints via configuration
2026-09-01T15:20:59.097+05:30  INFO 35712 --- [bmp-auth-service] [rap-executor-%d] c.n.d.s.r.aws.ConfigClusterResolver      : Resolving eureka endpoints via configuration
2026-09-01T15:25:59.113+05:30  INFO 35712 --- [bmp-auth-service] [rap-executor-%d] c.n.d.s.r.aws.ConfigClusterResolver      : Resolving eureka endpoints via configuration
2026-09-01T15:30:59.132+05:30  INFO 35712 --- [bmp-auth-service] [rap-executor-%d] c.n.d.s.r.aws.ConfigClusterResolver      : Resolving eureka endpoints via configuration
2026-09-01T15:35:59.148+05:30  INFO 35712 --- [bmp-auth-service] [rap-executor-%d] c.n.d.s.r.aws.ConfigClusterResolver      : Resolving eureka endpoints via configuration
2026-09-01T15:40:59.158+05:30  INFO 35712 --- [bmp-auth-service] [rap-executor-%d] c.n.d.s.r.aws.ConfigClusterResolver      : Resolving eureka endpoints via configuration
2026-09-01T15:45:59.171+05:30  INFO 35712 --- [bmp-auth-service] [rap-executor-%d] c.n.d.s.r.aws.ConfigClusterResolver      : Resolving eureka endpoints via configuration
2026-09-01T15:50:59.192+05:30  INFO 35712 --- [bmp-auth-service] [rap-executor-%d] c.n.d.s.r.aws.ConfigClusterResolver      : Resolving eureka endpoints via configuration
2026-09-01T15:55:59.201+05:30  INFO 35712 --- [bmp-auth-service] [rap-executor-%d] c.n.d.s.r.aws.ConfigClusterResolver      : Resolving eureka endpoints via configuration
2026-09-01T16:00:59.213+05:30  INFO 35712 --- [bmp-auth-service] [rap-executor-%d] c.n.d.s.r.aws.ConfigClusterResolver      : Resolving eureka endpoints via configuration
2026-09-01T16:05:59.232+05:30  INFO 35712 --- [bmp-auth-service] [rap-executor-%d] c.n.d.s.r.aws.ConfigClusterResolver      : Resolving eureka endpoints via configuration
2026-09-01T16:10:59.244+05:30  INFO 35712 --- [bmp-auth-service] [rap-executor-%d] c.n.d.s.r.aws.ConfigClusterResolver      : Resolving eureka endpoints via configuration
2026-09-01T16:15:59.252+05:30  INFO 35712 --- [bmp-auth-service] [rap-executor-%d] c.n.d.s.r.aws.ConfigClusterResolver      : Resolving eureka endpoints via configuration
2026-09-01T16:20:59.255+05:30  INFO 35712 --- [bmp-auth-service] [rap-executor-%d] c.n.d.s.r.aws.ConfigClusterResolver      : Resolving eureka endpoints via configuration
2026-09-01T17:07:55.874+05:30  INFO 35712 --- [bmp-auth-service] [container-0-C-1] org.apache.kafka.clients.NetworkClient   : [Consumer clientId=consumer-anonymous.b4c32535-8def-4801-8a15-3295244fe1f6-2, groupId=anonymous.b4c32535-8def-4801-8a15-3295244fe1f6] Node 2147483646 disconnected.
2026-09-01T17:07:56.007+05:30  INFO 35712 --- [bmp-auth-service] [container-0-C-1] org.apache.kafka.clients.NetworkClient   : [Consumer clientId=consumer-anonymous.b4c32535-8def-4801-8a15-3295244fe1f6-2, groupId=anonymous.b4c32535-8def-4801-8a15-3295244fe1f6] Disconnecting from node 1 due to request timeout.
2026-09-01T17:07:56.008+05:30  INFO 35712 --- [bmp-auth-service] [container-0-C-1] org.apache.kafka.clients.NetworkClient   : [Consumer clientId=consumer-anonymous.b4c32535-8def-4801-8a15-3295244fe1f6-2, groupId=anonymous.b4c32535-8def-4801-8a15-3295244fe1f6] Cancelled in-flight FETCH request with correlation id 179382 due to node 1 being disconnected (elapsed time since creation: 2728450ms, elapsed time since send: 2728450ms, throttle time: 0ms, request timeout: 30000ms)
2026-09-01T17:07:56.014+05:30  INFO 35712 --- [bmp-auth-service] [15-3295244fe1f6] o.a.k.c.c.internals.ConsumerCoordinator  : [Consumer clientId=consumer-anonymous.b4c32535-8def-4801-8a15-3295244fe1f6-2, groupId=anonymous.b4c32535-8def-4801-8a15-3295244fe1f6] Group coordinator localhost:9092 (id: 2147483646 rack: null) is unavailable or invalid due to cause: session timed out without receiving a heartbeat response. isDisconnected: false. Rediscovery will be attempted.
2026-09-01T17:07:56.051+05:30  INFO 35712 --- [bmp-auth-service] [15-3295244fe1f6] o.a.k.c.c.internals.ConsumerCoordinator  : [Consumer clientId=consumer-anonymous.b4c32535-8def-4801-8a15-3295244fe1f6-2, groupId=anonymous.b4c32535-8def-4801-8a15-3295244fe1f6] Requesting disconnect from last known coordinator localhost:9092 (id: 2147483646 rack: null)
2026-09-01T17:07:56.200+05:30  INFO 35712 --- [bmp-auth-service] [container-0-C-1] o.a.kafka.clients.FetchSessionHandler    : [Consumer clientId=consumer-anonymous.b4c32535-8def-4801-8a15-3295244fe1f6-2, groupId=anonymous.b4c32535-8def-4801-8a15-3295244fe1f6] Error sending fetch request (sessionId=380421179, epoch=11598) to node 1:

org.apache.kafka.common.errors.DisconnectException: null

2026-09-01T17:07:56.863+05:30  INFO 35712 --- [bmp-auth-service] [container-0-C-1] o.a.k.c.c.internals.ConsumerCoordinator  : [Consumer clientId=consumer-anonymous.b4c32535-8def-4801-8a15-3295244fe1f6-2, groupId=anonymous.b4c32535-8def-4801-8a15-3295244fe1f6] Discovered group coordinator localhost:9092 (id: 2147483646 rack: null)
2026-09-01T17:07:56.912+05:30  INFO 35712 --- [bmp-auth-service] [container-0-C-1] o.a.k.c.c.internals.ConsumerCoordinator  : [Consumer clientId=consumer-anonymous.b4c32535-8def-4801-8a15-3295244fe1f6-2, groupId=anonymous.b4c32535-8def-4801-8a15-3295244fe1f6] Discovered group coordinator localhost:9092 (id: 2147483646 rack: null)
2026-09-01T17:08:02.077+05:30  WARN 35712 --- [bmp-auth-service] [l-1 housekeeper] com.zaxxer.hikari.pool.HikariPool        : HikariPool-1 - Thread starvation or clock leap detected (housekeeper delta=45m55s60ms390µs100ns).
2026-09-01T17:08:07.891+05:30  INFO 35712 --- [bmp-auth-service] [vice-producer-1] org.apache.kafka.clients.NetworkClient   : [Producer clientId=bmp-auth-service-producer-1] Node 1 disconnected.
2026-09-01T17:08:28.095+05:30  INFO 35712 --- [bmp-auth-service] [pool-2-thread-1] org.apache.kafka.clients.NetworkClient   : [Consumer clientId=consumer-anonymous.b4c32535-8def-4801-8a15-3295244fe1f6-3, groupId=anonymous.b4c32535-8def-4801-8a15-3295244fe1f6] Node 2147483646 disconnected.
2026-09-01T17:08:28.110+05:30  INFO 35712 --- [bmp-auth-service] [pool-2-thread-1] o.a.k.c.c.internals.ConsumerCoordinator  : [Consumer clientId=consumer-anonymous.b4c32535-8def-4801-8a15-3295244fe1f6-3, groupId=anonymous.b4c32535-8def-4801-8a15-3295244fe1f6] Group coordinator localhost:9092 (id: 2147483646 rack: null) is unavailable or invalid due to cause: coordinator unavailable. isDisconnected: true. Rediscovery will be attempted.
2026-09-01T17:08:28.124+05:30  INFO 35712 --- [bmp-auth-service] [pool-2-thread-1] o.a.k.c.c.internals.ConsumerCoordinator  : [Consumer clientId=consumer-anonymous.b4c32535-8def-4801-8a15-3295244fe1f6-3, groupId=anonymous.b4c32535-8def-4801-8a15-3295244fe1f6] Discovered group coordinator localhost:9092 (id: 2147483646 rack: null)
2026-09-01T17:08:28.124+05:30  INFO 35712 --- [bmp-auth-service] [pool-2-thread-1] o.a.k.c.c.internals.ConsumerCoordinator  : [Consumer clientId=consumer-anonymous.b4c32535-8def-4801-8a15-3295244fe1f6-3, groupId=anonymous.b4c32535-8def-4801-8a15-3295244fe1f6] Group coordinator localhost:9092 (id: 2147483646 rack: null) is unavailable or invalid due to cause: coordinator unavailable. isDisconnected: false. Rediscovery will be attempted.
2026-09-01T17:08:28.124+05:30  INFO 35712 --- [bmp-auth-service] [pool-2-thread-1] o.a.k.c.c.internals.ConsumerCoordinator  : [Consumer clientId=consumer-anonymous.b4c32535-8def-4801-8a15-3295244fe1f6-3, groupId=anonymous.b4c32535-8def-4801-8a15-3295244fe1f6] Requesting disconnect from last known coordinator localhost:9092 (id: 2147483646 rack: null)
2026-09-01T17:08:28.244+05:30  INFO 35712 --- [bmp-auth-service] [pool-2-thread-1] o.a.k.c.c.internals.ConsumerCoordinator  : [Consumer clientId=consumer-anonymous.b4c32535-8def-4801-8a15-3295244fe1f6-3, groupId=anonymous.b4c32535-8def-4801-8a15-3295244fe1f6] Discovered group coordinator localhost:9092 (id: 2147483646 rack: null)
2026-09-01T17:11:24.177+05:30  INFO 35712 --- [bmp-auth-service] [rap-executor-%d] c.n.d.s.r.aws.ConfigClusterResolver      : Resolving eureka endpoints via configuration
2026-09-01T17:16:24.208+05:30  INFO 35712 --- [bmp-auth-service] [rap-executor-%d] c.n.d.s.r.aws.ConfigClusterResolver      : Resolving eureka endpoints via configuration
2026-09-01T17:21:24.215+05:30  INFO 35712 --- [bmp-auth-service] [rap-executor-%d] c.n.d.s.r.aws.ConfigClusterResolver      : Resolving eureka endpoints via configuration
2026-09-01T17:26:24.227+05:30  INFO 35712 --- [bmp-auth-service] [rap-executor-%d] c.n.d.s.r.aws.ConfigClusterResolver      : Resolving eureka endpoints via configuration
2026-09-01T17:31:24.259+05:30  INFO 35712 --- [bmp-auth-service] [rap-executor-%d] c.n.d.s.r.aws.ConfigClusterResolver      : Resolving eureka endpoints via configuration
2026-09-01T17:36:24.267+05:30  INFO 35712 --- [bmp-auth-service] [rap-executor-%d] c.n.d.s.r.aws.ConfigClusterResolver      : Resolving eureka endpoints via configuration
2026-09-01T17:41:24.273+05:30  INFO 35712 --- [bmp-auth-service] [rap-executor-%d] c.n.d.s.r.aws.ConfigClusterResolver      : Resolving eureka endpoints via configuration
2026-09-01T17:46:24.284+05:30  INFO 35712 --- [bmp-auth-service] [rap-executor-%d] c.n.d.s.r.aws.ConfigClusterResolver      : Resolving eureka endpoints via configuration
2026-09-01T17:51:24.289+05:30  INFO 35712 --- [bmp-auth-service] [rap-executor-%d] c.n.d.s.r.aws.ConfigClusterResolver      : Resolving eureka endpoints via configuration
2026-09-01T17:56:24.300+05:30  INFO 35712 --- [bmp-auth-service] [rap-executor-%d] c.n.d.s.r.aws.ConfigClusterResolver      : Resolving eureka endpoints via configuration
2026-09-01T18:01:24.322+05:30  INFO 35712 --- [bmp-auth-service] [rap-executor-%d] c.n.d.s.r.aws.ConfigClusterResolver      : Resolving eureka endpoints via configuration
2026-09-01T18:15:32.194+05:30  INFO 35712 --- [bmp-auth-service] [container-0-C-1] org.apache.kafka.clients.NetworkClient   : [Consumer clientId=consumer-anonymous.b4c32535-8def-4801-8a15-3295244fe1f6-2, groupId=anonymous.b4c32535-8def-4801-8a15-3295244fe1f6] Node 1 disconnected.
2026-09-01T18:15:32.289+05:30  INFO 35712 --- [bmp-auth-service] [container-0-C-1] org.apache.kafka.clients.NetworkClient   : [Consumer clientId=consumer-anonymous.b4c32535-8def-4801-8a15-3295244fe1f6-2, groupId=anonymous.b4c32535-8def-4801-8a15-3295244fe1f6] Cancelled in-flight FETCH request with correlation id 187277 due to node 1 being disconnected (elapsed time since creation: 647023ms, elapsed time since send: 647023ms, throttle time: 0ms, request timeout: 30000ms)
2026-09-01T18:15:32.342+05:30  INFO 35712 --- [bmp-auth-service] [container-0-C-1] org.apache.kafka.clients.NetworkClient   : [Consumer clientId=consumer-anonymous.b4c32535-8def-4801-8a15-3295244fe1f6-2, groupId=anonymous.b4c32535-8def-4801-8a15-3295244fe1f6] Disconnecting from node 2147483646 due to request timeout.
2026-09-01T18:15:32.343+05:30  INFO 35712 --- [bmp-auth-service] [container-0-C-1] org.apache.kafka.clients.NetworkClient   : [Consumer clientId=consumer-anonymous.b4c32535-8def-4801-8a15-3295244fe1f6-2, groupId=anonymous.b4c32535-8def-4801-8a15-3295244fe1f6] Cancelled in-flight HEARTBEAT request with correlation id 187278 due to node 2147483646 being disconnected (elapsed time since creation: 646268ms, elapsed time since send: 646268ms, throttle time: 0ms, request timeout: 30000ms)
2026-09-01T18:15:32.363+05:30  INFO 35712 --- [bmp-auth-service] [15-3295244fe1f6] o.a.k.c.c.internals.ConsumerCoordinator  : [Consumer clientId=consumer-anonymous.b4c32535-8def-4801-8a15-3295244fe1f6-2, groupId=anonymous.b4c32535-8def-4801-8a15-3295244fe1f6] Group coordinator localhost:9092 (id: 2147483646 rack: null) is unavailable or invalid due to cause: null. isDisconnected: true. Rediscovery will be attempted.
2026-09-01T18:15:32.358+05:30  INFO 35712 --- [bmp-auth-service] [container-0-C-1] o.a.kafka.clients.FetchSessionHandler    : [Consumer clientId=consumer-anonymous.b4c32535-8def-4801-8a15-3295244fe1f6-2, groupId=anonymous.b4c32535-8def-4801-8a15-3295244fe1f6] Error sending fetch request (sessionId=577833748, epoch=6733) to node 1:

org.apache.kafka.common.errors.DisconnectException: null

2026-09-01T18:15:34.588+05:30  INFO 35712 --- [bmp-auth-service] [container-0-C-1] o.a.k.c.c.internals.ConsumerCoordinator  : [Consumer clientId=consumer-anonymous.b4c32535-8def-4801-8a15-3295244fe1f6-2, groupId=anonymous.b4c32535-8def-4801-8a15-3295244fe1f6] Discovered group coordinator localhost:9092 (id: 2147483646 rack: null)
2026-09-01T18:15:34.593+05:30  INFO 35712 --- [bmp-auth-service] [container-0-C-1] o.a.k.c.c.internals.ConsumerCoordinator  : [Consumer clientId=consumer-anonymous.b4c32535-8def-4801-8a15-3295244fe1f6-2, groupId=anonymous.b4c32535-8def-4801-8a15-3295244fe1f6] Discovered group coordinator localhost:9092 (id: 2147483646 rack: null)
2026-09-01T18:15:46.207+05:30  WARN 35712 --- [bmp-auth-service] [l-1 housekeeper] com.zaxxer.hikari.pool.HikariPool        : HikariPool-1 - Thread starvation or clock leap detected (housekeeper delta=11m13s296ms955µs300ns).
2026-09-01T18:15:51.402+05:30  INFO 35712 --- [bmp-auth-service] [vice-producer-1] org.apache.kafka.clients.NetworkClient   : [Producer clientId=bmp-auth-service-producer-1] Node 1 disconnected.
2026-09-01T18:16:12.541+05:30  INFO 35712 --- [bmp-auth-service] [pool-2-thread-1] org.apache.kafka.clients.NetworkClient   : [Consumer clientId=consumer-anonymous.b4c32535-8def-4801-8a15-3295244fe1f6-3, groupId=anonymous.b4c32535-8def-4801-8a15-3295244fe1f6] Node 2147483646 disconnected.
2026-09-01T18:16:12.543+05:30  INFO 35712 --- [bmp-auth-service] [pool-2-thread-1] o.a.k.c.c.internals.ConsumerCoordinator  : [Consumer clientId=consumer-anonymous.b4c32535-8def-4801-8a15-3295244fe1f6-3, groupId=anonymous.b4c32535-8def-4801-8a15-3295244fe1f6] Group coordinator localhost:9092 (id: 2147483646 rack: null) is unavailable or invalid due to cause: coordinator unavailable. isDisconnected: true. Rediscovery will be attempted.
2026-09-01T18:16:12.545+05:30  INFO 35712 --- [bmp-auth-service] [pool-2-thread-1] o.a.k.c.c.internals.ConsumerCoordinator  : [Consumer clientId=consumer-anonymous.b4c32535-8def-4801-8a15-3295244fe1f6-3, groupId=anonymous.b4c32535-8def-4801-8a15-3295244fe1f6] Discovered group coordinator localhost:9092 (id: 2147483646 rack: null)
2026-09-01T18:16:12.545+05:30  INFO 35712 --- [bmp-auth-service] [pool-2-thread-1] o.a.k.c.c.internals.ConsumerCoordinator  : [Consumer clientId=consumer-anonymous.b4c32535-8def-4801-8a15-3295244fe1f6-3, groupId=anonymous.b4c32535-8def-4801-8a15-3295244fe1f6] Group coordinator localhost:9092 (id: 2147483646 rack: null) is unavailable or invalid due to cause: coordinator unavailable. isDisconnected: false. Rediscovery will be attempted.
2026-09-01T18:16:12.546+05:30  INFO 35712 --- [bmp-auth-service] [pool-2-thread-1] o.a.k.c.c.internals.ConsumerCoordinator  : [Consumer clientId=consumer-anonymous.b4c32535-8def-4801-8a15-3295244fe1f6-3, groupId=anonymous.b4c32535-8def-4801-8a15-3295244fe1f6] Requesting disconnect from last known coordinator localhost:9092 (id: 2147483646 rack: null)
2026-09-01T18:16:12.668+05:30  INFO 35712 --- [bmp-auth-service] [pool-2-thread-1] o.a.k.c.c.internals.ConsumerCoordinator  : [Consumer clientId=consumer-anonymous.b4c32535-8def-4801-8a15-3295244fe1f6-3, groupId=anonymous.b4c32535-8def-4801-8a15-3295244fe1f6] Discovered group coordinator localhost:9092 (id: 2147483646 rack: null)
2026-09-01T18:17:07.485+05:30  INFO 35712 --- [bmp-auth-service] [rap-executor-%d] c.n.d.s.r.aws.ConfigClusterResolver      : Resolving eureka endpoints via configuration
2026-09-01T18:22:07.495+05:30  INFO 35712 --- [bmp-auth-service] [rap-executor-%d] c.n.d.s.r.aws.ConfigClusterResolver      : Resolving eureka endpoints via configuration
2026-09-01T18:27:07.499+05:30  INFO 35712 --- [bmp-auth-service] [rap-executor-%d] c.n.d.s.r.aws.ConfigClusterResolver      : Resolving eureka endpoints via configuration
2026-09-01T18:32:07.504+05:30  INFO 35712 --- [bmp-auth-service] [rap-executor-%d] c.n.d.s.r.aws.ConfigClusterResolver      : Resolving eureka endpoints via configuration
2026-09-01T18:37:07.519+05:30  INFO 35712 --- [bmp-auth-service] [rap-executor-%d] c.n.d.s.r.aws.ConfigClusterResolver      : Resolving eureka endpoints via configuration
2026-09-01T18:42:07.522+05:30  INFO 35712 --- [bmp-auth-service] [rap-executor-%d] c.n.d.s.r.aws.ConfigClusterResolver      : Resolving eureka endpoints via configuration
2026-09-01T18:47:07.538+05:30  INFO 35712 --- [bmp-auth-service] [rap-executor-%d] c.n.d.s.r.aws.ConfigClusterResolver      : Resolving eureka endpoints via configuration
2026-09-01T18:52:07.551+05:30  INFO 35712 --- [bmp-auth-service] [rap-executor-%d] c.n.d.s.r.aws.ConfigClusterResolver      : Resolving eureka endpoints via configuration
2026-09-01T18:57:07.575+05:30  INFO 35712 --- [bmp-auth-service] [rap-executor-%d] c.n.d.s.r.aws.ConfigClusterResolver      : Resolving eureka endpoints via configuration
2026-09-01T19:02:07.584+05:30  INFO 35712 --- [bmp-auth-service] [rap-executor-%d] c.n.d.s.r.aws.ConfigClusterResolver      : Resolving eureka endpoints via configuration
2026-09-01T19:07:07.596+05:30  INFO 35712 --- [bmp-auth-service] [rap-executor-%d] c.n.d.s.r.aws.ConfigClusterResolver      : Resolving eureka endpoints via configuration
2026-09-01T19:12:07.608+05:30  INFO 35712 --- [bmp-auth-service] [rap-executor-%d] c.n.d.s.r.aws.ConfigClusterResolver      : Resolving eureka endpoints via configuration
2026-09-01T19:17:07.624+05:30  INFO 35712 --- [bmp-auth-service] [rap-executor-%d] c.n.d.s.r.aws.ConfigClusterResolver      : Resolving eureka endpoints via configuration
2026-09-01T19:22:07.647+05:30  INFO 35712 --- [bmp-auth-service] [rap-executor-%d] c.n.d.s.r.aws.ConfigClusterResolver      : Resolving eureka endpoints via configuration
2026-09-01T22:19:18.686+05:30  INFO 35712 --- [bmp-auth-service] [15-3295244fe1f6] org.apache.kafka.clients.NetworkClient   : [Consumer clientId=consumer-anonymous.b4c32535-8def-4801-8a15-3295244fe1f6-2, groupId=anonymous.b4c32535-8def-4801-8a15-3295244fe1f6] Node 2147483646 disconnected.
2026-09-01T22:19:18.699+05:30  INFO 35712 --- [bmp-auth-service] [15-3295244fe1f6] org.apache.kafka.clients.NetworkClient   : [Consumer clientId=consumer-anonymous.b4c32535-8def-4801-8a15-3295244fe1f6-2, groupId=anonymous.b4c32535-8def-4801-8a15-3295244fe1f6] Cancelled in-flight HEARTBEAT request with correlation id 196648 due to node 2147483646 being disconnected (elapsed time since creation: 10574114ms, elapsed time since send: 10574114ms, throttle time: 0ms, request timeout: 30000ms)
2026-09-01T22:19:18.705+05:30  INFO 35712 --- [bmp-auth-service] [15-3295244fe1f6] org.apache.kafka.clients.NetworkClient   : [Consumer clientId=consumer-anonymous.b4c32535-8def-4801-8a15-3295244fe1f6-2, groupId=anonymous.b4c32535-8def-4801-8a15-3295244fe1f6] Disconnecting from node 1 due to request timeout.
2026-09-01T22:19:18.709+05:30  INFO 35712 --- [bmp-auth-service] [15-3295244fe1f6] org.apache.kafka.clients.NetworkClient   : [Consumer clientId=consumer-anonymous.b4c32535-8def-4801-8a15-3295244fe1f6-2, groupId=anonymous.b4c32535-8def-4801-8a15-3295244fe1f6] Cancelled in-flight FETCH request with correlation id 196647 due to node 1 being disconnected (elapsed time since creation: 10575946ms, elapsed time since send: 10575946ms, throttle time: 0ms, request timeout: 30000ms)
2026-09-01T22:19:18.718+05:30  INFO 35712 --- [bmp-auth-service] [15-3295244fe1f6] o.a.k.c.c.internals.ConsumerCoordinator  : [Consumer clientId=consumer-anonymous.b4c32535-8def-4801-8a15-3295244fe1f6-2, groupId=anonymous.b4c32535-8def-4801-8a15-3295244fe1f6] Group coordinator localhost:9092 (id: 2147483646 rack: null) is unavailable or invalid due to cause: null. isDisconnected: true. Rediscovery will be attempted.
2026-09-01T22:19:18.728+05:30  INFO 35712 --- [bmp-auth-service] [15-3295244fe1f6] o.a.kafka.clients.FetchSessionHandler    : [Consumer clientId=consumer-anonymous.b4c32535-8def-4801-8a15-3295244fe1f6-2, groupId=anonymous.b4c32535-8def-4801-8a15-3295244fe1f6] Error sending fetch request (sessionId=1952336870, epoch=7990) to node 1:

org.apache.kafka.common.errors.DisconnectException: null

2026-09-01T22:19:23.947+05:30  INFO 35712 --- [bmp-auth-service] [container-0-C-1] o.a.k.c.c.internals.ConsumerCoordinator  : [Consumer clientId=consumer-anonymous.b4c32535-8def-4801-8a15-3295244fe1f6-2, groupId=anonymous.b4c32535-8def-4801-8a15-3295244fe1f6] Discovered group coordinator localhost:9092 (id: 2147483646 rack: null)
2026-09-01T22:19:25.937+05:30  INFO 35712 --- [bmp-auth-service] [pool-2-thread-1] org.apache.kafka.clients.NetworkClient   : [Consumer clientId=consumer-anonymous.b4c32535-8def-4801-8a15-3295244fe1f6-3, groupId=anonymous.b4c32535-8def-4801-8a15-3295244fe1f6] Node 2147483646 disconnected.
2026-09-01T22:19:29.231+05:30  WARN 35712 --- [bmp-auth-service] [l-1 housekeeper] com.zaxxer.hikari.pool.HikariPool        : HikariPool-1 - Thread starvation or clock leap detected (housekeeper delta=2h56m41s888ms473µs400ns).
2026-09-01T22:19:33.606+05:30  INFO 35712 --- [bmp-auth-service] [vice-producer-1] org.apache.kafka.clients.NetworkClient   : [Producer clientId=bmp-auth-service-producer-1] Node 1 disconnected.
2026-09-01T22:23:19.405+05:30  INFO 35712 --- [bmp-auth-service] [rap-executor-%d] c.n.d.s.r.aws.ConfigClusterResolver      : Resolving eureka endpoints via configuration
2026-09-01T22:28:19.441+05:30  INFO 35712 --- [bmp-auth-service] [rap-executor-%d] c.n.d.s.r.aws.ConfigClusterResolver      : Resolving eureka endpoints via configuration
2026-09-01T22:33:19.467+05:30  INFO 35712 --- [bmp-auth-service] [rap-executor-%d] c.n.d.s.r.aws.ConfigClusterResolver      : Resolving eureka endpoints via configuration
2026-09-01T22:38:19.473+05:30  INFO 35712 --- [bmp-auth-service] [rap-executor-%d] c.n.d.s.r.aws.ConfigClusterResolver      : Resolving eureka endpoints via configuration
2026-09-01T22:43:19.481+05:30  INFO 35712 --- [bmp-auth-service] [rap-executor-%d] c.n.d.s.r.aws.ConfigClusterResolver      : Resolving eureka endpoints via configuration
2026-09-01T22:48:19.491+05:30  INFO 35712 --- [bmp-auth-service] [rap-executor-%d] c.n.d.s.r.aws.ConfigClusterResolver      : Resolving eureka endpoints via configuration
2026-09-01T22:53:19.493+05:30  INFO 35712 --- [bmp-auth-service] [rap-executor-%d] c.n.d.s.r.aws.ConfigClusterResolver      : Resolving eureka endpoints via configuration
2026-09-01T22:58:19.509+05:30  INFO 35712 --- [bmp-auth-service] [rap-executor-%d] c.n.d.s.r.aws.ConfigClusterResolver      : Resolving eureka endpoints via configuration
2026-09-01T23:03:19.525+05:30  INFO 35712 --- [bmp-auth-service] [rap-executor-%d] c.n.d.s.r.aws.ConfigClusterResolver      : Resolving eureka endpoints via configuration
2026-09-01T23:08:19.544+05:30  INFO 35712 --- [bmp-auth-service] [rap-executor-%d] c.n.d.s.r.aws.ConfigClusterResolver      : Resolving eureka endpoints via configuration
2026-09-01T23:13:19.549+05:30  INFO 35712 --- [bmp-auth-service] [rap-executor-%d] c.n.d.s.r.aws.ConfigClusterResolver      : Resolving eureka endpoints via configuration
2026-09-01T23:18:19.560+05:30  INFO 35712 --- [bmp-auth-service] [rap-executor-%d] c.n.d.s.r.aws.ConfigClusterResolver      : Resolving eureka endpoints via configuration
2026-09-01T23:23:19.576+05:30  INFO 35712 --- [bmp-auth-service] [rap-executor-%d] c.n.d.s.r.aws.ConfigClusterResolver      : Resolving eureka endpoints via configuration
2026-09-01T23:28:19.589+05:30  INFO 35712 --- [bmp-auth-service] [rap-executor-%d] c.n.d.s.r.aws.ConfigClusterResolver      : Resolving eureka endpoints via configuration
2026-09-01T23:33:19.601+05:30  INFO 35712 --- [bmp-auth-service] [rap-executor-%d] c.n.d.s.r.aws.ConfigClusterResolver      : Resolving eureka endpoints via configuration
2026-09-01T23:38:19.607+05:30  INFO 35712 --- [bmp-auth-service] [rap-executor-%d] c.n.d.s.r.aws.ConfigClusterResolver      : Resolving eureka endpoints via configuration
2026-09-01T23:43:19.615+05:30  INFO 35712 --- [bmp-auth-service] [rap-executor-%d] c.n.d.s.r.aws.ConfigClusterResolver      : Resolving eureka endpoints via configuration
2026-09-01T23:48:19.620+05:30  INFO 35712 --- [bmp-auth-service] [rap-executor-%d] c.n.d.s.r.aws.ConfigClusterResolver      : Resolving eureka endpoints via configuration
2026-09-01T23:53:19.633+05:30  INFO 35712 --- [bmp-auth-service] [rap-executor-%d] c.n.d.s.r.aws.ConfigClusterResolver      : Resolving eureka endpoints via configuration
2026-09-01T23:58:19.643+05:30  INFO 35712 --- [bmp-auth-service] [rap-executor-%d] c.n.d.s.r.aws.ConfigClusterResolver      : Resolving eureka endpoints via configuration
2026-09-02T00:03:19.662+05:30  INFO 35712 --- [bmp-auth-service] [rap-executor-%d] c.n.d.s.r.aws.ConfigClusterResolver      : Resolving eureka endpoints via configuration
2026-09-02T00:08:19.759+05:30  INFO 35712 --- [bmp-auth-service] [rap-executor-%d] c.n.d.s.r.aws.ConfigClusterResolver      : Resolving eureka endpoints via configuration
2026-09-02T00:13:19.780+05:30  INFO 35712 --- [bmp-auth-service] [rap-executor-%d] c.n.d.s.r.aws.ConfigClusterResolver      : Resolving eureka endpoints via configuration
2026-09-02T00:18:19.795+05:30  INFO 35712 --- [bmp-auth-service] [rap-executor-%d] c.n.d.s.r.aws.ConfigClusterResolver      : Resolving eureka endpoints via configuration
2026-09-02T00:23:19.809+05:30  INFO 35712 --- [bmp-auth-service] [rap-executor-%d] c.n.d.s.r.aws.ConfigClusterResolver      : Resolving eureka endpoints via configuration
2026-09-02T00:28:19.820+05:30  INFO 35712 --- [bmp-auth-service] [rap-executor-%d] c.n.d.s.r.aws.ConfigClusterResolver      : Resolving eureka endpoints via configuration
2026-09-02T00:33:19.829+05:30  INFO 35712 --- [bmp-auth-service] [rap-executor-%d] c.n.d.s.r.aws.ConfigClusterResolver      : Resolving eureka endpoints via configuration
2026-09-02T00:38:19.865+05:30  INFO 35712 --- [bmp-auth-service] [rap-executor-%d] c.n.d.s.r.aws.ConfigClusterResolver      : Resolving eureka endpoints via configuration
2026-09-02T03:40:10.354+05:30  INFO 35712 --- [bmp-auth-service] [container-0-C-1] org.apache.kafka.clients.NetworkClient   : [Consumer clientId=consumer-anonymous.b4c32535-8def-4801-8a15-3295244fe1f6-2, groupId=anonymous.b4c32535-8def-4801-8a15-3295244fe1f6] Node 1 disconnected.
2026-09-02T03:40:10.518+05:30  INFO 35712 --- [bmp-auth-service] [container-0-C-1] org.apache.kafka.clients.NetworkClient   : [Consumer clientId=consumer-anonymous.b4c32535-8def-4801-8a15-3295244fe1f6-2, groupId=anonymous.b4c32535-8def-4801-8a15-3295244fe1f6] Cancelled in-flight FETCH request with correlation id 216184 due to node 1 being disconnected (elapsed time since creation: 10804721ms, elapsed time since send: 10804721ms, throttle time: 0ms, request timeout: 30000ms)
2026-09-02T03:40:10.699+05:30  INFO 35712 --- [bmp-auth-service] [container-0-C-1] org.apache.kafka.clients.NetworkClient   : [Consumer clientId=consumer-anonymous.b4c32535-8def-4801-8a15-3295244fe1f6-2, groupId=anonymous.b4c32535-8def-4801-8a15-3295244fe1f6] Disconnecting from node 2147483646 due to request timeout.
2026-09-02T03:40:10.793+05:30  INFO 35712 --- [bmp-auth-service] [container-0-C-1] org.apache.kafka.clients.NetworkClient   : [Consumer clientId=consumer-anonymous.b4c32535-8def-4801-8a15-3295244fe1f6-2, groupId=anonymous.b4c32535-8def-4801-8a15-3295244fe1f6] Cancelled in-flight HEARTBEAT request with correlation id 216185 due to node 2147483646 being disconnected (elapsed time since creation: 10804131ms, elapsed time since send: 10804131ms, throttle time: 0ms, request timeout: 30000ms)
2026-09-02T03:40:10.845+05:30  INFO 35712 --- [bmp-auth-service] [15-3295244fe1f6] o.a.k.c.c.internals.ConsumerCoordinator  : [Consumer clientId=consumer-anonymous.b4c32535-8def-4801-8a15-3295244fe1f6-2, groupId=anonymous.b4c32535-8def-4801-8a15-3295244fe1f6] Group coordinator localhost:9092 (id: 2147483646 rack: null) is unavailable or invalid due to cause: null. isDisconnected: true. Rediscovery will be attempted.
2026-09-02T03:40:10.835+05:30  INFO 35712 --- [bmp-auth-service] [container-0-C-1] o.a.kafka.clients.FetchSessionHandler    : [Consumer clientId=consumer-anonymous.b4c32535-8def-4801-8a15-3295244fe1f6-2, groupId=anonymous.b4c32535-8def-4801-8a15-3295244fe1f6] Error sending fetch request (sessionId=892876762, epoch=16667) to node 1:

org.apache.kafka.common.errors.DisconnectException: null

2026-09-02T03:40:12.139+05:30  INFO 35712 --- [bmp-auth-service] [vice-producer-1] org.apache.kafka.clients.NetworkClient   : [Producer clientId=bmp-auth-service-producer-1] Node 1 disconnected.
2026-09-02T03:40:12.375+05:30  INFO 35712 --- [bmp-auth-service] [container-0-C-1] o.a.k.c.c.internals.ConsumerCoordinator  : [Consumer clientId=consumer-anonymous.b4c32535-8def-4801-8a15-3295244fe1f6-2, groupId=anonymous.b4c32535-8def-4801-8a15-3295244fe1f6] Discovered group coordinator localhost:9092 (id: 2147483646 rack: null)
2026-09-02T03:40:12.495+05:30  INFO 35712 --- [bmp-auth-service] [container-0-C-1] o.a.k.c.c.internals.ConsumerCoordinator  : [Consumer clientId=consumer-anonymous.b4c32535-8def-4801-8a15-3295244fe1f6-2, groupId=anonymous.b4c32535-8def-4801-8a15-3295244fe1f6] Discovered group coordinator localhost:9092 (id: 2147483646 rack: null)
2026-09-02T03:40:14.185+05:30  WARN 35712 --- [bmp-auth-service] [l-1 housekeeper] com.zaxxer.hikari.pool.HikariPool        : HikariPool-1 - Thread starvation or clock leap detected (housekeeper delta=3h29s529ms357µs100ns).
2026-09-02T10:42:50.865+05:30  INFO 35712 --- [bmp-auth-service] [container-0-C-1] org.apache.kafka.clients.NetworkClient   : [Consumer clientId=consumer-anonymous.b4c32535-8def-4801-8a15-3295244fe1f6-2, groupId=anonymous.b4c32535-8def-4801-8a15-3295244fe1f6] Node 2147483646 disconnected.
2026-09-02T10:42:50.956+05:30  INFO 35712 --- [bmp-auth-service] [container-0-C-1] org.apache.kafka.clients.NetworkClient   : [Consumer clientId=consumer-anonymous.b4c32535-8def-4801-8a15-3295244fe1f6-2, groupId=anonymous.b4c32535-8def-4801-8a15-3295244fe1f6] Disconnecting from node 1 due to request timeout.
2026-09-02T10:42:50.956+05:30  INFO 35712 --- [bmp-auth-service] [container-0-C-1] org.apache.kafka.clients.NetworkClient   : [Consumer clientId=consumer-anonymous.b4c32535-8def-4801-8a15-3295244fe1f6-2, groupId=anonymous.b4c32535-8def-4801-8a15-3295244fe1f6] Cancelled in-flight FETCH request with correlation id 216201 due to node 1 being disconnected (elapsed time since creation: 25354359ms, elapsed time since send: 25354359ms, throttle time: 0ms, request timeout: 30000ms)
2026-09-02T10:42:50.956+05:30  INFO 35712 --- [bmp-auth-service] [container-0-C-1] o.a.kafka.clients.FetchSessionHandler    : [Consumer clientId=consumer-anonymous.b4c32535-8def-4801-8a15-3295244fe1f6-2, groupId=anonymous.b4c32535-8def-4801-8a15-3295244fe1f6] Error sending fetch request (sessionId=1006611121, epoch=7) to node 1:

org.apache.kafka.common.errors.DisconnectException: null

2026-09-02T10:42:50.987+05:30  INFO 35712 --- [bmp-auth-service] [15-3295244fe1f6] o.a.k.c.c.internals.ConsumerCoordinator  : [Consumer clientId=consumer-anonymous.b4c32535-8def-4801-8a15-3295244fe1f6-2, groupId=anonymous.b4c32535-8def-4801-8a15-3295244fe1f6] Group coordinator localhost:9092 (id: 2147483646 rack: null) is unavailable or invalid due to cause: session timed out without receiving a heartbeat response. isDisconnected: false. Rediscovery will be attempted.
2026-09-02T10:42:50.988+05:30  INFO 35712 --- [bmp-auth-service] [15-3295244fe1f6] o.a.k.c.c.internals.ConsumerCoordinator  : [Consumer clientId=consumer-anonymous.b4c32535-8def-4801-8a15-3295244fe1f6-2, groupId=anonymous.b4c32535-8def-4801-8a15-3295244fe1f6] Requesting disconnect from last known coordinator localhost:9092 (id: 2147483646 rack: null)
2026-09-02T10:42:53.597+05:30  INFO 35712 --- [bmp-auth-service] [container-0-C-1] o.a.k.c.c.internals.ConsumerCoordinator  : [Consumer clientId=consumer-anonymous.b4c32535-8def-4801-8a15-3295244fe1f6-2, groupId=anonymous.b4c32535-8def-4801-8a15-3295244fe1f6] Discovered group coordinator localhost:9092 (id: 2147483646 rack: null)
2026-09-02T10:43:01.469+05:30  INFO 35712 --- [bmp-auth-service] [pool-2-thread-1] org.apache.kafka.clients.NetworkClient   : [Consumer clientId=consumer-anonymous.b4c32535-8def-4801-8a15-3295244fe1f6-3, groupId=anonymous.b4c32535-8def-4801-8a15-3295244fe1f6] Node 2147483646 disconnected.
2026-09-02T10:43:15.315+05:30  INFO 35712 --- [bmp-auth-service] [vice-producer-1] org.apache.kafka.clients.NetworkClient   : [Producer clientId=bmp-auth-service-producer-1] Node 1 disconnected.
2026-09-02T10:43:16.297+05:30  WARN 35712 --- [bmp-auth-service] [l-1 housekeeper] com.zaxxer.hikari.pool.HikariPool        : HikariPool-1 - Thread starvation or clock leap detected (housekeeper delta=7h3m4s721ms711µs400ns).
2026-09-02T10:45:51.318+05:30  INFO 35712 --- [bmp-auth-service] [rap-executor-%d] c.n.d.s.r.aws.ConfigClusterResolver      : Resolving eureka endpoints via configuration
2026-09-02T10:50:51.327+05:30  INFO 35712 --- [bmp-auth-service] [rap-executor-%d] c.n.d.s.r.aws.ConfigClusterResolver      : Resolving eureka endpoints via configuration
2026-09-02T10:55:51.330+05:30  INFO 35712 --- [bmp-auth-service] [rap-executor-%d] c.n.d.s.r.aws.ConfigClusterResolver      : Resolving eureka endpoints via configuration
2026-09-02T11:00:51.335+05:30  INFO 35712 --- [bmp-auth-service] [rap-executor-%d] c.n.d.s.r.aws.ConfigClusterResolver      : Resolving eureka endpoints via configuration
2026-09-02T11:05:51.349+05:30  INFO 35712 --- [bmp-auth-service] [rap-executor-%d] c.n.d.s.r.aws.ConfigClusterResolver      : Resolving eureka endpoints via configuration
2026-09-02T11:10:51.362+05:30  INFO 35712 --- [bmp-auth-service] [rap-executor-%d] c.n.d.s.r.aws.ConfigClusterResolver      : Resolving eureka endpoints via configuration
2026-09-02T11:15:51.387+05:30  INFO 35712 --- [bmp-auth-service] [rap-executor-%d] c.n.d.s.r.aws.ConfigClusterResolver      : Resolving eureka endpoints via configuration
2026-09-02T11:20:51.408+05:30  INFO 35712 --- [bmp-auth-service] [rap-executor-%d] c.n.d.s.r.aws.ConfigClusterResolver      : Resolving eureka endpoints via configuration
2026-09-02T12:21:00.730+05:30  INFO 35712 --- [bmp-auth-service] [container-0-C-1] org.apache.kafka.clients.NetworkClient   : [Consumer clientId=consumer-anonymous.b4c32535-8def-4801-8a15-3295244fe1f6-2, groupId=anonymous.b4c32535-8def-4801-8a15-3295244fe1f6] Node 1 disconnected.
2026-09-02T12:21:00.960+05:30  INFO 35712 --- [bmp-auth-service] [container-0-C-1] org.apache.kafka.clients.NetworkClient   : [Consumer clientId=consumer-anonymous.b4c32535-8def-4801-8a15-3295244fe1f6-2, groupId=anonymous.b4c32535-8def-4801-8a15-3295244fe1f6] Cancelled in-flight FETCH request with correlation id 222109 due to node 1 being disconnected (elapsed time since creation: 3330677ms, elapsed time since send: 3330677ms, throttle time: 0ms, request timeout: 30000ms)
2026-09-02T12:21:01.059+05:30  INFO 35712 --- [bmp-auth-service] [container-0-C-1] org.apache.kafka.clients.NetworkClient   : [Consumer clientId=consumer-anonymous.b4c32535-8def-4801-8a15-3295244fe1f6-2, groupId=anonymous.b4c32535-8def-4801-8a15-3295244fe1f6] Disconnecting from node 2147483646 due to request timeout.
2026-09-02T12:21:01.084+05:30  INFO 35712 --- [bmp-auth-service] [container-0-C-1] org.apache.kafka.clients.NetworkClient   : [Consumer clientId=consumer-anonymous.b4c32535-8def-4801-8a15-3295244fe1f6-2, groupId=anonymous.b4c32535-8def-4801-8a15-3295244fe1f6] Cancelled in-flight HEARTBEAT request with correlation id 222110 due to node 2147483646 being disconnected (elapsed time since creation: 3329703ms, elapsed time since send: 3329703ms, throttle time: 0ms, request timeout: 30000ms)
2026-09-02T12:21:01.112+05:30  INFO 35712 --- [bmp-auth-service] [15-3295244fe1f6] o.a.k.c.c.internals.ConsumerCoordinator  : [Consumer clientId=consumer-anonymous.b4c32535-8def-4801-8a15-3295244fe1f6-2, groupId=anonymous.b4c32535-8def-4801-8a15-3295244fe1f6] Group coordinator localhost:9092 (id: 2147483646 rack: null) is unavailable or invalid due to cause: null. isDisconnected: true. Rediscovery will be attempted.
2026-09-02T12:21:01.090+05:30  INFO 35712 --- [bmp-auth-service] [container-0-C-1] o.a.kafka.clients.FetchSessionHandler    : [Consumer clientId=consumer-anonymous.b4c32535-8def-4801-8a15-3295244fe1f6-2, groupId=anonymous.b4c32535-8def-4801-8a15-3295244fe1f6] Error sending fetch request (sessionId=747880943, epoch=5036) to node 1:

org.apache.kafka.common.errors.DisconnectException: null

2026-09-02T12:21:02.880+05:30  INFO 35712 --- [bmp-auth-service] [container-0-C-1] o.a.k.c.c.internals.ConsumerCoordinator  : [Consumer clientId=consumer-anonymous.b4c32535-8def-4801-8a15-3295244fe1f6-2, groupId=anonymous.b4c32535-8def-4801-8a15-3295244fe1f6] Discovered group coordinator localhost:9092 (id: 2147483646 rack: null)
2026-09-02T12:21:03.131+05:30  INFO 35712 --- [bmp-auth-service] [container-0-C-1] o.a.k.c.c.internals.ConsumerCoordinator  : [Consumer clientId=consumer-anonymous.b4c32535-8def-4801-8a15-3295244fe1f6-2, groupId=anonymous.b4c32535-8def-4801-8a15-3295244fe1f6] Discovered group coordinator localhost:9092 (id: 2147483646 rack: null)
2026-09-02T12:21:12.963+05:30  INFO 35712 --- [bmp-auth-service] [vice-producer-1] org.apache.kafka.clients.NetworkClient   : [Producer clientId=bmp-auth-service-producer-1] Node 1 disconnected.
2026-09-02T12:21:13.602+05:30  WARN 35712 --- [bmp-auth-service] [l-1 housekeeper] com.zaxxer.hikari.pool.HikariPool        : HikariPool-1 - Thread starvation or clock leap detected (housekeeper delta=55m56s689ms815µs200ns).
2026-09-02T12:21:17.958+05:30  INFO 35712 --- [bmp-auth-service] [rap-executor-%d] c.n.d.s.r.aws.ConfigClusterResolver      : Resolving eureka endpoints via configuration
2026-09-02T12:21:29.111+05:30  INFO 35712 --- [bmp-auth-service] [pool-2-thread-1] org.apache.kafka.clients.NetworkClient   : [Consumer clientId=consumer-anonymous.b4c32535-8def-4801-8a15-3295244fe1f6-3, groupId=anonymous.b4c32535-8def-4801-8a15-3295244fe1f6] Node 2147483646 disconnected.
2026-09-02T12:21:29.116+05:30  INFO 35712 --- [bmp-auth-service] [pool-2-thread-1] o.a.k.c.c.internals.ConsumerCoordinator  : [Consumer clientId=consumer-anonymous.b4c32535-8def-4801-8a15-3295244fe1f6-3, groupId=anonymous.b4c32535-8def-4801-8a15-3295244fe1f6] Group coordinator localhost:9092 (id: 2147483646 rack: null) is unavailable or invalid due to cause: coordinator unavailable. isDisconnected: true. Rediscovery will be attempted.
2026-09-02T12:21:29.119+05:30  INFO 35712 --- [bmp-auth-service] [pool-2-thread-1] o.a.k.c.c.internals.ConsumerCoordinator  : [Consumer clientId=consumer-anonymous.b4c32535-8def-4801-8a15-3295244fe1f6-3, groupId=anonymous.b4c32535-8def-4801-8a15-3295244fe1f6] Discovered group coordinator localhost:9092 (id: 2147483646 rack: null)
2026-09-02T12:21:29.119+05:30  INFO 35712 --- [bmp-auth-service] [pool-2-thread-1] o.a.k.c.c.internals.ConsumerCoordinator  : [Consumer clientId=consumer-anonymous.b4c32535-8def-4801-8a15-3295244fe1f6-3, groupId=anonymous.b4c32535-8def-4801-8a15-3295244fe1f6] Group coordinator localhost:9092 (id: 2147483646 rack: null) is unavailable or invalid due to cause: coordinator unavailable. isDisconnected: false. Rediscovery will be attempted.
2026-09-02T12:21:29.119+05:30  INFO 35712 --- [bmp-auth-service] [pool-2-thread-1] o.a.k.c.c.internals.ConsumerCoordinator  : [Consumer clientId=consumer-anonymous.b4c32535-8def-4801-8a15-3295244fe1f6-3, groupId=anonymous.b4c32535-8def-4801-8a15-3295244fe1f6] Requesting disconnect from last known coordinator localhost:9092 (id: 2147483646 rack: null)
2026-09-02T12:21:29.219+05:30  INFO 35712 --- [bmp-auth-service] [pool-2-thread-1] o.a.k.c.c.internals.ConsumerCoordinator  : [Consumer clientId=consumer-anonymous.b4c32535-8def-4801-8a15-3295244fe1f6-3, groupId=anonymous.b4c32535-8def-4801-8a15-3295244fe1f6] Discovered group coordinator localhost:9092 (id: 2147483646 rack: null)
2026-09-02T12:26:17.966+05:30  INFO 35712 --- [bmp-auth-service] [rap-executor-%d] c.n.d.s.r.aws.ConfigClusterResolver      : Resolving eureka endpoints via configuration
2026-09-02T12:31:17.988+05:30  INFO 35712 --- [bmp-auth-service] [rap-executor-%d] c.n.d.s.r.aws.ConfigClusterResolver      : Resolving eureka endpoints via configuration
2026-09-02T12:36:17.999+05:30  INFO 35712 --- [bmp-auth-service] [rap-executor-%d] c.n.d.s.r.aws.ConfigClusterResolver      : Resolving eureka endpoints via configuration
2026-09-02T12:41:18.016+05:30  INFO 35712 --- [bmp-auth-service] [rap-executor-%d] c.n.d.s.r.aws.ConfigClusterResolver      : Resolving eureka endpoints via configuration
2026-09-02T12:46:18.036+05:30  INFO 35712 --- [bmp-auth-service] [rap-executor-%d] c.n.d.s.r.aws.ConfigClusterResolver      : Resolving eureka endpoints via configuration
2026-09-02T12:51:18.041+05:30  INFO 35712 --- [bmp-auth-service] [rap-executor-%d] c.n.d.s.r.aws.ConfigClusterResolver      : Resolving eureka endpoints via configuration
2026-09-02T12:56:18.052+05:30  INFO 35712 --- [bmp-auth-service] [rap-executor-%d] c.n.d.s.r.aws.ConfigClusterResolver      : Resolving eureka endpoints via configuration
2026-09-02T13:01:18.119+05:30  INFO 35712 --- [bmp-auth-service] [rap-executor-%d] c.n.d.s.r.aws.ConfigClusterResolver      : Resolving eureka endpoints via configuration
2026-09-02T13:06:18.126+05:30  INFO 35712 --- [bmp-auth-service] [rap-executor-%d] c.n.d.s.r.aws.ConfigClusterResolver      : Resolving eureka endpoints via configuration
2026-09-02T13:11:18.129+05:30  INFO 35712 --- [bmp-auth-service] [rap-executor-%d] c.n.d.s.r.aws.ConfigClusterResolver      : Resolving eureka endpoints via configuration
2026-09-02T13:16:18.137+05:30  INFO 35712 --- [bmp-auth-service] [rap-executor-%d] c.n.d.s.r.aws.ConfigClusterResolver      : Resolving eureka endpoints via configuration
2026-09-02T13:21:18.142+05:30  INFO 35712 --- [bmp-auth-service] [rap-executor-%d] c.n.d.s.r.aws.ConfigClusterResolver      : Resolving eureka endpoints via configuration
2026-09-02T20:02:25.787+05:30  INFO 35712 --- [bmp-auth-service] [container-0-C-1] org.apache.kafka.clients.NetworkClient   : [Consumer clientId=consumer-anonymous.b4c32535-8def-4801-8a15-3295244fe1f6-2, groupId=anonymous.b4c32535-8def-4801-8a15-3295244fe1f6] Node 1 disconnected.
2026-09-02T20:02:26.084+05:30  INFO 35712 --- [bmp-auth-service] [container-0-C-1] org.apache.kafka.clients.NetworkClient   : [Consumer clientId=consumer-anonymous.b4c32535-8def-4801-8a15-3295244fe1f6-2, groupId=anonymous.b4c32535-8def-4801-8a15-3295244fe1f6] Cancelled in-flight FETCH request with correlation id 230833 due to node 1 being disconnected (elapsed time since creation: 23888747ms, elapsed time since send: 23888747ms, throttle time: 0ms, request timeout: 30000ms)
2026-09-02T20:02:26.086+05:30  INFO 35712 --- [bmp-auth-service] [container-0-C-1] org.apache.kafka.clients.NetworkClient   : [Consumer clientId=consumer-anonymous.b4c32535-8def-4801-8a15-3295244fe1f6-2, groupId=anonymous.b4c32535-8def-4801-8a15-3295244fe1f6] Disconnecting from node 2147483646 due to request timeout.
2026-09-02T20:02:26.289+05:30  INFO 35712 --- [bmp-auth-service] [container-0-C-1] org.apache.kafka.clients.NetworkClient   : [Consumer clientId=consumer-anonymous.b4c32535-8def-4801-8a15-3295244fe1f6-2, groupId=anonymous.b4c32535-8def-4801-8a15-3295244fe1f6] Cancelled in-flight HEARTBEAT request with correlation id 230834 due to node 2147483646 being disconnected (elapsed time since creation: 23887995ms, elapsed time since send: 23887995ms, throttle time: 0ms, request timeout: 30000ms)
2026-09-02T20:02:26.296+05:30  INFO 35712 --- [bmp-auth-service] [15-3295244fe1f6] o.a.k.c.c.internals.ConsumerCoordinator  : [Consumer clientId=consumer-anonymous.b4c32535-8def-4801-8a15-3295244fe1f6-2, groupId=anonymous.b4c32535-8def-4801-8a15-3295244fe1f6] Group coordinator localhost:9092 (id: 2147483646 rack: null) is unavailable or invalid due to cause: null. isDisconnected: true. Rediscovery will be attempted.
2026-09-02T20:02:26.296+05:30  INFO 35712 --- [bmp-auth-service] [container-0-C-1] o.a.kafka.clients.FetchSessionHandler    : [Consumer clientId=consumer-anonymous.b4c32535-8def-4801-8a15-3295244fe1f6-2, groupId=anonymous.b4c32535-8def-4801-8a15-3295244fe1f6] Error sending fetch request (sessionId=1447172470, epoch=7431) to node 1:

org.apache.kafka.common.errors.DisconnectException: null

2026-09-02T20:02:27.571+05:30  INFO 35712 --- [bmp-auth-service] [container-0-C-1] o.a.k.c.c.internals.ConsumerCoordinator  : [Consumer clientId=consumer-anonymous.b4c32535-8def-4801-8a15-3295244fe1f6-2, groupId=anonymous.b4c32535-8def-4801-8a15-3295244fe1f6] Discovered group coordinator localhost:9092 (id: 2147483646 rack: null)
2026-09-02T20:02:27.642+05:30  INFO 35712 --- [bmp-auth-service] [container-0-C-1] o.a.k.c.c.internals.ConsumerCoordinator  : [Consumer clientId=consumer-anonymous.b4c32535-8def-4801-8a15-3295244fe1f6-2, groupId=anonymous.b4c32535-8def-4801-8a15-3295244fe1f6] Discovered group coordinator localhost:9092 (id: 2147483646 rack: null)
2026-09-02T20:02:36.952+05:30  INFO 35712 --- [bmp-auth-service] [pool-2-thread-1] org.apache.kafka.clients.NetworkClient   : [Consumer clientId=consumer-anonymous.b4c32535-8def-4801-8a15-3295244fe1f6-3, groupId=anonymous.b4c32535-8def-4801-8a15-3295244fe1f6] Node 2147483646 disconnected.
2026-09-02T20:02:36.960+05:30  INFO 35712 --- [bmp-auth-service] [pool-2-thread-1] o.a.k.c.c.internals.ConsumerCoordinator  : [Consumer clientId=consumer-anonymous.b4c32535-8def-4801-8a15-3295244fe1f6-3, groupId=anonymous.b4c32535-8def-4801-8a15-3295244fe1f6] Group coordinator localhost:9092 (id: 2147483646 rack: null) is unavailable or invalid due to cause: coordinator unavailable. isDisconnected: true. Rediscovery will be attempted.
2026-09-02T20:02:36.965+05:30  INFO 35712 --- [bmp-auth-service] [pool-2-thread-1] o.a.k.c.c.internals.ConsumerCoordinator  : [Consumer clientId=consumer-anonymous.b4c32535-8def-4801-8a15-3295244fe1f6-3, groupId=anonymous.b4c32535-8def-4801-8a15-3295244fe1f6] Discovered group coordinator localhost:9092 (id: 2147483646 rack: null)
2026-09-02T20:02:36.966+05:30  INFO 35712 --- [bmp-auth-service] [pool-2-thread-1] o.a.k.c.c.internals.ConsumerCoordinator  : [Consumer clientId=consumer-anonymous.b4c32535-8def-4801-8a15-3295244fe1f6-3, groupId=anonymous.b4c32535-8def-4801-8a15-3295244fe1f6] Group coordinator localhost:9092 (id: 2147483646 rack: null) is unavailable or invalid due to cause: coordinator unavailable. isDisconnected: false. Rediscovery will be attempted.
2026-09-02T20:02:36.967+05:30  INFO 35712 --- [bmp-auth-service] [pool-2-thread-1] o.a.k.c.c.internals.ConsumerCoordinator  : [Consumer clientId=consumer-anonymous.b4c32535-8def-4801-8a15-3295244fe1f6-3, groupId=anonymous.b4c32535-8def-4801-8a15-3295244fe1f6] Requesting disconnect from last known coordinator localhost:9092 (id: 2147483646 rack: null)
2026-09-02T20:02:37.081+05:30  INFO 35712 --- [bmp-auth-service] [pool-2-thread-1] o.a.k.c.c.internals.ConsumerCoordinator  : [Consumer clientId=consumer-anonymous.b4c32535-8def-4801-8a15-3295244fe1f6-3, groupId=anonymous.b4c32535-8def-4801-8a15-3295244fe1f6] Discovered group coordinator localhost:9092 (id: 2147483646 rack: null)
2026-09-02T20:02:49.737+05:30  INFO 35712 --- [bmp-auth-service] [vice-producer-1] org.apache.kafka.clients.NetworkClient   : [Producer clientId=bmp-auth-service-producer-1] Node 1 disconnected.
2026-09-02T20:02:51.263+05:30  WARN 35712 --- [bmp-auth-service] [l-1 housekeeper] com.zaxxer.hikari.pool.HikariPool        : HikariPool-1 - Thread starvation or clock leap detected (housekeeper delta=6h38m38s672ms559µs400ns).
2026-09-02T20:04:24.275+05:30  INFO 35712 --- [bmp-auth-service] [rap-executor-%d] c.n.d.s.r.aws.ConfigClusterResolver      : Resolving eureka endpoints via configuration
2026-09-02T20:09:24.308+05:30  INFO 35712 --- [bmp-auth-service] [rap-executor-%d] c.n.d.s.r.aws.ConfigClusterResolver      : Resolving eureka endpoints via configuration
2026-09-02T20:14:24.314+05:30  INFO 35712 --- [bmp-auth-service] [rap-executor-%d] c.n.d.s.r.aws.ConfigClusterResolver      : Resolving eureka endpoints via configuration
2026-09-02T20:19:24.325+05:30  INFO 35712 --- [bmp-auth-service] [rap-executor-%d] c.n.d.s.r.aws.ConfigClusterResolver      : Resolving eureka endpoints via configuration
2026-09-02T20:24:24.334+05:30  INFO 35712 --- [bmp-auth-service] [rap-executor-%d] c.n.d.s.r.aws.ConfigClusterResolver      : Resolving eureka endpoints via configuration
2026-09-02T20:29:24.348+05:30  INFO 35712 --- [bmp-auth-service] [rap-executor-%d] c.n.d.s.r.aws.ConfigClusterResolver      : Resolving eureka endpoints via configuration
2026-09-02T20:34:24.367+05:30  INFO 35712 --- [bmp-auth-service] [rap-executor-%d] c.n.d.s.r.aws.ConfigClusterResolver      : Resolving eureka endpoints via configuration
2026-09-02T20:39:24.379+05:30  INFO 35712 --- [bmp-auth-service] [rap-executor-%d] c.n.d.s.r.aws.ConfigClusterResolver      : Resolving eureka endpoints via configuration
2026-09-02T20:44:24.391+05:30  INFO 35712 --- [bmp-auth-service] [rap-executor-%d] c.n.d.s.r.aws.ConfigClusterResolver      : Resolving eureka endpoints via configuration
2026-09-02T20:49:24.401+05:30  INFO 35712 --- [bmp-auth-service] [rap-executor-%d] c.n.d.s.r.aws.ConfigClusterResolver      : Resolving eureka endpoints via configuration
2026-09-02T20:54:24.416+05:30  INFO 35712 --- [bmp-auth-service] [rap-executor-%d] c.n.d.s.r.aws.ConfigClusterResolver      : Resolving eureka endpoints via configuration
2026-09-02T20:59:24.418+05:30  INFO 35712 --- [bmp-auth-service] [rap-executor-%d] c.n.d.s.r.aws.ConfigClusterResolver      : Resolving eureka endpoints via configuration
2026-09-02T21:04:24.426+05:30  INFO 35712 --- [bmp-auth-service] [rap-executor-%d] c.n.d.s.r.aws.ConfigClusterResolver      : Resolving eureka endpoints via configuration
2026-09-02T21:09:24.438+05:30  INFO 35712 --- [bmp-auth-service] [rap-executor-%d] c.n.d.s.r.aws.ConfigClusterResolver      : Resolving eureka endpoints via configuration
2026-09-02T21:14:24.439+05:30  INFO 35712 --- [bmp-auth-service] [rap-executor-%d] c.n.d.s.r.aws.ConfigClusterResolver      : Resolving eureka endpoints via configuration
2026-09-02T21:19:24.450+05:30  INFO 35712 --- [bmp-auth-service] [rap-executor-%d] c.n.d.s.r.aws.ConfigClusterResolver      : Resolving eureka endpoints via configuration
2026-09-02T21:24:24.452+05:30  INFO 35712 --- [bmp-auth-service] [rap-executor-%d] c.n.d.s.r.aws.ConfigClusterResolver      : Resolving eureka endpoints via configuration
2026-09-02T21:29:24.465+05:30  INFO 35712 --- [bmp-auth-service] [rap-executor-%d] c.n.d.s.r.aws.ConfigClusterResolver      : Resolving eureka endpoints via configuration
2026-09-02T21:34:24.479+05:30  INFO 35712 --- [bmp-auth-service] [rap-executor-%d] c.n.d.s.r.aws.ConfigClusterResolver      : Resolving eureka endpoints via configuration
2026-09-02T21:39:24.495+05:30  INFO 35712 --- [bmp-auth-service] [rap-executor-%d] c.n.d.s.r.aws.ConfigClusterResolver      : Resolving eureka endpoints via configuration
2026-09-02T21:44:24.503+05:30  INFO 35712 --- [bmp-auth-service] [rap-executor-%d] c.n.d.s.r.aws.ConfigClusterResolver      : Resolving eureka endpoints via configuration
2026-09-02T21:49:24.539+05:30  INFO 35712 --- [bmp-auth-service] [rap-executor-%d] c.n.d.s.r.aws.ConfigClusterResolver      : Resolving eureka endpoints via configuration
2026-09-02T21:54:24.549+05:30  INFO 35712 --- [bmp-auth-service] [rap-executor-%d] c.n.d.s.r.aws.ConfigClusterResolver      : Resolving eureka endpoints via configuration
2026-09-02T21:59:24.559+05:30  INFO 35712 --- [bmp-auth-service] [rap-executor-%d] c.n.d.s.r.aws.ConfigClusterResolver      : Resolving eureka endpoints via configuration
2026-09-02T22:04:24.563+05:30  INFO 35712 --- [bmp-auth-service] [rap-executor-%d] c.n.d.s.r.aws.ConfigClusterResolver      : Resolving eureka endpoints via configuration
2026-09-02T22:09:24.581+05:30  INFO 35712 --- [bmp-auth-service] [rap-executor-%d] c.n.d.s.r.aws.ConfigClusterResolver      : Resolving eureka endpoints via configuration
