Standard Commons Logging discovery in action with spring-jcl: please remove commons-logging.jar from classpath in order to avoid potential conflicts

  .   ____          _            __ _ _
 /\\ / ___'_ __ _ _(_)_ __  __ _ \ \ \ \
( ( )\___ | '_ | '_| | '_ \/ _` | \ \ \ \
 \\/  ___)| |_)| | | | | || (_| |  ) ) ) )
  '  |____| .__|_| |_|_| |_\__, | / / / /
 =========|_|==============|___/=/_/_/_/

 :: Spring Boot ::                (v3.4.1)

2026-08-28T22:33:21.071+05:30  INFO 36404 --- [eureka-server] [           main] com.bmp.eureka.EurekaServerApplication   : Starting EurekaServerApplication using Java 21.0.11 with PID 36404 (C:\BMP -PRJ\BMP\eureka-server\target\classes started by Lenovo in C:\BMP -PRJ\BMP\eureka-server)
2026-08-28T22:33:21.080+05:30  INFO 36404 --- [eureka-server] [           main] com.bmp.eureka.EurekaServerApplication   : No active profile set, falling back to 1 default profile: "default"
2026-08-28T22:33:21.896+05:30  INFO 36404 --- [eureka-server] [           main] o.s.cloud.context.scope.GenericScope     : BeanFactory id=18f17035-9f92-30f1-b1a4-620c23b739f7
2026-08-28T22:33:22.113+05:30  INFO 36404 --- [eureka-server] [           main] o.s.b.w.embedded.tomcat.TomcatWebServer  : Tomcat initialized with port 8761 (http)
2026-08-28T22:33:22.124+05:30  INFO 36404 --- [eureka-server] [           main] o.apache.catalina.core.StandardService   : Starting service [Tomcat]
2026-08-28T22:33:22.125+05:30  INFO 36404 --- [eureka-server] [           main] o.apache.catalina.core.StandardEngine    : Starting Servlet engine: [Apache Tomcat/10.1.34]
2026-08-28T22:33:22.191+05:30  INFO 36404 --- [eureka-server] [           main] o.a.c.c.C.[Tomcat].[localhost].[/]       : Initializing Spring embedded WebApplicationContext
2026-08-28T22:33:22.191+05:30  INFO 36404 --- [eureka-server] [           main] w.s.c.ServletWebServerApplicationContext : Root WebApplicationContext: initialization completed in 1077 ms
Standard Commons Logging discovery in action with spring-jcl: please remove commons-logging.jar from classpath in order to avoid potential conflicts
2026-08-28T22:33:22.809+05:30  INFO 36404 --- [eureka-server] [           main] c.n.d.provider.DiscoveryJerseyProvider   : Using JSON encoding codec LegacyJacksonJson
2026-08-28T22:33:22.810+05:30  INFO 36404 --- [eureka-server] [           main] c.n.d.provider.DiscoveryJerseyProvider   : Using JSON decoding codec LegacyJacksonJson
2026-08-28T22:33:22.933+05:30  INFO 36404 --- [eureka-server] [           main] c.n.d.provider.DiscoveryJerseyProvider   : Using XML encoding codec XStreamXml
2026-08-28T22:33:22.933+05:30  INFO 36404 --- [eureka-server] [           main] c.n.d.provider.DiscoveryJerseyProvider   : Using XML decoding codec XStreamXml
2026-08-28T22:33:23.046+05:30  INFO 36404 --- [eureka-server] [           main] o.s.v.b.OptionalValidatorFactoryBean     : Failed to set up a Bean Validation provider: jakarta.validation.NoProviderFoundException: Unable to create a Configuration, because no Jakarta Bean Validation provider could be found. Add a provider like Hibernate Validator (RI) to your classpath.
2026-08-28T22:33:23.526+05:30  WARN 36404 --- [eureka-server] [           main] iguration$LoadBalancerCaffeineWarnLogger : Spring Cloud LoadBalancer is currently working with the default cache. While this cache implementation is useful for development and tests, it's recommended to use Caffeine cache in production.You can switch to using Caffeine cache, by adding it and org.springframework.cache.caffeine.CaffeineCacheManager to the classpath.
2026-08-28T22:33:23.539+05:30  INFO 36404 --- [eureka-server] [           main] o.s.c.n.eureka.InstanceInfoFactory       : Setting initial instance status as: STARTING
2026-08-28T22:33:23.552+05:30  INFO 36404 --- [eureka-server] [           main] com.netflix.discovery.DiscoveryClient    : Initializing Eureka in region us-east-1
2026-08-28T22:33:23.552+05:30  INFO 36404 --- [eureka-server] [           main] com.netflix.discovery.DiscoveryClient    : Client configured to neither register nor query for data.
2026-08-28T22:33:23.554+05:30  INFO 36404 --- [eureka-server] [           main] com.netflix.discovery.DiscoveryClient    : Discovery Client initialized at timestamp 1787936603554 with initial instances count: 0
2026-08-28T22:33:23.584+05:30  INFO 36404 --- [eureka-server] [           main] c.n.eureka.DefaultEurekaServerContext    : Initializing ...
2026-08-28T22:33:23.585+05:30  WARN 36404 --- [eureka-server] [           main] c.n.eureka.cluster.PeerEurekaNodes       : The replica size seems to be empty. Check the route 53 DNS Registry
2026-08-28T22:33:23.593+05:30  INFO 36404 --- [eureka-server] [           main] c.n.e.registry.AbstractInstanceRegistry  : Finished initializing remote region registries. All known remote regions: []
2026-08-28T22:33:23.593+05:30  INFO 36404 --- [eureka-server] [           main] c.n.eureka.DefaultEurekaServerContext    : Initialized
2026-08-28T22:33:23.602+05:30  INFO 36404 --- [eureka-server] [           main] o.s.b.a.e.web.EndpointLinksResolver      : Exposing 3 endpoints beneath base path '/actuator'
2026-08-28T22:33:23.634+05:30  INFO 36404 --- [eureka-server] [           main] o.s.c.n.e.s.EurekaServiceRegistry        : Registering application EUREKA-SERVER with eureka with status UP
2026-08-28T22:33:23.642+05:30  INFO 36404 --- [eureka-server] [       Thread-9] o.s.c.n.e.server.EurekaServerBootstrap   : isAws returned false
2026-08-28T22:33:23.642+05:30  INFO 36404 --- [eureka-server] [       Thread-9] o.s.c.n.e.server.EurekaServerBootstrap   : Initialized server context
2026-08-28T22:33:23.642+05:30  INFO 36404 --- [eureka-server] [       Thread-9] c.n.e.r.PeerAwareInstanceRegistryImpl    : Got 1 instances from neighboring DS node
2026-08-28T22:33:23.642+05:30  INFO 36404 --- [eureka-server] [       Thread-9] c.n.e.r.PeerAwareInstanceRegistryImpl    : Renew threshold is: 1
2026-08-28T22:33:23.642+05:30  INFO 36404 --- [eureka-server] [       Thread-9] c.n.e.r.PeerAwareInstanceRegistryImpl    : Changing status to UP
2026-08-28T22:33:23.644+05:30  INFO 36404 --- [eureka-server] [       Thread-9] e.s.EurekaServerInitializerConfiguration : Started Eureka Server
2026-08-28T22:33:23.658+05:30  INFO 36404 --- [eureka-server] [           main] o.s.b.w.embedded.tomcat.TomcatWebServer  : Tomcat started on port 8761 (http) with context path '/'
2026-08-28T22:33:23.658+05:30  INFO 36404 --- [eureka-server] [           main] .s.c.n.e.s.EurekaAutoServiceRegistration : Updating port to 8761
2026-08-28T22:33:23.670+05:30  INFO 36404 --- [eureka-server] [           main] com.bmp.eureka.EurekaServerApplication   : Started EurekaServerApplication in 2.964 seconds (process running for 3.4)
2026-08-28T22:33:56.230+05:30  INFO 36404 --- [eureka-server] [nio-8761-exec-1] o.a.c.c.C.[Tomcat].[localhost].[/]       : Initializing Spring DispatcherServlet 'dispatcherServlet'
2026-08-28T22:33:56.231+05:30  INFO 36404 --- [eureka-server] [nio-8761-exec-1] o.s.web.servlet.DispatcherServlet        : Initializing Servlet 'dispatcherServlet'
2026-08-28T22:33:56.235+05:30  INFO 36404 --- [eureka-server] [nio-8761-exec-1] o.s.web.servlet.DispatcherServlet        : Completed initialization in 3 ms
2026-08-28T22:33:56.904+05:30  INFO 36404 --- [eureka-server] [nio-8761-exec-2] c.n.e.registry.AbstractInstanceRegistry  : Registered instance BMP-CONFIG-SERVER/Darshan.mshome.net:bmp-config-server:8888 with status UP (replication=false)
2026-08-28T22:34:02.626+05:30  INFO 36404 --- [eureka-server] [nio-8761-exec-4] c.n.e.registry.AbstractInstanceRegistry  : Registered instance BMP-AUTH-SERVICE/Darshan.mshome.net:bmp-auth-service:8081 with status UP (replication=false)
2026-08-28T22:34:23.643+05:30  INFO 36404 --- [eureka-server] [a-EvictionTimer] c.n.e.registry.AbstractInstanceRegistry  : Running the evict task with compensationTime 0ms
2026-08-28T22:34:26.997+05:30  INFO 36404 --- [eureka-server] [nio-8761-exec-9] c.n.e.registry.AbstractInstanceRegistry  : Registered instance BMP-USER-SERVICE/Darshan.mshome.net:bmp-user-service:8082 with status UP (replication=false)
2026-08-28T22:35:12.960+05:30  INFO 36404 --- [eureka-server] [nio-8761-exec-9] c.n.e.registry.AbstractInstanceRegistry  : Registered instance BMP-SALON-SERVICE/Darshan.mshome.net:bmp-salon-service:8083 with status UP (replication=false)
2026-08-28T22:35:23.646+05:30  INFO 36404 --- [eureka-server] [a-EvictionTimer] c.n.e.registry.AbstractInstanceRegistry  : Running the evict task with compensationTime 3ms
2026-08-28T22:36:02.749+05:30  INFO 36404 --- [eureka-server] [nio-8761-exec-4] c.n.e.registry.AbstractInstanceRegistry  : Registered instance BMP-MONITORING/Darshan.mshome.net:bmp-monitoring:8090 with status UP (replication=false)
2026-08-28T22:36:23.656+05:30  INFO 36404 --- [eureka-server] [a-EvictionTimer] c.n.e.registry.AbstractInstanceRegistry  : Running the evict task with compensationTime 10ms
2026-08-28T22:36:31.653+05:30  INFO 36404 --- [eureka-server] [nio-8761-exec-1] c.n.e.registry.AbstractInstanceRegistry  : Registered instance BMP-REVIEW-SERVICE/Darshan.mshome.net:bmp-review-service:8086 with status UP (replication=false)
2026-08-28T22:36:36.511+05:30  INFO 36404 --- [eureka-server] [nio-8761-exec-9] c.n.e.registry.AbstractInstanceRegistry  : Registered instance BMP-PAYMENT-SERVICE/Darshan.mshome.net:bmp-payment-service:8085 with status UP (replication=false)
2026-08-28T22:36:37.081+05:30  INFO 36404 --- [eureka-server] [nio-8761-exec-8] c.n.e.registry.AbstractInstanceRegistry  : Registered instance BMP-REWARDS-SERVICE/Darshan.mshome.net:bmp-rewards-service:8087 with status UP (replication=false)
2026-08-28T22:36:38.869+05:30  INFO 36404 --- [eureka-server] [nio-8761-exec-1] c.n.e.registry.AbstractInstanceRegistry  : Registered instance BMP-ADMIN-SERVICE/Darshan.mshome.net:bmp-admin-service:8088 with status UP (replication=false)
2026-08-28T22:36:42.990+05:30  INFO 36404 --- [eureka-server] [nio-8761-exec-4] c.n.e.registry.AbstractInstanceRegistry  : Registered instance BMP-BOOKING-SERVICE/Darshan.mshome.net:bmp-booking-service:8084 with status UP (replication=false)
2026-08-28T22:36:47.970+05:30  INFO 36404 --- [eureka-server] [nio-8761-exec-9] c.n.e.registry.AbstractInstanceRegistry  : Registered instance BMP-NOTIFICATION-SERVICE/Darshan.mshome.net:bmp-notification-service:8089 with status UP (replication=false)
2026-08-28T22:37:19.986+05:30  INFO 36404 --- [eureka-server] [nio-8761-exec-1] c.n.e.registry.AbstractInstanceRegistry  : Registered instance API-GATEWAY/Darshan.mshome.net:api-gateway:8080 with status UP (replication=false)
2026-08-28T22:37:23.659+05:30  INFO 36404 --- [eureka-server] [a-EvictionTimer] c.n.e.registry.AbstractInstanceRegistry  : Running the evict task with compensationTime 3ms
2026-08-28T22:38:23.669+05:30  INFO 36404 --- [eureka-server] [a-EvictionTimer] c.n.e.registry.AbstractInstanceRegistry  : Running the evict task with compensationTime 10ms
2026-08-28T22:39:23.681+05:30  INFO 36404 --- [eureka-server] [a-EvictionTimer] c.n.e.registry.AbstractInstanceRegistry  : Running the evict task with compensationTime 10ms
2026-08-28T22:40:23.684+05:30  INFO 36404 --- [eureka-server] [a-EvictionTimer] c.n.e.registry.AbstractInstanceRegistry  : Running the evict task with compensationTime 3ms
2026-08-28T22:41:23.695+05:30  INFO 36404 --- [eureka-server] [a-EvictionTimer] c.n.e.registry.AbstractInstanceRegistry  : Running the evict task with compensationTime 11ms
2026-08-28T22:42:23.700+05:30  INFO 36404 --- [eureka-server] [a-EvictionTimer] c.n.e.registry.AbstractInstanceRegistry  : Running the evict task with compensationTime 5ms
2026-08-28T22:43:23.591+05:30  WARN 36404 --- [eureka-server] [eerNodesUpdater] c.n.eureka.cluster.PeerEurekaNodes       : The replica size seems to be empty. Check the route 53 DNS Registry
2026-08-28T22:43:23.706+05:30  INFO 36404 --- [eureka-server] [a-EvictionTimer] c.n.e.registry.AbstractInstanceRegistry  : Running the evict task with compensationTime 6ms
2026-08-28T22:44:23.707+05:30  INFO 36404 --- [eureka-server] [a-EvictionTimer] c.n.e.registry.AbstractInstanceRegistry  : Running the evict task with compensationTime 0ms
2026-08-28T22:45:23.720+05:30  INFO 36404 --- [eureka-server] [a-EvictionTimer] c.n.e.registry.AbstractInstanceRegistry  : Running the evict task with compensationTime 12ms
2026-08-28T22:46:23.724+05:30  INFO 36404 --- [eureka-server] [a-EvictionTimer] c.n.e.registry.AbstractInstanceRegistry  : Running the evict task with compensationTime 5ms
2026-08-28T22:47:23.733+05:30  INFO 36404 --- [eureka-server] [a-EvictionTimer] c.n.e.registry.AbstractInstanceRegistry  : Running the evict task with compensationTime 8ms
2026-08-28T22:48:23.596+05:30  INFO 36404 --- [eureka-server] [hresholdUpdater] c.n.e.r.PeerAwareInstanceRegistryImpl    : Current renewal threshold is : 0
2026-08-28T22:48:23.734+05:30  INFO 36404 --- [eureka-server] [a-EvictionTimer] c.n.e.registry.AbstractInstanceRegistry  : Running the evict task with compensationTime 0ms
2026-08-28T22:49:23.743+05:30  INFO 36404 --- [eureka-server] [a-EvictionTimer] c.n.e.registry.AbstractInstanceRegistry  : Running the evict task with compensationTime 8ms
2026-08-28T22:50:23.755+05:30  INFO 36404 --- [eureka-server] [a-EvictionTimer] c.n.e.registry.AbstractInstanceRegistry  : Running the evict task with compensationTime 12ms
2026-08-28T22:51:23.762+05:30  INFO 36404 --- [eureka-server] [a-EvictionTimer] c.n.e.registry.AbstractInstanceRegistry  : Running the evict task with compensationTime 7ms
2026-08-28T22:52:23.763+05:30  INFO 36404 --- [eureka-server] [a-EvictionTimer] c.n.e.registry.AbstractInstanceRegistry  : Running the evict task with compensationTime 0ms
2026-08-28T22:53:23.615+05:30  WARN 36404 --- [eureka-server] [eerNodesUpdater] c.n.eureka.cluster.PeerEurekaNodes       : The replica size seems to be empty. Check the route 53 DNS Registry
2026-08-28T22:53:23.776+05:30  INFO 36404 --- [eureka-server] [a-EvictionTimer] c.n.e.registry.AbstractInstanceRegistry  : Running the evict task with compensationTime 13ms
2026-08-28T22:54:23.790+05:30  INFO 36404 --- [eureka-server] [a-EvictionTimer] c.n.e.registry.AbstractInstanceRegistry  : Running the evict task with compensationTime 14ms
2026-08-28T22:55:23.797+05:30  INFO 36404 --- [eureka-server] [a-EvictionTimer] c.n.e.registry.AbstractInstanceRegistry  : Running the evict task with compensationTime 6ms
2026-08-28T22:56:23.809+05:30  INFO 36404 --- [eureka-server] [a-EvictionTimer] c.n.e.registry.AbstractInstanceRegistry  : Running the evict task with compensationTime 12ms
2026-08-28T22:57:23.820+05:30  INFO 36404 --- [eureka-server] [a-EvictionTimer] c.n.e.registry.AbstractInstanceRegistry  : Running the evict task with compensationTime 11ms
2026-08-28T22:58:23.824+05:30  INFO 36404 --- [eureka-server] [a-EvictionTimer] c.n.e.registry.AbstractInstanceRegistry  : Running the evict task with compensationTime 2ms
2026-08-28T22:59:23.834+05:30  INFO 36404 --- [eureka-server] [a-EvictionTimer] c.n.e.registry.AbstractInstanceRegistry  : Running the evict task with compensationTime 10ms
2026-08-28T23:00:23.835+05:30  INFO 36404 --- [eureka-server] [a-EvictionTimer] c.n.e.registry.AbstractInstanceRegistry  : Running the evict task with compensationTime 1ms
2026-08-28T23:01:23.839+05:30  INFO 36404 --- [eureka-server] [a-EvictionTimer] c.n.e.registry.AbstractInstanceRegistry  : Running the evict task with compensationTime 3ms
2026-08-28T23:02:23.843+05:30  INFO 36404 --- [eureka-server] [a-EvictionTimer] c.n.e.registry.AbstractInstanceRegistry  : Running the evict task with compensationTime 4ms
2026-08-28T23:03:23.612+05:30  INFO 36404 --- [eureka-server] [hresholdUpdater] c.n.e.r.PeerAwareInstanceRegistryImpl    : Current renewal threshold is : 0
2026-08-28T23:03:23.638+05:30  WARN 36404 --- [eureka-server] [eerNodesUpdater] c.n.eureka.cluster.PeerEurekaNodes       : The replica size seems to be empty. Check the route 53 DNS Registry
2026-08-28T23:03:23.846+05:30  INFO 36404 --- [eureka-server] [a-EvictionTimer] c.n.e.registry.AbstractInstanceRegistry  : Running the evict task with compensationTime 2ms
2026-08-28T23:04:23.855+05:30  INFO 36404 --- [eureka-server] [a-EvictionTimer] c.n.e.registry.AbstractInstanceRegistry  : Running the evict task with compensationTime 9ms
2026-08-28T23:05:23.856+05:30  INFO 36404 --- [eureka-server] [a-EvictionTimer] c.n.e.registry.AbstractInstanceRegistry  : Running the evict task with compensationTime 0ms
2026-08-28T23:06:23.860+05:30  INFO 36404 --- [eureka-server] [a-EvictionTimer] c.n.e.registry.AbstractInstanceRegistry  : Running the evict task with compensationTime 4ms
2026-08-28T23:07:23.873+05:30  INFO 36404 --- [eureka-server] [a-EvictionTimer] c.n.e.registry.AbstractInstanceRegistry  : Running the evict task with compensationTime 12ms
2026-08-28T23:08:23.876+05:30  INFO 36404 --- [eureka-server] [a-EvictionTimer] c.n.e.registry.AbstractInstanceRegistry  : Running the evict task with compensationTime 2ms
2026-08-28T23:09:23.878+05:30  INFO 36404 --- [eureka-server] [a-EvictionTimer] c.n.e.registry.AbstractInstanceRegistry  : Running the evict task with compensationTime 1ms
2026-08-28T23:10:23.879+05:30  INFO 36404 --- [eureka-server] [a-EvictionTimer] c.n.e.registry.AbstractInstanceRegistry  : Running the evict task with compensationTime 0ms
2026-08-28T23:11:23.879+05:30  INFO 36404 --- [eureka-server] [a-EvictionTimer] c.n.e.registry.AbstractInstanceRegistry  : Running the evict task with compensationTime 0ms
2026-08-28T23:11:41.405+05:30  INFO 36404 --- [eureka-server] [nio-8761-exec-2] c.n.e.registry.AbstractInstanceRegistry  : Registered instance BMP-ADMIN-SERVICE/Darshan.mshome.net:bmp-admin-service:8088 with status UP (replication=false)
2026-08-28T23:12:23.879+05:30  INFO 36404 --- [eureka-server] [a-EvictionTimer] c.n.e.registry.AbstractInstanceRegistry  : Running the evict task with compensationTime 0ms
2026-08-28T23:13:23.662+05:30  WARN 36404 --- [eureka-server] [eerNodesUpdater] c.n.eureka.cluster.PeerEurekaNodes       : The replica size seems to be empty. Check the route 53 DNS Registry
2026-08-28T23:13:23.888+05:30  INFO 36404 --- [eureka-server] [a-EvictionTimer] c.n.e.registry.AbstractInstanceRegistry  : Running the evict task with compensationTime 8ms
2026-08-28T23:14:23.894+05:30  INFO 36404 --- [eureka-server] [a-EvictionTimer] c.n.e.registry.AbstractInstanceRegistry  : Running the evict task with compensationTime 6ms
2026-08-28T23:15:23.902+05:30  INFO 36404 --- [eureka-server] [a-EvictionTimer] c.n.e.registry.AbstractInstanceRegistry  : Running the evict task with compensationTime 8ms
2026-08-28T23:16:23.916+05:30  INFO 36404 --- [eureka-server] [a-EvictionTimer] c.n.e.registry.AbstractInstanceRegistry  : Running the evict task with compensationTime 13ms
2026-08-28T23:17:23.920+05:30  INFO 36404 --- [eureka-server] [a-EvictionTimer] c.n.e.registry.AbstractInstanceRegistry  : Running the evict task with compensationTime 4ms
2026-08-28T23:18:23.621+05:30  INFO 36404 --- [eureka-server] [hresholdUpdater] c.n.e.r.PeerAwareInstanceRegistryImpl    : Current renewal threshold is : 0
2026-08-28T23:18:23.936+05:30  INFO 36404 --- [eureka-server] [a-EvictionTimer] c.n.e.registry.AbstractInstanceRegistry  : Running the evict task with compensationTime 15ms
2026-08-28T23:19:23.938+05:30  INFO 36404 --- [eureka-server] [a-EvictionTimer] c.n.e.registry.AbstractInstanceRegistry  : Running the evict task with compensationTime 2ms
2026-08-28T23:20:23.942+05:30  INFO 36404 --- [eureka-server] [a-EvictionTimer] c.n.e.registry.AbstractInstanceRegistry  : Running the evict task with compensationTime 3ms
2026-08-28T23:21:23.947+05:30  INFO 36404 --- [eureka-server] [a-EvictionTimer] c.n.e.registry.AbstractInstanceRegistry  : Running the evict task with compensationTime 5ms
2026-08-28T23:22:23.948+05:30  INFO 36404 --- [eureka-server] [a-EvictionTimer] c.n.e.registry.AbstractInstanceRegistry  : Running the evict task with compensationTime 1ms
2026-08-28T23:23:23.683+05:30  WARN 36404 --- [eureka-server] [eerNodesUpdater] c.n.eureka.cluster.PeerEurekaNodes       : The replica size seems to be empty. Check the route 53 DNS Registry
2026-08-28T23:23:23.952+05:30  INFO 36404 --- [eureka-server] [a-EvictionTimer] c.n.e.registry.AbstractInstanceRegistry  : Running the evict task with compensationTime 3ms
2026-08-28T23:24:23.963+05:30  INFO 36404 --- [eureka-server] [a-EvictionTimer] c.n.e.registry.AbstractInstanceRegistry  : Running the evict task with compensationTime 11ms
2026-08-28T23:25:23.969+05:30  INFO 36404 --- [eureka-server] [a-EvictionTimer] c.n.e.registry.AbstractInstanceRegistry  : Running the evict task with compensationTime 6ms
2026-08-28T23:26:23.983+05:30  INFO 36404 --- [eureka-server] [a-EvictionTimer] c.n.e.registry.AbstractInstanceRegistry  : Running the evict task with compensationTime 13ms
2026-08-28T23:27:23.984+05:30  INFO 36404 --- [eureka-server] [a-EvictionTimer] c.n.e.registry.AbstractInstanceRegistry  : Running the evict task with compensationTime 0ms
2026-08-28T23:28:23.991+05:30  INFO 36404 --- [eureka-server] [a-EvictionTimer] c.n.e.registry.AbstractInstanceRegistry  : Running the evict task with compensationTime 7ms
2026-08-28T23:29:24.009+05:30  INFO 36404 --- [eureka-server] [a-EvictionTimer] c.n.e.registry.AbstractInstanceRegistry  : Running the evict task with compensationTime 16ms
2026-08-28T23:30:24.019+05:30  INFO 36404 --- [eureka-server] [a-EvictionTimer] c.n.e.registry.AbstractInstanceRegistry  : Running the evict task with compensationTime 10ms
2026-08-28T23:31:24.033+05:30  INFO 36404 --- [eureka-server] [a-EvictionTimer] c.n.e.registry.AbstractInstanceRegistry  : Running the evict task with compensationTime 14ms
2026-08-28T23:32:24.041+05:30  INFO 36404 --- [eureka-server] [a-EvictionTimer] c.n.e.registry.AbstractInstanceRegistry  : Running the evict task with compensationTime 8ms
2026-08-28T23:33:23.640+05:30  INFO 36404 --- [eureka-server] [hresholdUpdater] c.n.e.r.PeerAwareInstanceRegistryImpl    : Current renewal threshold is : 0
2026-08-28T23:33:23.691+05:30  WARN 36404 --- [eureka-server] [eerNodesUpdater] c.n.eureka.cluster.PeerEurekaNodes       : The replica size seems to be empty. Check the route 53 DNS Registry
2026-08-28T23:33:24.046+05:30  INFO 36404 --- [eureka-server] [a-EvictionTimer] c.n.e.registry.AbstractInstanceRegistry  : Running the evict task with compensationTime 4ms
2026-08-28T23:34:24.047+05:30  INFO 36404 --- [eureka-server] [a-EvictionTimer] c.n.e.registry.AbstractInstanceRegistry  : Running the evict task with compensationTime 0ms
2026-08-28T23:35:24.056+05:30  INFO 36404 --- [eureka-server] [a-EvictionTimer] c.n.e.registry.AbstractInstanceRegistry  : Running the evict task with compensationTime 8ms
2026-08-28T23:36:24.069+05:30  INFO 36404 --- [eureka-server] [a-EvictionTimer] c.n.e.registry.AbstractInstanceRegistry  : Running the evict task with compensationTime 13ms
2026-08-28T23:37:24.073+05:30  INFO 36404 --- [eureka-server] [a-EvictionTimer] c.n.e.registry.AbstractInstanceRegistry  : Running the evict task with compensationTime 3ms
2026-08-28T23:38:24.074+05:30  INFO 36404 --- [eureka-server] [a-EvictionTimer] c.n.e.registry.AbstractInstanceRegistry  : Running the evict task with compensationTime 1ms
2026-08-28T23:39:24.090+05:30  INFO 36404 --- [eureka-server] [a-EvictionTimer] c.n.e.registry.AbstractInstanceRegistry  : Running the evict task with compensationTime 15ms
2026-08-28T23:40:24.099+05:30  INFO 36404 --- [eureka-server] [a-EvictionTimer] c.n.e.registry.AbstractInstanceRegistry  : Running the evict task with compensationTime 7ms
2026-08-28T23:41:24.104+05:30  INFO 36404 --- [eureka-server] [a-EvictionTimer] c.n.e.registry.AbstractInstanceRegistry  : Running the evict task with compensationTime 6ms
2026-08-28T23:42:24.119+05:30  INFO 36404 --- [eureka-server] [a-EvictionTimer] c.n.e.registry.AbstractInstanceRegistry  : Running the evict task with compensationTime 14ms
2026-08-28T23:43:23.703+05:30  WARN 36404 --- [eureka-server] [eerNodesUpdater] c.n.eureka.cluster.PeerEurekaNodes       : The replica size seems to be empty. Check the route 53 DNS Registry
2026-08-28T23:43:24.133+05:30  INFO 36404 --- [eureka-server] [a-EvictionTimer] c.n.e.registry.AbstractInstanceRegistry  : Running the evict task with compensationTime 14ms
2026-08-28T23:44:24.139+05:30  INFO 36404 --- [eureka-server] [a-EvictionTimer] c.n.e.registry.AbstractInstanceRegistry  : Running the evict task with compensationTime 5ms
2026-08-28T23:45:24.140+05:30  INFO 36404 --- [eureka-server] [a-EvictionTimer] c.n.e.registry.AbstractInstanceRegistry  : Running the evict task with compensationTime 1ms
2026-08-28T23:46:24.149+05:30  INFO 36404 --- [eureka-server] [a-EvictionTimer] c.n.e.registry.AbstractInstanceRegistry  : Running the evict task with compensationTime 8ms
2026-08-28T23:47:24.155+05:30  INFO 36404 --- [eureka-server] [a-EvictionTimer] c.n.e.registry.AbstractInstanceRegistry  : Running the evict task with compensationTime 6ms
2026-08-28T23:48:23.648+05:30  INFO 36404 --- [eureka-server] [hresholdUpdater] c.n.e.r.PeerAwareInstanceRegistryImpl    : Current renewal threshold is : 0
2026-08-28T23:48:24.169+05:30  INFO 36404 --- [eureka-server] [a-EvictionTimer] c.n.e.registry.AbstractInstanceRegistry  : Running the evict task with compensationTime 14ms
2026-08-28T23:49:24.174+05:30  INFO 36404 --- [eureka-server] [a-EvictionTimer] c.n.e.registry.AbstractInstanceRegistry  : Running the evict task with compensationTime 5ms
2026-08-28T23:50:24.182+05:30  INFO 36404 --- [eureka-server] [a-EvictionTimer] c.n.e.registry.AbstractInstanceRegistry  : Running the evict task with compensationTime 6ms
2026-08-28T23:51:24.195+05:30  INFO 36404 --- [eureka-server] [a-EvictionTimer] c.n.e.registry.AbstractInstanceRegistry  : Running the evict task with compensationTime 13ms
2026-08-28T23:52:24.201+05:30  INFO 36404 --- [eureka-server] [a-EvictionTimer] c.n.e.registry.AbstractInstanceRegistry  : Running the evict task with compensationTime 5ms
2026-08-28T23:53:23.728+05:30  WARN 36404 --- [eureka-server] [eerNodesUpdater] c.n.eureka.cluster.PeerEurekaNodes       : The replica size seems to be empty. Check the route 53 DNS Registry
2026-08-28T23:53:24.212+05:30  INFO 36404 --- [eureka-server] [a-EvictionTimer] c.n.e.registry.AbstractInstanceRegistry  : Running the evict task with compensationTime 11ms
2026-08-28T23:54:24.223+05:30  INFO 36404 --- [eureka-server] [a-EvictionTimer] c.n.e.registry.AbstractInstanceRegistry  : Running the evict task with compensationTime 11ms
2026-08-28T23:55:24.235+05:30  INFO 36404 --- [eureka-server] [a-EvictionTimer] c.n.e.registry.AbstractInstanceRegistry  : Running the evict task with compensationTime 12ms
2026-08-28T23:56:24.239+05:30  INFO 36404 --- [eureka-server] [a-EvictionTimer] c.n.e.registry.AbstractInstanceRegistry  : Running the evict task with compensationTime 3ms
2026-08-28T23:57:24.247+05:30  INFO 36404 --- [eureka-server] [a-EvictionTimer] c.n.e.registry.AbstractInstanceRegistry  : Running the evict task with compensationTime 7ms
2026-08-28T23:58:24.264+05:30  INFO 36404 --- [eureka-server] [a-EvictionTimer] c.n.e.registry.AbstractInstanceRegistry  : Running the evict task with compensationTime 17ms
2026-08-28T23:59:24.264+05:30  INFO 36404 --- [eureka-server] [a-EvictionTimer] c.n.e.registry.AbstractInstanceRegistry  : Running the evict task with compensationTime 0ms
2026-08-29T00:00:24.274+05:30  INFO 36404 --- [eureka-server] [a-EvictionTimer] c.n.e.registry.AbstractInstanceRegistry  : Running the evict task with compensationTime 9ms
2026-08-29T00:01:24.280+05:30  INFO 36404 --- [eureka-server] [a-EvictionTimer] c.n.e.registry.AbstractInstanceRegistry  : Running the evict task with compensationTime 6ms
2026-08-29T00:02:24.284+05:30  INFO 36404 --- [eureka-server] [a-EvictionTimer] c.n.e.registry.AbstractInstanceRegistry  : Running the evict task with compensationTime 3ms
2026-08-29T00:03:23.641+05:30  INFO 36404 --- [eureka-server] [hresholdUpdater] c.n.e.r.PeerAwareInstanceRegistryImpl    : Current renewal threshold is : 0
2026-08-29T00:03:23.730+05:30  WARN 36404 --- [eureka-server] [eerNodesUpdater] c.n.eureka.cluster.PeerEurekaNodes       : The replica size seems to be empty. Check the route 53 DNS Registry
2026-08-29T00:03:24.290+05:30  INFO 36404 --- [eureka-server] [a-EvictionTimer] c.n.e.registry.AbstractInstanceRegistry  : Running the evict task with compensationTime 5ms
2026-08-29T00:04:24.302+05:30  INFO 36404 --- [eureka-server] [a-EvictionTimer] c.n.e.registry.AbstractInstanceRegistry  : Running the evict task with compensationTime 11ms
2026-08-29T00:05:24.314+05:30  INFO 36404 --- [eureka-server] [a-EvictionTimer] c.n.e.registry.AbstractInstanceRegistry  : Running the evict task with compensationTime 13ms
2026-08-29T00:06:24.318+05:30  INFO 36404 --- [eureka-server] [a-EvictionTimer] c.n.e.registry.AbstractInstanceRegistry  : Running the evict task with compensationTime 3ms
2026-08-29T00:07:24.326+05:30  INFO 36404 --- [eureka-server] [a-EvictionTimer] c.n.e.registry.AbstractInstanceRegistry  : Running the evict task with compensationTime 8ms
2026-08-29T00:08:24.338+05:30  INFO 36404 --- [eureka-server] [a-EvictionTimer] c.n.e.registry.AbstractInstanceRegistry  : Running the evict task with compensationTime 11ms
2026-08-29T00:09:24.345+05:30  INFO 36404 --- [eureka-server] [a-EvictionTimer] c.n.e.registry.AbstractInstanceRegistry  : Running the evict task with compensationTime 8ms
2026-08-29T00:10:24.347+05:30  INFO 36404 --- [eureka-server] [a-EvictionTimer] c.n.e.registry.AbstractInstanceRegistry  : Running the evict task with compensationTime 1ms
2026-08-29T00:11:24.351+05:30  INFO 36404 --- [eureka-server] [a-EvictionTimer] c.n.e.registry.AbstractInstanceRegistry  : Running the evict task with compensationTime 3ms
2026-08-29T00:12:24.357+05:30  INFO 36404 --- [eureka-server] [a-EvictionTimer] c.n.e.registry.AbstractInstanceRegistry  : Running the evict task with compensationTime 6ms
2026-08-29T00:13:23.758+05:30  WARN 36404 --- [eureka-server] [eerNodesUpdater] c.n.eureka.cluster.PeerEurekaNodes       : The replica size seems to be empty. Check the route 53 DNS Registry
2026-08-29T00:13:24.357+05:30  INFO 36404 --- [eureka-server] [a-EvictionTimer] c.n.e.registry.AbstractInstanceRegistry  : Running the evict task with compensationTime 0ms
2026-08-29T00:14:24.372+05:30  INFO 36404 --- [eureka-server] [a-EvictionTimer] c.n.e.registry.AbstractInstanceRegistry  : Running the evict task with compensationTime 15ms
2026-08-29T00:15:24.386+05:30  INFO 36404 --- [eureka-server] [a-EvictionTimer] c.n.e.registry.AbstractInstanceRegistry  : Running the evict task with compensationTime 13ms
2026-08-29T00:16:24.393+05:30  INFO 36404 --- [eureka-server] [a-EvictionTimer] c.n.e.registry.AbstractInstanceRegistry  : Running the evict task with compensationTime 6ms
2026-08-29T00:17:24.407+05:30  INFO 36404 --- [eureka-server] [a-EvictionTimer] c.n.e.registry.AbstractInstanceRegistry  : Running the evict task with compensationTime 14ms
2026-08-29T00:18:23.662+05:30  INFO 36404 --- [eureka-server] [hresholdUpdater] c.n.e.r.PeerAwareInstanceRegistryImpl    : Current renewal threshold is : 0
2026-08-29T00:18:24.418+05:30  INFO 36404 --- [eureka-server] [a-EvictionTimer] c.n.e.registry.AbstractInstanceRegistry  : Running the evict task with compensationTime 10ms
2026-08-29T00:19:24.429+05:30  INFO 36404 --- [eureka-server] [a-EvictionTimer] c.n.e.registry.AbstractInstanceRegistry  : Running the evict task with compensationTime 10ms
2026-08-29T00:20:24.441+05:30  INFO 36404 --- [eureka-server] [a-EvictionTimer] c.n.e.registry.AbstractInstanceRegistry  : Running the evict task with compensationTime 12ms
2026-08-29T00:21:24.447+05:30  INFO 36404 --- [eureka-server] [a-EvictionTimer] c.n.e.registry.AbstractInstanceRegistry  : Running the evict task with compensationTime 6ms
2026-08-29T00:22:24.451+05:30  INFO 36404 --- [eureka-server] [a-EvictionTimer] c.n.e.registry.AbstractInstanceRegistry  : Running the evict task with compensationTime 3ms
2026-08-29T00:23:23.777+05:30  WARN 36404 --- [eureka-server] [eerNodesUpdater] c.n.eureka.cluster.PeerEurekaNodes       : The replica size seems to be empty. Check the route 53 DNS Registry
2026-08-29T00:23:24.462+05:30  INFO 36404 --- [eureka-server] [a-EvictionTimer] c.n.e.registry.AbstractInstanceRegistry  : Running the evict task with compensationTime 11ms
2026-08-29T00:24:24.477+05:30  INFO 36404 --- [eureka-server] [a-EvictionTimer] c.n.e.registry.AbstractInstanceRegistry  : Running the evict task with compensationTime 13ms
2026-08-29T00:25:24.491+05:30  INFO 36404 --- [eureka-server] [a-EvictionTimer] c.n.e.registry.AbstractInstanceRegistry  : Running the evict task with compensationTime 14ms
2026-08-29T00:26:24.506+05:30  INFO 36404 --- [eureka-server] [a-EvictionTimer] c.n.e.registry.AbstractInstanceRegistry  : Running the evict task with compensationTime 14ms
2026-08-29T00:27:24.521+05:30  INFO 36404 --- [eureka-server] [a-EvictionTimer] c.n.e.registry.AbstractInstanceRegistry  : Running the evict task with compensationTime 15ms
2026-08-29T00:28:24.522+05:30  INFO 36404 --- [eureka-server] [a-EvictionTimer] c.n.e.registry.AbstractInstanceRegistry  : Running the evict task with compensationTime 1ms
2026-08-29T00:29:24.530+05:30  INFO 36404 --- [eureka-server] [a-EvictionTimer] c.n.e.registry.AbstractInstanceRegistry  : Running the evict task with compensationTime 7ms
2026-08-29T00:30:24.542+05:30  INFO 36404 --- [eureka-server] [a-EvictionTimer] c.n.e.registry.AbstractInstanceRegistry  : Running the evict task with compensationTime 11ms
2026-08-29T00:31:24.543+05:30  INFO 36404 --- [eureka-server] [a-EvictionTimer] c.n.e.registry.AbstractInstanceRegistry  : Running the evict task with compensationTime 0ms
2026-08-29T00:32:24.553+05:30  INFO 36404 --- [eureka-server] [a-EvictionTimer] c.n.e.registry.AbstractInstanceRegistry  : Running the evict task with compensationTime 10ms
2026-08-29T00:33:23.673+05:30  INFO 36404 --- [eureka-server] [hresholdUpdater] c.n.e.r.PeerAwareInstanceRegistryImpl    : Current renewal threshold is : 0
2026-08-29T00:33:23.791+05:30  WARN 36404 --- [eureka-server] [eerNodesUpdater] c.n.eureka.cluster.PeerEurekaNodes       : The replica size seems to be empty. Check the route 53 DNS Registry
2026-08-29T00:33:24.565+05:30  INFO 36404 --- [eureka-server] [a-EvictionTimer] c.n.e.registry.AbstractInstanceRegistry  : Running the evict task with compensationTime 11ms
2026-08-29T00:34:24.572+05:30  INFO 36404 --- [eureka-server] [a-EvictionTimer] c.n.e.registry.AbstractInstanceRegistry  : Running the evict task with compensationTime 7ms
2026-08-29T00:35:24.576+05:30  INFO 36404 --- [eureka-server] [a-EvictionTimer] c.n.e.registry.AbstractInstanceRegistry  : Running the evict task with compensationTime 4ms
2026-08-29T00:36:24.580+05:30  INFO 36404 --- [eureka-server] [a-EvictionTimer] c.n.e.registry.AbstractInstanceRegistry  : Running the evict task with compensationTime 3ms
2026-08-29T00:37:24.588+05:30  INFO 36404 --- [eureka-server] [a-EvictionTimer] c.n.e.registry.AbstractInstanceRegistry  : Running the evict task with compensationTime 7ms
2026-08-29T00:38:24.603+05:30  INFO 36404 --- [eureka-server] [a-EvictionTimer] c.n.e.registry.AbstractInstanceRegistry  : Running the evict task with compensationTime 15ms
2026-08-29T00:39:24.611+05:30  INFO 36404 --- [eureka-server] [a-EvictionTimer] c.n.e.registry.AbstractInstanceRegistry  : Running the evict task with compensationTime 8ms
2026-08-29T00:40:24.623+05:30  INFO 36404 --- [eureka-server] [a-EvictionTimer] c.n.e.registry.AbstractInstanceRegistry  : Running the evict task with compensationTime 11ms
2026-08-29T11:14:16.354+05:30  INFO 36404 --- [eureka-server] [a-EvictionTimer] c.n.e.registry.AbstractInstanceRegistry  : Running the evict task with compensationTime 37974510ms
2026-08-29T11:15:16.360+05:30  INFO 36404 --- [eureka-server] [a-EvictionTimer] c.n.e.registry.AbstractInstanceRegistry  : Running the evict task with compensationTime 8ms
2026-08-29T11:16:15.529+05:30  WARN 36404 --- [eureka-server] [eerNodesUpdater] c.n.eureka.cluster.PeerEurekaNodes       : The replica size seems to be empty. Check the route 53 DNS Registry
2026-08-29T11:16:16.366+05:30  INFO 36404 --- [eureka-server] [a-EvictionTimer] c.n.e.registry.AbstractInstanceRegistry  : Running the evict task with compensationTime 5ms
2026-08-29T11:17:16.377+05:30  INFO 36404 --- [eureka-server] [a-EvictionTimer] c.n.e.registry.AbstractInstanceRegistry  : Running the evict task with compensationTime 11ms
2026-08-29T11:18:16.389+05:30  INFO 36404 --- [eureka-server] [a-EvictionTimer] c.n.e.registry.AbstractInstanceRegistry  : Running the evict task with compensationTime 11ms
2026-08-29T11:19:16.391+05:30  INFO 36404 --- [eureka-server] [a-EvictionTimer] c.n.e.registry.AbstractInstanceRegistry  : Running the evict task with compensationTime 1ms
2026-08-29T11:20:16.396+05:30  INFO 36404 --- [eureka-server] [a-EvictionTimer] c.n.e.registry.AbstractInstanceRegistry  : Running the evict task with compensationTime 4ms
2026-08-29T11:21:15.401+05:30  INFO 36404 --- [eureka-server] [hresholdUpdater] c.n.e.r.PeerAwareInstanceRegistryImpl    : Current renewal threshold is : 0
2026-08-29T11:21:16.401+05:30  INFO 36404 --- [eureka-server] [a-EvictionTimer] c.n.e.registry.AbstractInstanceRegistry  : Running the evict task with compensationTime 6ms
2026-08-29T11:22:16.413+05:30  INFO 36404 --- [eureka-server] [a-EvictionTimer] c.n.e.registry.AbstractInstanceRegistry  : Running the evict task with compensationTime 10ms
2026-08-29T11:23:16.420+05:30  INFO 36404 --- [eureka-server] [a-EvictionTimer] c.n.e.registry.AbstractInstanceRegistry  : Running the evict task with compensationTime 7ms
2026-08-29T11:24:16.423+05:30  INFO 36404 --- [eureka-server] [a-EvictionTimer] c.n.e.registry.AbstractInstanceRegistry  : Running the evict task with compensationTime 3ms
2026-08-29T11:25:16.425+05:30  INFO 36404 --- [eureka-server] [a-EvictionTimer] c.n.e.registry.AbstractInstanceRegistry  : Running the evict task with compensationTime 1ms
2026-08-29T11:26:15.545+05:30  WARN 36404 --- [eureka-server] [eerNodesUpdater] c.n.eureka.cluster.PeerEurekaNodes       : The replica size seems to be empty. Check the route 53 DNS Registry
2026-08-29T11:26:16.427+05:30  INFO 36404 --- [eureka-server] [a-EvictionTimer] c.n.e.registry.AbstractInstanceRegistry  : Running the evict task with compensationTime 2ms
2026-08-29T11:27:16.438+05:30  INFO 36404 --- [eureka-server] [a-EvictionTimer] c.n.e.registry.AbstractInstanceRegistry  : Running the evict task with compensationTime 10ms
2026-08-29T11:28:16.445+05:30  INFO 36404 --- [eureka-server] [a-EvictionTimer] c.n.e.registry.AbstractInstanceRegistry  : Running the evict task with compensationTime 7ms
2026-08-29T11:29:16.462+05:30  INFO 36404 --- [eureka-server] [a-EvictionTimer] c.n.e.registry.AbstractInstanceRegistry  : Running the evict task with compensationTime 15ms
2026-08-29T11:30:16.474+05:30  INFO 36404 --- [eureka-server] [a-EvictionTimer] c.n.e.registry.AbstractInstanceRegistry  : Running the evict task with compensationTime 12ms
2026-08-29T11:31:16.482+05:30  INFO 36404 --- [eureka-server] [a-EvictionTimer] c.n.e.registry.AbstractInstanceRegistry  : Running the evict task with compensationTime 8ms
2026-08-29T11:32:16.491+05:30  INFO 36404 --- [eureka-server] [a-EvictionTimer] c.n.e.registry.AbstractInstanceRegistry  : Running the evict task with compensationTime 8ms
2026-08-29T11:33:16.501+05:30  INFO 36404 --- [eureka-server] [a-EvictionTimer] c.n.e.registry.AbstractInstanceRegistry  : Running the evict task with compensationTime 9ms
2026-08-29T11:34:16.512+05:30  INFO 36404 --- [eureka-server] [a-EvictionTimer] c.n.e.registry.AbstractInstanceRegistry  : Running the evict task with compensationTime 11ms
2026-08-29T11:35:16.524+05:30  INFO 36404 --- [eureka-server] [a-EvictionTimer] c.n.e.registry.AbstractInstanceRegistry  : Running the evict task with compensationTime 11ms
2026-08-29T11:36:15.402+05:30  INFO 36404 --- [eureka-server] [hresholdUpdater] c.n.e.r.PeerAwareInstanceRegistryImpl    : Current renewal threshold is : 0
2026-08-29T11:36:15.558+05:30  WARN 36404 --- [eureka-server] [eerNodesUpdater] c.n.eureka.cluster.PeerEurekaNodes       : The replica size seems to be empty. Check the route 53 DNS Registry
2026-08-29T11:36:16.525+05:30  INFO 36404 --- [eureka-server] [a-EvictionTimer] c.n.e.registry.AbstractInstanceRegistry  : Running the evict task with compensationTime 1ms
2026-08-29T11:58:49.697+05:30  INFO 36404 --- [eureka-server] [a-EvictionTimer] c.n.e.registry.AbstractInstanceRegistry  : Running the evict task with compensationTime 1293306ms
2026-08-29T11:59:49.697+05:30  INFO 36404 --- [eureka-server] [a-EvictionTimer] c.n.e.registry.AbstractInstanceRegistry  : Running the evict task with compensationTime 2ms
2026-08-29T12:00:49.699+05:30  INFO 36404 --- [eureka-server] [a-EvictionTimer] c.n.e.registry.AbstractInstanceRegistry  : Running the evict task with compensationTime 2ms
2026-08-29T12:01:49.714+05:30  INFO 36404 --- [eureka-server] [a-EvictionTimer] c.n.e.registry.AbstractInstanceRegistry  : Running the evict task with compensationTime 13ms
2026-08-29T12:02:49.731+05:30  INFO 36404 --- [eureka-server] [a-EvictionTimer] c.n.e.registry.AbstractInstanceRegistry  : Running the evict task with compensationTime 14ms
2026-08-29T12:03:49.730+05:30  INFO 36404 --- [eureka-server] [a-EvictionTimer] c.n.e.registry.AbstractInstanceRegistry  : Running the evict task with compensationTime 1ms
2026-08-29T12:04:49.732+05:30  INFO 36404 --- [eureka-server] [a-EvictionTimer] c.n.e.registry.AbstractInstanceRegistry  : Running the evict task with compensationTime 0ms
2026-08-29T12:05:49.734+05:30  INFO 36404 --- [eureka-server] [a-EvictionTimer] c.n.e.registry.AbstractInstanceRegistry  : Running the evict task with compensationTime 2ms
2026-08-29T12:06:49.751+05:30  INFO 36404 --- [eureka-server] [a-EvictionTimer] c.n.e.registry.AbstractInstanceRegistry  : Running the evict task with compensationTime 17ms
2026-08-29T12:07:48.766+05:30  WARN 36404 --- [eureka-server] [eerNodesUpdater] c.n.eureka.cluster.PeerEurekaNodes       : The replica size seems to be empty. Check the route 53 DNS Registry
2026-08-29T12:07:49.752+05:30  INFO 36404 --- [eureka-server] [a-EvictionTimer] c.n.e.registry.AbstractInstanceRegistry  : Running the evict task with compensationTime 1ms
2026-08-29T12:08:49.764+05:30  INFO 36404 --- [eureka-server] [a-EvictionTimer] c.n.e.registry.AbstractInstanceRegistry  : Running the evict task with compensationTime 12ms
2026-08-29T12:09:49.769+05:30  INFO 36404 --- [eureka-server] [a-EvictionTimer] c.n.e.registry.AbstractInstanceRegistry  : Running the evict task with compensationTime 4ms
2026-08-29T12:10:49.775+05:30  INFO 36404 --- [eureka-server] [a-EvictionTimer] c.n.e.registry.AbstractInstanceRegistry  : Running the evict task with compensationTime 6ms
2026-08-29T12:11:49.777+05:30  INFO 36404 --- [eureka-server] [a-EvictionTimer] c.n.e.registry.AbstractInstanceRegistry  : Running the evict task with compensationTime 1ms
2026-08-29T12:12:48.577+05:30  INFO 36404 --- [eureka-server] [hresholdUpdater] c.n.e.r.PeerAwareInstanceRegistryImpl    : Current renewal threshold is : 0
2026-08-29T12:12:49.781+05:30  INFO 36404 --- [eureka-server] [a-EvictionTimer] c.n.e.registry.AbstractInstanceRegistry  : Running the evict task with compensationTime 3ms
2026-08-29T12:13:49.782+05:30  INFO 36404 --- [eureka-server] [a-EvictionTimer] c.n.e.registry.AbstractInstanceRegistry  : Running the evict task with compensationTime 1ms
2026-08-29T12:14:49.795+05:30  INFO 36404 --- [eureka-server] [a-EvictionTimer] c.n.e.registry.AbstractInstanceRegistry  : Running the evict task with compensationTime 13ms
2026-08-29T12:15:49.799+05:30  INFO 36404 --- [eureka-server] [a-EvictionTimer] c.n.e.registry.AbstractInstanceRegistry  : Running the evict task with compensationTime 3ms
2026-08-29T12:16:49.801+05:30  INFO 36404 --- [eureka-server] [a-EvictionTimer] c.n.e.registry.AbstractInstanceRegistry  : Running the evict task with compensationTime 1ms
2026-08-29T12:17:48.777+05:30  WARN 36404 --- [eureka-server] [eerNodesUpdater] c.n.eureka.cluster.PeerEurekaNodes       : The replica size seems to be empty. Check the route 53 DNS Registry
2026-08-29T12:17:49.811+05:30  INFO 36404 --- [eureka-server] [a-EvictionTimer] c.n.e.registry.AbstractInstanceRegistry  : Running the evict task with compensationTime 10ms
2026-08-29T12:18:49.814+05:30  INFO 36404 --- [eureka-server] [a-EvictionTimer] c.n.e.registry.AbstractInstanceRegistry  : Running the evict task with compensationTime 3ms
2026-08-29T12:19:49.820+05:30  INFO 36404 --- [eureka-server] [a-EvictionTimer] c.n.e.registry.AbstractInstanceRegistry  : Running the evict task with compensationTime 5ms
2026-08-29T12:20:49.833+05:30  INFO 36404 --- [eureka-server] [a-EvictionTimer] c.n.e.registry.AbstractInstanceRegistry  : Running the evict task with compensationTime 12ms
2026-08-29T12:21:49.848+05:30  INFO 36404 --- [eureka-server] [a-EvictionTimer] c.n.e.registry.AbstractInstanceRegistry  : Running the evict task with compensationTime 15ms
2026-08-29T12:22:49.865+05:30  INFO 36404 --- [eureka-server] [a-EvictionTimer] c.n.e.registry.AbstractInstanceRegistry  : Running the evict task with compensationTime 16ms
2026-08-29T12:23:49.871+05:30  INFO 36404 --- [eureka-server] [a-EvictionTimer] c.n.e.registry.AbstractInstanceRegistry  : Running the evict task with compensationTime 6ms
2026-08-29T12:24:49.887+05:30  INFO 36404 --- [eureka-server] [a-EvictionTimer] c.n.e.registry.AbstractInstanceRegistry  : Running the evict task with compensationTime 14ms
2026-08-29T12:25:49.902+05:30  INFO 36404 --- [eureka-server] [a-EvictionTimer] c.n.e.registry.AbstractInstanceRegistry  : Running the evict task with compensationTime 15ms
2026-08-29T12:26:49.907+05:30  INFO 36404 --- [eureka-server] [a-EvictionTimer] c.n.e.registry.AbstractInstanceRegistry  : Running the evict task with compensationTime 4ms
2026-08-29T12:27:48.650+05:30  INFO 36404 --- [eureka-server] [hresholdUpdater] c.n.e.r.PeerAwareInstanceRegistryImpl    : Current renewal threshold is : 0
2026-08-29T12:27:48.785+05:30  WARN 36404 --- [eureka-server] [eerNodesUpdater] c.n.eureka.cluster.PeerEurekaNodes       : The replica size seems to be empty. Check the route 53 DNS Registry
2026-08-29T12:27:49.914+05:30  INFO 36404 --- [eureka-server] [a-EvictionTimer] c.n.e.registry.AbstractInstanceRegistry  : Running the evict task with compensationTime 6ms
2026-08-29T12:28:49.927+05:30  INFO 36404 --- [eureka-server] [a-EvictionTimer] c.n.e.registry.AbstractInstanceRegistry  : Running the evict task with compensationTime 13ms
2026-08-29T12:29:49.928+05:30  INFO 36404 --- [eureka-server] [a-EvictionTimer] c.n.e.registry.AbstractInstanceRegistry  : Running the evict task with compensationTime 0ms
2026-08-29T12:30:49.942+05:30  INFO 36404 --- [eureka-server] [a-EvictionTimer] c.n.e.registry.AbstractInstanceRegistry  : Running the evict task with compensationTime 13ms
2026-08-29T12:31:49.958+05:30  INFO 36404 --- [eureka-server] [a-EvictionTimer] c.n.e.registry.AbstractInstanceRegistry  : Running the evict task with compensationTime 16ms
2026-08-29T12:32:49.961+05:30  INFO 36404 --- [eureka-server] [a-EvictionTimer] c.n.e.registry.AbstractInstanceRegistry  : Running the evict task with compensationTime 1ms
2026-08-29T12:33:49.964+05:30  INFO 36404 --- [eureka-server] [a-EvictionTimer] c.n.e.registry.AbstractInstanceRegistry  : Running the evict task with compensationTime 3ms
2026-08-29T12:34:49.978+05:30  INFO 36404 --- [eureka-server] [a-EvictionTimer] c.n.e.registry.AbstractInstanceRegistry  : Running the evict task with compensationTime 13ms
2026-08-29T12:35:50.036+05:30  INFO 36404 --- [eureka-server] [a-EvictionTimer] c.n.e.registry.AbstractInstanceRegistry  : Running the evict task with compensationTime 45ms
2026-08-29T12:36:50.033+05:30  INFO 36404 --- [eureka-server] [a-EvictionTimer] c.n.e.registry.AbstractInstanceRegistry  : Running the evict task with compensationTime 10ms
2026-08-29T12:37:48.793+05:30  WARN 36404 --- [eureka-server] [eerNodesUpdater] c.n.eureka.cluster.PeerEurekaNodes       : The replica size seems to be empty. Check the route 53 DNS Registry
2026-08-29T12:37:50.035+05:30  INFO 36404 --- [eureka-server] [a-EvictionTimer] c.n.e.registry.AbstractInstanceRegistry  : Running the evict task with compensationTime 1ms
2026-08-29T12:38:50.053+05:30  INFO 36404 --- [eureka-server] [a-EvictionTimer] c.n.e.registry.AbstractInstanceRegistry  : Running the evict task with compensationTime 17ms
2026-08-29T12:39:50.056+05:30  INFO 36404 --- [eureka-server] [a-EvictionTimer] c.n.e.registry.AbstractInstanceRegistry  : Running the evict task with compensationTime 3ms
2026-08-29T12:40:50.059+05:30  INFO 36404 --- [eureka-server] [a-EvictionTimer] c.n.e.registry.AbstractInstanceRegistry  : Running the evict task with compensationTime 4ms
2026-08-29T12:41:50.073+05:30  INFO 36404 --- [eureka-server] [a-EvictionTimer] c.n.e.registry.AbstractInstanceRegistry  : Running the evict task with compensationTime 11ms
2026-08-29T12:42:48.638+05:30  INFO 36404 --- [eureka-server] [hresholdUpdater] c.n.e.r.PeerAwareInstanceRegistryImpl    : Current renewal threshold is : 0
2026-08-29T12:42:50.082+05:30  INFO 36404 --- [eureka-server] [a-EvictionTimer] c.n.e.registry.AbstractInstanceRegistry  : Running the evict task with compensationTime 9ms
2026-08-29T12:43:50.093+05:30  INFO 36404 --- [eureka-server] [a-EvictionTimer] c.n.e.registry.AbstractInstanceRegistry  : Running the evict task with compensationTime 11ms
2026-08-29T12:44:50.096+05:30  INFO 36404 --- [eureka-server] [a-EvictionTimer] c.n.e.registry.AbstractInstanceRegistry  : Running the evict task with compensationTime 2ms
2026-08-29T12:45:50.102+05:30  INFO 36404 --- [eureka-server] [a-EvictionTimer] c.n.e.registry.AbstractInstanceRegistry  : Running the evict task with compensationTime 6ms
2026-08-29T12:46:50.110+05:30  INFO 36404 --- [eureka-server] [a-EvictionTimer] c.n.e.registry.AbstractInstanceRegistry  : Running the evict task with compensationTime 5ms
2026-08-29T12:47:48.813+05:30  WARN 36404 --- [eureka-server] [eerNodesUpdater] c.n.eureka.cluster.PeerEurekaNodes       : The replica size seems to be empty. Check the route 53 DNS Registry
2026-08-29T12:47:50.136+05:30  INFO 36404 --- [eureka-server] [a-EvictionTimer] c.n.e.registry.AbstractInstanceRegistry  : Running the evict task with compensationTime 28ms
2026-08-29T12:48:50.138+05:30  INFO 36404 --- [eureka-server] [a-EvictionTimer] c.n.e.registry.AbstractInstanceRegistry  : Running the evict task with compensationTime 2ms
2026-08-29T12:49:50.152+05:30  INFO 36404 --- [eureka-server] [a-EvictionTimer] c.n.e.registry.AbstractInstanceRegistry  : Running the evict task with compensationTime 14ms
2026-08-29T12:50:50.167+05:30  INFO 36404 --- [eureka-server] [a-EvictionTimer] c.n.e.registry.AbstractInstanceRegistry  : Running the evict task with compensationTime 14ms
2026-08-29T12:51:50.169+05:30  INFO 36404 --- [eureka-server] [a-EvictionTimer] c.n.e.registry.AbstractInstanceRegistry  : Running the evict task with compensationTime 2ms
2026-08-29T12:52:50.174+05:30  INFO 36404 --- [eureka-server] [a-EvictionTimer] c.n.e.registry.AbstractInstanceRegistry  : Running the evict task with compensationTime 4ms
2026-08-29T12:53:50.197+05:30  INFO 36404 --- [eureka-server] [a-EvictionTimer] c.n.e.registry.AbstractInstanceRegistry  : Running the evict task with compensationTime 23ms
2026-08-29T12:54:50.208+05:30  INFO 36404 --- [eureka-server] [a-EvictionTimer] c.n.e.registry.AbstractInstanceRegistry  : Running the evict task with compensationTime 10ms
2026-08-29T12:55:50.219+05:30  INFO 36404 --- [eureka-server] [a-EvictionTimer] c.n.e.registry.AbstractInstanceRegistry  : Running the evict task with compensationTime 10ms
2026-08-29T12:56:50.230+05:30  INFO 36404 --- [eureka-server] [a-EvictionTimer] c.n.e.registry.AbstractInstanceRegistry  : Running the evict task with compensationTime 11ms
2026-08-29T12:57:48.645+05:30  INFO 36404 --- [eureka-server] [hresholdUpdater] c.n.e.r.PeerAwareInstanceRegistryImpl    : Current renewal threshold is : 0
2026-08-29T12:57:48.815+05:30  WARN 36404 --- [eureka-server] [eerNodesUpdater] c.n.eureka.cluster.PeerEurekaNodes       : The replica size seems to be empty. Check the route 53 DNS Registry
2026-08-29T12:57:50.241+05:30  INFO 36404 --- [eureka-server] [a-EvictionTimer] c.n.e.registry.AbstractInstanceRegistry  : Running the evict task with compensationTime 11ms
2026-08-29T12:58:50.251+05:30  INFO 36404 --- [eureka-server] [a-EvictionTimer] c.n.e.registry.AbstractInstanceRegistry  : Running the evict task with compensationTime 10ms
2026-08-29T12:59:50.263+05:30  INFO 36404 --- [eureka-server] [a-EvictionTimer] c.n.e.registry.AbstractInstanceRegistry  : Running the evict task with compensationTime 11ms
2026-08-29T13:00:50.275+05:30  INFO 36404 --- [eureka-server] [a-EvictionTimer] c.n.e.registry.AbstractInstanceRegistry  : Running the evict task with compensationTime 11ms
2026-08-29T13:01:50.286+05:30  INFO 36404 --- [eureka-server] [a-EvictionTimer] c.n.e.registry.AbstractInstanceRegistry  : Running the evict task with compensationTime 11ms
2026-08-29T14:27:37.183+05:30  INFO 36404 --- [eureka-server] [a-EvictionTimer] c.n.e.registry.AbstractInstanceRegistry  : Running the evict task with compensationTime 5087033ms
2026-08-29T14:28:37.194+05:30  INFO 36404 --- [eureka-server] [a-EvictionTimer] c.n.e.registry.AbstractInstanceRegistry  : Running the evict task with compensationTime 11ms
2026-08-29T14:29:37.202+05:30  INFO 36404 --- [eureka-server] [a-EvictionTimer] c.n.e.registry.AbstractInstanceRegistry  : Running the evict task with compensationTime 8ms
2026-08-29T14:30:37.214+05:30  INFO 36404 --- [eureka-server] [a-EvictionTimer] c.n.e.registry.AbstractInstanceRegistry  : Running the evict task with compensationTime 12ms
2026-08-29T14:31:37.230+05:30  INFO 36404 --- [eureka-server] [a-EvictionTimer] c.n.e.registry.AbstractInstanceRegistry  : Running the evict task with compensationTime 16ms
2026-08-29T14:32:35.746+05:30  WARN 36404 --- [eureka-server] [eerNodesUpdater] c.n.eureka.cluster.PeerEurekaNodes       : The replica size seems to be empty. Check the route 53 DNS Registry
2026-08-29T14:32:37.245+05:30  INFO 36404 --- [eureka-server] [a-EvictionTimer] c.n.e.registry.AbstractInstanceRegistry  : Running the evict task with compensationTime 15ms
2026-08-29T14:33:37.258+05:30  INFO 36404 --- [eureka-server] [a-EvictionTimer] c.n.e.registry.AbstractInstanceRegistry  : Running the evict task with compensationTime 13ms
2026-08-29T14:34:37.263+05:30  INFO 36404 --- [eureka-server] [a-EvictionTimer] c.n.e.registry.AbstractInstanceRegistry  : Running the evict task with compensationTime 3ms
2026-08-29T14:35:37.278+05:30  INFO 36404 --- [eureka-server] [a-EvictionTimer] c.n.e.registry.AbstractInstanceRegistry  : Running the evict task with compensationTime 15ms
2026-08-29T14:36:37.285+05:30  INFO 36404 --- [eureka-server] [a-EvictionTimer] c.n.e.registry.AbstractInstanceRegistry  : Running the evict task with compensationTime 7ms
2026-08-29T14:37:35.572+05:30  INFO 36404 --- [eureka-server] [hresholdUpdater] c.n.e.r.PeerAwareInstanceRegistryImpl    : Current renewal threshold is : 0
2026-08-29T14:37:37.296+05:30  INFO 36404 --- [eureka-server] [a-EvictionTimer] c.n.e.registry.AbstractInstanceRegistry  : Running the evict task with compensationTime 10ms
2026-08-29T14:38:37.307+05:30  INFO 36404 --- [eureka-server] [a-EvictionTimer] c.n.e.registry.AbstractInstanceRegistry  : Running the evict task with compensationTime 11ms
2026-08-29T14:39:37.321+05:30  INFO 36404 --- [eureka-server] [a-EvictionTimer] c.n.e.registry.AbstractInstanceRegistry  : Running the evict task with compensationTime 13ms
2026-08-29T14:40:37.328+05:30  INFO 36404 --- [eureka-server] [a-EvictionTimer] c.n.e.registry.AbstractInstanceRegistry  : Running the evict task with compensationTime 7ms
2026-08-29T14:41:37.343+05:30  INFO 36404 --- [eureka-server] [a-EvictionTimer] c.n.e.registry.AbstractInstanceRegistry  : Running the evict task with compensationTime 14ms
2026-08-29T14:42:35.769+05:30  WARN 36404 --- [eureka-server] [eerNodesUpdater] c.n.eureka.cluster.PeerEurekaNodes       : The replica size seems to be empty. Check the route 53 DNS Registry
2026-08-29T14:42:37.348+05:30  INFO 36404 --- [eureka-server] [a-EvictionTimer] c.n.e.registry.AbstractInstanceRegistry  : Running the evict task with compensationTime 5ms
2026-08-29T14:43:37.350+05:30  INFO 36404 --- [eureka-server] [a-EvictionTimer] c.n.e.registry.AbstractInstanceRegistry  : Running the evict task with compensationTime 1ms
2026-08-29T14:44:37.356+05:30  INFO 36404 --- [eureka-server] [a-EvictionTimer] c.n.e.registry.AbstractInstanceRegistry  : Running the evict task with compensationTime 5ms
2026-08-29T14:45:37.362+05:30  INFO 36404 --- [eureka-server] [a-EvictionTimer] c.n.e.registry.AbstractInstanceRegistry  : Running the evict task with compensationTime 6ms
2026-08-29T14:46:37.364+05:30  INFO 36404 --- [eureka-server] [a-EvictionTimer] c.n.e.registry.AbstractInstanceRegistry  : Running the evict task with compensationTime 1ms
2026-08-29T14:47:37.368+05:30  INFO 36404 --- [eureka-server] [a-EvictionTimer] c.n.e.registry.AbstractInstanceRegistry  : Running the evict task with compensationTime 4ms
2026-08-29T14:48:37.382+05:30  INFO 36404 --- [eureka-server] [a-EvictionTimer] c.n.e.registry.AbstractInstanceRegistry  : Running the evict task with compensationTime 13ms
2026-08-29T14:49:37.395+05:30  INFO 36404 --- [eureka-server] [a-EvictionTimer] c.n.e.registry.AbstractInstanceRegistry  : Running the evict task with compensationTime 12ms
2026-08-29T14:50:37.398+05:30  INFO 36404 --- [eureka-server] [a-EvictionTimer] c.n.e.registry.AbstractInstanceRegistry  : Running the evict task with compensationTime 2ms
2026-08-29T14:51:37.403+05:30  INFO 36404 --- [eureka-server] [a-EvictionTimer] c.n.e.registry.AbstractInstanceRegistry  : Running the evict task with compensationTime 5ms
2026-08-29T14:52:35.551+05:30  INFO 36404 --- [eureka-server] [hresholdUpdater] c.n.e.r.PeerAwareInstanceRegistryImpl    : Current renewal threshold is : 0
2026-08-29T14:52:35.778+05:30  WARN 36404 --- [eureka-server] [eerNodesUpdater] c.n.eureka.cluster.PeerEurekaNodes       : The replica size seems to be empty. Check the route 53 DNS Registry
2026-08-29T14:52:37.417+05:30  INFO 36404 --- [eureka-server] [a-EvictionTimer] c.n.e.registry.AbstractInstanceRegistry  : Running the evict task with compensationTime 15ms
2026-08-29T14:53:37.432+05:30  INFO 36404 --- [eureka-server] [a-EvictionTimer] c.n.e.registry.AbstractInstanceRegistry  : Running the evict task with compensationTime 12ms
2026-08-29T14:54:37.433+05:30  INFO 36404 --- [eureka-server] [a-EvictionTimer] c.n.e.registry.AbstractInstanceRegistry  : Running the evict task with compensationTime 2ms
2026-08-29T14:55:37.441+05:30  INFO 36404 --- [eureka-server] [a-EvictionTimer] c.n.e.registry.AbstractInstanceRegistry  : Running the evict task with compensationTime 8ms
2026-08-29T14:56:37.453+05:30  INFO 36404 --- [eureka-server] [a-EvictionTimer] c.n.e.registry.AbstractInstanceRegistry  : Running the evict task with compensationTime 11ms
2026-08-29T14:57:37.466+05:30  INFO 36404 --- [eureka-server] [a-EvictionTimer] c.n.e.registry.AbstractInstanceRegistry  : Running the evict task with compensationTime 13ms
2026-08-29T14:58:37.471+05:30  INFO 36404 --- [eureka-server] [a-EvictionTimer] c.n.e.registry.AbstractInstanceRegistry  : Running the evict task with compensationTime 2ms
2026-08-29T14:59:37.542+05:30  INFO 36404 --- [eureka-server] [a-EvictionTimer] c.n.e.registry.AbstractInstanceRegistry  : Running the evict task with compensationTime 73ms
2026-08-29T15:00:37.548+05:30  INFO 36404 --- [eureka-server] [a-EvictionTimer] c.n.e.registry.AbstractInstanceRegistry  : Running the evict task with compensationTime 6ms
2026-08-29T15:01:37.554+05:30  INFO 36404 --- [eureka-server] [a-EvictionTimer] c.n.e.registry.AbstractInstanceRegistry  : Running the evict task with compensationTime 5ms
2026-08-29T15:02:35.787+05:30  WARN 36404 --- [eureka-server] [eerNodesUpdater] c.n.eureka.cluster.PeerEurekaNodes       : The replica size seems to be empty. Check the route 53 DNS Registry
2026-08-29T15:02:37.557+05:30  INFO 36404 --- [eureka-server] [a-EvictionTimer] c.n.e.registry.AbstractInstanceRegistry  : Running the evict task with compensationTime 2ms
2026-08-29T15:03:37.561+05:30  INFO 36404 --- [eureka-server] [a-EvictionTimer] c.n.e.registry.AbstractInstanceRegistry  : Running the evict task with compensationTime 3ms
2026-08-29T15:04:37.563+05:30  INFO 36404 --- [eureka-server] [a-EvictionTimer] c.n.e.registry.AbstractInstanceRegistry  : Running the evict task with compensationTime 1ms
2026-08-29T15:05:37.566+05:30  INFO 36404 --- [eureka-server] [a-EvictionTimer] c.n.e.registry.AbstractInstanceRegistry  : Running the evict task with compensationTime 3ms
2026-08-29T15:06:37.576+05:30  INFO 36404 --- [eureka-server] [a-EvictionTimer] c.n.e.registry.AbstractInstanceRegistry  : Running the evict task with compensationTime 9ms
2026-08-29T15:07:35.563+05:30  INFO 36404 --- [eureka-server] [hresholdUpdater] c.n.e.r.PeerAwareInstanceRegistryImpl    : Current renewal threshold is : 0
2026-08-29T15:07:37.581+05:30  INFO 36404 --- [eureka-server] [a-EvictionTimer] c.n.e.registry.AbstractInstanceRegistry  : Running the evict task with compensationTime 4ms
2026-08-29T15:08:37.585+05:30  INFO 36404 --- [eureka-server] [a-EvictionTimer] c.n.e.registry.AbstractInstanceRegistry  : Running the evict task with compensationTime 5ms
2026-08-29T15:09:37.591+05:30  INFO 36404 --- [eureka-server] [a-EvictionTimer] c.n.e.registry.AbstractInstanceRegistry  : Running the evict task with compensationTime 4ms
2026-08-29T15:10:37.600+05:30  INFO 36404 --- [eureka-server] [a-EvictionTimer] c.n.e.registry.AbstractInstanceRegistry  : Running the evict task with compensationTime 10ms
2026-08-29T15:11:37.603+05:30  INFO 36404 --- [eureka-server] [a-EvictionTimer] c.n.e.registry.AbstractInstanceRegistry  : Running the evict task with compensationTime 2ms
2026-08-29T15:12:35.790+05:30  WARN 36404 --- [eureka-server] [eerNodesUpdater] c.n.eureka.cluster.PeerEurekaNodes       : The replica size seems to be empty. Check the route 53 DNS Registry
2026-08-29T15:12:37.616+05:30  INFO 36404 --- [eureka-server] [a-EvictionTimer] c.n.e.registry.AbstractInstanceRegistry  : Running the evict task with compensationTime 13ms
2026-08-29T15:13:37.616+05:30  INFO 36404 --- [eureka-server] [a-EvictionTimer] c.n.e.registry.AbstractInstanceRegistry  : Running the evict task with compensationTime 0ms
2026-08-29T15:14:37.622+05:30  INFO 36404 --- [eureka-server] [a-EvictionTimer] c.n.e.registry.AbstractInstanceRegistry  : Running the evict task with compensationTime 5ms
2026-08-29T15:15:37.633+05:30  INFO 36404 --- [eureka-server] [a-EvictionTimer] c.n.e.registry.AbstractInstanceRegistry  : Running the evict task with compensationTime 11ms
2026-08-29T15:16:37.648+05:30  INFO 36404 --- [eureka-server] [a-EvictionTimer] c.n.e.registry.AbstractInstanceRegistry  : Running the evict task with compensationTime 14ms
2026-08-29T15:17:37.652+05:30  INFO 36404 --- [eureka-server] [a-EvictionTimer] c.n.e.registry.AbstractInstanceRegistry  : Running the evict task with compensationTime 3ms
2026-08-29T15:18:37.665+05:30  INFO 36404 --- [eureka-server] [a-EvictionTimer] c.n.e.registry.AbstractInstanceRegistry  : Running the evict task with compensationTime 13ms
2026-08-29T15:19:37.667+05:30  INFO 36404 --- [eureka-server] [a-EvictionTimer] c.n.e.registry.AbstractInstanceRegistry  : Running the evict task with compensationTime 1ms
2026-08-29T15:20:37.671+05:30  INFO 36404 --- [eureka-server] [a-EvictionTimer] c.n.e.registry.AbstractInstanceRegistry  : Running the evict task with compensationTime 4ms
2026-08-29T15:21:37.685+05:30  INFO 36404 --- [eureka-server] [a-EvictionTimer] c.n.e.registry.AbstractInstanceRegistry  : Running the evict task with compensationTime 13ms
2026-08-29T15:22:35.596+05:30  INFO 36404 --- [eureka-server] [hresholdUpdater] c.n.e.r.PeerAwareInstanceRegistryImpl    : Current renewal threshold is : 0
2026-08-29T15:22:35.803+05:30  WARN 36404 --- [eureka-server] [eerNodesUpdater] c.n.eureka.cluster.PeerEurekaNodes       : The replica size seems to be empty. Check the route 53 DNS Registry
2026-08-29T15:22:37.695+05:30  INFO 36404 --- [eureka-server] [a-EvictionTimer] c.n.e.registry.AbstractInstanceRegistry  : Running the evict task with compensationTime 10ms
2026-08-29T15:23:37.706+05:30  INFO 36404 --- [eureka-server] [a-EvictionTimer] c.n.e.registry.AbstractInstanceRegistry  : Running the evict task with compensationTime 10ms
2026-08-29T15:24:37.719+05:30  INFO 36404 --- [eureka-server] [a-EvictionTimer] c.n.e.registry.AbstractInstanceRegistry  : Running the evict task with compensationTime 13ms
2026-08-29T15:25:37.734+05:30  INFO 36404 --- [eureka-server] [a-EvictionTimer] c.n.e.registry.AbstractInstanceRegistry  : Running the evict task with compensationTime 14ms
2026-08-29T15:26:37.745+05:30  INFO 36404 --- [eureka-server] [a-EvictionTimer] c.n.e.registry.AbstractInstanceRegistry  : Running the evict task with compensationTime 11ms
2026-08-29T15:27:37.753+05:30  INFO 36404 --- [eureka-server] [a-EvictionTimer] c.n.e.registry.AbstractInstanceRegistry  : Running the evict task with compensationTime 8ms
2026-08-29T15:28:37.768+05:30  INFO 36404 --- [eureka-server] [a-EvictionTimer] c.n.e.registry.AbstractInstanceRegistry  : Running the evict task with compensationTime 14ms
2026-08-29T15:29:37.772+05:30  INFO 36404 --- [eureka-server] [a-EvictionTimer] c.n.e.registry.AbstractInstanceRegistry  : Running the evict task with compensationTime 2ms
2026-08-29T15:30:37.778+05:30  INFO 36404 --- [eureka-server] [a-EvictionTimer] c.n.e.registry.AbstractInstanceRegistry  : Running the evict task with compensationTime 7ms
2026-08-29T15:31:37.783+05:30  INFO 36404 --- [eureka-server] [a-EvictionTimer] c.n.e.registry.AbstractInstanceRegistry  : Running the evict task with compensationTime 4ms
2026-08-29T15:32:35.819+05:30  WARN 36404 --- [eureka-server] [eerNodesUpdater] c.n.eureka.cluster.PeerEurekaNodes       : The replica size seems to be empty. Check the route 53 DNS Registry
2026-08-29T15:32:37.785+05:30  INFO 36404 --- [eureka-server] [a-EvictionTimer] c.n.e.registry.AbstractInstanceRegistry  : Running the evict task with compensationTime 2ms
2026-08-29T15:33:37.792+05:30  INFO 36404 --- [eureka-server] [a-EvictionTimer] c.n.e.registry.AbstractInstanceRegistry  : Running the evict task with compensationTime 7ms
2026-08-29T15:34:37.817+05:30  INFO 36404 --- [eureka-server] [a-EvictionTimer] c.n.e.registry.AbstractInstanceRegistry  : Running the evict task with compensationTime 24ms
2026-08-29T15:35:37.834+05:30  INFO 36404 --- [eureka-server] [a-EvictionTimer] c.n.e.registry.AbstractInstanceRegistry  : Running the evict task with compensationTime 17ms
2026-08-29T15:36:37.847+05:30  INFO 36404 --- [eureka-server] [a-EvictionTimer] c.n.e.registry.AbstractInstanceRegistry  : Running the evict task with compensationTime 13ms
2026-08-29T15:37:35.582+05:30  INFO 36404 --- [eureka-server] [hresholdUpdater] c.n.e.r.PeerAwareInstanceRegistryImpl    : Current renewal threshold is : 0
2026-08-29T15:37:37.856+05:30  INFO 36404 --- [eureka-server] [a-EvictionTimer] c.n.e.registry.AbstractInstanceRegistry  : Running the evict task with compensationTime 8ms
2026-08-29T15:38:37.861+05:30  INFO 36404 --- [eureka-server] [a-EvictionTimer] c.n.e.registry.AbstractInstanceRegistry  : Running the evict task with compensationTime 5ms
2026-08-29T15:39:37.871+05:30  INFO 36404 --- [eureka-server] [a-EvictionTimer] c.n.e.registry.AbstractInstanceRegistry  : Running the evict task with compensationTime 10ms
2026-08-29T15:40:37.892+05:30  INFO 36404 --- [eureka-server] [a-EvictionTimer] c.n.e.registry.AbstractInstanceRegistry  : Running the evict task with compensationTime 21ms
2026-08-29T16:37:27.865+05:30  INFO 36404 --- [eureka-server] [a-EvictionTimer] c.n.e.registry.AbstractInstanceRegistry  : Running the evict task with compensationTime 3350109ms
2026-08-29T16:38:25.750+05:30  WARN 36404 --- [eureka-server] [eerNodesUpdater] c.n.eureka.cluster.PeerEurekaNodes       : The replica size seems to be empty. Check the route 53 DNS Registry
2026-08-29T16:38:27.880+05:30  INFO 36404 --- [eureka-server] [a-EvictionTimer] c.n.e.registry.AbstractInstanceRegistry  : Running the evict task with compensationTime 15ms
2026-08-29T16:39:27.891+05:30  INFO 36404 --- [eureka-server] [a-EvictionTimer] c.n.e.registry.AbstractInstanceRegistry  : Running the evict task with compensationTime 10ms
2026-08-29T16:40:27.891+05:30  INFO 36404 --- [eureka-server] [a-EvictionTimer] c.n.e.registry.AbstractInstanceRegistry  : Running the evict task with compensationTime 1ms
2026-08-29T16:41:27.902+05:30  INFO 36404 --- [eureka-server] [a-EvictionTimer] c.n.e.registry.AbstractInstanceRegistry  : Running the evict task with compensationTime 10ms
2026-08-29T16:42:27.906+05:30  INFO 36404 --- [eureka-server] [a-EvictionTimer] c.n.e.registry.AbstractInstanceRegistry  : Running the evict task with compensationTime 3ms
2026-08-29T16:43:27.923+05:30  INFO 36404 --- [eureka-server] [a-EvictionTimer] c.n.e.registry.AbstractInstanceRegistry  : Running the evict task with compensationTime 16ms
2026-08-29T16:44:27.924+05:30  INFO 36404 --- [eureka-server] [a-EvictionTimer] c.n.e.registry.AbstractInstanceRegistry  : Running the evict task with compensationTime 1ms
2026-08-29T16:45:27.928+05:30  INFO 36404 --- [eureka-server] [a-EvictionTimer] c.n.e.registry.AbstractInstanceRegistry  : Running the evict task with compensationTime 3ms
2026-08-29T16:46:27.937+05:30  INFO 36404 --- [eureka-server] [a-EvictionTimer] c.n.e.registry.AbstractInstanceRegistry  : Running the evict task with compensationTime 9ms
2026-08-29T16:47:27.944+05:30  INFO 36404 --- [eureka-server] [a-EvictionTimer] c.n.e.registry.AbstractInstanceRegistry  : Running the evict task with compensationTime 7ms
2026-08-29T16:48:25.522+05:30  INFO 36404 --- [eureka-server] [hresholdUpdater] c.n.e.r.PeerAwareInstanceRegistryImpl    : Current renewal threshold is : 0
2026-08-29T16:48:25.767+05:30  WARN 36404 --- [eureka-server] [eerNodesUpdater] c.n.eureka.cluster.PeerEurekaNodes       : The replica size seems to be empty. Check the route 53 DNS Registry
2026-08-29T16:48:27.953+05:30  INFO 36404 --- [eureka-server] [a-EvictionTimer] c.n.e.registry.AbstractInstanceRegistry  : Running the evict task with compensationTime 7ms
2026-08-29T16:49:27.957+05:30  INFO 36404 --- [eureka-server] [a-EvictionTimer] c.n.e.registry.AbstractInstanceRegistry  : Running the evict task with compensationTime 4ms
2026-08-29T16:50:27.961+05:30  INFO 36404 --- [eureka-server] [a-EvictionTimer] c.n.e.registry.AbstractInstanceRegistry  : Running the evict task with compensationTime 4ms
2026-08-29T16:51:27.967+05:30  INFO 36404 --- [eureka-server] [a-EvictionTimer] c.n.e.registry.AbstractInstanceRegistry  : Running the evict task with compensationTime 6ms
2026-08-29T16:52:27.980+05:30  INFO 36404 --- [eureka-server] [a-EvictionTimer] c.n.e.registry.AbstractInstanceRegistry  : Running the evict task with compensationTime 13ms
2026-08-29T16:53:27.995+05:30  INFO 36404 --- [eureka-server] [a-EvictionTimer] c.n.e.registry.AbstractInstanceRegistry  : Running the evict task with compensationTime 14ms
2026-08-29T16:54:27.999+05:30  INFO 36404 --- [eureka-server] [a-EvictionTimer] c.n.e.registry.AbstractInstanceRegistry  : Running the evict task with compensationTime 4ms
2026-08-29T16:55:28.011+05:30  INFO 36404 --- [eureka-server] [a-EvictionTimer] c.n.e.registry.AbstractInstanceRegistry  : Running the evict task with compensationTime 11ms
2026-08-29T16:56:28.023+05:30  INFO 36404 --- [eureka-server] [a-EvictionTimer] c.n.e.registry.AbstractInstanceRegistry  : Running the evict task with compensationTime 12ms
2026-08-29T16:57:28.033+05:30  INFO 36404 --- [eureka-server] [a-EvictionTimer] c.n.e.registry.AbstractInstanceRegistry  : Running the evict task with compensationTime 10ms
2026-08-29T16:58:25.769+05:30  WARN 36404 --- [eureka-server] [eerNodesUpdater] c.n.eureka.cluster.PeerEurekaNodes       : The replica size seems to be empty. Check the route 53 DNS Registry
2026-08-29T16:58:28.036+05:30  INFO 36404 --- [eureka-server] [a-EvictionTimer] c.n.e.registry.AbstractInstanceRegistry  : Running the evict task with compensationTime 2ms
2026-08-29T16:59:28.049+05:30  INFO 36404 --- [eureka-server] [a-EvictionTimer] c.n.e.registry.AbstractInstanceRegistry  : Running the evict task with compensationTime 12ms
2026-08-29T17:00:28.054+05:30  INFO 36404 --- [eureka-server] [a-EvictionTimer] c.n.e.registry.AbstractInstanceRegistry  : Running the evict task with compensationTime 5ms
2026-08-29T17:01:28.062+05:30  INFO 36404 --- [eureka-server] [a-EvictionTimer] c.n.e.registry.AbstractInstanceRegistry  : Running the evict task with compensationTime 8ms
2026-08-29T17:02:28.081+05:30  INFO 36404 --- [eureka-server] [a-EvictionTimer] c.n.e.registry.AbstractInstanceRegistry  : Running the evict task with compensationTime 18ms
2026-08-29T17:03:25.515+05:30  INFO 36404 --- [eureka-server] [hresholdUpdater] c.n.e.r.PeerAwareInstanceRegistryImpl    : Current renewal threshold is : 0
2026-08-29T17:03:28.086+05:30  INFO 36404 --- [eureka-server] [a-EvictionTimer] c.n.e.registry.AbstractInstanceRegistry  : Running the evict task with compensationTime 4ms
2026-08-29T17:04:28.097+05:30  INFO 36404 --- [eureka-server] [a-EvictionTimer] c.n.e.registry.AbstractInstanceRegistry  : Running the evict task with compensationTime 10ms
2026-08-29T17:05:28.104+05:30  INFO 36404 --- [eureka-server] [a-EvictionTimer] c.n.e.registry.AbstractInstanceRegistry  : Running the evict task with compensationTime 7ms
2026-08-29T17:06:28.107+05:30  INFO 36404 --- [eureka-server] [a-EvictionTimer] c.n.e.registry.AbstractInstanceRegistry  : Running the evict task with compensationTime 2ms
2026-08-29T17:07:28.126+05:30  INFO 36404 --- [eureka-server] [a-EvictionTimer] c.n.e.registry.AbstractInstanceRegistry  : Running the evict task with compensationTime 19ms
2026-08-29T17:08:25.776+05:30  WARN 36404 --- [eureka-server] [eerNodesUpdater] c.n.eureka.cluster.PeerEurekaNodes       : The replica size seems to be empty. Check the route 53 DNS Registry
2026-08-29T17:08:28.143+05:30  INFO 36404 --- [eureka-server] [a-EvictionTimer] c.n.e.registry.AbstractInstanceRegistry  : Running the evict task with compensationTime 11ms
2026-08-29T17:09:28.148+05:30  INFO 36404 --- [eureka-server] [a-EvictionTimer] c.n.e.registry.AbstractInstanceRegistry  : Running the evict task with compensationTime 10ms
2026-08-29T17:10:28.166+05:30  INFO 36404 --- [eureka-server] [a-EvictionTimer] c.n.e.registry.AbstractInstanceRegistry  : Running the evict task with compensationTime 18ms
2026-08-29T17:11:28.174+05:30  INFO 36404 --- [eureka-server] [a-EvictionTimer] c.n.e.registry.AbstractInstanceRegistry  : Running the evict task with compensationTime 8ms
2026-08-29T17:12:28.176+05:30  INFO 36404 --- [eureka-server] [a-EvictionTimer] c.n.e.registry.AbstractInstanceRegistry  : Running the evict task with compensationTime 1ms
2026-08-29T17:13:28.180+05:30  INFO 36404 --- [eureka-server] [a-EvictionTimer] c.n.e.registry.AbstractInstanceRegistry  : Running the evict task with compensationTime 3ms
2026-08-29T17:14:28.180+05:30  INFO 36404 --- [eureka-server] [a-EvictionTimer] c.n.e.registry.AbstractInstanceRegistry  : Running the evict task with compensationTime 0ms
2026-08-29T17:15:28.193+05:30  INFO 36404 --- [eureka-server] [a-EvictionTimer] c.n.e.registry.AbstractInstanceRegistry  : Running the evict task with compensationTime 12ms
2026-08-29T17:16:28.192+05:30  INFO 36404 --- [eureka-server] [a-EvictionTimer] c.n.e.registry.AbstractInstanceRegistry  : Running the evict task with compensationTime 0ms
2026-08-29T17:17:28.204+05:30  INFO 36404 --- [eureka-server] [a-EvictionTimer] c.n.e.registry.AbstractInstanceRegistry  : Running the evict task with compensationTime 12ms
2026-08-29T17:18:25.524+05:30  INFO 36404 --- [eureka-server] [hresholdUpdater] c.n.e.r.PeerAwareInstanceRegistryImpl    : Current renewal threshold is : 0
2026-08-29T17:18:25.780+05:30  WARN 36404 --- [eureka-server] [eerNodesUpdater] c.n.eureka.cluster.PeerEurekaNodes       : The replica size seems to be empty. Check the route 53 DNS Registry
2026-08-29T17:18:28.208+05:30  INFO 36404 --- [eureka-server] [a-EvictionTimer] c.n.e.registry.AbstractInstanceRegistry  : Running the evict task with compensationTime 3ms
2026-08-29T17:19:28.212+05:30  INFO 36404 --- [eureka-server] [a-EvictionTimer] c.n.e.registry.AbstractInstanceRegistry  : Running the evict task with compensationTime 3ms
2026-08-29T17:20:28.214+05:30  INFO 36404 --- [eureka-server] [a-EvictionTimer] c.n.e.registry.AbstractInstanceRegistry  : Running the evict task with compensationTime 1ms
2026-08-29T17:21:28.227+05:30  INFO 36404 --- [eureka-server] [a-EvictionTimer] c.n.e.registry.AbstractInstanceRegistry  : Running the evict task with compensationTime 13ms
2026-08-29T17:22:28.254+05:30  INFO 36404 --- [eureka-server] [a-EvictionTimer] c.n.e.registry.AbstractInstanceRegistry  : Running the evict task with compensationTime 26ms
2026-08-29T17:23:28.263+05:30  INFO 36404 --- [eureka-server] [a-EvictionTimer] c.n.e.registry.AbstractInstanceRegistry  : Running the evict task with compensationTime 9ms
2026-08-29T17:24:28.269+05:30  INFO 36404 --- [eureka-server] [a-EvictionTimer] c.n.e.registry.AbstractInstanceRegistry  : Running the evict task with compensationTime 6ms
2026-08-29T17:25:28.278+05:30  INFO 36404 --- [eureka-server] [a-EvictionTimer] c.n.e.registry.AbstractInstanceRegistry  : Running the evict task with compensationTime 7ms
2026-08-29T17:26:28.327+05:30  INFO 36404 --- [eureka-server] [a-EvictionTimer] c.n.e.registry.AbstractInstanceRegistry  : Running the evict task with compensationTime 49ms
2026-08-29T17:27:28.354+05:30  INFO 36404 --- [eureka-server] [a-EvictionTimer] c.n.e.registry.AbstractInstanceRegistry  : Running the evict task with compensationTime 26ms
2026-08-29T17:28:25.803+05:30  WARN 36404 --- [eureka-server] [eerNodesUpdater] c.n.eureka.cluster.PeerEurekaNodes       : The replica size seems to be empty. Check the route 53 DNS Registry
2026-08-29T17:28:28.375+05:30  INFO 36404 --- [eureka-server] [a-EvictionTimer] c.n.e.registry.AbstractInstanceRegistry  : Running the evict task with compensationTime 21ms
2026-08-29T17:29:28.424+05:30  INFO 36404 --- [eureka-server] [a-EvictionTimer] c.n.e.registry.AbstractInstanceRegistry  : Running the evict task with compensationTime 49ms
2026-08-29T17:30:28.459+05:30  INFO 36404 --- [eureka-server] [a-EvictionTimer] c.n.e.registry.AbstractInstanceRegistry  : Running the evict task with compensationTime 34ms
2026-08-29T17:31:28.474+05:30  INFO 36404 --- [eureka-server] [a-EvictionTimer] c.n.e.registry.AbstractInstanceRegistry  : Running the evict task with compensationTime 13ms
2026-08-29T17:32:28.494+05:30  INFO 36404 --- [eureka-server] [a-EvictionTimer] c.n.e.registry.AbstractInstanceRegistry  : Running the evict task with compensationTime 21ms
2026-08-29T17:33:25.534+05:30  INFO 36404 --- [eureka-server] [hresholdUpdater] c.n.e.r.PeerAwareInstanceRegistryImpl    : Current renewal threshold is : 0
2026-08-29T17:33:28.507+05:30  INFO 36404 --- [eureka-server] [a-EvictionTimer] c.n.e.registry.AbstractInstanceRegistry  : Running the evict task with compensationTime 12ms
2026-08-29T17:34:28.540+05:30  INFO 36404 --- [eureka-server] [a-EvictionTimer] c.n.e.registry.AbstractInstanceRegistry  : Running the evict task with compensationTime 33ms
2026-08-29T17:35:28.546+05:30  INFO 36404 --- [eureka-server] [a-EvictionTimer] c.n.e.registry.AbstractInstanceRegistry  : Running the evict task with compensationTime 5ms
2026-08-29T17:36:28.556+05:30  INFO 36404 --- [eureka-server] [a-EvictionTimer] c.n.e.registry.AbstractInstanceRegistry  : Running the evict task with compensationTime 8ms
2026-08-29T17:37:28.621+05:30  INFO 36404 --- [eureka-server] [a-EvictionTimer] c.n.e.registry.AbstractInstanceRegistry  : Running the evict task with compensationTime 65ms
2026-08-29T17:38:25.831+05:30  WARN 36404 --- [eureka-server] [eerNodesUpdater] c.n.eureka.cluster.PeerEurekaNodes       : The replica size seems to be empty. Check the route 53 DNS Registry
2026-08-29T17:38:28.644+05:30  INFO 36404 --- [eureka-server] [a-EvictionTimer] c.n.e.registry.AbstractInstanceRegistry  : Running the evict task with compensationTime 22ms
2026-08-29T17:39:28.659+05:30  INFO 36404 --- [eureka-server] [a-EvictionTimer] c.n.e.registry.AbstractInstanceRegistry  : Running the evict task with compensationTime 15ms
2026-08-29T17:40:28.675+05:30  INFO 36404 --- [eureka-server] [a-EvictionTimer] c.n.e.registry.AbstractInstanceRegistry  : Running the evict task with compensationTime 15ms
2026-08-29T17:41:28.690+05:30  INFO 36404 --- [eureka-server] [a-EvictionTimer] c.n.e.registry.AbstractInstanceRegistry  : Running the evict task with compensationTime 14ms
2026-08-29T17:42:28.702+05:30  INFO 36404 --- [eureka-server] [a-EvictionTimer] c.n.e.registry.AbstractInstanceRegistry  : Running the evict task with compensationTime 12ms
2026-08-29T17:57:02.964+05:30  INFO 36404 --- [eureka-server] [a-EvictionTimer] c.n.e.registry.AbstractInstanceRegistry  : Running the evict task with compensationTime 814398ms
2026-08-29T17:58:02.976+05:30  INFO 36404 --- [eureka-server] [a-EvictionTimer] c.n.e.registry.AbstractInstanceRegistry  : Running the evict task with compensationTime 11ms
2026-08-29T17:59:02.977+05:30  INFO 36404 --- [eureka-server] [a-EvictionTimer] c.n.e.registry.AbstractInstanceRegistry  : Running the evict task with compensationTime 0ms
2026-08-29T18:00:29.805+05:30  INFO 36404 --- [eureka-server] [a-EvictionTimer] c.n.e.registry.AbstractInstanceRegistry  : Running the evict task with compensationTime 29313ms
2026-08-29T18:01:29.816+05:30  INFO 36404 --- [eureka-server] [a-EvictionTimer] c.n.e.registry.AbstractInstanceRegistry  : Running the evict task with compensationTime 11ms
2026-08-29T18:02:26.612+05:30  INFO 36404 --- [eureka-server] [hresholdUpdater] c.n.e.r.PeerAwareInstanceRegistryImpl    : Current renewal threshold is : 0
2026-08-29T18:02:26.937+05:30  WARN 36404 --- [eureka-server] [eerNodesUpdater] c.n.eureka.cluster.PeerEurekaNodes       : The replica size seems to be empty. Check the route 53 DNS Registry
2026-08-29T18:02:29.818+05:30  INFO 36404 --- [eureka-server] [a-EvictionTimer] c.n.e.registry.AbstractInstanceRegistry  : Running the evict task with compensationTime 2ms
2026-08-29T18:03:29.822+05:30  INFO 36404 --- [eureka-server] [a-EvictionTimer] c.n.e.registry.AbstractInstanceRegistry  : Running the evict task with compensationTime 3ms
2026-08-29T18:04:29.834+05:30  INFO 36404 --- [eureka-server] [a-EvictionTimer] c.n.e.registry.AbstractInstanceRegistry  : Running the evict task with compensationTime 12ms
2026-08-29T18:05:29.836+05:30  INFO 36404 --- [eureka-server] [a-EvictionTimer] c.n.e.registry.AbstractInstanceRegistry  : Running the evict task with compensationTime 2ms
2026-08-29T18:06:29.846+05:30  INFO 36404 --- [eureka-server] [a-EvictionTimer] c.n.e.registry.AbstractInstanceRegistry  : Running the evict task with compensationTime 10ms
2026-08-29T18:07:29.852+05:30  INFO 36404 --- [eureka-server] [a-EvictionTimer] c.n.e.registry.AbstractInstanceRegistry  : Running the evict task with compensationTime 5ms
2026-08-29T18:08:29.858+05:30  INFO 36404 --- [eureka-server] [a-EvictionTimer] c.n.e.registry.AbstractInstanceRegistry  : Running the evict task with compensationTime 5ms
2026-08-29T18:09:29.867+05:30  INFO 36404 --- [eureka-server] [a-EvictionTimer] c.n.e.registry.AbstractInstanceRegistry  : Running the evict task with compensationTime 8ms
2026-08-29T18:10:29.873+05:30  INFO 36404 --- [eureka-server] [a-EvictionTimer] c.n.e.registry.AbstractInstanceRegistry  : Running the evict task with compensationTime 6ms
2026-08-29T18:11:29.888+05:30  INFO 36404 --- [eureka-server] [a-EvictionTimer] c.n.e.registry.AbstractInstanceRegistry  : Running the evict task with compensationTime 15ms
2026-08-29T18:12:26.944+05:30  WARN 36404 --- [eureka-server] [eerNodesUpdater] c.n.eureka.cluster.PeerEurekaNodes       : The replica size seems to be empty. Check the route 53 DNS Registry
2026-08-29T18:12:29.901+05:30  INFO 36404 --- [eureka-server] [a-EvictionTimer] c.n.e.registry.AbstractInstanceRegistry  : Running the evict task with compensationTime 13ms
2026-08-29T18:13:29.910+05:30  INFO 36404 --- [eureka-server] [a-EvictionTimer] c.n.e.registry.AbstractInstanceRegistry  : Running the evict task with compensationTime 9ms
2026-08-29T18:14:29.919+05:30  INFO 36404 --- [eureka-server] [a-EvictionTimer] c.n.e.registry.AbstractInstanceRegistry  : Running the evict task with compensationTime 7ms
2026-08-29T18:15:29.928+05:30  INFO 36404 --- [eureka-server] [a-EvictionTimer] c.n.e.registry.AbstractInstanceRegistry  : Running the evict task with compensationTime 8ms
2026-08-29T18:16:29.938+05:30  INFO 36404 --- [eureka-server] [a-EvictionTimer] c.n.e.registry.AbstractInstanceRegistry  : Running the evict task with compensationTime 9ms
2026-08-29T19:24:27.084+05:30  INFO 36404 --- [eureka-server] [hresholdUpdater] c.n.e.r.PeerAwareInstanceRegistryImpl    : Current renewal threshold is : 0
2026-08-29T19:24:30.405+05:30  INFO 36404 --- [eureka-server] [a-EvictionTimer] c.n.e.registry.AbstractInstanceRegistry  : Running the evict task with compensationTime 4020604ms
2026-08-29T19:25:30.419+05:30  INFO 36404 --- [eureka-server] [a-EvictionTimer] c.n.e.registry.AbstractInstanceRegistry  : Running the evict task with compensationTime 14ms
2026-08-29T19:26:30.424+05:30  INFO 36404 --- [eureka-server] [a-EvictionTimer] c.n.e.registry.AbstractInstanceRegistry  : Running the evict task with compensationTime 4ms
2026-08-29T19:27:30.435+05:30  INFO 36404 --- [eureka-server] [a-EvictionTimer] c.n.e.registry.AbstractInstanceRegistry  : Running the evict task with compensationTime 11ms
2026-08-29T19:28:30.451+05:30  INFO 36404 --- [eureka-server] [a-EvictionTimer] c.n.e.registry.AbstractInstanceRegistry  : Running the evict task with compensationTime 15ms
2026-08-29T19:29:27.437+05:30  WARN 36404 --- [eureka-server] [eerNodesUpdater] c.n.eureka.cluster.PeerEurekaNodes       : The replica size seems to be empty. Check the route 53 DNS Registry
2026-08-29T19:29:30.455+05:30  INFO 36404 --- [eureka-server] [a-EvictionTimer] c.n.e.registry.AbstractInstanceRegistry  : Running the evict task with compensationTime 3ms
2026-08-29T19:30:30.458+05:30  INFO 36404 --- [eureka-server] [a-EvictionTimer] c.n.e.registry.AbstractInstanceRegistry  : Running the evict task with compensationTime 3ms
2026-08-29T19:31:30.472+05:30  INFO 36404 --- [eureka-server] [a-EvictionTimer] c.n.e.registry.AbstractInstanceRegistry  : Running the evict task with compensationTime 14ms
2026-08-29T19:32:30.488+05:30  INFO 36404 --- [eureka-server] [a-EvictionTimer] c.n.e.registry.AbstractInstanceRegistry  : Running the evict task with compensationTime 15ms
2026-08-29T19:33:30.501+05:30  INFO 36404 --- [eureka-server] [a-EvictionTimer] c.n.e.registry.AbstractInstanceRegistry  : Running the evict task with compensationTime 14ms
2026-08-29T19:34:30.516+05:30  INFO 36404 --- [eureka-server] [a-EvictionTimer] c.n.e.registry.AbstractInstanceRegistry  : Running the evict task with compensationTime 14ms
2026-08-29T19:35:30.528+05:30  INFO 36404 --- [eureka-server] [a-EvictionTimer] c.n.e.registry.AbstractInstanceRegistry  : Running the evict task with compensationTime 11ms
2026-08-29T19:36:30.530+05:30  INFO 36404 --- [eureka-server] [a-EvictionTimer] c.n.e.registry.AbstractInstanceRegistry  : Running the evict task with compensationTime 2ms
2026-08-29T19:37:30.533+05:30  INFO 36404 --- [eureka-server] [a-EvictionTimer] c.n.e.registry.AbstractInstanceRegistry  : Running the evict task with compensationTime 3ms
2026-08-29T19:38:30.539+05:30  INFO 36404 --- [eureka-server] [a-EvictionTimer] c.n.e.registry.AbstractInstanceRegistry  : Running the evict task with compensationTime 5ms
2026-08-29T19:39:27.078+05:30  INFO 36404 --- [eureka-server] [hresholdUpdater] c.n.e.r.PeerAwareInstanceRegistryImpl    : Current renewal threshold is : 0
2026-08-29T19:39:27.441+05:30  WARN 36404 --- [eureka-server] [eerNodesUpdater] c.n.eureka.cluster.PeerEurekaNodes       : The replica size seems to be empty. Check the route 53 DNS Registry
2026-08-29T19:39:30.556+05:30  INFO 36404 --- [eureka-server] [a-EvictionTimer] c.n.e.registry.AbstractInstanceRegistry  : Running the evict task with compensationTime 16ms
2026-08-29T19:40:30.562+05:30  INFO 36404 --- [eureka-server] [a-EvictionTimer] c.n.e.registry.AbstractInstanceRegistry  : Running the evict task with compensationTime 6ms
2026-08-29T19:41:30.567+05:30  INFO 36404 --- [eureka-server] [a-EvictionTimer] c.n.e.registry.AbstractInstanceRegistry  : Running the evict task with compensationTime 4ms
2026-08-29T19:42:30.579+05:30  INFO 36404 --- [eureka-server] [a-EvictionTimer] c.n.e.registry.AbstractInstanceRegistry  : Running the evict task with compensationTime 12ms
2026-08-29T19:43:30.583+05:30  INFO 36404 --- [eureka-server] [a-EvictionTimer] c.n.e.registry.AbstractInstanceRegistry  : Running the evict task with compensationTime 3ms
2026-08-29T19:44:30.592+05:30  INFO 36404 --- [eureka-server] [a-EvictionTimer] c.n.e.registry.AbstractInstanceRegistry  : Running the evict task with compensationTime 8ms
2026-08-29T19:45:30.608+05:30  INFO 36404 --- [eureka-server] [a-EvictionTimer] c.n.e.registry.AbstractInstanceRegistry  : Running the evict task with compensationTime 16ms
2026-08-29T19:46:30.622+05:30  INFO 36404 --- [eureka-server] [a-EvictionTimer] c.n.e.registry.AbstractInstanceRegistry  : Running the evict task with compensationTime 13ms
2026-08-29T19:47:30.632+05:30  INFO 36404 --- [eureka-server] [a-EvictionTimer] c.n.e.registry.AbstractInstanceRegistry  : Running the evict task with compensationTime 10ms
2026-08-29T19:48:30.634+05:30  INFO 36404 --- [eureka-server] [a-EvictionTimer] c.n.e.registry.AbstractInstanceRegistry  : Running the evict task with compensationTime 1ms
2026-08-29T19:49:27.472+05:30  WARN 36404 --- [eureka-server] [eerNodesUpdater] c.n.eureka.cluster.PeerEurekaNodes       : The replica size seems to be empty. Check the route 53 DNS Registry
2026-08-29T19:49:30.645+05:30  INFO 36404 --- [eureka-server] [a-EvictionTimer] c.n.e.registry.AbstractInstanceRegistry  : Running the evict task with compensationTime 10ms
2026-08-29T19:50:30.655+05:30  INFO 36404 --- [eureka-server] [a-EvictionTimer] c.n.e.registry.AbstractInstanceRegistry  : Running the evict task with compensationTime 10ms
2026-08-29T19:51:30.667+05:30  INFO 36404 --- [eureka-server] [a-EvictionTimer] c.n.e.registry.AbstractInstanceRegistry  : Running the evict task with compensationTime 11ms
2026-08-29T19:52:30.682+05:30  INFO 36404 --- [eureka-server] [a-EvictionTimer] c.n.e.registry.AbstractInstanceRegistry  : Running the evict task with compensationTime 15ms
2026-08-29T19:53:30.694+05:30  INFO 36404 --- [eureka-server] [a-EvictionTimer] c.n.e.registry.AbstractInstanceRegistry  : Running the evict task with compensationTime 12ms
2026-08-29T19:54:27.099+05:30  INFO 36404 --- [eureka-server] [hresholdUpdater] c.n.e.r.PeerAwareInstanceRegistryImpl    : Current renewal threshold is : 0
2026-08-29T19:54:30.710+05:30  INFO 36404 --- [eureka-server] [a-EvictionTimer] c.n.e.registry.AbstractInstanceRegistry  : Running the evict task with compensationTime 15ms
2026-08-29T19:55:30.720+05:30  INFO 36404 --- [eureka-server] [a-EvictionTimer] c.n.e.registry.AbstractInstanceRegistry  : Running the evict task with compensationTime 9ms
2026-08-29T19:56:30.734+05:30  INFO 36404 --- [eureka-server] [a-EvictionTimer] c.n.e.registry.AbstractInstanceRegistry  : Running the evict task with compensationTime 14ms
2026-08-29T19:57:30.743+05:30  INFO 36404 --- [eureka-server] [a-EvictionTimer] c.n.e.registry.AbstractInstanceRegistry  : Running the evict task with compensationTime 8ms
2026-08-29T19:58:30.752+05:30  INFO 36404 --- [eureka-server] [a-EvictionTimer] c.n.e.registry.AbstractInstanceRegistry  : Running the evict task with compensationTime 9ms
2026-08-29T20:03:51.937+05:30  WARN 36404 --- [eureka-server] [eerNodesUpdater] c.n.eureka.cluster.PeerEurekaNodes       : The replica size seems to be empty. Check the route 53 DNS Registry
2026-08-29T20:03:55.204+05:30  INFO 36404 --- [eureka-server] [a-EvictionTimer] c.n.e.registry.AbstractInstanceRegistry  : Running the evict task with compensationTime 264587ms
2026-08-29T20:04:55.207+05:30  INFO 36404 --- [eureka-server] [a-EvictionTimer] c.n.e.registry.AbstractInstanceRegistry  : Running the evict task with compensationTime 3ms
2026-08-29T20:05:55.220+05:30  INFO 36404 --- [eureka-server] [a-EvictionTimer] c.n.e.registry.AbstractInstanceRegistry  : Running the evict task with compensationTime 12ms
2026-08-29T20:06:55.224+05:30  INFO 36404 --- [eureka-server] [a-EvictionTimer] c.n.e.registry.AbstractInstanceRegistry  : Running the evict task with compensationTime 4ms
2026-08-29T20:07:55.237+05:30  INFO 36404 --- [eureka-server] [a-EvictionTimer] c.n.e.registry.AbstractInstanceRegistry  : Running the evict task with compensationTime 13ms
2026-08-29T20:08:55.253+05:30  INFO 36404 --- [eureka-server] [a-EvictionTimer] c.n.e.registry.AbstractInstanceRegistry  : Running the evict task with compensationTime 14ms
2026-08-29T20:09:55.259+05:30  INFO 36404 --- [eureka-server] [a-EvictionTimer] c.n.e.registry.AbstractInstanceRegistry  : Running the evict task with compensationTime 7ms
2026-08-29T20:10:55.271+05:30  INFO 36404 --- [eureka-server] [a-EvictionTimer] c.n.e.registry.AbstractInstanceRegistry  : Running the evict task with compensationTime 11ms
2026-08-29T20:11:55.280+05:30  INFO 36404 --- [eureka-server] [a-EvictionTimer] c.n.e.registry.AbstractInstanceRegistry  : Running the evict task with compensationTime 9ms
2026-08-29T20:12:55.292+05:30  INFO 36404 --- [eureka-server] [a-EvictionTimer] c.n.e.registry.AbstractInstanceRegistry  : Running the evict task with compensationTime 12ms
2026-08-29T20:13:51.646+05:30  INFO 36404 --- [eureka-server] [hresholdUpdater] c.n.e.r.PeerAwareInstanceRegistryImpl    : Current renewal threshold is : 0
2026-08-29T20:13:52.001+05:30  WARN 36404 --- [eureka-server] [eerNodesUpdater] c.n.eureka.cluster.PeerEurekaNodes       : The replica size seems to be empty. Check the route 53 DNS Registry
2026-08-29T20:13:55.298+05:30  INFO 36404 --- [eureka-server] [a-EvictionTimer] c.n.e.registry.AbstractInstanceRegistry  : Running the evict task with compensationTime 6ms
2026-08-29T20:14:55.307+05:30  INFO 36404 --- [eureka-server] [a-EvictionTimer] c.n.e.registry.AbstractInstanceRegistry  : Running the evict task with compensationTime 8ms
2026-08-29T20:15:55.311+05:30  INFO 36404 --- [eureka-server] [a-EvictionTimer] c.n.e.registry.AbstractInstanceRegistry  : Running the evict task with compensationTime 3ms
2026-08-29T20:16:55.324+05:30  INFO 36404 --- [eureka-server] [a-EvictionTimer] c.n.e.registry.AbstractInstanceRegistry  : Running the evict task with compensationTime 13ms
2026-08-29T20:17:55.338+05:30  INFO 36404 --- [eureka-server] [a-EvictionTimer] c.n.e.registry.AbstractInstanceRegistry  : Running the evict task with compensationTime 13ms
2026-08-29T20:18:55.344+05:30  INFO 36404 --- [eureka-server] [a-EvictionTimer] c.n.e.registry.AbstractInstanceRegistry  : Running the evict task with compensationTime 5ms
2026-08-29T20:19:55.354+05:30  INFO 36404 --- [eureka-server] [a-EvictionTimer] c.n.e.registry.AbstractInstanceRegistry  : Running the evict task with compensationTime 9ms
2026-08-29T20:20:55.361+05:30  INFO 36404 --- [eureka-server] [a-EvictionTimer] c.n.e.registry.AbstractInstanceRegistry  : Running the evict task with compensationTime 8ms
2026-08-29T20:21:55.364+05:30  INFO 36404 --- [eureka-server] [a-EvictionTimer] c.n.e.registry.AbstractInstanceRegistry  : Running the evict task with compensationTime 1ms
2026-08-29T20:22:55.370+05:30  INFO 36404 --- [eureka-server] [a-EvictionTimer] c.n.e.registry.AbstractInstanceRegistry  : Running the evict task with compensationTime 6ms
2026-08-29T20:23:52.080+05:30  WARN 36404 --- [eureka-server] [eerNodesUpdater] c.n.eureka.cluster.PeerEurekaNodes       : The replica size seems to be empty. Check the route 53 DNS Registry
2026-08-29T20:23:55.379+05:30  INFO 36404 --- [eureka-server] [a-EvictionTimer] c.n.e.registry.AbstractInstanceRegistry  : Running the evict task with compensationTime 8ms
2026-08-29T20:24:55.393+05:30  INFO 36404 --- [eureka-server] [a-EvictionTimer] c.n.e.registry.AbstractInstanceRegistry  : Running the evict task with compensationTime 13ms
2026-08-29T20:25:55.405+05:30  INFO 36404 --- [eureka-server] [a-EvictionTimer] c.n.e.registry.AbstractInstanceRegistry  : Running the evict task with compensationTime 12ms
2026-08-29T20:26:55.415+05:30  INFO 36404 --- [eureka-server] [a-EvictionTimer] c.n.e.registry.AbstractInstanceRegistry  : Running the evict task with compensationTime 10ms
2026-08-29T20:27:55.420+05:30  INFO 36404 --- [eureka-server] [a-EvictionTimer] c.n.e.registry.AbstractInstanceRegistry  : Running the evict task with compensationTime 4ms
2026-08-29T20:28:51.567+05:30  INFO 36404 --- [eureka-server] [hresholdUpdater] c.n.e.r.PeerAwareInstanceRegistryImpl    : Current renewal threshold is : 0
2026-08-29T20:28:55.434+05:30  INFO 36404 --- [eureka-server] [a-EvictionTimer] c.n.e.registry.AbstractInstanceRegistry  : Running the evict task with compensationTime 14ms
2026-08-29T20:29:55.446+05:30  INFO 36404 --- [eureka-server] [a-EvictionTimer] c.n.e.registry.AbstractInstanceRegistry  : Running the evict task with compensationTime 11ms
2026-08-29T20:30:55.455+05:30  INFO 36404 --- [eureka-server] [a-EvictionTimer] c.n.e.registry.AbstractInstanceRegistry  : Running the evict task with compensationTime 10ms
2026-08-29T20:31:55.463+05:30  INFO 36404 --- [eureka-server] [a-EvictionTimer] c.n.e.registry.AbstractInstanceRegistry  : Running the evict task with compensationTime 7ms
2026-08-29T20:32:55.478+05:30  INFO 36404 --- [eureka-server] [a-EvictionTimer] c.n.e.registry.AbstractInstanceRegistry  : Running the evict task with compensationTime 14ms
2026-08-29T20:33:52.117+05:30  WARN 36404 --- [eureka-server] [eerNodesUpdater] c.n.eureka.cluster.PeerEurekaNodes       : The replica size seems to be empty. Check the route 53 DNS Registry
2026-08-29T20:33:55.487+05:30  INFO 36404 --- [eureka-server] [a-EvictionTimer] c.n.e.registry.AbstractInstanceRegistry  : Running the evict task with compensationTime 9ms
2026-08-29T20:34:55.492+05:30  INFO 36404 --- [eureka-server] [a-EvictionTimer] c.n.e.registry.AbstractInstanceRegistry  : Running the evict task with compensationTime 4ms
2026-08-29T20:35:55.492+05:30  INFO 36404 --- [eureka-server] [a-EvictionTimer] c.n.e.registry.AbstractInstanceRegistry  : Running the evict task with compensationTime 0ms
2026-08-29T20:36:55.501+05:30  INFO 36404 --- [eureka-server] [a-EvictionTimer] c.n.e.registry.AbstractInstanceRegistry  : Running the evict task with compensationTime 9ms
2026-08-29T20:37:55.508+05:30  INFO 36404 --- [eureka-server] [a-EvictionTimer] c.n.e.registry.AbstractInstanceRegistry  : Running the evict task with compensationTime 6ms
2026-08-29T20:38:55.521+05:30  INFO 36404 --- [eureka-server] [a-EvictionTimer] c.n.e.registry.AbstractInstanceRegistry  : Running the evict task with compensationTime 12ms
2026-08-29T20:39:55.532+05:30  INFO 36404 --- [eureka-server] [a-EvictionTimer] c.n.e.registry.AbstractInstanceRegistry  : Running the evict task with compensationTime 11ms
2026-08-29T20:49:52.964+05:30  INFO 36404 --- [eureka-server] [a-EvictionTimer] c.n.e.registry.AbstractInstanceRegistry  : Running the evict task with compensationTime 537569ms
2026-08-29T20:50:52.979+05:30  INFO 36404 --- [eureka-server] [a-EvictionTimer] c.n.e.registry.AbstractInstanceRegistry  : Running the evict task with compensationTime 15ms
2026-08-29T20:51:52.983+05:30  INFO 36404 --- [eureka-server] [a-EvictionTimer] c.n.e.registry.AbstractInstanceRegistry  : Running the evict task with compensationTime 3ms
2026-08-29T20:52:49.009+05:30  INFO 36404 --- [eureka-server] [hresholdUpdater] c.n.e.r.PeerAwareInstanceRegistryImpl    : Current renewal threshold is : 0
2026-08-29T20:52:49.554+05:30  WARN 36404 --- [eureka-server] [eerNodesUpdater] c.n.eureka.cluster.PeerEurekaNodes       : The replica size seems to be empty. Check the route 53 DNS Registry
2026-08-29T20:52:52.991+05:30  INFO 36404 --- [eureka-server] [a-EvictionTimer] c.n.e.registry.AbstractInstanceRegistry  : Running the evict task with compensationTime 7ms
2026-08-29T20:53:53.015+05:30  INFO 36404 --- [eureka-server] [a-EvictionTimer] c.n.e.registry.AbstractInstanceRegistry  : Running the evict task with compensationTime 24ms
2026-08-29T20:54:53.016+05:30  INFO 36404 --- [eureka-server] [a-EvictionTimer] c.n.e.registry.AbstractInstanceRegistry  : Running the evict task with compensationTime 1ms
2026-08-29T20:55:53.029+05:30  INFO 36404 --- [eureka-server] [a-EvictionTimer] c.n.e.registry.AbstractInstanceRegistry  : Running the evict task with compensationTime 12ms
2026-08-29T20:56:53.042+05:30  INFO 36404 --- [eureka-server] [a-EvictionTimer] c.n.e.registry.AbstractInstanceRegistry  : Running the evict task with compensationTime 13ms
2026-08-29T20:57:53.050+05:30  INFO 36404 --- [eureka-server] [a-EvictionTimer] c.n.e.registry.AbstractInstanceRegistry  : Running the evict task with compensationTime 8ms
2026-08-29T20:58:53.068+05:30  INFO 36404 --- [eureka-server] [a-EvictionTimer] c.n.e.registry.AbstractInstanceRegistry  : Running the evict task with compensationTime 18ms
2026-08-29T20:59:53.076+05:30  INFO 36404 --- [eureka-server] [a-EvictionTimer] c.n.e.registry.AbstractInstanceRegistry  : Running the evict task with compensationTime 7ms
2026-08-29T21:00:53.086+05:30  INFO 36404 --- [eureka-server] [a-EvictionTimer] c.n.e.registry.AbstractInstanceRegistry  : Running the evict task with compensationTime 10ms
2026-08-29T21:24:20.054+05:30  INFO 36404 --- [eureka-server] [a-EvictionTimer] c.n.e.registry.AbstractInstanceRegistry  : Running the evict task with compensationTime 1347105ms
2026-08-29T21:25:16.542+05:30  WARN 36404 --- [eureka-server] [eerNodesUpdater] c.n.eureka.cluster.PeerEurekaNodes       : The replica size seems to be empty. Check the route 53 DNS Registry
2026-08-29T21:25:20.057+05:30  INFO 36404 --- [eureka-server] [a-EvictionTimer] c.n.e.registry.AbstractInstanceRegistry  : Running the evict task with compensationTime 3ms
2026-08-29T21:26:20.068+05:30  INFO 36404 --- [eureka-server] [a-EvictionTimer] c.n.e.registry.AbstractInstanceRegistry  : Running the evict task with compensationTime 10ms
2026-08-29T21:27:20.076+05:30  INFO 36404 --- [eureka-server] [a-EvictionTimer] c.n.e.registry.AbstractInstanceRegistry  : Running the evict task with compensationTime 8ms
2026-08-29T21:28:20.080+05:30  INFO 36404 --- [eureka-server] [a-EvictionTimer] c.n.e.registry.AbstractInstanceRegistry  : Running the evict task with compensationTime 3ms
2026-08-29T21:29:20.088+05:30  INFO 36404 --- [eureka-server] [a-EvictionTimer] c.n.e.registry.AbstractInstanceRegistry  : Running the evict task with compensationTime 7ms
2026-08-29T21:30:15.982+05:30  INFO 36404 --- [eureka-server] [hresholdUpdater] c.n.e.r.PeerAwareInstanceRegistryImpl    : Current renewal threshold is : 0
2026-08-29T21:30:20.091+05:30  INFO 36404 --- [eureka-server] [a-EvictionTimer] c.n.e.registry.AbstractInstanceRegistry  : Running the evict task with compensationTime 2ms
2026-08-29T21:31:20.094+05:30  INFO 36404 --- [eureka-server] [a-EvictionTimer] c.n.e.registry.AbstractInstanceRegistry  : Running the evict task with compensationTime 3ms
2026-08-29T21:32:20.105+05:30  INFO 36404 --- [eureka-server] [a-EvictionTimer] c.n.e.registry.AbstractInstanceRegistry  : Running the evict task with compensationTime 10ms
2026-08-29T21:33:20.114+05:30  INFO 36404 --- [eureka-server] [a-EvictionTimer] c.n.e.registry.AbstractInstanceRegistry  : Running the evict task with compensationTime 9ms
2026-08-29T21:34:20.119+05:30  INFO 36404 --- [eureka-server] [a-EvictionTimer] c.n.e.registry.AbstractInstanceRegistry  : Running the evict task with compensationTime 4ms
2026-08-29T21:35:16.571+05:30  WARN 36404 --- [eureka-server] [eerNodesUpdater] c.n.eureka.cluster.PeerEurekaNodes       : The replica size seems to be empty. Check the route 53 DNS Registry
2026-08-29T21:35:20.121+05:30  INFO 36404 --- [eureka-server] [a-EvictionTimer] c.n.e.registry.AbstractInstanceRegistry  : Running the evict task with compensationTime 1ms
2026-08-29T21:36:20.125+05:30  INFO 36404 --- [eureka-server] [a-EvictionTimer] c.n.e.registry.AbstractInstanceRegistry  : Running the evict task with compensationTime 4ms
2026-08-29T21:37:20.134+05:30  INFO 36404 --- [eureka-server] [a-EvictionTimer] c.n.e.registry.AbstractInstanceRegistry  : Running the evict task with compensationTime 8ms
2026-08-29T21:38:20.140+05:30  INFO 36404 --- [eureka-server] [a-EvictionTimer] c.n.e.registry.AbstractInstanceRegistry  : Running the evict task with compensationTime 7ms
2026-08-29T21:39:20.150+05:30  INFO 36404 --- [eureka-server] [a-EvictionTimer] c.n.e.registry.AbstractInstanceRegistry  : Running the evict task with compensationTime 9ms
2026-08-29T21:40:20.155+05:30  INFO 36404 --- [eureka-server] [a-EvictionTimer] c.n.e.registry.AbstractInstanceRegistry  : Running the evict task with compensationTime 4ms
2026-08-29T21:41:20.164+05:30  INFO 36404 --- [eureka-server] [a-EvictionTimer] c.n.e.registry.AbstractInstanceRegistry  : Running the evict task with compensationTime 9ms
2026-08-29T21:42:20.175+05:30  INFO 36404 --- [eureka-server] [a-EvictionTimer] c.n.e.registry.AbstractInstanceRegistry  : Running the evict task with compensationTime 11ms
2026-08-29T21:43:20.193+05:30  INFO 36404 --- [eureka-server] [a-EvictionTimer] c.n.e.registry.AbstractInstanceRegistry  : Running the evict task with compensationTime 17ms
2026-08-29T21:44:20.203+05:30  INFO 36404 --- [eureka-server] [a-EvictionTimer] c.n.e.registry.AbstractInstanceRegistry  : Running the evict task with compensationTime 10ms
2026-08-29T21:45:15.997+05:30  INFO 36404 --- [eureka-server] [hresholdUpdater] c.n.e.r.PeerAwareInstanceRegistryImpl    : Current renewal threshold is : 0
2026-08-29T21:45:16.602+05:30  WARN 36404 --- [eureka-server] [eerNodesUpdater] c.n.eureka.cluster.PeerEurekaNodes       : The replica size seems to be empty. Check the route 53 DNS Registry
2026-08-29T21:45:20.209+05:30  INFO 36404 --- [eureka-server] [a-EvictionTimer] c.n.e.registry.AbstractInstanceRegistry  : Running the evict task with compensationTime 5ms
2026-08-29T21:46:20.227+05:30  INFO 36404 --- [eureka-server] [a-EvictionTimer] c.n.e.registry.AbstractInstanceRegistry  : Running the evict task with compensationTime 17ms
2026-08-29T21:47:20.241+05:30  INFO 36404 --- [eureka-server] [a-EvictionTimer] c.n.e.registry.AbstractInstanceRegistry  : Running the evict task with compensationTime 14ms
2026-08-29T21:48:20.246+05:30  INFO 36404 --- [eureka-server] [a-EvictionTimer] c.n.e.registry.AbstractInstanceRegistry  : Running the evict task with compensationTime 4ms
2026-08-29T21:49:20.259+05:30  INFO 36404 --- [eureka-server] [a-EvictionTimer] c.n.e.registry.AbstractInstanceRegistry  : Running the evict task with compensationTime 12ms
2026-08-29T21:50:20.270+05:30  INFO 36404 --- [eureka-server] [a-EvictionTimer] c.n.e.registry.AbstractInstanceRegistry  : Running the evict task with compensationTime 10ms
2026-08-29T21:51:20.282+05:30  INFO 36404 --- [eureka-server] [a-EvictionTimer] c.n.e.registry.AbstractInstanceRegistry  : Running the evict task with compensationTime 13ms
2026-08-29T21:52:20.293+05:30  INFO 36404 --- [eureka-server] [a-EvictionTimer] c.n.e.registry.AbstractInstanceRegistry  : Running the evict task with compensationTime 10ms
2026-08-29T21:53:20.295+05:30  INFO 36404 --- [eureka-server] [a-EvictionTimer] c.n.e.registry.AbstractInstanceRegistry  : Running the evict task with compensationTime 1ms
2026-08-29T21:54:20.302+05:30  INFO 36404 --- [eureka-server] [a-EvictionTimer] c.n.e.registry.AbstractInstanceRegistry  : Running the evict task with compensationTime 7ms
2026-08-29T21:55:16.628+05:30  WARN 36404 --- [eureka-server] [eerNodesUpdater] c.n.eureka.cluster.PeerEurekaNodes       : The replica size seems to be empty. Check the route 53 DNS Registry
2026-08-29T21:55:20.315+05:30  INFO 36404 --- [eureka-server] [a-EvictionTimer] c.n.e.registry.AbstractInstanceRegistry  : Running the evict task with compensationTime 12ms
2026-08-29T21:56:20.325+05:30  INFO 36404 --- [eureka-server] [a-EvictionTimer] c.n.e.registry.AbstractInstanceRegistry  : Running the evict task with compensationTime 10ms
2026-08-29T21:57:20.343+05:30  INFO 36404 --- [eureka-server] [a-EvictionTimer] c.n.e.registry.AbstractInstanceRegistry  : Running the evict task with compensationTime 17ms
2026-08-29T21:58:20.355+05:30  INFO 36404 --- [eureka-server] [a-EvictionTimer] c.n.e.registry.AbstractInstanceRegistry  : Running the evict task with compensationTime 11ms
2026-08-29T21:59:20.363+05:30  INFO 36404 --- [eureka-server] [a-EvictionTimer] c.n.e.registry.AbstractInstanceRegistry  : Running the evict task with compensationTime 7ms
2026-08-29T22:00:16.009+05:30  INFO 36404 --- [eureka-server] [hresholdUpdater] c.n.e.r.PeerAwareInstanceRegistryImpl    : Current renewal threshold is : 0
2026-08-29T22:00:20.367+05:30  INFO 36404 --- [eureka-server] [a-EvictionTimer] c.n.e.registry.AbstractInstanceRegistry  : Running the evict task with compensationTime 4ms
2026-08-29T22:01:20.379+05:30  INFO 36404 --- [eureka-server] [a-EvictionTimer] c.n.e.registry.AbstractInstanceRegistry  : Running the evict task with compensationTime 1ms
2026-08-29T22:02:20.372+05:30  INFO 36404 --- [eureka-server] [a-EvictionTimer] c.n.e.registry.AbstractInstanceRegistry  : Running the evict task with compensationTime 3ms
2026-08-29T22:03:20.373+05:30  INFO 36404 --- [eureka-server] [a-EvictionTimer] c.n.e.registry.AbstractInstanceRegistry  : Running the evict task with compensationTime 1ms
2026-08-29T22:04:20.381+05:30  INFO 36404 --- [eureka-server] [a-EvictionTimer] c.n.e.registry.AbstractInstanceRegistry  : Running the evict task with compensationTime 7ms
2026-08-29T22:05:16.631+05:30  WARN 36404 --- [eureka-server] [eerNodesUpdater] c.n.eureka.cluster.PeerEurekaNodes       : The replica size seems to be empty. Check the route 53 DNS Registry
2026-08-29T22:05:20.396+05:30  INFO 36404 --- [eureka-server] [a-EvictionTimer] c.n.e.registry.AbstractInstanceRegistry  : Running the evict task with compensationTime 15ms
2026-08-29T22:06:20.398+05:30  INFO 36404 --- [eureka-server] [a-EvictionTimer] c.n.e.registry.AbstractInstanceRegistry  : Running the evict task with compensationTime 1ms
2026-08-29T22:07:20.401+05:30  INFO 36404 --- [eureka-server] [a-EvictionTimer] c.n.e.registry.AbstractInstanceRegistry  : Running the evict task with compensationTime 3ms
2026-08-29T22:08:20.406+05:30  INFO 36404 --- [eureka-server] [a-EvictionTimer] c.n.e.registry.AbstractInstanceRegistry  : Running the evict task with compensationTime 4ms
2026-08-29T22:09:20.408+05:30  INFO 36404 --- [eureka-server] [a-EvictionTimer] c.n.e.registry.AbstractInstanceRegistry  : Running the evict task with compensationTime 2ms
2026-08-29T22:10:20.421+05:30  INFO 36404 --- [eureka-server] [a-EvictionTimer] c.n.e.registry.AbstractInstanceRegistry  : Running the evict task with compensationTime 12ms
2026-08-29T22:11:20.421+05:30  INFO 36404 --- [eureka-server] [a-EvictionTimer] c.n.e.registry.AbstractInstanceRegistry  : Running the evict task with compensationTime 0ms
2026-08-29T22:12:20.436+05:30  INFO 36404 --- [eureka-server] [a-EvictionTimer] c.n.e.registry.AbstractInstanceRegistry  : Running the evict task with compensationTime 14ms
2026-08-29T22:13:20.437+05:30  INFO 36404 --- [eureka-server] [a-EvictionTimer] c.n.e.registry.AbstractInstanceRegistry  : Running the evict task with compensationTime 1ms
2026-08-29T22:14:20.441+05:30  INFO 36404 --- [eureka-server] [a-EvictionTimer] c.n.e.registry.AbstractInstanceRegistry  : Running the evict task with compensationTime 4ms
2026-08-29T22:15:16.000+05:30  INFO 36404 --- [eureka-server] [hresholdUpdater] c.n.e.r.PeerAwareInstanceRegistryImpl    : Current renewal threshold is : 0
2026-08-29T22:15:16.637+05:30  WARN 36404 --- [eureka-server] [eerNodesUpdater] c.n.eureka.cluster.PeerEurekaNodes       : The replica size seems to be empty. Check the route 53 DNS Registry
2026-08-29T22:15:20.447+05:30  INFO 36404 --- [eureka-server] [a-EvictionTimer] c.n.e.registry.AbstractInstanceRegistry  : Running the evict task with compensationTime 6ms
2026-08-29T22:16:20.461+05:30  INFO 36404 --- [eureka-server] [a-EvictionTimer] c.n.e.registry.AbstractInstanceRegistry  : Running the evict task with compensationTime 13ms
2026-08-29T22:17:20.463+05:30  INFO 36404 --- [eureka-server] [a-EvictionTimer] c.n.e.registry.AbstractInstanceRegistry  : Running the evict task with compensationTime 1ms
2026-08-29T22:18:20.471+05:30  INFO 36404 --- [eureka-server] [a-EvictionTimer] c.n.e.registry.AbstractInstanceRegistry  : Running the evict task with compensationTime 8ms
2026-08-29T22:19:20.482+05:30  INFO 36404 --- [eureka-server] [a-EvictionTimer] c.n.e.registry.AbstractInstanceRegistry  : Running the evict task with compensationTime 10ms
2026-08-29T22:20:20.490+05:30  INFO 36404 --- [eureka-server] [a-EvictionTimer] c.n.e.registry.AbstractInstanceRegistry  : Running the evict task with compensationTime 7ms
2026-08-29T22:21:20.501+05:30  INFO 36404 --- [eureka-server] [a-EvictionTimer] c.n.e.registry.AbstractInstanceRegistry  : Running the evict task with compensationTime 11ms
2026-08-29T22:22:20.505+05:30  INFO 36404 --- [eureka-server] [a-EvictionTimer] c.n.e.registry.AbstractInstanceRegistry  : Running the evict task with compensationTime 3ms
2026-08-29T22:23:20.517+05:30  INFO 36404 --- [eureka-server] [a-EvictionTimer] c.n.e.registry.AbstractInstanceRegistry  : Running the evict task with compensationTime 12ms
2026-08-29T22:24:20.527+05:30  INFO 36404 --- [eureka-server] [a-EvictionTimer] c.n.e.registry.AbstractInstanceRegistry  : Running the evict task with compensationTime 10ms
2026-08-29T22:25:16.643+05:30  WARN 36404 --- [eureka-server] [eerNodesUpdater] c.n.eureka.cluster.PeerEurekaNodes       : The replica size seems to be empty. Check the route 53 DNS Registry
2026-08-29T22:25:20.542+05:30  INFO 36404 --- [eureka-server] [a-EvictionTimer] c.n.e.registry.AbstractInstanceRegistry  : Running the evict task with compensationTime 13ms
2026-08-29T22:26:20.546+05:30  INFO 36404 --- [eureka-server] [a-EvictionTimer] c.n.e.registry.AbstractInstanceRegistry  : Running the evict task with compensationTime 5ms
2026-08-29T22:27:20.553+05:30  INFO 36404 --- [eureka-server] [a-EvictionTimer] c.n.e.registry.AbstractInstanceRegistry  : Running the evict task with compensationTime 7ms
2026-08-29T22:28:20.562+05:30  INFO 36404 --- [eureka-server] [a-EvictionTimer] c.n.e.registry.AbstractInstanceRegistry  : Running the evict task with compensationTime 8ms
2026-08-29T22:29:20.578+05:30  INFO 36404 --- [eureka-server] [a-EvictionTimer] c.n.e.registry.AbstractInstanceRegistry  : Running the evict task with compensationTime 16ms
2026-08-29T22:30:16.019+05:30  INFO 36404 --- [eureka-server] [hresholdUpdater] c.n.e.r.PeerAwareInstanceRegistryImpl    : Current renewal threshold is : 0
2026-08-29T22:30:20.586+05:30  INFO 36404 --- [eureka-server] [a-EvictionTimer] c.n.e.registry.AbstractInstanceRegistry  : Running the evict task with compensationTime 8ms
2026-08-29T22:31:20.587+05:30  INFO 36404 --- [eureka-server] [a-EvictionTimer] c.n.e.registry.AbstractInstanceRegistry  : Running the evict task with compensationTime 0ms
2026-08-29T22:32:20.598+05:30  INFO 36404 --- [eureka-server] [a-EvictionTimer] c.n.e.registry.AbstractInstanceRegistry  : Running the evict task with compensationTime 10ms
2026-08-29T22:33:20.606+05:30  INFO 36404 --- [eureka-server] [a-EvictionTimer] c.n.e.registry.AbstractInstanceRegistry  : Running the evict task with compensationTime 8ms
2026-08-29T22:34:20.606+05:30  INFO 36404 --- [eureka-server] [a-EvictionTimer] c.n.e.registry.AbstractInstanceRegistry  : Running the evict task with compensationTime 0ms
2026-08-29T22:35:16.679+05:30  WARN 36404 --- [eureka-server] [eerNodesUpdater] c.n.eureka.cluster.PeerEurekaNodes       : The replica size seems to be empty. Check the route 53 DNS Registry
2026-08-29T22:35:20.615+05:30  INFO 36404 --- [eureka-server] [a-EvictionTimer] c.n.e.registry.AbstractInstanceRegistry  : Running the evict task with compensationTime 9ms
2026-08-29T22:36:20.616+05:30  INFO 36404 --- [eureka-server] [a-EvictionTimer] c.n.e.registry.AbstractInstanceRegistry  : Running the evict task with compensationTime 1ms
2026-08-29T22:37:20.623+05:30  INFO 36404 --- [eureka-server] [a-EvictionTimer] c.n.e.registry.AbstractInstanceRegistry  : Running the evict task with compensationTime 6ms
2026-08-29T22:38:20.628+05:30  INFO 36404 --- [eureka-server] [a-EvictionTimer] c.n.e.registry.AbstractInstanceRegistry  : Running the evict task with compensationTime 5ms
2026-08-29T22:39:20.653+05:30  INFO 36404 --- [eureka-server] [a-EvictionTimer] c.n.e.registry.AbstractInstanceRegistry  : Running the evict task with compensationTime 14ms
2026-08-29T22:40:20.653+05:30  INFO 36404 --- [eureka-server] [a-EvictionTimer] c.n.e.registry.AbstractInstanceRegistry  : Running the evict task with compensationTime 10ms
2026-08-29T22:41:20.665+05:30  INFO 36404 --- [eureka-server] [a-EvictionTimer] c.n.e.registry.AbstractInstanceRegistry  : Running the evict task with compensationTime 11ms
2026-08-29T22:42:20.680+05:30  INFO 36404 --- [eureka-server] [a-EvictionTimer] c.n.e.registry.AbstractInstanceRegistry  : Running the evict task with compensationTime 15ms
2026-08-29T22:43:20.691+05:30  INFO 36404 --- [eureka-server] [a-EvictionTimer] c.n.e.registry.AbstractInstanceRegistry  : Running the evict task with compensationTime 11ms
2026-08-29T22:44:20.694+05:30  INFO 36404 --- [eureka-server] [a-EvictionTimer] c.n.e.registry.AbstractInstanceRegistry  : Running the evict task with compensationTime 2ms
2026-08-29T22:45:16.029+05:30  INFO 36404 --- [eureka-server] [hresholdUpdater] c.n.e.r.PeerAwareInstanceRegistryImpl    : Current renewal threshold is : 0
2026-08-29T22:45:16.700+05:30  WARN 36404 --- [eureka-server] [eerNodesUpdater] c.n.eureka.cluster.PeerEurekaNodes       : The replica size seems to be empty. Check the route 53 DNS Registry
2026-08-29T22:45:20.697+05:30  INFO 36404 --- [eureka-server] [a-EvictionTimer] c.n.e.registry.AbstractInstanceRegistry  : Running the evict task with compensationTime 3ms
2026-08-29T22:46:20.712+05:30  INFO 36404 --- [eureka-server] [a-EvictionTimer] c.n.e.registry.AbstractInstanceRegistry  : Running the evict task with compensationTime 14ms
2026-08-29T22:47:20.716+05:30  INFO 36404 --- [eureka-server] [a-EvictionTimer] c.n.e.registry.AbstractInstanceRegistry  : Running the evict task with compensationTime 5ms
2026-08-29T22:48:20.728+05:30  INFO 36404 --- [eureka-server] [a-EvictionTimer] c.n.e.registry.AbstractInstanceRegistry  : Running the evict task with compensationTime 11ms
2026-08-29T22:49:20.729+05:30  INFO 36404 --- [eureka-server] [a-EvictionTimer] c.n.e.registry.AbstractInstanceRegistry  : Running the evict task with compensationTime 0ms
2026-08-29T22:50:20.731+05:30  INFO 36404 --- [eureka-server] [a-EvictionTimer] c.n.e.registry.AbstractInstanceRegistry  : Running the evict task with compensationTime 2ms
2026-08-29T22:51:20.748+05:30  INFO 36404 --- [eureka-server] [a-EvictionTimer] c.n.e.registry.AbstractInstanceRegistry  : Running the evict task with compensationTime 16ms
2026-08-29T22:52:20.754+05:30  INFO 36404 --- [eureka-server] [a-EvictionTimer] c.n.e.registry.AbstractInstanceRegistry  : Running the evict task with compensationTime 6ms
2026-08-29T22:53:20.767+05:30  INFO 36404 --- [eureka-server] [a-EvictionTimer] c.n.e.registry.AbstractInstanceRegistry  : Running the evict task with compensationTime 12ms
2026-08-29T22:54:20.773+05:30  INFO 36404 --- [eureka-server] [a-EvictionTimer] c.n.e.registry.AbstractInstanceRegistry  : Running the evict task with compensationTime 6ms
2026-08-29T22:55:16.705+05:30  WARN 36404 --- [eureka-server] [eerNodesUpdater] c.n.eureka.cluster.PeerEurekaNodes       : The replica size seems to be empty. Check the route 53 DNS Registry
2026-08-29T22:55:20.778+05:30  INFO 36404 --- [eureka-server] [a-EvictionTimer] c.n.e.registry.AbstractInstanceRegistry  : Running the evict task with compensationTime 4ms
2026-08-29T22:56:20.779+05:30  INFO 36404 --- [eureka-server] [a-EvictionTimer] c.n.e.registry.AbstractInstanceRegistry  : Running the evict task with compensationTime 1ms
2026-08-29T22:57:20.780+05:30  INFO 36404 --- [eureka-server] [a-EvictionTimer] c.n.e.registry.AbstractInstanceRegistry  : Running the evict task with compensationTime 0ms
2026-08-29T22:58:20.782+05:30  INFO 36404 --- [eureka-server] [a-EvictionTimer] c.n.e.registry.AbstractInstanceRegistry  : Running the evict task with compensationTime 2ms
2026-08-29T22:59:20.797+05:30  INFO 36404 --- [eureka-server] [a-EvictionTimer] c.n.e.registry.AbstractInstanceRegistry  : Running the evict task with compensationTime 16ms
2026-08-29T23:00:16.036+05:30  INFO 36404 --- [eureka-server] [hresholdUpdater] c.n.e.r.PeerAwareInstanceRegistryImpl    : Current renewal threshold is : 0
2026-08-29T23:00:20.806+05:30  INFO 36404 --- [eureka-server] [a-EvictionTimer] c.n.e.registry.AbstractInstanceRegistry  : Running the evict task with compensationTime 8ms
2026-08-29T23:01:20.808+05:30  INFO 36404 --- [eureka-server] [a-EvictionTimer] c.n.e.registry.AbstractInstanceRegistry  : Running the evict task with compensationTime 1ms
2026-08-29T23:02:20.820+05:30  INFO 36404 --- [eureka-server] [a-EvictionTimer] c.n.e.registry.AbstractInstanceRegistry  : Running the evict task with compensationTime 11ms
2026-08-29T23:03:20.832+05:30  INFO 36404 --- [eureka-server] [a-EvictionTimer] c.n.e.registry.AbstractInstanceRegistry  : Running the evict task with compensationTime 12ms
2026-08-29T23:04:20.846+05:30  INFO 36404 --- [eureka-server] [a-EvictionTimer] c.n.e.registry.AbstractInstanceRegistry  : Running the evict task with compensationTime 13ms
2026-08-29T23:05:16.719+05:30  WARN 36404 --- [eureka-server] [eerNodesUpdater] c.n.eureka.cluster.PeerEurekaNodes       : The replica size seems to be empty. Check the route 53 DNS Registry
2026-08-29T23:05:20.858+05:30  INFO 36404 --- [eureka-server] [a-EvictionTimer] c.n.e.registry.AbstractInstanceRegistry  : Running the evict task with compensationTime 12ms
2026-08-29T23:06:20.866+05:30  INFO 36404 --- [eureka-server] [a-EvictionTimer] c.n.e.registry.AbstractInstanceRegistry  : Running the evict task with compensationTime 8ms
2026-08-29T23:07:20.872+05:30  INFO 36404 --- [eureka-server] [a-EvictionTimer] c.n.e.registry.AbstractInstanceRegistry  : Running the evict task with compensationTime 5ms
2026-08-29T23:08:20.884+05:30  INFO 36404 --- [eureka-server] [a-EvictionTimer] c.n.e.registry.AbstractInstanceRegistry  : Running the evict task with compensationTime 12ms
2026-08-29T23:09:20.894+05:30  INFO 36404 --- [eureka-server] [a-EvictionTimer] c.n.e.registry.AbstractInstanceRegistry  : Running the evict task with compensationTime 9ms
2026-08-29T23:10:20.897+05:30  INFO 36404 --- [eureka-server] [a-EvictionTimer] c.n.e.registry.AbstractInstanceRegistry  : Running the evict task with compensationTime 3ms
2026-08-29T23:11:20.908+05:30  INFO 36404 --- [eureka-server] [a-EvictionTimer] c.n.e.registry.AbstractInstanceRegistry  : Running the evict task with compensationTime 10ms
2026-08-29T23:12:20.914+05:30  INFO 36404 --- [eureka-server] [a-EvictionTimer] c.n.e.registry.AbstractInstanceRegistry  : Running the evict task with compensationTime 6ms
2026-08-29T23:13:20.922+05:30  INFO 36404 --- [eureka-server] [a-EvictionTimer] c.n.e.registry.AbstractInstanceRegistry  : Running the evict task with compensationTime 7ms
2026-08-29T23:14:20.935+05:30  INFO 36404 --- [eureka-server] [a-EvictionTimer] c.n.e.registry.AbstractInstanceRegistry  : Running the evict task with compensationTime 13ms
2026-08-29T23:15:16.047+05:30  INFO 36404 --- [eureka-server] [hresholdUpdater] c.n.e.r.PeerAwareInstanceRegistryImpl    : Current renewal threshold is : 0
2026-08-29T23:15:16.733+05:30  WARN 36404 --- [eureka-server] [eerNodesUpdater] c.n.eureka.cluster.PeerEurekaNodes       : The replica size seems to be empty. Check the route 53 DNS Registry
2026-08-29T23:15:20.937+05:30  INFO 36404 --- [eureka-server] [a-EvictionTimer] c.n.e.registry.AbstractInstanceRegistry  : Running the evict task with compensationTime 2ms
2026-08-29T23:16:20.953+05:30  INFO 36404 --- [eureka-server] [a-EvictionTimer] c.n.e.registry.AbstractInstanceRegistry  : Running the evict task with compensationTime 16ms
2026-08-29T23:17:20.961+05:30  INFO 36404 --- [eureka-server] [a-EvictionTimer] c.n.e.registry.AbstractInstanceRegistry  : Running the evict task with compensationTime 7ms
2026-08-29T23:18:20.964+05:30  INFO 36404 --- [eureka-server] [a-EvictionTimer] c.n.e.registry.AbstractInstanceRegistry  : Running the evict task with compensationTime 3ms
2026-08-29T23:19:20.973+05:30  INFO 36404 --- [eureka-server] [a-EvictionTimer] c.n.e.registry.AbstractInstanceRegistry  : Running the evict task with compensationTime 8ms
2026-08-29T23:20:20.984+05:30  INFO 36404 --- [eureka-server] [a-EvictionTimer] c.n.e.registry.AbstractInstanceRegistry  : Running the evict task with compensationTime 10ms
2026-08-29T23:21:20.993+05:30  INFO 36404 --- [eureka-server] [a-EvictionTimer] c.n.e.registry.AbstractInstanceRegistry  : Running the evict task with compensationTime 9ms
2026-08-29T23:22:20.995+05:30  INFO 36404 --- [eureka-server] [a-EvictionTimer] c.n.e.registry.AbstractInstanceRegistry  : Running the evict task with compensationTime 2ms
2026-08-29T23:23:20.998+05:30  INFO 36404 --- [eureka-server] [a-EvictionTimer] c.n.e.registry.AbstractInstanceRegistry  : Running the evict task with compensationTime 2ms
2026-08-29T23:24:21.005+05:30  INFO 36404 --- [eureka-server] [a-EvictionTimer] c.n.e.registry.AbstractInstanceRegistry  : Running the evict task with compensationTime 6ms
2026-08-29T23:25:16.737+05:30  WARN 36404 --- [eureka-server] [eerNodesUpdater] c.n.eureka.cluster.PeerEurekaNodes       : The replica size seems to be empty. Check the route 53 DNS Registry
2026-08-29T23:25:21.018+05:30  INFO 36404 --- [eureka-server] [a-EvictionTimer] c.n.e.registry.AbstractInstanceRegistry  : Running the evict task with compensationTime 12ms
2026-08-29T23:26:21.024+05:30  INFO 36404 --- [eureka-server] [a-EvictionTimer] c.n.e.registry.AbstractInstanceRegistry  : Running the evict task with compensationTime 6ms
2026-08-29T23:27:21.024+05:30  INFO 36404 --- [eureka-server] [a-EvictionTimer] c.n.e.registry.AbstractInstanceRegistry  : Running the evict task with compensationTime 0ms
2026-08-29T23:28:21.032+05:30  INFO 36404 --- [eureka-server] [a-EvictionTimer] c.n.e.registry.AbstractInstanceRegistry  : Running the evict task with compensationTime 6ms
2026-08-29T23:29:21.047+05:30  INFO 36404 --- [eureka-server] [a-EvictionTimer] c.n.e.registry.AbstractInstanceRegistry  : Running the evict task with compensationTime 15ms
2026-08-29T23:30:16.053+05:30  INFO 36404 --- [eureka-server] [hresholdUpdater] c.n.e.r.PeerAwareInstanceRegistryImpl    : Current renewal threshold is : 0
2026-08-29T23:30:21.050+05:30  INFO 36404 --- [eureka-server] [a-EvictionTimer] c.n.e.registry.AbstractInstanceRegistry  : Running the evict task with compensationTime 2ms
2026-08-29T23:31:21.065+05:30  INFO 36404 --- [eureka-server] [a-EvictionTimer] c.n.e.registry.AbstractInstanceRegistry  : Running the evict task with compensationTime 15ms
2026-08-29T23:32:21.069+05:30  INFO 36404 --- [eureka-server] [a-EvictionTimer] c.n.e.registry.AbstractInstanceRegistry  : Running the evict task with compensationTime 5ms
2026-08-29T23:33:21.075+05:30  INFO 36404 --- [eureka-server] [a-EvictionTimer] c.n.e.registry.AbstractInstanceRegistry  : Running the evict task with compensationTime 5ms
2026-08-29T23:34:21.083+05:30  INFO 36404 --- [eureka-server] [a-EvictionTimer] c.n.e.registry.AbstractInstanceRegistry  : Running the evict task with compensationTime 7ms
2026-08-29T23:35:16.749+05:30  WARN 36404 --- [eureka-server] [eerNodesUpdater] c.n.eureka.cluster.PeerEurekaNodes       : The replica size seems to be empty. Check the route 53 DNS Registry
2026-08-29T23:35:21.085+05:30  INFO 36404 --- [eureka-server] [a-EvictionTimer] c.n.e.registry.AbstractInstanceRegistry  : Running the evict task with compensationTime 1ms
2026-08-29T23:36:21.099+05:30  INFO 36404 --- [eureka-server] [a-EvictionTimer] c.n.e.registry.AbstractInstanceRegistry  : Running the evict task with compensationTime 13ms
2026-08-29T23:37:21.099+05:30  INFO 36404 --- [eureka-server] [a-EvictionTimer] c.n.e.registry.AbstractInstanceRegistry  : Running the evict task with compensationTime 0ms
2026-08-29T23:38:21.113+05:30  INFO 36404 --- [eureka-server] [a-EvictionTimer] c.n.e.registry.AbstractInstanceRegistry  : Running the evict task with compensationTime 13ms
2026-08-29T23:39:21.126+05:30  INFO 36404 --- [eureka-server] [a-EvictionTimer] c.n.e.registry.AbstractInstanceRegistry  : Running the evict task with compensationTime 12ms
2026-08-29T23:40:21.130+05:30  INFO 36404 --- [eureka-server] [a-EvictionTimer] c.n.e.registry.AbstractInstanceRegistry  : Running the evict task with compensationTime 4ms
2026-08-29T23:41:21.131+05:30  INFO 36404 --- [eureka-server] [a-EvictionTimer] c.n.e.registry.AbstractInstanceRegistry  : Running the evict task with compensationTime 1ms
2026-08-29T23:42:21.137+05:30  INFO 36404 --- [eureka-server] [a-EvictionTimer] c.n.e.registry.AbstractInstanceRegistry  : Running the evict task with compensationTime 5ms
2026-08-29T23:43:21.151+05:30  INFO 36404 --- [eureka-server] [a-EvictionTimer] c.n.e.registry.AbstractInstanceRegistry  : Running the evict task with compensationTime 14ms
2026-08-29T23:44:21.162+05:30  INFO 36404 --- [eureka-server] [a-EvictionTimer] c.n.e.registry.AbstractInstanceRegistry  : Running the evict task with compensationTime 11ms
2026-08-29T23:45:16.057+05:30  INFO 36404 --- [eureka-server] [hresholdUpdater] c.n.e.r.PeerAwareInstanceRegistryImpl    : Current renewal threshold is : 0
2026-08-29T23:45:16.754+05:30  WARN 36404 --- [eureka-server] [eerNodesUpdater] c.n.eureka.cluster.PeerEurekaNodes       : The replica size seems to be empty. Check the route 53 DNS Registry
2026-08-29T23:45:21.170+05:30  INFO 36404 --- [eureka-server] [a-EvictionTimer] c.n.e.registry.AbstractInstanceRegistry  : Running the evict task with compensationTime 7ms
2026-08-29T23:46:21.178+05:30  INFO 36404 --- [eureka-server] [a-EvictionTimer] c.n.e.registry.AbstractInstanceRegistry  : Running the evict task with compensationTime 7ms
2026-08-29T23:47:21.179+05:30  INFO 36404 --- [eureka-server] [a-EvictionTimer] c.n.e.registry.AbstractInstanceRegistry  : Running the evict task with compensationTime 1ms
2026-08-29T23:48:21.188+05:30  INFO 36404 --- [eureka-server] [a-EvictionTimer] c.n.e.registry.AbstractInstanceRegistry  : Running the evict task with compensationTime 9ms
2026-08-29T23:49:21.202+05:30  INFO 36404 --- [eureka-server] [a-EvictionTimer] c.n.e.registry.AbstractInstanceRegistry  : Running the evict task with compensationTime 14ms
2026-08-29T23:50:21.213+05:30  INFO 36404 --- [eureka-server] [a-EvictionTimer] c.n.e.registry.AbstractInstanceRegistry  : Running the evict task with compensationTime 10ms
2026-08-30T00:05:03.704+05:30  INFO 36404 --- [eureka-server] [a-EvictionTimer] c.n.e.registry.AbstractInstanceRegistry  : Running the evict task with compensationTime 823687ms
2026-08-30T00:06:03.707+05:30  INFO 36404 --- [eureka-server] [a-EvictionTimer] c.n.e.registry.AbstractInstanceRegistry  : Running the evict task with compensationTime 2ms
2026-08-30T00:07:03.711+05:30  INFO 36404 --- [eureka-server] [a-EvictionTimer] c.n.e.registry.AbstractInstanceRegistry  : Running the evict task with compensationTime 4ms
2026-08-30T00:08:03.724+05:30  INFO 36404 --- [eureka-server] [a-EvictionTimer] c.n.e.registry.AbstractInstanceRegistry  : Running the evict task with compensationTime 12ms
2026-08-30T00:08:59.344+05:30  WARN 36404 --- [eureka-server] [eerNodesUpdater] c.n.eureka.cluster.PeerEurekaNodes       : The replica size seems to be empty. Check the route 53 DNS Registry
2026-08-30T00:09:03.729+05:30  INFO 36404 --- [eureka-server] [a-EvictionTimer] c.n.e.registry.AbstractInstanceRegistry  : Running the evict task with compensationTime 4ms
2026-08-30T00:10:03.740+05:30  INFO 36404 --- [eureka-server] [a-EvictionTimer] c.n.e.registry.AbstractInstanceRegistry  : Running the evict task with compensationTime 11ms
2026-08-30T00:11:03.744+05:30  INFO 36404 --- [eureka-server] [a-EvictionTimer] c.n.e.registry.AbstractInstanceRegistry  : Running the evict task with compensationTime 4ms
2026-08-30T00:12:03.753+05:30  INFO 36404 --- [eureka-server] [a-EvictionTimer] c.n.e.registry.AbstractInstanceRegistry  : Running the evict task with compensationTime 8ms
2026-08-30T00:13:03.766+05:30  INFO 36404 --- [eureka-server] [a-EvictionTimer] c.n.e.registry.AbstractInstanceRegistry  : Running the evict task with compensationTime 12ms
2026-08-30T00:13:58.563+05:30  INFO 36404 --- [eureka-server] [hresholdUpdater] c.n.e.r.PeerAwareInstanceRegistryImpl    : Current renewal threshold is : 0
2026-08-30T00:14:03.767+05:30  INFO 36404 --- [eureka-server] [a-EvictionTimer] c.n.e.registry.AbstractInstanceRegistry  : Running the evict task with compensationTime 2ms
2026-08-30T00:15:03.770+05:30  INFO 36404 --- [eureka-server] [a-EvictionTimer] c.n.e.registry.AbstractInstanceRegistry  : Running the evict task with compensationTime 2ms
2026-08-30T00:16:03.771+05:30  INFO 36404 --- [eureka-server] [a-EvictionTimer] c.n.e.registry.AbstractInstanceRegistry  : Running the evict task with compensationTime 1ms
2026-08-30T00:17:03.783+05:30  INFO 36404 --- [eureka-server] [a-EvictionTimer] c.n.e.registry.AbstractInstanceRegistry  : Running the evict task with compensationTime 11ms
2026-08-30T00:18:03.792+05:30  INFO 36404 --- [eureka-server] [a-EvictionTimer] c.n.e.registry.AbstractInstanceRegistry  : Running the evict task with compensationTime 9ms
2026-08-30T00:18:59.359+05:30  WARN 36404 --- [eureka-server] [eerNodesUpdater] c.n.eureka.cluster.PeerEurekaNodes       : The replica size seems to be empty. Check the route 53 DNS Registry
2026-08-30T00:19:03.810+05:30  INFO 36404 --- [eureka-server] [a-EvictionTimer] c.n.e.registry.AbstractInstanceRegistry  : Running the evict task with compensationTime 18ms
2026-08-30T00:20:03.818+05:30  INFO 36404 --- [eureka-server] [a-EvictionTimer] c.n.e.registry.AbstractInstanceRegistry  : Running the evict task with compensationTime 7ms
2026-08-30T00:21:03.832+05:30  INFO 36404 --- [eureka-server] [a-EvictionTimer] c.n.e.registry.AbstractInstanceRegistry  : Running the evict task with compensationTime 14ms
2026-08-30T00:22:03.846+05:30  INFO 36404 --- [eureka-server] [a-EvictionTimer] c.n.e.registry.AbstractInstanceRegistry  : Running the evict task with compensationTime 13ms
2026-08-30T00:23:28.712+05:30  INFO 36404 --- [eureka-server] [a-EvictionTimer] c.n.e.registry.AbstractInstanceRegistry  : Running the evict task with compensationTime 25003ms
2026-08-30T00:24:28.721+05:30  INFO 36404 --- [eureka-server] [a-EvictionTimer] c.n.e.registry.AbstractInstanceRegistry  : Running the evict task with compensationTime 9ms
2026-08-30T00:25:28.736+05:30  INFO 36404 --- [eureka-server] [a-EvictionTimer] c.n.e.registry.AbstractInstanceRegistry  : Running the evict task with compensationTime 14ms
2026-08-30T00:26:28.739+05:30  INFO 36404 --- [eureka-server] [a-EvictionTimer] c.n.e.registry.AbstractInstanceRegistry  : Running the evict task with compensationTime 3ms
2026-08-30T00:27:28.755+05:30  INFO 36404 --- [eureka-server] [a-EvictionTimer] c.n.e.registry.AbstractInstanceRegistry  : Running the evict task with compensationTime 15ms
2026-08-30T00:28:28.770+05:30  INFO 36404 --- [eureka-server] [a-EvictionTimer] c.n.e.registry.AbstractInstanceRegistry  : Running the evict task with compensationTime 15ms
2026-08-30T00:29:23.449+05:30  INFO 36404 --- [eureka-server] [hresholdUpdater] c.n.e.r.PeerAwareInstanceRegistryImpl    : Current renewal threshold is : 0
2026-08-30T00:29:24.243+05:30  WARN 36404 --- [eureka-server] [eerNodesUpdater] c.n.eureka.cluster.PeerEurekaNodes       : The replica size seems to be empty. Check the route 53 DNS Registry
2026-08-30T00:29:28.783+05:30  INFO 36404 --- [eureka-server] [a-EvictionTimer] c.n.e.registry.AbstractInstanceRegistry  : Running the evict task with compensationTime 12ms
2026-08-30T00:30:28.791+05:30  INFO 36404 --- [eureka-server] [a-EvictionTimer] c.n.e.registry.AbstractInstanceRegistry  : Running the evict task with compensationTime 8ms
2026-08-30T00:31:28.792+05:30  INFO 36404 --- [eureka-server] [a-EvictionTimer] c.n.e.registry.AbstractInstanceRegistry  : Running the evict task with compensationTime 1ms
2026-08-30T00:32:28.806+05:30  INFO 36404 --- [eureka-server] [a-EvictionTimer] c.n.e.registry.AbstractInstanceRegistry  : Running the evict task with compensationTime 14ms
2026-08-30T00:33:28.822+05:30  INFO 36404 --- [eureka-server] [a-EvictionTimer] c.n.e.registry.AbstractInstanceRegistry  : Running the evict task with compensationTime 15ms
2026-08-30T00:34:28.823+05:30  INFO 36404 --- [eureka-server] [a-EvictionTimer] c.n.e.registry.AbstractInstanceRegistry  : Running the evict task with compensationTime 1ms
2026-08-30T00:35:28.825+05:30  INFO 36404 --- [eureka-server] [a-EvictionTimer] c.n.e.registry.AbstractInstanceRegistry  : Running the evict task with compensationTime 1ms
2026-08-30T00:36:28.827+05:30  INFO 36404 --- [eureka-server] [a-EvictionTimer] c.n.e.registry.AbstractInstanceRegistry  : Running the evict task with compensationTime 2ms
2026-08-30T00:37:28.828+05:30  INFO 36404 --- [eureka-server] [a-EvictionTimer] c.n.e.registry.AbstractInstanceRegistry  : Running the evict task with compensationTime 1ms
2026-08-30T00:38:28.840+05:30  INFO 36404 --- [eureka-server] [a-EvictionTimer] c.n.e.registry.AbstractInstanceRegistry  : Running the evict task with compensationTime 12ms
2026-08-30T00:41:28.021+05:30  WARN 36404 --- [eureka-server] [eerNodesUpdater] c.n.eureka.cluster.PeerEurekaNodes       : The replica size seems to be empty. Check the route 53 DNS Registry
2026-08-30T00:41:32.606+05:30  INFO 36404 --- [eureka-server] [a-EvictionTimer] c.n.e.registry.AbstractInstanceRegistry  : Running the evict task with compensationTime 123902ms
2026-08-30T00:42:32.606+05:30  INFO 36404 --- [eureka-server] [a-EvictionTimer] c.n.e.registry.AbstractInstanceRegistry  : Running the evict task with compensationTime 0ms
2026-08-30T00:43:32.637+05:30  INFO 36404 --- [eureka-server] [a-EvictionTimer] c.n.e.registry.AbstractInstanceRegistry  : Running the evict task with compensationTime 31ms
2026-08-30T00:44:32.648+05:30  INFO 36404 --- [eureka-server] [a-EvictionTimer] c.n.e.registry.AbstractInstanceRegistry  : Running the evict task with compensationTime 10ms
2026-08-30T00:45:32.650+05:30  INFO 36404 --- [eureka-server] [a-EvictionTimer] c.n.e.registry.AbstractInstanceRegistry  : Running the evict task with compensationTime 1ms
2026-08-30T00:46:27.188+05:30  INFO 36404 --- [eureka-server] [hresholdUpdater] c.n.e.r.PeerAwareInstanceRegistryImpl    : Current renewal threshold is : 0
2026-08-30T00:46:32.653+05:30  INFO 36404 --- [eureka-server] [a-EvictionTimer] c.n.e.registry.AbstractInstanceRegistry  : Running the evict task with compensationTime 4ms
2026-08-30T00:47:32.661+05:30  INFO 36404 --- [eureka-server] [a-EvictionTimer] c.n.e.registry.AbstractInstanceRegistry  : Running the evict task with compensationTime 6ms
2026-08-30T00:48:32.660+05:30  INFO 36404 --- [eureka-server] [a-EvictionTimer] c.n.e.registry.AbstractInstanceRegistry  : Running the evict task with compensationTime 0ms
2026-08-30T00:49:32.666+05:30  INFO 36404 --- [eureka-server] [a-EvictionTimer] c.n.e.registry.AbstractInstanceRegistry  : Running the evict task with compensationTime 5ms
2026-08-30T00:50:32.679+05:30  INFO 36404 --- [eureka-server] [a-EvictionTimer] c.n.e.registry.AbstractInstanceRegistry  : Running the evict task with compensationTime 12ms
2026-08-30T00:51:28.026+05:30  WARN 36404 --- [eureka-server] [eerNodesUpdater] c.n.eureka.cluster.PeerEurekaNodes       : The replica size seems to be empty. Check the route 53 DNS Registry
2026-08-30T00:51:32.689+05:30  INFO 36404 --- [eureka-server] [a-EvictionTimer] c.n.e.registry.AbstractInstanceRegistry  : Running the evict task with compensationTime 10ms
2026-08-30T00:52:32.692+05:30  INFO 36404 --- [eureka-server] [a-EvictionTimer] c.n.e.registry.AbstractInstanceRegistry  : Running the evict task with compensationTime 2ms
2026-08-30T00:53:32.692+05:30  INFO 36404 --- [eureka-server] [a-EvictionTimer] c.n.e.registry.AbstractInstanceRegistry  : Running the evict task with compensationTime 0ms
2026-08-30T00:54:32.705+05:30  INFO 36404 --- [eureka-server] [a-EvictionTimer] c.n.e.registry.AbstractInstanceRegistry  : Running the evict task with compensationTime 13ms
2026-08-30T00:55:32.717+05:30  INFO 36404 --- [eureka-server] [a-EvictionTimer] c.n.e.registry.AbstractInstanceRegistry  : Running the evict task with compensationTime 11ms
2026-08-30T00:56:32.717+05:30  INFO 36404 --- [eureka-server] [a-EvictionTimer] c.n.e.registry.AbstractInstanceRegistry  : Running the evict task with compensationTime 0ms
2026-08-30T00:57:32.726+05:30  INFO 36404 --- [eureka-server] [a-EvictionTimer] c.n.e.registry.AbstractInstanceRegistry  : Running the evict task with compensationTime 8ms
2026-08-30T00:58:32.735+05:30  INFO 36404 --- [eureka-server] [a-EvictionTimer] c.n.e.registry.AbstractInstanceRegistry  : Running the evict task with compensationTime 9ms
2026-08-30T00:59:32.737+05:30  INFO 36404 --- [eureka-server] [a-EvictionTimer] c.n.e.registry.AbstractInstanceRegistry  : Running the evict task with compensationTime 2ms
2026-08-30T01:00:32.749+05:30  INFO 36404 --- [eureka-server] [a-EvictionTimer] c.n.e.registry.AbstractInstanceRegistry  : Running the evict task with compensationTime 12ms
2026-08-30T01:01:27.187+05:30  INFO 36404 --- [eureka-server] [hresholdUpdater] c.n.e.r.PeerAwareInstanceRegistryImpl    : Current renewal threshold is : 0
2026-08-30T01:01:28.033+05:30  WARN 36404 --- [eureka-server] [eerNodesUpdater] c.n.eureka.cluster.PeerEurekaNodes       : The replica size seems to be empty. Check the route 53 DNS Registry
2026-08-30T01:01:32.754+05:30  INFO 36404 --- [eureka-server] [a-EvictionTimer] c.n.e.registry.AbstractInstanceRegistry  : Running the evict task with compensationTime 4ms
2026-08-30T01:02:32.763+05:30  INFO 36404 --- [eureka-server] [a-EvictionTimer] c.n.e.registry.AbstractInstanceRegistry  : Running the evict task with compensationTime 8ms
2026-08-30T01:03:32.773+05:30  INFO 36404 --- [eureka-server] [a-EvictionTimer] c.n.e.registry.AbstractInstanceRegistry  : Running the evict task with compensationTime 9ms
2026-08-30T01:04:32.785+05:30  INFO 36404 --- [eureka-server] [a-EvictionTimer] c.n.e.registry.AbstractInstanceRegistry  : Running the evict task with compensationTime 12ms
2026-08-30T01:05:32.795+05:30  INFO 36404 --- [eureka-server] [a-EvictionTimer] c.n.e.registry.AbstractInstanceRegistry  : Running the evict task with compensationTime 10ms
2026-08-30T01:06:32.799+05:30  INFO 36404 --- [eureka-server] [a-EvictionTimer] c.n.e.registry.AbstractInstanceRegistry  : Running the evict task with compensationTime 4ms
2026-08-30T01:07:32.807+05:30  INFO 36404 --- [eureka-server] [a-EvictionTimer] c.n.e.registry.AbstractInstanceRegistry  : Running the evict task with compensationTime 8ms
2026-08-30T01:08:32.819+05:30  INFO 36404 --- [eureka-server] [a-EvictionTimer] c.n.e.registry.AbstractInstanceRegistry  : Running the evict task with compensationTime 11ms
2026-08-30T01:09:32.821+05:30  INFO 36404 --- [eureka-server] [a-EvictionTimer] c.n.e.registry.AbstractInstanceRegistry  : Running the evict task with compensationTime 2ms
2026-08-30T01:10:32.824+05:30  INFO 36404 --- [eureka-server] [a-EvictionTimer] c.n.e.registry.AbstractInstanceRegistry  : Running the evict task with compensationTime 2ms
2026-08-30T01:11:28.047+05:30  WARN 36404 --- [eureka-server] [eerNodesUpdater] c.n.eureka.cluster.PeerEurekaNodes       : The replica size seems to be empty. Check the route 53 DNS Registry
2026-08-30T01:11:32.834+05:30  INFO 36404 --- [eureka-server] [a-EvictionTimer] c.n.e.registry.AbstractInstanceRegistry  : Running the evict task with compensationTime 10ms
2026-08-30T01:12:32.845+05:30  INFO 36404 --- [eureka-server] [a-EvictionTimer] c.n.e.registry.AbstractInstanceRegistry  : Running the evict task with compensationTime 11ms
2026-08-30T01:13:32.854+05:30  INFO 36404 --- [eureka-server] [a-EvictionTimer] c.n.e.registry.AbstractInstanceRegistry  : Running the evict task with compensationTime 8ms
2026-08-30T01:14:32.859+05:30  INFO 36404 --- [eureka-server] [a-EvictionTimer] c.n.e.registry.AbstractInstanceRegistry  : Running the evict task with compensationTime 5ms
2026-08-30T01:15:32.869+05:30  INFO 36404 --- [eureka-server] [a-EvictionTimer] c.n.e.registry.AbstractInstanceRegistry  : Running the evict task with compensationTime 9ms
2026-08-30T11:51:44.760+05:30  INFO 36404 --- [eureka-server] [hresholdUpdater] c.n.e.r.PeerAwareInstanceRegistryImpl    : Current renewal threshold is : 0
2026-08-30T11:51:50.386+05:30  INFO 36404 --- [eureka-server] [a-EvictionTimer] c.n.e.registry.AbstractInstanceRegistry  : Running the evict task with compensationTime 38120284ms
2026-08-30T11:56:58.919+05:30  INFO 36404 --- [eureka-server] [a-EvictionTimer] c.n.e.registry.AbstractInstanceRegistry  : Running the evict task with compensationTime 250993ms
2026-08-30T11:57:58.924+05:30  INFO 36404 --- [eureka-server] [a-EvictionTimer] c.n.e.registry.AbstractInstanceRegistry  : Running the evict task with compensationTime 6ms
2026-08-30T11:58:58.925+05:30  INFO 36404 --- [eureka-server] [a-EvictionTimer] c.n.e.registry.AbstractInstanceRegistry  : Running the evict task with compensationTime 0ms
2026-08-30T11:59:58.937+05:30  INFO 36404 --- [eureka-server] [a-EvictionTimer] c.n.e.registry.AbstractInstanceRegistry  : Running the evict task with compensationTime 11ms
2026-08-30T12:00:54.107+05:30  WARN 36404 --- [eureka-server] [eerNodesUpdater] c.n.eureka.cluster.PeerEurekaNodes       : The replica size seems to be empty. Check the route 53 DNS Registry
2026-08-30T12:00:58.947+05:30  INFO 36404 --- [eureka-server] [a-EvictionTimer] c.n.e.registry.AbstractInstanceRegistry  : Running the evict task with compensationTime 10ms
2026-08-30T12:01:58.961+05:30  INFO 36404 --- [eureka-server] [a-EvictionTimer] c.n.e.registry.AbstractInstanceRegistry  : Running the evict task with compensationTime 13ms
2026-08-30T12:02:58.969+05:30  INFO 36404 --- [eureka-server] [a-EvictionTimer] c.n.e.registry.AbstractInstanceRegistry  : Running the evict task with compensationTime 7ms
2026-08-30T12:03:58.974+05:30  INFO 36404 --- [eureka-server] [a-EvictionTimer] c.n.e.registry.AbstractInstanceRegistry  : Running the evict task with compensationTime 5ms
2026-08-30T12:04:58.989+05:30  INFO 36404 --- [eureka-server] [a-EvictionTimer] c.n.e.registry.AbstractInstanceRegistry  : Running the evict task with compensationTime 14ms
2026-08-30T12:05:59.001+05:30  INFO 36404 --- [eureka-server] [a-EvictionTimer] c.n.e.registry.AbstractInstanceRegistry  : Running the evict task with compensationTime 11ms
2026-08-30T12:06:59.006+05:30  INFO 36404 --- [eureka-server] [a-EvictionTimer] c.n.e.registry.AbstractInstanceRegistry  : Running the evict task with compensationTime 5ms
2026-08-30T12:07:59.008+05:30  INFO 36404 --- [eureka-server] [a-EvictionTimer] c.n.e.registry.AbstractInstanceRegistry  : Running the evict task with compensationTime 1ms
2026-08-30T12:08:59.023+05:30  INFO 36404 --- [eureka-server] [a-EvictionTimer] c.n.e.registry.AbstractInstanceRegistry  : Running the evict task with compensationTime 14ms
2026-08-30T12:09:59.026+05:30  INFO 36404 --- [eureka-server] [a-EvictionTimer] c.n.e.registry.AbstractInstanceRegistry  : Running the evict task with compensationTime 3ms
2026-08-30T12:10:53.285+05:30  INFO 36404 --- [eureka-server] [hresholdUpdater] c.n.e.r.PeerAwareInstanceRegistryImpl    : Current renewal threshold is : 0
2026-08-30T12:10:54.142+05:30  WARN 36404 --- [eureka-server] [eerNodesUpdater] c.n.eureka.cluster.PeerEurekaNodes       : The replica size seems to be empty. Check the route 53 DNS Registry
2026-08-30T12:10:59.027+05:30  INFO 36404 --- [eureka-server] [a-EvictionTimer] c.n.e.registry.AbstractInstanceRegistry  : Running the evict task with compensationTime 0ms
2026-08-30T12:11:59.039+05:30  INFO 36404 --- [eureka-server] [a-EvictionTimer] c.n.e.registry.AbstractInstanceRegistry  : Running the evict task with compensationTime 11ms
2026-08-30T12:12:59.051+05:30  INFO 36404 --- [eureka-server] [a-EvictionTimer] c.n.e.registry.AbstractInstanceRegistry  : Running the evict task with compensationTime 12ms
2026-08-30T12:13:59.053+05:30  INFO 36404 --- [eureka-server] [a-EvictionTimer] c.n.e.registry.AbstractInstanceRegistry  : Running the evict task with compensationTime 2ms
2026-08-30T12:14:59.067+05:30  INFO 36404 --- [eureka-server] [a-EvictionTimer] c.n.e.registry.AbstractInstanceRegistry  : Running the evict task with compensationTime 14ms
2026-08-30T12:15:59.069+05:30  INFO 36404 --- [eureka-server] [a-EvictionTimer] c.n.e.registry.AbstractInstanceRegistry  : Running the evict task with compensationTime 0ms
2026-08-30T12:16:59.077+05:30  INFO 36404 --- [eureka-server] [a-EvictionTimer] c.n.e.registry.AbstractInstanceRegistry  : Running the evict task with compensationTime 8ms
2026-08-30T12:17:59.081+05:30  INFO 36404 --- [eureka-server] [a-EvictionTimer] c.n.e.registry.AbstractInstanceRegistry  : Running the evict task with compensationTime 4ms
2026-08-30T12:18:59.093+05:30  INFO 36404 --- [eureka-server] [a-EvictionTimer] c.n.e.registry.AbstractInstanceRegistry  : Running the evict task with compensationTime 10ms
2026-08-30T12:19:59.108+05:30  INFO 36404 --- [eureka-server] [a-EvictionTimer] c.n.e.registry.AbstractInstanceRegistry  : Running the evict task with compensationTime 15ms
2026-08-30T12:20:54.155+05:30  WARN 36404 --- [eureka-server] [eerNodesUpdater] c.n.eureka.cluster.PeerEurekaNodes       : The replica size seems to be empty. Check the route 53 DNS Registry
2026-08-30T12:20:59.119+05:30  INFO 36404 --- [eureka-server] [a-EvictionTimer] c.n.e.registry.AbstractInstanceRegistry  : Running the evict task with compensationTime 10ms
2026-08-30T12:21:59.123+05:30  INFO 36404 --- [eureka-server] [a-EvictionTimer] c.n.e.registry.AbstractInstanceRegistry  : Running the evict task with compensationTime 3ms
2026-08-30T12:22:59.124+05:30  INFO 36404 --- [eureka-server] [a-EvictionTimer] c.n.e.registry.AbstractInstanceRegistry  : Running the evict task with compensationTime 0ms
2026-08-30T12:23:59.138+05:30  INFO 36404 --- [eureka-server] [a-EvictionTimer] c.n.e.registry.AbstractInstanceRegistry  : Running the evict task with compensationTime 14ms
2026-08-30T12:24:59.144+05:30  INFO 36404 --- [eureka-server] [a-EvictionTimer] c.n.e.registry.AbstractInstanceRegistry  : Running the evict task with compensationTime 5ms
2026-08-30T12:25:53.251+05:30  INFO 36404 --- [eureka-server] [hresholdUpdater] c.n.e.r.PeerAwareInstanceRegistryImpl    : Current renewal threshold is : 0
2026-08-30T12:25:59.154+05:30  INFO 36404 --- [eureka-server] [a-EvictionTimer] c.n.e.registry.AbstractInstanceRegistry  : Running the evict task with compensationTime 10ms
2026-08-30T12:26:59.169+05:30  INFO 36404 --- [eureka-server] [a-EvictionTimer] c.n.e.registry.AbstractInstanceRegistry  : Running the evict task with compensationTime 14ms
2026-08-30T12:27:59.171+05:30  INFO 36404 --- [eureka-server] [a-EvictionTimer] c.n.e.registry.AbstractInstanceRegistry  : Running the evict task with compensationTime 2ms
2026-08-30T12:28:59.173+05:30  INFO 36404 --- [eureka-server] [a-EvictionTimer] c.n.e.registry.AbstractInstanceRegistry  : Running the evict task with compensationTime 2ms
2026-08-30T12:29:59.174+05:30  INFO 36404 --- [eureka-server] [a-EvictionTimer] c.n.e.registry.AbstractInstanceRegistry  : Running the evict task with compensationTime 0ms
2026-08-30T12:30:54.159+05:30  WARN 36404 --- [eureka-server] [eerNodesUpdater] c.n.eureka.cluster.PeerEurekaNodes       : The replica size seems to be empty. Check the route 53 DNS Registry
2026-08-30T12:30:59.181+05:30  INFO 36404 --- [eureka-server] [a-EvictionTimer] c.n.e.registry.AbstractInstanceRegistry  : Running the evict task with compensationTime 6ms
2026-08-30T12:31:59.192+05:30  INFO 36404 --- [eureka-server] [a-EvictionTimer] c.n.e.registry.AbstractInstanceRegistry  : Running the evict task with compensationTime 11ms
2026-08-30T12:32:59.198+05:30  INFO 36404 --- [eureka-server] [a-EvictionTimer] c.n.e.registry.AbstractInstanceRegistry  : Running the evict task with compensationTime 5ms
2026-08-30T12:33:59.207+05:30  INFO 36404 --- [eureka-server] [a-EvictionTimer] c.n.e.registry.AbstractInstanceRegistry  : Running the evict task with compensationTime 8ms
2026-08-30T12:34:59.210+05:30  INFO 36404 --- [eureka-server] [a-EvictionTimer] c.n.e.registry.AbstractInstanceRegistry  : Running the evict task with compensationTime 3ms
2026-08-30T12:35:59.217+05:30  INFO 36404 --- [eureka-server] [a-EvictionTimer] c.n.e.registry.AbstractInstanceRegistry  : Running the evict task with compensationTime 6ms
2026-08-30T12:36:59.221+05:30  INFO 36404 --- [eureka-server] [a-EvictionTimer] c.n.e.registry.AbstractInstanceRegistry  : Running the evict task with compensationTime 5ms
2026-08-30T12:37:59.233+05:30  INFO 36404 --- [eureka-server] [a-EvictionTimer] c.n.e.registry.AbstractInstanceRegistry  : Running the evict task with compensationTime 11ms
2026-08-30T12:38:59.238+05:30  INFO 36404 --- [eureka-server] [a-EvictionTimer] c.n.e.registry.AbstractInstanceRegistry  : Running the evict task with compensationTime 4ms
2026-08-30T12:39:59.239+05:30  INFO 36404 --- [eureka-server] [a-EvictionTimer] c.n.e.registry.AbstractInstanceRegistry  : Running the evict task with compensationTime 0ms
2026-08-30T12:40:53.287+05:30  INFO 36404 --- [eureka-server] [hresholdUpdater] c.n.e.r.PeerAwareInstanceRegistryImpl    : Current renewal threshold is : 0
2026-08-30T12:40:54.184+05:30  WARN 36404 --- [eureka-server] [eerNodesUpdater] c.n.eureka.cluster.PeerEurekaNodes       : The replica size seems to be empty. Check the route 53 DNS Registry
2026-08-30T12:40:59.245+05:30  INFO 36404 --- [eureka-server] [a-EvictionTimer] c.n.e.registry.AbstractInstanceRegistry  : Running the evict task with compensationTime 6ms
2026-08-30T12:41:59.259+05:30  INFO 36404 --- [eureka-server] [a-EvictionTimer] c.n.e.registry.AbstractInstanceRegistry  : Running the evict task with compensationTime 14ms
2026-08-30T12:42:59.272+05:30  INFO 36404 --- [eureka-server] [a-EvictionTimer] c.n.e.registry.AbstractInstanceRegistry  : Running the evict task with compensationTime 14ms
2026-08-30T12:43:59.278+05:30  INFO 36404 --- [eureka-server] [a-EvictionTimer] c.n.e.registry.AbstractInstanceRegistry  : Running the evict task with compensationTime 4ms
2026-08-30T12:44:59.292+05:30  INFO 36404 --- [eureka-server] [a-EvictionTimer] c.n.e.registry.AbstractInstanceRegistry  : Running the evict task with compensationTime 13ms
2026-08-30T12:45:59.307+05:30  INFO 36404 --- [eureka-server] [a-EvictionTimer] c.n.e.registry.AbstractInstanceRegistry  : Running the evict task with compensationTime 14ms
2026-08-30T12:46:59.315+05:30  INFO 36404 --- [eureka-server] [a-EvictionTimer] c.n.e.registry.AbstractInstanceRegistry  : Running the evict task with compensationTime 8ms
2026-08-30T12:47:59.324+05:30  INFO 36404 --- [eureka-server] [a-EvictionTimer] c.n.e.registry.AbstractInstanceRegistry  : Running the evict task with compensationTime 9ms
2026-08-30T12:48:59.333+05:30  INFO 36404 --- [eureka-server] [a-EvictionTimer] c.n.e.registry.AbstractInstanceRegistry  : Running the evict task with compensationTime 8ms
2026-08-30T12:49:59.342+05:30  INFO 36404 --- [eureka-server] [a-EvictionTimer] c.n.e.registry.AbstractInstanceRegistry  : Running the evict task with compensationTime 10ms
2026-08-30T12:50:54.211+05:30  WARN 36404 --- [eureka-server] [eerNodesUpdater] c.n.eureka.cluster.PeerEurekaNodes       : The replica size seems to be empty. Check the route 53 DNS Registry
2026-08-30T12:50:59.348+05:30  INFO 36404 --- [eureka-server] [a-EvictionTimer] c.n.e.registry.AbstractInstanceRegistry  : Running the evict task with compensationTime 4ms
2026-08-30T12:51:59.358+05:30  INFO 36404 --- [eureka-server] [a-EvictionTimer] c.n.e.registry.AbstractInstanceRegistry  : Running the evict task with compensationTime 9ms
2026-08-30T12:52:59.359+05:30  INFO 36404 --- [eureka-server] [a-EvictionTimer] c.n.e.registry.AbstractInstanceRegistry  : Running the evict task with compensationTime 1ms
2026-08-30T12:53:59.362+05:30  INFO 36404 --- [eureka-server] [a-EvictionTimer] c.n.e.registry.AbstractInstanceRegistry  : Running the evict task with compensationTime 2ms
2026-08-30T12:54:59.366+05:30  INFO 36404 --- [eureka-server] [a-EvictionTimer] c.n.e.registry.AbstractInstanceRegistry  : Running the evict task with compensationTime 4ms
2026-08-30T12:55:53.282+05:30  INFO 36404 --- [eureka-server] [hresholdUpdater] c.n.e.r.PeerAwareInstanceRegistryImpl    : Current renewal threshold is : 0
2026-08-30T12:55:59.378+05:30  INFO 36404 --- [eureka-server] [a-EvictionTimer] c.n.e.registry.AbstractInstanceRegistry  : Running the evict task with compensationTime 12ms
2026-08-30T12:56:59.383+05:30  INFO 36404 --- [eureka-server] [a-EvictionTimer] c.n.e.registry.AbstractInstanceRegistry  : Running the evict task with compensationTime 4ms
2026-08-30T12:57:59.393+05:30  INFO 36404 --- [eureka-server] [a-EvictionTimer] c.n.e.registry.AbstractInstanceRegistry  : Running the evict task with compensationTime 10ms
2026-08-30T12:58:59.396+05:30  INFO 36404 --- [eureka-server] [a-EvictionTimer] c.n.e.registry.AbstractInstanceRegistry  : Running the evict task with compensationTime 3ms
2026-08-30T12:59:59.412+05:30  INFO 36404 --- [eureka-server] [a-EvictionTimer] c.n.e.registry.AbstractInstanceRegistry  : Running the evict task with compensationTime 14ms
2026-08-30T13:00:54.239+05:30  WARN 36404 --- [eureka-server] [eerNodesUpdater] c.n.eureka.cluster.PeerEurekaNodes       : The replica size seems to be empty. Check the route 53 DNS Registry
2026-08-30T13:00:59.419+05:30  INFO 36404 --- [eureka-server] [a-EvictionTimer] c.n.e.registry.AbstractInstanceRegistry  : Running the evict task with compensationTime 7ms
2026-08-30T13:01:59.430+05:30  INFO 36404 --- [eureka-server] [a-EvictionTimer] c.n.e.registry.AbstractInstanceRegistry  : Running the evict task with compensationTime 10ms
2026-08-30T13:02:59.434+05:30  INFO 36404 --- [eureka-server] [a-EvictionTimer] c.n.e.registry.AbstractInstanceRegistry  : Running the evict task with compensationTime 3ms
2026-08-30T13:03:59.444+05:30  INFO 36404 --- [eureka-server] [a-EvictionTimer] c.n.e.registry.AbstractInstanceRegistry  : Running the evict task with compensationTime 10ms
2026-08-30T13:04:59.449+05:30  INFO 36404 --- [eureka-server] [a-EvictionTimer] c.n.e.registry.AbstractInstanceRegistry  : Running the evict task with compensationTime 5ms
2026-08-30T13:05:59.456+05:30  INFO 36404 --- [eureka-server] [a-EvictionTimer] c.n.e.registry.AbstractInstanceRegistry  : Running the evict task with compensationTime 7ms
2026-08-30T13:06:59.466+05:30  INFO 36404 --- [eureka-server] [a-EvictionTimer] c.n.e.registry.AbstractInstanceRegistry  : Running the evict task with compensationTime 10ms
2026-08-30T13:07:59.471+05:30  INFO 36404 --- [eureka-server] [a-EvictionTimer] c.n.e.registry.AbstractInstanceRegistry  : Running the evict task with compensationTime 4ms
2026-08-30T13:08:59.484+05:30  INFO 36404 --- [eureka-server] [a-EvictionTimer] c.n.e.registry.AbstractInstanceRegistry  : Running the evict task with compensationTime 13ms
2026-08-30T13:09:59.490+05:30  INFO 36404 --- [eureka-server] [a-EvictionTimer] c.n.e.registry.AbstractInstanceRegistry  : Running the evict task with compensationTime 5ms
2026-08-30T13:10:53.315+05:30  INFO 36404 --- [eureka-server] [hresholdUpdater] c.n.e.r.PeerAwareInstanceRegistryImpl    : Current renewal threshold is : 0
2026-08-30T13:10:54.268+05:30  WARN 36404 --- [eureka-server] [eerNodesUpdater] c.n.eureka.cluster.PeerEurekaNodes       : The replica size seems to be empty. Check the route 53 DNS Registry
2026-08-30T13:10:59.496+05:30  INFO 36404 --- [eureka-server] [a-EvictionTimer] c.n.e.registry.AbstractInstanceRegistry  : Running the evict task with compensationTime 6ms
2026-08-30T13:11:59.497+05:30  INFO 36404 --- [eureka-server] [a-EvictionTimer] c.n.e.registry.AbstractInstanceRegistry  : Running the evict task with compensationTime 0ms
2026-08-30T13:12:59.504+05:30  INFO 36404 --- [eureka-server] [a-EvictionTimer] c.n.e.registry.AbstractInstanceRegistry  : Running the evict task with compensationTime 6ms
2026-08-30T13:13:59.509+05:30  INFO 36404 --- [eureka-server] [a-EvictionTimer] c.n.e.registry.AbstractInstanceRegistry  : Running the evict task with compensationTime 5ms
2026-08-30T13:14:59.515+05:30  INFO 36404 --- [eureka-server] [a-EvictionTimer] c.n.e.registry.AbstractInstanceRegistry  : Running the evict task with compensationTime 6ms
2026-08-30T13:15:59.519+05:30  INFO 36404 --- [eureka-server] [a-EvictionTimer] c.n.e.registry.AbstractInstanceRegistry  : Running the evict task with compensationTime 4ms
2026-08-30T13:16:59.533+05:30  INFO 36404 --- [eureka-server] [a-EvictionTimer] c.n.e.registry.AbstractInstanceRegistry  : Running the evict task with compensationTime 13ms
2026-08-30T13:17:59.534+05:30  INFO 36404 --- [eureka-server] [a-EvictionTimer] c.n.e.registry.AbstractInstanceRegistry  : Running the evict task with compensationTime 0ms
2026-08-30T13:18:59.549+05:30  INFO 36404 --- [eureka-server] [a-EvictionTimer] c.n.e.registry.AbstractInstanceRegistry  : Running the evict task with compensationTime 15ms
2026-08-30T13:19:59.565+05:30  INFO 36404 --- [eureka-server] [a-EvictionTimer] c.n.e.registry.AbstractInstanceRegistry  : Running the evict task with compensationTime 15ms
2026-08-30T13:20:54.282+05:30  WARN 36404 --- [eureka-server] [eerNodesUpdater] c.n.eureka.cluster.PeerEurekaNodes       : The replica size seems to be empty. Check the route 53 DNS Registry
2026-08-30T13:20:59.564+05:30  INFO 36404 --- [eureka-server] [a-EvictionTimer] c.n.e.registry.AbstractInstanceRegistry  : Running the evict task with compensationTime 0ms
2026-08-30T13:21:59.568+05:30  INFO 36404 --- [eureka-server] [a-EvictionTimer] c.n.e.registry.AbstractInstanceRegistry  : Running the evict task with compensationTime 3ms
2026-08-30T13:22:59.578+05:30  INFO 36404 --- [eureka-server] [a-EvictionTimer] c.n.e.registry.AbstractInstanceRegistry  : Running the evict task with compensationTime 10ms
2026-08-30T13:23:59.585+05:30  INFO 36404 --- [eureka-server] [a-EvictionTimer] c.n.e.registry.AbstractInstanceRegistry  : Running the evict task with compensationTime 6ms
2026-08-30T13:24:59.593+05:30  INFO 36404 --- [eureka-server] [a-EvictionTimer] c.n.e.registry.AbstractInstanceRegistry  : Running the evict task with compensationTime 7ms
2026-08-30T13:25:53.288+05:30  INFO 36404 --- [eureka-server] [hresholdUpdater] c.n.e.r.PeerAwareInstanceRegistryImpl    : Current renewal threshold is : 0
2026-08-30T13:25:59.606+05:30  INFO 36404 --- [eureka-server] [a-EvictionTimer] c.n.e.registry.AbstractInstanceRegistry  : Running the evict task with compensationTime 12ms
2026-08-30T13:26:59.606+05:30  INFO 36404 --- [eureka-server] [a-EvictionTimer] c.n.e.registry.AbstractInstanceRegistry  : Running the evict task with compensationTime 0ms
2026-08-30T13:27:59.611+05:30  INFO 36404 --- [eureka-server] [a-EvictionTimer] c.n.e.registry.AbstractInstanceRegistry  : Running the evict task with compensationTime 5ms
2026-08-30T13:28:59.623+05:30  INFO 36404 --- [eureka-server] [a-EvictionTimer] c.n.e.registry.AbstractInstanceRegistry  : Running the evict task with compensationTime 11ms
2026-08-30T13:29:59.639+05:30  INFO 36404 --- [eureka-server] [a-EvictionTimer] c.n.e.registry.AbstractInstanceRegistry  : Running the evict task with compensationTime 16ms
2026-08-30T13:30:54.311+05:30  WARN 36404 --- [eureka-server] [eerNodesUpdater] c.n.eureka.cluster.PeerEurekaNodes       : The replica size seems to be empty. Check the route 53 DNS Registry
2026-08-30T13:30:59.652+05:30  INFO 36404 --- [eureka-server] [a-EvictionTimer] c.n.e.registry.AbstractInstanceRegistry  : Running the evict task with compensationTime 13ms
2026-08-30T13:31:59.654+05:30  INFO 36404 --- [eureka-server] [a-EvictionTimer] c.n.e.registry.AbstractInstanceRegistry  : Running the evict task with compensationTime 1ms
2026-08-30T13:32:59.658+05:30  INFO 36404 --- [eureka-server] [a-EvictionTimer] c.n.e.registry.AbstractInstanceRegistry  : Running the evict task with compensationTime 4ms
2026-08-30T13:33:59.662+05:30  INFO 36404 --- [eureka-server] [a-EvictionTimer] c.n.e.registry.AbstractInstanceRegistry  : Running the evict task with compensationTime 3ms
2026-08-30T13:34:59.677+05:30  INFO 36404 --- [eureka-server] [a-EvictionTimer] c.n.e.registry.AbstractInstanceRegistry  : Running the evict task with compensationTime 15ms
2026-08-30T13:35:59.690+05:30  INFO 36404 --- [eureka-server] [a-EvictionTimer] c.n.e.registry.AbstractInstanceRegistry  : Running the evict task with compensationTime 13ms
2026-08-30T13:36:59.702+05:30  INFO 36404 --- [eureka-server] [a-EvictionTimer] c.n.e.registry.AbstractInstanceRegistry  : Running the evict task with compensationTime 11ms
2026-08-30T13:37:59.712+05:30  INFO 36404 --- [eureka-server] [a-EvictionTimer] c.n.e.registry.AbstractInstanceRegistry  : Running the evict task with compensationTime 10ms
2026-08-30T13:38:59.721+05:30  INFO 36404 --- [eureka-server] [a-EvictionTimer] c.n.e.registry.AbstractInstanceRegistry  : Running the evict task with compensationTime 8ms
2026-08-30T13:39:59.722+05:30  INFO 36404 --- [eureka-server] [a-EvictionTimer] c.n.e.registry.AbstractInstanceRegistry  : Running the evict task with compensationTime 0ms
2026-08-30T13:40:53.304+05:30  INFO 36404 --- [eureka-server] [hresholdUpdater] c.n.e.r.PeerAwareInstanceRegistryImpl    : Current renewal threshold is : 0
2026-08-30T13:40:54.330+05:30  WARN 36404 --- [eureka-server] [eerNodesUpdater] c.n.eureka.cluster.PeerEurekaNodes       : The replica size seems to be empty. Check the route 53 DNS Registry
2026-08-30T13:40:59.737+05:30  INFO 36404 --- [eureka-server] [a-EvictionTimer] c.n.e.registry.AbstractInstanceRegistry  : Running the evict task with compensationTime 14ms
2026-08-30T13:41:59.751+05:30  INFO 36404 --- [eureka-server] [a-EvictionTimer] c.n.e.registry.AbstractInstanceRegistry  : Running the evict task with compensationTime 15ms
2026-08-30T13:42:59.759+05:30  INFO 36404 --- [eureka-server] [a-EvictionTimer] c.n.e.registry.AbstractInstanceRegistry  : Running the evict task with compensationTime 8ms
2026-08-30T13:43:59.766+05:30  INFO 36404 --- [eureka-server] [a-EvictionTimer] c.n.e.registry.AbstractInstanceRegistry  : Running the evict task with compensationTime 6ms
2026-08-30T13:44:59.771+05:30  INFO 36404 --- [eureka-server] [a-EvictionTimer] c.n.e.registry.AbstractInstanceRegistry  : Running the evict task with compensationTime 5ms
2026-08-30T13:45:59.774+05:30  INFO 36404 --- [eureka-server] [a-EvictionTimer] c.n.e.registry.AbstractInstanceRegistry  : Running the evict task with compensationTime 3ms
2026-08-30T13:46:59.779+05:30  INFO 36404 --- [eureka-server] [a-EvictionTimer] c.n.e.registry.AbstractInstanceRegistry  : Running the evict task with compensationTime 4ms
2026-08-30T13:47:59.786+05:30  INFO 36404 --- [eureka-server] [a-EvictionTimer] c.n.e.registry.AbstractInstanceRegistry  : Running the evict task with compensationTime 6ms
2026-08-30T13:48:59.792+05:30  INFO 36404 --- [eureka-server] [a-EvictionTimer] c.n.e.registry.AbstractInstanceRegistry  : Running the evict task with compensationTime 6ms
2026-08-30T13:49:59.807+05:30  INFO 36404 --- [eureka-server] [a-EvictionTimer] c.n.e.registry.AbstractInstanceRegistry  : Running the evict task with compensationTime 14ms
2026-08-30T13:50:54.343+05:30  WARN 36404 --- [eureka-server] [eerNodesUpdater] c.n.eureka.cluster.PeerEurekaNodes       : The replica size seems to be empty. Check the route 53 DNS Registry
2026-08-30T13:50:59.819+05:30  INFO 36404 --- [eureka-server] [a-EvictionTimer] c.n.e.registry.AbstractInstanceRegistry  : Running the evict task with compensationTime 12ms
2026-08-30T13:51:59.829+05:30  INFO 36404 --- [eureka-server] [a-EvictionTimer] c.n.e.registry.AbstractInstanceRegistry  : Running the evict task with compensationTime 9ms
2026-08-30T13:52:59.843+05:30  INFO 36404 --- [eureka-server] [a-EvictionTimer] c.n.e.registry.AbstractInstanceRegistry  : Running the evict task with compensationTime 13ms
2026-08-30T13:53:59.844+05:30  INFO 36404 --- [eureka-server] [a-EvictionTimer] c.n.e.registry.AbstractInstanceRegistry  : Running the evict task with compensationTime 1ms
2026-08-30T13:54:59.845+05:30  INFO 36404 --- [eureka-server] [a-EvictionTimer] c.n.e.registry.AbstractInstanceRegistry  : Running the evict task with compensationTime 0ms
2026-08-30T13:55:53.294+05:30  INFO 36404 --- [eureka-server] [hresholdUpdater] c.n.e.r.PeerAwareInstanceRegistryImpl    : Current renewal threshold is : 0
2026-08-30T13:55:59.846+05:30  INFO 36404 --- [eureka-server] [a-EvictionTimer] c.n.e.registry.AbstractInstanceRegistry  : Running the evict task with compensationTime 0ms
2026-08-30T13:56:59.856+05:30  INFO 36404 --- [eureka-server] [a-EvictionTimer] c.n.e.registry.AbstractInstanceRegistry  : Running the evict task with compensationTime 10ms
2026-08-30T13:57:59.859+05:30  INFO 36404 --- [eureka-server] [a-EvictionTimer] c.n.e.registry.AbstractInstanceRegistry  : Running the evict task with compensationTime 3ms
2026-08-30T13:58:59.866+05:30  INFO 36404 --- [eureka-server] [a-EvictionTimer] c.n.e.registry.AbstractInstanceRegistry  : Running the evict task with compensationTime 7ms
2026-08-30T13:59:59.879+05:30  INFO 36404 --- [eureka-server] [a-EvictionTimer] c.n.e.registry.AbstractInstanceRegistry  : Running the evict task with compensationTime 13ms
2026-08-30T14:00:54.355+05:30  WARN 36404 --- [eureka-server] [eerNodesUpdater] c.n.eureka.cluster.PeerEurekaNodes       : The replica size seems to be empty. Check the route 53 DNS Registry
2026-08-30T14:00:59.883+05:30  INFO 36404 --- [eureka-server] [a-EvictionTimer] c.n.e.registry.AbstractInstanceRegistry  : Running the evict task with compensationTime 4ms
2026-08-30T14:01:59.885+05:30  INFO 36404 --- [eureka-server] [a-EvictionTimer] c.n.e.registry.AbstractInstanceRegistry  : Running the evict task with compensationTime 2ms
2026-08-30T14:02:59.887+05:30  INFO 36404 --- [eureka-server] [a-EvictionTimer] c.n.e.registry.AbstractInstanceRegistry  : Running the evict task with compensationTime 1ms
2026-08-30T14:03:59.902+05:30  INFO 36404 --- [eureka-server] [a-EvictionTimer] c.n.e.registry.AbstractInstanceRegistry  : Running the evict task with compensationTime 15ms
2026-08-30T14:04:59.913+05:30  INFO 36404 --- [eureka-server] [a-EvictionTimer] c.n.e.registry.AbstractInstanceRegistry  : Running the evict task with compensationTime 11ms
2026-08-30T14:05:59.918+05:30  INFO 36404 --- [eureka-server] [a-EvictionTimer] c.n.e.registry.AbstractInstanceRegistry  : Running the evict task with compensationTime 4ms
2026-08-30T14:06:59.920+05:30  INFO 36404 --- [eureka-server] [a-EvictionTimer] c.n.e.registry.AbstractInstanceRegistry  : Running the evict task with compensationTime 2ms
2026-08-30T14:07:59.936+05:30  INFO 36404 --- [eureka-server] [a-EvictionTimer] c.n.e.registry.AbstractInstanceRegistry  : Running the evict task with compensationTime 15ms
2026-08-30T14:08:59.949+05:30  INFO 36404 --- [eureka-server] [a-EvictionTimer] c.n.e.registry.AbstractInstanceRegistry  : Running the evict task with compensationTime 14ms
2026-08-30T14:09:59.957+05:30  INFO 36404 --- [eureka-server] [a-EvictionTimer] c.n.e.registry.AbstractInstanceRegistry  : Running the evict task with compensationTime 6ms
2026-08-30T14:10:53.323+05:30  INFO 36404 --- [eureka-server] [hresholdUpdater] c.n.e.r.PeerAwareInstanceRegistryImpl    : Current renewal threshold is : 0
2026-08-30T14:10:54.365+05:30  WARN 36404 --- [eureka-server] [eerNodesUpdater] c.n.eureka.cluster.PeerEurekaNodes       : The replica size seems to be empty. Check the route 53 DNS Registry
2026-08-30T14:10:59.970+05:30  INFO 36404 --- [eureka-server] [a-EvictionTimer] c.n.e.registry.AbstractInstanceRegistry  : Running the evict task with compensationTime 13ms
2026-08-30T14:11:59.975+05:30  INFO 36404 --- [eureka-server] [a-EvictionTimer] c.n.e.registry.AbstractInstanceRegistry  : Running the evict task with compensationTime 5ms
2026-08-30T14:12:59.989+05:30  INFO 36404 --- [eureka-server] [a-EvictionTimer] c.n.e.registry.AbstractInstanceRegistry  : Running the evict task with compensationTime 13ms
2026-08-30T14:14:00.004+05:30  INFO 36404 --- [eureka-server] [a-EvictionTimer] c.n.e.registry.AbstractInstanceRegistry  : Running the evict task with compensationTime 13ms
2026-08-30T14:15:00.014+05:30  INFO 36404 --- [eureka-server] [a-EvictionTimer] c.n.e.registry.AbstractInstanceRegistry  : Running the evict task with compensationTime 11ms
2026-08-30T14:16:00.020+05:30  INFO 36404 --- [eureka-server] [a-EvictionTimer] c.n.e.registry.AbstractInstanceRegistry  : Running the evict task with compensationTime 6ms
2026-08-30T14:17:00.032+05:30  INFO 36404 --- [eureka-server] [a-EvictionTimer] c.n.e.registry.AbstractInstanceRegistry  : Running the evict task with compensationTime 10ms
2026-08-30T14:18:00.038+05:30  INFO 36404 --- [eureka-server] [a-EvictionTimer] c.n.e.registry.AbstractInstanceRegistry  : Running the evict task with compensationTime 6ms
2026-08-30T14:19:00.045+05:30  INFO 36404 --- [eureka-server] [a-EvictionTimer] c.n.e.registry.AbstractInstanceRegistry  : Running the evict task with compensationTime 6ms
2026-08-30T14:20:00.050+05:30  INFO 36404 --- [eureka-server] [a-EvictionTimer] c.n.e.registry.AbstractInstanceRegistry  : Running the evict task with compensationTime 4ms
2026-08-30T14:20:54.382+05:30  WARN 36404 --- [eureka-server] [eerNodesUpdater] c.n.eureka.cluster.PeerEurekaNodes       : The replica size seems to be empty. Check the route 53 DNS Registry
2026-08-30T14:21:00.063+05:30  INFO 36404 --- [eureka-server] [a-EvictionTimer] c.n.e.registry.AbstractInstanceRegistry  : Running the evict task with compensationTime 13ms
2026-08-30T14:22:00.071+05:30  INFO 36404 --- [eureka-server] [a-EvictionTimer] c.n.e.registry.AbstractInstanceRegistry  : Running the evict task with compensationTime 8ms
2026-08-30T14:23:00.086+05:30  INFO 36404 --- [eureka-server] [a-EvictionTimer] c.n.e.registry.AbstractInstanceRegistry  : Running the evict task with compensationTime 14ms
2026-08-30T14:24:00.100+05:30  INFO 36404 --- [eureka-server] [a-EvictionTimer] c.n.e.registry.AbstractInstanceRegistry  : Running the evict task with compensationTime 14ms
2026-08-30T14:25:00.111+05:30  INFO 36404 --- [eureka-server] [a-EvictionTimer] c.n.e.registry.AbstractInstanceRegistry  : Running the evict task with compensationTime 10ms
2026-08-30T14:25:53.340+05:30  INFO 36404 --- [eureka-server] [hresholdUpdater] c.n.e.r.PeerAwareInstanceRegistryImpl    : Current renewal threshold is : 0
2026-08-30T14:26:00.126+05:30  INFO 36404 --- [eureka-server] [a-EvictionTimer] c.n.e.registry.AbstractInstanceRegistry  : Running the evict task with compensationTime 15ms
2026-08-30T14:27:00.163+05:30  INFO 36404 --- [eureka-server] [a-EvictionTimer] c.n.e.registry.AbstractInstanceRegistry  : Running the evict task with compensationTime 21ms
2026-08-30T14:28:00.154+05:30  INFO 36404 --- [eureka-server] [a-EvictionTimer] c.n.e.registry.AbstractInstanceRegistry  : Running the evict task with compensationTime 7ms
2026-08-30T14:29:00.175+05:30  INFO 36404 --- [eureka-server] [a-EvictionTimer] c.n.e.registry.AbstractInstanceRegistry  : Running the evict task with compensationTime 20ms
2026-08-30T14:30:00.179+05:30  INFO 36404 --- [eureka-server] [a-EvictionTimer] c.n.e.registry.AbstractInstanceRegistry  : Running the evict task with compensationTime 3ms
2026-08-30T14:30:54.396+05:30  WARN 36404 --- [eureka-server] [eerNodesUpdater] c.n.eureka.cluster.PeerEurekaNodes       : The replica size seems to be empty. Check the route 53 DNS Registry
2026-08-30T14:31:00.181+05:30  INFO 36404 --- [eureka-server] [a-EvictionTimer] c.n.e.registry.AbstractInstanceRegistry  : Running the evict task with compensationTime 2ms
2026-08-30T14:32:00.191+05:30  INFO 36404 --- [eureka-server] [a-EvictionTimer] c.n.e.registry.AbstractInstanceRegistry  : Running the evict task with compensationTime 9ms
2026-08-30T14:33:00.206+05:30  INFO 36404 --- [eureka-server] [a-EvictionTimer] c.n.e.registry.AbstractInstanceRegistry  : Running the evict task with compensationTime 15ms
2026-08-30T14:34:00.220+05:30  INFO 36404 --- [eureka-server] [a-EvictionTimer] c.n.e.registry.AbstractInstanceRegistry  : Running the evict task with compensationTime 13ms
2026-08-30T14:35:00.225+05:30  INFO 36404 --- [eureka-server] [a-EvictionTimer] c.n.e.registry.AbstractInstanceRegistry  : Running the evict task with compensationTime 5ms
2026-08-30T14:36:00.231+05:30  INFO 36404 --- [eureka-server] [a-EvictionTimer] c.n.e.registry.AbstractInstanceRegistry  : Running the evict task with compensationTime 5ms
2026-08-30T14:37:00.245+05:30  INFO 36404 --- [eureka-server] [a-EvictionTimer] c.n.e.registry.AbstractInstanceRegistry  : Running the evict task with compensationTime 14ms
2026-08-30T14:38:00.259+05:30  INFO 36404 --- [eureka-server] [a-EvictionTimer] c.n.e.registry.AbstractInstanceRegistry  : Running the evict task with compensationTime 13ms
2026-08-30T14:39:00.273+05:30  INFO 36404 --- [eureka-server] [a-EvictionTimer] c.n.e.registry.AbstractInstanceRegistry  : Running the evict task with compensationTime 13ms
2026-08-30T14:40:00.277+05:30  INFO 36404 --- [eureka-server] [a-EvictionTimer] c.n.e.registry.AbstractInstanceRegistry  : Running the evict task with compensationTime 4ms
2026-08-30T14:40:53.345+05:30  INFO 36404 --- [eureka-server] [hresholdUpdater] c.n.e.r.PeerAwareInstanceRegistryImpl    : Current renewal threshold is : 0
2026-08-30T14:40:54.408+05:30  WARN 36404 --- [eureka-server] [eerNodesUpdater] c.n.eureka.cluster.PeerEurekaNodes       : The replica size seems to be empty. Check the route 53 DNS Registry
2026-08-30T14:41:00.285+05:30  INFO 36404 --- [eureka-server] [a-EvictionTimer] c.n.e.registry.AbstractInstanceRegistry  : Running the evict task with compensationTime 7ms
2026-08-30T14:42:00.286+05:30  INFO 36404 --- [eureka-server] [a-EvictionTimer] c.n.e.registry.AbstractInstanceRegistry  : Running the evict task with compensationTime 1ms
2026-08-31T00:06:28.966+05:30  INFO 36404 --- [eureka-server] [a-EvictionTimer] c.n.e.registry.AbstractInstanceRegistry  : Running the evict task with compensationTime 33811468ms
2026-08-31T00:07:28.962+05:30  INFO 36404 --- [eureka-server] [a-EvictionTimer] c.n.e.registry.AbstractInstanceRegistry  : Running the evict task with compensationTime 3ms
2026-08-31T00:08:28.973+05:30  INFO 36404 --- [eureka-server] [a-EvictionTimer] c.n.e.registry.AbstractInstanceRegistry  : Running the evict task with compensationTime 10ms
2026-08-31T00:09:28.980+05:30  INFO 36404 --- [eureka-server] [a-EvictionTimer] c.n.e.registry.AbstractInstanceRegistry  : Running the evict task with compensationTime 6ms
2026-08-31T00:10:28.994+05:30  INFO 36404 --- [eureka-server] [a-EvictionTimer] c.n.e.registry.AbstractInstanceRegistry  : Running the evict task with compensationTime 13ms
2026-08-31T00:11:29.000+05:30  INFO 36404 --- [eureka-server] [a-EvictionTimer] c.n.e.registry.AbstractInstanceRegistry  : Running the evict task with compensationTime 7ms
2026-08-31T00:12:29.010+05:30  INFO 36404 --- [eureka-server] [a-EvictionTimer] c.n.e.registry.AbstractInstanceRegistry  : Running the evict task with compensationTime 10ms
2026-08-31T00:13:29.012+05:30  INFO 36404 --- [eureka-server] [a-EvictionTimer] c.n.e.registry.AbstractInstanceRegistry  : Running the evict task with compensationTime 1ms
2026-08-31T00:14:23.140+05:30  WARN 36404 --- [eureka-server] [eerNodesUpdater] c.n.eureka.cluster.PeerEurekaNodes       : The replica size seems to be empty. Check the route 53 DNS Registry
2026-08-31T00:14:29.014+05:30  INFO 36404 --- [eureka-server] [a-EvictionTimer] c.n.e.registry.AbstractInstanceRegistry  : Running the evict task with compensationTime 2ms
2026-08-31T00:15:29.016+05:30  INFO 36404 --- [eureka-server] [a-EvictionTimer] c.n.e.registry.AbstractInstanceRegistry  : Running the evict task with compensationTime 2ms
2026-08-31T00:16:29.029+05:30  INFO 36404 --- [eureka-server] [a-EvictionTimer] c.n.e.registry.AbstractInstanceRegistry  : Running the evict task with compensationTime 10ms
2026-08-31T00:17:29.038+05:30  INFO 36404 --- [eureka-server] [a-EvictionTimer] c.n.e.registry.AbstractInstanceRegistry  : Running the evict task with compensationTime 11ms
2026-08-31T00:18:29.040+05:30  INFO 36404 --- [eureka-server] [a-EvictionTimer] c.n.e.registry.AbstractInstanceRegistry  : Running the evict task with compensationTime 1ms
2026-08-31T00:19:22.018+05:30  INFO 36404 --- [eureka-server] [hresholdUpdater] c.n.e.r.PeerAwareInstanceRegistryImpl    : Current renewal threshold is : 0
2026-08-31T00:19:29.040+05:30  INFO 36404 --- [eureka-server] [a-EvictionTimer] c.n.e.registry.AbstractInstanceRegistry  : Running the evict task with compensationTime 0ms
2026-08-31T00:20:29.048+05:30  INFO 36404 --- [eureka-server] [a-EvictionTimer] c.n.e.registry.AbstractInstanceRegistry  : Running the evict task with compensationTime 8ms
2026-08-31T00:21:29.051+05:30  INFO 36404 --- [eureka-server] [a-EvictionTimer] c.n.e.registry.AbstractInstanceRegistry  : Running the evict task with compensationTime 2ms
2026-08-31T00:22:29.063+05:30  INFO 36404 --- [eureka-server] [a-EvictionTimer] c.n.e.registry.AbstractInstanceRegistry  : Running the evict task with compensationTime 11ms
2026-08-31T00:23:29.072+05:30  INFO 36404 --- [eureka-server] [a-EvictionTimer] c.n.e.registry.AbstractInstanceRegistry  : Running the evict task with compensationTime 9ms
2026-08-31T00:24:23.156+05:30  WARN 36404 --- [eureka-server] [eerNodesUpdater] c.n.eureka.cluster.PeerEurekaNodes       : The replica size seems to be empty. Check the route 53 DNS Registry
2026-08-31T00:24:29.081+05:30  INFO 36404 --- [eureka-server] [a-EvictionTimer] c.n.e.registry.AbstractInstanceRegistry  : Running the evict task with compensationTime 9ms
2026-08-31T00:25:29.094+05:30  INFO 36404 --- [eureka-server] [a-EvictionTimer] c.n.e.registry.AbstractInstanceRegistry  : Running the evict task with compensationTime 13ms
2026-08-31T00:26:29.107+05:30  INFO 36404 --- [eureka-server] [a-EvictionTimer] c.n.e.registry.AbstractInstanceRegistry  : Running the evict task with compensationTime 12ms
2026-08-31T00:27:29.112+05:30  INFO 36404 --- [eureka-server] [a-EvictionTimer] c.n.e.registry.AbstractInstanceRegistry  : Running the evict task with compensationTime 5ms
2026-08-31T00:28:29.124+05:30  INFO 36404 --- [eureka-server] [a-EvictionTimer] c.n.e.registry.AbstractInstanceRegistry  : Running the evict task with compensationTime 11ms
2026-08-31T00:29:29.129+05:30  INFO 36404 --- [eureka-server] [a-EvictionTimer] c.n.e.registry.AbstractInstanceRegistry  : Running the evict task with compensationTime 5ms
2026-08-31T00:30:29.145+05:30  INFO 36404 --- [eureka-server] [a-EvictionTimer] c.n.e.registry.AbstractInstanceRegistry  : Running the evict task with compensationTime 15ms
2026-08-31T00:31:29.148+05:30  INFO 36404 --- [eureka-server] [a-EvictionTimer] c.n.e.registry.AbstractInstanceRegistry  : Running the evict task with compensationTime 4ms
2026-08-31T00:32:29.148+05:30  INFO 36404 --- [eureka-server] [a-EvictionTimer] c.n.e.registry.AbstractInstanceRegistry  : Running the evict task with compensationTime 0ms
2026-08-31T00:33:29.153+05:30  INFO 36404 --- [eureka-server] [a-EvictionTimer] c.n.e.registry.AbstractInstanceRegistry  : Running the evict task with compensationTime 4ms
2026-08-31T00:34:22.010+05:30  INFO 36404 --- [eureka-server] [hresholdUpdater] c.n.e.r.PeerAwareInstanceRegistryImpl    : Current renewal threshold is : 0
2026-08-31T00:34:23.161+05:30  WARN 36404 --- [eureka-server] [eerNodesUpdater] c.n.eureka.cluster.PeerEurekaNodes       : The replica size seems to be empty. Check the route 53 DNS Registry
2026-08-31T00:34:29.167+05:30  INFO 36404 --- [eureka-server] [a-EvictionTimer] c.n.e.registry.AbstractInstanceRegistry  : Running the evict task with compensationTime 14ms
2026-08-31T00:35:29.177+05:30  INFO 36404 --- [eureka-server] [a-EvictionTimer] c.n.e.registry.AbstractInstanceRegistry  : Running the evict task with compensationTime 9ms
2026-08-31T00:36:29.186+05:30  INFO 36404 --- [eureka-server] [a-EvictionTimer] c.n.e.registry.AbstractInstanceRegistry  : Running the evict task with compensationTime 9ms
2026-08-31T00:37:29.200+05:30  INFO 36404 --- [eureka-server] [a-EvictionTimer] c.n.e.registry.AbstractInstanceRegistry  : Running the evict task with compensationTime 13ms
2026-08-31T00:38:29.210+05:30  INFO 36404 --- [eureka-server] [a-EvictionTimer] c.n.e.registry.AbstractInstanceRegistry  : Running the evict task with compensationTime 10ms
2026-08-31T00:39:29.224+05:30  INFO 36404 --- [eureka-server] [a-EvictionTimer] c.n.e.registry.AbstractInstanceRegistry  : Running the evict task with compensationTime 14ms
2026-08-31T00:40:29.231+05:30  INFO 36404 --- [eureka-server] [a-EvictionTimer] c.n.e.registry.AbstractInstanceRegistry  : Running the evict task with compensationTime 7ms
2026-08-31T00:41:29.241+05:30  INFO 36404 --- [eureka-server] [a-EvictionTimer] c.n.e.registry.AbstractInstanceRegistry  : Running the evict task with compensationTime 10ms
2026-08-31T00:42:29.248+05:30  INFO 36404 --- [eureka-server] [a-EvictionTimer] c.n.e.registry.AbstractInstanceRegistry  : Running the evict task with compensationTime 6ms
2026-08-31T00:43:29.258+05:30  INFO 36404 --- [eureka-server] [a-EvictionTimer] c.n.e.registry.AbstractInstanceRegistry  : Running the evict task with compensationTime 9ms
2026-08-31T00:44:23.180+05:30  WARN 36404 --- [eureka-server] [eerNodesUpdater] c.n.eureka.cluster.PeerEurekaNodes       : The replica size seems to be empty. Check the route 53 DNS Registry
2026-08-31T00:44:29.269+05:30  INFO 36404 --- [eureka-server] [a-EvictionTimer] c.n.e.registry.AbstractInstanceRegistry  : Running the evict task with compensationTime 11ms
2026-08-31T00:45:29.278+05:30  INFO 36404 --- [eureka-server] [a-EvictionTimer] c.n.e.registry.AbstractInstanceRegistry  : Running the evict task with compensationTime 8ms
2026-08-31T00:46:29.288+05:30  INFO 36404 --- [eureka-server] [a-EvictionTimer] c.n.e.registry.AbstractInstanceRegistry  : Running the evict task with compensationTime 10ms
2026-08-31T00:47:29.300+05:30  INFO 36404 --- [eureka-server] [a-EvictionTimer] c.n.e.registry.AbstractInstanceRegistry  : Running the evict task with compensationTime 12ms
2026-08-31T00:48:29.305+05:30  INFO 36404 --- [eureka-server] [a-EvictionTimer] c.n.e.registry.AbstractInstanceRegistry  : Running the evict task with compensationTime 4ms
2026-08-31T00:49:22.031+05:30  INFO 36404 --- [eureka-server] [hresholdUpdater] c.n.e.r.PeerAwareInstanceRegistryImpl    : Current renewal threshold is : 0
2026-08-31T00:49:29.314+05:30  INFO 36404 --- [eureka-server] [a-EvictionTimer] c.n.e.registry.AbstractInstanceRegistry  : Running the evict task with compensationTime 9ms
2026-08-31T00:50:29.322+05:30  INFO 36404 --- [eureka-server] [a-EvictionTimer] c.n.e.registry.AbstractInstanceRegistry  : Running the evict task with compensationTime 8ms
2026-08-31T00:51:29.337+05:30  INFO 36404 --- [eureka-server] [a-EvictionTimer] c.n.e.registry.AbstractInstanceRegistry  : Running the evict task with compensationTime 14ms
2026-08-31T00:52:29.349+05:30  INFO 36404 --- [eureka-server] [a-EvictionTimer] c.n.e.registry.AbstractInstanceRegistry  : Running the evict task with compensationTime 12ms
2026-08-31T00:53:29.351+05:30  INFO 36404 --- [eureka-server] [a-EvictionTimer] c.n.e.registry.AbstractInstanceRegistry  : Running the evict task with compensationTime 2ms
2026-08-31T00:54:23.197+05:30  WARN 36404 --- [eureka-server] [eerNodesUpdater] c.n.eureka.cluster.PeerEurekaNodes       : The replica size seems to be empty. Check the route 53 DNS Registry
2026-08-31T00:54:29.364+05:30  INFO 36404 --- [eureka-server] [a-EvictionTimer] c.n.e.registry.AbstractInstanceRegistry  : Running the evict task with compensationTime 12ms
2026-08-31T10:17:30.755+05:30  INFO 36404 --- [eureka-server] [a-EvictionTimer] c.n.e.registry.AbstractInstanceRegistry  : Running the evict task with compensationTime 33724148ms
2026-08-31T10:18:30.763+05:30  INFO 36404 --- [eureka-server] [a-EvictionTimer] c.n.e.registry.AbstractInstanceRegistry  : Running the evict task with compensationTime 9ms
2026-08-31T10:19:30.761+05:30  INFO 36404 --- [eureka-server] [a-EvictionTimer] c.n.e.registry.AbstractInstanceRegistry  : Running the evict task with compensationTime 0ms
2026-08-31T10:20:30.769+05:30  INFO 36404 --- [eureka-server] [a-EvictionTimer] c.n.e.registry.AbstractInstanceRegistry  : Running the evict task with compensationTime 8ms
2026-08-31T10:21:30.769+05:30  INFO 36404 --- [eureka-server] [a-EvictionTimer] c.n.e.registry.AbstractInstanceRegistry  : Running the evict task with compensationTime 0ms
2026-08-31T10:22:30.775+05:30  INFO 36404 --- [eureka-server] [a-EvictionTimer] c.n.e.registry.AbstractInstanceRegistry  : Running the evict task with compensationTime 5ms
2026-08-31T10:23:30.788+05:30  INFO 36404 --- [eureka-server] [a-EvictionTimer] c.n.e.registry.AbstractInstanceRegistry  : Running the evict task with compensationTime 12ms
2026-08-31T10:24:30.791+05:30  INFO 36404 --- [eureka-server] [a-EvictionTimer] c.n.e.registry.AbstractInstanceRegistry  : Running the evict task with compensationTime 2ms
2026-08-31T10:25:30.793+05:30  INFO 36404 --- [eureka-server] [a-EvictionTimer] c.n.e.registry.AbstractInstanceRegistry  : Running the evict task with compensationTime 2ms
2026-08-31T10:26:23.413+05:30  INFO 36404 --- [eureka-server] [hresholdUpdater] c.n.e.r.PeerAwareInstanceRegistryImpl    : Current renewal threshold is : 0
2026-08-31T10:26:24.587+05:30  WARN 36404 --- [eureka-server] [eerNodesUpdater] c.n.eureka.cluster.PeerEurekaNodes       : The replica size seems to be empty. Check the route 53 DNS Registry
2026-08-31T10:26:30.806+05:30  INFO 36404 --- [eureka-server] [a-EvictionTimer] c.n.e.registry.AbstractInstanceRegistry  : Running the evict task with compensationTime 12ms
2026-08-31T10:27:30.815+05:30  INFO 36404 --- [eureka-server] [a-EvictionTimer] c.n.e.registry.AbstractInstanceRegistry  : Running the evict task with compensationTime 8ms
2026-08-31T10:28:30.825+05:30  INFO 36404 --- [eureka-server] [a-EvictionTimer] c.n.e.registry.AbstractInstanceRegistry  : Running the evict task with compensationTime 9ms
2026-08-31T10:29:30.831+05:30  INFO 36404 --- [eureka-server] [a-EvictionTimer] c.n.e.registry.AbstractInstanceRegistry  : Running the evict task with compensationTime 6ms
2026-08-31T10:30:30.845+05:30  INFO 36404 --- [eureka-server] [a-EvictionTimer] c.n.e.registry.AbstractInstanceRegistry  : Running the evict task with compensationTime 13ms
2026-08-31T10:31:30.846+05:30  INFO 36404 --- [eureka-server] [a-EvictionTimer] c.n.e.registry.AbstractInstanceRegistry  : Running the evict task with compensationTime 1ms
2026-08-31T10:32:30.855+05:30  INFO 36404 --- [eureka-server] [a-EvictionTimer] c.n.e.registry.AbstractInstanceRegistry  : Running the evict task with compensationTime 9ms
2026-08-31T10:33:30.863+05:30  INFO 36404 --- [eureka-server] [a-EvictionTimer] c.n.e.registry.AbstractInstanceRegistry  : Running the evict task with compensationTime 6ms
2026-08-31T10:34:30.874+05:30  INFO 36404 --- [eureka-server] [a-EvictionTimer] c.n.e.registry.AbstractInstanceRegistry  : Running the evict task with compensationTime 11ms
2026-08-31T10:35:30.881+05:30  INFO 36404 --- [eureka-server] [a-EvictionTimer] c.n.e.registry.AbstractInstanceRegistry  : Running the evict task with compensationTime 6ms
2026-08-31T10:36:24.592+05:30  WARN 36404 --- [eureka-server] [eerNodesUpdater] c.n.eureka.cluster.PeerEurekaNodes       : The replica size seems to be empty. Check the route 53 DNS Registry
2026-08-31T10:36:30.895+05:30  INFO 36404 --- [eureka-server] [a-EvictionTimer] c.n.e.registry.AbstractInstanceRegistry  : Running the evict task with compensationTime 14ms
2026-08-31T10:37:30.906+05:30  INFO 36404 --- [eureka-server] [a-EvictionTimer] c.n.e.registry.AbstractInstanceRegistry  : Running the evict task with compensationTime 11ms
2026-08-31T10:38:30.915+05:30  INFO 36404 --- [eureka-server] [a-EvictionTimer] c.n.e.registry.AbstractInstanceRegistry  : Running the evict task with compensationTime 9ms
2026-08-31T10:39:30.924+05:30  INFO 36404 --- [eureka-server] [a-EvictionTimer] c.n.e.registry.AbstractInstanceRegistry  : Running the evict task with compensationTime 8ms
2026-08-31T10:40:30.938+05:30  INFO 36404 --- [eureka-server] [a-EvictionTimer] c.n.e.registry.AbstractInstanceRegistry  : Running the evict task with compensationTime 13ms
2026-08-31T10:41:23.412+05:30  INFO 36404 --- [eureka-server] [hresholdUpdater] c.n.e.r.PeerAwareInstanceRegistryImpl    : Current renewal threshold is : 0
2026-08-31T10:41:30.939+05:30  INFO 36404 --- [eureka-server] [a-EvictionTimer] c.n.e.registry.AbstractInstanceRegistry  : Running the evict task with compensationTime 1ms
2026-08-31T10:42:30.952+05:30  INFO 36404 --- [eureka-server] [a-EvictionTimer] c.n.e.registry.AbstractInstanceRegistry  : Running the evict task with compensationTime 13ms
2026-08-31T10:43:30.956+05:30  INFO 36404 --- [eureka-server] [a-EvictionTimer] c.n.e.registry.AbstractInstanceRegistry  : Running the evict task with compensationTime 3ms
2026-08-31T10:44:30.958+05:30  INFO 36404 --- [eureka-server] [a-EvictionTimer] c.n.e.registry.AbstractInstanceRegistry  : Running the evict task with compensationTime 2ms
2026-08-31T10:45:30.964+05:30  INFO 36404 --- [eureka-server] [a-EvictionTimer] c.n.e.registry.AbstractInstanceRegistry  : Running the evict task with compensationTime 5ms
2026-08-31T10:46:24.609+05:30  WARN 36404 --- [eureka-server] [eerNodesUpdater] c.n.eureka.cluster.PeerEurekaNodes       : The replica size seems to be empty. Check the route 53 DNS Registry
2026-08-31T10:46:30.975+05:30  INFO 36404 --- [eureka-server] [a-EvictionTimer] c.n.e.registry.AbstractInstanceRegistry  : Running the evict task with compensationTime 11ms
2026-08-31T10:47:30.989+05:30  INFO 36404 --- [eureka-server] [a-EvictionTimer] c.n.e.registry.AbstractInstanceRegistry  : Running the evict task with compensationTime 14ms
2026-08-31T10:48:31.002+05:30  INFO 36404 --- [eureka-server] [a-EvictionTimer] c.n.e.registry.AbstractInstanceRegistry  : Running the evict task with compensationTime 13ms
2026-08-31T10:49:31.006+05:30  INFO 36404 --- [eureka-server] [a-EvictionTimer] c.n.e.registry.AbstractInstanceRegistry  : Running the evict task with compensationTime 3ms
2026-08-31T10:50:31.017+05:30  INFO 36404 --- [eureka-server] [a-EvictionTimer] c.n.e.registry.AbstractInstanceRegistry  : Running the evict task with compensationTime 10ms
2026-08-31T10:51:31.023+05:30  INFO 36404 --- [eureka-server] [a-EvictionTimer] c.n.e.registry.AbstractInstanceRegistry  : Running the evict task with compensationTime 6ms
2026-08-31T10:52:31.039+05:30  INFO 36404 --- [eureka-server] [a-EvictionTimer] c.n.e.registry.AbstractInstanceRegistry  : Running the evict task with compensationTime 15ms
2026-08-31T10:53:31.051+05:30  INFO 36404 --- [eureka-server] [a-EvictionTimer] c.n.e.registry.AbstractInstanceRegistry  : Running the evict task with compensationTime 12ms
2026-08-31T10:54:31.055+05:30  INFO 36404 --- [eureka-server] [a-EvictionTimer] c.n.e.registry.AbstractInstanceRegistry  : Running the evict task with compensationTime 3ms
2026-08-31T10:55:31.066+05:30  INFO 36404 --- [eureka-server] [a-EvictionTimer] c.n.e.registry.AbstractInstanceRegistry  : Running the evict task with compensationTime 11ms
2026-08-31T10:56:23.414+05:30  INFO 36404 --- [eureka-server] [hresholdUpdater] c.n.e.r.PeerAwareInstanceRegistryImpl    : Current renewal threshold is : 0
2026-08-31T10:56:24.611+05:30  WARN 36404 --- [eureka-server] [eerNodesUpdater] c.n.eureka.cluster.PeerEurekaNodes       : The replica size seems to be empty. Check the route 53 DNS Registry
2026-08-31T10:56:31.078+05:30  INFO 36404 --- [eureka-server] [a-EvictionTimer] c.n.e.registry.AbstractInstanceRegistry  : Running the evict task with compensationTime 11ms
2026-08-31T10:57:31.087+05:30  INFO 36404 --- [eureka-server] [a-EvictionTimer] c.n.e.registry.AbstractInstanceRegistry  : Running the evict task with compensationTime 10ms
2026-08-31T10:58:31.099+05:30  INFO 36404 --- [eureka-server] [a-EvictionTimer] c.n.e.registry.AbstractInstanceRegistry  : Running the evict task with compensationTime 11ms
2026-08-31T10:59:31.107+05:30  INFO 36404 --- [eureka-server] [a-EvictionTimer] c.n.e.registry.AbstractInstanceRegistry  : Running the evict task with compensationTime 7ms
2026-08-31T11:00:31.109+05:30  INFO 36404 --- [eureka-server] [a-EvictionTimer] c.n.e.registry.AbstractInstanceRegistry  : Running the evict task with compensationTime 2ms
2026-08-31T11:01:31.124+05:30  INFO 36404 --- [eureka-server] [a-EvictionTimer] c.n.e.registry.AbstractInstanceRegistry  : Running the evict task with compensationTime 13ms
2026-08-31T11:02:31.136+05:30  INFO 36404 --- [eureka-server] [a-EvictionTimer] c.n.e.registry.AbstractInstanceRegistry  : Running the evict task with compensationTime 12ms
2026-08-31T11:03:31.150+05:30  INFO 36404 --- [eureka-server] [a-EvictionTimer] c.n.e.registry.AbstractInstanceRegistry  : Running the evict task with compensationTime 14ms
2026-08-31T11:04:31.167+05:30  INFO 36404 --- [eureka-server] [a-EvictionTimer] c.n.e.registry.AbstractInstanceRegistry  : Running the evict task with compensationTime 16ms
2026-08-31T11:05:31.185+05:30  INFO 36404 --- [eureka-server] [a-EvictionTimer] c.n.e.registry.AbstractInstanceRegistry  : Running the evict task with compensationTime 17ms
2026-08-31T11:06:24.617+05:30  WARN 36404 --- [eureka-server] [eerNodesUpdater] c.n.eureka.cluster.PeerEurekaNodes       : The replica size seems to be empty. Check the route 53 DNS Registry
2026-08-31T11:06:31.199+05:30  INFO 36404 --- [eureka-server] [a-EvictionTimer] c.n.e.registry.AbstractInstanceRegistry  : Running the evict task with compensationTime 13ms
2026-08-31T11:07:31.207+05:30  INFO 36404 --- [eureka-server] [a-EvictionTimer] c.n.e.registry.AbstractInstanceRegistry  : Running the evict task with compensationTime 8ms
2026-08-31T11:08:31.209+05:30  INFO 36404 --- [eureka-server] [a-EvictionTimer] c.n.e.registry.AbstractInstanceRegistry  : Running the evict task with compensationTime 2ms
2026-08-31T11:09:31.220+05:30  INFO 36404 --- [eureka-server] [a-EvictionTimer] c.n.e.registry.AbstractInstanceRegistry  : Running the evict task with compensationTime 9ms
2026-08-31T11:10:31.224+05:30  INFO 36404 --- [eureka-server] [a-EvictionTimer] c.n.e.registry.AbstractInstanceRegistry  : Running the evict task with compensationTime 4ms
2026-08-31T11:11:23.422+05:30  INFO 36404 --- [eureka-server] [hresholdUpdater] c.n.e.r.PeerAwareInstanceRegistryImpl    : Current renewal threshold is : 0
2026-08-31T11:11:31.255+05:30  INFO 36404 --- [eureka-server] [a-EvictionTimer] c.n.e.registry.AbstractInstanceRegistry  : Running the evict task with compensationTime 31ms
2026-08-31T11:12:31.260+05:30  INFO 36404 --- [eureka-server] [a-EvictionTimer] c.n.e.registry.AbstractInstanceRegistry  : Running the evict task with compensationTime 3ms
2026-08-31T11:13:31.263+05:30  INFO 36404 --- [eureka-server] [a-EvictionTimer] c.n.e.registry.AbstractInstanceRegistry  : Running the evict task with compensationTime 3ms
2026-08-31T11:14:31.265+05:30  INFO 36404 --- [eureka-server] [a-EvictionTimer] c.n.e.registry.AbstractInstanceRegistry  : Running the evict task with compensationTime 2ms
2026-08-31T11:15:31.278+05:30  INFO 36404 --- [eureka-server] [a-EvictionTimer] c.n.e.registry.AbstractInstanceRegistry  : Running the evict task with compensationTime 12ms
2026-08-31T11:16:24.623+05:30  WARN 36404 --- [eureka-server] [eerNodesUpdater] c.n.eureka.cluster.PeerEurekaNodes       : The replica size seems to be empty. Check the route 53 DNS Registry
2026-08-31T11:16:31.296+05:30  INFO 36404 --- [eureka-server] [a-EvictionTimer] c.n.e.registry.AbstractInstanceRegistry  : Running the evict task with compensationTime 17ms
2026-08-31T11:17:31.307+05:30  INFO 36404 --- [eureka-server] [a-EvictionTimer] c.n.e.registry.AbstractInstanceRegistry  : Running the evict task with compensationTime 11ms
2026-08-31T11:18:31.312+05:30  INFO 36404 --- [eureka-server] [a-EvictionTimer] c.n.e.registry.AbstractInstanceRegistry  : Running the evict task with compensationTime 4ms
2026-08-31T11:19:31.317+05:30  INFO 36404 --- [eureka-server] [a-EvictionTimer] c.n.e.registry.AbstractInstanceRegistry  : Running the evict task with compensationTime 5ms
2026-08-31T11:20:31.328+05:30  INFO 36404 --- [eureka-server] [a-EvictionTimer] c.n.e.registry.AbstractInstanceRegistry  : Running the evict task with compensationTime 10ms
2026-08-31T11:21:31.337+05:30  INFO 36404 --- [eureka-server] [a-EvictionTimer] c.n.e.registry.AbstractInstanceRegistry  : Running the evict task with compensationTime 9ms
2026-08-31T11:22:31.343+05:30  INFO 36404 --- [eureka-server] [a-EvictionTimer] c.n.e.registry.AbstractInstanceRegistry  : Running the evict task with compensationTime 6ms
2026-08-31T11:23:31.352+05:30  INFO 36404 --- [eureka-server] [a-EvictionTimer] c.n.e.registry.AbstractInstanceRegistry  : Running the evict task with compensationTime 8ms
2026-08-31T11:24:31.353+05:30  INFO 36404 --- [eureka-server] [a-EvictionTimer] c.n.e.registry.AbstractInstanceRegistry  : Running the evict task with compensationTime 1ms
2026-08-31T11:25:31.360+05:30  INFO 36404 --- [eureka-server] [a-EvictionTimer] c.n.e.registry.AbstractInstanceRegistry  : Running the evict task with compensationTime 7ms
2026-08-31T11:26:23.448+05:30  INFO 36404 --- [eureka-server] [hresholdUpdater] c.n.e.r.PeerAwareInstanceRegistryImpl    : Current renewal threshold is : 0
2026-08-31T11:26:24.638+05:30  WARN 36404 --- [eureka-server] [eerNodesUpdater] c.n.eureka.cluster.PeerEurekaNodes       : The replica size seems to be empty. Check the route 53 DNS Registry
2026-08-31T11:26:31.364+05:30  INFO 36404 --- [eureka-server] [a-EvictionTimer] c.n.e.registry.AbstractInstanceRegistry  : Running the evict task with compensationTime 4ms
2026-08-31T11:27:31.376+05:30  INFO 36404 --- [eureka-server] [a-EvictionTimer] c.n.e.registry.AbstractInstanceRegistry  : Running the evict task with compensationTime 11ms
2026-08-31T11:28:31.386+05:30  INFO 36404 --- [eureka-server] [a-EvictionTimer] c.n.e.registry.AbstractInstanceRegistry  : Running the evict task with compensationTime 10ms
2026-08-31T11:29:31.389+05:30  INFO 36404 --- [eureka-server] [a-EvictionTimer] c.n.e.registry.AbstractInstanceRegistry  : Running the evict task with compensationTime 3ms
2026-08-31T11:30:31.393+05:30  INFO 36404 --- [eureka-server] [a-EvictionTimer] c.n.e.registry.AbstractInstanceRegistry  : Running the evict task with compensationTime 3ms
2026-08-31T11:31:31.401+05:30  INFO 36404 --- [eureka-server] [a-EvictionTimer] c.n.e.registry.AbstractInstanceRegistry  : Running the evict task with compensationTime 8ms
2026-08-31T11:32:31.416+05:30  INFO 36404 --- [eureka-server] [a-EvictionTimer] c.n.e.registry.AbstractInstanceRegistry  : Running the evict task with compensationTime 13ms
2026-08-31T11:33:31.426+05:30  INFO 36404 --- [eureka-server] [a-EvictionTimer] c.n.e.registry.AbstractInstanceRegistry  : Running the evict task with compensationTime 9ms
2026-08-31T11:34:31.428+05:30  INFO 36404 --- [eureka-server] [a-EvictionTimer] c.n.e.registry.AbstractInstanceRegistry  : Running the evict task with compensationTime 3ms
2026-08-31T11:35:31.431+05:30  INFO 36404 --- [eureka-server] [a-EvictionTimer] c.n.e.registry.AbstractInstanceRegistry  : Running the evict task with compensationTime 1ms
2026-08-31T11:36:24.650+05:30  WARN 36404 --- [eureka-server] [eerNodesUpdater] c.n.eureka.cluster.PeerEurekaNodes       : The replica size seems to be empty. Check the route 53 DNS Registry
2026-08-31T11:36:31.440+05:30  INFO 36404 --- [eureka-server] [a-EvictionTimer] c.n.e.registry.AbstractInstanceRegistry  : Running the evict task with compensationTime 9ms
2026-08-31T11:37:31.448+05:30  INFO 36404 --- [eureka-server] [a-EvictionTimer] c.n.e.registry.AbstractInstanceRegistry  : Running the evict task with compensationTime 7ms
2026-08-31T11:38:31.454+05:30  INFO 36404 --- [eureka-server] [a-EvictionTimer] c.n.e.registry.AbstractInstanceRegistry  : Running the evict task with compensationTime 5ms
2026-08-31T11:39:31.465+05:30  INFO 36404 --- [eureka-server] [a-EvictionTimer] c.n.e.registry.AbstractInstanceRegistry  : Running the evict task with compensationTime 10ms
2026-08-31T11:40:31.482+05:30  INFO 36404 --- [eureka-server] [a-EvictionTimer] c.n.e.registry.AbstractInstanceRegistry  : Running the evict task with compensationTime 16ms
2026-08-31T11:41:23.450+05:30  INFO 36404 --- [eureka-server] [hresholdUpdater] c.n.e.r.PeerAwareInstanceRegistryImpl    : Current renewal threshold is : 0
2026-08-31T11:41:31.493+05:30  INFO 36404 --- [eureka-server] [a-EvictionTimer] c.n.e.registry.AbstractInstanceRegistry  : Running the evict task with compensationTime 10ms
2026-08-31T11:42:31.503+05:30  INFO 36404 --- [eureka-server] [a-EvictionTimer] c.n.e.registry.AbstractInstanceRegistry  : Running the evict task with compensationTime 9ms
2026-08-31T11:43:31.503+05:30  INFO 36404 --- [eureka-server] [a-EvictionTimer] c.n.e.registry.AbstractInstanceRegistry  : Running the evict task with compensationTime 0ms
2026-08-31T11:44:31.510+05:30  INFO 36404 --- [eureka-server] [a-EvictionTimer] c.n.e.registry.AbstractInstanceRegistry  : Running the evict task with compensationTime 7ms
2026-08-31T11:45:31.512+05:30  INFO 36404 --- [eureka-server] [a-EvictionTimer] c.n.e.registry.AbstractInstanceRegistry  : Running the evict task with compensationTime 2ms
2026-08-31T11:46:24.653+05:30  WARN 36404 --- [eureka-server] [eerNodesUpdater] c.n.eureka.cluster.PeerEurekaNodes       : The replica size seems to be empty. Check the route 53 DNS Registry
2026-08-31T11:46:31.515+05:30  INFO 36404 --- [eureka-server] [a-EvictionTimer] c.n.e.registry.AbstractInstanceRegistry  : Running the evict task with compensationTime 3ms
2026-08-31T11:47:31.541+05:30  INFO 36404 --- [eureka-server] [a-EvictionTimer] c.n.e.registry.AbstractInstanceRegistry  : Running the evict task with compensationTime 14ms
2026-08-31T11:48:31.543+05:30  INFO 36404 --- [eureka-server] [a-EvictionTimer] c.n.e.registry.AbstractInstanceRegistry  : Running the evict task with compensationTime 12ms
2026-08-31T11:49:31.554+05:30  INFO 36404 --- [eureka-server] [a-EvictionTimer] c.n.e.registry.AbstractInstanceRegistry  : Running the evict task with compensationTime 12ms
2026-08-31T11:50:31.564+05:30  INFO 36404 --- [eureka-server] [a-EvictionTimer] c.n.e.registry.AbstractInstanceRegistry  : Running the evict task with compensationTime 9ms
2026-08-31T11:51:31.571+05:30  INFO 36404 --- [eureka-server] [a-EvictionTimer] c.n.e.registry.AbstractInstanceRegistry  : Running the evict task with compensationTime 7ms
2026-08-31T11:52:31.572+05:30  INFO 36404 --- [eureka-server] [a-EvictionTimer] c.n.e.registry.AbstractInstanceRegistry  : Running the evict task with compensationTime 0ms
2026-08-31T11:53:31.581+05:30  INFO 36404 --- [eureka-server] [a-EvictionTimer] c.n.e.registry.AbstractInstanceRegistry  : Running the evict task with compensationTime 9ms
2026-08-31T11:54:31.589+05:30  INFO 36404 --- [eureka-server] [a-EvictionTimer] c.n.e.registry.AbstractInstanceRegistry  : Running the evict task with compensationTime 7ms
2026-08-31T11:55:31.599+05:30  INFO 36404 --- [eureka-server] [a-EvictionTimer] c.n.e.registry.AbstractInstanceRegistry  : Running the evict task with compensationTime 10ms
2026-08-31T11:56:23.483+05:30  INFO 36404 --- [eureka-server] [hresholdUpdater] c.n.e.r.PeerAwareInstanceRegistryImpl    : Current renewal threshold is : 0
2026-08-31T11:56:24.674+05:30  WARN 36404 --- [eureka-server] [eerNodesUpdater] c.n.eureka.cluster.PeerEurekaNodes       : The replica size seems to be empty. Check the route 53 DNS Registry
2026-08-31T11:56:31.606+05:30  INFO 36404 --- [eureka-server] [a-EvictionTimer] c.n.e.registry.AbstractInstanceRegistry  : Running the evict task with compensationTime 6ms
2026-08-31T11:57:31.613+05:30  INFO 36404 --- [eureka-server] [a-EvictionTimer] c.n.e.registry.AbstractInstanceRegistry  : Running the evict task with compensationTime 6ms
2026-08-31T11:58:31.619+05:30  INFO 36404 --- [eureka-server] [a-EvictionTimer] c.n.e.registry.AbstractInstanceRegistry  : Running the evict task with compensationTime 7ms
2026-08-31T11:59:31.626+05:30  INFO 36404 --- [eureka-server] [a-EvictionTimer] c.n.e.registry.AbstractInstanceRegistry  : Running the evict task with compensationTime 6ms
2026-08-31T12:00:31.634+05:30  INFO 36404 --- [eureka-server] [a-EvictionTimer] c.n.e.registry.AbstractInstanceRegistry  : Running the evict task with compensationTime 8ms
2026-08-31T12:01:31.638+05:30  INFO 36404 --- [eureka-server] [a-EvictionTimer] c.n.e.registry.AbstractInstanceRegistry  : Running the evict task with compensationTime 4ms
2026-08-31T12:02:31.643+05:30  INFO 36404 --- [eureka-server] [a-EvictionTimer] c.n.e.registry.AbstractInstanceRegistry  : Running the evict task with compensationTime 4ms
2026-08-31T12:03:31.649+05:30  INFO 36404 --- [eureka-server] [a-EvictionTimer] c.n.e.registry.AbstractInstanceRegistry  : Running the evict task with compensationTime 6ms
2026-08-31T12:04:31.662+05:30  INFO 36404 --- [eureka-server] [a-EvictionTimer] c.n.e.registry.AbstractInstanceRegistry  : Running the evict task with compensationTime 12ms
2026-08-31T12:05:31.681+05:30  INFO 36404 --- [eureka-server] [a-EvictionTimer] c.n.e.registry.AbstractInstanceRegistry  : Running the evict task with compensationTime 18ms
2026-08-31T12:06:24.689+05:30  WARN 36404 --- [eureka-server] [eerNodesUpdater] c.n.eureka.cluster.PeerEurekaNodes       : The replica size seems to be empty. Check the route 53 DNS Registry
2026-08-31T12:06:31.692+05:30  INFO 36404 --- [eureka-server] [a-EvictionTimer] c.n.e.registry.AbstractInstanceRegistry  : Running the evict task with compensationTime 11ms
2026-08-31T12:07:31.707+05:30  INFO 36404 --- [eureka-server] [a-EvictionTimer] c.n.e.registry.AbstractInstanceRegistry  : Running the evict task with compensationTime 14ms
2026-08-31T12:08:31.707+05:30  INFO 36404 --- [eureka-server] [a-EvictionTimer] c.n.e.registry.AbstractInstanceRegistry  : Running the evict task with compensationTime 0ms
2026-08-31T12:09:31.723+05:30  INFO 36404 --- [eureka-server] [a-EvictionTimer] c.n.e.registry.AbstractInstanceRegistry  : Running the evict task with compensationTime 15ms
2026-08-31T12:10:31.735+05:30  INFO 36404 --- [eureka-server] [a-EvictionTimer] c.n.e.registry.AbstractInstanceRegistry  : Running the evict task with compensationTime 12ms
2026-08-31T12:11:23.475+05:30  INFO 36404 --- [eureka-server] [hresholdUpdater] c.n.e.r.PeerAwareInstanceRegistryImpl    : Current renewal threshold is : 0
2026-08-31T12:11:31.751+05:30  INFO 36404 --- [eureka-server] [a-EvictionTimer] c.n.e.registry.AbstractInstanceRegistry  : Running the evict task with compensationTime 14ms
2026-08-31T12:12:31.764+05:30  INFO 36404 --- [eureka-server] [a-EvictionTimer] c.n.e.registry.AbstractInstanceRegistry  : Running the evict task with compensationTime 13ms
2026-08-31T12:13:31.777+05:30  INFO 36404 --- [eureka-server] [a-EvictionTimer] c.n.e.registry.AbstractInstanceRegistry  : Running the evict task with compensationTime 13ms
2026-08-31T12:14:31.790+05:30  INFO 36404 --- [eureka-server] [a-EvictionTimer] c.n.e.registry.AbstractInstanceRegistry  : Running the evict task with compensationTime 12ms
2026-08-31T12:15:31.802+05:30  INFO 36404 --- [eureka-server] [a-EvictionTimer] c.n.e.registry.AbstractInstanceRegistry  : Running the evict task with compensationTime 11ms
2026-08-31T22:21:42.806+05:30  WARN 36404 --- [eureka-server] [eerNodesUpdater] c.n.eureka.cluster.PeerEurekaNodes       : The replica size seems to be empty. Check the route 53 DNS Registry
2026-08-31T22:21:49.914+05:30  INFO 36404 --- [eureka-server] [a-EvictionTimer] c.n.e.registry.AbstractInstanceRegistry  : Running the evict task with compensationTime 36320904ms
2026-08-31T22:22:49.916+05:30  INFO 36404 --- [eureka-server] [a-EvictionTimer] c.n.e.registry.AbstractInstanceRegistry  : Running the evict task with compensationTime 2ms
2026-08-31T22:23:49.923+05:30  INFO 36404 --- [eureka-server] [a-EvictionTimer] c.n.e.registry.AbstractInstanceRegistry  : Running the evict task with compensationTime 7ms
2026-08-31T22:24:49.934+05:30  INFO 36404 --- [eureka-server] [a-EvictionTimer] c.n.e.registry.AbstractInstanceRegistry  : Running the evict task with compensationTime 10ms
2026-08-31T22:25:49.942+05:30  INFO 36404 --- [eureka-server] [a-EvictionTimer] c.n.e.registry.AbstractInstanceRegistry  : Running the evict task with compensationTime 8ms
2026-08-31T22:26:49.949+05:30  INFO 36404 --- [eureka-server] [a-EvictionTimer] c.n.e.registry.AbstractInstanceRegistry  : Running the evict task with compensationTime 5ms
2026-08-31T22:27:49.958+05:30  INFO 36404 --- [eureka-server] [a-EvictionTimer] c.n.e.registry.AbstractInstanceRegistry  : Running the evict task with compensationTime 9ms
2026-08-31T22:28:49.974+05:30  INFO 36404 --- [eureka-server] [a-EvictionTimer] c.n.e.registry.AbstractInstanceRegistry  : Running the evict task with compensationTime 16ms
2026-08-31T22:29:49.987+05:30  INFO 36404 --- [eureka-server] [a-EvictionTimer] c.n.e.registry.AbstractInstanceRegistry  : Running the evict task with compensationTime 12ms
2026-08-31T22:30:49.997+05:30  INFO 36404 --- [eureka-server] [a-EvictionTimer] c.n.e.registry.AbstractInstanceRegistry  : Running the evict task with compensationTime 10ms
2026-08-31T22:31:41.695+05:30  INFO 36404 --- [eureka-server] [hresholdUpdater] c.n.e.r.PeerAwareInstanceRegistryImpl    : Current renewal threshold is : 0
2026-08-31T22:31:42.818+05:30  WARN 36404 --- [eureka-server] [eerNodesUpdater] c.n.eureka.cluster.PeerEurekaNodes       : The replica size seems to be empty. Check the route 53 DNS Registry
2026-08-31T22:38:18.363+05:30  INFO 36404 --- [eureka-server] [a-EvictionTimer] c.n.e.registry.AbstractInstanceRegistry  : Running the evict task with compensationTime 388501ms
2026-08-31T22:39:18.372+05:30  INFO 36404 --- [eureka-server] [a-EvictionTimer] c.n.e.registry.AbstractInstanceRegistry  : Running the evict task with compensationTime 9ms
2026-08-31T22:40:18.374+05:30  INFO 36404 --- [eureka-server] [a-EvictionTimer] c.n.e.registry.AbstractInstanceRegistry  : Running the evict task with compensationTime 1ms
2026-08-31T22:41:18.378+05:30  INFO 36404 --- [eureka-server] [a-EvictionTimer] c.n.e.registry.AbstractInstanceRegistry  : Running the evict task with compensationTime 3ms
2026-08-31T22:42:18.389+05:30  INFO 36404 --- [eureka-server] [a-EvictionTimer] c.n.e.registry.AbstractInstanceRegistry  : Running the evict task with compensationTime 11ms
2026-08-31T22:43:18.390+05:30  INFO 36404 --- [eureka-server] [a-EvictionTimer] c.n.e.registry.AbstractInstanceRegistry  : Running the evict task with compensationTime 0ms
2026-08-31T22:44:18.394+05:30  INFO 36404 --- [eureka-server] [a-EvictionTimer] c.n.e.registry.AbstractInstanceRegistry  : Running the evict task with compensationTime 4ms
2026-08-31T22:45:18.412+05:30  INFO 36404 --- [eureka-server] [a-EvictionTimer] c.n.e.registry.AbstractInstanceRegistry  : Running the evict task with compensationTime 17ms
2026-08-31T22:46:18.428+05:30  INFO 36404 --- [eureka-server] [a-EvictionTimer] c.n.e.registry.AbstractInstanceRegistry  : Running the evict task with compensationTime 16ms
2026-08-31T22:47:18.437+05:30  INFO 36404 --- [eureka-server] [a-EvictionTimer] c.n.e.registry.AbstractInstanceRegistry  : Running the evict task with compensationTime 8ms
2026-08-31T22:48:11.000+05:30  WARN 36404 --- [eureka-server] [eerNodesUpdater] c.n.eureka.cluster.PeerEurekaNodes       : The replica size seems to be empty. Check the route 53 DNS Registry
2026-08-31T22:48:18.447+05:30  INFO 36404 --- [eureka-server] [a-EvictionTimer] c.n.e.registry.AbstractInstanceRegistry  : Running the evict task with compensationTime 10ms
2026-08-31T22:49:18.456+05:30  INFO 36404 --- [eureka-server] [a-EvictionTimer] c.n.e.registry.AbstractInstanceRegistry  : Running the evict task with compensationTime 9ms
2026-08-31T22:50:18.468+05:30  INFO 36404 --- [eureka-server] [a-EvictionTimer] c.n.e.registry.AbstractInstanceRegistry  : Running the evict task with compensationTime 10ms
2026-08-31T22:51:18.470+05:30  INFO 36404 --- [eureka-server] [a-EvictionTimer] c.n.e.registry.AbstractInstanceRegistry  : Running the evict task with compensationTime 3ms
2026-08-31T22:52:18.485+05:30  INFO 36404 --- [eureka-server] [a-EvictionTimer] c.n.e.registry.AbstractInstanceRegistry  : Running the evict task with compensationTime 14ms
2026-08-31T22:53:09.796+05:30  INFO 36404 --- [eureka-server] [hresholdUpdater] c.n.e.r.PeerAwareInstanceRegistryImpl    : Current renewal threshold is : 0
2026-08-31T22:53:18.500+05:30  INFO 36404 --- [eureka-server] [a-EvictionTimer] c.n.e.registry.AbstractInstanceRegistry  : Running the evict task with compensationTime 15ms
2026-08-31T22:54:18.508+05:30  INFO 36404 --- [eureka-server] [a-EvictionTimer] c.n.e.registry.AbstractInstanceRegistry  : Running the evict task with compensationTime 7ms
2026-08-31T22:55:18.521+05:30  INFO 36404 --- [eureka-server] [a-EvictionTimer] c.n.e.registry.AbstractInstanceRegistry  : Running the evict task with compensationTime 13ms
2026-08-31T22:56:18.528+05:30  INFO 36404 --- [eureka-server] [a-EvictionTimer] c.n.e.registry.AbstractInstanceRegistry  : Running the evict task with compensationTime 8ms
2026-08-31T22:57:18.542+05:30  INFO 36404 --- [eureka-server] [a-EvictionTimer] c.n.e.registry.AbstractInstanceRegistry  : Running the evict task with compensationTime 13ms
2026-08-31T22:58:11.035+05:30  WARN 36404 --- [eureka-server] [eerNodesUpdater] c.n.eureka.cluster.PeerEurekaNodes       : The replica size seems to be empty. Check the route 53 DNS Registry
2026-08-31T22:58:18.546+05:30  INFO 36404 --- [eureka-server] [a-EvictionTimer] c.n.e.registry.AbstractInstanceRegistry  : Running the evict task with compensationTime 3ms
2026-08-31T22:59:18.558+05:30  INFO 36404 --- [eureka-server] [a-EvictionTimer] c.n.e.registry.AbstractInstanceRegistry  : Running the evict task with compensationTime 11ms
2026-08-31T23:00:18.574+05:30  INFO 36404 --- [eureka-server] [a-EvictionTimer] c.n.e.registry.AbstractInstanceRegistry  : Running the evict task with compensationTime 16ms
2026-08-31T23:01:18.581+05:30  INFO 36404 --- [eureka-server] [a-EvictionTimer] c.n.e.registry.AbstractInstanceRegistry  : Running the evict task with compensationTime 6ms
2026-08-31T23:02:18.584+05:30  INFO 36404 --- [eureka-server] [a-EvictionTimer] c.n.e.registry.AbstractInstanceRegistry  : Running the evict task with compensationTime 2ms
2026-08-31T23:03:18.595+05:30  INFO 36404 --- [eureka-server] [a-EvictionTimer] c.n.e.registry.AbstractInstanceRegistry  : Running the evict task with compensationTime 10ms
2026-08-31T23:04:18.607+05:30  INFO 36404 --- [eureka-server] [a-EvictionTimer] c.n.e.registry.AbstractInstanceRegistry  : Running the evict task with compensationTime 12ms
2026-08-31T23:05:18.615+05:30  INFO 36404 --- [eureka-server] [a-EvictionTimer] c.n.e.registry.AbstractInstanceRegistry  : Running the evict task with compensationTime 7ms
2026-08-31T23:06:18.620+05:30  INFO 36404 --- [eureka-server] [a-EvictionTimer] c.n.e.registry.AbstractInstanceRegistry  : Running the evict task with compensationTime 5ms
2026-08-31T23:07:18.629+05:30  INFO 36404 --- [eureka-server] [a-EvictionTimer] c.n.e.registry.AbstractInstanceRegistry  : Running the evict task with compensationTime 9ms
2026-08-31T23:08:09.827+05:30  INFO 36404 --- [eureka-server] [hresholdUpdater] c.n.e.r.PeerAwareInstanceRegistryImpl    : Current renewal threshold is : 0
2026-08-31T23:08:11.082+05:30  WARN 36404 --- [eureka-server] [eerNodesUpdater] c.n.eureka.cluster.PeerEurekaNodes       : The replica size seems to be empty. Check the route 53 DNS Registry
2026-08-31T23:08:18.634+05:30  INFO 36404 --- [eureka-server] [a-EvictionTimer] c.n.e.registry.AbstractInstanceRegistry  : Running the evict task with compensationTime 4ms
2026-08-31T23:09:18.648+05:30  INFO 36404 --- [eureka-server] [a-EvictionTimer] c.n.e.registry.AbstractInstanceRegistry  : Running the evict task with compensationTime 13ms
2026-08-31T23:10:18.656+05:30  INFO 36404 --- [eureka-server] [a-EvictionTimer] c.n.e.registry.AbstractInstanceRegistry  : Running the evict task with compensationTime 8ms
2026-08-31T23:11:18.669+05:30  INFO 36404 --- [eureka-server] [a-EvictionTimer] c.n.e.registry.AbstractInstanceRegistry  : Running the evict task with compensationTime 13ms
2026-08-31T23:12:18.682+05:30  INFO 36404 --- [eureka-server] [a-EvictionTimer] c.n.e.registry.AbstractInstanceRegistry  : Running the evict task with compensationTime 11ms
2026-08-31T23:13:18.692+05:30  INFO 36404 --- [eureka-server] [a-EvictionTimer] c.n.e.registry.AbstractInstanceRegistry  : Running the evict task with compensationTime 11ms
2026-08-31T23:14:18.698+05:30  INFO 36404 --- [eureka-server] [a-EvictionTimer] c.n.e.registry.AbstractInstanceRegistry  : Running the evict task with compensationTime 4ms
2026-08-31T23:15:18.712+05:30  INFO 36404 --- [eureka-server] [a-EvictionTimer] c.n.e.registry.AbstractInstanceRegistry  : Running the evict task with compensationTime 13ms
2026-08-31T23:16:18.718+05:30  INFO 36404 --- [eureka-server] [a-EvictionTimer] c.n.e.registry.AbstractInstanceRegistry  : Running the evict task with compensationTime 6ms
2026-08-31T23:17:18.721+05:30  INFO 36404 --- [eureka-server] [a-EvictionTimer] c.n.e.registry.AbstractInstanceRegistry  : Running the evict task with compensationTime 3ms
2026-08-31T23:18:11.110+05:30  WARN 36404 --- [eureka-server] [eerNodesUpdater] c.n.eureka.cluster.PeerEurekaNodes       : The replica size seems to be empty. Check the route 53 DNS Registry
2026-08-31T23:18:18.731+05:30  INFO 36404 --- [eureka-server] [a-EvictionTimer] c.n.e.registry.AbstractInstanceRegistry  : Running the evict task with compensationTime 9ms
2026-08-31T23:19:18.738+05:30  INFO 36404 --- [eureka-server] [a-EvictionTimer] c.n.e.registry.AbstractInstanceRegistry  : Running the evict task with compensationTime 6ms
2026-08-31T23:20:18.739+05:30  INFO 36404 --- [eureka-server] [a-EvictionTimer] c.n.e.registry.AbstractInstanceRegistry  : Running the evict task with compensationTime 1ms
2026-08-31T23:21:18.749+05:30  INFO 36404 --- [eureka-server] [a-EvictionTimer] c.n.e.registry.AbstractInstanceRegistry  : Running the evict task with compensationTime 10ms
2026-08-31T23:22:18.761+05:30  INFO 36404 --- [eureka-server] [a-EvictionTimer] c.n.e.registry.AbstractInstanceRegistry  : Running the evict task with compensationTime 11ms
2026-08-31T23:23:09.838+05:30  INFO 36404 --- [eureka-server] [hresholdUpdater] c.n.e.r.PeerAwareInstanceRegistryImpl    : Current renewal threshold is : 0
2026-08-31T23:23:18.764+05:30  INFO 36404 --- [eureka-server] [a-EvictionTimer] c.n.e.registry.AbstractInstanceRegistry  : Running the evict task with compensationTime 3ms
2026-08-31T23:24:18.774+05:30  INFO 36404 --- [eureka-server] [a-EvictionTimer] c.n.e.registry.AbstractInstanceRegistry  : Running the evict task with compensationTime 10ms
2026-08-31T23:25:18.776+05:30  INFO 36404 --- [eureka-server] [a-EvictionTimer] c.n.e.registry.AbstractInstanceRegistry  : Running the evict task with compensationTime 1ms
2026-08-31T23:26:18.789+05:30  INFO 36404 --- [eureka-server] [a-EvictionTimer] c.n.e.registry.AbstractInstanceRegistry  : Running the evict task with compensationTime 12ms
2026-08-31T23:27:18.792+05:30  INFO 36404 --- [eureka-server] [a-EvictionTimer] c.n.e.registry.AbstractInstanceRegistry  : Running the evict task with compensationTime 3ms
2026-08-31T23:28:11.168+05:30  WARN 36404 --- [eureka-server] [eerNodesUpdater] c.n.eureka.cluster.PeerEurekaNodes       : The replica size seems to be empty. Check the route 53 DNS Registry
2026-08-31T23:28:18.792+05:30  INFO 36404 --- [eureka-server] [a-EvictionTimer] c.n.e.registry.AbstractInstanceRegistry  : Running the evict task with compensationTime 0ms
2026-08-31T23:29:18.805+05:30  INFO 36404 --- [eureka-server] [a-EvictionTimer] c.n.e.registry.AbstractInstanceRegistry  : Running the evict task with compensationTime 12ms
2026-08-31T23:30:18.809+05:30  INFO 36404 --- [eureka-server] [a-EvictionTimer] c.n.e.registry.AbstractInstanceRegistry  : Running the evict task with compensationTime 3ms
2026-08-31T23:31:18.824+05:30  INFO 36404 --- [eureka-server] [a-EvictionTimer] c.n.e.registry.AbstractInstanceRegistry  : Running the evict task with compensationTime 15ms
2026-08-31T23:32:18.834+05:30  INFO 36404 --- [eureka-server] [a-EvictionTimer] c.n.e.registry.AbstractInstanceRegistry  : Running the evict task with compensationTime 9ms
2026-08-31T23:33:18.847+05:30  INFO 36404 --- [eureka-server] [a-EvictionTimer] c.n.e.registry.AbstractInstanceRegistry  : Running the evict task with compensationTime 13ms
2026-08-31T23:34:18.859+05:30  INFO 36404 --- [eureka-server] [a-EvictionTimer] c.n.e.registry.AbstractInstanceRegistry  : Running the evict task with compensationTime 11ms
2026-08-31T23:35:18.861+05:30  INFO 36404 --- [eureka-server] [a-EvictionTimer] c.n.e.registry.AbstractInstanceRegistry  : Running the evict task with compensationTime 2ms
2026-08-31T23:36:18.865+05:30  INFO 36404 --- [eureka-server] [a-EvictionTimer] c.n.e.registry.AbstractInstanceRegistry  : Running the evict task with compensationTime 3ms
2026-08-31T23:37:18.872+05:30  INFO 36404 --- [eureka-server] [a-EvictionTimer] c.n.e.registry.AbstractInstanceRegistry  : Running the evict task with compensationTime 7ms
2026-08-31T23:38:09.837+05:30  INFO 36404 --- [eureka-server] [hresholdUpdater] c.n.e.r.PeerAwareInstanceRegistryImpl    : Current renewal threshold is : 0
2026-08-31T23:38:11.191+05:30  WARN 36404 --- [eureka-server] [eerNodesUpdater] c.n.eureka.cluster.PeerEurekaNodes       : The replica size seems to be empty. Check the route 53 DNS Registry
2026-08-31T23:38:18.874+05:30  INFO 36404 --- [eureka-server] [a-EvictionTimer] c.n.e.registry.AbstractInstanceRegistry  : Running the evict task with compensationTime 2ms
2026-08-31T23:39:18.886+05:30  INFO 36404 --- [eureka-server] [a-EvictionTimer] c.n.e.registry.AbstractInstanceRegistry  : Running the evict task with compensationTime 11ms
2026-08-31T23:40:18.889+05:30  INFO 36404 --- [eureka-server] [a-EvictionTimer] c.n.e.registry.AbstractInstanceRegistry  : Running the evict task with compensationTime 3ms
2026-08-31T23:41:18.899+05:30  INFO 36404 --- [eureka-server] [a-EvictionTimer] c.n.e.registry.AbstractInstanceRegistry  : Running the evict task with compensationTime 8ms
2026-08-31T23:42:18.901+05:30  INFO 36404 --- [eureka-server] [a-EvictionTimer] c.n.e.registry.AbstractInstanceRegistry  : Running the evict task with compensationTime 2ms
2026-08-31T23:43:18.912+05:30  INFO 36404 --- [eureka-server] [a-EvictionTimer] c.n.e.registry.AbstractInstanceRegistry  : Running the evict task with compensationTime 11ms
2026-08-31T23:44:18.919+05:30  INFO 36404 --- [eureka-server] [a-EvictionTimer] c.n.e.registry.AbstractInstanceRegistry  : Running the evict task with compensationTime 6ms
2026-08-31T23:45:18.932+05:30  INFO 36404 --- [eureka-server] [a-EvictionTimer] c.n.e.registry.AbstractInstanceRegistry  : Running the evict task with compensationTime 13ms
2026-08-31T23:46:18.935+05:30  INFO 36404 --- [eureka-server] [a-EvictionTimer] c.n.e.registry.AbstractInstanceRegistry  : Running the evict task with compensationTime 2ms
2026-08-31T23:47:18.941+05:30  INFO 36404 --- [eureka-server] [a-EvictionTimer] c.n.e.registry.AbstractInstanceRegistry  : Running the evict task with compensationTime 6ms
2026-08-31T23:48:11.209+05:30  WARN 36404 --- [eureka-server] [eerNodesUpdater] c.n.eureka.cluster.PeerEurekaNodes       : The replica size seems to be empty. Check the route 53 DNS Registry
2026-08-31T23:48:18.949+05:30  INFO 36404 --- [eureka-server] [a-EvictionTimer] c.n.e.registry.AbstractInstanceRegistry  : Running the evict task with compensationTime 7ms
2026-08-31T23:49:18.963+05:30  INFO 36404 --- [eureka-server] [a-EvictionTimer] c.n.e.registry.AbstractInstanceRegistry  : Running the evict task with compensationTime 13ms
2026-08-31T23:50:18.968+05:30  INFO 36404 --- [eureka-server] [a-EvictionTimer] c.n.e.registry.AbstractInstanceRegistry  : Running the evict task with compensationTime 5ms
2026-08-31T23:56:18.499+05:30  INFO 36404 --- [eureka-server] [a-EvictionTimer] c.n.e.registry.AbstractInstanceRegistry  : Running the evict task with compensationTime 299667ms
2026-08-31T23:57:18.499+05:30  INFO 36404 --- [eureka-server] [a-EvictionTimer] c.n.e.registry.AbstractInstanceRegistry  : Running the evict task with compensationTime 0ms
2026-08-31T23:58:09.402+05:30  INFO 36404 --- [eureka-server] [hresholdUpdater] c.n.e.r.PeerAwareInstanceRegistryImpl    : Current renewal threshold is : 0
2026-08-31T23:58:18.503+05:30  INFO 36404 --- [eureka-server] [a-EvictionTimer] c.n.e.registry.AbstractInstanceRegistry  : Running the evict task with compensationTime 3ms
2026-08-31T23:59:18.512+05:30  INFO 36404 --- [eureka-server] [a-EvictionTimer] c.n.e.registry.AbstractInstanceRegistry  : Running the evict task with compensationTime 8ms
2026-09-01T00:00:18.514+05:30  INFO 36404 --- [eureka-server] [a-EvictionTimer] c.n.e.registry.AbstractInstanceRegistry  : Running the evict task with compensationTime 3ms
2026-09-01T00:01:18.518+05:30  INFO 36404 --- [eureka-server] [a-EvictionTimer] c.n.e.registry.AbstractInstanceRegistry  : Running the evict task with compensationTime 4ms
2026-09-01T00:02:18.518+05:30  INFO 36404 --- [eureka-server] [a-EvictionTimer] c.n.e.registry.AbstractInstanceRegistry  : Running the evict task with compensationTime 0ms
2026-09-01T00:03:10.753+05:30  WARN 36404 --- [eureka-server] [eerNodesUpdater] c.n.eureka.cluster.PeerEurekaNodes       : The replica size seems to be empty. Check the route 53 DNS Registry
2026-09-01T00:03:18.525+05:30  INFO 36404 --- [eureka-server] [a-EvictionTimer] c.n.e.registry.AbstractInstanceRegistry  : Running the evict task with compensationTime 6ms
2026-09-01T00:04:18.530+05:30  INFO 36404 --- [eureka-server] [a-EvictionTimer] c.n.e.registry.AbstractInstanceRegistry  : Running the evict task with compensationTime 6ms
2026-09-01T00:05:18.545+05:30  INFO 36404 --- [eureka-server] [a-EvictionTimer] c.n.e.registry.AbstractInstanceRegistry  : Running the evict task with compensationTime 14ms
2026-09-01T00:06:18.556+05:30  INFO 36404 --- [eureka-server] [a-EvictionTimer] c.n.e.registry.AbstractInstanceRegistry  : Running the evict task with compensationTime 11ms
2026-09-01T00:07:18.562+05:30  INFO 36404 --- [eureka-server] [a-EvictionTimer] c.n.e.registry.AbstractInstanceRegistry  : Running the evict task with compensationTime 5ms
2026-09-01T00:08:18.574+05:30  INFO 36404 --- [eureka-server] [a-EvictionTimer] c.n.e.registry.AbstractInstanceRegistry  : Running the evict task with compensationTime 11ms
2026-09-01T00:09:18.587+05:30  INFO 36404 --- [eureka-server] [a-EvictionTimer] c.n.e.registry.AbstractInstanceRegistry  : Running the evict task with compensationTime 14ms
2026-09-01T00:10:18.596+05:30  INFO 36404 --- [eureka-server] [a-EvictionTimer] c.n.e.registry.AbstractInstanceRegistry  : Running the evict task with compensationTime 7ms
2026-09-01T00:11:18.603+05:30  INFO 36404 --- [eureka-server] [a-EvictionTimer] c.n.e.registry.AbstractInstanceRegistry  : Running the evict task with compensationTime 8ms
2026-09-01T00:32:34.726+05:30  INFO 36404 --- [eureka-server] [a-EvictionTimer] c.n.e.registry.AbstractInstanceRegistry  : Running the evict task with compensationTime 1216257ms
2026-09-01T00:33:25.580+05:30  INFO 36404 --- [eureka-server] [hresholdUpdater] c.n.e.r.PeerAwareInstanceRegistryImpl    : Current renewal threshold is : 0
2026-09-01T00:33:26.876+05:30  WARN 36404 --- [eureka-server] [eerNodesUpdater] c.n.eureka.cluster.PeerEurekaNodes       : The replica size seems to be empty. Check the route 53 DNS Registry
2026-09-01T00:33:34.735+05:30  INFO 36404 --- [eureka-server] [a-EvictionTimer] c.n.e.registry.AbstractInstanceRegistry  : Running the evict task with compensationTime 10ms
2026-09-01T00:34:34.738+05:30  INFO 36404 --- [eureka-server] [a-EvictionTimer] c.n.e.registry.AbstractInstanceRegistry  : Running the evict task with compensationTime 3ms
2026-09-01T00:35:34.741+05:30  INFO 36404 --- [eureka-server] [a-EvictionTimer] c.n.e.registry.AbstractInstanceRegistry  : Running the evict task with compensationTime 2ms
2026-09-01T00:36:34.759+05:30  INFO 36404 --- [eureka-server] [a-EvictionTimer] c.n.e.registry.AbstractInstanceRegistry  : Running the evict task with compensationTime 18ms
2026-09-01T00:37:34.764+05:30  INFO 36404 --- [eureka-server] [a-EvictionTimer] c.n.e.registry.AbstractInstanceRegistry  : Running the evict task with compensationTime 4ms
2026-09-01T00:38:34.780+05:30  INFO 36404 --- [eureka-server] [a-EvictionTimer] c.n.e.registry.AbstractInstanceRegistry  : Running the evict task with compensationTime 15ms
2026-09-01T00:39:34.787+05:30  INFO 36404 --- [eureka-server] [a-EvictionTimer] c.n.e.registry.AbstractInstanceRegistry  : Running the evict task with compensationTime 8ms
2026-09-01T00:40:34.788+05:30  INFO 36404 --- [eureka-server] [a-EvictionTimer] c.n.e.registry.AbstractInstanceRegistry  : Running the evict task with compensationTime 1ms
2026-09-01T00:41:34.804+05:30  INFO 36404 --- [eureka-server] [a-EvictionTimer] c.n.e.registry.AbstractInstanceRegistry  : Running the evict task with compensationTime 15ms
2026-09-01T00:42:34.816+05:30  INFO 36404 --- [eureka-server] [a-EvictionTimer] c.n.e.registry.AbstractInstanceRegistry  : Running the evict task with compensationTime 9ms
2026-09-01T00:43:26.915+05:30  WARN 36404 --- [eureka-server] [eerNodesUpdater] c.n.eureka.cluster.PeerEurekaNodes       : The replica size seems to be empty. Check the route 53 DNS Registry
2026-09-01T00:43:34.819+05:30  INFO 36404 --- [eureka-server] [a-EvictionTimer] c.n.e.registry.AbstractInstanceRegistry  : Running the evict task with compensationTime 5ms
2026-09-01T00:44:34.828+05:30  INFO 36404 --- [eureka-server] [a-EvictionTimer] c.n.e.registry.AbstractInstanceRegistry  : Running the evict task with compensationTime 8ms
2026-09-01T00:45:34.834+05:30  INFO 36404 --- [eureka-server] [a-EvictionTimer] c.n.e.registry.AbstractInstanceRegistry  : Running the evict task with compensationTime 6ms
2026-09-01T00:46:34.842+05:30  INFO 36404 --- [eureka-server] [a-EvictionTimer] c.n.e.registry.AbstractInstanceRegistry  : Running the evict task with compensationTime 8ms
2026-09-01T00:47:34.854+05:30  INFO 36404 --- [eureka-server] [a-EvictionTimer] c.n.e.registry.AbstractInstanceRegistry  : Running the evict task with compensationTime 11ms
2026-09-01T00:48:25.559+05:30  INFO 36404 --- [eureka-server] [hresholdUpdater] c.n.e.r.PeerAwareInstanceRegistryImpl    : Current renewal threshold is : 0
2026-09-01T00:48:34.860+05:30  INFO 36404 --- [eureka-server] [a-EvictionTimer] c.n.e.registry.AbstractInstanceRegistry  : Running the evict task with compensationTime 6ms
2026-09-01T00:49:34.867+05:30  INFO 36404 --- [eureka-server] [a-EvictionTimer] c.n.e.registry.AbstractInstanceRegistry  : Running the evict task with compensationTime 6ms
2026-09-01T00:50:34.873+05:30  INFO 36404 --- [eureka-server] [a-EvictionTimer] c.n.e.registry.AbstractInstanceRegistry  : Running the evict task with compensationTime 6ms
2026-09-01T00:51:34.881+05:30  INFO 36404 --- [eureka-server] [a-EvictionTimer] c.n.e.registry.AbstractInstanceRegistry  : Running the evict task with compensationTime 7ms
2026-09-01T00:52:34.890+05:30  INFO 36404 --- [eureka-server] [a-EvictionTimer] c.n.e.registry.AbstractInstanceRegistry  : Running the evict task with compensationTime 8ms
2026-09-01T00:53:26.979+05:30  WARN 36404 --- [eureka-server] [eerNodesUpdater] c.n.eureka.cluster.PeerEurekaNodes       : The replica size seems to be empty. Check the route 53 DNS Registry
2026-09-01T00:53:34.896+05:30  INFO 36404 --- [eureka-server] [a-EvictionTimer] c.n.e.registry.AbstractInstanceRegistry  : Running the evict task with compensationTime 6ms
2026-09-01T00:54:34.906+05:30  INFO 36404 --- [eureka-server] [a-EvictionTimer] c.n.e.registry.AbstractInstanceRegistry  : Running the evict task with compensationTime 9ms
2026-09-01T00:55:34.910+05:30  INFO 36404 --- [eureka-server] [a-EvictionTimer] c.n.e.registry.AbstractInstanceRegistry  : Running the evict task with compensationTime 3ms
2026-09-01T00:56:34.914+05:30  INFO 36404 --- [eureka-server] [a-EvictionTimer] c.n.e.registry.AbstractInstanceRegistry  : Running the evict task with compensationTime 5ms
2026-09-01T00:57:34.918+05:30  INFO 36404 --- [eureka-server] [a-EvictionTimer] c.n.e.registry.AbstractInstanceRegistry  : Running the evict task with compensationTime 3ms
2026-09-01T00:58:34.923+05:30  INFO 36404 --- [eureka-server] [a-EvictionTimer] c.n.e.registry.AbstractInstanceRegistry  : Running the evict task with compensationTime 4ms
2026-09-01T00:59:34.939+05:30  INFO 36404 --- [eureka-server] [a-EvictionTimer] c.n.e.registry.AbstractInstanceRegistry  : Running the evict task with compensationTime 16ms
2026-09-01T01:00:34.953+05:30  INFO 36404 --- [eureka-server] [a-EvictionTimer] c.n.e.registry.AbstractInstanceRegistry  : Running the evict task with compensationTime 14ms
2026-09-01T01:01:34.965+05:30  INFO 36404 --- [eureka-server] [a-EvictionTimer] c.n.e.registry.AbstractInstanceRegistry  : Running the evict task with compensationTime 12ms
2026-09-01T01:02:34.971+05:30  INFO 36404 --- [eureka-server] [a-EvictionTimer] c.n.e.registry.AbstractInstanceRegistry  : Running the evict task with compensationTime 5ms
2026-09-01T01:03:25.564+05:30  INFO 36404 --- [eureka-server] [hresholdUpdater] c.n.e.r.PeerAwareInstanceRegistryImpl    : Current renewal threshold is : 0
2026-09-01T01:03:26.997+05:30  WARN 36404 --- [eureka-server] [eerNodesUpdater] c.n.eureka.cluster.PeerEurekaNodes       : The replica size seems to be empty. Check the route 53 DNS Registry
2026-09-01T01:03:34.973+05:30  INFO 36404 --- [eureka-server] [a-EvictionTimer] c.n.e.registry.AbstractInstanceRegistry  : Running the evict task with compensationTime 2ms
2026-09-01T01:04:34.983+05:30  INFO 36404 --- [eureka-server] [a-EvictionTimer] c.n.e.registry.AbstractInstanceRegistry  : Running the evict task with compensationTime 7ms
2026-09-01T01:05:34.982+05:30  INFO 36404 --- [eureka-server] [a-EvictionTimer] c.n.e.registry.AbstractInstanceRegistry  : Running the evict task with compensationTime 0ms
2026-09-01T01:06:34.986+05:30  INFO 36404 --- [eureka-server] [a-EvictionTimer] c.n.e.registry.AbstractInstanceRegistry  : Running the evict task with compensationTime 3ms
2026-09-01T01:07:34.995+05:30  INFO 36404 --- [eureka-server] [a-EvictionTimer] c.n.e.registry.AbstractInstanceRegistry  : Running the evict task with compensationTime 9ms
2026-09-01T01:08:35.001+05:30  INFO 36404 --- [eureka-server] [a-EvictionTimer] c.n.e.registry.AbstractInstanceRegistry  : Running the evict task with compensationTime 5ms
2026-09-01T01:09:35.007+05:30  INFO 36404 --- [eureka-server] [a-EvictionTimer] c.n.e.registry.AbstractInstanceRegistry  : Running the evict task with compensationTime 6ms
2026-09-01T01:10:35.021+05:30  INFO 36404 --- [eureka-server] [a-EvictionTimer] c.n.e.registry.AbstractInstanceRegistry  : Running the evict task with compensationTime 14ms
2026-09-01T01:11:35.022+05:30  INFO 36404 --- [eureka-server] [a-EvictionTimer] c.n.e.registry.AbstractInstanceRegistry  : Running the evict task with compensationTime 0ms
2026-09-01T01:12:35.037+05:30  INFO 36404 --- [eureka-server] [a-EvictionTimer] c.n.e.registry.AbstractInstanceRegistry  : Running the evict task with compensationTime 15ms
2026-09-01T01:13:27.017+05:30  WARN 36404 --- [eureka-server] [eerNodesUpdater] c.n.eureka.cluster.PeerEurekaNodes       : The replica size seems to be empty. Check the route 53 DNS Registry
2026-09-01T01:13:35.048+05:30  INFO 36404 --- [eureka-server] [a-EvictionTimer] c.n.e.registry.AbstractInstanceRegistry  : Running the evict task with compensationTime 10ms
2026-09-01T01:14:35.048+05:30  INFO 36404 --- [eureka-server] [a-EvictionTimer] c.n.e.registry.AbstractInstanceRegistry  : Running the evict task with compensationTime 0ms
2026-09-01T01:15:35.060+05:30  INFO 36404 --- [eureka-server] [a-EvictionTimer] c.n.e.registry.AbstractInstanceRegistry  : Running the evict task with compensationTime 12ms
2026-09-01T01:16:35.066+05:30  INFO 36404 --- [eureka-server] [a-EvictionTimer] c.n.e.registry.AbstractInstanceRegistry  : Running the evict task with compensationTime 6ms
2026-09-01T01:17:35.075+05:30  INFO 36404 --- [eureka-server] [a-EvictionTimer] c.n.e.registry.AbstractInstanceRegistry  : Running the evict task with compensationTime 8ms
2026-09-01T01:18:25.568+05:30  INFO 36404 --- [eureka-server] [hresholdUpdater] c.n.e.r.PeerAwareInstanceRegistryImpl    : Current renewal threshold is : 0
2026-09-01T01:18:35.088+05:30  INFO 36404 --- [eureka-server] [a-EvictionTimer] c.n.e.registry.AbstractInstanceRegistry  : Running the evict task with compensationTime 13ms
2026-09-01T01:19:35.104+05:30  INFO 36404 --- [eureka-server] [a-EvictionTimer] c.n.e.registry.AbstractInstanceRegistry  : Running the evict task with compensationTime 15ms
2026-09-01T01:20:35.112+05:30  INFO 36404 --- [eureka-server] [a-EvictionTimer] c.n.e.registry.AbstractInstanceRegistry  : Running the evict task with compensationTime 8ms
2026-09-01T01:21:35.117+05:30  INFO 36404 --- [eureka-server] [a-EvictionTimer] c.n.e.registry.AbstractInstanceRegistry  : Running the evict task with compensationTime 5ms
2026-09-01T01:22:35.121+05:30  INFO 36404 --- [eureka-server] [a-EvictionTimer] c.n.e.registry.AbstractInstanceRegistry  : Running the evict task with compensationTime 3ms
2026-09-01T01:23:27.059+05:30  WARN 36404 --- [eureka-server] [eerNodesUpdater] c.n.eureka.cluster.PeerEurekaNodes       : The replica size seems to be empty. Check the route 53 DNS Registry
2026-09-01T01:23:35.133+05:30  INFO 36404 --- [eureka-server] [a-EvictionTimer] c.n.e.registry.AbstractInstanceRegistry  : Running the evict task with compensationTime 11ms
2026-09-01T01:24:35.141+05:30  INFO 36404 --- [eureka-server] [a-EvictionTimer] c.n.e.registry.AbstractInstanceRegistry  : Running the evict task with compensationTime 7ms
2026-09-01T01:25:35.141+05:30  INFO 36404 --- [eureka-server] [a-EvictionTimer] c.n.e.registry.AbstractInstanceRegistry  : Running the evict task with compensationTime 0ms
2026-09-01T01:26:35.143+05:30  INFO 36404 --- [eureka-server] [a-EvictionTimer] c.n.e.registry.AbstractInstanceRegistry  : Running the evict task with compensationTime 2ms
2026-09-01T01:27:35.161+05:30  INFO 36404 --- [eureka-server] [a-EvictionTimer] c.n.e.registry.AbstractInstanceRegistry  : Running the evict task with compensationTime 17ms
2026-09-01T01:28:35.172+05:30  INFO 36404 --- [eureka-server] [a-EvictionTimer] c.n.e.registry.AbstractInstanceRegistry  : Running the evict task with compensationTime 11ms
2026-09-01T01:29:35.180+05:30  INFO 36404 --- [eureka-server] [a-EvictionTimer] c.n.e.registry.AbstractInstanceRegistry  : Running the evict task with compensationTime 7ms
2026-09-01T01:30:35.194+05:30  INFO 36404 --- [eureka-server] [a-EvictionTimer] c.n.e.registry.AbstractInstanceRegistry  : Running the evict task with compensationTime 14ms
2026-09-01T01:31:35.200+05:30  INFO 36404 --- [eureka-server] [a-EvictionTimer] c.n.e.registry.AbstractInstanceRegistry  : Running the evict task with compensationTime 5ms
2026-09-01T01:32:35.207+05:30  INFO 36404 --- [eureka-server] [a-EvictionTimer] c.n.e.registry.AbstractInstanceRegistry  : Running the evict task with compensationTime 7ms
2026-09-01T01:33:25.600+05:30  INFO 36404 --- [eureka-server] [hresholdUpdater] c.n.e.r.PeerAwareInstanceRegistryImpl    : Current renewal threshold is : 0
2026-09-01T01:33:27.099+05:30  WARN 36404 --- [eureka-server] [eerNodesUpdater] c.n.eureka.cluster.PeerEurekaNodes       : The replica size seems to be empty. Check the route 53 DNS Registry
2026-09-01T01:33:35.222+05:30  INFO 36404 --- [eureka-server] [a-EvictionTimer] c.n.e.registry.AbstractInstanceRegistry  : Running the evict task with compensationTime 14ms
2026-09-01T01:34:35.238+05:30  INFO 36404 --- [eureka-server] [a-EvictionTimer] c.n.e.registry.AbstractInstanceRegistry  : Running the evict task with compensationTime 15ms
2026-09-01T01:35:35.244+05:30  INFO 36404 --- [eureka-server] [a-EvictionTimer] c.n.e.registry.AbstractInstanceRegistry  : Running the evict task with compensationTime 6ms
2026-09-01T01:36:35.249+05:30  INFO 36404 --- [eureka-server] [a-EvictionTimer] c.n.e.registry.AbstractInstanceRegistry  : Running the evict task with compensationTime 4ms
2026-09-01T01:37:35.256+05:30  INFO 36404 --- [eureka-server] [a-EvictionTimer] c.n.e.registry.AbstractInstanceRegistry  : Running the evict task with compensationTime 7ms
2026-09-01T01:38:35.261+05:30  INFO 36404 --- [eureka-server] [a-EvictionTimer] c.n.e.registry.AbstractInstanceRegistry  : Running the evict task with compensationTime 4ms
2026-09-01T01:39:35.266+05:30  INFO 36404 --- [eureka-server] [a-EvictionTimer] c.n.e.registry.AbstractInstanceRegistry  : Running the evict task with compensationTime 5ms
2026-09-01T01:40:35.280+05:30  INFO 36404 --- [eureka-server] [a-EvictionTimer] c.n.e.registry.AbstractInstanceRegistry  : Running the evict task with compensationTime 13ms
2026-09-01T13:42:35.592+05:30  INFO 36404 --- [eureka-server] [a-EvictionTimer] c.n.e.registry.AbstractInstanceRegistry  : Running the evict task with compensationTime 43267608ms
2026-09-01T13:43:35.602+05:30  INFO 36404 --- [eureka-server] [a-EvictionTimer] c.n.e.registry.AbstractInstanceRegistry  : Running the evict task with compensationTime 13ms
2026-09-01T13:44:27.440+05:30  WARN 36404 --- [eureka-server] [eerNodesUpdater] c.n.eureka.cluster.PeerEurekaNodes       : The replica size seems to be empty. Check the route 53 DNS Registry
2026-09-01T13:44:35.616+05:30  INFO 36404 --- [eureka-server] [a-EvictionTimer] c.n.e.registry.AbstractInstanceRegistry  : Running the evict task with compensationTime 14ms
2026-09-01T13:45:35.626+05:30  INFO 36404 --- [eureka-server] [a-EvictionTimer] c.n.e.registry.AbstractInstanceRegistry  : Running the evict task with compensationTime 10ms
2026-09-01T13:46:35.644+05:30  INFO 36404 --- [eureka-server] [a-EvictionTimer] c.n.e.registry.AbstractInstanceRegistry  : Running the evict task with compensationTime 17ms
2026-09-01T13:47:35.644+05:30  INFO 36404 --- [eureka-server] [a-EvictionTimer] c.n.e.registry.AbstractInstanceRegistry  : Running the evict task with compensationTime 0ms
2026-09-01T13:48:35.649+05:30  INFO 36404 --- [eureka-server] [a-EvictionTimer] c.n.e.registry.AbstractInstanceRegistry  : Running the evict task with compensationTime 4ms
2026-09-01T13:49:25.899+05:30  INFO 36404 --- [eureka-server] [hresholdUpdater] c.n.e.r.PeerAwareInstanceRegistryImpl    : Current renewal threshold is : 0
2026-09-01T13:49:35.661+05:30  INFO 36404 --- [eureka-server] [a-EvictionTimer] c.n.e.registry.AbstractInstanceRegistry  : Running the evict task with compensationTime 12ms
2026-09-01T13:50:35.672+05:30  INFO 36404 --- [eureka-server] [a-EvictionTimer] c.n.e.registry.AbstractInstanceRegistry  : Running the evict task with compensationTime 11ms
2026-09-01T13:51:35.677+05:30  INFO 36404 --- [eureka-server] [a-EvictionTimer] c.n.e.registry.AbstractInstanceRegistry  : Running the evict task with compensationTime 5ms
2026-09-01T13:52:35.687+05:30  INFO 36404 --- [eureka-server] [a-EvictionTimer] c.n.e.registry.AbstractInstanceRegistry  : Running the evict task with compensationTime 9ms
2026-09-01T13:53:35.697+05:30  INFO 36404 --- [eureka-server] [a-EvictionTimer] c.n.e.registry.AbstractInstanceRegistry  : Running the evict task with compensationTime 9ms
2026-09-01T13:54:27.510+05:30  WARN 36404 --- [eureka-server] [eerNodesUpdater] c.n.eureka.cluster.PeerEurekaNodes       : The replica size seems to be empty. Check the route 53 DNS Registry
2026-09-01T13:54:35.697+05:30  INFO 36404 --- [eureka-server] [a-EvictionTimer] c.n.e.registry.AbstractInstanceRegistry  : Running the evict task with compensationTime 0ms
2026-09-01T13:55:35.708+05:30  INFO 36404 --- [eureka-server] [a-EvictionTimer] c.n.e.registry.AbstractInstanceRegistry  : Running the evict task with compensationTime 10ms
2026-09-01T13:56:35.713+05:30  INFO 36404 --- [eureka-server] [a-EvictionTimer] c.n.e.registry.AbstractInstanceRegistry  : Running the evict task with compensationTime 5ms
2026-09-01T13:57:35.714+05:30  INFO 36404 --- [eureka-server] [a-EvictionTimer] c.n.e.registry.AbstractInstanceRegistry  : Running the evict task with compensationTime 0ms
2026-09-01T13:58:35.721+05:30  INFO 36404 --- [eureka-server] [a-EvictionTimer] c.n.e.registry.AbstractInstanceRegistry  : Running the evict task with compensationTime 7ms
2026-09-01T13:59:35.726+05:30  INFO 36404 --- [eureka-server] [a-EvictionTimer] c.n.e.registry.AbstractInstanceRegistry  : Running the evict task with compensationTime 4ms
2026-09-01T14:00:35.736+05:30  INFO 36404 --- [eureka-server] [a-EvictionTimer] c.n.e.registry.AbstractInstanceRegistry  : Running the evict task with compensationTime 10ms
2026-09-01T14:01:35.740+05:30  INFO 36404 --- [eureka-server] [a-EvictionTimer] c.n.e.registry.AbstractInstanceRegistry  : Running the evict task with compensationTime 4ms
2026-09-01T14:02:35.745+05:30  INFO 36404 --- [eureka-server] [a-EvictionTimer] c.n.e.registry.AbstractInstanceRegistry  : Running the evict task with compensationTime 5ms
2026-09-01T14:03:35.760+05:30  INFO 36404 --- [eureka-server] [a-EvictionTimer] c.n.e.registry.AbstractInstanceRegistry  : Running the evict task with compensationTime 14ms
2026-09-01T14:45:17.245+05:30  INFO 36404 --- [eureka-server] [hresholdUpdater] c.n.e.r.PeerAwareInstanceRegistryImpl    : Current renewal threshold is : 0
2026-09-01T14:45:18.875+05:30  WARN 36404 --- [eureka-server] [eerNodesUpdater] c.n.eureka.cluster.PeerEurekaNodes       : The replica size seems to be empty. Check the route 53 DNS Registry
2026-09-01T14:45:27.094+05:30  INFO 36404 --- [eureka-server] [a-EvictionTimer] c.n.e.registry.AbstractInstanceRegistry  : Running the evict task with compensationTime 2451472ms
2026-09-01T14:46:27.110+05:30  INFO 36404 --- [eureka-server] [a-EvictionTimer] c.n.e.registry.AbstractInstanceRegistry  : Running the evict task with compensationTime 15ms
2026-09-01T14:47:27.112+05:30  INFO 36404 --- [eureka-server] [a-EvictionTimer] c.n.e.registry.AbstractInstanceRegistry  : Running the evict task with compensationTime 1ms
2026-09-01T14:48:27.119+05:30  INFO 36404 --- [eureka-server] [a-EvictionTimer] c.n.e.registry.AbstractInstanceRegistry  : Running the evict task with compensationTime 6ms
2026-09-01T14:49:27.124+05:30  INFO 36404 --- [eureka-server] [a-EvictionTimer] c.n.e.registry.AbstractInstanceRegistry  : Running the evict task with compensationTime 5ms
2026-09-01T14:50:27.136+05:30  INFO 36404 --- [eureka-server] [a-EvictionTimer] c.n.e.registry.AbstractInstanceRegistry  : Running the evict task with compensationTime 12ms
2026-09-01T14:51:27.145+05:30  INFO 36404 --- [eureka-server] [a-EvictionTimer] c.n.e.registry.AbstractInstanceRegistry  : Running the evict task with compensationTime 8ms
2026-09-01T14:52:27.146+05:30  INFO 36404 --- [eureka-server] [a-EvictionTimer] c.n.e.registry.AbstractInstanceRegistry  : Running the evict task with compensationTime 1ms
2026-09-01T14:53:27.157+05:30  INFO 36404 --- [eureka-server] [a-EvictionTimer] c.n.e.registry.AbstractInstanceRegistry  : Running the evict task with compensationTime 10ms
2026-09-01T14:54:27.170+05:30  INFO 36404 --- [eureka-server] [a-EvictionTimer] c.n.e.registry.AbstractInstanceRegistry  : Running the evict task with compensationTime 14ms
2026-09-01T14:55:18.932+05:30  WARN 36404 --- [eureka-server] [eerNodesUpdater] c.n.eureka.cluster.PeerEurekaNodes       : The replica size seems to be empty. Check the route 53 DNS Registry
2026-09-01T14:55:27.173+05:30  INFO 36404 --- [eureka-server] [a-EvictionTimer] c.n.e.registry.AbstractInstanceRegistry  : Running the evict task with compensationTime 2ms
2026-09-01T14:56:27.185+05:30  INFO 36404 --- [eureka-server] [a-EvictionTimer] c.n.e.registry.AbstractInstanceRegistry  : Running the evict task with compensationTime 12ms
2026-09-01T14:57:27.188+05:30  INFO 36404 --- [eureka-server] [a-EvictionTimer] c.n.e.registry.AbstractInstanceRegistry  : Running the evict task with compensationTime 1ms
2026-09-01T14:58:27.194+05:30  INFO 36404 --- [eureka-server] [a-EvictionTimer] c.n.e.registry.AbstractInstanceRegistry  : Running the evict task with compensationTime 5ms
2026-09-01T14:59:27.199+05:30  INFO 36404 --- [eureka-server] [a-EvictionTimer] c.n.e.registry.AbstractInstanceRegistry  : Running the evict task with compensationTime 5ms
2026-09-01T15:00:17.233+05:30  INFO 36404 --- [eureka-server] [hresholdUpdater] c.n.e.r.PeerAwareInstanceRegistryImpl    : Current renewal threshold is : 0
2026-09-01T15:00:27.212+05:30  INFO 36404 --- [eureka-server] [a-EvictionTimer] c.n.e.registry.AbstractInstanceRegistry  : Running the evict task with compensationTime 15ms
2026-09-01T15:01:27.226+05:30  INFO 36404 --- [eureka-server] [a-EvictionTimer] c.n.e.registry.AbstractInstanceRegistry  : Running the evict task with compensationTime 12ms
2026-09-01T15:02:27.229+05:30  INFO 36404 --- [eureka-server] [a-EvictionTimer] c.n.e.registry.AbstractInstanceRegistry  : Running the evict task with compensationTime 2ms
2026-09-01T15:03:27.232+05:30  INFO 36404 --- [eureka-server] [a-EvictionTimer] c.n.e.registry.AbstractInstanceRegistry  : Running the evict task with compensationTime 3ms
2026-09-01T15:04:27.232+05:30  INFO 36404 --- [eureka-server] [a-EvictionTimer] c.n.e.registry.AbstractInstanceRegistry  : Running the evict task with compensationTime 0ms
2026-09-01T15:05:18.978+05:30  WARN 36404 --- [eureka-server] [eerNodesUpdater] c.n.eureka.cluster.PeerEurekaNodes       : The replica size seems to be empty. Check the route 53 DNS Registry
2026-09-01T15:05:27.244+05:30  INFO 36404 --- [eureka-server] [a-EvictionTimer] c.n.e.registry.AbstractInstanceRegistry  : Running the evict task with compensationTime 12ms
2026-09-01T15:06:27.251+05:30  INFO 36404 --- [eureka-server] [a-EvictionTimer] c.n.e.registry.AbstractInstanceRegistry  : Running the evict task with compensationTime 6ms
2026-09-01T15:07:27.266+05:30  INFO 36404 --- [eureka-server] [a-EvictionTimer] c.n.e.registry.AbstractInstanceRegistry  : Running the evict task with compensationTime 15ms
2026-09-01T15:08:27.273+05:30  INFO 36404 --- [eureka-server] [a-EvictionTimer] c.n.e.registry.AbstractInstanceRegistry  : Running the evict task with compensationTime 6ms
2026-09-01T15:09:27.286+05:30  INFO 36404 --- [eureka-server] [a-EvictionTimer] c.n.e.registry.AbstractInstanceRegistry  : Running the evict task with compensationTime 13ms
2026-09-01T15:10:27.294+05:30  INFO 36404 --- [eureka-server] [a-EvictionTimer] c.n.e.registry.AbstractInstanceRegistry  : Running the evict task with compensationTime 8ms
2026-09-01T15:11:27.302+05:30  INFO 36404 --- [eureka-server] [a-EvictionTimer] c.n.e.registry.AbstractInstanceRegistry  : Running the evict task with compensationTime 7ms
2026-09-01T15:12:27.313+05:30  INFO 36404 --- [eureka-server] [a-EvictionTimer] c.n.e.registry.AbstractInstanceRegistry  : Running the evict task with compensationTime 10ms
2026-09-01T15:13:27.315+05:30  INFO 36404 --- [eureka-server] [a-EvictionTimer] c.n.e.registry.AbstractInstanceRegistry  : Running the evict task with compensationTime 1ms
2026-09-01T15:14:27.325+05:30  INFO 36404 --- [eureka-server] [a-EvictionTimer] c.n.e.registry.AbstractInstanceRegistry  : Running the evict task with compensationTime 10ms
2026-09-01T15:15:17.266+05:30  INFO 36404 --- [eureka-server] [hresholdUpdater] c.n.e.r.PeerAwareInstanceRegistryImpl    : Current renewal threshold is : 0
2026-09-01T15:15:19.020+05:30  WARN 36404 --- [eureka-server] [eerNodesUpdater] c.n.eureka.cluster.PeerEurekaNodes       : The replica size seems to be empty. Check the route 53 DNS Registry
2026-09-01T15:15:27.336+05:30  INFO 36404 --- [eureka-server] [a-EvictionTimer] c.n.e.registry.AbstractInstanceRegistry  : Running the evict task with compensationTime 10ms
2026-09-01T15:16:27.350+05:30  INFO 36404 --- [eureka-server] [a-EvictionTimer] c.n.e.registry.AbstractInstanceRegistry  : Running the evict task with compensationTime 14ms
2026-09-01T15:17:27.360+05:30  INFO 36404 --- [eureka-server] [a-EvictionTimer] c.n.e.registry.AbstractInstanceRegistry  : Running the evict task with compensationTime 9ms
2026-09-01T15:18:27.370+05:30  INFO 36404 --- [eureka-server] [a-EvictionTimer] c.n.e.registry.AbstractInstanceRegistry  : Running the evict task with compensationTime 9ms
2026-09-01T15:19:27.376+05:30  INFO 36404 --- [eureka-server] [a-EvictionTimer] c.n.e.registry.AbstractInstanceRegistry  : Running the evict task with compensationTime 6ms
2026-09-01T15:20:27.379+05:30  INFO 36404 --- [eureka-server] [a-EvictionTimer] c.n.e.registry.AbstractInstanceRegistry  : Running the evict task with compensationTime 2ms
2026-09-01T15:21:27.392+05:30  INFO 36404 --- [eureka-server] [a-EvictionTimer] c.n.e.registry.AbstractInstanceRegistry  : Running the evict task with compensationTime 12ms
2026-09-01T15:22:27.403+05:30  INFO 36404 --- [eureka-server] [a-EvictionTimer] c.n.e.registry.AbstractInstanceRegistry  : Running the evict task with compensationTime 11ms
2026-09-01T15:23:27.412+05:30  INFO 36404 --- [eureka-server] [a-EvictionTimer] c.n.e.registry.AbstractInstanceRegistry  : Running the evict task with compensationTime 8ms
2026-09-01T15:24:27.415+05:30  INFO 36404 --- [eureka-server] [a-EvictionTimer] c.n.e.registry.AbstractInstanceRegistry  : Running the evict task with compensationTime 2ms
2026-09-01T15:25:19.045+05:30  WARN 36404 --- [eureka-server] [eerNodesUpdater] c.n.eureka.cluster.PeerEurekaNodes       : The replica size seems to be empty. Check the route 53 DNS Registry
2026-09-01T15:25:27.419+05:30  INFO 36404 --- [eureka-server] [a-EvictionTimer] c.n.e.registry.AbstractInstanceRegistry  : Running the evict task with compensationTime 4ms
2026-09-01T15:26:27.436+05:30  INFO 36404 --- [eureka-server] [a-EvictionTimer] c.n.e.registry.AbstractInstanceRegistry  : Running the evict task with compensationTime 16ms
2026-09-01T15:27:27.444+05:30  INFO 36404 --- [eureka-server] [a-EvictionTimer] c.n.e.registry.AbstractInstanceRegistry  : Running the evict task with compensationTime 7ms
2026-09-01T15:28:27.457+05:30  INFO 36404 --- [eureka-server] [a-EvictionTimer] c.n.e.registry.AbstractInstanceRegistry  : Running the evict task with compensationTime 13ms
2026-09-01T15:29:27.461+05:30  INFO 36404 --- [eureka-server] [a-EvictionTimer] c.n.e.registry.AbstractInstanceRegistry  : Running the evict task with compensationTime 4ms
2026-09-01T15:30:17.284+05:30  INFO 36404 --- [eureka-server] [hresholdUpdater] c.n.e.r.PeerAwareInstanceRegistryImpl    : Current renewal threshold is : 0
2026-09-01T15:30:27.471+05:30  INFO 36404 --- [eureka-server] [a-EvictionTimer] c.n.e.registry.AbstractInstanceRegistry  : Running the evict task with compensationTime 9ms
2026-09-01T15:31:27.473+05:30  INFO 36404 --- [eureka-server] [a-EvictionTimer] c.n.e.registry.AbstractInstanceRegistry  : Running the evict task with compensationTime 2ms
2026-09-01T15:32:27.473+05:30  INFO 36404 --- [eureka-server] [a-EvictionTimer] c.n.e.registry.AbstractInstanceRegistry  : Running the evict task with compensationTime 0ms
2026-09-01T15:33:27.487+05:30  INFO 36404 --- [eureka-server] [a-EvictionTimer] c.n.e.registry.AbstractInstanceRegistry  : Running the evict task with compensationTime 10ms
2026-09-01T15:34:27.490+05:30  INFO 36404 --- [eureka-server] [a-EvictionTimer] c.n.e.registry.AbstractInstanceRegistry  : Running the evict task with compensationTime 4ms
2026-09-01T15:35:19.070+05:30  WARN 36404 --- [eureka-server] [eerNodesUpdater] c.n.eureka.cluster.PeerEurekaNodes       : The replica size seems to be empty. Check the route 53 DNS Registry
2026-09-01T15:35:27.492+05:30  INFO 36404 --- [eureka-server] [a-EvictionTimer] c.n.e.registry.AbstractInstanceRegistry  : Running the evict task with compensationTime 2ms
2026-09-01T15:36:27.503+05:30  INFO 36404 --- [eureka-server] [a-EvictionTimer] c.n.e.registry.AbstractInstanceRegistry  : Running the evict task with compensationTime 12ms
2026-09-01T15:37:27.503+05:30  INFO 36404 --- [eureka-server] [a-EvictionTimer] c.n.e.registry.AbstractInstanceRegistry  : Running the evict task with compensationTime 0ms
2026-09-01T15:38:27.515+05:30  INFO 36404 --- [eureka-server] [a-EvictionTimer] c.n.e.registry.AbstractInstanceRegistry  : Running the evict task with compensationTime 1ms
2026-09-01T15:39:27.516+05:30  INFO 36404 --- [eureka-server] [a-EvictionTimer] c.n.e.registry.AbstractInstanceRegistry  : Running the evict task with compensationTime 12ms
2026-09-01T15:40:27.520+05:30  INFO 36404 --- [eureka-server] [a-EvictionTimer] c.n.e.registry.AbstractInstanceRegistry  : Running the evict task with compensationTime 2ms
2026-09-01T15:41:27.530+05:30  INFO 36404 --- [eureka-server] [a-EvictionTimer] c.n.e.registry.AbstractInstanceRegistry  : Running the evict task with compensationTime 10ms
2026-09-01T15:42:27.545+05:30  INFO 36404 --- [eureka-server] [a-EvictionTimer] c.n.e.registry.AbstractInstanceRegistry  : Running the evict task with compensationTime 14ms
2026-09-01T15:43:27.552+05:30  INFO 36404 --- [eureka-server] [a-EvictionTimer] c.n.e.registry.AbstractInstanceRegistry  : Running the evict task with compensationTime 7ms
2026-09-01T15:44:27.555+05:30  INFO 36404 --- [eureka-server] [a-EvictionTimer] c.n.e.registry.AbstractInstanceRegistry  : Running the evict task with compensationTime 3ms
2026-09-01T15:45:17.311+05:30  INFO 36404 --- [eureka-server] [hresholdUpdater] c.n.e.r.PeerAwareInstanceRegistryImpl    : Current renewal threshold is : 0
2026-09-01T15:45:19.094+05:30  WARN 36404 --- [eureka-server] [eerNodesUpdater] c.n.eureka.cluster.PeerEurekaNodes       : The replica size seems to be empty. Check the route 53 DNS Registry
2026-09-01T15:45:27.572+05:30  INFO 36404 --- [eureka-server] [a-EvictionTimer] c.n.e.registry.AbstractInstanceRegistry  : Running the evict task with compensationTime 15ms
2026-09-01T15:46:27.585+05:30  INFO 36404 --- [eureka-server] [a-EvictionTimer] c.n.e.registry.AbstractInstanceRegistry  : Running the evict task with compensationTime 12ms
2026-09-01T15:47:27.586+05:30  INFO 36404 --- [eureka-server] [a-EvictionTimer] c.n.e.registry.AbstractInstanceRegistry  : Running the evict task with compensationTime 2ms
2026-09-01T15:48:27.598+05:30  INFO 36404 --- [eureka-server] [a-EvictionTimer] c.n.e.registry.AbstractInstanceRegistry  : Running the evict task with compensationTime 11ms
2026-09-01T15:49:27.604+05:30  INFO 36404 --- [eureka-server] [a-EvictionTimer] c.n.e.registry.AbstractInstanceRegistry  : Running the evict task with compensationTime 5ms
2026-09-01T15:50:27.619+05:30  INFO 36404 --- [eureka-server] [a-EvictionTimer] c.n.e.registry.AbstractInstanceRegistry  : Running the evict task with compensationTime 14ms
2026-09-01T15:51:27.630+05:30  INFO 36404 --- [eureka-server] [a-EvictionTimer] c.n.e.registry.AbstractInstanceRegistry  : Running the evict task with compensationTime 11ms
2026-09-01T15:52:27.633+05:30  INFO 36404 --- [eureka-server] [a-EvictionTimer] c.n.e.registry.AbstractInstanceRegistry  : Running the evict task with compensationTime 2ms
2026-09-01T15:53:27.648+05:30  INFO 36404 --- [eureka-server] [a-EvictionTimer] c.n.e.registry.AbstractInstanceRegistry  : Running the evict task with compensationTime 15ms
2026-09-01T15:54:27.653+05:30  INFO 36404 --- [eureka-server] [a-EvictionTimer] c.n.e.registry.AbstractInstanceRegistry  : Running the evict task with compensationTime 4ms
2026-09-01T15:55:19.139+05:30  WARN 36404 --- [eureka-server] [eerNodesUpdater] c.n.eureka.cluster.PeerEurekaNodes       : The replica size seems to be empty. Check the route 53 DNS Registry
2026-09-01T15:55:27.664+05:30  INFO 36404 --- [eureka-server] [a-EvictionTimer] c.n.e.registry.AbstractInstanceRegistry  : Running the evict task with compensationTime 11ms
2026-09-01T15:56:27.673+05:30  INFO 36404 --- [eureka-server] [a-EvictionTimer] c.n.e.registry.AbstractInstanceRegistry  : Running the evict task with compensationTime 9ms
2026-09-01T15:57:27.678+05:30  INFO 36404 --- [eureka-server] [a-EvictionTimer] c.n.e.registry.AbstractInstanceRegistry  : Running the evict task with compensationTime 3ms
2026-09-01T15:58:27.692+05:30  INFO 36404 --- [eureka-server] [a-EvictionTimer] c.n.e.registry.AbstractInstanceRegistry  : Running the evict task with compensationTime 14ms
2026-09-01T15:59:27.701+05:30  INFO 36404 --- [eureka-server] [a-EvictionTimer] c.n.e.registry.AbstractInstanceRegistry  : Running the evict task with compensationTime 9ms
2026-09-01T16:00:17.296+05:30  INFO 36404 --- [eureka-server] [hresholdUpdater] c.n.e.r.PeerAwareInstanceRegistryImpl    : Current renewal threshold is : 0
2026-09-01T16:00:27.709+05:30  INFO 36404 --- [eureka-server] [a-EvictionTimer] c.n.e.registry.AbstractInstanceRegistry  : Running the evict task with compensationTime 7ms
2026-09-01T16:01:27.710+05:30  INFO 36404 --- [eureka-server] [a-EvictionTimer] c.n.e.registry.AbstractInstanceRegistry  : Running the evict task with compensationTime 1ms
2026-09-01T16:02:27.723+05:30  INFO 36404 --- [eureka-server] [a-EvictionTimer] c.n.e.registry.AbstractInstanceRegistry  : Running the evict task with compensationTime 12ms
2026-09-01T16:03:27.729+05:30  INFO 36404 --- [eureka-server] [a-EvictionTimer] c.n.e.registry.AbstractInstanceRegistry  : Running the evict task with compensationTime 6ms
2026-09-01T16:04:27.732+05:30  INFO 36404 --- [eureka-server] [a-EvictionTimer] c.n.e.registry.AbstractInstanceRegistry  : Running the evict task with compensationTime 2ms
2026-09-01T16:05:19.156+05:30  WARN 36404 --- [eureka-server] [eerNodesUpdater] c.n.eureka.cluster.PeerEurekaNodes       : The replica size seems to be empty. Check the route 53 DNS Registry
2026-09-01T16:05:27.736+05:30  INFO 36404 --- [eureka-server] [a-EvictionTimer] c.n.e.registry.AbstractInstanceRegistry  : Running the evict task with compensationTime 4ms
2026-09-01T16:06:27.748+05:30  INFO 36404 --- [eureka-server] [a-EvictionTimer] c.n.e.registry.AbstractInstanceRegistry  : Running the evict task with compensationTime 11ms
2026-09-01T16:07:27.763+05:30  INFO 36404 --- [eureka-server] [a-EvictionTimer] c.n.e.registry.AbstractInstanceRegistry  : Running the evict task with compensationTime 14ms
2026-09-01T16:08:27.775+05:30  INFO 36404 --- [eureka-server] [a-EvictionTimer] c.n.e.registry.AbstractInstanceRegistry  : Running the evict task with compensationTime 12ms
2026-09-01T16:09:27.781+05:30  INFO 36404 --- [eureka-server] [a-EvictionTimer] c.n.e.registry.AbstractInstanceRegistry  : Running the evict task with compensationTime 5ms
2026-09-01T16:10:27.788+05:30  INFO 36404 --- [eureka-server] [a-EvictionTimer] c.n.e.registry.AbstractInstanceRegistry  : Running the evict task with compensationTime 6ms
2026-09-01T16:11:27.799+05:30  INFO 36404 --- [eureka-server] [a-EvictionTimer] c.n.e.registry.AbstractInstanceRegistry  : Running the evict task with compensationTime 10ms
2026-09-01T16:12:27.799+05:30  INFO 36404 --- [eureka-server] [a-EvictionTimer] c.n.e.registry.AbstractInstanceRegistry  : Running the evict task with compensationTime 0ms
2026-09-01T16:13:27.800+05:30  INFO 36404 --- [eureka-server] [a-EvictionTimer] c.n.e.registry.AbstractInstanceRegistry  : Running the evict task with compensationTime 0ms
2026-09-01T16:14:27.814+05:30  INFO 36404 --- [eureka-server] [a-EvictionTimer] c.n.e.registry.AbstractInstanceRegistry  : Running the evict task with compensationTime 13ms
2026-09-01T16:15:17.325+05:30  INFO 36404 --- [eureka-server] [hresholdUpdater] c.n.e.r.PeerAwareInstanceRegistryImpl    : Current renewal threshold is : 0
2026-09-01T16:15:19.193+05:30  WARN 36404 --- [eureka-server] [eerNodesUpdater] c.n.eureka.cluster.PeerEurekaNodes       : The replica size seems to be empty. Check the route 53 DNS Registry
2026-09-01T16:15:27.826+05:30  INFO 36404 --- [eureka-server] [a-EvictionTimer] c.n.e.registry.AbstractInstanceRegistry  : Running the evict task with compensationTime 12ms
2026-09-01T16:16:27.831+05:30  INFO 36404 --- [eureka-server] [a-EvictionTimer] c.n.e.registry.AbstractInstanceRegistry  : Running the evict task with compensationTime 4ms
2026-09-01T16:17:27.832+05:30  INFO 36404 --- [eureka-server] [a-EvictionTimer] c.n.e.registry.AbstractInstanceRegistry  : Running the evict task with compensationTime 1ms
2026-09-01T16:18:27.841+05:30  INFO 36404 --- [eureka-server] [a-EvictionTimer] c.n.e.registry.AbstractInstanceRegistry  : Running the evict task with compensationTime 8ms
2026-09-01T16:19:27.848+05:30  INFO 36404 --- [eureka-server] [a-EvictionTimer] c.n.e.registry.AbstractInstanceRegistry  : Running the evict task with compensationTime 4ms
2026-09-01T16:20:27.848+05:30  INFO 36404 --- [eureka-server] [a-EvictionTimer] c.n.e.registry.AbstractInstanceRegistry  : Running the evict task with compensationTime 3ms
2026-09-01T16:21:27.855+05:30  INFO 36404 --- [eureka-server] [a-EvictionTimer] c.n.e.registry.AbstractInstanceRegistry  : Running the evict task with compensationTime 6ms
2026-09-01T16:22:27.856+05:30  INFO 36404 --- [eureka-server] [a-EvictionTimer] c.n.e.registry.AbstractInstanceRegistry  : Running the evict task with compensationTime 0ms
2026-09-01T17:08:52.777+05:30  INFO 36404 --- [eureka-server] [a-EvictionTimer] c.n.e.registry.AbstractInstanceRegistry  : Running the evict task with compensationTime 2725057ms
2026-09-01T17:09:52.789+05:30  INFO 36404 --- [eureka-server] [a-EvictionTimer] c.n.e.registry.AbstractInstanceRegistry  : Running the evict task with compensationTime 12ms
2026-09-01T17:10:44.130+05:30  WARN 36404 --- [eureka-server] [eerNodesUpdater] c.n.eureka.cluster.PeerEurekaNodes       : The replica size seems to be empty. Check the route 53 DNS Registry
2026-09-01T17:10:52.791+05:30  INFO 36404 --- [eureka-server] [a-EvictionTimer] c.n.e.registry.AbstractInstanceRegistry  : Running the evict task with compensationTime 2ms
2026-09-01T17:11:52.793+05:30  INFO 36404 --- [eureka-server] [a-EvictionTimer] c.n.e.registry.AbstractInstanceRegistry  : Running the evict task with compensationTime 1ms
2026-09-01T17:12:52.802+05:30  INFO 36404 --- [eureka-server] [a-EvictionTimer] c.n.e.registry.AbstractInstanceRegistry  : Running the evict task with compensationTime 9ms
2026-09-01T17:13:52.818+05:30  INFO 36404 --- [eureka-server] [a-EvictionTimer] c.n.e.registry.AbstractInstanceRegistry  : Running the evict task with compensationTime 15ms
2026-09-01T17:14:52.871+05:30  INFO 36404 --- [eureka-server] [a-EvictionTimer] c.n.e.registry.AbstractInstanceRegistry  : Running the evict task with compensationTime 53ms
2026-09-01T17:15:42.251+05:30  INFO 36404 --- [eureka-server] [hresholdUpdater] c.n.e.r.PeerAwareInstanceRegistryImpl    : Current renewal threshold is : 0
2026-09-01T17:15:52.873+05:30  INFO 36404 --- [eureka-server] [a-EvictionTimer] c.n.e.registry.AbstractInstanceRegistry  : Running the evict task with compensationTime 1ms
2026-09-01T17:16:52.882+05:30  INFO 36404 --- [eureka-server] [a-EvictionTimer] c.n.e.registry.AbstractInstanceRegistry  : Running the evict task with compensationTime 9ms
2026-09-01T17:17:52.885+05:30  INFO 36404 --- [eureka-server] [a-EvictionTimer] c.n.e.registry.AbstractInstanceRegistry  : Running the evict task with compensationTime 2ms
2026-09-01T17:18:52.893+05:30  INFO 36404 --- [eureka-server] [a-EvictionTimer] c.n.e.registry.AbstractInstanceRegistry  : Running the evict task with compensationTime 7ms
2026-09-01T17:19:52.900+05:30  INFO 36404 --- [eureka-server] [a-EvictionTimer] c.n.e.registry.AbstractInstanceRegistry  : Running the evict task with compensationTime 8ms
2026-09-01T17:20:44.148+05:30  WARN 36404 --- [eureka-server] [eerNodesUpdater] c.n.eureka.cluster.PeerEurekaNodes       : The replica size seems to be empty. Check the route 53 DNS Registry
2026-09-01T17:20:52.904+05:30  INFO 36404 --- [eureka-server] [a-EvictionTimer] c.n.e.registry.AbstractInstanceRegistry  : Running the evict task with compensationTime 3ms
2026-09-01T17:21:52.917+05:30  INFO 36404 --- [eureka-server] [a-EvictionTimer] c.n.e.registry.AbstractInstanceRegistry  : Running the evict task with compensationTime 13ms
2026-09-01T17:22:52.930+05:30  INFO 36404 --- [eureka-server] [a-EvictionTimer] c.n.e.registry.AbstractInstanceRegistry  : Running the evict task with compensationTime 12ms
2026-09-01T17:23:52.938+05:30  INFO 36404 --- [eureka-server] [a-EvictionTimer] c.n.e.registry.AbstractInstanceRegistry  : Running the evict task with compensationTime 6ms
2026-09-01T17:24:52.938+05:30  INFO 36404 --- [eureka-server] [a-EvictionTimer] c.n.e.registry.AbstractInstanceRegistry  : Running the evict task with compensationTime 1ms
2026-09-01T17:25:52.943+05:30  INFO 36404 --- [eureka-server] [a-EvictionTimer] c.n.e.registry.AbstractInstanceRegistry  : Running the evict task with compensationTime 4ms
2026-09-01T17:26:52.951+05:30  INFO 36404 --- [eureka-server] [a-EvictionTimer] c.n.e.registry.AbstractInstanceRegistry  : Running the evict task with compensationTime 8ms
2026-09-01T17:27:52.964+05:30  INFO 36404 --- [eureka-server] [a-EvictionTimer] c.n.e.registry.AbstractInstanceRegistry  : Running the evict task with compensationTime 12ms
2026-09-01T17:28:52.979+05:30  INFO 36404 --- [eureka-server] [a-EvictionTimer] c.n.e.registry.AbstractInstanceRegistry  : Running the evict task with compensationTime 15ms
2026-09-01T17:29:52.984+05:30  INFO 36404 --- [eureka-server] [a-EvictionTimer] c.n.e.registry.AbstractInstanceRegistry  : Running the evict task with compensationTime 4ms
2026-09-01T17:30:42.253+05:30  INFO 36404 --- [eureka-server] [hresholdUpdater] c.n.e.r.PeerAwareInstanceRegistryImpl    : Current renewal threshold is : 0
2026-09-01T17:30:44.186+05:30  WARN 36404 --- [eureka-server] [eerNodesUpdater] c.n.eureka.cluster.PeerEurekaNodes       : The replica size seems to be empty. Check the route 53 DNS Registry
2026-09-01T17:30:52.998+05:30  INFO 36404 --- [eureka-server] [a-EvictionTimer] c.n.e.registry.AbstractInstanceRegistry  : Running the evict task with compensationTime 14ms
2026-09-01T17:31:53.003+05:30  INFO 36404 --- [eureka-server] [a-EvictionTimer] c.n.e.registry.AbstractInstanceRegistry  : Running the evict task with compensationTime 3ms
2026-09-01T17:32:53.011+05:30  INFO 36404 --- [eureka-server] [a-EvictionTimer] c.n.e.registry.AbstractInstanceRegistry  : Running the evict task with compensationTime 9ms
2026-09-01T17:33:53.014+05:30  INFO 36404 --- [eureka-server] [a-EvictionTimer] c.n.e.registry.AbstractInstanceRegistry  : Running the evict task with compensationTime 2ms
2026-09-01T17:34:53.023+05:30  INFO 36404 --- [eureka-server] [a-EvictionTimer] c.n.e.registry.AbstractInstanceRegistry  : Running the evict task with compensationTime 8ms
2026-09-01T17:35:53.034+05:30  INFO 36404 --- [eureka-server] [a-EvictionTimer] c.n.e.registry.AbstractInstanceRegistry  : Running the evict task with compensationTime 11ms
2026-09-01T17:36:53.047+05:30  INFO 36404 --- [eureka-server] [a-EvictionTimer] c.n.e.registry.AbstractInstanceRegistry  : Running the evict task with compensationTime 13ms
2026-09-01T17:37:53.051+05:30  INFO 36404 --- [eureka-server] [a-EvictionTimer] c.n.e.registry.AbstractInstanceRegistry  : Running the evict task with compensationTime 3ms
2026-09-01T17:38:53.067+05:30  INFO 36404 --- [eureka-server] [a-EvictionTimer] c.n.e.registry.AbstractInstanceRegistry  : Running the evict task with compensationTime 15ms
2026-09-01T17:39:53.079+05:30  INFO 36404 --- [eureka-server] [a-EvictionTimer] c.n.e.registry.AbstractInstanceRegistry  : Running the evict task with compensationTime 12ms
2026-09-01T17:40:44.222+05:30  WARN 36404 --- [eureka-server] [eerNodesUpdater] c.n.eureka.cluster.PeerEurekaNodes       : The replica size seems to be empty. Check the route 53 DNS Registry
2026-09-01T17:40:53.088+05:30  INFO 36404 --- [eureka-server] [a-EvictionTimer] c.n.e.registry.AbstractInstanceRegistry  : Running the evict task with compensationTime 8ms
2026-09-01T17:41:53.101+05:30  INFO 36404 --- [eureka-server] [a-EvictionTimer] c.n.e.registry.AbstractInstanceRegistry  : Running the evict task with compensationTime 13ms
2026-09-01T17:42:53.117+05:30  INFO 36404 --- [eureka-server] [a-EvictionTimer] c.n.e.registry.AbstractInstanceRegistry  : Running the evict task with compensationTime 15ms
2026-09-01T17:43:53.130+05:30  INFO 36404 --- [eureka-server] [a-EvictionTimer] c.n.e.registry.AbstractInstanceRegistry  : Running the evict task with compensationTime 13ms
2026-09-01T17:44:53.143+05:30  INFO 36404 --- [eureka-server] [a-EvictionTimer] c.n.e.registry.AbstractInstanceRegistry  : Running the evict task with compensationTime 11ms
2026-09-01T17:45:42.248+05:30  INFO 36404 --- [eureka-server] [hresholdUpdater] c.n.e.r.PeerAwareInstanceRegistryImpl    : Current renewal threshold is : 0
2026-09-01T17:45:53.144+05:30  INFO 36404 --- [eureka-server] [a-EvictionTimer] c.n.e.registry.AbstractInstanceRegistry  : Running the evict task with compensationTime 1ms
2026-09-01T17:46:53.149+05:30  INFO 36404 --- [eureka-server] [a-EvictionTimer] c.n.e.registry.AbstractInstanceRegistry  : Running the evict task with compensationTime 4ms
2026-09-01T17:47:53.152+05:30  INFO 36404 --- [eureka-server] [a-EvictionTimer] c.n.e.registry.AbstractInstanceRegistry  : Running the evict task with compensationTime 2ms
2026-09-01T17:48:53.161+05:30  INFO 36404 --- [eureka-server] [a-EvictionTimer] c.n.e.registry.AbstractInstanceRegistry  : Running the evict task with compensationTime 9ms
2026-09-01T17:49:53.162+05:30  INFO 36404 --- [eureka-server] [a-EvictionTimer] c.n.e.registry.AbstractInstanceRegistry  : Running the evict task with compensationTime 1ms
2026-09-01T17:50:44.235+05:30  WARN 36404 --- [eureka-server] [eerNodesUpdater] c.n.eureka.cluster.PeerEurekaNodes       : The replica size seems to be empty. Check the route 53 DNS Registry
2026-09-01T17:50:53.173+05:30  INFO 36404 --- [eureka-server] [a-EvictionTimer] c.n.e.registry.AbstractInstanceRegistry  : Running the evict task with compensationTime 10ms
2026-09-01T17:51:53.180+05:30  INFO 36404 --- [eureka-server] [a-EvictionTimer] c.n.e.registry.AbstractInstanceRegistry  : Running the evict task with compensationTime 7ms
2026-09-01T17:52:53.189+05:30  INFO 36404 --- [eureka-server] [a-EvictionTimer] c.n.e.registry.AbstractInstanceRegistry  : Running the evict task with compensationTime 9ms
2026-09-01T17:53:53.195+05:30  INFO 36404 --- [eureka-server] [a-EvictionTimer] c.n.e.registry.AbstractInstanceRegistry  : Running the evict task with compensationTime 4ms
2026-09-01T17:54:53.202+05:30  INFO 36404 --- [eureka-server] [a-EvictionTimer] c.n.e.registry.AbstractInstanceRegistry  : Running the evict task with compensationTime 7ms
2026-09-01T17:55:53.207+05:30  INFO 36404 --- [eureka-server] [a-EvictionTimer] c.n.e.registry.AbstractInstanceRegistry  : Running the evict task with compensationTime 5ms
2026-09-01T17:56:53.221+05:30  INFO 36404 --- [eureka-server] [a-EvictionTimer] c.n.e.registry.AbstractInstanceRegistry  : Running the evict task with compensationTime 13ms
2026-09-01T17:57:53.232+05:30  INFO 36404 --- [eureka-server] [a-EvictionTimer] c.n.e.registry.AbstractInstanceRegistry  : Running the evict task with compensationTime 8ms
2026-09-01T17:58:53.242+05:30  INFO 36404 --- [eureka-server] [a-EvictionTimer] c.n.e.registry.AbstractInstanceRegistry  : Running the evict task with compensationTime 10ms
2026-09-01T17:59:53.243+05:30  INFO 36404 --- [eureka-server] [a-EvictionTimer] c.n.e.registry.AbstractInstanceRegistry  : Running the evict task with compensationTime 2ms
2026-09-01T18:00:42.264+05:30  INFO 36404 --- [eureka-server] [hresholdUpdater] c.n.e.r.PeerAwareInstanceRegistryImpl    : Current renewal threshold is : 0
2026-09-01T18:00:44.254+05:30  WARN 36404 --- [eureka-server] [eerNodesUpdater] c.n.eureka.cluster.PeerEurekaNodes       : The replica size seems to be empty. Check the route 53 DNS Registry
2026-09-01T18:00:53.257+05:30  INFO 36404 --- [eureka-server] [a-EvictionTimer] c.n.e.registry.AbstractInstanceRegistry  : Running the evict task with compensationTime 14ms
2026-09-01T18:01:53.264+05:30  INFO 36404 --- [eureka-server] [a-EvictionTimer] c.n.e.registry.AbstractInstanceRegistry  : Running the evict task with compensationTime 5ms
2026-09-01T18:02:53.279+05:30  INFO 36404 --- [eureka-server] [a-EvictionTimer] c.n.e.registry.AbstractInstanceRegistry  : Running the evict task with compensationTime 15ms
2026-09-01T18:03:53.292+05:30  INFO 36404 --- [eureka-server] [a-EvictionTimer] c.n.e.registry.AbstractInstanceRegistry  : Running the evict task with compensationTime 13ms
2026-09-01T18:15:36.458+05:30  INFO 36404 --- [eureka-server] [a-EvictionTimer] c.n.e.registry.AbstractInstanceRegistry  : Running the evict task with compensationTime 643302ms
2026-09-01T18:16:36.466+05:30  INFO 36404 --- [eureka-server] [a-EvictionTimer] c.n.e.registry.AbstractInstanceRegistry  : Running the evict task with compensationTime 7ms
2026-09-01T18:17:36.472+05:30  INFO 36404 --- [eureka-server] [a-EvictionTimer] c.n.e.registry.AbstractInstanceRegistry  : Running the evict task with compensationTime 6ms
2026-09-01T18:18:36.480+05:30  INFO 36404 --- [eureka-server] [a-EvictionTimer] c.n.e.registry.AbstractInstanceRegistry  : Running the evict task with compensationTime 8ms
2026-09-01T18:19:36.483+05:30  INFO 36404 --- [eureka-server] [a-EvictionTimer] c.n.e.registry.AbstractInstanceRegistry  : Running the evict task with compensationTime 2ms
2026-09-01T18:20:36.498+05:30  INFO 36404 --- [eureka-server] [a-EvictionTimer] c.n.e.registry.AbstractInstanceRegistry  : Running the evict task with compensationTime 15ms
2026-09-01T18:21:27.428+05:30  WARN 36404 --- [eureka-server] [eerNodesUpdater] c.n.eureka.cluster.PeerEurekaNodes       : The replica size seems to be empty. Check the route 53 DNS Registry
2026-09-01T18:21:36.500+05:30  INFO 36404 --- [eureka-server] [a-EvictionTimer] c.n.e.registry.AbstractInstanceRegistry  : Running the evict task with compensationTime 2ms
2026-09-01T18:22:36.503+05:30  INFO 36404 --- [eureka-server] [a-EvictionTimer] c.n.e.registry.AbstractInstanceRegistry  : Running the evict task with compensationTime 2ms
2026-09-01T18:23:36.505+05:30  INFO 36404 --- [eureka-server] [a-EvictionTimer] c.n.e.registry.AbstractInstanceRegistry  : Running the evict task with compensationTime 1ms
2026-09-01T18:24:36.505+05:30  INFO 36404 --- [eureka-server] [a-EvictionTimer] c.n.e.registry.AbstractInstanceRegistry  : Running the evict task with compensationTime 0ms
2026-09-01T18:25:36.510+05:30  INFO 36404 --- [eureka-server] [a-EvictionTimer] c.n.e.registry.AbstractInstanceRegistry  : Running the evict task with compensationTime 5ms
2026-09-01T18:26:25.400+05:30  INFO 36404 --- [eureka-server] [hresholdUpdater] c.n.e.r.PeerAwareInstanceRegistryImpl    : Current renewal threshold is : 0
2026-09-01T18:26:36.524+05:30  INFO 36404 --- [eureka-server] [a-EvictionTimer] c.n.e.registry.AbstractInstanceRegistry  : Running the evict task with compensationTime 12ms
2026-09-01T18:27:36.525+05:30  INFO 36404 --- [eureka-server] [a-EvictionTimer] c.n.e.registry.AbstractInstanceRegistry  : Running the evict task with compensationTime 1ms
2026-09-01T18:28:36.541+05:30  INFO 36404 --- [eureka-server] [a-EvictionTimer] c.n.e.registry.AbstractInstanceRegistry  : Running the evict task with compensationTime 16ms
2026-09-01T18:29:36.549+05:30  INFO 36404 --- [eureka-server] [a-EvictionTimer] c.n.e.registry.AbstractInstanceRegistry  : Running the evict task with compensationTime 7ms
2026-09-01T18:30:36.561+05:30  INFO 36404 --- [eureka-server] [a-EvictionTimer] c.n.e.registry.AbstractInstanceRegistry  : Running the evict task with compensationTime 12ms
2026-09-01T18:31:27.443+05:30  WARN 36404 --- [eureka-server] [eerNodesUpdater] c.n.eureka.cluster.PeerEurekaNodes       : The replica size seems to be empty. Check the route 53 DNS Registry
2026-09-01T18:31:36.568+05:30  INFO 36404 --- [eureka-server] [a-EvictionTimer] c.n.e.registry.AbstractInstanceRegistry  : Running the evict task with compensationTime 6ms
2026-09-01T18:32:36.574+05:30  INFO 36404 --- [eureka-server] [a-EvictionTimer] c.n.e.registry.AbstractInstanceRegistry  : Running the evict task with compensationTime 6ms
2026-09-01T18:33:36.585+05:30  INFO 36404 --- [eureka-server] [a-EvictionTimer] c.n.e.registry.AbstractInstanceRegistry  : Running the evict task with compensationTime 10ms
2026-09-01T18:34:36.593+05:30  INFO 36404 --- [eureka-server] [a-EvictionTimer] c.n.e.registry.AbstractInstanceRegistry  : Running the evict task with compensationTime 7ms
2026-09-01T18:35:36.608+05:30  INFO 36404 --- [eureka-server] [a-EvictionTimer] c.n.e.registry.AbstractInstanceRegistry  : Running the evict task with compensationTime 14ms
2026-09-01T18:36:36.610+05:30  INFO 36404 --- [eureka-server] [a-EvictionTimer] c.n.e.registry.AbstractInstanceRegistry  : Running the evict task with compensationTime 1ms
2026-09-01T18:37:36.619+05:30  INFO 36404 --- [eureka-server] [a-EvictionTimer] c.n.e.registry.AbstractInstanceRegistry  : Running the evict task with compensationTime 9ms
2026-09-01T18:38:36.627+05:30  INFO 36404 --- [eureka-server] [a-EvictionTimer] c.n.e.registry.AbstractInstanceRegistry  : Running the evict task with compensationTime 7ms
2026-09-01T18:39:36.640+05:30  INFO 36404 --- [eureka-server] [a-EvictionTimer] c.n.e.registry.AbstractInstanceRegistry  : Running the evict task with compensationTime 13ms
2026-09-01T18:40:36.647+05:30  INFO 36404 --- [eureka-server] [a-EvictionTimer] c.n.e.registry.AbstractInstanceRegistry  : Running the evict task with compensationTime 6ms
2026-09-01T18:41:25.412+05:30  INFO 36404 --- [eureka-server] [hresholdUpdater] c.n.e.r.PeerAwareInstanceRegistryImpl    : Current renewal threshold is : 0
2026-09-01T18:41:27.487+05:30  WARN 36404 --- [eureka-server] [eerNodesUpdater] c.n.eureka.cluster.PeerEurekaNodes       : The replica size seems to be empty. Check the route 53 DNS Registry
2026-09-01T18:41:36.665+05:30  INFO 36404 --- [eureka-server] [a-EvictionTimer] c.n.e.registry.AbstractInstanceRegistry  : Running the evict task with compensationTime 17ms
2026-09-01T18:42:36.676+05:30  INFO 36404 --- [eureka-server] [a-EvictionTimer] c.n.e.registry.AbstractInstanceRegistry  : Running the evict task with compensationTime 11ms
2026-09-01T18:43:36.685+05:30  INFO 36404 --- [eureka-server] [a-EvictionTimer] c.n.e.registry.AbstractInstanceRegistry  : Running the evict task with compensationTime 8ms
2026-09-01T18:44:36.696+05:30  INFO 36404 --- [eureka-server] [a-EvictionTimer] c.n.e.registry.AbstractInstanceRegistry  : Running the evict task with compensationTime 11ms
2026-09-01T18:45:36.708+05:30  INFO 36404 --- [eureka-server] [a-EvictionTimer] c.n.e.registry.AbstractInstanceRegistry  : Running the evict task with compensationTime 11ms
2026-09-01T18:46:36.710+05:30  INFO 36404 --- [eureka-server] [a-EvictionTimer] c.n.e.registry.AbstractInstanceRegistry  : Running the evict task with compensationTime 2ms
2026-09-01T18:47:36.715+05:30  INFO 36404 --- [eureka-server] [a-EvictionTimer] c.n.e.registry.AbstractInstanceRegistry  : Running the evict task with compensationTime 4ms
2026-09-01T18:48:36.724+05:30  INFO 36404 --- [eureka-server] [a-EvictionTimer] c.n.e.registry.AbstractInstanceRegistry  : Running the evict task with compensationTime 9ms
2026-09-01T18:49:36.726+05:30  INFO 36404 --- [eureka-server] [a-EvictionTimer] c.n.e.registry.AbstractInstanceRegistry  : Running the evict task with compensationTime 1ms
2026-09-01T18:50:36.740+05:30  INFO 36404 --- [eureka-server] [a-EvictionTimer] c.n.e.registry.AbstractInstanceRegistry  : Running the evict task with compensationTime 11ms
2026-09-01T18:51:27.514+05:30  WARN 36404 --- [eureka-server] [eerNodesUpdater] c.n.eureka.cluster.PeerEurekaNodes       : The replica size seems to be empty. Check the route 53 DNS Registry
2026-09-01T18:51:36.743+05:30  INFO 36404 --- [eureka-server] [a-EvictionTimer] c.n.e.registry.AbstractInstanceRegistry  : Running the evict task with compensationTime 5ms
2026-09-01T18:52:36.756+05:30  INFO 36404 --- [eureka-server] [a-EvictionTimer] c.n.e.registry.AbstractInstanceRegistry  : Running the evict task with compensationTime 13ms
2026-09-01T18:53:36.778+05:30  INFO 36404 --- [eureka-server] [a-EvictionTimer] c.n.e.registry.AbstractInstanceRegistry  : Running the evict task with compensationTime 15ms
2026-09-01T18:54:36.778+05:30  INFO 36404 --- [eureka-server] [a-EvictionTimer] c.n.e.registry.AbstractInstanceRegistry  : Running the evict task with compensationTime 6ms
2026-09-01T18:55:36.791+05:30  INFO 36404 --- [eureka-server] [a-EvictionTimer] c.n.e.registry.AbstractInstanceRegistry  : Running the evict task with compensationTime 12ms
2026-09-01T18:56:25.413+05:30  INFO 36404 --- [eureka-server] [hresholdUpdater] c.n.e.r.PeerAwareInstanceRegistryImpl    : Current renewal threshold is : 0
2026-09-01T18:56:36.791+05:30  INFO 36404 --- [eureka-server] [a-EvictionTimer] c.n.e.registry.AbstractInstanceRegistry  : Running the evict task with compensationTime 0ms
2026-09-01T18:57:36.796+05:30  INFO 36404 --- [eureka-server] [a-EvictionTimer] c.n.e.registry.AbstractInstanceRegistry  : Running the evict task with compensationTime 5ms
2026-09-01T18:58:36.799+05:30  INFO 36404 --- [eureka-server] [a-EvictionTimer] c.n.e.registry.AbstractInstanceRegistry  : Running the evict task with compensationTime 2ms
2026-09-01T18:59:36.810+05:30  INFO 36404 --- [eureka-server] [a-EvictionTimer] c.n.e.registry.AbstractInstanceRegistry  : Running the evict task with compensationTime 11ms
2026-09-01T19:00:36.815+05:30  INFO 36404 --- [eureka-server] [a-EvictionTimer] c.n.e.registry.AbstractInstanceRegistry  : Running the evict task with compensationTime 4ms
2026-09-01T19:01:27.527+05:30  WARN 36404 --- [eureka-server] [eerNodesUpdater] c.n.eureka.cluster.PeerEurekaNodes       : The replica size seems to be empty. Check the route 53 DNS Registry
2026-09-01T19:01:36.822+05:30  INFO 36404 --- [eureka-server] [a-EvictionTimer] c.n.e.registry.AbstractInstanceRegistry  : Running the evict task with compensationTime 8ms
2026-09-01T19:02:36.824+05:30  INFO 36404 --- [eureka-server] [a-EvictionTimer] c.n.e.registry.AbstractInstanceRegistry  : Running the evict task with compensationTime 1ms
2026-09-01T19:03:36.849+05:30  INFO 36404 --- [eureka-server] [a-EvictionTimer] c.n.e.registry.AbstractInstanceRegistry  : Running the evict task with compensationTime 14ms
2026-09-01T19:04:36.851+05:30  INFO 36404 --- [eureka-server] [a-EvictionTimer] c.n.e.registry.AbstractInstanceRegistry  : Running the evict task with compensationTime 12ms
2026-09-01T19:05:36.858+05:30  INFO 36404 --- [eureka-server] [a-EvictionTimer] c.n.e.registry.AbstractInstanceRegistry  : Running the evict task with compensationTime 6ms
2026-09-01T19:06:36.873+05:30  INFO 36404 --- [eureka-server] [a-EvictionTimer] c.n.e.registry.AbstractInstanceRegistry  : Running the evict task with compensationTime 15ms
2026-09-01T19:07:36.877+05:30  INFO 36404 --- [eureka-server] [a-EvictionTimer] c.n.e.registry.AbstractInstanceRegistry  : Running the evict task with compensationTime 2ms
2026-09-01T19:08:36.882+05:30  INFO 36404 --- [eureka-server] [a-EvictionTimer] c.n.e.registry.AbstractInstanceRegistry  : Running the evict task with compensationTime 5ms
2026-09-01T19:09:36.893+05:30  INFO 36404 --- [eureka-server] [a-EvictionTimer] c.n.e.registry.AbstractInstanceRegistry  : Running the evict task with compensationTime 11ms
2026-09-01T19:10:36.897+05:30  INFO 36404 --- [eureka-server] [a-EvictionTimer] c.n.e.registry.AbstractInstanceRegistry  : Running the evict task with compensationTime 4ms
2026-09-01T19:11:25.434+05:30  INFO 36404 --- [eureka-server] [hresholdUpdater] c.n.e.r.PeerAwareInstanceRegistryImpl    : Current renewal threshold is : 0
2026-09-01T19:11:27.542+05:30  WARN 36404 --- [eureka-server] [eerNodesUpdater] c.n.eureka.cluster.PeerEurekaNodes       : The replica size seems to be empty. Check the route 53 DNS Registry
2026-09-01T19:11:36.900+05:30  INFO 36404 --- [eureka-server] [a-EvictionTimer] c.n.e.registry.AbstractInstanceRegistry  : Running the evict task with compensationTime 2ms
2026-09-01T19:12:36.907+05:30  INFO 36404 --- [eureka-server] [a-EvictionTimer] c.n.e.registry.AbstractInstanceRegistry  : Running the evict task with compensationTime 7ms
2026-09-01T19:13:36.914+05:30  INFO 36404 --- [eureka-server] [a-EvictionTimer] c.n.e.registry.AbstractInstanceRegistry  : Running the evict task with compensationTime 6ms
2026-09-01T19:14:36.925+05:30  INFO 36404 --- [eureka-server] [a-EvictionTimer] c.n.e.registry.AbstractInstanceRegistry  : Running the evict task with compensationTime 11ms
2026-09-01T19:15:36.943+05:30  INFO 36404 --- [eureka-server] [a-EvictionTimer] c.n.e.registry.AbstractInstanceRegistry  : Running the evict task with compensationTime 18ms
2026-09-01T19:16:36.947+05:30  INFO 36404 --- [eureka-server] [a-EvictionTimer] c.n.e.registry.AbstractInstanceRegistry  : Running the evict task with compensationTime 4ms
2026-09-01T19:17:36.952+05:30  INFO 36404 --- [eureka-server] [a-EvictionTimer] c.n.e.registry.AbstractInstanceRegistry  : Running the evict task with compensationTime 4ms
2026-09-01T19:18:36.959+05:30  INFO 36404 --- [eureka-server] [a-EvictionTimer] c.n.e.registry.AbstractInstanceRegistry  : Running the evict task with compensationTime 5ms
2026-09-01T19:19:36.967+05:30  INFO 36404 --- [eureka-server] [a-EvictionTimer] c.n.e.registry.AbstractInstanceRegistry  : Running the evict task with compensationTime 8ms
2026-09-01T19:20:36.981+05:30  INFO 36404 --- [eureka-server] [a-EvictionTimer] c.n.e.registry.AbstractInstanceRegistry  : Running the evict task with compensationTime 14ms
2026-09-01T19:21:27.556+05:30  WARN 36404 --- [eureka-server] [eerNodesUpdater] c.n.eureka.cluster.PeerEurekaNodes       : The replica size seems to be empty. Check the route 53 DNS Registry
2026-09-01T19:21:36.982+05:30  INFO 36404 --- [eureka-server] [a-EvictionTimer] c.n.e.registry.AbstractInstanceRegistry  : Running the evict task with compensationTime 1ms
2026-09-01T19:22:36.988+05:30  INFO 36404 --- [eureka-server] [a-EvictionTimer] c.n.e.registry.AbstractInstanceRegistry  : Running the evict task with compensationTime 5ms
2026-09-01T22:19:48.744+05:30  INFO 36404 --- [eureka-server] [a-EvictionTimer] c.n.e.registry.AbstractInstanceRegistry  : Running the evict task with compensationTime 10571891ms
2026-09-01T22:20:48.742+05:30  INFO 36404 --- [eureka-server] [a-EvictionTimer] c.n.e.registry.AbstractInstanceRegistry  : Running the evict task with compensationTime 0ms
2026-09-01T22:21:48.744+05:30  INFO 36404 --- [eureka-server] [a-EvictionTimer] c.n.e.registry.AbstractInstanceRegistry  : Running the evict task with compensationTime 2ms
2026-09-01T22:22:37.206+05:30  INFO 36404 --- [eureka-server] [hresholdUpdater] c.n.e.r.PeerAwareInstanceRegistryImpl    : Current renewal threshold is : 0
2026-09-01T22:22:48.747+05:30  INFO 36404 --- [eureka-server] [a-EvictionTimer] c.n.e.registry.AbstractInstanceRegistry  : Running the evict task with compensationTime 2ms
2026-09-01T22:23:48.752+05:30  INFO 36404 --- [eureka-server] [a-EvictionTimer] c.n.e.registry.AbstractInstanceRegistry  : Running the evict task with compensationTime 5ms
2026-09-01T22:24:48.759+05:30  INFO 36404 --- [eureka-server] [a-EvictionTimer] c.n.e.registry.AbstractInstanceRegistry  : Running the evict task with compensationTime 7ms
2026-09-01T22:25:48.765+05:30  INFO 36404 --- [eureka-server] [a-EvictionTimer] c.n.e.registry.AbstractInstanceRegistry  : Running the evict task with compensationTime 5ms
2026-09-01T22:26:48.777+05:30  INFO 36404 --- [eureka-server] [a-EvictionTimer] c.n.e.registry.AbstractInstanceRegistry  : Running the evict task with compensationTime 11ms
2026-09-01T22:27:39.332+05:30  WARN 36404 --- [eureka-server] [eerNodesUpdater] c.n.eureka.cluster.PeerEurekaNodes       : The replica size seems to be empty. Check the route 53 DNS Registry
2026-09-01T22:27:48.778+05:30  INFO 36404 --- [eureka-server] [a-EvictionTimer] c.n.e.registry.AbstractInstanceRegistry  : Running the evict task with compensationTime 0ms
2026-09-01T22:28:48.778+05:30  INFO 36404 --- [eureka-server] [a-EvictionTimer] c.n.e.registry.AbstractInstanceRegistry  : Running the evict task with compensationTime 0ms
2026-09-01T22:29:48.791+05:30  INFO 36404 --- [eureka-server] [a-EvictionTimer] c.n.e.registry.AbstractInstanceRegistry  : Running the evict task with compensationTime 12ms
2026-09-01T22:30:48.802+05:30  INFO 36404 --- [eureka-server] [a-EvictionTimer] c.n.e.registry.AbstractInstanceRegistry  : Running the evict task with compensationTime 12ms
2026-09-01T22:31:48.811+05:30  INFO 36404 --- [eureka-server] [a-EvictionTimer] c.n.e.registry.AbstractInstanceRegistry  : Running the evict task with compensationTime 7ms
2026-09-01T22:32:48.823+05:30  INFO 36404 --- [eureka-server] [a-EvictionTimer] c.n.e.registry.AbstractInstanceRegistry  : Running the evict task with compensationTime 12ms
2026-09-01T22:33:48.829+05:30  INFO 36404 --- [eureka-server] [a-EvictionTimer] c.n.e.registry.AbstractInstanceRegistry  : Running the evict task with compensationTime 6ms
2026-09-01T22:34:48.836+05:30  INFO 36404 --- [eureka-server] [a-EvictionTimer] c.n.e.registry.AbstractInstanceRegistry  : Running the evict task with compensationTime 6ms
2026-09-01T22:35:48.848+05:30  INFO 36404 --- [eureka-server] [a-EvictionTimer] c.n.e.registry.AbstractInstanceRegistry  : Running the evict task with compensationTime 11ms
2026-09-01T22:36:48.850+05:30  INFO 36404 --- [eureka-server] [a-EvictionTimer] c.n.e.registry.AbstractInstanceRegistry  : Running the evict task with compensationTime 2ms
2026-09-01T22:37:37.204+05:30  INFO 36404 --- [eureka-server] [hresholdUpdater] c.n.e.r.PeerAwareInstanceRegistryImpl    : Current renewal threshold is : 0
2026-09-01T22:37:39.351+05:30  WARN 36404 --- [eureka-server] [eerNodesUpdater] c.n.eureka.cluster.PeerEurekaNodes       : The replica size seems to be empty. Check the route 53 DNS Registry
2026-09-01T22:37:48.857+05:30  INFO 36404 --- [eureka-server] [a-EvictionTimer] c.n.e.registry.AbstractInstanceRegistry  : Running the evict task with compensationTime 6ms
2026-09-01T22:38:48.868+05:30  INFO 36404 --- [eureka-server] [a-EvictionTimer] c.n.e.registry.AbstractInstanceRegistry  : Running the evict task with compensationTime 11ms
2026-09-01T22:39:48.881+05:30  INFO 36404 --- [eureka-server] [a-EvictionTimer] c.n.e.registry.AbstractInstanceRegistry  : Running the evict task with compensationTime 12ms
2026-09-01T22:40:48.891+05:30  INFO 36404 --- [eureka-server] [a-EvictionTimer] c.n.e.registry.AbstractInstanceRegistry  : Running the evict task with compensationTime 10ms
2026-09-01T22:41:48.902+05:30  INFO 36404 --- [eureka-server] [a-EvictionTimer] c.n.e.registry.AbstractInstanceRegistry  : Running the evict task with compensationTime 11ms
2026-09-01T22:42:48.905+05:30  INFO 36404 --- [eureka-server] [a-EvictionTimer] c.n.e.registry.AbstractInstanceRegistry  : Running the evict task with compensationTime 3ms
2026-09-01T22:43:48.912+05:30  INFO 36404 --- [eureka-server] [a-EvictionTimer] c.n.e.registry.AbstractInstanceRegistry  : Running the evict task with compensationTime 6ms
2026-09-01T22:44:48.915+05:30  INFO 36404 --- [eureka-server] [a-EvictionTimer] c.n.e.registry.AbstractInstanceRegistry  : Running the evict task with compensationTime 2ms
2026-09-01T22:45:48.918+05:30  INFO 36404 --- [eureka-server] [a-EvictionTimer] c.n.e.registry.AbstractInstanceRegistry  : Running the evict task with compensationTime 2ms
2026-09-01T22:46:48.924+05:30  INFO 36404 --- [eureka-server] [a-EvictionTimer] c.n.e.registry.AbstractInstanceRegistry  : Running the evict task with compensationTime 5ms
2026-09-01T22:47:39.370+05:30  WARN 36404 --- [eureka-server] [eerNodesUpdater] c.n.eureka.cluster.PeerEurekaNodes       : The replica size seems to be empty. Check the route 53 DNS Registry
2026-09-01T22:47:48.928+05:30  INFO 36404 --- [eureka-server] [a-EvictionTimer] c.n.e.registry.AbstractInstanceRegistry  : Running the evict task with compensationTime 4ms
2026-09-01T22:48:48.936+05:30  INFO 36404 --- [eureka-server] [a-EvictionTimer] c.n.e.registry.AbstractInstanceRegistry  : Running the evict task with compensationTime 7ms
2026-09-01T22:49:48.936+05:30  INFO 36404 --- [eureka-server] [a-EvictionTimer] c.n.e.registry.AbstractInstanceRegistry  : Running the evict task with compensationTime 0ms
2026-09-01T22:50:48.940+05:30  INFO 36404 --- [eureka-server] [a-EvictionTimer] c.n.e.registry.AbstractInstanceRegistry  : Running the evict task with compensationTime 3ms
2026-09-01T22:51:48.952+05:30  INFO 36404 --- [eureka-server] [a-EvictionTimer] c.n.e.registry.AbstractInstanceRegistry  : Running the evict task with compensationTime 11ms
2026-09-01T22:52:37.246+05:30  INFO 36404 --- [eureka-server] [hresholdUpdater] c.n.e.r.PeerAwareInstanceRegistryImpl    : Current renewal threshold is : 0
2026-09-01T22:52:48.955+05:30  INFO 36404 --- [eureka-server] [a-EvictionTimer] c.n.e.registry.AbstractInstanceRegistry  : Running the evict task with compensationTime 3ms
2026-09-01T22:53:48.963+05:30  INFO 36404 --- [eureka-server] [a-EvictionTimer] c.n.e.registry.AbstractInstanceRegistry  : Running the evict task with compensationTime 8ms
2026-09-01T22:54:48.964+05:30  INFO 36404 --- [eureka-server] [a-EvictionTimer] c.n.e.registry.AbstractInstanceRegistry  : Running the evict task with compensationTime 0ms
2026-09-01T22:55:48.970+05:30  INFO 36404 --- [eureka-server] [a-EvictionTimer] c.n.e.registry.AbstractInstanceRegistry  : Running the evict task with compensationTime 6ms
2026-09-01T22:56:48.971+05:30  INFO 36404 --- [eureka-server] [a-EvictionTimer] c.n.e.registry.AbstractInstanceRegistry  : Running the evict task with compensationTime 0ms
2026-09-01T22:57:39.401+05:30  WARN 36404 --- [eureka-server] [eerNodesUpdater] c.n.eureka.cluster.PeerEurekaNodes       : The replica size seems to be empty. Check the route 53 DNS Registry
2026-09-01T22:57:48.983+05:30  INFO 36404 --- [eureka-server] [a-EvictionTimer] c.n.e.registry.AbstractInstanceRegistry  : Running the evict task with compensationTime 11ms
2026-09-01T22:58:48.992+05:30  INFO 36404 --- [eureka-server] [a-EvictionTimer] c.n.e.registry.AbstractInstanceRegistry  : Running the evict task with compensationTime 8ms
2026-09-01T22:59:48.992+05:30  INFO 36404 --- [eureka-server] [a-EvictionTimer] c.n.e.registry.AbstractInstanceRegistry  : Running the evict task with compensationTime 0ms
2026-09-01T23:00:49.002+05:30  INFO 36404 --- [eureka-server] [a-EvictionTimer] c.n.e.registry.AbstractInstanceRegistry  : Running the evict task with compensationTime 10ms
2026-09-01T23:01:49.015+05:30  INFO 36404 --- [eureka-server] [a-EvictionTimer] c.n.e.registry.AbstractInstanceRegistry  : Running the evict task with compensationTime 13ms
2026-09-01T23:02:49.018+05:30  INFO 36404 --- [eureka-server] [a-EvictionTimer] c.n.e.registry.AbstractInstanceRegistry  : Running the evict task with compensationTime 1ms
2026-09-01T23:03:49.026+05:30  INFO 36404 --- [eureka-server] [a-EvictionTimer] c.n.e.registry.AbstractInstanceRegistry  : Running the evict task with compensationTime 9ms
2026-09-01T23:04:49.034+05:30  INFO 36404 --- [eureka-server] [a-EvictionTimer] c.n.e.registry.AbstractInstanceRegistry  : Running the evict task with compensationTime 7ms
2026-09-01T23:05:49.041+05:30  INFO 36404 --- [eureka-server] [a-EvictionTimer] c.n.e.registry.AbstractInstanceRegistry  : Running the evict task with compensationTime 6ms
2026-09-01T23:06:49.057+05:30  INFO 36404 --- [eureka-server] [a-EvictionTimer] c.n.e.registry.AbstractInstanceRegistry  : Running the evict task with compensationTime 15ms
2026-09-01T23:07:37.251+05:30  INFO 36404 --- [eureka-server] [hresholdUpdater] c.n.e.r.PeerAwareInstanceRegistryImpl    : Current renewal threshold is : 0
2026-09-01T23:07:39.433+05:30  WARN 36404 --- [eureka-server] [eerNodesUpdater] c.n.eureka.cluster.PeerEurekaNodes       : The replica size seems to be empty. Check the route 53 DNS Registry
2026-09-01T23:07:49.058+05:30  INFO 36404 --- [eureka-server] [a-EvictionTimer] c.n.e.registry.AbstractInstanceRegistry  : Running the evict task with compensationTime 1ms
2026-09-01T23:08:49.073+05:30  INFO 36404 --- [eureka-server] [a-EvictionTimer] c.n.e.registry.AbstractInstanceRegistry  : Running the evict task with compensationTime 14ms
2026-09-01T23:09:49.084+05:30  INFO 36404 --- [eureka-server] [a-EvictionTimer] c.n.e.registry.AbstractInstanceRegistry  : Running the evict task with compensationTime 11ms
2026-09-01T23:10:49.094+05:30  INFO 36404 --- [eureka-server] [a-EvictionTimer] c.n.e.registry.AbstractInstanceRegistry  : Running the evict task with compensationTime 9ms
2026-09-01T23:11:49.096+05:30  INFO 36404 --- [eureka-server] [a-EvictionTimer] c.n.e.registry.AbstractInstanceRegistry  : Running the evict task with compensationTime 1ms
2026-09-01T23:12:49.105+05:30  INFO 36404 --- [eureka-server] [a-EvictionTimer] c.n.e.registry.AbstractInstanceRegistry  : Running the evict task with compensationTime 9ms
2026-09-01T23:13:49.116+05:30  INFO 36404 --- [eureka-server] [a-EvictionTimer] c.n.e.registry.AbstractInstanceRegistry  : Running the evict task with compensationTime 10ms
2026-09-01T23:14:49.132+05:30  INFO 36404 --- [eureka-server] [a-EvictionTimer] c.n.e.registry.AbstractInstanceRegistry  : Running the evict task with compensationTime 14ms
2026-09-01T23:15:49.136+05:30  INFO 36404 --- [eureka-server] [a-EvictionTimer] c.n.e.registry.AbstractInstanceRegistry  : Running the evict task with compensationTime 7ms
2026-09-01T23:16:49.149+05:30  INFO 36404 --- [eureka-server] [a-EvictionTimer] c.n.e.registry.AbstractInstanceRegistry  : Running the evict task with compensationTime 11ms
2026-09-01T23:17:39.462+05:30  WARN 36404 --- [eureka-server] [eerNodesUpdater] c.n.eureka.cluster.PeerEurekaNodes       : The replica size seems to be empty. Check the route 53 DNS Registry
2026-09-01T23:17:49.150+05:30  INFO 36404 --- [eureka-server] [a-EvictionTimer] c.n.e.registry.AbstractInstanceRegistry  : Running the evict task with compensationTime 1ms
2026-09-01T23:18:49.156+05:30  INFO 36404 --- [eureka-server] [a-EvictionTimer] c.n.e.registry.AbstractInstanceRegistry  : Running the evict task with compensationTime 5ms
2026-09-01T23:19:49.160+05:30  INFO 36404 --- [eureka-server] [a-EvictionTimer] c.n.e.registry.AbstractInstanceRegistry  : Running the evict task with compensationTime 4ms
2026-09-01T23:20:49.170+05:30  INFO 36404 --- [eureka-server] [a-EvictionTimer] c.n.e.registry.AbstractInstanceRegistry  : Running the evict task with compensationTime 10ms
2026-09-01T23:21:49.182+05:30  INFO 36404 --- [eureka-server] [a-EvictionTimer] c.n.e.registry.AbstractInstanceRegistry  : Running the evict task with compensationTime 11ms
2026-09-01T23:22:37.248+05:30  INFO 36404 --- [eureka-server] [hresholdUpdater] c.n.e.r.PeerAwareInstanceRegistryImpl    : Current renewal threshold is : 0
2026-09-01T23:22:49.191+05:30  INFO 36404 --- [eureka-server] [a-EvictionTimer] c.n.e.registry.AbstractInstanceRegistry  : Running the evict task with compensationTime 8ms
2026-09-01T23:23:49.195+05:30  INFO 36404 --- [eureka-server] [a-EvictionTimer] c.n.e.registry.AbstractInstanceRegistry  : Running the evict task with compensationTime 4ms
2026-09-01T23:24:49.207+05:30  INFO 36404 --- [eureka-server] [a-EvictionTimer] c.n.e.registry.AbstractInstanceRegistry  : Running the evict task with compensationTime 11ms
2026-09-01T23:25:49.214+05:30  INFO 36404 --- [eureka-server] [a-EvictionTimer] c.n.e.registry.AbstractInstanceRegistry  : Running the evict task with compensationTime 6ms
2026-09-01T23:26:49.215+05:30  INFO 36404 --- [eureka-server] [a-EvictionTimer] c.n.e.registry.AbstractInstanceRegistry  : Running the evict task with compensationTime 0ms
2026-09-01T23:27:39.481+05:30  WARN 36404 --- [eureka-server] [eerNodesUpdater] c.n.eureka.cluster.PeerEurekaNodes       : The replica size seems to be empty. Check the route 53 DNS Registry
2026-09-01T23:27:49.217+05:30  INFO 36404 --- [eureka-server] [a-EvictionTimer] c.n.e.registry.AbstractInstanceRegistry  : Running the evict task with compensationTime 2ms
2026-09-01T23:28:49.228+05:30  INFO 36404 --- [eureka-server] [a-EvictionTimer] c.n.e.registry.AbstractInstanceRegistry  : Running the evict task with compensationTime 10ms
2026-09-01T23:29:49.231+05:30  INFO 36404 --- [eureka-server] [a-EvictionTimer] c.n.e.registry.AbstractInstanceRegistry  : Running the evict task with compensationTime 3ms
2026-09-01T23:30:49.247+05:30  INFO 36404 --- [eureka-server] [a-EvictionTimer] c.n.e.registry.AbstractInstanceRegistry  : Running the evict task with compensationTime 14ms
2026-09-01T23:31:49.258+05:30  INFO 36404 --- [eureka-server] [a-EvictionTimer] c.n.e.registry.AbstractInstanceRegistry  : Running the evict task with compensationTime 11ms
2026-09-01T23:32:49.265+05:30  INFO 36404 --- [eureka-server] [a-EvictionTimer] c.n.e.registry.AbstractInstanceRegistry  : Running the evict task with compensationTime 7ms
2026-09-01T23:33:49.268+05:30  INFO 36404 --- [eureka-server] [a-EvictionTimer] c.n.e.registry.AbstractInstanceRegistry  : Running the evict task with compensationTime 2ms
2026-09-01T23:34:49.274+05:30  INFO 36404 --- [eureka-server] [a-EvictionTimer] c.n.e.registry.AbstractInstanceRegistry  : Running the evict task with compensationTime 6ms
2026-09-01T23:35:49.287+05:30  INFO 36404 --- [eureka-server] [a-EvictionTimer] c.n.e.registry.AbstractInstanceRegistry  : Running the evict task with compensationTime 12ms
2026-09-01T23:36:49.292+05:30  INFO 36404 --- [eureka-server] [a-EvictionTimer] c.n.e.registry.AbstractInstanceRegistry  : Running the evict task with compensationTime 4ms
2026-09-01T23:37:37.235+05:30  INFO 36404 --- [eureka-server] [hresholdUpdater] c.n.e.r.PeerAwareInstanceRegistryImpl    : Current renewal threshold is : 0
2026-09-01T23:37:39.496+05:30  WARN 36404 --- [eureka-server] [eerNodesUpdater] c.n.eureka.cluster.PeerEurekaNodes       : The replica size seems to be empty. Check the route 53 DNS Registry
2026-09-01T23:37:49.304+05:30  INFO 36404 --- [eureka-server] [a-EvictionTimer] c.n.e.registry.AbstractInstanceRegistry  : Running the evict task with compensationTime 11ms
2026-09-01T23:38:49.312+05:30  INFO 36404 --- [eureka-server] [a-EvictionTimer] c.n.e.registry.AbstractInstanceRegistry  : Running the evict task with compensationTime 8ms
2026-09-01T23:39:49.327+05:30  INFO 36404 --- [eureka-server] [a-EvictionTimer] c.n.e.registry.AbstractInstanceRegistry  : Running the evict task with compensationTime 15ms
2026-09-01T23:40:49.334+05:30  INFO 36404 --- [eureka-server] [a-EvictionTimer] c.n.e.registry.AbstractInstanceRegistry  : Running the evict task with compensationTime 6ms
2026-09-01T23:41:49.343+05:30  INFO 36404 --- [eureka-server] [a-EvictionTimer] c.n.e.registry.AbstractInstanceRegistry  : Running the evict task with compensationTime 9ms
2026-09-01T23:42:49.345+05:30  INFO 36404 --- [eureka-server] [a-EvictionTimer] c.n.e.registry.AbstractInstanceRegistry  : Running the evict task with compensationTime 1ms
2026-09-01T23:43:49.350+05:30  INFO 36404 --- [eureka-server] [a-EvictionTimer] c.n.e.registry.AbstractInstanceRegistry  : Running the evict task with compensationTime 4ms
2026-09-01T23:44:49.364+05:30  INFO 36404 --- [eureka-server] [a-EvictionTimer] c.n.e.registry.AbstractInstanceRegistry  : Running the evict task with compensationTime 14ms
2026-09-01T23:45:49.367+05:30  INFO 36404 --- [eureka-server] [a-EvictionTimer] c.n.e.registry.AbstractInstanceRegistry  : Running the evict task with compensationTime 3ms
2026-09-01T23:46:49.374+05:30  INFO 36404 --- [eureka-server] [a-EvictionTimer] c.n.e.registry.AbstractInstanceRegistry  : Running the evict task with compensationTime 5ms
2026-09-01T23:47:39.507+05:30  WARN 36404 --- [eureka-server] [eerNodesUpdater] c.n.eureka.cluster.PeerEurekaNodes       : The replica size seems to be empty. Check the route 53 DNS Registry
2026-09-01T23:47:49.378+05:30  INFO 36404 --- [eureka-server] [a-EvictionTimer] c.n.e.registry.AbstractInstanceRegistry  : Running the evict task with compensationTime 4ms
2026-09-01T23:48:49.381+05:30  INFO 36404 --- [eureka-server] [a-EvictionTimer] c.n.e.registry.AbstractInstanceRegistry  : Running the evict task with compensationTime 3ms
2026-09-01T23:49:49.384+05:30  INFO 36404 --- [eureka-server] [a-EvictionTimer] c.n.e.registry.AbstractInstanceRegistry  : Running the evict task with compensationTime 3ms
2026-09-01T23:50:49.384+05:30  INFO 36404 --- [eureka-server] [a-EvictionTimer] c.n.e.registry.AbstractInstanceRegistry  : Running the evict task with compensationTime 0ms
2026-09-01T23:51:49.392+05:30  INFO 36404 --- [eureka-server] [a-EvictionTimer] c.n.e.registry.AbstractInstanceRegistry  : Running the evict task with compensationTime 7ms
2026-09-01T23:52:37.245+05:30  INFO 36404 --- [eureka-server] [hresholdUpdater] c.n.e.r.PeerAwareInstanceRegistryImpl    : Current renewal threshold is : 0
2026-09-01T23:52:49.394+05:30  INFO 36404 --- [eureka-server] [a-EvictionTimer] c.n.e.registry.AbstractInstanceRegistry  : Running the evict task with compensationTime 2ms
2026-09-01T23:53:49.397+05:30  INFO 36404 --- [eureka-server] [a-EvictionTimer] c.n.e.registry.AbstractInstanceRegistry  : Running the evict task with compensationTime 2ms
2026-09-01T23:54:49.413+05:30  INFO 36404 --- [eureka-server] [a-EvictionTimer] c.n.e.registry.AbstractInstanceRegistry  : Running the evict task with compensationTime 14ms
2026-09-01T23:55:49.418+05:30  INFO 36404 --- [eureka-server] [a-EvictionTimer] c.n.e.registry.AbstractInstanceRegistry  : Running the evict task with compensationTime 6ms
2026-09-01T23:56:49.431+05:30  INFO 36404 --- [eureka-server] [a-EvictionTimer] c.n.e.registry.AbstractInstanceRegistry  : Running the evict task with compensationTime 12ms
2026-09-01T23:57:39.511+05:30  WARN 36404 --- [eureka-server] [eerNodesUpdater] c.n.eureka.cluster.PeerEurekaNodes       : The replica size seems to be empty. Check the route 53 DNS Registry
2026-09-01T23:57:49.439+05:30  INFO 36404 --- [eureka-server] [a-EvictionTimer] c.n.e.registry.AbstractInstanceRegistry  : Running the evict task with compensationTime 8ms
2026-09-01T23:58:49.447+05:30  INFO 36404 --- [eureka-server] [a-EvictionTimer] c.n.e.registry.AbstractInstanceRegistry  : Running the evict task with compensationTime 8ms
2026-09-01T23:59:49.452+05:30  INFO 36404 --- [eureka-server] [a-EvictionTimer] c.n.e.registry.AbstractInstanceRegistry  : Running the evict task with compensationTime 5ms
2026-09-02T00:00:49.467+05:30  INFO 36404 --- [eureka-server] [a-EvictionTimer] c.n.e.registry.AbstractInstanceRegistry  : Running the evict task with compensationTime 14ms
2026-09-02T00:01:49.477+05:30  INFO 36404 --- [eureka-server] [a-EvictionTimer] c.n.e.registry.AbstractInstanceRegistry  : Running the evict task with compensationTime 10ms
2026-09-02T00:02:49.491+05:30  INFO 36404 --- [eureka-server] [a-EvictionTimer] c.n.e.registry.AbstractInstanceRegistry  : Running the evict task with compensationTime 14ms
2026-09-02T00:03:49.504+05:30  INFO 36404 --- [eureka-server] [a-EvictionTimer] c.n.e.registry.AbstractInstanceRegistry  : Running the evict task with compensationTime 13ms
2026-09-02T00:04:49.506+05:30  INFO 36404 --- [eureka-server] [a-EvictionTimer] c.n.e.registry.AbstractInstanceRegistry  : Running the evict task with compensationTime 1ms
2026-09-02T00:05:49.510+05:30  INFO 36404 --- [eureka-server] [a-EvictionTimer] c.n.e.registry.AbstractInstanceRegistry  : Running the evict task with compensationTime 4ms
2026-09-02T00:06:49.519+05:30  INFO 36404 --- [eureka-server] [a-EvictionTimer] c.n.e.registry.AbstractInstanceRegistry  : Running the evict task with compensationTime 8ms
2026-09-02T00:07:37.259+05:30  INFO 36404 --- [eureka-server] [hresholdUpdater] c.n.e.r.PeerAwareInstanceRegistryImpl    : Current renewal threshold is : 0
2026-09-02T00:07:39.536+05:30  WARN 36404 --- [eureka-server] [eerNodesUpdater] c.n.eureka.cluster.PeerEurekaNodes       : The replica size seems to be empty. Check the route 53 DNS Registry
2026-09-02T00:07:49.525+05:30  INFO 36404 --- [eureka-server] [a-EvictionTimer] c.n.e.registry.AbstractInstanceRegistry  : Running the evict task with compensationTime 6ms
2026-09-02T00:08:49.540+05:30  INFO 36404 --- [eureka-server] [a-EvictionTimer] c.n.e.registry.AbstractInstanceRegistry  : Running the evict task with compensationTime 13ms
2026-09-02T00:09:49.552+05:30  INFO 36404 --- [eureka-server] [a-EvictionTimer] c.n.e.registry.AbstractInstanceRegistry  : Running the evict task with compensationTime 12ms
2026-09-02T00:10:49.560+05:30  INFO 36404 --- [eureka-server] [a-EvictionTimer] c.n.e.registry.AbstractInstanceRegistry  : Running the evict task with compensationTime 8ms
2026-09-02T00:11:49.566+05:30  INFO 36404 --- [eureka-server] [a-EvictionTimer] c.n.e.registry.AbstractInstanceRegistry  : Running the evict task with compensationTime 5ms
2026-09-02T00:12:49.568+05:30  INFO 36404 --- [eureka-server] [a-EvictionTimer] c.n.e.registry.AbstractInstanceRegistry  : Running the evict task with compensationTime 2ms
2026-09-02T00:13:49.585+05:30  INFO 36404 --- [eureka-server] [a-EvictionTimer] c.n.e.registry.AbstractInstanceRegistry  : Running the evict task with compensationTime 17ms
2026-09-02T00:14:49.589+05:30  INFO 36404 --- [eureka-server] [a-EvictionTimer] c.n.e.registry.AbstractInstanceRegistry  : Running the evict task with compensationTime 2ms
2026-09-02T00:15:49.592+05:30  INFO 36404 --- [eureka-server] [a-EvictionTimer] c.n.e.registry.AbstractInstanceRegistry  : Running the evict task with compensationTime 3ms
2026-09-02T00:16:49.592+05:30  INFO 36404 --- [eureka-server] [a-EvictionTimer] c.n.e.registry.AbstractInstanceRegistry  : Running the evict task with compensationTime 0ms
2026-09-02T00:17:39.560+05:30  WARN 36404 --- [eureka-server] [eerNodesUpdater] c.n.eureka.cluster.PeerEurekaNodes       : The replica size seems to be empty. Check the route 53 DNS Registry
2026-09-02T00:17:49.603+05:30  INFO 36404 --- [eureka-server] [a-EvictionTimer] c.n.e.registry.AbstractInstanceRegistry  : Running the evict task with compensationTime 9ms
2026-09-02T00:18:49.613+05:30  INFO 36404 --- [eureka-server] [a-EvictionTimer] c.n.e.registry.AbstractInstanceRegistry  : Running the evict task with compensationTime 10ms
2026-09-02T00:19:49.641+05:30  INFO 36404 --- [eureka-server] [a-EvictionTimer] c.n.e.registry.AbstractInstanceRegistry  : Running the evict task with compensationTime 27ms
2026-09-02T00:20:49.642+05:30  INFO 36404 --- [eureka-server] [a-EvictionTimer] c.n.e.registry.AbstractInstanceRegistry  : Running the evict task with compensationTime 1ms
2026-09-02T00:21:49.647+05:30  INFO 36404 --- [eureka-server] [a-EvictionTimer] c.n.e.registry.AbstractInstanceRegistry  : Running the evict task with compensationTime 3ms
2026-09-02T00:22:37.276+05:30  INFO 36404 --- [eureka-server] [hresholdUpdater] c.n.e.r.PeerAwareInstanceRegistryImpl    : Current renewal threshold is : 0
2026-09-02T00:22:49.654+05:30  INFO 36404 --- [eureka-server] [a-EvictionTimer] c.n.e.registry.AbstractInstanceRegistry  : Running the evict task with compensationTime 7ms
2026-09-02T00:23:49.655+05:30  INFO 36404 --- [eureka-server] [a-EvictionTimer] c.n.e.registry.AbstractInstanceRegistry  : Running the evict task with compensationTime 0ms
2026-09-02T00:24:49.671+05:30  INFO 36404 --- [eureka-server] [a-EvictionTimer] c.n.e.registry.AbstractInstanceRegistry  : Running the evict task with compensationTime 16ms
2026-09-02T00:25:49.689+05:30  INFO 36404 --- [eureka-server] [a-EvictionTimer] c.n.e.registry.AbstractInstanceRegistry  : Running the evict task with compensationTime 17ms
2026-09-02T00:26:49.697+05:30  INFO 36404 --- [eureka-server] [a-EvictionTimer] c.n.e.registry.AbstractInstanceRegistry  : Running the evict task with compensationTime 8ms
2026-09-02T00:27:39.586+05:30  WARN 36404 --- [eureka-server] [eerNodesUpdater] c.n.eureka.cluster.PeerEurekaNodes       : The replica size seems to be empty. Check the route 53 DNS Registry
2026-09-02T00:27:49.709+05:30  INFO 36404 --- [eureka-server] [a-EvictionTimer] c.n.e.registry.AbstractInstanceRegistry  : Running the evict task with compensationTime 12ms
2026-09-02T00:28:49.715+05:30  INFO 36404 --- [eureka-server] [a-EvictionTimer] c.n.e.registry.AbstractInstanceRegistry  : Running the evict task with compensationTime 4ms
2026-09-02T00:29:49.723+05:30  INFO 36404 --- [eureka-server] [a-EvictionTimer] c.n.e.registry.AbstractInstanceRegistry  : Running the evict task with compensationTime 8ms
2026-09-02T00:30:49.726+05:30  INFO 36404 --- [eureka-server] [a-EvictionTimer] c.n.e.registry.AbstractInstanceRegistry  : Running the evict task with compensationTime 3ms
2026-09-02T00:31:49.727+05:30  INFO 36404 --- [eureka-server] [a-EvictionTimer] c.n.e.registry.AbstractInstanceRegistry  : Running the evict task with compensationTime 0ms
2026-09-02T00:32:49.733+05:30  INFO 36404 --- [eureka-server] [a-EvictionTimer] c.n.e.registry.AbstractInstanceRegistry  : Running the evict task with compensationTime 6ms
2026-09-02T00:33:49.734+05:30  INFO 36404 --- [eureka-server] [a-EvictionTimer] c.n.e.registry.AbstractInstanceRegistry  : Running the evict task with compensationTime 0ms
2026-09-02T00:34:49.738+05:30  INFO 36404 --- [eureka-server] [a-EvictionTimer] c.n.e.registry.AbstractInstanceRegistry  : Running the evict task with compensationTime 3ms
2026-09-02T00:35:49.744+05:30  INFO 36404 --- [eureka-server] [a-EvictionTimer] c.n.e.registry.AbstractInstanceRegistry  : Running the evict task with compensationTime 5ms
2026-09-02T00:36:49.751+05:30  INFO 36404 --- [eureka-server] [a-EvictionTimer] c.n.e.registry.AbstractInstanceRegistry  : Running the evict task with compensationTime 7ms
2026-09-02T00:37:37.313+05:30  INFO 36404 --- [eureka-server] [hresholdUpdater] c.n.e.r.PeerAwareInstanceRegistryImpl    : Current renewal threshold is : 0
2026-09-02T00:37:39.608+05:30  WARN 36404 --- [eureka-server] [eerNodesUpdater] c.n.eureka.cluster.PeerEurekaNodes       : The replica size seems to be empty. Check the route 53 DNS Registry
2026-09-02T00:37:49.762+05:30  INFO 36404 --- [eureka-server] [a-EvictionTimer] c.n.e.registry.AbstractInstanceRegistry  : Running the evict task with compensationTime 10ms
2026-09-02T00:38:49.776+05:30  INFO 36404 --- [eureka-server] [a-EvictionTimer] c.n.e.registry.AbstractInstanceRegistry  : Running the evict task with compensationTime 14ms
2026-09-02T00:39:49.785+05:30  INFO 36404 --- [eureka-server] [a-EvictionTimer] c.n.e.registry.AbstractInstanceRegistry  : Running the evict task with compensationTime 8ms
2026-09-02T10:43:21.246+05:30  INFO 36404 --- [eureka-server] [a-EvictionTimer] c.n.e.registry.AbstractInstanceRegistry  : Running the evict task with compensationTime 36154224ms
2026-09-02T10:44:21.249+05:30  INFO 36404 --- [eureka-server] [a-EvictionTimer] c.n.e.registry.AbstractInstanceRegistry  : Running the evict task with compensationTime 6ms
2026-09-02T10:45:21.263+05:30  INFO 36404 --- [eureka-server] [a-EvictionTimer] c.n.e.registry.AbstractInstanceRegistry  : Running the evict task with compensationTime 13ms
2026-09-02T10:46:21.272+05:30  INFO 36404 --- [eureka-server] [a-EvictionTimer] c.n.e.registry.AbstractInstanceRegistry  : Running the evict task with compensationTime 9ms
2026-09-02T10:47:21.274+05:30  INFO 36404 --- [eureka-server] [a-EvictionTimer] c.n.e.registry.AbstractInstanceRegistry  : Running the evict task with compensationTime 1ms
2026-09-02T10:48:21.284+05:30  INFO 36404 --- [eureka-server] [a-EvictionTimer] c.n.e.registry.AbstractInstanceRegistry  : Running the evict task with compensationTime 10ms
2026-09-02T10:49:21.296+05:30  INFO 36404 --- [eureka-server] [a-EvictionTimer] c.n.e.registry.AbstractInstanceRegistry  : Running the evict task with compensationTime 11ms
2026-09-02T10:50:11.091+05:30  WARN 36404 --- [eureka-server] [eerNodesUpdater] c.n.eureka.cluster.PeerEurekaNodes       : The replica size seems to be empty. Check the route 53 DNS Registry
2026-09-02T10:50:21.305+05:30  INFO 36404 --- [eureka-server] [a-EvictionTimer] c.n.e.registry.AbstractInstanceRegistry  : Running the evict task with compensationTime 10ms
2026-09-02T10:51:21.309+05:30  INFO 36404 --- [eureka-server] [a-EvictionTimer] c.n.e.registry.AbstractInstanceRegistry  : Running the evict task with compensationTime 3ms
2026-09-02T10:52:21.314+05:30  INFO 36404 --- [eureka-server] [a-EvictionTimer] c.n.e.registry.AbstractInstanceRegistry  : Running the evict task with compensationTime 5ms
2026-09-02T10:53:21.321+05:30  INFO 36404 --- [eureka-server] [a-EvictionTimer] c.n.e.registry.AbstractInstanceRegistry  : Running the evict task with compensationTime 7ms
2026-09-02T10:54:21.336+05:30  INFO 36404 --- [eureka-server] [a-EvictionTimer] c.n.e.registry.AbstractInstanceRegistry  : Running the evict task with compensationTime 14ms
2026-09-02T10:55:08.764+05:30  INFO 36404 --- [eureka-server] [hresholdUpdater] c.n.e.r.PeerAwareInstanceRegistryImpl    : Current renewal threshold is : 0
2026-09-02T10:55:21.339+05:30  INFO 36404 --- [eureka-server] [a-EvictionTimer] c.n.e.registry.AbstractInstanceRegistry  : Running the evict task with compensationTime 3ms
2026-09-02T10:56:21.344+05:30  INFO 36404 --- [eureka-server] [a-EvictionTimer] c.n.e.registry.AbstractInstanceRegistry  : Running the evict task with compensationTime 4ms
2026-09-02T10:57:21.359+05:30  INFO 36404 --- [eureka-server] [a-EvictionTimer] c.n.e.registry.AbstractInstanceRegistry  : Running the evict task with compensationTime 15ms
2026-09-02T10:58:21.370+05:30  INFO 36404 --- [eureka-server] [a-EvictionTimer] c.n.e.registry.AbstractInstanceRegistry  : Running the evict task with compensationTime 10ms
2026-09-02T10:59:21.369+05:30  INFO 36404 --- [eureka-server] [a-EvictionTimer] c.n.e.registry.AbstractInstanceRegistry  : Running the evict task with compensationTime 0ms
2026-09-02T11:00:11.096+05:30  WARN 36404 --- [eureka-server] [eerNodesUpdater] c.n.eureka.cluster.PeerEurekaNodes       : The replica size seems to be empty. Check the route 53 DNS Registry
2026-09-02T11:00:21.386+05:30  INFO 36404 --- [eureka-server] [a-EvictionTimer] c.n.e.registry.AbstractInstanceRegistry  : Running the evict task with compensationTime 16ms
2026-09-02T11:01:21.395+05:30  INFO 36404 --- [eureka-server] [a-EvictionTimer] c.n.e.registry.AbstractInstanceRegistry  : Running the evict task with compensationTime 9ms
2026-09-02T11:02:21.400+05:30  INFO 36404 --- [eureka-server] [a-EvictionTimer] c.n.e.registry.AbstractInstanceRegistry  : Running the evict task with compensationTime 4ms
2026-09-02T11:03:21.402+05:30  INFO 36404 --- [eureka-server] [a-EvictionTimer] c.n.e.registry.AbstractInstanceRegistry  : Running the evict task with compensationTime 2ms
2026-09-02T11:04:21.412+05:30  INFO 36404 --- [eureka-server] [a-EvictionTimer] c.n.e.registry.AbstractInstanceRegistry  : Running the evict task with compensationTime 9ms
2026-09-02T11:05:21.422+05:30  INFO 36404 --- [eureka-server] [a-EvictionTimer] c.n.e.registry.AbstractInstanceRegistry  : Running the evict task with compensationTime 9ms
2026-09-02T11:06:21.430+05:30  INFO 36404 --- [eureka-server] [a-EvictionTimer] c.n.e.registry.AbstractInstanceRegistry  : Running the evict task with compensationTime 8ms
2026-09-02T11:07:21.438+05:30  INFO 36404 --- [eureka-server] [a-EvictionTimer] c.n.e.registry.AbstractInstanceRegistry  : Running the evict task with compensationTime 7ms
2026-09-02T11:08:21.442+05:30  INFO 36404 --- [eureka-server] [a-EvictionTimer] c.n.e.registry.AbstractInstanceRegistry  : Running the evict task with compensationTime 3ms
2026-09-02T11:09:21.447+05:30  INFO 36404 --- [eureka-server] [a-EvictionTimer] c.n.e.registry.AbstractInstanceRegistry  : Running the evict task with compensationTime 5ms
2026-09-02T11:10:08.779+05:30  INFO 36404 --- [eureka-server] [hresholdUpdater] c.n.e.r.PeerAwareInstanceRegistryImpl    : Current renewal threshold is : 0
2026-09-02T11:10:11.112+05:30  WARN 36404 --- [eureka-server] [eerNodesUpdater] c.n.eureka.cluster.PeerEurekaNodes       : The replica size seems to be empty. Check the route 53 DNS Registry
2026-09-02T11:10:21.459+05:30  INFO 36404 --- [eureka-server] [a-EvictionTimer] c.n.e.registry.AbstractInstanceRegistry  : Running the evict task with compensationTime 11ms
2026-09-02T11:11:21.462+05:30  INFO 36404 --- [eureka-server] [a-EvictionTimer] c.n.e.registry.AbstractInstanceRegistry  : Running the evict task with compensationTime 2ms
2026-09-02T11:12:21.463+05:30  INFO 36404 --- [eureka-server] [a-EvictionTimer] c.n.e.registry.AbstractInstanceRegistry  : Running the evict task with compensationTime 1ms
2026-09-02T11:13:21.479+05:30  INFO 36404 --- [eureka-server] [a-EvictionTimer] c.n.e.registry.AbstractInstanceRegistry  : Running the evict task with compensationTime 14ms
2026-09-02T11:14:21.484+05:30  INFO 36404 --- [eureka-server] [a-EvictionTimer] c.n.e.registry.AbstractInstanceRegistry  : Running the evict task with compensationTime 5ms
2026-09-02T11:15:21.487+05:30  INFO 36404 --- [eureka-server] [a-EvictionTimer] c.n.e.registry.AbstractInstanceRegistry  : Running the evict task with compensationTime 3ms
2026-09-02T11:16:21.501+05:30  INFO 36404 --- [eureka-server] [a-EvictionTimer] c.n.e.registry.AbstractInstanceRegistry  : Running the evict task with compensationTime 13ms
2026-09-02T11:17:21.505+05:30  INFO 36404 --- [eureka-server] [a-EvictionTimer] c.n.e.registry.AbstractInstanceRegistry  : Running the evict task with compensationTime 4ms
2026-09-02T11:18:21.518+05:30  INFO 36404 --- [eureka-server] [a-EvictionTimer] c.n.e.registry.AbstractInstanceRegistry  : Running the evict task with compensationTime 12ms
2026-09-02T11:19:21.530+05:30  INFO 36404 --- [eureka-server] [a-EvictionTimer] c.n.e.registry.AbstractInstanceRegistry  : Running the evict task with compensationTime 11ms
2026-09-02T11:20:11.126+05:30  WARN 36404 --- [eureka-server] [eerNodesUpdater] c.n.eureka.cluster.PeerEurekaNodes       : The replica size seems to be empty. Check the route 53 DNS Registry
2026-09-02T11:20:21.542+05:30  INFO 36404 --- [eureka-server] [a-EvictionTimer] c.n.e.registry.AbstractInstanceRegistry  : Running the evict task with compensationTime 12ms
2026-09-02T11:21:21.543+05:30  INFO 36404 --- [eureka-server] [a-EvictionTimer] c.n.e.registry.AbstractInstanceRegistry  : Running the evict task with compensationTime 0ms
2026-09-02T11:22:21.557+05:30  INFO 36404 --- [eureka-server] [a-EvictionTimer] c.n.e.registry.AbstractInstanceRegistry  : Running the evict task with compensationTime 13ms
2026-09-02T11:23:21.560+05:30  INFO 36404 --- [eureka-server] [a-EvictionTimer] c.n.e.registry.AbstractInstanceRegistry  : Running the evict task with compensationTime 3ms
2026-09-02T11:24:21.573+05:30  INFO 36404 --- [eureka-server] [a-EvictionTimer] c.n.e.registry.AbstractInstanceRegistry  : Running the evict task with compensationTime 12ms
2026-09-02T11:25:08.772+05:30  INFO 36404 --- [eureka-server] [hresholdUpdater] c.n.e.r.PeerAwareInstanceRegistryImpl    : Current renewal threshold is : 0
2026-09-02T11:25:21.584+05:30  INFO 36404 --- [eureka-server] [a-EvictionTimer] c.n.e.registry.AbstractInstanceRegistry  : Running the evict task with compensationTime 11ms
2026-09-02T12:21:48.127+05:30  INFO 36404 --- [eureka-server] [a-EvictionTimer] c.n.e.registry.AbstractInstanceRegistry  : Running the evict task with compensationTime 3326680ms
2026-09-02T12:22:48.134+05:30  INFO 36404 --- [eureka-server] [a-EvictionTimer] c.n.e.registry.AbstractInstanceRegistry  : Running the evict task with compensationTime 6ms
2026-09-02T12:23:48.137+05:30  INFO 36404 --- [eureka-server] [a-EvictionTimer] c.n.e.registry.AbstractInstanceRegistry  : Running the evict task with compensationTime 3ms
2026-09-02T12:24:48.148+05:30  INFO 36404 --- [eureka-server] [a-EvictionTimer] c.n.e.registry.AbstractInstanceRegistry  : Running the evict task with compensationTime 11ms
2026-09-02T12:25:37.699+05:30  WARN 36404 --- [eureka-server] [eerNodesUpdater] c.n.eureka.cluster.PeerEurekaNodes       : The replica size seems to be empty. Check the route 53 DNS Registry
2026-09-02T12:25:48.157+05:30  INFO 36404 --- [eureka-server] [a-EvictionTimer] c.n.e.registry.AbstractInstanceRegistry  : Running the evict task with compensationTime 7ms
2026-09-02T12:26:48.171+05:30  INFO 36404 --- [eureka-server] [a-EvictionTimer] c.n.e.registry.AbstractInstanceRegistry  : Running the evict task with compensationTime 14ms
2026-09-02T12:27:48.177+05:30  INFO 36404 --- [eureka-server] [a-EvictionTimer] c.n.e.registry.AbstractInstanceRegistry  : Running the evict task with compensationTime 5ms
2026-09-02T12:28:48.179+05:30  INFO 36404 --- [eureka-server] [a-EvictionTimer] c.n.e.registry.AbstractInstanceRegistry  : Running the evict task with compensationTime 0ms
2026-09-02T12:29:48.194+05:30  INFO 36404 --- [eureka-server] [a-EvictionTimer] c.n.e.registry.AbstractInstanceRegistry  : Running the evict task with compensationTime 16ms
2026-09-02T12:30:48.194+05:30  INFO 36404 --- [eureka-server] [a-EvictionTimer] c.n.e.registry.AbstractInstanceRegistry  : Running the evict task with compensationTime 0ms
2026-09-02T12:31:48.196+05:30  INFO 36404 --- [eureka-server] [a-EvictionTimer] c.n.e.registry.AbstractInstanceRegistry  : Running the evict task with compensationTime 1ms
2026-09-02T12:32:48.201+05:30  INFO 36404 --- [eureka-server] [a-EvictionTimer] c.n.e.registry.AbstractInstanceRegistry  : Running the evict task with compensationTime 5ms
2026-09-02T12:33:48.215+05:30  INFO 36404 --- [eureka-server] [a-EvictionTimer] c.n.e.registry.AbstractInstanceRegistry  : Running the evict task with compensationTime 13ms
2026-09-02T12:34:48.224+05:30  INFO 36404 --- [eureka-server] [a-EvictionTimer] c.n.e.registry.AbstractInstanceRegistry  : Running the evict task with compensationTime 9ms
2026-09-02T12:35:35.330+05:30  INFO 36404 --- [eureka-server] [hresholdUpdater] c.n.e.r.PeerAwareInstanceRegistryImpl    : Current renewal threshold is : 0
2026-09-02T12:35:37.725+05:30  WARN 36404 --- [eureka-server] [eerNodesUpdater] c.n.eureka.cluster.PeerEurekaNodes       : The replica size seems to be empty. Check the route 53 DNS Registry
2026-09-02T12:35:48.230+05:30  INFO 36404 --- [eureka-server] [a-EvictionTimer] c.n.e.registry.AbstractInstanceRegistry  : Running the evict task with compensationTime 7ms
2026-09-02T12:36:48.232+05:30  INFO 36404 --- [eureka-server] [a-EvictionTimer] c.n.e.registry.AbstractInstanceRegistry  : Running the evict task with compensationTime 0ms
2026-09-02T12:37:48.249+05:30  INFO 36404 --- [eureka-server] [a-EvictionTimer] c.n.e.registry.AbstractInstanceRegistry  : Running the evict task with compensationTime 17ms
2026-09-02T12:38:48.262+05:30  INFO 36404 --- [eureka-server] [a-EvictionTimer] c.n.e.registry.AbstractInstanceRegistry  : Running the evict task with compensationTime 13ms
2026-09-02T12:39:48.269+05:30  INFO 36404 --- [eureka-server] [a-EvictionTimer] c.n.e.registry.AbstractInstanceRegistry  : Running the evict task with compensationTime 6ms
2026-09-02T12:40:48.280+05:30  INFO 36404 --- [eureka-server] [a-EvictionTimer] c.n.e.registry.AbstractInstanceRegistry  : Running the evict task with compensationTime 11ms
2026-09-02T12:41:48.288+05:30  INFO 36404 --- [eureka-server] [a-EvictionTimer] c.n.e.registry.AbstractInstanceRegistry  : Running the evict task with compensationTime 7ms
2026-09-02T12:42:48.296+05:30  INFO 36404 --- [eureka-server] [a-EvictionTimer] c.n.e.registry.AbstractInstanceRegistry  : Running the evict task with compensationTime 8ms
2026-09-02T12:43:48.303+05:30  INFO 36404 --- [eureka-server] [a-EvictionTimer] c.n.e.registry.AbstractInstanceRegistry  : Running the evict task with compensationTime 7ms
2026-09-02T12:44:48.305+05:30  INFO 36404 --- [eureka-server] [a-EvictionTimer] c.n.e.registry.AbstractInstanceRegistry  : Running the evict task with compensationTime 1ms
2026-09-02T12:45:37.729+05:30  WARN 36404 --- [eureka-server] [eerNodesUpdater] c.n.eureka.cluster.PeerEurekaNodes       : The replica size seems to be empty. Check the route 53 DNS Registry
2026-09-02T12:45:48.315+05:30  INFO 36404 --- [eureka-server] [a-EvictionTimer] c.n.e.registry.AbstractInstanceRegistry  : Running the evict task with compensationTime 10ms
2026-09-02T12:46:48.318+05:30  INFO 36404 --- [eureka-server] [a-EvictionTimer] c.n.e.registry.AbstractInstanceRegistry  : Running the evict task with compensationTime 2ms
2026-09-02T12:47:48.322+05:30  INFO 36404 --- [eureka-server] [a-EvictionTimer] c.n.e.registry.AbstractInstanceRegistry  : Running the evict task with compensationTime 3ms
2026-09-02T12:48:48.331+05:30  INFO 36404 --- [eureka-server] [a-EvictionTimer] c.n.e.registry.AbstractInstanceRegistry  : Running the evict task with compensationTime 10ms
2026-09-02T12:49:48.332+05:30  INFO 36404 --- [eureka-server] [a-EvictionTimer] c.n.e.registry.AbstractInstanceRegistry  : Running the evict task with compensationTime 0ms
2026-09-02T12:50:35.322+05:30  INFO 36404 --- [eureka-server] [hresholdUpdater] c.n.e.r.PeerAwareInstanceRegistryImpl    : Current renewal threshold is : 0
2026-09-02T12:50:48.343+05:30  INFO 36404 --- [eureka-server] [a-EvictionTimer] c.n.e.registry.AbstractInstanceRegistry  : Running the evict task with compensationTime 10ms
2026-09-02T12:51:48.355+05:30  INFO 36404 --- [eureka-server] [a-EvictionTimer] c.n.e.registry.AbstractInstanceRegistry  : Running the evict task with compensationTime 12ms
2026-09-02T12:52:48.376+05:30  INFO 36404 --- [eureka-server] [a-EvictionTimer] c.n.e.registry.AbstractInstanceRegistry  : Running the evict task with compensationTime 10ms
2026-09-02T12:53:48.372+05:30  INFO 36404 --- [eureka-server] [a-EvictionTimer] c.n.e.registry.AbstractInstanceRegistry  : Running the evict task with compensationTime 6ms
2026-09-02T12:54:48.382+05:30  INFO 36404 --- [eureka-server] [a-EvictionTimer] c.n.e.registry.AbstractInstanceRegistry  : Running the evict task with compensationTime 10ms
2026-09-02T12:55:37.732+05:30  WARN 36404 --- [eureka-server] [eerNodesUpdater] c.n.eureka.cluster.PeerEurekaNodes       : The replica size seems to be empty. Check the route 53 DNS Registry
2026-09-02T12:55:48.390+05:30  INFO 36404 --- [eureka-server] [a-EvictionTimer] c.n.e.registry.AbstractInstanceRegistry  : Running the evict task with compensationTime 8ms
2026-09-02T12:56:48.398+05:30  INFO 36404 --- [eureka-server] [a-EvictionTimer] c.n.e.registry.AbstractInstanceRegistry  : Running the evict task with compensationTime 5ms
2026-09-02T12:57:48.409+05:30  INFO 36404 --- [eureka-server] [a-EvictionTimer] c.n.e.registry.AbstractInstanceRegistry  : Running the evict task with compensationTime 12ms
2026-09-02T12:58:48.514+05:30  INFO 36404 --- [eureka-server] [a-EvictionTimer] c.n.e.registry.AbstractInstanceRegistry  : Running the evict task with compensationTime 105ms
2026-09-02T12:59:48.520+05:30  INFO 36404 --- [eureka-server] [a-EvictionTimer] c.n.e.registry.AbstractInstanceRegistry  : Running the evict task with compensationTime 6ms
2026-09-02T13:00:48.535+05:30  INFO 36404 --- [eureka-server] [a-EvictionTimer] c.n.e.registry.AbstractInstanceRegistry  : Running the evict task with compensationTime 14ms
2026-09-02T13:01:48.557+05:30  INFO 36404 --- [eureka-server] [a-EvictionTimer] c.n.e.registry.AbstractInstanceRegistry  : Running the evict task with compensationTime 21ms
2026-09-02T13:02:48.574+05:30  INFO 36404 --- [eureka-server] [a-EvictionTimer] c.n.e.registry.AbstractInstanceRegistry  : Running the evict task with compensationTime 18ms
2026-09-02T13:03:48.585+05:30  INFO 36404 --- [eureka-server] [a-EvictionTimer] c.n.e.registry.AbstractInstanceRegistry  : Running the evict task with compensationTime 9ms
2026-09-02T13:04:48.586+05:30  INFO 36404 --- [eureka-server] [a-EvictionTimer] c.n.e.registry.AbstractInstanceRegistry  : Running the evict task with compensationTime 1ms
2026-09-02T13:05:35.355+05:30  INFO 36404 --- [eureka-server] [hresholdUpdater] c.n.e.r.PeerAwareInstanceRegistryImpl    : Current renewal threshold is : 0
2026-09-02T13:05:37.764+05:30  WARN 36404 --- [eureka-server] [eerNodesUpdater] c.n.eureka.cluster.PeerEurekaNodes       : The replica size seems to be empty. Check the route 53 DNS Registry
2026-09-02T13:05:48.592+05:30  INFO 36404 --- [eureka-server] [a-EvictionTimer] c.n.e.registry.AbstractInstanceRegistry  : Running the evict task with compensationTime 5ms
2026-09-02T13:06:48.607+05:30  INFO 36404 --- [eureka-server] [a-EvictionTimer] c.n.e.registry.AbstractInstanceRegistry  : Running the evict task with compensationTime 15ms
2026-09-02T13:07:48.617+05:30  INFO 36404 --- [eureka-server] [a-EvictionTimer] c.n.e.registry.AbstractInstanceRegistry  : Running the evict task with compensationTime 10ms
2026-09-02T13:08:48.624+05:30  INFO 36404 --- [eureka-server] [a-EvictionTimer] c.n.e.registry.AbstractInstanceRegistry  : Running the evict task with compensationTime 6ms
2026-09-02T13:09:48.661+05:30  INFO 36404 --- [eureka-server] [a-EvictionTimer] c.n.e.registry.AbstractInstanceRegistry  : Running the evict task with compensationTime 37ms
2026-09-02T13:10:48.672+05:30  INFO 36404 --- [eureka-server] [a-EvictionTimer] c.n.e.registry.AbstractInstanceRegistry  : Running the evict task with compensationTime 10ms
2026-09-02T13:11:48.676+05:30  INFO 36404 --- [eureka-server] [a-EvictionTimer] c.n.e.registry.AbstractInstanceRegistry  : Running the evict task with compensationTime 3ms
2026-09-02T13:12:48.690+05:30  INFO 36404 --- [eureka-server] [a-EvictionTimer] c.n.e.registry.AbstractInstanceRegistry  : Running the evict task with compensationTime 15ms
2026-09-02T13:13:48.699+05:30  INFO 36404 --- [eureka-server] [a-EvictionTimer] c.n.e.registry.AbstractInstanceRegistry  : Running the evict task with compensationTime 8ms
2026-09-02T13:14:48.716+05:30  INFO 36404 --- [eureka-server] [a-EvictionTimer] c.n.e.registry.AbstractInstanceRegistry  : Running the evict task with compensationTime 17ms
2026-09-02T13:15:37.768+05:30  WARN 36404 --- [eureka-server] [eerNodesUpdater] c.n.eureka.cluster.PeerEurekaNodes       : The replica size seems to be empty. Check the route 53 DNS Registry
2026-09-02T13:15:48.736+05:30  INFO 36404 --- [eureka-server] [a-EvictionTimer] c.n.e.registry.AbstractInstanceRegistry  : Running the evict task with compensationTime 19ms
2026-09-02T13:16:48.747+05:30  INFO 36404 --- [eureka-server] [a-EvictionTimer] c.n.e.registry.AbstractInstanceRegistry  : Running the evict task with compensationTime 11ms
2026-09-02T13:17:48.748+05:30  INFO 36404 --- [eureka-server] [a-EvictionTimer] c.n.e.registry.AbstractInstanceRegistry  : Running the evict task with compensationTime 1ms
2026-09-02T13:18:48.755+05:30  INFO 36404 --- [eureka-server] [a-EvictionTimer] c.n.e.registry.AbstractInstanceRegistry  : Running the evict task with compensationTime 5ms
2026-09-02T13:19:48.762+05:30  INFO 36404 --- [eureka-server] [a-EvictionTimer] c.n.e.registry.AbstractInstanceRegistry  : Running the evict task with compensationTime 7ms
2026-09-02T13:20:35.342+05:30  INFO 36404 --- [eureka-server] [hresholdUpdater] c.n.e.r.PeerAwareInstanceRegistryImpl    : Current renewal threshold is : 0
2026-09-02T13:20:48.777+05:30  INFO 36404 --- [eureka-server] [a-EvictionTimer] c.n.e.registry.AbstractInstanceRegistry  : Running the evict task with compensationTime 14ms
2026-09-02T13:21:48.792+05:30  INFO 36404 --- [eureka-server] [a-EvictionTimer] c.n.e.registry.AbstractInstanceRegistry  : Running the evict task with compensationTime 16ms
2026-09-02T13:22:48.801+05:30  INFO 36404 --- [eureka-server] [a-EvictionTimer] c.n.e.registry.AbstractInstanceRegistry  : Running the evict task with compensationTime 9ms
2026-09-02T13:23:48.807+05:30  INFO 36404 --- [eureka-server] [a-EvictionTimer] c.n.e.registry.AbstractInstanceRegistry  : Running the evict task with compensationTime 5ms
2026-09-02T20:02:55.000+05:30  INFO 36404 --- [eureka-server] [a-EvictionTimer] c.n.e.registry.AbstractInstanceRegistry  : Running the evict task with compensationTime 23888622ms
2026-09-02T20:03:43.922+05:30  WARN 36404 --- [eureka-server] [eerNodesUpdater] c.n.eureka.cluster.PeerEurekaNodes       : The replica size seems to be empty. Check the route 53 DNS Registry
2026-09-02T20:03:55.008+05:30  INFO 36404 --- [eureka-server] [a-EvictionTimer] c.n.e.registry.AbstractInstanceRegistry  : Running the evict task with compensationTime 8ms
2026-09-02T20:04:55.010+05:30  INFO 36404 --- [eureka-server] [a-EvictionTimer] c.n.e.registry.AbstractInstanceRegistry  : Running the evict task with compensationTime 2ms
2026-09-02T20:05:55.018+05:30  INFO 36404 --- [eureka-server] [a-EvictionTimer] c.n.e.registry.AbstractInstanceRegistry  : Running the evict task with compensationTime 8ms
2026-09-02T20:06:55.028+05:30  INFO 36404 --- [eureka-server] [a-EvictionTimer] c.n.e.registry.AbstractInstanceRegistry  : Running the evict task with compensationTime 10ms
2026-09-02T20:07:55.043+05:30  INFO 36404 --- [eureka-server] [a-EvictionTimer] c.n.e.registry.AbstractInstanceRegistry  : Running the evict task with compensationTime 14ms
2026-09-02T20:08:55.052+05:30  INFO 36404 --- [eureka-server] [a-EvictionTimer] c.n.e.registry.AbstractInstanceRegistry  : Running the evict task with compensationTime 8ms
2026-09-02T20:09:55.069+05:30  INFO 36404 --- [eureka-server] [a-EvictionTimer] c.n.e.registry.AbstractInstanceRegistry  : Running the evict task with compensationTime 16ms
2026-09-02T20:10:55.083+05:30  INFO 36404 --- [eureka-server] [a-EvictionTimer] c.n.e.registry.AbstractInstanceRegistry  : Running the evict task with compensationTime 14ms
2026-09-02T20:11:55.085+05:30  INFO 36404 --- [eureka-server] [a-EvictionTimer] c.n.e.registry.AbstractInstanceRegistry  : Running the evict task with compensationTime 2ms
2026-09-02T20:12:55.100+05:30  INFO 36404 --- [eureka-server] [a-EvictionTimer] c.n.e.registry.AbstractInstanceRegistry  : Running the evict task with compensationTime 14ms
2026-09-02T20:13:41.493+05:30  INFO 36404 --- [eureka-server] [hresholdUpdater] c.n.e.r.PeerAwareInstanceRegistryImpl    : Current renewal threshold is : 0
2026-09-02T20:13:43.973+05:30  WARN 36404 --- [eureka-server] [eerNodesUpdater] c.n.eureka.cluster.PeerEurekaNodes       : The replica size seems to be empty. Check the route 53 DNS Registry
2026-09-02T20:13:55.115+05:30  INFO 36404 --- [eureka-server] [a-EvictionTimer] c.n.e.registry.AbstractInstanceRegistry  : Running the evict task with compensationTime 15ms
2026-09-02T20:14:55.128+05:30  INFO 36404 --- [eureka-server] [a-EvictionTimer] c.n.e.registry.AbstractInstanceRegistry  : Running the evict task with compensationTime 13ms
2026-09-02T20:15:55.143+05:30  INFO 36404 --- [eureka-server] [a-EvictionTimer] c.n.e.registry.AbstractInstanceRegistry  : Running the evict task with compensationTime 13ms
2026-09-02T20:16:55.145+05:30  INFO 36404 --- [eureka-server] [a-EvictionTimer] c.n.e.registry.AbstractInstanceRegistry  : Running the evict task with compensationTime 1ms
2026-09-02T20:17:55.160+05:30  INFO 36404 --- [eureka-server] [a-EvictionTimer] c.n.e.registry.AbstractInstanceRegistry  : Running the evict task with compensationTime 15ms
2026-09-02T20:18:55.170+05:30  INFO 36404 --- [eureka-server] [a-EvictionTimer] c.n.e.registry.AbstractInstanceRegistry  : Running the evict task with compensationTime 10ms
2026-09-02T20:19:55.183+05:30  INFO 36404 --- [eureka-server] [a-EvictionTimer] c.n.e.registry.AbstractInstanceRegistry  : Running the evict task with compensationTime 13ms
2026-09-02T20:20:55.189+05:30  INFO 36404 --- [eureka-server] [a-EvictionTimer] c.n.e.registry.AbstractInstanceRegistry  : Running the evict task with compensationTime 5ms
2026-09-02T20:21:55.192+05:30  INFO 36404 --- [eureka-server] [a-EvictionTimer] c.n.e.registry.AbstractInstanceRegistry  : Running the evict task with compensationTime 3ms
2026-09-02T20:22:55.198+05:30  INFO 36404 --- [eureka-server] [a-EvictionTimer] c.n.e.registry.AbstractInstanceRegistry  : Running the evict task with compensationTime 6ms
2026-09-02T20:23:43.978+05:30  WARN 36404 --- [eureka-server] [eerNodesUpdater] c.n.eureka.cluster.PeerEurekaNodes       : The replica size seems to be empty. Check the route 53 DNS Registry
2026-09-02T20:23:55.210+05:30  INFO 36404 --- [eureka-server] [a-EvictionTimer] c.n.e.registry.AbstractInstanceRegistry  : Running the evict task with compensationTime 11ms
2026-09-02T20:24:55.214+05:30  INFO 36404 --- [eureka-server] [a-EvictionTimer] c.n.e.registry.AbstractInstanceRegistry  : Running the evict task with compensationTime 3ms
2026-09-02T20:25:55.215+05:30  INFO 36404 --- [eureka-server] [a-EvictionTimer] c.n.e.registry.AbstractInstanceRegistry  : Running the evict task with compensationTime 1ms
2026-09-02T20:26:55.228+05:30  INFO 36404 --- [eureka-server] [a-EvictionTimer] c.n.e.registry.AbstractInstanceRegistry  : Running the evict task with compensationTime 12ms
2026-09-02T20:27:55.229+05:30  INFO 36404 --- [eureka-server] [a-EvictionTimer] c.n.e.registry.AbstractInstanceRegistry  : Running the evict task with compensationTime 0ms
2026-09-02T20:28:41.472+05:30  INFO 36404 --- [eureka-server] [hresholdUpdater] c.n.e.r.PeerAwareInstanceRegistryImpl    : Current renewal threshold is : 0
2026-09-02T20:28:55.228+05:30  INFO 36404 --- [eureka-server] [a-EvictionTimer] c.n.e.registry.AbstractInstanceRegistry  : Running the evict task with compensationTime 0ms
2026-09-02T20:29:55.243+05:30  INFO 36404 --- [eureka-server] [a-EvictionTimer] c.n.e.registry.AbstractInstanceRegistry  : Running the evict task with compensationTime 15ms
2026-09-02T20:30:55.246+05:30  INFO 36404 --- [eureka-server] [a-EvictionTimer] c.n.e.registry.AbstractInstanceRegistry  : Running the evict task with compensationTime 2ms
2026-09-02T20:31:55.254+05:30  INFO 36404 --- [eureka-server] [a-EvictionTimer] c.n.e.registry.AbstractInstanceRegistry  : Running the evict task with compensationTime 7ms
2026-09-02T20:32:55.263+05:30  INFO 36404 --- [eureka-server] [a-EvictionTimer] c.n.e.registry.AbstractInstanceRegistry  : Running the evict task with compensationTime 9ms
2026-09-02T20:33:43.994+05:30  WARN 36404 --- [eureka-server] [eerNodesUpdater] c.n.eureka.cluster.PeerEurekaNodes       : The replica size seems to be empty. Check the route 53 DNS Registry
2026-09-02T20:33:55.274+05:30  INFO 36404 --- [eureka-server] [a-EvictionTimer] c.n.e.registry.AbstractInstanceRegistry  : Running the evict task with compensationTime 10ms
2026-09-02T20:34:55.278+05:30  INFO 36404 --- [eureka-server] [a-EvictionTimer] c.n.e.registry.AbstractInstanceRegistry  : Running the evict task with compensationTime 4ms
2026-09-02T20:35:55.293+05:30  INFO 36404 --- [eureka-server] [a-EvictionTimer] c.n.e.registry.AbstractInstanceRegistry  : Running the evict task with compensationTime 14ms
2026-09-02T20:36:55.301+05:30  INFO 36404 --- [eureka-server] [a-EvictionTimer] c.n.e.registry.AbstractInstanceRegistry  : Running the evict task with compensationTime 8ms
2026-09-02T20:37:55.305+05:30  INFO 36404 --- [eureka-server] [a-EvictionTimer] c.n.e.registry.AbstractInstanceRegistry  : Running the evict task with compensationTime 3ms
2026-09-02T20:38:55.304+05:30  INFO 36404 --- [eureka-server] [a-EvictionTimer] c.n.e.registry.AbstractInstanceRegistry  : Running the evict task with compensationTime 0ms
2026-09-02T20:39:55.312+05:30  INFO 36404 --- [eureka-server] [a-EvictionTimer] c.n.e.registry.AbstractInstanceRegistry  : Running the evict task with compensationTime 7ms
2026-09-02T20:40:55.317+05:30  INFO 36404 --- [eureka-server] [a-EvictionTimer] c.n.e.registry.AbstractInstanceRegistry  : Running the evict task with compensationTime 6ms
2026-09-02T20:41:55.321+05:30  INFO 36404 --- [eureka-server] [a-EvictionTimer] c.n.e.registry.AbstractInstanceRegistry  : Running the evict task with compensationTime 4ms
2026-09-02T20:42:55.332+05:30  INFO 36404 --- [eureka-server] [a-EvictionTimer] c.n.e.registry.AbstractInstanceRegistry  : Running the evict task with compensationTime 11ms
2026-09-02T20:43:41.487+05:30  INFO 36404 --- [eureka-server] [hresholdUpdater] c.n.e.r.PeerAwareInstanceRegistryImpl    : Current renewal threshold is : 0
2026-09-02T20:43:44.005+05:30  WARN 36404 --- [eureka-server] [eerNodesUpdater] c.n.eureka.cluster.PeerEurekaNodes       : The replica size seems to be empty. Check the route 53 DNS Registry
2026-09-02T20:43:55.347+05:30  INFO 36404 --- [eureka-server] [a-EvictionTimer] c.n.e.registry.AbstractInstanceRegistry  : Running the evict task with compensationTime 14ms
2026-09-02T20:44:55.355+05:30  INFO 36404 --- [eureka-server] [a-EvictionTimer] c.n.e.registry.AbstractInstanceRegistry  : Running the evict task with compensationTime 8ms
2026-09-02T20:45:55.357+05:30  INFO 36404 --- [eureka-server] [a-EvictionTimer] c.n.e.registry.AbstractInstanceRegistry  : Running the evict task with compensationTime 1ms
2026-09-02T20:46:55.366+05:30  INFO 36404 --- [eureka-server] [a-EvictionTimer] c.n.e.registry.AbstractInstanceRegistry  : Running the evict task with compensationTime 8ms
2026-09-02T20:47:55.380+05:30  INFO 36404 --- [eureka-server] [a-EvictionTimer] c.n.e.registry.AbstractInstanceRegistry  : Running the evict task with compensationTime 13ms
2026-09-02T20:48:55.383+05:30  INFO 36404 --- [eureka-server] [a-EvictionTimer] c.n.e.registry.AbstractInstanceRegistry  : Running the evict task with compensationTime 3ms
2026-09-02T20:49:55.389+05:30  INFO 36404 --- [eureka-server] [a-EvictionTimer] c.n.e.registry.AbstractInstanceRegistry  : Running the evict task with compensationTime 5ms
2026-09-02T20:50:55.399+05:30  INFO 36404 --- [eureka-server] [a-EvictionTimer] c.n.e.registry.AbstractInstanceRegistry  : Running the evict task with compensationTime 10ms
2026-09-02T20:51:55.403+05:30  INFO 36404 --- [eureka-server] [a-EvictionTimer] c.n.e.registry.AbstractInstanceRegistry  : Running the evict task with compensationTime 4ms
2026-09-02T20:52:55.403+05:30  INFO 36404 --- [eureka-server] [a-EvictionTimer] c.n.e.registry.AbstractInstanceRegistry  : Running the evict task with compensationTime 0ms
2026-09-02T20:53:44.008+05:30  WARN 36404 --- [eureka-server] [eerNodesUpdater] c.n.eureka.cluster.PeerEurekaNodes       : The replica size seems to be empty. Check the route 53 DNS Registry
2026-09-02T20:53:55.406+05:30  INFO 36404 --- [eureka-server] [a-EvictionTimer] c.n.e.registry.AbstractInstanceRegistry  : Running the evict task with compensationTime 2ms
2026-09-02T20:54:55.414+05:30  INFO 36404 --- [eureka-server] [a-EvictionTimer] c.n.e.registry.AbstractInstanceRegistry  : Running the evict task with compensationTime 8ms
2026-09-02T20:55:55.419+05:30  INFO 36404 --- [eureka-server] [a-EvictionTimer] c.n.e.registry.AbstractInstanceRegistry  : Running the evict task with compensationTime 5ms
2026-09-02T20:56:55.423+05:30  INFO 36404 --- [eureka-server] [a-EvictionTimer] c.n.e.registry.AbstractInstanceRegistry  : Running the evict task with compensationTime 3ms
2026-09-02T20:57:55.432+05:30  INFO 36404 --- [eureka-server] [a-EvictionTimer] c.n.e.registry.AbstractInstanceRegistry  : Running the evict task with compensationTime 9ms
2026-09-02T20:58:41.497+05:30  INFO 36404 --- [eureka-server] [hresholdUpdater] c.n.e.r.PeerAwareInstanceRegistryImpl    : Current renewal threshold is : 0
2026-09-02T20:58:55.433+05:30  INFO 36404 --- [eureka-server] [a-EvictionTimer] c.n.e.registry.AbstractInstanceRegistry  : Running the evict task with compensationTime 1ms
2026-09-02T20:59:55.434+05:30  INFO 36404 --- [eureka-server] [a-EvictionTimer] c.n.e.registry.AbstractInstanceRegistry  : Running the evict task with compensationTime 1ms
2026-09-02T21:00:55.446+05:30  INFO 36404 --- [eureka-server] [a-EvictionTimer] c.n.e.registry.AbstractInstanceRegistry  : Running the evict task with compensationTime 10ms
2026-09-02T21:01:55.455+05:30  INFO 36404 --- [eureka-server] [a-EvictionTimer] c.n.e.registry.AbstractInstanceRegistry  : Running the evict task with compensationTime 9ms
2026-09-02T21:02:55.467+05:30  INFO 36404 --- [eureka-server] [a-EvictionTimer] c.n.e.registry.AbstractInstanceRegistry  : Running the evict task with compensationTime 12ms
2026-09-02T21:03:44.024+05:30  WARN 36404 --- [eureka-server] [eerNodesUpdater] c.n.eureka.cluster.PeerEurekaNodes       : The replica size seems to be empty. Check the route 53 DNS Registry
2026-09-02T21:03:55.473+05:30  INFO 36404 --- [eureka-server] [a-EvictionTimer] c.n.e.registry.AbstractInstanceRegistry  : Running the evict task with compensationTime 5ms
2026-09-02T21:04:55.487+05:30  INFO 36404 --- [eureka-server] [a-EvictionTimer] c.n.e.registry.AbstractInstanceRegistry  : Running the evict task with compensationTime 14ms
2026-09-02T21:05:55.490+05:30  INFO 36404 --- [eureka-server] [a-EvictionTimer] c.n.e.registry.AbstractInstanceRegistry  : Running the evict task with compensationTime 3ms
2026-09-02T21:06:55.495+05:30  INFO 36404 --- [eureka-server] [a-EvictionTimer] c.n.e.registry.AbstractInstanceRegistry  : Running the evict task with compensationTime 4ms
2026-09-02T21:07:55.504+05:30  INFO 36404 --- [eureka-server] [a-EvictionTimer] c.n.e.registry.AbstractInstanceRegistry  : Running the evict task with compensationTime 9ms
2026-09-02T21:08:55.504+05:30  INFO 36404 --- [eureka-server] [a-EvictionTimer] c.n.e.registry.AbstractInstanceRegistry  : Running the evict task with compensationTime 0ms
2026-09-02T21:09:55.507+05:30  INFO 36404 --- [eureka-server] [a-EvictionTimer] c.n.e.registry.AbstractInstanceRegistry  : Running the evict task with compensationTime 2ms
2026-09-02T21:10:55.519+05:30  INFO 36404 --- [eureka-server] [a-EvictionTimer] c.n.e.registry.AbstractInstanceRegistry  : Running the evict task with compensationTime 12ms
2026-09-02T21:11:55.530+05:30  INFO 36404 --- [eureka-server] [a-EvictionTimer] c.n.e.registry.AbstractInstanceRegistry  : Running the evict task with compensationTime 10ms
2026-09-02T21:12:55.545+05:30  INFO 36404 --- [eureka-server] [a-EvictionTimer] c.n.e.registry.AbstractInstanceRegistry  : Running the evict task with compensationTime 15ms
2026-09-02T21:13:41.520+05:30  INFO 36404 --- [eureka-server] [hresholdUpdater] c.n.e.r.PeerAwareInstanceRegistryImpl    : Current renewal threshold is : 0
2026-09-02T21:13:44.031+05:30  WARN 36404 --- [eureka-server] [eerNodesUpdater] c.n.eureka.cluster.PeerEurekaNodes       : The replica size seems to be empty. Check the route 53 DNS Registry
2026-09-02T21:13:55.553+05:30  INFO 36404 --- [eureka-server] [a-EvictionTimer] c.n.e.registry.AbstractInstanceRegistry  : Running the evict task with compensationTime 7ms
2026-09-02T21:14:55.557+05:30  INFO 36404 --- [eureka-server] [a-EvictionTimer] c.n.e.registry.AbstractInstanceRegistry  : Running the evict task with compensationTime 4ms
2026-09-02T21:15:55.564+05:30  INFO 36404 --- [eureka-server] [a-EvictionTimer] c.n.e.registry.AbstractInstanceRegistry  : Running the evict task with compensationTime 6ms
2026-09-02T21:16:55.573+05:30  INFO 36404 --- [eureka-server] [a-EvictionTimer] c.n.e.registry.AbstractInstanceRegistry  : Running the evict task with compensationTime 9ms
2026-09-02T21:17:55.579+05:30  INFO 36404 --- [eureka-server] [a-EvictionTimer] c.n.e.registry.AbstractInstanceRegistry  : Running the evict task with compensationTime 5ms
2026-09-02T21:18:55.587+05:30  INFO 36404 --- [eureka-server] [a-EvictionTimer] c.n.e.registry.AbstractInstanceRegistry  : Running the evict task with compensationTime 8ms
2026-09-02T21:19:55.590+05:30  INFO 36404 --- [eureka-server] [a-EvictionTimer] c.n.e.registry.AbstractInstanceRegistry  : Running the evict task with compensationTime 2ms
2026-09-02T21:20:55.593+05:30  INFO 36404 --- [eureka-server] [a-EvictionTimer] c.n.e.registry.AbstractInstanceRegistry  : Running the evict task with compensationTime 4ms
2026-09-02T21:21:55.604+05:30  INFO 36404 --- [eureka-server] [a-EvictionTimer] c.n.e.registry.AbstractInstanceRegistry  : Running the evict task with compensationTime 9ms
2026-09-02T21:22:55.608+05:30  INFO 36404 --- [eureka-server] [a-EvictionTimer] c.n.e.registry.AbstractInstanceRegistry  : Running the evict task with compensationTime 3ms
2026-09-02T21:23:44.036+05:30  WARN 36404 --- [eureka-server] [eerNodesUpdater] c.n.eureka.cluster.PeerEurekaNodes       : The replica size seems to be empty. Check the route 53 DNS Registry
2026-09-02T21:23:55.616+05:30  INFO 36404 --- [eureka-server] [a-EvictionTimer] c.n.e.registry.AbstractInstanceRegistry  : Running the evict task with compensationTime 7ms
2026-09-02T21:24:55.626+05:30  INFO 36404 --- [eureka-server] [a-EvictionTimer] c.n.e.registry.AbstractInstanceRegistry  : Running the evict task with compensationTime 10ms
2026-09-02T21:25:55.634+05:30  INFO 36404 --- [eureka-server] [a-EvictionTimer] c.n.e.registry.AbstractInstanceRegistry  : Running the evict task with compensationTime 8ms
2026-09-02T21:26:55.639+05:30  INFO 36404 --- [eureka-server] [a-EvictionTimer] c.n.e.registry.AbstractInstanceRegistry  : Running the evict task with compensationTime 5ms
2026-09-02T21:27:55.647+05:30  INFO 36404 --- [eureka-server] [a-EvictionTimer] c.n.e.registry.AbstractInstanceRegistry  : Running the evict task with compensationTime 8ms
2026-09-02T21:28:41.519+05:30  INFO 36404 --- [eureka-server] [hresholdUpdater] c.n.e.r.PeerAwareInstanceRegistryImpl    : Current renewal threshold is : 0
2026-09-02T21:28:55.651+05:30  INFO 36404 --- [eureka-server] [a-EvictionTimer] c.n.e.registry.AbstractInstanceRegistry  : Running the evict task with compensationTime 3ms
2026-09-02T21:29:55.662+05:30  INFO 36404 --- [eureka-server] [a-EvictionTimer] c.n.e.registry.AbstractInstanceRegistry  : Running the evict task with compensationTime 12ms
2026-09-02T21:30:55.673+05:30  INFO 36404 --- [eureka-server] [a-EvictionTimer] c.n.e.registry.AbstractInstanceRegistry  : Running the evict task with compensationTime 10ms
2026-09-02T21:31:55.677+05:30  INFO 36404 --- [eureka-server] [a-EvictionTimer] c.n.e.registry.AbstractInstanceRegistry  : Running the evict task with compensationTime 3ms
2026-09-02T21:32:55.686+05:30  INFO 36404 --- [eureka-server] [a-EvictionTimer] c.n.e.registry.AbstractInstanceRegistry  : Running the evict task with compensationTime 8ms
2026-09-02T21:33:44.041+05:30  WARN 36404 --- [eureka-server] [eerNodesUpdater] c.n.eureka.cluster.PeerEurekaNodes       : The replica size seems to be empty. Check the route 53 DNS Registry
2026-09-02T21:33:55.691+05:30  INFO 36404 --- [eureka-server] [a-EvictionTimer] c.n.e.registry.AbstractInstanceRegistry  : Running the evict task with compensationTime 5ms
2026-09-02T21:34:55.703+05:30  INFO 36404 --- [eureka-server] [a-EvictionTimer] c.n.e.registry.AbstractInstanceRegistry  : Running the evict task with compensationTime 12ms
2026-09-02T21:35:55.718+05:30  INFO 36404 --- [eureka-server] [a-EvictionTimer] c.n.e.registry.AbstractInstanceRegistry  : Running the evict task with compensationTime 15ms
2026-09-02T21:36:55.731+05:30  INFO 36404 --- [eureka-server] [a-EvictionTimer] c.n.e.registry.AbstractInstanceRegistry  : Running the evict task with compensationTime 11ms
2026-09-02T21:37:55.734+05:30  INFO 36404 --- [eureka-server] [a-EvictionTimer] c.n.e.registry.AbstractInstanceRegistry  : Running the evict task with compensationTime 3ms
2026-09-02T21:38:55.744+05:30  INFO 36404 --- [eureka-server] [a-EvictionTimer] c.n.e.registry.AbstractInstanceRegistry  : Running the evict task with compensationTime 10ms
2026-09-02T21:39:55.761+05:30  INFO 36404 --- [eureka-server] [a-EvictionTimer] c.n.e.registry.AbstractInstanceRegistry  : Running the evict task with compensationTime 16ms
2026-09-02T21:40:55.762+05:30  INFO 36404 --- [eureka-server] [a-EvictionTimer] c.n.e.registry.AbstractInstanceRegistry  : Running the evict task with compensationTime 0ms
2026-09-02T21:41:55.767+05:30  INFO 36404 --- [eureka-server] [a-EvictionTimer] c.n.e.registry.AbstractInstanceRegistry  : Running the evict task with compensationTime 4ms
2026-09-02T21:42:55.772+05:30  INFO 36404 --- [eureka-server] [a-EvictionTimer] c.n.e.registry.AbstractInstanceRegistry  : Running the evict task with compensationTime 6ms
2026-09-02T21:43:41.525+05:30  INFO 36404 --- [eureka-server] [hresholdUpdater] c.n.e.r.PeerAwareInstanceRegistryImpl    : Current renewal threshold is : 0
2026-09-02T21:43:44.047+05:30  WARN 36404 --- [eureka-server] [eerNodesUpdater] c.n.eureka.cluster.PeerEurekaNodes       : The replica size seems to be empty. Check the route 53 DNS Registry
2026-09-02T21:43:55.776+05:30  INFO 36404 --- [eureka-server] [a-EvictionTimer] c.n.e.registry.AbstractInstanceRegistry  : Running the evict task with compensationTime 3ms
2026-09-02T21:44:55.778+05:30  INFO 36404 --- [eureka-server] [a-EvictionTimer] c.n.e.registry.AbstractInstanceRegistry  : Running the evict task with compensationTime 1ms
2026-09-02T21:45:55.780+05:30  INFO 36404 --- [eureka-server] [a-EvictionTimer] c.n.e.registry.AbstractInstanceRegistry  : Running the evict task with compensationTime 1ms
2026-09-02T21:46:55.783+05:30  INFO 36404 --- [eureka-server] [a-EvictionTimer] c.n.e.registry.AbstractInstanceRegistry  : Running the evict task with compensationTime 3ms
2026-09-02T21:47:55.783+05:30  INFO 36404 --- [eureka-server] [a-EvictionTimer] c.n.e.registry.AbstractInstanceRegistry  : Running the evict task with compensationTime 0ms
2026-09-02T21:48:55.798+05:30  INFO 36404 --- [eureka-server] [a-EvictionTimer] c.n.e.registry.AbstractInstanceRegistry  : Running the evict task with compensationTime 14ms
2026-09-02T21:49:55.801+05:30  INFO 36404 --- [eureka-server] [a-EvictionTimer] c.n.e.registry.AbstractInstanceRegistry  : Running the evict task with compensationTime 4ms
2026-09-02T21:50:55.816+05:30  INFO 36404 --- [eureka-server] [a-EvictionTimer] c.n.e.registry.AbstractInstanceRegistry  : Running the evict task with compensationTime 13ms
2026-09-02T21:51:55.819+05:30  INFO 36404 --- [eureka-server] [a-EvictionTimer] c.n.e.registry.AbstractInstanceRegistry  : Running the evict task with compensationTime 3ms
2026-09-02T21:52:55.831+05:30  INFO 36404 --- [eureka-server] [a-EvictionTimer] c.n.e.registry.AbstractInstanceRegistry  : Running the evict task with compensationTime 11ms
2026-09-02T21:53:44.058+05:30  WARN 36404 --- [eureka-server] [eerNodesUpdater] c.n.eureka.cluster.PeerEurekaNodes       : The replica size seems to be empty. Check the route 53 DNS Registry
2026-09-02T21:53:55.844+05:30  INFO 36404 --- [eureka-server] [a-EvictionTimer] c.n.e.registry.AbstractInstanceRegistry  : Running the evict task with compensationTime 12ms
2026-09-02T21:54:55.859+05:30  INFO 36404 --- [eureka-server] [a-EvictionTimer] c.n.e.registry.AbstractInstanceRegistry  : Running the evict task with compensationTime 15ms
2026-09-02T21:55:55.860+05:30  INFO 36404 --- [eureka-server] [a-EvictionTimer] c.n.e.registry.AbstractInstanceRegistry  : Running the evict task with compensationTime 1ms
2026-09-02T21:56:55.863+05:30  INFO 36404 --- [eureka-server] [a-EvictionTimer] c.n.e.registry.AbstractInstanceRegistry  : Running the evict task with compensationTime 2ms
2026-09-02T21:57:55.878+05:30  INFO 36404 --- [eureka-server] [a-EvictionTimer] c.n.e.registry.AbstractInstanceRegistry  : Running the evict task with compensationTime 14ms
2026-09-02T21:58:41.535+05:30  INFO 36404 --- [eureka-server] [hresholdUpdater] c.n.e.r.PeerAwareInstanceRegistryImpl    : Current renewal threshold is : 0
2026-09-02T21:58:55.883+05:30  INFO 36404 --- [eureka-server] [a-EvictionTimer] c.n.e.registry.AbstractInstanceRegistry  : Running the evict task with compensationTime 6ms
2026-09-02T21:59:55.885+05:30  INFO 36404 --- [eureka-server] [a-EvictionTimer] c.n.e.registry.AbstractInstanceRegistry  : Running the evict task with compensationTime 1ms
2026-09-02T22:00:55.896+05:30  INFO 36404 --- [eureka-server] [a-EvictionTimer] c.n.e.registry.AbstractInstanceRegistry  : Running the evict task with compensationTime 11ms
2026-09-02T22:01:55.899+05:30  INFO 36404 --- [eureka-server] [a-EvictionTimer] c.n.e.registry.AbstractInstanceRegistry  : Running the evict task with compensationTime 2ms
2026-09-02T22:02:55.909+05:30  INFO 36404 --- [eureka-server] [a-EvictionTimer] c.n.e.registry.AbstractInstanceRegistry  : Running the evict task with compensationTime 9ms
2026-09-02T22:03:44.097+05:30  WARN 36404 --- [eureka-server] [eerNodesUpdater] c.n.eureka.cluster.PeerEurekaNodes       : The replica size seems to be empty. Check the route 53 DNS Registry
2026-09-02T22:03:55.915+05:30  INFO 36404 --- [eureka-server] [a-EvictionTimer] c.n.e.registry.AbstractInstanceRegistry  : Running the evict task with compensationTime 6ms
2026-09-02T22:04:55.923+05:30  INFO 36404 --- [eureka-server] [a-EvictionTimer] c.n.e.registry.AbstractInstanceRegistry  : Running the evict task with compensationTime 7ms
2026-09-02T22:05:55.924+05:30  INFO 36404 --- [eureka-server] [a-EvictionTimer] c.n.e.registry.AbstractInstanceRegistry  : Running the evict task with compensationTime 1ms
2026-09-02T22:06:55.936+05:30  INFO 36404 --- [eureka-server] [a-EvictionTimer] c.n.e.registry.AbstractInstanceRegistry  : Running the evict task with compensationTime 11ms
2026-09-02T22:07:55.937+05:30  INFO 36404 --- [eureka-server] [a-EvictionTimer] c.n.e.registry.AbstractInstanceRegistry  : Running the evict task with compensationTime 0ms
2026-09-02T22:08:55.943+05:30  INFO 36404 --- [eureka-server] [a-EvictionTimer] c.n.e.registry.AbstractInstanceRegistry  : Running the evict task with compensationTime 6ms
2026-09-02T22:09:55.942+05:30  INFO 36404 --- [eureka-server] [a-EvictionTimer] c.n.e.registry.AbstractInstanceRegistry  : Running the evict task with compensationTime 0ms
